hwloc/linux: failed to find sysfs cpu topology directory, aborting linux discovery.
hwloc/linux: failed to find sysfs cpu topology directory, aborting linux discovery.
hwloc/linux: failed to find sysfs cpu topology directory, aborting linux discovery.
hwloc/linux: failed to find sysfs cpu topology directory, aborting linux discovery.
hwloc/linux: failed to find sysfs cpu topology directory, aborting linux discovery.
hwloc/linux: failed to find sysfs cpu topology directory, aborting linux discovery.
hwloc/linux: failed to find sysfs cpu topology directory, aborting linux discovery.
hwloc/linux: failed to find sysfs cpu topology directory, aborting linux discovery.
hwloc/linux: failed to find sysfs cpu topology directory, aborting linux discovery.
hwloc/linux: failed to find sysfs cpu topology directory, aborting linux discovery.
[1791436792.469129] [Rog-GA401:9    :0]       tcp_iface.c:893  UCX  ERROR scandir(/sys/class/net) failed: No such file or directory
[1791436792.469205] [Rog-GA401:7    :0]       tcp_iface.c:893  UCX  ERROR scandir(/sys/class/net) failed: No such file or directory
[1791436792.469368] [Rog-GA401:10   :0]       tcp_iface.c:893  UCX  ERROR scandir(/sys/class/net) failed: No such file or directory
[1791436792.469481] [Rog-GA401:8    :0]       tcp_iface.c:893  UCX  ERROR scandir(/sys/class/net) failed: No such file or directory
 MaterialProperties initialized
 Cosmology initialized
 Source terms initialized
  Finished with Grid_initDomain, no restart
 Ready to call Hydro_init
 Hydro initialized
 Gravity initialized
 Initial dt verified
 *** Wrote checkpoint file to flash_run_hdf5_chk_0000 ****
 *** Wrote plotfile to flash_run_hdf5_plt_cnt_0000 ****
 Initial plotfile written
 Driver init all done
       n          t         dt  (         x,          y,          z) |  dt_hydro  dt_Diff  
       1 1.0000E-06 1.2000E-06  (-1.953E-03, -5.273E-02,   0.00    ) |  4.642E-04 2.441E-02
       2 2.2000E-06 1.4400E-06  (-1.953E-03, -5.273E-02,   0.00    ) |  4.642E-04 2.441E-02
       3 3.6400E-06 1.7280E-06  (-1.953E-03, -5.273E-02,   0.00    ) |  4.642E-04 2.441E-02
       4 5.3680E-06 2.0736E-06  (-1.953E-03, -5.273E-02,   0.00    ) |  4.642E-04 2.441E-02
       5 7.4416E-06 2.4883E-06  (-1.953E-03, -5.273E-02,   0.00    ) |  4.642E-04 2.441E-02
       6 9.9299E-06 2.9860E-06  (-1.953E-03, -5.273E-02,   0.00    ) |  4.642E-04 2.441E-02
       7 1.2916E-05 3.5832E-06  (-1.953E-03, -5.273E-02,   0.00    ) |  4.642E-04 2.441E-02
       8 1.6499E-05 4.2998E-06  (-1.953E-03, -5.273E-02,   0.00    ) |  4.642E-04 2.441E-02
       9 2.0799E-05 5.1598E-06  (-1.953E-03, -5.273E-02,   0.00    ) |  4.642E-04 2.441E-02
      10 2.5959E-05 6.1917E-06  (-1.953E-03, -5.273E-02,   0.00    ) |  4.642E-04 2.441E-02
      11 3.2150E-05 7.4301E-06  (-1.953E-03, -5.273E-02,   0.00    ) |  4.642E-04 2.441E-02
      12 3.9581E-05 8.9161E-06  (-1.953E-03, -5.273E-02,   0.00    ) |  4.642E-04 2.441E-02
      13 4.8497E-05 1.0699E-05  (-1.953E-03, -5.273E-02,   0.00    ) |  4.642E-04 2.441E-02
      14 5.9196E-05 1.2839E-05  (-1.953E-03, -5.273E-02,   0.00    ) |  4.642E-04 2.441E-02
      15 7.2035E-05 1.5407E-05  (-1.953E-03, -5.273E-02,   0.00    ) |  4.642E-04 2.441E-02
      16 8.7442E-05 1.8488E-05  (-1.953E-03, -5.273E-02,   0.00    ) |  4.642E-04 2.441E-02
      17 1.0593E-04 2.2186E-05  (-1.953E-03, -5.273E-02,   0.00    ) |  4.642E-04 2.441E-02
      18 1.2812E-04 2.6623E-05  (-1.953E-03, -5.273E-02,   0.00    ) |  4.642E-04 2.441E-02
      19 1.5474E-04 3.1948E-05  (-1.953E-03, -5.273E-02,   0.00    ) |  4.642E-04 2.441E-02
      20 1.8669E-04 3.8338E-05  (-1.953E-03, -5.273E-02,   0.00    ) |  4.642E-04 2.441E-02
      21 2.2503E-04 4.6005E-05  (-1.953E-03, -5.273E-02,   0.00    ) |  4.642E-04 2.441E-02
      22 2.7103E-04 5.5206E-05  (-1.953E-03, -5.273E-02,   0.00    ) |  4.642E-04 2.441E-02
      23 3.2624E-04 6.6247E-05  (-1.953E-03, -5.273E-02,   0.00    ) |  4.642E-04 2.441E-02
      24 3.9248E-04 7.9497E-05  ( 1.953E-03, -5.273E-02,   0.00    ) |  4.642E-04 2.441E-02
      25 4.7198E-04 9.5396E-05  (-1.953E-03, -5.273E-02,   0.00    ) |  4.642E-04 2.441E-02
      26 5.6738E-04 1.1448E-04  (-1.953E-03, -5.273E-02,   0.00    ) |  4.642E-04 2.441E-02
      27 6.8185E-04 1.3737E-04  ( 1.953E-03, -5.273E-02,   0.00    ) |  4.642E-04 2.441E-02
      28 8.1922E-04 1.6484E-04  ( 1.953E-03, -5.273E-02,   0.00    ) |  4.642E-04 2.441E-02
      29 9.8407E-04 1.9781E-04  ( 1.953E-03, -5.273E-02,   0.00    ) |  4.642E-04 2.441E-02
      30 1.1819E-03 2.3738E-04  ( 1.953E-03, -5.273E-02,   0.00    ) |  4.642E-04 2.441E-02
      31 1.4193E-03 2.8485E-04  (-1.953E-03, -5.273E-02,   0.00    ) |  4.642E-04 2.441E-02
      32 1.7041E-03 3.4182E-04  (-1.953E-03, -5.273E-02,   0.00    ) |  4.642E-04 2.441E-02
      33 2.0459E-03 4.1019E-04  ( 1.953E-03,  5.273E-02,   0.00    ) |  4.642E-04 2.441E-02
      34 2.4561E-03 4.6419E-04  ( 1.953E-03,  5.273E-02,   0.00    ) |  4.642E-04 2.441E-02
      35 2.9203E-03 4.6419E-04  ( 1.953E-03, -5.273E-02,   0.00    ) |  4.642E-04 2.441E-02
      36 3.3845E-03 4.6419E-04  ( 1.953E-03, -5.273E-02,   0.00    ) |  4.642E-04 2.441E-02
      37 3.8487E-03 4.6419E-04  ( 1.953E-03, -5.273E-02,   0.00    ) |  4.642E-04 2.441E-02
      38 4.3129E-03 4.6419E-04  ( 1.953E-03, -5.273E-02,   0.00    ) |  4.642E-04 2.441E-02
      39 4.7771E-03 4.6419E-04  ( 1.953E-03, -5.273E-02,   0.00    ) |  4.642E-04 2.441E-02
      40 5.2413E-03 4.6419E-04  ( 1.953E-03, -5.273E-02,   0.00    ) |  4.642E-04 2.441E-02
      41 5.7055E-03 4.6419E-04  ( 1.953E-03, -5.273E-02,   0.00    ) |  4.642E-04 2.441E-02
      42 6.1696E-03 4.6418E-04  ( 1.953E-03, -5.273E-02,   0.00    ) |  4.642E-04 2.441E-02
      43 6.6338E-03 4.6418E-04  ( 1.953E-03, -5.273E-02,   0.00    ) |  4.642E-04 2.441E-02
      44 7.0980E-03 4.6418E-04  ( 1.953E-03, -5.273E-02,   0.00    ) |  4.642E-04 2.441E-02
      45 7.5622E-03 4.6418E-04  ( 1.953E-03, -5.273E-02,   0.00    ) |  4.642E-04 2.441E-02
      46 8.0264E-03 4.6418E-04  ( 1.953E-03, -5.273E-02,   0.00    ) |  4.642E-04 2.441E-02
      47 8.4905E-03 4.6418E-04  ( 1.953E-03, -5.273E-02,   0.00    ) |  4.642E-04 2.441E-02
      48 8.9547E-03 4.6417E-04  ( 1.953E-03, -5.273E-02,   0.00    ) |  4.642E-04 2.441E-02
      49 9.4189E-03 4.6417E-04  ( 1.953E-03, -5.273E-02,   0.00    ) |  4.642E-04 2.441E-02
      50 9.8831E-03 4.6417E-04  ( 1.953E-03, -5.273E-02,   0.00    ) |  4.642E-04 2.441E-02
      51 1.0347E-02 4.6417E-04  ( 1.953E-03, -5.273E-02,   0.00    ) |  4.642E-04 2.441E-02
      52 1.0811E-02 4.6417E-04  ( 1.953E-03, -5.273E-02,   0.00    ) |  4.642E-04 2.441E-02
      53 1.1276E-02 4.6416E-04  ( 1.953E-03, -5.273E-02,   0.00    ) |  4.642E-04 2.441E-02
      54 1.1740E-02 4.6416E-04  ( 1.953E-03, -5.273E-02,   0.00    ) |  4.642E-04 2.441E-02
      55 1.2204E-02 4.6416E-04  ( 1.953E-03, -5.273E-02,   0.00    ) |  4.642E-04 2.441E-02
      56 1.2668E-02 4.6415E-04  ( 1.953E-03, -5.273E-02,   0.00    ) |  4.642E-04 2.441E-02
      57 1.3132E-02 4.6415E-04  ( 1.953E-03, -5.273E-02,   0.00    ) |  4.641E-04 2.441E-02
      58 1.3596E-02 4.6414E-04  ( 1.953E-03, -5.273E-02,   0.00    ) |  4.641E-04 2.441E-02
      59 1.4060E-02 4.6414E-04  ( 1.953E-03, -5.273E-02,   0.00    ) |  4.641E-04 2.441E-02
      60 1.4525E-02 4.6413E-04  ( 1.953E-03, -5.273E-02,   0.00    ) |  4.641E-04 2.441E-02
      61 1.4989E-02 4.6413E-04  ( 1.953E-03, -5.273E-02,   0.00    ) |  4.641E-04 2.441E-02
      62 1.5453E-02 4.6412E-04  ( 1.953E-03, -5.273E-02,   0.00    ) |  4.641E-04 2.441E-02
      63 1.5917E-02 4.6411E-04  ( 1.953E-03, -5.273E-02,   0.00    ) |  4.641E-04 2.441E-02
      64 1.6381E-02 4.6411E-04  ( 1.953E-03, -5.273E-02,   0.00    ) |  4.641E-04 2.441E-02
      65 1.6845E-02 4.6410E-04  ( 1.953E-03, -5.273E-02,   0.00    ) |  4.641E-04 2.441E-02
      66 1.7309E-02 4.6409E-04  ( 1.953E-03, -5.273E-02,   0.00    ) |  4.641E-04 2.441E-02
      67 1.7773E-02 4.6408E-04  ( 1.953E-03, -5.273E-02,   0.00    ) |  4.641E-04 2.441E-02
      68 1.8237E-02 4.6407E-04  ( 1.953E-03, -5.273E-02,   0.00    ) |  4.641E-04 2.441E-02
      69 1.8702E-02 4.6406E-04  ( 1.953E-03, -5.273E-02,   0.00    ) |  4.641E-04 2.441E-02
      70 1.9166E-02 4.6405E-04  ( 1.953E-03, -5.273E-02,   0.00    ) |  4.641E-04 2.441E-02
      71 1.9630E-02 4.6404E-04  ( 1.953E-03, -5.273E-02,   0.00    ) |  4.640E-04 2.441E-02
      72 2.0094E-02 4.6403E-04  ( 1.953E-03, -5.273E-02,   0.00    ) |  4.640E-04 2.441E-02
      73 2.0558E-02 4.6402E-04  ( 1.953E-03, -5.273E-02,   0.00    ) |  4.640E-04 2.441E-02
      74 2.1022E-02 4.6401E-04  ( 1.953E-03, -5.273E-02,   0.00    ) |  4.640E-04 2.441E-02
      75 2.1486E-02 4.6399E-04  ( 1.953E-03, -5.273E-02,   0.00    ) |  4.640E-04 2.441E-02
      76 2.1950E-02 4.6398E-04  ( 1.953E-03, -5.273E-02,   0.00    ) |  4.640E-04 2.441E-02
      77 2.2414E-02 4.6397E-04  ( 1.953E-03, -5.273E-02,   0.00    ) |  4.640E-04 2.441E-02
      78 2.2878E-02 4.6395E-04  ( 1.953E-03, -5.273E-02,   0.00    ) |  4.640E-04 2.441E-02
      79 2.3342E-02 4.6394E-04  ( 1.953E-03, -5.273E-02,   0.00    ) |  4.639E-04 2.441E-02
      80 2.3806E-02 4.6392E-04  ( 1.953E-03, -5.273E-02,   0.00    ) |  4.639E-04 2.441E-02
      81 2.4270E-02 4.6391E-04  ( 1.953E-03, -5.273E-02,   0.00    ) |  4.639E-04 2.441E-02
      82 2.4733E-02 4.6389E-04  ( 1.953E-03, -5.273E-02,   0.00    ) |  4.639E-04 2.441E-02
 *** Wrote plotfile to flash_run_hdf5_plt_cnt_0001 ****
      83 2.5197E-02 4.6388E-04  ( 1.953E-03, -5.273E-02,   0.00    ) |  4.639E-04 2.441E-02
      84 2.5661E-02 4.6386E-04  ( 1.953E-03, -5.273E-02,   0.00    ) |  4.639E-04 2.441E-02
      85 2.6125E-02 4.6385E-04  ( 1.953E-03, -5.273E-02,   0.00    ) |  4.638E-04 2.441E-02
      86 2.6589E-02 4.6383E-04  ( 1.953E-03, -5.273E-02,   0.00    ) |  4.638E-04 2.441E-02
      87 2.7053E-02 4.6381E-04  ( 1.953E-03, -5.273E-02,   0.00    ) |  4.638E-04 2.441E-02
      88 2.7517E-02 4.6380E-04  ( 1.953E-03, -5.273E-02,   0.00    ) |  4.638E-04 2.441E-02
      89 2.7980E-02 4.6378E-04  ( 1.953E-03, -5.273E-02,   0.00    ) |  4.638E-04 2.441E-02
      90 2.8444E-02 4.6376E-04  ( 1.953E-03, -5.273E-02,   0.00    ) |  4.638E-04 2.441E-02
      91 2.8908E-02 4.6375E-04  ( 1.953E-03, -5.273E-02,   0.00    ) |  4.637E-04 2.441E-02
      92 2.9372E-02 4.6373E-04  ( 1.953E-03, -5.273E-02,   0.00    ) |  4.637E-04 2.441E-02
      93 2.9835E-02 4.6371E-04  ( 1.953E-03, -5.273E-02,   0.00    ) |  4.637E-04 2.441E-02
      94 3.0299E-02 4.6370E-04  ( 1.953E-03, -5.273E-02,   0.00    ) |  4.637E-04 2.441E-02
      95 3.0763E-02 4.6368E-04  ( 1.953E-03, -5.273E-02,   0.00    ) |  4.637E-04 2.441E-02
      96 3.1226E-02 4.6366E-04  ( 1.953E-03, -5.273E-02,   0.00    ) |  4.637E-04 2.441E-02
      97 3.1690E-02 4.6364E-04  ( 1.953E-03, -5.273E-02,   0.00    ) |  4.636E-04 2.441E-02
      98 3.2154E-02 4.6363E-04  ( 1.953E-03, -5.273E-02,   0.00    ) |  4.636E-04 2.441E-02
      99 3.2617E-02 4.6361E-04  ( 1.953E-03, -5.273E-02,   0.00    ) |  4.636E-04 2.441E-02
     100 3.3081E-02 4.6359E-04  ( 1.953E-03, -5.273E-02,   0.00    ) |  4.636E-04 2.441E-02
     101 3.3545E-02 4.6357E-04  ( 1.953E-03, -5.273E-02,   0.00    ) |  4.636E-04 2.441E-02
     102 3.4008E-02 4.6355E-04  ( 1.953E-03, -5.273E-02,   0.00    ) |  4.636E-04 2.441E-02
     103 3.4472E-02 4.6354E-04  ( 1.953E-03, -5.273E-02,   0.00    ) |  4.635E-04 2.441E-02
     104 3.4935E-02 4.6352E-04  ( 1.953E-03, -5.273E-02,   0.00    ) |  4.635E-04 2.441E-02
     105 3.5399E-02 4.6350E-04  ( 1.953E-03, -5.273E-02,   0.00    ) |  4.635E-04 2.441E-02
     106 3.5862E-02 4.6349E-04  ( 1.953E-03, -5.273E-02,   0.00    ) |  4.635E-04 2.441E-02
     107 3.6326E-02 4.6347E-04  ( 1.953E-03, -5.273E-02,   0.00    ) |  4.635E-04 2.441E-02
     108 3.6789E-02 4.6345E-04  ( 1.953E-03, -5.273E-02,   0.00    ) |  4.635E-04 2.441E-02
     109 3.7253E-02 4.6343E-04  ( 1.953E-03, -5.273E-02,   0.00    ) |  4.634E-04 2.441E-02
     110 3.7716E-02 4.6342E-04  ( 1.953E-03, -5.273E-02,   0.00    ) |  4.634E-04 2.441E-02
     111 3.8180E-02 4.6340E-04  ( 1.953E-03, -5.273E-02,   0.00    ) |  4.634E-04 2.441E-02
     112 3.8643E-02 4.6338E-04  ( 1.953E-03, -5.273E-02,   0.00    ) |  4.634E-04 2.441E-02
     113 3.9106E-02 4.6337E-04  ( 1.953E-03, -5.273E-02,   0.00    ) |  4.634E-04 2.441E-02
     114 3.9570E-02 4.6335E-04  ( 1.953E-03, -5.273E-02,   0.00    ) |  4.633E-04 2.441E-02
     115 4.0033E-02 4.6333E-04  ( 1.953E-03, -5.273E-02,   0.00    ) |  4.633E-04 2.441E-02
     116 4.0496E-02 4.6332E-04  ( 1.953E-03, -5.273E-02,   0.00    ) |  4.633E-04 2.441E-02
     117 4.0960E-02 4.6330E-04  ( 1.953E-03, -5.273E-02,   0.00    ) |  4.633E-04 2.441E-02
     118 4.1423E-02 4.6328E-04  ( 1.953E-03, -5.273E-02,   0.00    ) |  4.633E-04 2.441E-02
     119 4.1886E-02 4.6327E-04  ( 1.953E-03, -5.273E-02,   0.00    ) |  4.633E-04 2.441E-02
     120 4.2350E-02 4.6325E-04  (-1.953E-03, -5.273E-02,   0.00    ) |  4.633E-04 2.441E-02
     121 4.2813E-02 4.6323E-04  (-1.953E-03, -5.273E-02,   0.00    ) |  4.632E-04 2.441E-02
     122 4.3276E-02 4.6322E-04  (-1.953E-03, -5.273E-02,   0.00    ) |  4.632E-04 2.441E-02
     123 4.3739E-02 4.6320E-04  ( 1.953E-03, -5.273E-02,   0.00    ) |  4.632E-04 2.441E-02
     124 4.4202E-02 4.6319E-04  (-1.953E-03, -5.273E-02,   0.00    ) |  4.632E-04 2.441E-02
     125 4.4666E-02 4.6317E-04  ( 1.953E-03, -5.273E-02,   0.00    ) |  4.632E-04 2.441E-02
     126 4.5129E-02 4.6316E-04  ( 1.953E-03, -5.273E-02,   0.00    ) |  4.632E-04 2.441E-02
     127 4.5592E-02 4.6314E-04  ( 1.953E-03, -5.273E-02,   0.00    ) |  4.631E-04 2.441E-02
     128 4.6055E-02 4.6313E-04  ( 1.953E-03, -5.273E-02,   0.00    ) |  4.631E-04 2.441E-02
     129 4.6518E-02 4.6311E-04  ( 1.953E-03, -5.273E-02,   0.00    ) |  4.631E-04 2.441E-02
     130 4.6981E-02 4.6310E-04  (-1.953E-03, -5.273E-02,   0.00    ) |  4.631E-04 2.441E-02
     131 4.7444E-02 4.6309E-04  ( 1.953E-03, -5.273E-02,   0.00    ) |  4.631E-04 2.441E-02
     132 4.7908E-02 4.6307E-04  ( 1.953E-03, -5.273E-02,   0.00    ) |  4.631E-04 2.441E-02
     133 4.8371E-02 4.6306E-04  (-1.953E-03, -5.273E-02,   0.00    ) |  4.631E-04 2.441E-02
     134 4.8834E-02 4.6304E-04  (-1.953E-03, -5.273E-02,   0.00    ) |  4.630E-04 2.441E-02
     135 4.9297E-02 4.6303E-04  (-1.953E-03, -5.273E-02,   0.00    ) |  4.630E-04 2.441E-02
     136 4.9760E-02 4.6302E-04  (-1.953E-03, -5.273E-02,   0.00    ) |  4.630E-04 2.441E-02
 *** Wrote plotfile to flash_run_hdf5_plt_cnt_0002 ****
     137 5.0223E-02 4.6300E-04  ( 1.953E-03, -5.273E-02,   0.00    ) |  4.630E-04 2.441E-02
     138 5.0686E-02 4.6299E-04  ( 1.953E-03, -5.273E-02,   0.00    ) |  4.630E-04 2.441E-02
     139 5.1149E-02 4.6298E-04  ( 1.953E-03, -5.273E-02,   0.00    ) |  4.630E-04 2.441E-02
     140 5.1612E-02 4.6296E-04  ( 1.953E-03, -5.273E-02,   0.00    ) |  4.630E-04 2.441E-02
     141 5.2075E-02 4.6295E-04  ( 1.953E-03, -5.273E-02,   0.00    ) |  4.630E-04 2.441E-02
     142 5.2538E-02 4.6294E-04  ( 1.953E-03, -5.273E-02,   0.00    ) |  4.629E-04 2.441E-02
     143 5.3001E-02 4.6292E-04  (-1.953E-03, -5.273E-02,   0.00    ) |  4.629E-04 2.441E-02
     144 5.3463E-02 4.6291E-04  ( 1.953E-03, -5.273E-02,   0.00    ) |  4.629E-04 2.441E-02
     145 5.3926E-02 4.6290E-04  ( 1.953E-03, -5.273E-02,   0.00    ) |  4.629E-04 2.441E-02
     146 5.4389E-02 4.6289E-04  ( 1.953E-03, -5.273E-02,   0.00    ) |  4.629E-04 2.441E-02
     147 5.4852E-02 4.6288E-04  ( 1.953E-03, -5.273E-02,   0.00    ) |  4.629E-04 2.441E-02
     148 5.5315E-02 4.6286E-04  ( 1.953E-03, -5.273E-02,   0.00    ) |  4.629E-04 2.441E-02
     149 5.5778E-02 4.6285E-04  ( 1.953E-03, -5.273E-02,   0.00    ) |  4.629E-04 2.441E-02
     150 5.6241E-02 4.6284E-04  (-1.953E-03, -5.273E-02,   0.00    ) |  4.628E-04 2.441E-02
     151 5.6704E-02 4.6283E-04  ( 1.953E-03, -5.273E-02,   0.00    ) |  4.628E-04 2.441E-02
     152 5.7166E-02 4.6282E-04  ( 1.953E-03, -5.273E-02,   0.00    ) |  4.628E-04 2.441E-02
     153 5.7629E-02 4.6281E-04  ( 1.953E-03, -5.273E-02,   0.00    ) |  4.628E-04 2.441E-02
     154 5.8092E-02 4.6280E-04  ( 1.953E-03, -5.273E-02,   0.00    ) |  4.628E-04 2.441E-02
     155 5.8555E-02 4.6279E-04  ( 1.953E-03, -5.273E-02,   0.00    ) |  4.628E-04 2.441E-02
     156 5.9018E-02 4.6277E-04  ( 1.953E-03, -5.273E-02,   0.00    ) |  4.628E-04 2.441E-02
     157 5.9480E-02 4.6276E-04  ( 1.953E-03, -5.273E-02,   0.00    ) |  4.628E-04 2.441E-02
     158 5.9943E-02 4.6275E-04  ( 1.953E-03, -5.273E-02,   0.00    ) |  4.628E-04 2.441E-02
     159 6.0406E-02 4.6274E-04  ( 1.953E-03, -5.273E-02,   0.00    ) |  4.627E-04 2.441E-02
     160 6.0869E-02 4.6273E-04  ( 1.953E-03, -5.273E-02,   0.00    ) |  4.627E-04 2.441E-02
     161 6.1331E-02 4.6272E-04  ( 1.953E-03, -5.273E-02,   0.00    ) |  4.627E-04 2.441E-02
     162 6.1794E-02 4.6271E-04  ( 1.953E-03, -5.273E-02,   0.00    ) |  4.627E-04 2.441E-02
     163 6.2257E-02 4.6270E-04  ( 1.953E-03, -5.273E-02,   0.00    ) |  4.627E-04 2.441E-02
     164 6.2720E-02 4.6269E-04  ( 1.953E-03, -5.273E-02,   0.00    ) |  4.627E-04 2.441E-02
     165 6.3182E-02 4.6268E-04  ( 1.953E-03, -5.273E-02,   0.00    ) |  4.627E-04 2.441E-02
     166 6.3645E-02 4.6267E-04  ( 1.953E-03, -5.273E-02,   0.00    ) |  4.627E-04 2.441E-02
     167 6.4108E-02 4.6266E-04  ( 1.953E-03, -5.273E-02,   0.00    ) |  4.627E-04 2.441E-02
     168 6.4570E-02 4.6265E-04  ( 1.953E-03, -5.273E-02,   0.00    ) |  4.627E-04 2.441E-02
     169 6.5033E-02 4.6264E-04  ( 1.953E-03, -5.273E-02,   0.00    ) |  4.626E-04 2.441E-02
     170 6.5496E-02 4.6263E-04  ( 1.953E-03, -5.273E-02,   0.00    ) |  4.626E-04 2.441E-02
     171 6.5958E-02 4.6262E-04  ( 1.953E-03, -5.273E-02,   0.00    ) |  4.626E-04 2.441E-02
     172 6.6421E-02 4.6261E-04  ( 1.953E-03, -5.273E-02,   0.00    ) |  4.626E-04 2.441E-02
     173 6.6883E-02 4.6260E-04  ( 1.953E-03, -5.273E-02,   0.00    ) |  4.626E-04 2.441E-02
     174 6.7346E-02 4.6260E-04  ( 1.953E-03, -5.273E-02,   0.00    ) |  4.626E-04 2.441E-02
     175 6.7809E-02 4.6259E-04  ( 1.953E-03, -5.273E-02,   0.00    ) |  4.626E-04 2.441E-02
     176 6.8271E-02 4.6258E-04  ( 1.953E-03, -5.273E-02,   0.00    ) |  4.626E-04 2.441E-02
     177 6.8734E-02 4.6257E-04  ( 1.953E-03, -5.273E-02,   0.00    ) |  4.626E-04 2.441E-02
     178 6.9196E-02 4.6256E-04  ( 1.953E-03, -5.273E-02,   0.00    ) |  4.626E-04 2.441E-02
     179 6.9659E-02 4.6255E-04  ( 1.953E-03, -5.273E-02,   0.00    ) |  4.626E-04 2.441E-02
     180 7.0121E-02 4.6254E-04  ( 1.953E-03, -5.273E-02,   0.00    ) |  4.625E-04 2.441E-02
     181 7.0584E-02 4.6254E-04  ( 1.953E-03, -5.273E-02,   0.00    ) |  4.625E-04 2.441E-02
     182 7.1047E-02 4.6253E-04  ( 1.953E-03, -5.273E-02,   0.00    ) |  4.625E-04 2.441E-02
     183 7.1509E-02 4.6252E-04  ( 1.953E-03, -5.273E-02,   0.00    ) |  4.625E-04 2.441E-02
     184 7.1972E-02 4.6251E-04  ( 1.953E-03, -5.273E-02,   0.00    ) |  4.625E-04 2.441E-02
     185 7.2434E-02 4.6250E-04  ( 1.953E-03, -5.273E-02,   0.00    ) |  4.625E-04 2.441E-02
     186 7.2897E-02 4.6249E-04  (-1.953E-03, -5.273E-02,   0.00    ) |  4.625E-04 2.441E-02
     187 7.3359E-02 4.6249E-04  (-1.953E-03, -5.273E-02,   0.00    ) |  4.625E-04 2.441E-02
     188 7.3822E-02 4.6248E-04  (-1.953E-03, -5.273E-02,   0.00    ) |  4.625E-04 2.441E-02
     189 7.4284E-02 4.6247E-04  ( 1.953E-03, -5.273E-02,   0.00    ) |  4.625E-04 2.441E-02
     190 7.4747E-02 4.6246E-04  (-1.953E-03, -5.273E-02,   0.00    ) |  4.625E-04 2.441E-02
 *** Wrote plotfile to flash_run_hdf5_plt_cnt_0003 ****
     191 7.5209E-02 4.6245E-04  (-1.953E-03, -5.273E-02,   0.00    ) |  4.625E-04 2.441E-02
     192 7.5671E-02 4.6244E-04  (-1.953E-03, -5.273E-02,   0.00    ) |  4.624E-04 2.441E-02
     193 7.6134E-02 4.6244E-04  (-1.953E-03, -5.273E-02,   0.00    ) |  4.624E-04 2.441E-02
     194 7.6596E-02 4.6243E-04  ( 1.953E-03, -5.273E-02,   0.00    ) |  4.624E-04 2.441E-02
     195 7.7059E-02 4.6242E-04  (-1.953E-03, -5.273E-02,   0.00    ) |  4.624E-04 2.441E-02
     196 7.7521E-02 4.6241E-04  (-1.953E-03, -5.273E-02,   0.00    ) |  4.624E-04 2.441E-02
     197 7.7984E-02 4.6240E-04  (-1.953E-03, -5.273E-02,   0.00    ) |  4.624E-04 2.441E-02
     198 7.8446E-02 4.6240E-04  (-1.953E-03, -5.273E-02,   0.00    ) |  4.624E-04 2.441E-02
     199 7.8908E-02 4.6239E-04  (-1.953E-03, -5.273E-02,   0.00    ) |  4.624E-04 2.441E-02
     200 7.9371E-02 4.6238E-04  (-1.953E-03, -5.273E-02,   0.00    ) |  4.624E-04 2.441E-02
     201 7.9833E-02 4.6238E-04  (-1.953E-03, -5.273E-02,   0.00    ) |  4.624E-04 2.441E-02
     202 8.0296E-02 4.6237E-04  (-1.953E-03, -5.273E-02,   0.00    ) |  4.624E-04 2.441E-02
     203 8.0758E-02 4.6236E-04  ( 1.953E-03, -5.273E-02,   0.00    ) |  4.624E-04 2.441E-02
     204 8.1220E-02 4.6235E-04  (-1.953E-03, -5.273E-02,   0.00    ) |  4.624E-04 2.441E-02
     205 8.1683E-02 4.6235E-04  ( 1.953E-03, -5.273E-02,   0.00    ) |  4.623E-04 2.441E-02
     206 8.2145E-02 4.6234E-04  (-1.953E-03, -5.273E-02,   0.00    ) |  4.623E-04 2.441E-02
     207 8.2607E-02 4.6233E-04  (-1.953E-03, -5.273E-02,   0.00    ) |  4.623E-04 2.441E-02
     208 8.3070E-02 4.6233E-04  ( 1.953E-03, -5.273E-02,   0.00    ) |  4.623E-04 2.441E-02
     209 8.3532E-02 4.6232E-04  ( 1.953E-03, -5.273E-02,   0.00    ) |  4.623E-04 2.441E-02
     210 8.3994E-02 4.6231E-04  (-1.953E-03, -5.273E-02,   0.00    ) |  4.623E-04 2.441E-02
     211 8.4457E-02 4.6230E-04  ( 1.953E-03, -5.273E-02,   0.00    ) |  4.623E-04 2.441E-02
     212 8.4919E-02 4.6230E-04  ( 1.953E-03, -5.273E-02,   0.00    ) |  4.623E-04 2.441E-02
     213 8.5381E-02 4.6229E-04  ( 1.953E-03, -5.273E-02,   0.00    ) |  4.623E-04 2.441E-02
     214 8.5844E-02 4.6229E-04  ( 1.953E-03, -5.273E-02,   0.00    ) |  4.623E-04 2.441E-02
     215 8.6306E-02 4.6228E-04  (-1.953E-03, -5.273E-02,   0.00    ) |  4.623E-04 2.441E-02
     216 8.6768E-02 4.6227E-04  (-1.953E-03, -5.273E-02,   0.00    ) |  4.623E-04 2.441E-02
     217 8.7230E-02 4.6227E-04  ( 1.953E-03, -5.273E-02,   0.00    ) |  4.623E-04 2.441E-02
     218 8.7693E-02 4.6226E-04  (-1.953E-03, -5.273E-02,   0.00    ) |  4.623E-04 2.441E-02
     219 8.8155E-02 4.6225E-04  ( 1.953E-03, -5.273E-02,   0.00    ) |  4.623E-04 2.441E-02
     220 8.8617E-02 4.6225E-04  ( 1.953E-03, -5.273E-02,   0.00    ) |  4.622E-04 2.441E-02
     221 8.9079E-02 4.6224E-04  (-1.953E-03, -5.273E-02,   0.00    ) |  4.622E-04 2.441E-02
     222 8.9542E-02 4.6224E-04  ( 1.953E-03, -5.273E-02,   0.00    ) |  4.622E-04 2.441E-02
     223 9.0004E-02 4.6223E-04  ( 1.953E-03, -5.273E-02,   0.00    ) |  4.622E-04 2.441E-02
     224 9.0466E-02 4.6222E-04  (-1.953E-03, -5.273E-02,   0.00    ) |  4.622E-04 2.441E-02
     225 9.0928E-02 4.6222E-04  ( 1.953E-03,  5.273E-02,   0.00    ) |  4.622E-04 2.441E-02
     226 9.1391E-02 4.6221E-04  ( 1.953E-03,  5.273E-02,   0.00    ) |  4.622E-04 2.441E-02
     227 9.1853E-02 4.6221E-04  ( 1.953E-03, -5.273E-02,   0.00    ) |  4.622E-04 2.441E-02
     228 9.2315E-02 4.6220E-04  ( 1.953E-03, -5.273E-02,   0.00    ) |  4.622E-04 2.441E-02
     229 9.2777E-02 4.6219E-04  (-1.953E-03, -5.273E-02,   0.00    ) |  4.622E-04 2.441E-02
     230 9.3239E-02 4.6219E-04  (-1.953E-03, -5.273E-02,   0.00    ) |  4.622E-04 2.441E-02
     231 9.3702E-02 4.6218E-04  (-1.953E-03, -5.273E-02,   0.00    ) |  4.622E-04 2.441E-02
     232 9.4164E-02 4.6218E-04  (-1.953E-03, -5.273E-02,   0.00    ) |  4.622E-04 2.441E-02
     233 9.4626E-02 4.6217E-04  ( 1.953E-03, -5.273E-02,   0.00    ) |  4.622E-04 2.441E-02
     234 9.5088E-02 4.6216E-04  ( 1.953E-03, -5.273E-02,   0.00    ) |  4.622E-04 2.441E-02
     235 9.5550E-02 4.6216E-04  ( 1.953E-03, -5.273E-02,   0.00    ) |  4.622E-04 2.441E-02
     236 9.6012E-02 4.6215E-04  ( 1.953E-03, -5.273E-02,   0.00    ) |  4.622E-04 2.441E-02
     237 9.6475E-02 4.6215E-04  ( 1.953E-03, -5.273E-02,   0.00    ) |  4.621E-04 2.441E-02
     238 9.6937E-02 4.6214E-04  ( 1.953E-03, -5.273E-02,   0.00    ) |  4.621E-04 2.441E-02
     239 9.7399E-02 4.6214E-04  ( 1.953E-03, -5.273E-02,   0.00    ) |  4.621E-04 2.441E-02
     240 9.7861E-02 4.6213E-04  ( 1.953E-03, -5.273E-02,   0.00    ) |  4.621E-04 2.441E-02
     241 9.8323E-02 4.6213E-04  ( 1.953E-03, -5.273E-02,   0.00    ) |  4.621E-04 2.441E-02
     242 9.8785E-02 4.6212E-04  ( 1.953E-03, -5.273E-02,   0.00    ) |  4.621E-04 2.441E-02
     243 9.9247E-02 4.6212E-04  ( 1.953E-03,  5.273E-02,   0.00    ) |  4.621E-04 2.441E-02
     244 9.9709E-02 4.6211E-04  ( 1.953E-03, -5.273E-02,   0.00    ) |  4.621E-04 2.441E-02
 *** Wrote plotfile to flash_run_hdf5_plt_cnt_0004 ****
     245 1.0017E-01 4.6211E-04  ( 1.953E-03,  5.273E-02,   0.00    ) |  4.621E-04 2.441E-02
     246 1.0063E-01 4.6210E-04  ( 1.953E-03,  5.273E-02,   0.00    ) |  4.621E-04 2.441E-02
     247 1.0110E-01 4.6210E-04  ( 1.953E-03, -5.273E-02,   0.00    ) |  4.621E-04 2.441E-02
     248 1.0156E-01 4.6209E-04  ( 1.953E-03,  5.273E-02,   0.00    ) |  4.621E-04 2.441E-02
     249 1.0202E-01 4.6209E-04  ( 1.953E-03,  5.273E-02,   0.00    ) |  4.621E-04 2.441E-02
     250 1.0248E-01 4.6208E-04  ( 1.953E-03,  5.273E-02,   0.00    ) |  4.621E-04 2.441E-02
     251 1.0294E-01 4.6208E-04  ( 1.953E-03,  5.273E-02,   0.00    ) |  4.621E-04 2.441E-02
     252 1.0341E-01 4.6208E-04  ( 1.953E-03,  5.273E-02,   0.00    ) |  4.621E-04 2.441E-02
     253 1.0387E-01 4.6207E-04  ( 1.953E-03,  5.273E-02,   0.00    ) |  4.621E-04 2.441E-02
     254 1.0433E-01 4.6207E-04  ( 1.953E-03,  5.273E-02,   0.00    ) |  4.621E-04 2.441E-02
     255 1.0479E-01 4.6206E-04  ( 1.953E-03,  5.273E-02,   0.00    ) |  4.621E-04 2.441E-02
     256 1.0525E-01 4.6206E-04  (-1.953E-03, -5.273E-02,   0.00    ) |  4.621E-04 2.441E-02
     257 1.0572E-01 4.6205E-04  ( 1.953E-03,  5.273E-02,   0.00    ) |  4.621E-04 2.441E-02
     258 1.0618E-01 4.6205E-04  ( 1.953E-03, -5.273E-02,   0.00    ) |  4.621E-04 2.441E-02
     259 1.0664E-01 4.6205E-04  ( 1.953E-03, -5.273E-02,   0.00    ) |  4.620E-04 2.441E-02
     260 1.0710E-01 4.6204E-04  (-1.953E-03, -5.273E-02,   0.00    ) |  4.620E-04 2.441E-02
     261 1.0756E-01 4.6204E-04  (-1.953E-03, -5.273E-02,   0.00    ) |  4.620E-04 2.441E-02
     262 1.0803E-01 4.6204E-04  ( 1.953E-03,  5.273E-02,   0.00    ) |  4.620E-04 2.441E-02
     263 1.0849E-01 4.6203E-04  ( 1.953E-03,  5.273E-02,   0.00    ) |  4.620E-04 2.441E-02
     264 1.0895E-01 4.6203E-04  ( 1.953E-03,  4.883E-02,   0.00    ) |  4.620E-04 2.441E-02
     265 1.0941E-01 4.6202E-04  ( 1.953E-03,  4.883E-02,   0.00    ) |  4.620E-04 2.441E-02
     266 1.0987E-01 4.6202E-04  ( 1.953E-03,  4.883E-02,   0.00    ) |  4.620E-04 2.441E-02
     267 1.1034E-01 4.6201E-04  ( 1.953E-03,  4.883E-02,   0.00    ) |  4.620E-04 2.441E-02
     268 1.1080E-01 4.6201E-04  ( 1.953E-03,  4.883E-02,   0.00    ) |  4.620E-04 2.441E-02
     269 1.1126E-01 4.6200E-04  (-1.953E-03, -4.883E-02,   0.00    ) |  4.620E-04 2.441E-02
     270 1.1172E-01 4.6200E-04  ( 1.953E-03,  4.883E-02,   0.00    ) |  4.620E-04 2.441E-02
     271 1.1218E-01 4.6199E-04  ( 1.953E-03,  4.883E-02,   0.00    ) |  4.620E-04 2.441E-02
     272 1.1265E-01 4.6198E-04  (-1.953E-03, -4.883E-02,   0.00    ) |  4.620E-04 2.441E-02
     273 1.1311E-01 4.6198E-04  (-1.953E-03, -4.883E-02,   0.00    ) |  4.620E-04 2.441E-02
     274 1.1357E-01 4.6197E-04  (-1.953E-03, -4.883E-02,   0.00    ) |  4.620E-04 2.441E-02
     275 1.1403E-01 4.6197E-04  (-1.953E-03, -4.883E-02,   0.00    ) |  4.620E-04 2.441E-02
     276 1.1449E-01 4.6196E-04  (-1.953E-03, -4.883E-02,   0.00    ) |  4.620E-04 2.441E-02
     277 1.1496E-01 4.6196E-04  (-1.953E-03, -4.883E-02,   0.00    ) |  4.620E-04 2.441E-02
     278 1.1542E-01 4.6195E-04  (-1.953E-03, -4.883E-02,   0.00    ) |  4.620E-04 2.441E-02
     279 1.1588E-01 4.6195E-04  (-1.953E-03, -4.883E-02,   0.00    ) |  4.619E-04 2.441E-02
     280 1.1634E-01 4.6194E-04  (-1.953E-03, -4.883E-02,   0.00    ) |  4.619E-04 2.441E-02
     281 1.1680E-01 4.6194E-04  (-1.953E-03, -4.883E-02,   0.00    ) |  4.619E-04 2.441E-02
     282 1.1727E-01 4.6193E-04  (-1.953E-03, -4.883E-02,   0.00    ) |  4.619E-04 2.441E-02
     283 1.1773E-01 4.6193E-04  (-1.953E-03, -4.883E-02,   0.00    ) |  4.619E-04 2.441E-02
     284 1.1819E-01 4.6192E-04  (-1.953E-03, -4.883E-02,   0.00    ) |  4.619E-04 2.441E-02
     285 1.1865E-01 4.6192E-04  (-1.953E-03, -4.883E-02,   0.00    ) |  4.619E-04 2.441E-02
     286 1.1911E-01 4.6192E-04  (-1.953E-03, -4.883E-02,   0.00    ) |  4.619E-04 2.441E-02
     287 1.1958E-01 4.6191E-04  (-1.953E-03, -4.883E-02,   0.00    ) |  4.619E-04 2.441E-02
     288 1.2004E-01 4.6191E-04  (-1.953E-03, -4.883E-02,   0.00    ) |  4.619E-04 2.441E-02
     289 1.2050E-01 4.6190E-04  (-1.953E-03, -4.883E-02,   0.00    ) |  4.619E-04 2.441E-02
     290 1.2096E-01 4.6190E-04  (-1.953E-03, -4.883E-02,   0.00    ) |  4.619E-04 2.441E-02
     291 1.2142E-01 4.6189E-04  (-1.953E-03, -4.883E-02,   0.00    ) |  4.619E-04 2.441E-02
     292 1.2189E-01 4.6189E-04  (-1.953E-03, -4.883E-02,   0.00    ) |  4.619E-04 2.441E-02
     293 1.2235E-01 4.6189E-04  (-1.953E-03, -4.883E-02,   0.00    ) |  4.619E-04 2.441E-02
     294 1.2281E-01 4.6188E-04  (-1.953E-03, -4.883E-02,   0.00    ) |  4.619E-04 2.441E-02
     295 1.2327E-01 4.6188E-04  ( 1.953E-03,  4.883E-02,   0.00    ) |  4.619E-04 2.441E-02
     296 1.2373E-01 4.6187E-04  ( 1.953E-03,  4.883E-02,   0.00    ) |  4.619E-04 2.441E-02
     297 1.2420E-01 4.6187E-04  (-1.953E-03, -4.883E-02,   0.00    ) |  4.619E-04 2.441E-02
     298 1.2466E-01 4.6187E-04  ( 1.953E-03,  4.883E-02,   0.00    ) |  4.619E-04 2.441E-02
 *** Wrote plotfile to flash_run_hdf5_plt_cnt_0005 ****
     299 1.2512E-01 4.6186E-04  ( 1.953E-03,  4.883E-02,   0.00    ) |  4.619E-04 2.441E-02
     300 1.2558E-01 4.6186E-04  ( 1.953E-03,  4.883E-02,   0.00    ) |  4.619E-04 2.441E-02
     301 1.2604E-01 4.6186E-04  (-1.953E-03, -4.883E-02,   0.00    ) |  4.619E-04 2.441E-02
     302 1.2650E-01 4.6185E-04  (-1.953E-03, -4.883E-02,   0.00    ) |  4.619E-04 2.441E-02
     303 1.2697E-01 4.6185E-04  (-1.953E-03, -4.883E-02,   0.00    ) |  4.618E-04 2.441E-02
     304 1.2743E-01 4.6185E-04  ( 1.953E-03,  4.883E-02,   0.00    ) |  4.618E-04 2.441E-02
     305 1.2789E-01 4.6184E-04  ( 1.953E-03,  4.883E-02,   0.00    ) |  4.618E-04 2.441E-02
     306 1.2835E-01 4.6184E-04  ( 1.953E-03,  4.883E-02,   0.00    ) |  4.618E-04 2.441E-02
     307 1.2881E-01 4.6184E-04  (-1.953E-03, -4.883E-02,   0.00    ) |  4.618E-04 2.441E-02
     308 1.2928E-01 4.6183E-04  (-1.953E-03, -4.883E-02,   0.00    ) |  4.618E-04 2.441E-02
     309 1.2974E-01 4.6183E-04  ( 1.953E-03,  4.883E-02,   0.00    ) |  4.618E-04 2.441E-02
     310 1.3020E-01 4.6183E-04  ( 1.953E-03,  4.883E-02,   0.00    ) |  4.618E-04 2.441E-02
     311 1.3066E-01 4.6182E-04  ( 1.953E-03,  4.883E-02,   0.00    ) |  4.618E-04 2.441E-02
     312 1.3112E-01 4.6182E-04  ( 1.953E-03,  4.883E-02,   0.00    ) |  4.618E-04 2.441E-02
     313 1.3158E-01 4.6182E-04  ( 1.953E-03,  4.883E-02,   0.00    ) |  4.618E-04 2.441E-02
     314 1.3205E-01 4.6181E-04  ( 1.953E-03,  4.883E-02,   0.00    ) |  4.618E-04 2.441E-02
     315 1.3251E-01 4.6181E-04  (-1.953E-03, -4.883E-02,   0.00    ) |  4.618E-04 2.441E-02
     316 1.3297E-01 4.6181E-04  (-1.953E-03, -4.883E-02,   0.00    ) |  4.618E-04 2.441E-02
     317 1.3343E-01 4.6181E-04  (-1.953E-03, -4.883E-02,   0.00    ) |  4.618E-04 2.441E-02
     318 1.3389E-01 4.6180E-04  (-1.953E-03, -4.883E-02,   0.00    ) |  4.618E-04 2.441E-02
     319 1.3436E-01 4.6180E-04  (-1.953E-03, -4.883E-02,   0.00    ) |  4.618E-04 2.441E-02
     320 1.3482E-01 4.6180E-04  (-1.953E-03, -4.883E-02,   0.00    ) |  4.618E-04 2.441E-02
     321 1.3528E-01 4.6180E-04  (-1.953E-03, -4.883E-02,   0.00    ) |  4.618E-04 2.441E-02
     322 1.3574E-01 4.6179E-04  (-1.953E-03, -4.883E-02,   0.00    ) |  4.618E-04 2.441E-02
     323 1.3620E-01 4.6179E-04  (-1.953E-03, -4.883E-02,   0.00    ) |  4.618E-04 2.441E-02
     324 1.3666E-01 4.6179E-04  (-1.953E-03, -4.883E-02,   0.00    ) |  4.618E-04 2.441E-02
     325 1.3713E-01 4.6179E-04  (-1.953E-03, -4.883E-02,   0.00    ) |  4.618E-04 2.441E-02
     326 1.3759E-01 4.6178E-04  (-1.953E-03, -4.883E-02,   0.00    ) |  4.618E-04 2.441E-02
     327 1.3805E-01 4.6178E-04  (-1.953E-03, -4.883E-02,   0.00    ) |  4.618E-04 2.441E-02
     328 1.3851E-01 4.6178E-04  (-1.953E-03, -4.883E-02,   0.00    ) |  4.618E-04 2.441E-02
     329 1.3897E-01 4.6178E-04  (-1.953E-03, -4.883E-02,   0.00    ) |  4.618E-04 2.441E-02
     330 1.3944E-01 4.6178E-04  (-1.953E-03, -4.883E-02,   0.00    ) |  4.618E-04 2.441E-02
     331 1.3990E-01 4.6178E-04  (-1.953E-03, -4.883E-02,   0.00    ) |  4.618E-04 2.441E-02
     332 1.4036E-01 4.6177E-04  (-1.953E-03, -4.883E-02,   0.00    ) |  4.618E-04 2.441E-02
     333 1.4082E-01 4.6177E-04  (-1.953E-03, -4.883E-02,   0.00    ) |  4.618E-04 2.441E-02
     334 1.4128E-01 4.6177E-04  (-1.953E-03, -4.883E-02,   0.00    ) |  4.618E-04 2.441E-02
     335 1.4174E-01 4.6177E-04  (-1.953E-03, -4.883E-02,   0.00    ) |  4.618E-04 2.441E-02
     336 1.4221E-01 4.6177E-04  (-1.953E-03, -4.883E-02,   0.00    ) |  4.618E-04 2.441E-02
     337 1.4267E-01 4.6177E-04  (-1.953E-03, -4.883E-02,   0.00    ) |  4.618E-04 2.441E-02
     338 1.4313E-01 4.6177E-04  (-1.953E-03, -4.883E-02,   0.00    ) |  4.618E-04 2.441E-02
     339 1.4359E-01 4.6177E-04  (-1.953E-03, -4.883E-02,   0.00    ) |  4.618E-04 2.441E-02
     340 1.4405E-01 4.6177E-04  (-1.953E-03, -4.883E-02,   0.00    ) |  4.618E-04 2.441E-02
     341 1.4451E-01 4.6177E-04  (-1.953E-03, -4.883E-02,   0.00    ) |  4.618E-04 2.441E-02
     342 1.4498E-01 4.6177E-04  ( 1.953E-03,  4.883E-02,   0.00    ) |  4.618E-04 2.441E-02
     343 1.4544E-01 4.6176E-04  ( 1.953E-03,  4.883E-02,   0.00    ) |  4.618E-04 2.441E-02
     344 1.4590E-01 4.6176E-04  ( 1.953E-03,  4.883E-02,   0.00    ) |  4.618E-04 2.441E-02
     345 1.4636E-01 4.6176E-04  (-1.953E-03, -4.883E-02,   0.00    ) |  4.618E-04 2.441E-02
     346 1.4682E-01 4.6176E-04  ( 1.953E-03,  4.883E-02,   0.00    ) |  4.618E-04 2.441E-02
     347 1.4729E-01 4.6176E-04  (-1.953E-03, -4.883E-02,   0.00    ) |  4.618E-04 2.441E-02
     348 1.4775E-01 4.6176E-04  (-1.953E-03, -4.883E-02,   0.00    ) |  4.618E-04 2.441E-02
     349 1.4821E-01 4.6176E-04  (-1.953E-03, -4.883E-02,   0.00    ) |  4.618E-04 2.441E-02
     350 1.4867E-01 4.6176E-04  (-1.953E-03, -4.883E-02,   0.00    ) |  4.618E-04 2.441E-02
     351 1.4913E-01 4.6176E-04  (-1.953E-03, -4.883E-02,   0.00    ) |  4.618E-04 2.441E-02
     352 1.4959E-01 4.6176E-04  ( 1.953E-03,  4.883E-02,   0.00    ) |  4.618E-04 2.441E-02
 *** Wrote plotfile to flash_run_hdf5_plt_cnt_0006 ****
     353 1.5006E-01 4.6167E-04  (-0.260    , -1.953E-03,   0.00    ) |  4.617E-04 2.441E-02
     354 1.5052E-01 4.6157E-04  (-0.260    ,  1.953E-03,   0.00    ) |  4.616E-04 2.441E-02
     355 1.5098E-01 4.6148E-04  (-0.260    , -1.953E-03,   0.00    ) |  4.615E-04 2.441E-02
     356 1.5144E-01 4.6139E-04  (-0.260    , -1.953E-03,   0.00    ) |  4.614E-04 2.441E-02
     357 1.5190E-01 4.6129E-04  (-0.260    , -1.953E-03,   0.00    ) |  4.613E-04 2.441E-02
     358 1.5236E-01 4.6120E-04  (-0.260    , -1.953E-03,   0.00    ) |  4.612E-04 2.441E-02
     359 1.5282E-01 4.6111E-04  (-0.260    , -1.953E-03,   0.00    ) |  4.611E-04 2.441E-02
     360 1.5329E-01 4.6101E-04  (-0.260    , -1.953E-03,   0.00    ) |  4.610E-04 2.441E-02
     361 1.5375E-01 4.6092E-04  (-0.260    , -1.953E-03,   0.00    ) |  4.609E-04 2.441E-02
     362 1.5421E-01 4.6083E-04  (-0.260    , -1.953E-03,   0.00    ) |  4.608E-04 2.441E-02
     363 1.5467E-01 4.6073E-04  (-0.260    , -1.953E-03,   0.00    ) |  4.607E-04 2.441E-02
     364 1.5513E-01 4.6064E-04  (-0.260    , -1.953E-03,   0.00    ) |  4.606E-04 2.441E-02
     365 1.5559E-01 4.6055E-04  (-0.260    , -1.953E-03,   0.00    ) |  4.605E-04 2.441E-02
     366 1.5605E-01 4.6046E-04  (-0.260    , -1.953E-03,   0.00    ) |  4.605E-04 2.441E-02
     367 1.5651E-01 4.6036E-04  (-0.260    ,  1.953E-03,   0.00    ) |  4.604E-04 2.441E-02
     368 1.5697E-01 4.6027E-04  (-0.260    , -1.953E-03,   0.00    ) |  4.603E-04 2.441E-02
     369 1.5743E-01 4.6018E-04  (-0.260    , -1.953E-03,   0.00    ) |  4.602E-04 2.441E-02
     370 1.5789E-01 4.6009E-04  (-0.260    , -1.953E-03,   0.00    ) |  4.601E-04 2.441E-02
     371 1.5835E-01 4.5999E-04  (-0.260    , -1.953E-03,   0.00    ) |  4.600E-04 2.441E-02
     372 1.5881E-01 4.5990E-04  (-0.260    , -1.953E-03,   0.00    ) |  4.599E-04 2.441E-02
     373 1.5927E-01 4.5981E-04  (-0.260    , -1.953E-03,   0.00    ) |  4.598E-04 2.441E-02
     374 1.5973E-01 4.5972E-04  (-0.260    , -1.953E-03,   0.00    ) |  4.597E-04 2.441E-02
     375 1.6019E-01 4.5963E-04  (-0.260    , -1.953E-03,   0.00    ) |  4.596E-04 2.441E-02
     376 1.6065E-01 4.5953E-04  (-0.260    , -1.953E-03,   0.00    ) |  4.595E-04 2.441E-02
     377 1.6111E-01 4.5944E-04  (-0.260    , -1.953E-03,   0.00    ) |  4.594E-04 2.441E-02
     378 1.6157E-01 4.5935E-04  (-0.260    , -1.953E-03,   0.00    ) |  4.594E-04 2.441E-02
     379 1.6203E-01 4.5926E-04  (-0.260    , -1.953E-03,   0.00    ) |  4.593E-04 2.441E-02
     380 1.6249E-01 4.5917E-04  (-0.260    , -1.953E-03,   0.00    ) |  4.592E-04 2.441E-02
     381 1.6295E-01 4.5908E-04  (-0.260    , -1.953E-03,   0.00    ) |  4.591E-04 2.441E-02
     382 1.6341E-01 4.5899E-04  (-0.260    , -1.953E-03,   0.00    ) |  4.590E-04 2.441E-02
     383 1.6387E-01 4.5889E-04  (-0.260    , -1.953E-03,   0.00    ) |  4.589E-04 2.441E-02
     384 1.6432E-01 4.5880E-04  (-0.260    , -1.953E-03,   0.00    ) |  4.588E-04 2.441E-02
     385 1.6478E-01 4.5871E-04  (-0.260    , -1.953E-03,   0.00    ) |  4.587E-04 2.441E-02
     386 1.6524E-01 4.5862E-04  (-0.260    , -1.953E-03,   0.00    ) |  4.586E-04 2.441E-02
     387 1.6570E-01 4.5853E-04  (-0.260    , -1.953E-03,   0.00    ) |  4.585E-04 2.441E-02
     388 1.6616E-01 4.5844E-04  (-0.260    , -1.953E-03,   0.00    ) |  4.584E-04 2.441E-02
     389 1.6662E-01 4.5835E-04  (-0.260    , -1.953E-03,   0.00    ) |  4.584E-04 2.441E-02
     390 1.6708E-01 4.5826E-04  (-0.260    , -1.953E-03,   0.00    ) |  4.583E-04 2.441E-02
     391 1.6753E-01 4.5817E-04  (-0.260    , -1.953E-03,   0.00    ) |  4.582E-04 2.441E-02
     392 1.6799E-01 4.5808E-04  (-0.260    , -1.953E-03,   0.00    ) |  4.581E-04 2.441E-02
     393 1.6845E-01 4.5799E-04  (-0.260    , -1.953E-03,   0.00    ) |  4.580E-04 2.441E-02
     394 1.6891E-01 4.5790E-04  (-0.260    , -1.953E-03,   0.00    ) |  4.579E-04 2.441E-02
     395 1.6937E-01 4.5781E-04  (-0.260    , -1.953E-03,   0.00    ) |  4.578E-04 2.441E-02
     396 1.6982E-01 4.5772E-04  (-0.260    , -1.953E-03,   0.00    ) |  4.577E-04 2.441E-02
     397 1.7028E-01 4.5763E-04  (-0.260    , -1.953E-03,   0.00    ) |  4.576E-04 2.441E-02
     398 1.7074E-01 4.5754E-04  (-0.260    , -1.953E-03,   0.00    ) |  4.575E-04 2.441E-02
     399 1.7120E-01 4.5745E-04  (-0.260    , -1.953E-03,   0.00    ) |  4.574E-04 2.441E-02
     400 1.7165E-01 4.5736E-04  (-0.260    , -1.953E-03,   0.00    ) |  4.574E-04 2.441E-02
     401 1.7211E-01 4.5727E-04  (-0.260    , -1.953E-03,   0.00    ) |  4.573E-04 2.441E-02
     402 1.7257E-01 4.5718E-04  (-0.260    , -1.953E-03,   0.00    ) |  4.572E-04 2.441E-02
     403 1.7303E-01 4.5709E-04  (-0.260    , -1.953E-03,   0.00    ) |  4.571E-04 2.441E-02
     404 1.7348E-01 4.5700E-04  (-0.260    , -1.953E-03,   0.00    ) |  4.570E-04 2.441E-02
     405 1.7394E-01 4.5691E-04  (-0.260    , -1.953E-03,   0.00    ) |  4.569E-04 2.441E-02
     406 1.7440E-01 4.5682E-04  (-0.264    , -1.953E-03,   0.00    ) |  4.568E-04 2.441E-02
     407 1.7485E-01 4.5674E-04  (-0.264    , -1.953E-03,   0.00    ) |  4.567E-04 2.441E-02
 *** Wrote plotfile to flash_run_hdf5_plt_cnt_0007 ****
     408 1.7531E-01 4.5665E-04  (-0.264    , -1.953E-03,   0.00    ) |  4.566E-04 2.441E-02
     409 1.7577E-01 4.5656E-04  (-0.264    , -1.953E-03,   0.00    ) |  4.566E-04 2.441E-02
     410 1.7622E-01 4.5647E-04  (-0.264    , -1.953E-03,   0.00    ) |  4.565E-04 2.441E-02
     411 1.7668E-01 4.5638E-04  (-0.264    , -1.953E-03,   0.00    ) |  4.564E-04 2.441E-02
     412 1.7714E-01 4.5629E-04  (-0.264    , -1.953E-03,   0.00    ) |  4.563E-04 2.441E-02
     413 1.7759E-01 4.5620E-04  (-0.264    , -1.953E-03,   0.00    ) |  4.562E-04 2.441E-02
     414 1.7805E-01 4.5611E-04  (-0.264    , -1.953E-03,   0.00    ) |  4.561E-04 2.441E-02
     415 1.7851E-01 4.5603E-04  (-0.264    , -1.953E-03,   0.00    ) |  4.560E-04 2.441E-02
     416 1.7896E-01 4.5594E-04  (-0.264    , -1.953E-03,   0.00    ) |  4.559E-04 2.441E-02
     417 1.7942E-01 4.5585E-04  (-0.264    , -1.953E-03,   0.00    ) |  4.558E-04 2.441E-02
     418 1.7987E-01 4.5576E-04  (-0.264    , -1.953E-03,   0.00    ) |  4.558E-04 2.441E-02
     419 1.8033E-01 4.5567E-04  (-0.264    , -1.953E-03,   0.00    ) |  4.557E-04 2.441E-02
     420 1.8078E-01 4.5558E-04  (-0.264    , -1.953E-03,   0.00    ) |  4.556E-04 2.441E-02
     421 1.8124E-01 4.5550E-04  (-0.264    , -1.953E-03,   0.00    ) |  4.555E-04 2.441E-02
     422 1.8170E-01 4.5541E-04  (-0.264    , -1.953E-03,   0.00    ) |  4.554E-04 2.441E-02
     423 1.8215E-01 4.5532E-04  (-0.264    , -1.953E-03,   0.00    ) |  4.553E-04 2.441E-02
     424 1.8261E-01 4.5523E-04  (-0.264    , -1.953E-03,   0.00    ) |  4.552E-04 2.441E-02
     425 1.8306E-01 4.5515E-04  (-0.264    , -1.953E-03,   0.00    ) |  4.551E-04 2.441E-02
     426 1.8352E-01 4.5506E-04  (-0.264    , -1.953E-03,   0.00    ) |  4.551E-04 2.441E-02
     427 1.8397E-01 4.5497E-04  (-0.264    , -1.953E-03,   0.00    ) |  4.550E-04 2.441E-02
     428 1.8443E-01 4.5488E-04  (-0.264    , -1.953E-03,   0.00    ) |  4.549E-04 2.441E-02
     429 1.8488E-01 4.5480E-04  (-0.264    , -1.953E-03,   0.00    ) |  4.548E-04 2.441E-02
     430 1.8534E-01 4.5471E-04  (-0.264    , -1.953E-03,   0.00    ) |  4.547E-04 2.441E-02
     431 1.8579E-01 4.5462E-04  (-0.264    , -1.953E-03,   0.00    ) |  4.546E-04 2.441E-02
     432 1.8625E-01 4.5454E-04  (-0.264    , -1.953E-03,   0.00    ) |  4.545E-04 2.441E-02
     433 1.8670E-01 4.5445E-04  (-0.264    , -1.953E-03,   0.00    ) |  4.544E-04 2.441E-02
     434 1.8715E-01 4.5436E-04  (-0.264    , -1.953E-03,   0.00    ) |  4.544E-04 2.441E-02
     435 1.8761E-01 4.5428E-04  (-0.264    , -1.953E-03,   0.00    ) |  4.543E-04 2.441E-02
     436 1.8806E-01 4.5419E-04  (-0.264    , -1.953E-03,   0.00    ) |  4.542E-04 2.441E-02
     437 1.8852E-01 4.5410E-04  (-0.264    , -1.953E-03,   0.00    ) |  4.541E-04 2.441E-02
     438 1.8897E-01 4.5402E-04  (-0.264    , -1.953E-03,   0.00    ) |  4.540E-04 2.441E-02
     439 1.8943E-01 4.5393E-04  (-0.264    , -1.953E-03,   0.00    ) |  4.539E-04 2.441E-02
     440 1.8988E-01 4.5384E-04  (-0.264    , -1.953E-03,   0.00    ) |  4.538E-04 2.441E-02
     441 1.9033E-01 4.5376E-04  (-0.264    , -1.953E-03,   0.00    ) |  4.538E-04 2.441E-02
     442 1.9079E-01 4.5367E-04  (-0.264    , -1.953E-03,   0.00    ) |  4.537E-04 2.441E-02
     443 1.9124E-01 4.5358E-04  (-0.264    , -1.953E-03,   0.00    ) |  4.536E-04 2.441E-02
     444 1.9169E-01 4.5350E-04  (-0.264    , -1.953E-03,   0.00    ) |  4.535E-04 2.441E-02
     445 1.9215E-01 4.5341E-04  (-0.264    , -1.953E-03,   0.00    ) |  4.534E-04 2.441E-02
     446 1.9260E-01 4.5333E-04  (-0.264    , -1.953E-03,   0.00    ) |  4.533E-04 2.441E-02
     447 1.9305E-01 4.5324E-04  (-0.264    , -1.953E-03,   0.00    ) |  4.532E-04 2.441E-02
     448 1.9351E-01 4.5316E-04  (-0.264    , -1.953E-03,   0.00    ) |  4.532E-04 2.441E-02
     449 1.9396E-01 4.5307E-04  (-0.264    , -1.953E-03,   0.00    ) |  4.531E-04 2.441E-02
     450 1.9441E-01 4.5298E-04  (-0.264    , -1.953E-03,   0.00    ) |  4.530E-04 2.441E-02
     451 1.9487E-01 4.5290E-04  (-0.264    , -1.953E-03,   0.00    ) |  4.529E-04 2.441E-02
     452 1.9532E-01 4.5281E-04  (-0.264    , -1.953E-03,   0.00    ) |  4.528E-04 2.441E-02
     453 1.9577E-01 4.5273E-04  (-0.264    , -1.953E-03,   0.00    ) |  4.527E-04 2.441E-02
     454 1.9623E-01 4.5264E-04  (-0.264    , -1.953E-03,   0.00    ) |  4.526E-04 2.441E-02
     455 1.9668E-01 4.5256E-04  (-0.264    , -1.953E-03,   0.00    ) |  4.526E-04 2.441E-02
     456 1.9713E-01 4.5247E-04  (-0.264    , -1.953E-03,   0.00    ) |  4.525E-04 2.441E-02
     457 1.9758E-01 4.5239E-04  (-0.264    , -1.953E-03,   0.00    ) |  4.524E-04 2.441E-02
     458 1.9804E-01 4.5230E-04  (-0.264    , -1.953E-03,   0.00    ) |  4.523E-04 2.441E-02
     459 1.9849E-01 4.5222E-04  (-0.264    , -1.953E-03,   0.00    ) |  4.522E-04 2.441E-02
     460 1.9894E-01 4.5213E-04  (-0.264    , -1.953E-03,   0.00    ) |  4.521E-04 2.441E-02
     461 1.9939E-01 4.5205E-04  (-0.264    , -1.953E-03,   0.00    ) |  4.520E-04 2.441E-02
     462 1.9984E-01 4.5197E-04  (-0.264    , -1.953E-03,   0.00    ) |  4.520E-04 2.441E-02
 *** Wrote plotfile to flash_run_hdf5_plt_cnt_0008 ****
     463 2.0030E-01 4.5188E-04  (-0.264    , -1.953E-03,   0.00    ) |  4.519E-04 2.441E-02
     464 2.0075E-01 4.5180E-04  (-0.264    , -1.953E-03,   0.00    ) |  4.518E-04 2.441E-02
     465 2.0120E-01 4.5171E-04  (-0.264    , -1.953E-03,   0.00    ) |  4.517E-04 2.441E-02
     466 2.0165E-01 4.5163E-04  (-0.264    , -1.953E-03,   0.00    ) |  4.516E-04 2.441E-02
     467 2.0210E-01 4.5155E-04  (-0.264    , -1.953E-03,   0.00    ) |  4.515E-04 2.441E-02
     468 2.0255E-01 4.5146E-04  (-0.264    , -1.953E-03,   0.00    ) |  4.515E-04 2.441E-02
     469 2.0301E-01 4.5138E-04  (-0.264    , -1.953E-03,   0.00    ) |  4.514E-04 2.441E-02
     470 2.0346E-01 4.5129E-04  (-0.264    , -1.953E-03,   0.00    ) |  4.513E-04 2.441E-02
     471 2.0391E-01 4.5121E-04  (-0.264    , -1.953E-03,   0.00    ) |  4.512E-04 2.441E-02
     472 2.0436E-01 4.5113E-04  (-0.264    , -1.953E-03,   0.00    ) |  4.511E-04 2.441E-02
     473 2.0481E-01 4.5104E-04  (-0.264    , -1.953E-03,   0.00    ) |  4.510E-04 2.441E-02
     474 2.0526E-01 4.5096E-04  (-0.264    , -1.953E-03,   0.00    ) |  4.510E-04 2.441E-02
     475 2.0571E-01 4.5088E-04  (-0.264    , -1.953E-03,   0.00    ) |  4.509E-04 2.441E-02
     476 2.0616E-01 4.5079E-04  (-0.264    , -1.953E-03,   0.00    ) |  4.508E-04 2.441E-02
     477 2.0662E-01 4.5071E-04  (-0.264    , -1.953E-03,   0.00    ) |  4.507E-04 2.441E-02
     478 2.0707E-01 4.5063E-04  (-0.264    , -1.953E-03,   0.00    ) |  4.506E-04 2.441E-02
     479 2.0752E-01 4.5054E-04  (-0.264    , -1.953E-03,   0.00    ) |  4.505E-04 2.441E-02
     480 2.0797E-01 4.5046E-04  (-0.264    , -1.953E-03,   0.00    ) |  4.505E-04 2.441E-02
     481 2.0842E-01 4.5038E-04  (-0.264    , -1.953E-03,   0.00    ) |  4.504E-04 2.441E-02
     482 2.0887E-01 4.5029E-04  (-0.264    , -1.953E-03,   0.00    ) |  4.503E-04 2.441E-02
     483 2.0932E-01 4.5021E-04  (-0.264    , -1.953E-03,   0.00    ) |  4.502E-04 2.441E-02
     484 2.0977E-01 4.5013E-04  (-0.264    , -1.953E-03,   0.00    ) |  4.501E-04 2.441E-02
     485 2.1022E-01 4.5005E-04  (-0.264    , -1.953E-03,   0.00    ) |  4.500E-04 2.441E-02
     486 2.1067E-01 4.4996E-04  (-0.264    , -1.953E-03,   0.00    ) |  4.500E-04 2.441E-02
     487 2.1112E-01 4.4988E-04  ( 0.264    ,  1.953E-03,   0.00    ) |  4.499E-04 2.441E-02
     488 2.1157E-01 4.4980E-04  (-0.264    , -1.953E-03,   0.00    ) |  4.498E-04 2.441E-02
     489 2.1202E-01 4.4972E-04  ( 0.264    ,  1.953E-03,   0.00    ) |  4.497E-04 2.441E-02
     490 2.1247E-01 4.4964E-04  ( 0.264    ,  1.953E-03,   0.00    ) |  4.496E-04 2.441E-02
     491 2.1292E-01 4.4955E-04  ( 0.264    ,  1.953E-03,   0.00    ) |  4.496E-04 2.441E-02
     492 2.1337E-01 4.4947E-04  (-0.268    , -1.953E-03,   0.00    ) |  4.495E-04 2.441E-02
     493 2.1382E-01 4.4939E-04  (-0.268    , -1.953E-03,   0.00    ) |  4.494E-04 2.441E-02
     494 2.1427E-01 4.4931E-04  (-0.268    , -1.953E-03,   0.00    ) |  4.493E-04 2.441E-02
     495 2.1472E-01 4.4923E-04  (-0.268    , -1.953E-03,   0.00    ) |  4.492E-04 2.441E-02
     496 2.1516E-01 4.4914E-04  (-0.268    , -1.953E-03,   0.00    ) |  4.491E-04 2.441E-02
     497 2.1561E-01 4.4906E-04  (-0.268    , -1.953E-03,   0.00    ) |  4.491E-04 2.441E-02
     498 2.1606E-01 4.4898E-04  (-0.268    , -1.953E-03,   0.00    ) |  4.490E-04 2.441E-02
     499 2.1651E-01 4.4890E-04  (-0.268    , -1.953E-03,   0.00    ) |  4.489E-04 2.441E-02
     500 2.1696E-01 4.4882E-04  (-0.268    , -1.953E-03,   0.00    ) |  4.488E-04 2.441E-02
     501 2.1741E-01 4.4873E-04  (-0.268    , -1.953E-03,   0.00    ) |  4.487E-04 2.441E-02
     502 2.1786E-01 4.4865E-04  (-0.268    , -1.953E-03,   0.00    ) |  4.487E-04 2.441E-02
     503 2.1831E-01 4.4857E-04  (-0.268    , -1.953E-03,   0.00    ) |  4.486E-04 2.441E-02
     504 2.1876E-01 4.4849E-04  (-0.268    , -1.953E-03,   0.00    ) |  4.485E-04 2.441E-02
     505 2.1920E-01 4.4841E-04  (-0.268    , -1.953E-03,   0.00    ) |  4.484E-04 2.441E-02
     506 2.1965E-01 4.4833E-04  (-0.268    , -1.953E-03,   0.00    ) |  4.483E-04 2.441E-02
     507 2.2010E-01 4.4825E-04  (-0.268    , -1.953E-03,   0.00    ) |  4.482E-04 2.441E-02
     508 2.2055E-01 4.4816E-04  (-0.268    , -1.953E-03,   0.00    ) |  4.482E-04 2.441E-02
     509 2.2100E-01 4.4808E-04  (-0.268    , -1.953E-03,   0.00    ) |  4.481E-04 2.441E-02
     510 2.2145E-01 4.4800E-04  (-0.268    , -1.953E-03,   0.00    ) |  4.480E-04 2.441E-02
     511 2.2189E-01 4.4792E-04  (-0.268    , -1.953E-03,   0.00    ) |  4.479E-04 2.441E-02
     512 2.2234E-01 4.4784E-04  (-0.268    , -1.953E-03,   0.00    ) |  4.478E-04 2.441E-02
     513 2.2279E-01 4.4776E-04  (-0.268    , -1.953E-03,   0.00    ) |  4.478E-04 2.441E-02
     514 2.2324E-01 4.4768E-04  (-0.268    , -1.953E-03,   0.00    ) |  4.477E-04 2.441E-02
     515 2.2368E-01 4.4760E-04  (-0.268    , -1.953E-03,   0.00    ) |  4.476E-04 2.441E-02
     516 2.2413E-01 4.4752E-04  ( 0.268    ,  1.953E-03,   0.00    ) |  4.475E-04 2.441E-02
     517 2.2458E-01 4.4744E-04  (-0.268    , -1.953E-03,   0.00    ) |  4.474E-04 2.441E-02
 *** Wrote plotfile to flash_run_hdf5_plt_cnt_0009 ****
     518 2.2503E-01 4.4736E-04  ( 0.268    ,  1.953E-03,   0.00    ) |  4.474E-04 2.441E-02
     519 2.2547E-01 4.4728E-04  (-0.268    , -1.953E-03,   0.00    ) |  4.473E-04 2.441E-02
     520 2.2592E-01 4.4720E-04  ( 0.268    ,  1.953E-03,   0.00    ) |  4.472E-04 2.441E-02
     521 2.2637E-01 4.4712E-04  ( 0.268    ,  1.953E-03,   0.00    ) |  4.471E-04 2.441E-02
     522 2.2682E-01 4.4704E-04  ( 0.268    ,  1.953E-03,   0.00    ) |  4.470E-04 2.441E-02
     523 2.2726E-01 4.4696E-04  ( 0.268    ,  1.953E-03,   0.00    ) |  4.470E-04 2.441E-02
     524 2.2771E-01 4.4688E-04  ( 0.268    ,  1.953E-03,   0.00    ) |  4.469E-04 2.441E-02
     525 2.2816E-01 4.4680E-04  ( 0.268    ,  1.953E-03,   0.00    ) |  4.468E-04 2.441E-02
     526 2.2860E-01 4.4672E-04  ( 0.268    ,  1.953E-03,   0.00    ) |  4.467E-04 2.441E-02
     527 2.2905E-01 4.4664E-04  ( 0.268    ,  1.953E-03,   0.00    ) |  4.466E-04 2.441E-02
     528 2.2950E-01 4.4656E-04  ( 0.268    ,  1.953E-03,   0.00    ) |  4.466E-04 2.441E-02
     529 2.2994E-01 4.4648E-04  ( 0.268    ,  1.953E-03,   0.00    ) |  4.465E-04 2.441E-02
     530 2.3039E-01 4.4640E-04  ( 0.268    ,  1.953E-03,   0.00    ) |  4.464E-04 2.441E-02
     531 2.3084E-01 4.4632E-04  ( 0.268    ,  1.953E-03,   0.00    ) |  4.463E-04 2.441E-02
     532 2.3128E-01 4.4624E-04  ( 0.268    ,  1.953E-03,   0.00    ) |  4.462E-04 2.441E-02
     533 2.3173E-01 4.4616E-04  ( 0.268    ,  1.953E-03,   0.00    ) |  4.462E-04 2.441E-02
     534 2.3217E-01 4.4608E-04  ( 0.268    ,  1.953E-03,   0.00    ) |  4.461E-04 2.441E-02
     535 2.3262E-01 4.4600E-04  ( 0.268    ,  1.953E-03,   0.00    ) |  4.460E-04 2.441E-02
     536 2.3307E-01 4.4592E-04  ( 0.268    ,  1.953E-03,   0.00    ) |  4.459E-04 2.441E-02
     537 2.3351E-01 4.4584E-04  ( 0.268    ,  1.953E-03,   0.00    ) |  4.458E-04 2.441E-02
     538 2.3396E-01 4.4577E-04  ( 0.268    ,  1.953E-03,   0.00    ) |  4.458E-04 2.441E-02
     539 2.3440E-01 4.4569E-04  ( 0.268    ,  1.953E-03,   0.00    ) |  4.457E-04 2.441E-02
     540 2.3485E-01 4.4561E-04  ( 0.268    ,  1.953E-03,   0.00    ) |  4.456E-04 2.441E-02
     541 2.3530E-01 4.4553E-04  ( 0.268    ,  1.953E-03,   0.00    ) |  4.455E-04 2.441E-02
     542 2.3574E-01 4.4545E-04  ( 0.268    ,  1.953E-03,   0.00    ) |  4.455E-04 2.441E-02
     543 2.3619E-01 4.4537E-04  (-0.268    ,  1.953E-03,   0.00    ) |  4.454E-04 2.441E-02
     544 2.3663E-01 4.4529E-04  (-0.268    ,  1.953E-03,   0.00    ) |  4.453E-04 2.441E-02
     545 2.3708E-01 4.4522E-04  (-0.268    ,  1.953E-03,   0.00    ) |  4.452E-04 2.441E-02
     546 2.3752E-01 4.4514E-04  (-0.268    ,  1.953E-03,   0.00    ) |  4.451E-04 2.441E-02
     547 2.3797E-01 4.4506E-04  (-0.268    ,  1.953E-03,   0.00    ) |  4.451E-04 2.441E-02
     548 2.3841E-01 4.4498E-04  (-0.268    ,  1.953E-03,   0.00    ) |  4.450E-04 2.441E-02
     549 2.3886E-01 4.4490E-04  (-0.268    ,  1.953E-03,   0.00    ) |  4.449E-04 2.441E-02
     550 2.3930E-01 4.4482E-04  (-0.268    ,  1.953E-03,   0.00    ) |  4.448E-04 2.441E-02
     551 2.3975E-01 4.4474E-04  ( 0.268    ,  1.953E-03,   0.00    ) |  4.447E-04 2.441E-02
     552 2.4019E-01 4.4467E-04  ( 0.268    ,  1.953E-03,   0.00    ) |  4.447E-04 2.441E-02
     553 2.4064E-01 4.4459E-04  ( 0.268    ,  1.953E-03,   0.00    ) |  4.446E-04 2.441E-02
     554 2.4108E-01 4.4451E-04  ( 0.268    ,  1.953E-03,   0.00    ) |  4.445E-04 2.441E-02
     555 2.4153E-01 4.4443E-04  ( 0.268    ,  1.953E-03,   0.00    ) |  4.444E-04 2.441E-02
     556 2.4197E-01 4.4435E-04  (-0.268    ,  1.953E-03,   0.00    ) |  4.444E-04 2.441E-02
     557 2.4241E-01 4.4428E-04  ( 0.268    ,  1.953E-03,   0.00    ) |  4.443E-04 2.441E-02
     558 2.4286E-01 4.4420E-04  ( 0.268    ,  1.953E-03,   0.00    ) |  4.442E-04 2.441E-02
     559 2.4330E-01 4.4412E-04  ( 0.268    ,  1.953E-03,   0.00    ) |  4.441E-04 2.441E-02
     560 2.4375E-01 4.4404E-04  ( 0.268    ,  1.953E-03,   0.00    ) |  4.440E-04 2.441E-02
     561 2.4419E-01 4.4397E-04  ( 0.268    ,  1.953E-03,   0.00    ) |  4.440E-04 2.441E-02
     562 2.4464E-01 4.4389E-04  ( 0.268    ,  1.953E-03,   0.00    ) |  4.439E-04 2.441E-02
     563 2.4508E-01 4.4381E-04  ( 0.268    ,  1.953E-03,   0.00    ) |  4.438E-04 2.441E-02
     564 2.4552E-01 4.4373E-04  ( 0.268    ,  1.953E-03,   0.00    ) |  4.437E-04 2.441E-02
     565 2.4597E-01 4.4366E-04  ( 0.268    ,  1.953E-03,   0.00    ) |  4.437E-04 2.441E-02
     566 2.4641E-01 4.4358E-04  ( 0.268    ,  1.953E-03,   0.00    ) |  4.436E-04 2.441E-02
     567 2.4685E-01 4.4350E-04  ( 0.268    ,  1.953E-03,   0.00    ) |  4.435E-04 2.441E-02
     568 2.4730E-01 4.4342E-04  ( 0.268    ,  1.953E-03,   0.00    ) |  4.434E-04 2.441E-02
     569 2.4774E-01 4.4335E-04  ( 0.268    ,  1.953E-03,   0.00    ) |  4.433E-04 2.441E-02
     570 2.4818E-01 4.4327E-04  ( 0.268    ,  1.953E-03,   0.00    ) |  4.433E-04 2.441E-02
     571 2.4863E-01 4.4319E-04  ( 0.268    ,  1.953E-03,   0.00    ) |  4.432E-04 2.441E-02
     572 2.4907E-01 4.4312E-04  ( 0.268    ,  1.953E-03,   0.00    ) |  4.431E-04 2.441E-02
     573 2.4951E-01 4.4304E-04  ( 0.268    ,  1.953E-03,   0.00    ) |  4.430E-04 2.441E-02
     574 2.4996E-01 4.4296E-04  ( 0.268    ,  1.953E-03,   0.00    ) |  4.430E-04 2.441E-02
 *** Wrote plotfile to flash_run_hdf5_plt_cnt_0010 ****
     575 2.5040E-01 4.4288E-04  (-0.268    ,  1.953E-03,   0.00    ) |  4.429E-04 2.441E-02
     576 2.5084E-01 4.4281E-04  ( 0.271    ,  1.953E-03,   0.00    ) |  4.428E-04 2.441E-02
     577 2.5129E-01 4.4273E-04  ( 0.271    ,  1.953E-03,   0.00    ) |  4.427E-04 2.441E-02
     578 2.5173E-01 4.4265E-04  ( 0.271    ,  1.953E-03,   0.00    ) |  4.427E-04 2.441E-02
     579 2.5217E-01 4.4258E-04  (-0.271    ,  1.953E-03,   0.00    ) |  4.426E-04 2.441E-02
     580 2.5261E-01 4.4250E-04  (-0.271    ,  1.953E-03,   0.00    ) |  4.425E-04 2.441E-02
     581 2.5306E-01 4.4242E-04  (-0.271    ,  1.953E-03,   0.00    ) |  4.424E-04 2.441E-02
     582 2.5350E-01 4.4235E-04  (-0.271    ,  1.953E-03,   0.00    ) |  4.423E-04 2.441E-02
     583 2.5394E-01 4.4227E-04  (-0.271    ,  1.953E-03,   0.00    ) |  4.423E-04 2.441E-02
     584 2.5438E-01 4.4219E-04  (-0.271    ,  1.953E-03,   0.00    ) |  4.422E-04 2.441E-02
     585 2.5483E-01 4.4212E-04  (-0.271    ,  1.953E-03,   0.00    ) |  4.421E-04 2.441E-02
     586 2.5527E-01 4.4204E-04  (-0.271    ,  1.953E-03,   0.00    ) |  4.420E-04 2.441E-02
     587 2.5571E-01 4.4196E-04  (-0.271    ,  1.953E-03,   0.00    ) |  4.420E-04 2.441E-02
     588 2.5615E-01 4.4189E-04  (-0.271    ,  1.953E-03,   0.00    ) |  4.419E-04 2.441E-02
     589 2.5659E-01 4.4181E-04  (-0.271    ,  1.953E-03,   0.00    ) |  4.418E-04 2.441E-02
     590 2.5704E-01 4.4173E-04  (-0.271    ,  1.953E-03,   0.00    ) |  4.417E-04 2.441E-02
     591 2.5748E-01 4.4166E-04  (-0.271    ,  1.953E-03,   0.00    ) |  4.417E-04 2.441E-02
     592 2.5792E-01 4.4158E-04  (-0.271    ,  1.953E-03,   0.00    ) |  4.416E-04 2.441E-02
     593 2.5836E-01 4.4150E-04  (-0.271    ,  1.953E-03,   0.00    ) |  4.415E-04 2.441E-02
     594 2.5880E-01 4.4143E-04  (-0.271    ,  1.953E-03,   0.00    ) |  4.414E-04 2.441E-02
     595 2.5924E-01 4.4135E-04  (-0.271    ,  1.953E-03,   0.00    ) |  4.414E-04 2.441E-02
     596 2.5968E-01 4.4128E-04  ( 0.271    ,  1.953E-03,   0.00    ) |  4.413E-04 2.441E-02
     597 2.6013E-01 4.4120E-04  ( 0.271    ,  1.953E-03,   0.00    ) |  4.412E-04 2.441E-02
     598 2.6057E-01 4.4112E-04  ( 0.271    ,  1.953E-03,   0.00    ) |  4.411E-04 2.441E-02
     599 2.6101E-01 4.4105E-04  ( 0.271    ,  1.953E-03,   0.00    ) |  4.410E-04 2.441E-02
     600 2.6145E-01 4.4097E-04  ( 0.271    ,  1.953E-03,   0.00    ) |  4.410E-04 2.441E-02
     601 2.6189E-01 4.4089E-04  ( 0.271    ,  1.953E-03,   0.00    ) |  4.409E-04 2.441E-02
     602 2.6233E-01 4.4082E-04  ( 0.271    ,  1.953E-03,   0.00    ) |  4.408E-04 2.441E-02
     603 2.6277E-01 4.4074E-04  ( 0.271    ,  1.953E-03,   0.00    ) |  4.407E-04 2.441E-02
     604 2.6321E-01 4.4067E-04  ( 0.271    ,  1.953E-03,   0.00    ) |  4.407E-04 2.441E-02
     605 2.6365E-01 4.4059E-04  ( 0.271    ,  1.953E-03,   0.00    ) |  4.406E-04 2.441E-02
     606 2.6409E-01 4.4051E-04  ( 0.271    ,  1.953E-03,   0.00    ) |  4.405E-04 2.441E-02
     607 2.6453E-01 4.4044E-04  ( 0.271    ,  1.953E-03,   0.00    ) |  4.404E-04 2.441E-02
     608 2.6497E-01 4.4036E-04  ( 0.271    ,  1.953E-03,   0.00    ) |  4.404E-04 2.441E-02
     609 2.6542E-01 4.4029E-04  ( 0.271    ,  1.953E-03,   0.00    ) |  4.403E-04 2.441E-02
     610 2.6586E-01 4.4021E-04  ( 0.271    ,  1.953E-03,   0.00    ) |  4.402E-04 2.441E-02
     611 2.6630E-01 4.4014E-04  ( 0.271    ,  1.953E-03,   0.00    ) |  4.401E-04 2.441E-02
     612 2.6674E-01 4.4006E-04  ( 0.271    ,  1.953E-03,   0.00    ) |  4.401E-04 2.441E-02
     613 2.6718E-01 4.3998E-04  ( 0.271    ,  1.953E-03,   0.00    ) |  4.400E-04 2.441E-02
     614 2.6762E-01 4.3991E-04  ( 0.271    ,  1.953E-03,   0.00    ) |  4.399E-04 2.441E-02
     615 2.6806E-01 4.3983E-04  ( 0.271    ,  1.953E-03,   0.00    ) |  4.398E-04 2.441E-02
     616 2.6850E-01 4.3976E-04  ( 0.271    ,  1.953E-03,   0.00    ) |  4.398E-04 2.441E-02
     617 2.6894E-01 4.3968E-04  ( 0.271    ,  1.953E-03,   0.00    ) |  4.397E-04 2.441E-02
     618 2.6937E-01 4.3960E-04  ( 0.271    ,  1.953E-03,   0.00    ) |  4.396E-04 2.441E-02
     619 2.6981E-01 4.3953E-04  ( 0.271    ,  1.953E-03,   0.00    ) |  4.395E-04 2.441E-02
     620 2.7025E-01 4.3945E-04  ( 0.271    ,  1.953E-03,   0.00    ) |  4.395E-04 2.441E-02
     621 2.7069E-01 4.3938E-04  ( 0.271    ,  1.953E-03,   0.00    ) |  4.394E-04 2.441E-02
     622 2.7113E-01 4.3930E-04  ( 0.271    ,  1.953E-03,   0.00    ) |  4.393E-04 2.441E-02
     623 2.7157E-01 4.3922E-04  ( 0.271    ,  1.953E-03,   0.00    ) |  4.392E-04 2.441E-02
     624 2.7201E-01 4.3915E-04  ( 0.271    ,  1.953E-03,   0.00    ) |  4.391E-04 2.441E-02
     625 2.7245E-01 4.3907E-04  ( 0.271    ,  1.953E-03,   0.00    ) |  4.391E-04 2.441E-02
     626 2.7289E-01 4.3900E-04  ( 0.271    ,  1.953E-03,   0.00    ) |  4.390E-04 2.441E-02
     627 2.7333E-01 4.3892E-04  ( 0.271    ,  1.953E-03,   0.00    ) |  4.389E-04 2.441E-02
     628 2.7377E-01 4.3885E-04  ( 0.271    ,  1.953E-03,   0.00    ) |  4.388E-04 2.441E-02
     629 2.7421E-01 4.3877E-04  ( 0.271    ,  1.953E-03,   0.00    ) |  4.388E-04 2.441E-02
     630 2.7465E-01 4.3870E-04  ( 0.271    ,  1.953E-03,   0.00    ) |  4.387E-04 2.441E-02
 *** Wrote plotfile to flash_run_hdf5_plt_cnt_0011 ****
     631 2.7508E-01 4.3862E-04  ( 0.271    ,  1.953E-03,   0.00    ) |  4.386E-04 2.441E-02
     632 2.7552E-01 4.3854E-04  ( 0.271    ,  1.953E-03,   0.00    ) |  4.385E-04 2.441E-02
     633 2.7596E-01 4.3847E-04  ( 0.271    ,  1.953E-03,   0.00    ) |  4.385E-04 2.441E-02
     634 2.7640E-01 4.3839E-04  ( 0.271    ,  1.953E-03,   0.00    ) |  4.384E-04 2.441E-02
     635 2.7684E-01 4.3832E-04  ( 0.271    ,  1.953E-03,   0.00    ) |  4.383E-04 2.441E-02
     636 2.7728E-01 4.3824E-04  ( 0.271    ,  1.953E-03,   0.00    ) |  4.382E-04 2.441E-02
     637 2.7771E-01 4.3816E-04  ( 0.271    ,  1.953E-03,   0.00    ) |  4.382E-04 2.441E-02
     638 2.7815E-01 4.3809E-04  ( 0.271    ,  1.953E-03,   0.00    ) |  4.381E-04 2.441E-02
     639 2.7859E-01 4.3801E-04  ( 0.271    ,  1.953E-03,   0.00    ) |  4.380E-04 2.441E-02
     640 2.7903E-01 4.3794E-04  ( 0.271    ,  1.953E-03,   0.00    ) |  4.379E-04 2.441E-02
     641 2.7947E-01 4.3786E-04  ( 0.271    ,  1.953E-03,   0.00    ) |  4.379E-04 2.441E-02
     642 2.7990E-01 4.3778E-04  ( 0.271    ,  1.953E-03,   0.00    ) |  4.378E-04 2.441E-02
     643 2.8034E-01 4.3771E-04  ( 0.271    ,  1.953E-03,   0.00    ) |  4.377E-04 2.441E-02
     644 2.8078E-01 4.3763E-04  ( 0.271    ,  1.953E-03,   0.00    ) |  4.376E-04 2.441E-02
     645 2.8122E-01 4.3756E-04  ( 0.271    ,  1.953E-03,   0.00    ) |  4.376E-04 2.441E-02
     646 2.8166E-01 4.3748E-04  ( 0.271    ,  1.953E-03,   0.00    ) |  4.375E-04 2.441E-02
     647 2.8209E-01 4.3740E-04  ( 0.271    ,  1.953E-03,   0.00    ) |  4.374E-04 2.441E-02
     648 2.8253E-01 4.3733E-04  ( 0.271    ,  1.953E-03,   0.00    ) |  4.373E-04 2.441E-02
     649 2.8297E-01 4.3725E-04  ( 0.271    ,  1.953E-03,   0.00    ) |  4.373E-04 2.441E-02
     650 2.8340E-01 4.3718E-04  ( 0.271    ,  1.953E-03,   0.00    ) |  4.372E-04 2.441E-02
     651 2.8384E-01 4.3710E-04  ( 0.271    ,  1.953E-03,   0.00    ) |  4.371E-04 2.441E-02
     652 2.8428E-01 4.3702E-04  ( 0.271    ,  1.953E-03,   0.00    ) |  4.370E-04 2.441E-02
     653 2.8472E-01 4.3695E-04  ( 0.271    ,  1.953E-03,   0.00    ) |  4.369E-04 2.441E-02
     654 2.8515E-01 4.3687E-04  ( 0.271    ,  1.953E-03,   0.00    ) |  4.369E-04 2.441E-02
     655 2.8559E-01 4.3679E-04  ( 0.271    ,  1.953E-03,   0.00    ) |  4.368E-04 2.441E-02
     656 2.8603E-01 4.3672E-04  ( 0.271    ,  1.953E-03,   0.00    ) |  4.367E-04 2.441E-02
     657 2.8646E-01 4.3664E-04  ( 0.271    ,  1.953E-03,   0.00    ) |  4.366E-04 2.441E-02
     658 2.8690E-01 4.3657E-04  ( 0.271    ,  1.953E-03,   0.00    ) |  4.366E-04 2.441E-02
     659 2.8734E-01 4.3649E-04  ( 0.271    ,  1.953E-03,   0.00    ) |  4.365E-04 2.441E-02
     660 2.8777E-01 4.3641E-04  ( 0.271    ,  1.953E-03,   0.00    ) |  4.364E-04 2.441E-02
     661 2.8821E-01 4.3634E-04  ( 0.271    ,  1.953E-03,   0.00    ) |  4.363E-04 2.441E-02
     662 2.8865E-01 4.3626E-04  (-0.271    , -1.953E-03,   0.00    ) |  4.363E-04 2.441E-02
     663 2.8908E-01 4.3618E-04  ( 0.271    ,  1.953E-03,   0.00    ) |  4.362E-04 2.441E-02
     664 2.8952E-01 4.3611E-04  (-0.271    , -1.953E-03,   0.00    ) |  4.361E-04 2.441E-02
     665 2.8995E-01 4.3603E-04  ( 0.271    ,  1.953E-03,   0.00    ) |  4.360E-04 2.441E-02
     666 2.9039E-01 4.3596E-04  ( 0.271    ,  1.953E-03,   0.00    ) |  4.360E-04 2.441E-02
     667 2.9083E-01 4.3588E-04  (-0.271    , -1.953E-03,   0.00    ) |  4.359E-04 2.441E-02
     668 2.9126E-01 4.3580E-04  (-0.271    , -1.953E-03,   0.00    ) |  4.358E-04 2.441E-02
     669 2.9170E-01 4.3573E-04  (-0.271    , -1.953E-03,   0.00    ) |  4.357E-04 2.441E-02
     670 2.9213E-01 4.3565E-04  (-0.271    , -1.953E-03,   0.00    ) |  4.357E-04 2.441E-02
     671 2.9257E-01 4.3557E-04  (-0.271    , -1.953E-03,   0.00    ) |  4.356E-04 2.441E-02
     672 2.9300E-01 4.3550E-04  (-0.271    , -1.953E-03,   0.00    ) |  4.355E-04 2.441E-02
     673 2.9344E-01 4.3542E-04  (-0.271    , -1.953E-03,   0.00    ) |  4.354E-04 2.441E-02
     674 2.9388E-01 4.3535E-04  (-0.271    , -1.953E-03,   0.00    ) |  4.353E-04 2.441E-02
     675 2.9431E-01 4.3527E-04  (-0.271    , -1.953E-03,   0.00    ) |  4.353E-04 2.441E-02
     676 2.9475E-01 4.3520E-04  (-0.271    , -1.953E-03,   0.00    ) |  4.352E-04 2.441E-02
     677 2.9518E-01 4.3512E-04  ( 0.271    , -1.953E-03,   0.00    ) |  4.351E-04 2.441E-02
     678 2.9562E-01 4.3504E-04  ( 0.271    , -1.953E-03,   0.00    ) |  4.350E-04 2.441E-02
     679 2.9605E-01 4.3497E-04  ( 0.271    ,  1.953E-03,   0.00    ) |  4.350E-04 2.441E-02
     680 2.9649E-01 4.3489E-04  ( 0.271    , -1.953E-03,   0.00    ) |  4.349E-04 2.441E-02
     681 2.9692E-01 4.3482E-04  (-0.271    , -1.953E-03,   0.00    ) |  4.348E-04 2.441E-02
     682 2.9736E-01 4.3474E-04  (-0.271    , -1.953E-03,   0.00    ) |  4.347E-04 2.441E-02
     683 2.9779E-01 4.3467E-04  (-0.271    , -1.953E-03,   0.00    ) |  4.347E-04 2.441E-02
     684 2.9823E-01 4.3459E-04  (-0.271    , -1.953E-03,   0.00    ) |  4.346E-04 2.441E-02
     685 2.9866E-01 4.3452E-04  (-0.271    , -1.953E-03,   0.00    ) |  4.345E-04 2.441E-02
     686 2.9910E-01 4.3444E-04  (-0.271    , -1.953E-03,   0.00    ) |  4.344E-04 2.441E-02
     687 2.9953E-01 4.3437E-04  (-0.271    , -1.953E-03,   0.00    ) |  4.344E-04 2.441E-02
     688 2.9996E-01 4.3429E-04  (-0.271    , -1.953E-03,   0.00    ) |  4.343E-04 2.441E-02
 *** Wrote plotfile to flash_run_hdf5_plt_cnt_0012 ****
     689 3.0040E-01 4.3422E-04  (-0.271    , -1.953E-03,   0.00    ) |  4.342E-04 2.441E-02
     690 3.0083E-01 4.3414E-04  (-0.271    , -1.953E-03,   0.00    ) |  4.341E-04 2.441E-02
     691 3.0127E-01 4.3407E-04  (-0.271    , -1.953E-03,   0.00    ) |  4.341E-04 2.441E-02
     692 3.0170E-01 4.3399E-04  ( 0.271    ,  1.953E-03,   0.00    ) |  4.340E-04 2.441E-02
     693 3.0213E-01 4.3392E-04  (-0.271    , -1.953E-03,   0.00    ) |  4.339E-04 2.441E-02
     694 3.0257E-01 4.3384E-04  ( 0.271    ,  1.953E-03,   0.00    ) |  4.338E-04 2.441E-02
     695 3.0300E-01 4.3377E-04  ( 0.271    ,  1.953E-03,   0.00    ) |  4.338E-04 2.441E-02
     696 3.0344E-01 4.3369E-04  ( 0.271    ,  1.953E-03,   0.00    ) |  4.337E-04 2.441E-02
     697 3.0387E-01 4.3362E-04  ( 0.271    ,  1.953E-03,   0.00    ) |  4.336E-04 2.441E-02
     698 3.0430E-01 4.3354E-04  ( 0.271    ,  1.953E-03,   0.00    ) |  4.335E-04 2.441E-02
     699 3.0474E-01 4.3347E-04  ( 0.271    , -1.953E-03,   0.00    ) |  4.335E-04 2.441E-02
     700 3.0517E-01 4.3339E-04  ( 0.271    ,  1.953E-03,   0.00    ) |  4.334E-04 2.441E-02
     701 3.0560E-01 4.3332E-04  ( 0.275    ,  1.953E-03,   0.00    ) |  4.333E-04 2.441E-02
     702 3.0604E-01 4.3324E-04  ( 0.275    ,  1.953E-03,   0.00    ) |  4.332E-04 2.441E-02
     703 3.0647E-01 4.3317E-04  ( 0.275    , -1.953E-03,   0.00    ) |  4.332E-04 2.441E-02
     704 3.0690E-01 4.3309E-04  ( 0.275    , -1.953E-03,   0.00    ) |  4.331E-04 2.441E-02
     705 3.0734E-01 4.3301E-04  ( 0.275    , -1.953E-03,   0.00    ) |  4.330E-04 2.441E-02
     706 3.0777E-01 4.3294E-04  ( 0.275    , -1.953E-03,   0.00    ) |  4.329E-04 2.441E-02
     707 3.0820E-01 4.3286E-04  ( 0.275    ,  1.953E-03,   0.00    ) |  4.329E-04 2.441E-02
     708 3.0864E-01 4.3279E-04  ( 0.275    ,  1.953E-03,   0.00    ) |  4.328E-04 2.441E-02
     709 3.0907E-01 4.3271E-04  ( 0.275    , -1.953E-03,   0.00    ) |  4.327E-04 2.441E-02
     710 3.0950E-01 4.3263E-04  ( 0.275    , -1.953E-03,   0.00    ) |  4.326E-04 2.441E-02
     711 3.0993E-01 4.3256E-04  (-0.275    , -1.953E-03,   0.00    ) |  4.326E-04 2.441E-02
     712 3.1037E-01 4.3248E-04  ( 0.275    , -1.953E-03,   0.00    ) |  4.325E-04 2.441E-02
     713 3.1080E-01 4.3241E-04  (-0.275    , -1.953E-03,   0.00    ) |  4.324E-04 2.441E-02
     714 3.1123E-01 4.3233E-04  ( 0.275    , -1.953E-03,   0.00    ) |  4.323E-04 2.441E-02
     715 3.1166E-01 4.3225E-04  ( 0.275    , -1.953E-03,   0.00    ) |  4.323E-04 2.441E-02
     716 3.1210E-01 4.3218E-04  ( 0.275    , -1.953E-03,   0.00    ) |  4.322E-04 2.441E-02
     717 3.1253E-01 4.3210E-04  ( 0.275    , -1.953E-03,   0.00    ) |  4.321E-04 2.441E-02
     718 3.1296E-01 4.3203E-04  ( 0.275    , -1.953E-03,   0.00    ) |  4.320E-04 2.441E-02
     719 3.1339E-01 4.3195E-04  ( 0.275    , -1.953E-03,   0.00    ) |  4.320E-04 2.441E-02
     720 3.1382E-01 4.3187E-04  ( 0.275    , -1.953E-03,   0.00    ) |  4.319E-04 2.441E-02
     721 3.1426E-01 4.3180E-04  ( 0.275    , -1.953E-03,   0.00    ) |  4.318E-04 2.441E-02
     722 3.1469E-01 4.3172E-04  ( 0.275    , -1.953E-03,   0.00    ) |  4.317E-04 2.441E-02
     723 3.1512E-01 4.3165E-04  ( 0.275    , -1.953E-03,   0.00    ) |  4.316E-04 2.441E-02
     724 3.1555E-01 4.3157E-04  ( 0.275    , -1.953E-03,   0.00    ) |  4.316E-04 2.441E-02
     725 3.1598E-01 4.3150E-04  ( 0.275    , -1.953E-03,   0.00    ) |  4.315E-04 2.441E-02
     726 3.1641E-01 4.3142E-04  ( 0.275    , -1.953E-03,   0.00    ) |  4.314E-04 2.441E-02
     727 3.1685E-01 4.3135E-04  ( 0.275    , -1.953E-03,   0.00    ) |  4.313E-04 2.441E-02
     728 3.1728E-01 4.3127E-04  ( 0.275    , -1.953E-03,   0.00    ) |  4.313E-04 2.441E-02
     729 3.1771E-01 4.3120E-04  ( 0.275    , -1.953E-03,   0.00    ) |  4.312E-04 2.441E-02
     730 3.1814E-01 4.3112E-04  ( 0.275    , -1.953E-03,   0.00    ) |  4.311E-04 2.441E-02
     731 3.1857E-01 4.3105E-04  ( 0.275    , -1.953E-03,   0.00    ) |  4.310E-04 2.441E-02
     732 3.1900E-01 4.3097E-04  ( 0.275    ,  1.953E-03,   0.00    ) |  4.310E-04 2.441E-02
     733 3.1943E-01 4.3090E-04  ( 0.275    , -1.953E-03,   0.00    ) |  4.309E-04 2.441E-02
     734 3.1986E-01 4.3083E-04  ( 0.275    , -1.953E-03,   0.00    ) |  4.308E-04 2.441E-02
     735 3.2029E-01 4.3075E-04  ( 0.275    , -1.953E-03,   0.00    ) |  4.308E-04 2.441E-02
     736 3.2072E-01 4.3068E-04  ( 0.275    , -1.953E-03,   0.00    ) |  4.307E-04 2.441E-02
     737 3.2116E-01 4.3060E-04  ( 0.275    , -1.953E-03,   0.00    ) |  4.306E-04 2.441E-02
     738 3.2159E-01 4.3053E-04  ( 0.275    , -1.953E-03,   0.00    ) |  4.305E-04 2.441E-02
     739 3.2202E-01 4.3046E-04  ( 0.275    , -1.953E-03,   0.00    ) |  4.305E-04 2.441E-02
     740 3.2245E-01 4.3038E-04  ( 0.275    , -1.953E-03,   0.00    ) |  4.304E-04 2.441E-02
     741 3.2288E-01 4.3031E-04  ( 0.275    , -1.953E-03,   0.00    ) |  4.303E-04 2.441E-02
     742 3.2331E-01 4.3024E-04  ( 0.275    , -1.953E-03,   0.00    ) |  4.302E-04 2.441E-02
     743 3.2374E-01 4.3016E-04  ( 0.275    , -1.953E-03,   0.00    ) |  4.302E-04 2.441E-02
     744 3.2417E-01 4.3009E-04  ( 0.275    , -1.953E-03,   0.00    ) |  4.301E-04 2.441E-02
     745 3.2460E-01 4.3002E-04  ( 0.275    , -1.953E-03,   0.00    ) |  4.300E-04 2.441E-02
 *** Wrote plotfile to flash_run_hdf5_plt_cnt_0013 ****
     746 3.2503E-01 4.2994E-04  ( 0.275    , -1.953E-03,   0.00    ) |  4.299E-04 2.441E-02
     747 3.2546E-01 4.2987E-04  ( 0.275    , -1.953E-03,   0.00    ) |  4.299E-04 2.441E-02
     748 3.2589E-01 4.2980E-04  ( 0.275    , -1.953E-03,   0.00    ) |  4.298E-04 2.441E-02
     749 3.2632E-01 4.2973E-04  ( 0.275    , -1.953E-03,   0.00    ) |  4.297E-04 2.441E-02
     750 3.2675E-01 4.2965E-04  ( 0.275    , -1.953E-03,   0.00    ) |  4.297E-04 2.441E-02
     751 3.2718E-01 4.2958E-04  ( 0.275    , -1.953E-03,   0.00    ) |  4.296E-04 2.441E-02
     752 3.2761E-01 4.2951E-04  ( 0.275    , -1.953E-03,   0.00    ) |  4.295E-04 2.441E-02
     753 3.2804E-01 4.2944E-04  ( 0.275    ,  1.953E-03,   0.00    ) |  4.294E-04 2.441E-02
     754 3.2847E-01 4.2937E-04  ( 0.275    ,  1.953E-03,   0.00    ) |  4.294E-04 2.441E-02
     755 3.2890E-01 4.2929E-04  ( 0.275    ,  1.953E-03,   0.00    ) |  4.293E-04 2.441E-02
     756 3.2932E-01 4.2922E-04  ( 0.275    , -1.953E-03,   0.00    ) |  4.292E-04 2.441E-02
     757 3.2975E-01 4.2915E-04  ( 0.275    ,  1.953E-03,   0.00    ) |  4.292E-04 2.441E-02
     758 3.3018E-01 4.2908E-04  ( 0.275    , -1.953E-03,   0.00    ) |  4.291E-04 2.441E-02
     759 3.3061E-01 4.2901E-04  ( 0.275    , -1.953E-03,   0.00    ) |  4.290E-04 2.441E-02
     760 3.3104E-01 4.2894E-04  ( 0.275    ,  1.953E-03,   0.00    ) |  4.289E-04 2.441E-02
     761 3.3147E-01 4.2886E-04  ( 0.275    ,  1.953E-03,   0.00    ) |  4.289E-04 2.441E-02
     762 3.3190E-01 4.2879E-04  ( 0.275    ,  1.953E-03,   0.00    ) |  4.288E-04 2.441E-02
     763 3.3233E-01 4.2872E-04  ( 0.275    ,  1.953E-03,   0.00    ) |  4.287E-04 2.441E-02
     764 3.3276E-01 4.2865E-04  ( 0.275    ,  1.953E-03,   0.00    ) |  4.287E-04 2.441E-02
     765 3.3318E-01 4.2858E-04  ( 0.275    ,  1.953E-03,   0.00    ) |  4.286E-04 2.441E-02
     766 3.3361E-01 4.2851E-04  ( 0.275    ,  1.953E-03,   0.00    ) |  4.285E-04 2.441E-02
     767 3.3404E-01 4.2844E-04  ( 0.275    , -1.953E-03,   0.00    ) |  4.284E-04 2.441E-02
     768 3.3447E-01 4.2837E-04  ( 0.275    , -1.953E-03,   0.00    ) |  4.284E-04 2.441E-02
     769 3.3490E-01 4.2829E-04  ( 0.275    , -1.953E-03,   0.00    ) |  4.283E-04 2.441E-02
     770 3.3533E-01 4.2822E-04  ( 0.275    , -1.953E-03,   0.00    ) |  4.282E-04 2.441E-02
     771 3.3576E-01 4.2815E-04  ( 0.275    , -1.953E-03,   0.00    ) |  4.282E-04 2.441E-02
     772 3.3618E-01 4.2808E-04  ( 0.275    , -1.953E-03,   0.00    ) |  4.281E-04 2.441E-02
     773 3.3661E-01 4.2801E-04  ( 0.275    , -1.953E-03,   0.00    ) |  4.280E-04 2.441E-02
     774 3.3704E-01 4.2794E-04  ( 0.275    , -1.953E-03,   0.00    ) |  4.279E-04 2.441E-02
     775 3.3747E-01 4.2787E-04  ( 0.275    , -1.953E-03,   0.00    ) |  4.279E-04 2.441E-02
     776 3.3790E-01 4.2780E-04  ( 0.275    , -1.953E-03,   0.00    ) |  4.278E-04 2.441E-02
     777 3.3832E-01 4.2773E-04  ( 0.275    , -1.953E-03,   0.00    ) |  4.277E-04 2.441E-02
     778 3.3875E-01 4.2766E-04  ( 0.275    , -1.953E-03,   0.00    ) |  4.277E-04 2.441E-02
     779 3.3918E-01 4.2759E-04  ( 0.275    , -1.953E-03,   0.00    ) |  4.276E-04 2.441E-02
     780 3.3961E-01 4.2752E-04  ( 0.275    , -1.953E-03,   0.00    ) |  4.275E-04 2.441E-02
     781 3.4003E-01 4.2745E-04  ( 0.275    , -1.953E-03,   0.00    ) |  4.274E-04 2.441E-02
     782 3.4046E-01 4.2738E-04  ( 0.275    , -1.953E-03,   0.00    ) |  4.274E-04 2.441E-02
     783 3.4089E-01 4.2730E-04  ( 0.275    , -1.953E-03,   0.00    ) |  4.273E-04 2.441E-02
     784 3.4132E-01 4.2723E-04  ( 0.275    , -1.953E-03,   0.00    ) |  4.272E-04 2.441E-02
     785 3.4174E-01 4.2716E-04  ( 0.275    , -1.953E-03,   0.00    ) |  4.272E-04 2.441E-02
     786 3.4217E-01 4.2709E-04  ( 0.275    , -1.953E-03,   0.00    ) |  4.271E-04 2.441E-02
     787 3.4260E-01 4.2702E-04  ( 0.275    , -1.953E-03,   0.00    ) |  4.270E-04 2.441E-02
     788 3.4302E-01 4.2695E-04  ( 0.275    , -1.953E-03,   0.00    ) |  4.270E-04 2.441E-02
     789 3.4345E-01 4.2688E-04  ( 0.275    , -1.953E-03,   0.00    ) |  4.269E-04 2.441E-02
     790 3.4388E-01 4.2681E-04  ( 0.275    , -1.953E-03,   0.00    ) |  4.268E-04 2.441E-02
     791 3.4430E-01 4.2674E-04  ( 0.275    , -1.953E-03,   0.00    ) |  4.267E-04 2.441E-02
     792 3.4473E-01 4.2667E-04  ( 0.275    , -1.953E-03,   0.00    ) |  4.267E-04 2.441E-02
     793 3.4516E-01 4.2659E-04  ( 0.275    , -1.953E-03,   0.00    ) |  4.266E-04 2.441E-02
     794 3.4558E-01 4.2652E-04  ( 0.275    , -1.953E-03,   0.00    ) |  4.265E-04 2.441E-02
     795 3.4601E-01 4.2645E-04  ( 0.275    , -1.953E-03,   0.00    ) |  4.265E-04 2.441E-02
     796 3.4644E-01 4.2638E-04  ( 0.275    , -1.953E-03,   0.00    ) |  4.264E-04 2.441E-02
     797 3.4686E-01 4.2631E-04  ( 0.275    , -1.953E-03,   0.00    ) |  4.263E-04 2.441E-02
     798 3.4729E-01 4.2624E-04  ( 0.275    , -1.953E-03,   0.00    ) |  4.262E-04 2.441E-02
     799 3.4772E-01 4.2617E-04  ( 0.275    , -1.953E-03,   0.00    ) |  4.262E-04 2.441E-02
     800 3.4814E-01 4.2610E-04  ( 0.275    , -1.953E-03,   0.00    ) |  4.261E-04 2.441E-02
     801 3.4857E-01 4.2602E-04  ( 0.275    , -1.953E-03,   0.00    ) |  4.260E-04 2.441E-02
     802 3.4900E-01 4.2595E-04  ( 0.275    , -1.953E-03,   0.00    ) |  4.260E-04 2.441E-02
     803 3.4942E-01 4.2588E-04  ( 0.275    , -1.953E-03,   0.00    ) |  4.259E-04 2.441E-02
     804 3.4985E-01 4.2581E-04  ( 0.275    , -1.953E-03,   0.00    ) |  4.258E-04 2.441E-02
 *** Wrote plotfile to flash_run_hdf5_plt_cnt_0014 ****
     805 3.5027E-01 4.2574E-04  ( 0.275    , -1.953E-03,   0.00    ) |  4.257E-04 2.441E-02
     806 3.5070E-01 4.2566E-04  ( 0.275    , -1.953E-03,   0.00    ) |  4.257E-04 2.441E-02
     807 3.5112E-01 4.2559E-04  ( 0.275    , -1.953E-03,   0.00    ) |  4.256E-04 2.441E-02
     808 3.5155E-01 4.2552E-04  ( 0.275    , -1.953E-03,   0.00    ) |  4.255E-04 2.441E-02
     809 3.5198E-01 4.2545E-04  ( 0.275    , -1.953E-03,   0.00    ) |  4.254E-04 2.441E-02
     810 3.5240E-01 4.2538E-04  ( 0.275    , -1.953E-03,   0.00    ) |  4.254E-04 2.441E-02
     811 3.5283E-01 4.2530E-04  ( 0.275    , -1.953E-03,   0.00    ) |  4.253E-04 2.441E-02
     812 3.5325E-01 4.2523E-04  ( 0.275    , -1.953E-03,   0.00    ) |  4.252E-04 2.441E-02
     813 3.5368E-01 4.2516E-04  ( 0.275    , -1.953E-03,   0.00    ) |  4.252E-04 2.441E-02
     814 3.5410E-01 4.2509E-04  ( 0.275    , -1.953E-03,   0.00    ) |  4.251E-04 2.441E-02
     815 3.5453E-01 4.2502E-04  ( 0.275    , -1.953E-03,   0.00    ) |  4.250E-04 2.441E-02
     816 3.5495E-01 4.2494E-04  ( 0.275    , -1.953E-03,   0.00    ) |  4.249E-04 2.441E-02
     817 3.5538E-01 4.2487E-04  ( 0.275    , -1.953E-03,   0.00    ) |  4.249E-04 2.441E-02
     818 3.5580E-01 4.2480E-04  ( 0.275    , -1.953E-03,   0.00    ) |  4.248E-04 2.441E-02
     819 3.5623E-01 4.2473E-04  ( 0.275    , -1.953E-03,   0.00    ) |  4.247E-04 2.441E-02
     820 3.5665E-01 4.2465E-04  ( 0.275    , -1.953E-03,   0.00    ) |  4.247E-04 2.441E-02
     821 3.5708E-01 4.2458E-04  ( 0.275    , -1.953E-03,   0.00    ) |  4.246E-04 2.441E-02
     822 3.5750E-01 4.2451E-04  ( 0.275    , -1.953E-03,   0.00    ) |  4.245E-04 2.441E-02
     823 3.5792E-01 4.2443E-04  ( 0.275    , -1.953E-03,   0.00    ) |  4.244E-04 2.441E-02
     824 3.5835E-01 4.2436E-04  ( 0.275    , -1.953E-03,   0.00    ) |  4.244E-04 2.441E-02
     825 3.5877E-01 4.2429E-04  ( 0.275    , -1.953E-03,   0.00    ) |  4.243E-04 2.441E-02
     826 3.5920E-01 4.2421E-04  ( 0.275    , -1.953E-03,   0.00    ) |  4.242E-04 2.441E-02
     827 3.5962E-01 4.2414E-04  ( 0.275    , -1.953E-03,   0.00    ) |  4.241E-04 2.441E-02
     828 3.6005E-01 4.2407E-04  ( 0.275    , -1.953E-03,   0.00    ) |  4.241E-04 2.441E-02
     829 3.6047E-01 4.2399E-04  ( 0.275    , -1.953E-03,   0.00    ) |  4.240E-04 2.441E-02
     830 3.6089E-01 4.2392E-04  ( 0.275    , -1.953E-03,   0.00    ) |  4.239E-04 2.441E-02
     831 3.6132E-01 4.2385E-04  ( 0.275    , -1.953E-03,   0.00    ) |  4.238E-04 2.441E-02
     832 3.6174E-01 4.2377E-04  ( 0.275    , -1.953E-03,   0.00    ) |  4.238E-04 2.441E-02
     833 3.6217E-01 4.2370E-04  ( 0.275    , -1.953E-03,   0.00    ) |  4.237E-04 2.441E-02
     834 3.6259E-01 4.2363E-04  ( 0.275    , -1.953E-03,   0.00    ) |  4.236E-04 2.441E-02
     835 3.6301E-01 4.2355E-04  ( 0.275    , -1.953E-03,   0.00    ) |  4.236E-04 2.441E-02
     836 3.6344E-01 4.2348E-04  ( 0.275    , -1.953E-03,   0.00    ) |  4.235E-04 2.441E-02
     837 3.6386E-01 4.2341E-04  ( 0.275    , -1.953E-03,   0.00    ) |  4.234E-04 2.441E-02
     838 3.6428E-01 4.2333E-04  ( 0.275    , -1.953E-03,   0.00    ) |  4.233E-04 2.441E-02
     839 3.6471E-01 4.2326E-04  ( 0.275    , -1.953E-03,   0.00    ) |  4.233E-04 2.441E-02
     840 3.6513E-01 4.2318E-04  ( 0.275    , -1.953E-03,   0.00    ) |  4.232E-04 2.441E-02
     841 3.6555E-01 4.2311E-04  ( 0.275    , -1.953E-03,   0.00    ) |  4.231E-04 2.441E-02
     842 3.6598E-01 4.2304E-04  ( 0.275    , -1.953E-03,   0.00    ) |  4.230E-04 2.441E-02
     843 3.6640E-01 4.2296E-04  ( 0.275    , -1.953E-03,   0.00    ) |  4.230E-04 2.441E-02
     844 3.6682E-01 4.2289E-04  ( 0.275    , -1.953E-03,   0.00    ) |  4.229E-04 2.441E-02
     845 3.6725E-01 4.2281E-04  ( 0.275    , -1.953E-03,   0.00    ) |  4.228E-04 2.441E-02
     846 3.6767E-01 4.2274E-04  ( 0.275    , -1.953E-03,   0.00    ) |  4.227E-04 2.441E-02
     847 3.6809E-01 4.2266E-04  ( 0.275    , -1.953E-03,   0.00    ) |  4.227E-04 2.441E-02
     848 3.6851E-01 4.2259E-04  ( 0.275    , -1.953E-03,   0.00    ) |  4.226E-04 2.441E-02
     849 3.6894E-01 4.2252E-04  ( 0.275    , -1.953E-03,   0.00    ) |  4.225E-04 2.441E-02
     850 3.6936E-01 4.2244E-04  ( 0.275    , -1.953E-03,   0.00    ) |  4.224E-04 2.441E-02
     851 3.6978E-01 4.2237E-04  ( 0.275    ,  1.953E-03,   0.00    ) |  4.224E-04 2.441E-02
     852 3.7020E-01 4.2229E-04  ( 0.275    , -1.953E-03,   0.00    ) |  4.223E-04 2.441E-02
     853 3.7063E-01 4.2222E-04  ( 0.275    , -1.953E-03,   0.00    ) |  4.222E-04 2.441E-02
     854 3.7105E-01 4.2214E-04  ( 0.275    , -1.953E-03,   0.00    ) |  4.221E-04 2.441E-02
     855 3.7147E-01 4.2207E-04  ( 0.275    , -1.953E-03,   0.00    ) |  4.221E-04 2.441E-02
     856 3.7189E-01 4.2199E-04  ( 0.275    , -1.953E-03,   0.00    ) |  4.220E-04 2.441E-02
     857 3.7231E-01 4.2192E-04  ( 0.275    ,  1.953E-03,   0.00    ) |  4.219E-04 2.441E-02
     858 3.7274E-01 4.2184E-04  ( 0.275    ,  1.953E-03,   0.00    ) |  4.218E-04 2.441E-02
     859 3.7316E-01 4.2177E-04  ( 0.275    ,  1.953E-03,   0.00    ) |  4.218E-04 2.441E-02
     860 3.7358E-01 4.2169E-04  ( 0.275    ,  1.953E-03,   0.00    ) |  4.217E-04 2.441E-02
     861 3.7400E-01 4.2162E-04  ( 0.275    ,  1.953E-03,   0.00    ) |  4.216E-04 2.441E-02
     862 3.7442E-01 4.2154E-04  ( 0.275    ,  1.953E-03,   0.00    ) |  4.215E-04 2.441E-02
     863 3.7484E-01 4.2147E-04  ( 0.275    ,  1.953E-03,   0.00    ) |  4.215E-04 2.441E-02
 *** Wrote plotfile to flash_run_hdf5_plt_cnt_0015 ****
     864 3.7527E-01 4.2139E-04  ( 0.275    ,  1.953E-03,   0.00    ) |  4.214E-04 2.441E-02
     865 3.7569E-01 4.2132E-04  ( 0.275    ,  1.953E-03,   0.00    ) |  4.213E-04 2.441E-02
     866 3.7611E-01 4.2124E-04  ( 0.275    ,  1.953E-03,   0.00    ) |  4.212E-04 2.441E-02
     867 3.7653E-01 4.2117E-04  ( 0.275    ,  1.953E-03,   0.00    ) |  4.212E-04 2.441E-02
     868 3.7695E-01 4.2109E-04  ( 0.275    ,  1.953E-03,   0.00    ) |  4.211E-04 2.441E-02
     869 3.7737E-01 4.2102E-04  ( 0.275    ,  1.953E-03,   0.00    ) |  4.210E-04 2.441E-02
     870 3.7779E-01 4.2094E-04  ( 0.275    ,  1.953E-03,   0.00    ) |  4.209E-04 2.441E-02
     871 3.7821E-01 4.2086E-04  ( 0.275    ,  1.953E-03,   0.00    ) |  4.209E-04 2.441E-02
     872 3.7864E-01 4.2079E-04  ( 0.275    ,  1.953E-03,   0.00    ) |  4.208E-04 2.441E-02
     873 3.7906E-01 4.2071E-04  ( 0.275    ,  1.953E-03,   0.00    ) |  4.207E-04 2.441E-02
     874 3.7948E-01 4.2064E-04  ( 0.275    ,  1.953E-03,   0.00    ) |  4.206E-04 2.441E-02
     875 3.7990E-01 4.2056E-04  ( 0.275    ,  1.953E-03,   0.00    ) |  4.206E-04 2.441E-02
     876 3.8032E-01 4.2049E-04  ( 0.275    ,  1.953E-03,   0.00    ) |  4.205E-04 2.441E-02
     877 3.8074E-01 4.2041E-04  ( 0.275    ,  1.953E-03,   0.00    ) |  4.204E-04 2.441E-02
     878 3.8116E-01 4.2033E-04  ( 0.275    ,  1.953E-03,   0.00    ) |  4.203E-04 2.441E-02
     879 3.8158E-01 4.2026E-04  ( 0.275    ,  1.953E-03,   0.00    ) |  4.203E-04 2.441E-02
     880 3.8200E-01 4.2018E-04  ( 0.275    ,  1.953E-03,   0.00    ) |  4.202E-04 2.441E-02
     881 3.8242E-01 4.2011E-04  ( 0.275    ,  1.953E-03,   0.00    ) |  4.201E-04 2.441E-02
     882 3.8284E-01 4.2003E-04  ( 0.275    ,  1.953E-03,   0.00    ) |  4.200E-04 2.441E-02
     883 3.8326E-01 4.1995E-04  ( 0.275    ,  1.953E-03,   0.00    ) |  4.200E-04 2.441E-02
     884 3.8368E-01 4.1988E-04  ( 0.275    ,  1.953E-03,   0.00    ) |  4.199E-04 2.441E-02
     885 3.8410E-01 4.1980E-04  ( 0.275    ,  1.953E-03,   0.00    ) |  4.198E-04 2.441E-02
     886 3.8452E-01 4.1973E-04  ( 0.275    ,  1.953E-03,   0.00    ) |  4.197E-04 2.441E-02
     887 3.8494E-01 4.1965E-04  ( 0.275    ,  1.953E-03,   0.00    ) |  4.197E-04 2.441E-02
     888 3.8536E-01 4.1957E-04  (-0.275    , -1.953E-03,   0.00    ) |  4.196E-04 2.441E-02
     889 3.8578E-01 4.1950E-04  (-0.275    , -1.953E-03,   0.00    ) |  4.195E-04 2.441E-02
     890 3.8620E-01 4.1942E-04  (-0.275    , -1.953E-03,   0.00    ) |  4.194E-04 2.441E-02
     891 3.8662E-01 4.1935E-04  (-0.275    , -1.953E-03,   0.00    ) |  4.193E-04 2.441E-02
     892 3.8704E-01 4.1927E-04  (-0.275    , -1.953E-03,   0.00    ) |  4.193E-04 2.441E-02
     893 3.8746E-01 4.1919E-04  ( 0.275    ,  1.953E-03,   0.00    ) |  4.192E-04 2.441E-02
     894 3.8788E-01 4.1912E-04  (-0.275    , -1.953E-03,   0.00    ) |  4.191E-04 2.441E-02
     895 3.8829E-01 4.1904E-04  (-0.275    , -1.953E-03,   0.00    ) |  4.190E-04 2.441E-02
     896 3.8871E-01 4.1897E-04  (-0.275    , -1.953E-03,   0.00    ) |  4.190E-04 2.441E-02
     897 3.8913E-01 4.1889E-04  (-0.275    , -1.953E-03,   0.00    ) |  4.189E-04 2.441E-02
     898 3.8955E-01 4.1881E-04  (-0.275    , -1.953E-03,   0.00    ) |  4.188E-04 2.441E-02
     899 3.8997E-01 4.1874E-04  (-0.275    , -1.953E-03,   0.00    ) |  4.187E-04 2.441E-02
     900 3.9039E-01 4.1866E-04  (-0.275    , -1.953E-03,   0.00    ) |  4.187E-04 2.441E-02
     901 3.9081E-01 4.1858E-04  (-0.275    , -1.953E-03,   0.00    ) |  4.186E-04 2.441E-02
     902 3.9123E-01 4.1851E-04  ( 0.275    ,  1.953E-03,   0.00    ) |  4.185E-04 2.441E-02
     903 3.9164E-01 4.1843E-04  ( 0.275    ,  1.953E-03,   0.00    ) |  4.184E-04 2.441E-02
     904 3.9206E-01 4.1835E-04  ( 0.275    ,  1.953E-03,   0.00    ) |  4.184E-04 2.441E-02
     905 3.9248E-01 4.1828E-04  ( 0.275    ,  1.953E-03,   0.00    ) |  4.183E-04 2.441E-02
     906 3.9290E-01 4.1820E-04  (-0.275    ,  1.953E-03,   0.00    ) |  4.182E-04 2.441E-02
     907 3.9332E-01 4.1812E-04  ( 0.275    ,  1.953E-03,   0.00    ) |  4.181E-04 2.441E-02
     908 3.9374E-01 4.1805E-04  ( 0.275    ,  1.953E-03,   0.00    ) |  4.180E-04 2.441E-02
     909 3.9415E-01 4.1797E-04  ( 0.275    ,  1.953E-03,   0.00    ) |  4.180E-04 2.441E-02
     910 3.9457E-01 4.1789E-04  ( 0.275    ,  1.953E-03,   0.00    ) |  4.179E-04 2.441E-02
     911 3.9499E-01 4.1782E-04  ( 0.275    ,  1.953E-03,   0.00    ) |  4.178E-04 2.441E-02
     912 3.9541E-01 4.1774E-04  ( 0.279    ,  1.953E-03,   0.00    ) |  4.177E-04 2.441E-02
     913 3.9583E-01 4.1766E-04  ( 0.279    ,  1.953E-03,   0.00    ) |  4.177E-04 2.441E-02
     914 3.9624E-01 4.1758E-04  ( 0.279    ,  1.953E-03,   0.00    ) |  4.176E-04 2.441E-02
     915 3.9666E-01 4.1751E-04  ( 0.279    ,  1.953E-03,   0.00    ) |  4.175E-04 2.441E-02
     916 3.9708E-01 4.1743E-04  ( 0.279    ,  1.953E-03,   0.00    ) |  4.174E-04 2.441E-02
     917 3.9750E-01 4.1735E-04  ( 0.279    ,  1.953E-03,   0.00    ) |  4.174E-04 2.441E-02
     918 3.9791E-01 4.1727E-04  ( 0.279    ,  1.953E-03,   0.00    ) |  4.173E-04 2.441E-02
     919 3.9833E-01 4.1720E-04  ( 0.279    ,  1.953E-03,   0.00    ) |  4.172E-04 2.441E-02
     920 3.9875E-01 4.1712E-04  (-0.279    , -1.953E-03,   0.00    ) |  4.171E-04 2.441E-02
     921 3.9916E-01 4.1704E-04  (-0.279    , -1.953E-03,   0.00    ) |  4.170E-04 2.441E-02
     922 3.9958E-01 4.1696E-04  ( 0.279    ,  1.953E-03,   0.00    ) |  4.170E-04 2.441E-02
     923 4.0000E-01 4.1689E-04  (-0.279    , -1.953E-03,   0.00    ) |  4.169E-04 2.441E-02
 *** Wrote plotfile to flash_run_hdf5_plt_cnt_0016 ****
     924 4.0042E-01 4.1681E-04  ( 0.279    ,  1.953E-03,   0.00    ) |  4.168E-04 2.441E-02
     925 4.0083E-01 4.1673E-04  ( 0.279    ,  1.953E-03,   0.00    ) |  4.167E-04 2.441E-02
     926 4.0125E-01 4.1666E-04  (-0.279    , -1.953E-03,   0.00    ) |  4.167E-04 2.441E-02
     927 4.0167E-01 4.1658E-04  ( 0.279    ,  1.953E-03,   0.00    ) |  4.166E-04 2.441E-02
     928 4.0208E-01 4.1650E-04  (-0.279    , -1.953E-03,   0.00    ) |  4.165E-04 2.441E-02
     929 4.0250E-01 4.1642E-04  (-0.279    , -1.953E-03,   0.00    ) |  4.164E-04 2.441E-02
     930 4.0291E-01 4.1635E-04  (-0.279    , -1.953E-03,   0.00    ) |  4.163E-04 2.441E-02
     931 4.0333E-01 4.1627E-04  ( 0.279    ,  1.953E-03,   0.00    ) |  4.163E-04 2.441E-02
     932 4.0375E-01 4.1619E-04  (-0.279    , -1.953E-03,   0.00    ) |  4.162E-04 2.441E-02
     933 4.0416E-01 4.1612E-04  ( 0.279    ,  1.953E-03,   0.00    ) |  4.161E-04 2.441E-02
     934 4.0458E-01 4.1604E-04  (-0.279    , -1.953E-03,   0.00    ) |  4.160E-04 2.441E-02
     935 4.0500E-01 4.1596E-04  (-0.279    ,  1.953E-03,   0.00    ) |  4.160E-04 2.441E-02
     936 4.0541E-01 4.1589E-04  (-0.279    ,  1.953E-03,   0.00    ) |  4.159E-04 2.441E-02
     937 4.0583E-01 4.1581E-04  ( 0.279    ,  1.953E-03,   0.00    ) |  4.158E-04 2.441E-02
     938 4.0624E-01 4.1573E-04  ( 0.279    ,  1.953E-03,   0.00    ) |  4.157E-04 2.441E-02
     939 4.0666E-01 4.1565E-04  ( 0.279    ,  1.953E-03,   0.00    ) |  4.157E-04 2.441E-02
     940 4.0708E-01 4.1558E-04  ( 0.279    ,  1.953E-03,   0.00    ) |  4.156E-04 2.441E-02
     941 4.0749E-01 4.1550E-04  ( 0.279    ,  1.953E-03,   0.00    ) |  4.155E-04 2.441E-02
     942 4.0791E-01 4.1542E-04  ( 0.279    ,  1.953E-03,   0.00    ) |  4.154E-04 2.441E-02
     943 4.0832E-01 4.1534E-04  ( 0.279    ,  1.953E-03,   0.00    ) |  4.153E-04 2.441E-02
     944 4.0874E-01 4.1527E-04  ( 0.279    ,  1.953E-03,   0.00    ) |  4.153E-04 2.441E-02
     945 4.0915E-01 4.1519E-04  ( 0.279    ,  1.953E-03,   0.00    ) |  4.152E-04 2.441E-02
     946 4.0957E-01 4.1511E-04  ( 0.279    ,  1.953E-03,   0.00    ) |  4.151E-04 2.441E-02
     947 4.0998E-01 4.1503E-04  ( 0.279    ,  1.953E-03,   0.00    ) |  4.150E-04 2.441E-02
     948 4.1040E-01 4.1496E-04  ( 0.279    ,  1.953E-03,   0.00    ) |  4.150E-04 2.441E-02
     949 4.1081E-01 4.1488E-04  ( 0.279    ,  1.953E-03,   0.00    ) |  4.149E-04 2.441E-02
     950 4.1123E-01 4.1480E-04  ( 0.279    ,  1.953E-03,   0.00    ) |  4.148E-04 2.441E-02
     951 4.1164E-01 4.1472E-04  ( 0.279    ,  1.953E-03,   0.00    ) |  4.147E-04 2.441E-02
     952 4.1206E-01 4.1465E-04  ( 0.279    ,  1.953E-03,   0.00    ) |  4.146E-04 2.441E-02
     953 4.1247E-01 4.1457E-04  ( 0.279    ,  1.953E-03,   0.00    ) |  4.146E-04 2.441E-02
     954 4.1289E-01 4.1449E-04  ( 0.279    ,  1.953E-03,   0.00    ) |  4.145E-04 2.441E-02
     955 4.1330E-01 4.1441E-04  ( 0.279    ,  1.953E-03,   0.00    ) |  4.144E-04 2.441E-02
     956 4.1371E-01 4.1433E-04  ( 0.279    ,  1.953E-03,   0.00    ) |  4.143E-04 2.441E-02
     957 4.1413E-01 4.1426E-04  ( 0.279    ,  1.953E-03,   0.00    ) |  4.143E-04 2.441E-02
     958 4.1454E-01 4.1418E-04  ( 0.279    ,  1.953E-03,   0.00    ) |  4.142E-04 2.441E-02
     959 4.1496E-01 4.1410E-04  ( 0.279    ,  1.953E-03,   0.00    ) |  4.141E-04 2.441E-02
     960 4.1537E-01 4.1402E-04  ( 0.279    ,  1.953E-03,   0.00    ) |  4.140E-04 2.441E-02
     961 4.1579E-01 4.1395E-04  ( 0.279    ,  1.953E-03,   0.00    ) |  4.139E-04 2.441E-02
     962 4.1620E-01 4.1387E-04  ( 0.279    ,  1.953E-03,   0.00    ) |  4.139E-04 2.441E-02
     963 4.1661E-01 4.1379E-04  ( 0.279    ,  1.953E-03,   0.00    ) |  4.138E-04 2.441E-02
     964 4.1703E-01 4.1371E-04  ( 0.279    ,  1.953E-03,   0.00    ) |  4.137E-04 2.441E-02
     965 4.1744E-01 4.1363E-04  ( 0.279    ,  1.953E-03,   0.00    ) |  4.136E-04 2.441E-02
     966 4.1785E-01 4.1356E-04  ( 0.279    ,  1.953E-03,   0.00    ) |  4.136E-04 2.441E-02
     967 4.1827E-01 4.1348E-04  ( 0.279    ,  1.953E-03,   0.00    ) |  4.135E-04 2.441E-02
     968 4.1868E-01 4.1340E-04  ( 0.279    ,  1.953E-03,   0.00    ) |  4.134E-04 2.441E-02
     969 4.1910E-01 4.1332E-04  ( 0.279    ,  1.953E-03,   0.00    ) |  4.133E-04 2.441E-02
     970 4.1951E-01 4.1325E-04  ( 0.279    ,  1.953E-03,   0.00    ) |  4.132E-04 2.441E-02
     971 4.1992E-01 4.1317E-04  ( 0.279    ,  1.953E-03,   0.00    ) |  4.132E-04 2.441E-02
     972 4.2033E-01 4.1309E-04  ( 0.279    ,  1.953E-03,   0.00    ) |  4.131E-04 2.441E-02
     973 4.2075E-01 4.1301E-04  ( 0.279    ,  1.953E-03,   0.00    ) |  4.130E-04 2.441E-02
     974 4.2116E-01 4.1293E-04  ( 0.279    ,  1.953E-03,   0.00    ) |  4.129E-04 2.441E-02
     975 4.2157E-01 4.1286E-04  ( 0.279    ,  1.953E-03,   0.00    ) |  4.129E-04 2.441E-02
     976 4.2199E-01 4.1278E-04  ( 0.279    ,  1.953E-03,   0.00    ) |  4.128E-04 2.441E-02
     977 4.2240E-01 4.1270E-04  ( 0.279    ,  1.953E-03,   0.00    ) |  4.127E-04 2.441E-02
     978 4.2281E-01 4.1262E-04  ( 0.279    ,  1.953E-03,   0.00    ) |  4.126E-04 2.441E-02
     979 4.2322E-01 4.1254E-04  ( 0.279    ,  1.953E-03,   0.00    ) |  4.125E-04 2.441E-02
     980 4.2364E-01 4.1247E-04  ( 0.279    ,  1.953E-03,   0.00    ) |  4.125E-04 2.441E-02
     981 4.2405E-01 4.1239E-04  ( 0.279    ,  1.953E-03,   0.00    ) |  4.124E-04 2.441E-02
     982 4.2446E-01 4.1231E-04  ( 0.279    ,  1.953E-03,   0.00    ) |  4.123E-04 2.441E-02
     983 4.2487E-01 4.1223E-04  ( 0.279    ,  1.953E-03,   0.00    ) |  4.122E-04 2.441E-02
 *** Wrote plotfile to flash_run_hdf5_plt_cnt_0017 ****
     984 4.2529E-01 4.1216E-04  ( 0.279    ,  1.953E-03,   0.00    ) |  4.122E-04 2.441E-02
     985 4.2570E-01 4.1208E-04  ( 0.279    ,  1.953E-03,   0.00    ) |  4.121E-04 2.441E-02
     986 4.2611E-01 4.1200E-04  ( 0.279    ,  1.953E-03,   0.00    ) |  4.120E-04 2.441E-02
     987 4.2652E-01 4.1192E-04  ( 0.279    ,  1.953E-03,   0.00    ) |  4.119E-04 2.441E-02
     988 4.2694E-01 4.1184E-04  ( 0.279    ,  1.953E-03,   0.00    ) |  4.118E-04 2.441E-02
     989 4.2735E-01 4.1177E-04  ( 0.279    ,  1.953E-03,   0.00    ) |  4.118E-04 2.441E-02
     990 4.2776E-01 4.1169E-04  ( 0.279    ,  1.953E-03,   0.00    ) |  4.117E-04 2.441E-02
     991 4.2817E-01 4.1161E-04  (-0.279    ,  1.953E-03,   0.00    ) |  4.116E-04 2.441E-02
     992 4.2858E-01 4.1153E-04  ( 0.279    ,  1.953E-03,   0.00    ) |  4.115E-04 2.441E-02
     993 4.2899E-01 4.1145E-04  ( 0.279    ,  1.953E-03,   0.00    ) |  4.115E-04 2.441E-02
     994 4.2940E-01 4.1138E-04  ( 0.279    ,  1.953E-03,   0.00    ) |  4.114E-04 2.441E-02
     995 4.2982E-01 4.1130E-04  ( 0.279    ,  1.953E-03,   0.00    ) |  4.113E-04 2.441E-02
     996 4.3023E-01 4.1122E-04  ( 0.279    ,  1.953E-03,   0.00    ) |  4.112E-04 2.441E-02
     997 4.3064E-01 4.1114E-04  ( 0.279    ,  1.953E-03,   0.00    ) |  4.111E-04 2.441E-02
     998 4.3105E-01 4.1106E-04  ( 0.279    ,  1.953E-03,   0.00    ) |  4.111E-04 2.441E-02
     999 4.3146E-01 4.1099E-04  ( 0.279    ,  1.953E-03,   0.00    ) |  4.110E-04 2.441E-02
    1000 4.3187E-01 4.1091E-04  ( 0.279    ,  1.953E-03,   0.00    ) |  4.109E-04 2.441E-02
    1001 4.3228E-01 4.1083E-04  ( 0.279    ,  1.953E-03,   0.00    ) |  4.108E-04 2.441E-02
    1002 4.3269E-01 4.1075E-04  ( 0.279    ,  1.953E-03,   0.00    ) |  4.108E-04 2.441E-02
    1003 4.3310E-01 4.1068E-04  ( 0.279    ,  1.953E-03,   0.00    ) |  4.107E-04 2.441E-02
    1004 4.3352E-01 4.1060E-04  ( 0.283    ,  1.953E-03,   0.00    ) |  4.106E-04 2.441E-02
    1005 4.3393E-01 4.1052E-04  ( 0.283    ,  1.953E-03,   0.00    ) |  4.105E-04 2.441E-02
    1006 4.3434E-01 4.1044E-04  ( 0.283    ,  1.953E-03,   0.00    ) |  4.104E-04 2.441E-02
    1007 4.3475E-01 4.1036E-04  ( 0.283    ,  1.953E-03,   0.00    ) |  4.104E-04 2.441E-02
    1008 4.3516E-01 4.1028E-04  ( 0.283    ,  1.953E-03,   0.00    ) |  4.103E-04 2.441E-02
    1009 4.3557E-01 4.1020E-04  ( 0.283    ,  1.953E-03,   0.00    ) |  4.102E-04 2.441E-02
    1010 4.3598E-01 4.1013E-04  ( 0.283    ,  1.953E-03,   0.00    ) |  4.101E-04 2.441E-02
    1011 4.3639E-01 4.1005E-04  ( 0.283    ,  1.953E-03,   0.00    ) |  4.100E-04 2.441E-02
    1012 4.3680E-01 4.0997E-04  ( 0.283    ,  1.953E-03,   0.00    ) |  4.100E-04 2.441E-02
    1013 4.3721E-01 4.0989E-04  ( 0.283    ,  1.953E-03,   0.00    ) |  4.099E-04 2.441E-02
    1014 4.3762E-01 4.0981E-04  ( 0.283    ,  1.953E-03,   0.00    ) |  4.098E-04 2.441E-02
    1015 4.3803E-01 4.0973E-04  ( 0.283    ,  1.953E-03,   0.00    ) |  4.097E-04 2.441E-02
    1016 4.3844E-01 4.0966E-04  ( 0.283    ,  1.953E-03,   0.00    ) |  4.097E-04 2.441E-02
    1017 4.3885E-01 4.0958E-04  ( 0.283    ,  1.953E-03,   0.00    ) |  4.096E-04 2.441E-02
    1018 4.3926E-01 4.0950E-04  ( 0.283    ,  1.953E-03,   0.00    ) |  4.095E-04 2.441E-02
    1019 4.3967E-01 4.0942E-04  ( 0.283    ,  1.953E-03,   0.00    ) |  4.094E-04 2.441E-02
    1020 4.4008E-01 4.0934E-04  ( 0.283    ,  1.953E-03,   0.00    ) |  4.093E-04 2.441E-02
    1021 4.4048E-01 4.0926E-04  (-0.283    ,  1.953E-03,   0.00    ) |  4.093E-04 2.441E-02
    1022 4.4089E-01 4.0918E-04  (-0.283    ,  1.953E-03,   0.00    ) |  4.092E-04 2.441E-02
    1023 4.4130E-01 4.0911E-04  (-0.283    ,  1.953E-03,   0.00    ) |  4.091E-04 2.441E-02
    1024 4.4171E-01 4.0903E-04  (-0.283    ,  1.953E-03,   0.00    ) |  4.090E-04 2.441E-02
    1025 4.4212E-01 4.0895E-04  (-0.283    ,  1.953E-03,   0.00    ) |  4.089E-04 2.441E-02
    1026 4.4253E-01 4.0887E-04  (-0.283    ,  1.953E-03,   0.00    ) |  4.089E-04 2.441E-02
    1027 4.4294E-01 4.0879E-04  (-0.283    ,  1.953E-03,   0.00    ) |  4.088E-04 2.441E-02
    1028 4.4335E-01 4.0871E-04  (-0.283    ,  1.953E-03,   0.00    ) |  4.087E-04 2.441E-02
    1029 4.4376E-01 4.0863E-04  (-0.283    ,  1.953E-03,   0.00    ) |  4.086E-04 2.441E-02
    1030 4.4417E-01 4.0855E-04  (-0.283    ,  1.953E-03,   0.00    ) |  4.086E-04 2.441E-02
    1031 4.4457E-01 4.0848E-04  (-0.283    ,  1.953E-03,   0.00    ) |  4.085E-04 2.441E-02
    1032 4.4498E-01 4.0840E-04  (-0.283    ,  1.953E-03,   0.00    ) |  4.084E-04 2.441E-02
    1033 4.4539E-01 4.0832E-04  (-0.283    ,  1.953E-03,   0.00    ) |  4.083E-04 2.441E-02
    1034 4.4580E-01 4.0824E-04  (-0.283    ,  1.953E-03,   0.00    ) |  4.082E-04 2.441E-02
    1035 4.4621E-01 4.0816E-04  (-0.283    ,  1.953E-03,   0.00    ) |  4.082E-04 2.441E-02
    1036 4.4662E-01 4.0808E-04  (-0.283    ,  1.953E-03,   0.00    ) |  4.081E-04 2.441E-02
    1037 4.4702E-01 4.0800E-04  (-0.283    ,  1.953E-03,   0.00    ) |  4.080E-04 2.441E-02
    1038 4.4743E-01 4.0792E-04  (-0.283    ,  1.953E-03,   0.00    ) |  4.079E-04 2.441E-02
    1039 4.4784E-01 4.0784E-04  (-0.283    ,  1.953E-03,   0.00    ) |  4.078E-04 2.441E-02
    1040 4.4825E-01 4.0777E-04  (-0.283    ,  1.953E-03,   0.00    ) |  4.078E-04 2.441E-02
    1041 4.4865E-01 4.0769E-04  (-0.283    ,  1.953E-03,   0.00    ) |  4.077E-04 2.441E-02
    1042 4.4906E-01 4.0761E-04  (-0.283    ,  1.953E-03,   0.00    ) |  4.076E-04 2.441E-02
    1043 4.4947E-01 4.0753E-04  (-0.283    ,  1.953E-03,   0.00    ) |  4.075E-04 2.441E-02
    1044 4.4988E-01 4.0745E-04  (-0.283    ,  1.953E-03,   0.00    ) |  4.075E-04 2.441E-02
 *** Wrote plotfile to flash_run_hdf5_plt_cnt_0018 ****
    1045 4.5029E-01 4.0737E-04  ( 0.283    ,  1.953E-03,   0.00    ) |  4.074E-04 2.441E-02
    1046 4.5069E-01 4.0729E-04  (-0.283    ,  1.953E-03,   0.00    ) |  4.073E-04 2.441E-02
    1047 4.5110E-01 4.0721E-04  ( 0.283    ,  1.953E-03,   0.00    ) |  4.072E-04 2.441E-02
    1048 4.5151E-01 4.0714E-04  (-0.283    ,  1.953E-03,   0.00    ) |  4.071E-04 2.441E-02
    1049 4.5191E-01 4.0706E-04  (-0.283    ,  1.953E-03,   0.00    ) |  4.071E-04 2.441E-02
    1050 4.5232E-01 4.0698E-04  (-0.283    ,  1.953E-03,   0.00    ) |  4.070E-04 2.441E-02
    1051 4.5273E-01 4.0690E-04  (-0.283    ,  1.953E-03,   0.00    ) |  4.069E-04 2.441E-02
    1052 4.5314E-01 4.0682E-04  (-0.283    ,  1.953E-03,   0.00    ) |  4.068E-04 2.441E-02
    1053 4.5354E-01 4.0674E-04  (-0.283    ,  1.953E-03,   0.00    ) |  4.067E-04 2.441E-02
    1054 4.5395E-01 4.0666E-04  (-0.283    ,  1.953E-03,   0.00    ) |  4.067E-04 2.441E-02
    1055 4.5436E-01 4.0658E-04  (-0.283    ,  1.953E-03,   0.00    ) |  4.066E-04 2.441E-02
    1056 4.5476E-01 4.0650E-04  (-0.283    ,  1.953E-03,   0.00    ) |  4.065E-04 2.441E-02
    1057 4.5517E-01 4.0643E-04  (-0.283    ,  1.953E-03,   0.00    ) |  4.064E-04 2.441E-02
    1058 4.5557E-01 4.0635E-04  (-0.283    ,  1.953E-03,   0.00    ) |  4.063E-04 2.441E-02
    1059 4.5598E-01 4.0627E-04  (-0.283    ,  1.953E-03,   0.00    ) |  4.063E-04 2.441E-02
    1060 4.5639E-01 4.0619E-04  (-0.283    ,  1.953E-03,   0.00    ) |  4.062E-04 2.441E-02
    1061 4.5679E-01 4.0611E-04  (-0.283    ,  1.953E-03,   0.00    ) |  4.061E-04 2.441E-02
    1062 4.5720E-01 4.0603E-04  (-0.287    ,  1.953E-03,   0.00    ) |  4.060E-04 2.441E-02
    1063 4.5761E-01 4.0595E-04  (-0.287    ,  1.953E-03,   0.00    ) |  4.060E-04 2.441E-02
    1064 4.5801E-01 4.0587E-04  (-0.287    ,  1.953E-03,   0.00    ) |  4.059E-04 2.441E-02
    1065 4.5842E-01 4.0579E-04  (-0.287    ,  1.953E-03,   0.00    ) |  4.058E-04 2.441E-02
    1066 4.5882E-01 4.0571E-04  (-0.287    ,  1.953E-03,   0.00    ) |  4.057E-04 2.441E-02
    1067 4.5923E-01 4.0563E-04  (-0.287    ,  1.953E-03,   0.00    ) |  4.056E-04 2.441E-02
    1068 4.5963E-01 4.0555E-04  (-0.287    ,  1.953E-03,   0.00    ) |  4.056E-04 2.441E-02
    1069 4.6004E-01 4.0547E-04  (-0.287    ,  1.953E-03,   0.00    ) |  4.055E-04 2.441E-02
    1070 4.6045E-01 4.0539E-04  (-0.287    ,  1.953E-03,   0.00    ) |  4.054E-04 2.441E-02
    1071 4.6085E-01 4.0531E-04  (-0.287    ,  1.953E-03,   0.00    ) |  4.053E-04 2.441E-02
    1072 4.6126E-01 4.0523E-04  (-0.287    ,  1.953E-03,   0.00    ) |  4.052E-04 2.441E-02
    1073 4.6166E-01 4.0515E-04  (-0.287    ,  1.953E-03,   0.00    ) |  4.052E-04 2.441E-02
    1074 4.6207E-01 4.0507E-04  (-0.287    ,  1.953E-03,   0.00    ) |  4.051E-04 2.441E-02
    1075 4.6247E-01 4.0499E-04  (-0.287    ,  1.953E-03,   0.00    ) |  4.050E-04 2.441E-02
    1076 4.6288E-01 4.0492E-04  (-0.287    ,  1.953E-03,   0.00    ) |  4.049E-04 2.441E-02
    1077 4.6328E-01 4.0484E-04  (-0.287    ,  1.953E-03,   0.00    ) |  4.048E-04 2.441E-02
    1078 4.6369E-01 4.0476E-04  (-0.287    ,  1.953E-03,   0.00    ) |  4.048E-04 2.441E-02
    1079 4.6409E-01 4.0468E-04  (-0.287    ,  1.953E-03,   0.00    ) |  4.047E-04 2.441E-02
    1080 4.6450E-01 4.0460E-04  ( 0.287    , -1.953E-03,   0.00    ) |  4.046E-04 2.441E-02
    1081 4.6490E-01 4.0452E-04  ( 0.287    , -1.953E-03,   0.00    ) |  4.045E-04 2.441E-02
    1082 4.6531E-01 4.0444E-04  ( 0.287    , -1.953E-03,   0.00    ) |  4.044E-04 2.441E-02
    1083 4.6571E-01 4.0436E-04  ( 0.287    , -1.953E-03,   0.00    ) |  4.044E-04 2.441E-02
    1084 4.6611E-01 4.0428E-04  ( 0.287    , -1.953E-03,   0.00    ) |  4.043E-04 2.441E-02
    1085 4.6652E-01 4.0420E-04  ( 0.287    , -1.953E-03,   0.00    ) |  4.042E-04 2.441E-02
    1086 4.6692E-01 4.0412E-04  ( 0.287    , -1.953E-03,   0.00    ) |  4.041E-04 2.441E-02
    1087 4.6733E-01 4.0404E-04  ( 0.287    , -1.953E-03,   0.00    ) |  4.040E-04 2.441E-02
    1088 4.6773E-01 4.0396E-04  ( 0.287    , -1.953E-03,   0.00    ) |  4.040E-04 2.441E-02
    1089 4.6813E-01 4.0388E-04  ( 0.287    , -1.953E-03,   0.00    ) |  4.039E-04 2.441E-02
    1090 4.6854E-01 4.0380E-04  ( 0.287    , -1.953E-03,   0.00    ) |  4.038E-04 2.441E-02
    1091 4.6894E-01 4.0372E-04  ( 0.287    , -1.953E-03,   0.00    ) |  4.037E-04 2.441E-02
    1092 4.6935E-01 4.0364E-04  ( 0.287    , -1.953E-03,   0.00    ) |  4.036E-04 2.441E-02
    1093 4.6975E-01 4.0356E-04  (-0.287    ,  1.953E-03,   0.00    ) |  4.036E-04 2.441E-02
    1094 4.7015E-01 4.0348E-04  (-0.287    ,  1.953E-03,   0.00    ) |  4.035E-04 2.441E-02
    1095 4.7056E-01 4.0340E-04  ( 0.287    , -1.953E-03,   0.00    ) |  4.034E-04 2.441E-02
    1096 4.7096E-01 4.0332E-04  ( 0.287    , -1.953E-03,   0.00    ) |  4.033E-04 2.441E-02
    1097 4.7136E-01 4.0324E-04  (-0.287    ,  1.953E-03,   0.00    ) |  4.032E-04 2.441E-02
    1098 4.7177E-01 4.0316E-04  (-0.287    ,  1.953E-03,   0.00    ) |  4.032E-04 2.441E-02
    1099 4.7217E-01 4.0308E-04  (-0.287    ,  1.953E-03,   0.00    ) |  4.031E-04 2.441E-02
    1100 4.7257E-01 4.0300E-04  (-0.287    ,  1.953E-03,   0.00    ) |  4.030E-04 2.441E-02
    1101 4.7298E-01 4.0293E-04  (-0.287    ,  1.953E-03,   0.00    ) |  4.029E-04 2.441E-02
    1102 4.7338E-01 4.0285E-04  (-0.287    ,  1.953E-03,   0.00    ) |  4.028E-04 2.441E-02
    1103 4.7378E-01 4.0277E-04  (-0.287    ,  1.953E-03,   0.00    ) |  4.028E-04 2.441E-02
    1104 4.7418E-01 4.0269E-04  (-0.287    ,  1.953E-03,   0.00    ) |  4.027E-04 2.441E-02
    1105 4.7459E-01 4.0261E-04  (-0.287    ,  1.953E-03,   0.00    ) |  4.026E-04 2.441E-02
    1106 4.7499E-01 4.0253E-04  (-0.287    ,  1.953E-03,   0.00    ) |  4.025E-04 2.441E-02
 *** Wrote plotfile to flash_run_hdf5_plt_cnt_0019 ****
    1107 4.7539E-01 4.0245E-04  (-0.287    ,  1.953E-03,   0.00    ) |  4.024E-04 2.441E-02
    1108 4.7579E-01 4.0237E-04  (-0.291    ,  1.953E-03,   0.00    ) |  4.024E-04 2.441E-02
    1109 4.7620E-01 4.0229E-04  (-0.291    ,  1.953E-03,   0.00    ) |  4.023E-04 2.441E-02
    1110 4.7660E-01 4.0221E-04  ( 0.291    , -1.953E-03,   0.00    ) |  4.022E-04 2.441E-02
    1111 4.7700E-01 4.0213E-04  ( 0.291    , -1.953E-03,   0.00    ) |  4.021E-04 2.441E-02
    1112 4.7740E-01 4.0205E-04  ( 0.291    , -1.953E-03,   0.00    ) |  4.020E-04 2.441E-02
    1113 4.7781E-01 4.0197E-04  (-0.291    ,  1.953E-03,   0.00    ) |  4.020E-04 2.441E-02
    1114 4.7821E-01 4.0189E-04  ( 0.291    , -1.953E-03,   0.00    ) |  4.019E-04 2.441E-02
    1115 4.7861E-01 4.0181E-04  ( 0.291    , -1.953E-03,   0.00    ) |  4.018E-04 2.441E-02
    1116 4.7901E-01 4.0173E-04  ( 0.291    ,  1.953E-03,   0.00    ) |  4.017E-04 2.441E-02
    1117 4.7941E-01 4.0165E-04  ( 0.291    ,  1.953E-03,   0.00    ) |  4.016E-04 2.441E-02
    1118 4.7981E-01 4.0157E-04  ( 0.291    ,  1.953E-03,   0.00    ) |  4.016E-04 2.441E-02
    1119 4.8022E-01 4.0149E-04  ( 0.291    ,  1.953E-03,   0.00    ) |  4.015E-04 2.441E-02
    1120 4.8062E-01 4.0141E-04  ( 0.291    ,  1.953E-03,   0.00    ) |  4.014E-04 2.441E-02
    1121 4.8102E-01 4.0133E-04  ( 0.291    ,  1.953E-03,   0.00    ) |  4.013E-04 2.441E-02
    1122 4.8142E-01 4.0125E-04  ( 0.291    ,  1.953E-03,   0.00    ) |  4.012E-04 2.441E-02
    1123 4.8182E-01 4.0117E-04  ( 0.291    ,  1.953E-03,   0.00    ) |  4.012E-04 2.441E-02
    1124 4.8222E-01 4.0109E-04  ( 0.291    ,  1.953E-03,   0.00    ) |  4.011E-04 2.441E-02
    1125 4.8262E-01 4.0101E-04  ( 0.291    ,  1.953E-03,   0.00    ) |  4.010E-04 2.441E-02
    1126 4.8303E-01 4.0093E-04  ( 0.291    ,  1.953E-03,   0.00    ) |  4.009E-04 2.441E-02
    1127 4.8343E-01 4.0085E-04  ( 0.291    ,  1.953E-03,   0.00    ) |  4.008E-04 2.441E-02
    1128 4.8383E-01 4.0077E-04  ( 0.291    ,  1.953E-03,   0.00    ) |  4.008E-04 2.441E-02
    1129 4.8423E-01 4.0069E-04  ( 0.291    ,  1.953E-03,   0.00    ) |  4.007E-04 2.441E-02
    1130 4.8463E-01 4.0061E-04  ( 0.291    ,  1.953E-03,   0.00    ) |  4.006E-04 2.441E-02
    1131 4.8503E-01 4.0053E-04  ( 0.291    ,  1.953E-03,   0.00    ) |  4.005E-04 2.441E-02
    1132 4.8543E-01 4.0045E-04  ( 0.291    ,  1.953E-03,   0.00    ) |  4.004E-04 2.441E-02
    1133 4.8583E-01 4.0037E-04  ( 0.291    ,  1.953E-03,   0.00    ) |  4.004E-04 2.441E-02
    1134 4.8623E-01 4.0029E-04  ( 0.291    ,  1.953E-03,   0.00    ) |  4.003E-04 2.441E-02
    1135 4.8663E-01 4.0021E-04  ( 0.291    ,  1.953E-03,   0.00    ) |  4.002E-04 2.441E-02
    1136 4.8703E-01 4.0013E-04  ( 0.291    ,  1.953E-03,   0.00    ) |  4.001E-04 2.441E-02
    1137 4.8743E-01 4.0005E-04  ( 0.291    ,  1.953E-03,   0.00    ) |  4.001E-04 2.441E-02
    1138 4.8783E-01 3.9997E-04  ( 0.291    ,  1.953E-03,   0.00    ) |  4.000E-04 2.441E-02
    1139 4.8823E-01 3.9989E-04  ( 0.291    ,  1.953E-03,   0.00    ) |  3.999E-04 2.441E-02
    1140 4.8863E-01 3.9981E-04  ( 0.291    ,  1.953E-03,   0.00    ) |  3.998E-04 2.441E-02
    1141 4.8903E-01 3.9973E-04  ( 0.291    ,  1.953E-03,   0.00    ) |  3.997E-04 2.441E-02
    1142 4.8943E-01 3.9966E-04  ( 0.291    ,  1.953E-03,   0.00    ) |  3.997E-04 2.441E-02
    1143 4.8983E-01 3.9958E-04  ( 0.291    ,  1.953E-03,   0.00    ) |  3.996E-04 2.441E-02
    1144 4.9023E-01 3.9950E-04  ( 0.291    ,  1.953E-03,   0.00    ) |  3.995E-04 2.441E-02
    1145 4.9063E-01 3.9942E-04  ( 0.291    ,  1.953E-03,   0.00    ) |  3.994E-04 2.441E-02
    1146 4.9103E-01 3.9934E-04  ( 0.291    ,  1.953E-03,   0.00    ) |  3.993E-04 2.441E-02
    1147 4.9143E-01 3.9926E-04  ( 0.291    ,  1.953E-03,   0.00    ) |  3.993E-04 2.441E-02
    1148 4.9183E-01 3.9918E-04  ( 0.295    ,  1.953E-03,   0.00    ) |  3.992E-04 2.441E-02
    1149 4.9223E-01 3.9910E-04  ( 0.295    ,  1.953E-03,   0.00    ) |  3.991E-04 2.441E-02
    1150 4.9263E-01 3.9902E-04  ( 0.295    ,  1.953E-03,   0.00    ) |  3.990E-04 2.441E-02
    1151 4.9302E-01 3.9894E-04  ( 0.295    ,  1.953E-03,   0.00    ) |  3.989E-04 2.441E-02
    1152 4.9342E-01 3.9886E-04  ( 0.295    ,  1.953E-03,   0.00    ) |  3.989E-04 2.441E-02
    1153 4.9382E-01 3.9878E-04  ( 0.295    ,  1.953E-03,   0.00    ) |  3.988E-04 2.441E-02
    1154 4.9422E-01 3.9871E-04  ( 0.295    ,  1.953E-03,   0.00    ) |  3.987E-04 2.441E-02
    1155 4.9462E-01 3.9863E-04  ( 0.295    ,  1.953E-03,   0.00    ) |  3.986E-04 2.441E-02
    1156 4.9502E-01 3.9855E-04  ( 0.295    ,  1.953E-03,   0.00    ) |  3.985E-04 2.441E-02
    1157 4.9542E-01 3.9847E-04  ( 0.295    ,  1.953E-03,   0.00    ) |  3.985E-04 2.441E-02
    1158 4.9582E-01 3.9839E-04  ( 0.295    ,  1.953E-03,   0.00    ) |  3.984E-04 2.441E-02
    1159 4.9621E-01 3.9831E-04  ( 0.295    ,  1.953E-03,   0.00    ) |  3.983E-04 2.441E-02
    1160 4.9661E-01 3.9823E-04  ( 0.295    ,  1.953E-03,   0.00    ) |  3.982E-04 2.441E-02
    1161 4.9701E-01 3.9815E-04  ( 0.295    ,  1.953E-03,   0.00    ) |  3.982E-04 2.441E-02
    1162 4.9741E-01 3.9807E-04  ( 0.295    ,  1.953E-03,   0.00    ) |  3.981E-04 2.441E-02
    1163 4.9781E-01 3.9799E-04  ( 0.295    ,  1.953E-03,   0.00    ) |  3.980E-04 2.441E-02
    1164 4.9820E-01 3.9792E-04  ( 0.295    ,  1.953E-03,   0.00    ) |  3.979E-04 2.441E-02
    1165 4.9860E-01 3.9784E-04  ( 0.295    ,  1.953E-03,   0.00    ) |  3.978E-04 2.441E-02
    1166 4.9900E-01 3.9776E-04  ( 0.295    ,  1.953E-03,   0.00    ) |  3.978E-04 2.441E-02
    1167 4.9940E-01 3.9768E-04  ( 0.295    ,  1.953E-03,   0.00    ) |  3.977E-04 2.441E-02
    1168 4.9980E-01 3.9760E-04  ( 0.295    ,  1.953E-03,   0.00    ) |  3.976E-04 2.441E-02
 *** Wrote plotfile to flash_run_hdf5_plt_cnt_0020 ****
    1169 5.0019E-01 3.9752E-04  ( 0.295    ,  1.953E-03,   0.00    ) |  3.975E-04 2.441E-02
    1170 5.0059E-01 3.9745E-04  ( 0.295    ,  1.953E-03,   0.00    ) |  3.974E-04 2.441E-02
    1171 5.0099E-01 3.9737E-04  ( 0.295    ,  1.953E-03,   0.00    ) |  3.974E-04 2.441E-02
    1172 5.0139E-01 3.9729E-04  ( 0.295    ,  1.953E-03,   0.00    ) |  3.973E-04 2.441E-02
    1173 5.0178E-01 3.9721E-04  ( 0.295    ,  1.953E-03,   0.00    ) |  3.972E-04 2.441E-02
    1174 5.0218E-01 3.9713E-04  ( 0.295    ,  1.953E-03,   0.00    ) |  3.971E-04 2.441E-02
    1175 5.0258E-01 3.9706E-04  ( 0.295    ,  1.953E-03,   0.00    ) |  3.971E-04 2.441E-02
    1176 5.0297E-01 3.9698E-04  ( 0.295    ,  1.953E-03,   0.00    ) |  3.970E-04 2.441E-02
    1177 5.0337E-01 3.9690E-04  ( 0.295    ,  1.953E-03,   0.00    ) |  3.969E-04 2.441E-02
    1178 5.0377E-01 3.9682E-04  ( 0.295    ,  1.953E-03,   0.00    ) |  3.968E-04 2.441E-02
    1179 5.0417E-01 3.9675E-04  ( 0.295    ,  1.953E-03,   0.00    ) |  3.967E-04 2.441E-02
    1180 5.0456E-01 3.9667E-04  ( 0.295    ,  1.953E-03,   0.00    ) |  3.967E-04 2.441E-02
    1181 5.0496E-01 3.9660E-04  ( 0.295    ,  1.953E-03,   0.00    ) |  3.966E-04 2.441E-02
    1182 5.0536E-01 3.9652E-04  ( 0.299    ,  1.953E-03,   0.00    ) |  3.965E-04 2.441E-02
    1183 5.0575E-01 3.9644E-04  ( 0.299    ,  1.953E-03,   0.00    ) |  3.964E-04 2.441E-02
    1184 5.0615E-01 3.9636E-04  ( 0.299    ,  1.953E-03,   0.00    ) |  3.964E-04 2.441E-02
    1185 5.0654E-01 3.9628E-04  ( 0.299    ,  1.953E-03,   0.00    ) |  3.963E-04 2.441E-02
    1186 5.0694E-01 3.9620E-04  ( 0.299    ,  1.953E-03,   0.00    ) |  3.962E-04 2.441E-02
    1187 5.0734E-01 3.9613E-04  ( 0.299    ,  1.953E-03,   0.00    ) |  3.961E-04 2.441E-02
    1188 5.0773E-01 3.9605E-04  ( 0.299    ,  1.953E-03,   0.00    ) |  3.960E-04 2.441E-02
    1189 5.0813E-01 3.9597E-04  ( 0.299    ,  1.953E-03,   0.00    ) |  3.960E-04 2.441E-02
    1190 5.0853E-01 3.9589E-04  ( 0.299    ,  1.953E-03,   0.00    ) |  3.959E-04 2.441E-02
    1191 5.0892E-01 3.9582E-04  ( 0.299    ,  1.953E-03,   0.00    ) |  3.958E-04 2.441E-02
    1192 5.0932E-01 3.9574E-04  ( 0.299    ,  1.953E-03,   0.00    ) |  3.957E-04 2.441E-02
    1193 5.0971E-01 3.9566E-04  ( 0.299    ,  1.953E-03,   0.00    ) |  3.957E-04 2.441E-02
    1194 5.1011E-01 3.9559E-04  ( 0.299    ,  1.953E-03,   0.00    ) |  3.956E-04 2.441E-02
    1195 5.1050E-01 3.9551E-04  ( 0.299    ,  1.953E-03,   0.00    ) |  3.955E-04 2.441E-02
    1196 5.1090E-01 3.9543E-04  ( 0.299    ,  1.953E-03,   0.00    ) |  3.954E-04 2.441E-02
    1197 5.1129E-01 3.9535E-04  ( 0.299    ,  1.953E-03,   0.00    ) |  3.954E-04 2.441E-02
    1198 5.1169E-01 3.9528E-04  ( 0.299    ,  1.953E-03,   0.00    ) |  3.953E-04 2.441E-02
    1199 5.1209E-01 3.9520E-04  ( 0.299    ,  1.953E-03,   0.00    ) |  3.952E-04 2.441E-02
    1200 5.1248E-01 3.9512E-04  ( 0.299    ,  1.953E-03,   0.00    ) |  3.951E-04 2.441E-02
    1201 5.1288E-01 3.9505E-04  ( 0.299    ,  1.953E-03,   0.00    ) |  3.950E-04 2.441E-02
    1202 5.1327E-01 3.9497E-04  ( 0.299    ,  1.953E-03,   0.00    ) |  3.950E-04 2.441E-02
    1203 5.1367E-01 3.9489E-04  (-0.299    , -1.953E-03,   0.00    ) |  3.949E-04 2.441E-02
    1204 5.1406E-01 3.9482E-04  (-0.299    , -1.953E-03,   0.00    ) |  3.948E-04 2.441E-02
    1205 5.1446E-01 3.9474E-04  (-0.299    , -1.953E-03,   0.00    ) |  3.947E-04 2.441E-02
    1206 5.1485E-01 3.9467E-04  (-0.299    , -1.953E-03,   0.00    ) |  3.947E-04 2.441E-02
    1207 5.1524E-01 3.9459E-04  (-0.299    , -1.953E-03,   0.00    ) |  3.946E-04 2.441E-02
    1208 5.1564E-01 3.9452E-04  (-0.299    , -1.953E-03,   0.00    ) |  3.945E-04 2.441E-02
    1209 5.1603E-01 3.9444E-04  (-0.299    , -1.953E-03,   0.00    ) |  3.944E-04 2.441E-02
    1210 5.1643E-01 3.9437E-04  (-0.299    , -1.953E-03,   0.00    ) |  3.944E-04 2.441E-02
    1211 5.1682E-01 3.9429E-04  (-0.299    , -1.953E-03,   0.00    ) |  3.943E-04 2.441E-02
    1212 5.1722E-01 3.9422E-04  (-0.303    , -1.953E-03,   0.00    ) |  3.942E-04 2.441E-02
    1213 5.1761E-01 3.9414E-04  (-0.303    , -1.953E-03,   0.00    ) |  3.941E-04 2.441E-02
    1214 5.1801E-01 3.9406E-04  (-0.303    , -1.953E-03,   0.00    ) |  3.941E-04 2.441E-02
    1215 5.1840E-01 3.9399E-04  (-0.303    , -1.953E-03,   0.00    ) |  3.940E-04 2.441E-02
    1216 5.1879E-01 3.9391E-04  (-0.303    , -1.953E-03,   0.00    ) |  3.939E-04 2.441E-02
    1217 5.1919E-01 3.9384E-04  (-0.303    , -1.953E-03,   0.00    ) |  3.938E-04 2.441E-02
    1218 5.1958E-01 3.9376E-04  (-0.303    , -1.953E-03,   0.00    ) |  3.938E-04 2.441E-02
    1219 5.1997E-01 3.9368E-04  (-0.303    , -1.953E-03,   0.00    ) |  3.937E-04 2.441E-02
    1220 5.2037E-01 3.9361E-04  (-0.303    , -1.953E-03,   0.00    ) |  3.936E-04 2.441E-02
    1221 5.2076E-01 3.9353E-04  (-0.303    , -1.953E-03,   0.00    ) |  3.935E-04 2.441E-02
    1222 5.2116E-01 3.9346E-04  (-0.303    , -1.953E-03,   0.00    ) |  3.935E-04 2.441E-02
    1223 5.2155E-01 3.9338E-04  (-0.303    , -1.953E-03,   0.00    ) |  3.934E-04 2.441E-02
    1224 5.2194E-01 3.9331E-04  (-0.303    , -1.953E-03,   0.00    ) |  3.933E-04 2.441E-02
    1225 5.2234E-01 3.9323E-04  (-0.303    , -1.953E-03,   0.00    ) |  3.932E-04 2.441E-02
    1226 5.2273E-01 3.9315E-04  (-0.303    , -1.953E-03,   0.00    ) |  3.932E-04 2.441E-02
    1227 5.2312E-01 3.9308E-04  (-0.303    , -1.953E-03,   0.00    ) |  3.931E-04 2.441E-02
    1228 5.2352E-01 3.9300E-04  (-0.303    , -1.953E-03,   0.00    ) |  3.930E-04 2.441E-02
    1229 5.2391E-01 3.9293E-04  (-0.303    , -1.953E-03,   0.00    ) |  3.929E-04 2.441E-02
    1230 5.2430E-01 3.9286E-04  (-0.303    , -1.953E-03,   0.00    ) |  3.929E-04 2.441E-02
    1231 5.2469E-01 3.9278E-04  (-0.303    , -1.953E-03,   0.00    ) |  3.928E-04 2.441E-02
 *** Wrote plotfile to flash_run_hdf5_plt_cnt_0021 ****
    1232 5.2509E-01 3.9271E-04  (-0.303    , -1.953E-03,   0.00    ) |  3.927E-04 2.441E-02
    1233 5.2548E-01 3.9264E-04  ( 0.303    , -1.953E-03,   0.00    ) |  3.926E-04 2.441E-02
    1234 5.2587E-01 3.9256E-04  ( 0.303    , -1.953E-03,   0.00    ) |  3.926E-04 2.441E-02
    1235 5.2626E-01 3.9249E-04  ( 0.303    , -1.953E-03,   0.00    ) |  3.925E-04 2.441E-02
    1236 5.2666E-01 3.9242E-04  ( 0.303    , -1.953E-03,   0.00    ) |  3.924E-04 2.441E-02
    1237 5.2705E-01 3.9234E-04  (-0.303    , -1.953E-03,   0.00    ) |  3.923E-04 2.441E-02
    1238 5.2744E-01 3.9227E-04  ( 0.303    , -1.953E-03,   0.00    ) |  3.923E-04 2.441E-02
    1239 5.2783E-01 3.9220E-04  ( 0.303    , -1.953E-03,   0.00    ) |  3.922E-04 2.441E-02
    1240 5.2823E-01 3.9212E-04  (-0.303    , -1.953E-03,   0.00    ) |  3.921E-04 2.441E-02
    1241 5.2862E-01 3.9205E-04  (-0.307    , -1.953E-03,   0.00    ) |  3.920E-04 2.441E-02
    1242 5.2901E-01 3.9198E-04  (-0.307    , -1.953E-03,   0.00    ) |  3.920E-04 2.441E-02
    1243 5.2940E-01 3.9190E-04  (-0.307    , -1.953E-03,   0.00    ) |  3.919E-04 2.441E-02
    1244 5.2979E-01 3.9183E-04  (-0.307    , -1.953E-03,   0.00    ) |  3.918E-04 2.441E-02
    1245 5.3019E-01 3.9175E-04  (-0.307    , -1.953E-03,   0.00    ) |  3.918E-04 2.441E-02
    1246 5.3058E-01 3.9168E-04  (-0.307    , -1.953E-03,   0.00    ) |  3.917E-04 2.441E-02
    1247 5.3097E-01 3.9160E-04  (-0.307    , -1.953E-03,   0.00    ) |  3.916E-04 2.441E-02
    1248 5.3136E-01 3.9153E-04  (-0.307    , -1.953E-03,   0.00    ) |  3.915E-04 2.441E-02
    1249 5.3175E-01 3.9146E-04  (-0.307    , -1.953E-03,   0.00    ) |  3.915E-04 2.441E-02
    1250 5.3214E-01 3.9138E-04  (-0.307    , -1.953E-03,   0.00    ) |  3.914E-04 2.441E-02
    1251 5.3254E-01 3.9131E-04  (-0.307    , -1.953E-03,   0.00    ) |  3.913E-04 2.441E-02
    1252 5.3293E-01 3.9123E-04  (-0.307    , -1.953E-03,   0.00    ) |  3.912E-04 2.441E-02
    1253 5.3332E-01 3.9116E-04  (-0.307    , -1.953E-03,   0.00    ) |  3.912E-04 2.441E-02
    1254 5.3371E-01 3.9109E-04  (-0.307    , -1.953E-03,   0.00    ) |  3.911E-04 2.441E-02
    1255 5.3410E-01 3.9102E-04  (-0.307    , -1.953E-03,   0.00    ) |  3.910E-04 2.441E-02
    1256 5.3449E-01 3.9094E-04  ( 0.307    , -1.953E-03,   0.00    ) |  3.909E-04 2.441E-02
    1257 5.3488E-01 3.9087E-04  ( 0.307    , -1.953E-03,   0.00    ) |  3.909E-04 2.441E-02
    1258 5.3527E-01 3.9080E-04  ( 0.307    , -1.953E-03,   0.00    ) |  3.908E-04 2.441E-02
    1259 5.3566E-01 3.9073E-04  ( 0.307    , -1.953E-03,   0.00    ) |  3.907E-04 2.441E-02
    1260 5.3606E-01 3.9065E-04  ( 0.307    , -1.953E-03,   0.00    ) |  3.907E-04 2.441E-02
    1261 5.3645E-01 3.9058E-04  ( 0.307    , -1.953E-03,   0.00    ) |  3.906E-04 2.441E-02
    1262 5.3684E-01 3.9051E-04  ( 0.307    , -1.953E-03,   0.00    ) |  3.905E-04 2.441E-02
    1263 5.3723E-01 3.9044E-04  ( 0.307    , -1.953E-03,   0.00    ) |  3.904E-04 2.441E-02
    1264 5.3762E-01 3.9037E-04  ( 0.307    , -1.953E-03,   0.00    ) |  3.904E-04 2.441E-02
    1265 5.3801E-01 3.9030E-04  ( 0.307    , -1.953E-03,   0.00    ) |  3.903E-04 2.441E-02
    1266 5.3840E-01 3.9023E-04  ( 0.307    , -1.953E-03,   0.00    ) |  3.902E-04 2.441E-02
    1267 5.3879E-01 3.9016E-04  ( 0.307    , -1.953E-03,   0.00    ) |  3.902E-04 2.441E-02
    1268 5.3918E-01 3.9009E-04  ( 0.311    , -1.953E-03,   0.00    ) |  3.901E-04 2.441E-02
    1269 5.3957E-01 3.9001E-04  ( 0.311    , -1.953E-03,   0.00    ) |  3.900E-04 2.441E-02
    1270 5.3996E-01 3.8994E-04  ( 0.311    , -1.953E-03,   0.00    ) |  3.899E-04 2.441E-02
    1271 5.4035E-01 3.8987E-04  ( 0.311    , -1.953E-03,   0.00    ) |  3.899E-04 2.441E-02
    1272 5.4074E-01 3.8980E-04  ( 0.311    , -1.953E-03,   0.00    ) |  3.898E-04 2.441E-02
    1273 5.4113E-01 3.8973E-04  ( 0.311    , -1.953E-03,   0.00    ) |  3.897E-04 2.441E-02
    1274 5.4152E-01 3.8965E-04  ( 0.311    , -1.953E-03,   0.00    ) |  3.897E-04 2.441E-02
    1275 5.4191E-01 3.8958E-04  ( 0.311    , -1.953E-03,   0.00    ) |  3.896E-04 2.441E-02
    1276 5.4230E-01 3.8951E-04  ( 0.311    , -1.953E-03,   0.00    ) |  3.895E-04 2.441E-02
    1277 5.4269E-01 3.8944E-04  ( 0.311    , -1.953E-03,   0.00    ) |  3.894E-04 2.441E-02
    1278 5.4308E-01 3.8937E-04  (-0.311    , -1.953E-03,   0.00    ) |  3.894E-04 2.441E-02
    1279 5.4347E-01 3.8929E-04  (-0.311    , -1.953E-03,   0.00    ) |  3.893E-04 2.441E-02
    1280 5.4385E-01 3.8922E-04  (-0.311    , -1.953E-03,   0.00    ) |  3.892E-04 2.441E-02
    1281 5.4424E-01 3.8915E-04  (-0.311    , -1.953E-03,   0.00    ) |  3.892E-04 2.441E-02
    1282 5.4463E-01 3.8908E-04  (-0.311    , -1.953E-03,   0.00    ) |  3.891E-04 2.441E-02
    1283 5.4502E-01 3.8901E-04  (-0.311    , -1.953E-03,   0.00    ) |  3.890E-04 2.441E-02
    1284 5.4541E-01 3.8894E-04  (-0.311    , -1.953E-03,   0.00    ) |  3.889E-04 2.441E-02
    1285 5.4580E-01 3.8887E-04  (-0.311    , -1.953E-03,   0.00    ) |  3.889E-04 2.441E-02
    1286 5.4619E-01 3.8881E-04  (-0.311    , -1.953E-03,   0.00    ) |  3.888E-04 2.441E-02
    1287 5.4658E-01 3.8874E-04  (-0.311    ,  1.953E-03,   0.00    ) |  3.887E-04 2.441E-02
    1288 5.4697E-01 3.8867E-04  (-0.311    ,  1.953E-03,   0.00    ) |  3.887E-04 2.441E-02
    1289 5.4736E-01 3.8860E-04  (-0.311    ,  1.953E-03,   0.00    ) |  3.886E-04 2.441E-02
    1290 5.4774E-01 3.8853E-04  (-0.311    ,  1.953E-03,   0.00    ) |  3.885E-04 2.441E-02
    1291 5.4813E-01 3.8846E-04  (-0.311    ,  1.953E-03,   0.00    ) |  3.885E-04 2.441E-02
    1292 5.4852E-01 3.8839E-04  (-0.311    ,  1.953E-03,   0.00    ) |  3.884E-04 2.441E-02
    1293 5.4891E-01 3.8832E-04  (-0.311    ,  1.953E-03,   0.00    ) |  3.883E-04 2.441E-02
    1294 5.4930E-01 3.8826E-04  (-0.314    ,  1.953E-03,   0.00    ) |  3.883E-04 2.441E-02
    1295 5.4969E-01 3.8819E-04  (-0.314    ,  1.953E-03,   0.00    ) |  3.882E-04 2.441E-02
 *** Wrote plotfile to flash_run_hdf5_plt_cnt_0022 ****
    1296 5.5007E-01 3.8812E-04  (-0.314    ,  1.953E-03,   0.00    ) |  3.881E-04 2.441E-02
    1297 5.5046E-01 3.8804E-04  ( 0.314    , -1.953E-03,   0.00    ) |  3.880E-04 2.441E-02
    1298 5.5085E-01 3.8797E-04  ( 0.314    , -1.953E-03,   0.00    ) |  3.880E-04 2.441E-02
    1299 5.5124E-01 3.8790E-04  ( 0.314    , -1.953E-03,   0.00    ) |  3.879E-04 2.441E-02
    1300 5.5163E-01 3.8783E-04  ( 0.314    , -1.953E-03,   0.00    ) |  3.878E-04 2.441E-02
    1301 5.5201E-01 3.8776E-04  ( 0.314    , -1.953E-03,   0.00    ) |  3.878E-04 2.441E-02
    1302 5.5240E-01 3.8769E-04  ( 0.314    , -1.953E-03,   0.00    ) |  3.877E-04 2.441E-02
    1303 5.5279E-01 3.8763E-04  ( 0.314    , -1.953E-03,   0.00    ) |  3.876E-04 2.441E-02
    1304 5.5318E-01 3.8756E-04  ( 0.314    ,  1.953E-03,   0.00    ) |  3.876E-04 2.441E-02
    1305 5.5356E-01 3.8749E-04  ( 0.314    ,  1.953E-03,   0.00    ) |  3.875E-04 2.441E-02
    1306 5.5395E-01 3.8742E-04  ( 0.314    ,  1.953E-03,   0.00    ) |  3.874E-04 2.441E-02
    1307 5.5434E-01 3.8735E-04  ( 0.314    ,  1.953E-03,   0.00    ) |  3.874E-04 2.441E-02
    1308 5.5473E-01 3.8729E-04  ( 0.314    ,  1.953E-03,   0.00    ) |  3.873E-04 2.441E-02
    1309 5.5511E-01 3.8722E-04  (-0.314    ,  1.953E-03,   0.00    ) |  3.872E-04 2.441E-02
    1310 5.5550E-01 3.8715E-04  (-0.314    ,  1.953E-03,   0.00    ) |  3.872E-04 2.441E-02
    1311 5.5589E-01 3.8708E-04  (-0.314    ,  1.953E-03,   0.00    ) |  3.871E-04 2.441E-02
    1312 5.5628E-01 3.8702E-04  (-0.314    ,  1.953E-03,   0.00    ) |  3.870E-04 2.441E-02
    1313 5.5666E-01 3.8695E-04  (-0.314    ,  1.953E-03,   0.00    ) |  3.870E-04 2.441E-02
    1314 5.5705E-01 3.8688E-04  (-0.314    ,  1.953E-03,   0.00    ) |  3.869E-04 2.441E-02
    1315 5.5744E-01 3.8682E-04  (-0.314    ,  1.953E-03,   0.00    ) |  3.868E-04 2.441E-02
    1316 5.5782E-01 3.8675E-04  (-0.314    ,  1.953E-03,   0.00    ) |  3.868E-04 2.441E-02
    1317 5.5821E-01 3.8669E-04  (-0.314    ,  1.953E-03,   0.00    ) |  3.867E-04 2.441E-02
    1318 5.5860E-01 3.8662E-04  (-0.314    ,  1.953E-03,   0.00    ) |  3.866E-04 2.441E-02
    1319 5.5898E-01 3.8655E-04  (-0.314    ,  1.953E-03,   0.00    ) |  3.866E-04 2.441E-02
    1320 5.5937E-01 3.8649E-04  (-0.318    ,  1.953E-03,   0.00    ) |  3.865E-04 2.441E-02
    1321 5.5976E-01 3.8642E-04  (-0.318    ,  1.953E-03,   0.00    ) |  3.864E-04 2.441E-02
    1322 5.6014E-01 3.8635E-04  (-0.318    ,  1.953E-03,   0.00    ) |  3.864E-04 2.441E-02
    1323 5.6053E-01 3.8628E-04  (-0.318    ,  1.953E-03,   0.00    ) |  3.863E-04 2.441E-02
    1324 5.6092E-01 3.8622E-04  (-0.318    ,  1.953E-03,   0.00    ) |  3.862E-04 2.441E-02
    1325 5.6130E-01 3.8615E-04  ( 0.318    , -1.953E-03,   0.00    ) |  3.861E-04 2.441E-02
    1326 5.6169E-01 3.8608E-04  ( 0.318    , -1.953E-03,   0.00    ) |  3.861E-04 2.441E-02
    1327 5.6207E-01 3.8601E-04  ( 0.318    , -1.953E-03,   0.00    ) |  3.860E-04 2.441E-02
    1328 5.6246E-01 3.8595E-04  ( 0.318    , -1.953E-03,   0.00    ) |  3.859E-04 2.441E-02
    1329 5.6285E-01 3.8588E-04  ( 0.318    , -1.953E-03,   0.00    ) |  3.859E-04 2.441E-02
    1330 5.6323E-01 3.8582E-04  ( 0.318    , -1.953E-03,   0.00    ) |  3.858E-04 2.441E-02
    1331 5.6362E-01 3.8575E-04  ( 0.318    , -1.953E-03,   0.00    ) |  3.858E-04 2.441E-02
    1332 5.6400E-01 3.8569E-04  ( 0.318    , -1.953E-03,   0.00    ) |  3.857E-04 2.441E-02
    1333 5.6439E-01 3.8562E-04  ( 0.318    , -1.953E-03,   0.00    ) |  3.856E-04 2.441E-02
    1334 5.6477E-01 3.8556E-04  ( 0.318    , -1.953E-03,   0.00    ) |  3.856E-04 2.441E-02
    1335 5.6516E-01 3.8549E-04  ( 0.318    , -1.953E-03,   0.00    ) |  3.855E-04 2.441E-02
    1336 5.6555E-01 3.8543E-04  ( 0.318    , -1.953E-03,   0.00    ) |  3.854E-04 2.441E-02
    1337 5.6593E-01 3.8536E-04  ( 0.318    , -1.953E-03,   0.00    ) |  3.854E-04 2.441E-02
    1338 5.6632E-01 3.8530E-04  ( 0.318    , -1.953E-03,   0.00    ) |  3.853E-04 2.441E-02
    1339 5.6670E-01 3.8524E-04  ( 0.318    , -1.953E-03,   0.00    ) |  3.852E-04 2.441E-02
    1340 5.6709E-01 3.8517E-04  ( 0.318    , -1.953E-03,   0.00    ) |  3.852E-04 2.441E-02
    1341 5.6747E-01 3.8511E-04  (-0.318    ,  1.953E-03,   0.00    ) |  3.851E-04 2.441E-02
    1342 5.6786E-01 3.8505E-04  (-0.318    ,  1.953E-03,   0.00    ) |  3.850E-04 2.441E-02
    1343 5.6824E-01 3.8498E-04  (-0.318    ,  1.953E-03,   0.00    ) |  3.850E-04 2.441E-02
    1344 5.6863E-01 3.8492E-04  (-0.318    ,  1.953E-03,   0.00    ) |  3.849E-04 2.441E-02
    1345 5.6901E-01 3.8485E-04  (-0.318    ,  1.953E-03,   0.00    ) |  3.849E-04 2.441E-02
    1346 5.6940E-01 3.8479E-04  ( 0.322    , -1.953E-03,   0.00    ) |  3.848E-04 2.441E-02
    1347 5.6978E-01 3.8472E-04  (-0.322    ,  1.953E-03,   0.00    ) |  3.847E-04 2.441E-02
    1348 5.7017E-01 3.8466E-04  ( 0.322    , -1.953E-03,   0.00    ) |  3.847E-04 2.441E-02
    1349 5.7055E-01 3.8459E-04  ( 0.322    , -1.953E-03,   0.00    ) |  3.846E-04 2.441E-02
    1350 5.7094E-01 3.8453E-04  ( 0.322    , -1.953E-03,   0.00    ) |  3.845E-04 2.441E-02
    1351 5.7132E-01 3.8446E-04  ( 0.322    , -1.953E-03,   0.00    ) |  3.845E-04 2.441E-02
    1352 5.7170E-01 3.8440E-04  (-0.322    ,  1.953E-03,   0.00    ) |  3.844E-04 2.441E-02
    1353 5.7209E-01 3.8434E-04  ( 0.322    , -1.953E-03,   0.00    ) |  3.843E-04 2.441E-02
    1354 5.7247E-01 3.8427E-04  (-0.322    ,  1.953E-03,   0.00    ) |  3.843E-04 2.441E-02
    1355 5.7286E-01 3.8421E-04  (-0.322    ,  1.953E-03,   0.00    ) |  3.842E-04 2.441E-02
    1356 5.7324E-01 3.8415E-04  (-0.322    ,  1.953E-03,   0.00    ) |  3.841E-04 2.441E-02
    1357 5.7363E-01 3.8408E-04  (-0.322    ,  1.953E-03,   0.00    ) |  3.841E-04 2.441E-02
    1358 5.7401E-01 3.8402E-04  (-0.322    ,  1.953E-03,   0.00    ) |  3.840E-04 2.441E-02
    1359 5.7439E-01 3.8396E-04  (-0.322    ,  1.953E-03,   0.00    ) |  3.840E-04 2.441E-02
    1360 5.7478E-01 3.8390E-04  (-0.322    ,  1.953E-03,   0.00    ) |  3.839E-04 2.441E-02
 *** Wrote plotfile to flash_run_hdf5_plt_cnt_0023 ****
    1361 5.7516E-01 3.8384E-04  (-0.322    ,  1.953E-03,   0.00    ) |  3.838E-04 2.441E-02
    1362 5.7555E-01 3.8377E-04  (-0.322    ,  1.953E-03,   0.00    ) |  3.838E-04 2.441E-02
    1363 5.7593E-01 3.8371E-04  (-0.322    ,  1.953E-03,   0.00    ) |  3.837E-04 2.441E-02
    1364 5.7631E-01 3.8365E-04  (-0.322    ,  1.953E-03,   0.00    ) |  3.837E-04 2.441E-02
    1365 5.7670E-01 3.8359E-04  (-0.322    ,  1.953E-03,   0.00    ) |  3.836E-04 2.441E-02
    1366 5.7708E-01 3.8353E-04  (-0.322    ,  1.953E-03,   0.00    ) |  3.835E-04 2.441E-02
    1367 5.7746E-01 3.8346E-04  (-0.322    ,  1.953E-03,   0.00    ) |  3.835E-04 2.441E-02
    1368 5.7785E-01 3.8340E-04  (-0.326    ,  1.953E-03,   0.00    ) |  3.834E-04 2.441E-02
    1369 5.7823E-01 3.8334E-04  (-0.326    ,  1.953E-03,   0.00    ) |  3.833E-04 2.441E-02
    1370 5.7861E-01 3.8328E-04  (-0.326    ,  1.953E-03,   0.00    ) |  3.833E-04 2.441E-02
    1371 5.7900E-01 3.8321E-04  (-0.326    ,  1.953E-03,   0.00    ) |  3.832E-04 2.441E-02
    1372 5.7938E-01 3.8315E-04  (-0.326    ,  1.953E-03,   0.00    ) |  3.832E-04 2.441E-02
    1373 5.7976E-01 3.8309E-04  (-0.326    ,  1.953E-03,   0.00    ) |  3.831E-04 2.441E-02
    1374 5.8015E-01 3.8303E-04  (-0.326    ,  1.953E-03,   0.00    ) |  3.830E-04 2.441E-02
    1375 5.8053E-01 3.8296E-04  (-0.326    ,  1.953E-03,   0.00    ) |  3.830E-04 2.441E-02
    1376 5.8091E-01 3.8290E-04  (-0.326    ,  1.953E-03,   0.00    ) |  3.829E-04 2.441E-02
    1377 5.8130E-01 3.8284E-04  (-0.326    , -1.953E-03,   0.00    ) |  3.828E-04 2.441E-02
    1378 5.8168E-01 3.8278E-04  (-0.326    , -1.953E-03,   0.00    ) |  3.828E-04 2.441E-02
    1379 5.8206E-01 3.8272E-04  (-0.326    , -1.953E-03,   0.00    ) |  3.827E-04 2.441E-02
    1380 5.8244E-01 3.8266E-04  ( 0.326    ,  1.953E-03,   0.00    ) |  3.827E-04 2.441E-02
    1381 5.8283E-01 3.8260E-04  ( 0.326    ,  1.953E-03,   0.00    ) |  3.826E-04 2.441E-02
    1382 5.8321E-01 3.8254E-04  ( 0.326    ,  1.953E-03,   0.00    ) |  3.825E-04 2.441E-02
    1383 5.8359E-01 3.8248E-04  ( 0.326    ,  1.953E-03,   0.00    ) |  3.825E-04 2.441E-02
    1384 5.8397E-01 3.8242E-04  ( 0.326    ,  1.953E-03,   0.00    ) |  3.824E-04 2.441E-02
    1385 5.8436E-01 3.8236E-04  ( 0.326    ,  1.953E-03,   0.00    ) |  3.824E-04 2.441E-02
    1386 5.8474E-01 3.8229E-04  ( 0.326    ,  1.953E-03,   0.00    ) |  3.823E-04 2.441E-02
    1387 5.8512E-01 3.8223E-04  ( 0.326    ,  1.953E-03,   0.00    ) |  3.822E-04 2.441E-02
    1388 5.8550E-01 3.8217E-04  ( 0.326    , -1.953E-03,   0.00    ) |  3.822E-04 2.441E-02
    1389 5.8589E-01 3.8211E-04  ( 0.326    , -1.953E-03,   0.00    ) |  3.821E-04 2.441E-02
    1390 5.8627E-01 3.8205E-04  ( 0.330    , -1.953E-03,   0.00    ) |  3.821E-04 2.441E-02
    1391 5.8665E-01 3.8199E-04  ( 0.330    , -1.953E-03,   0.00    ) |  3.820E-04 2.441E-02
    1392 5.8703E-01 3.8193E-04  ( 0.330    , -1.953E-03,   0.00    ) |  3.819E-04 2.441E-02
    1393 5.8741E-01 3.8187E-04  (-0.330    ,  1.953E-03,   0.00    ) |  3.819E-04 2.441E-02
    1394 5.8780E-01 3.8181E-04  (-0.330    ,  1.953E-03,   0.00    ) |  3.818E-04 2.441E-02
    1395 5.8818E-01 3.8175E-04  (-0.330    ,  1.953E-03,   0.00    ) |  3.817E-04 2.441E-02
    1396 5.8856E-01 3.8169E-04  (-0.330    ,  1.953E-03,   0.00    ) |  3.817E-04 2.441E-02
    1397 5.8894E-01 3.8163E-04  (-0.330    ,  1.953E-03,   0.00    ) |  3.816E-04 2.441E-02
    1398 5.8932E-01 3.8157E-04  (-0.330    ,  1.953E-03,   0.00    ) |  3.816E-04 2.441E-02
    1399 5.8970E-01 3.8151E-04  (-0.330    ,  1.953E-03,   0.00    ) |  3.815E-04 2.441E-02
    1400 5.9009E-01 3.8145E-04  (-0.330    , -1.953E-03,   0.00    ) |  3.814E-04 2.441E-02
    1401 5.9047E-01 3.8139E-04  (-0.330    , -1.953E-03,   0.00    ) |  3.814E-04 2.441E-02
    1402 5.9085E-01 3.8133E-04  (-0.330    , -1.953E-03,   0.00    ) |  3.813E-04 2.441E-02
    1403 5.9123E-01 3.8127E-04  (-0.330    , -1.953E-03,   0.00    ) |  3.813E-04 2.441E-02
    1404 5.9161E-01 3.8121E-04  (-0.330    , -1.953E-03,   0.00    ) |  3.812E-04 2.441E-02
    1405 5.9199E-01 3.8115E-04  (-0.330    , -1.953E-03,   0.00    ) |  3.812E-04 2.441E-02
    1406 5.9237E-01 3.8109E-04  (-0.330    , -1.953E-03,   0.00    ) |  3.811E-04 2.441E-02
    1407 5.9275E-01 3.8103E-04  (-0.330    , -1.953E-03,   0.00    ) |  3.810E-04 2.441E-02
    1408 5.9314E-01 3.8097E-04  (-0.330    , -1.953E-03,   0.00    ) |  3.810E-04 2.441E-02
    1409 5.9352E-01 3.8091E-04  (-0.330    , -1.953E-03,   0.00    ) |  3.809E-04 2.441E-02
    1410 5.9390E-01 3.8085E-04  (-0.330    , -1.953E-03,   0.00    ) |  3.809E-04 2.441E-02
    1411 5.9428E-01 3.8079E-04  (-0.334    , -1.953E-03,   0.00    ) |  3.808E-04 2.441E-02
    1412 5.9466E-01 3.8073E-04  (-0.334    , -1.953E-03,   0.00    ) |  3.807E-04 2.441E-02
    1413 5.9504E-01 3.8067E-04  (-0.334    , -1.953E-03,   0.00    ) |  3.807E-04 2.441E-02
    1414 5.9542E-01 3.8062E-04  (-0.334    , -1.953E-03,   0.00    ) |  3.806E-04 2.441E-02
    1415 5.9580E-01 3.8056E-04  (-0.334    , -1.953E-03,   0.00    ) |  3.806E-04 2.441E-02
    1416 5.9618E-01 3.8050E-04  (-0.334    , -1.953E-03,   0.00    ) |  3.805E-04 2.441E-02
    1417 5.9656E-01 3.8044E-04  (-0.334    , -1.953E-03,   0.00    ) |  3.804E-04 2.441E-02
    1418 5.9694E-01 3.8038E-04  (-0.334    , -1.953E-03,   0.00    ) |  3.804E-04 2.441E-02
    1419 5.9732E-01 3.8032E-04  (-0.334    , -1.953E-03,   0.00    ) |  3.803E-04 2.441E-02
    1420 5.9770E-01 3.8026E-04  (-0.334    , -1.953E-03,   0.00    ) |  3.803E-04 2.441E-02
    1421 5.9808E-01 3.8021E-04  (-0.334    , -1.953E-03,   0.00    ) |  3.802E-04 2.441E-02
    1422 5.9846E-01 3.8015E-04  (-0.334    , -1.953E-03,   0.00    ) |  3.801E-04 2.441E-02
    1423 5.9884E-01 3.8009E-04  (-0.334    , -1.953E-03,   0.00    ) |  3.801E-04 2.441E-02
    1424 5.9922E-01 3.8003E-04  (-0.334    , -1.953E-03,   0.00    ) |  3.800E-04 2.441E-02
    1425 5.9960E-01 3.7998E-04  (-0.334    , -1.953E-03,   0.00    ) |  3.800E-04 2.441E-02
    1426 5.9998E-01 3.7992E-04  (-0.334    , -1.953E-03,   0.00    ) |  3.799E-04 2.441E-02
 *** Wrote plotfile to flash_run_hdf5_plt_cnt_0024 ****
    1427 6.0036E-01 3.7986E-04  (-0.334    , -1.953E-03,   0.00    ) |  3.799E-04 2.441E-02
    1428 6.0074E-01 3.7980E-04  (-0.334    , -1.953E-03,   0.00    ) |  3.798E-04 2.441E-02
    1429 6.0112E-01 3.7975E-04  (-0.334    , -1.953E-03,   0.00    ) |  3.797E-04 2.441E-02
    1430 6.0150E-01 3.7969E-04  (-0.334    , -1.953E-03,   0.00    ) |  3.797E-04 2.441E-02
    1431 6.0188E-01 3.7963E-04  (-0.338    , -1.953E-03,   0.00    ) |  3.796E-04 2.441E-02
    1432 6.0226E-01 3.7958E-04  (-0.338    , -1.953E-03,   0.00    ) |  3.796E-04 2.441E-02
    1433 6.0264E-01 3.7952E-04  (-0.338    , -1.953E-03,   0.00    ) |  3.795E-04 2.441E-02
    1434 6.0302E-01 3.7946E-04  (-0.338    , -1.953E-03,   0.00    ) |  3.795E-04 2.441E-02
    1435 6.0340E-01 3.7941E-04  (-0.338    , -1.953E-03,   0.00    ) |  3.794E-04 2.441E-02
    1436 6.0378E-01 3.7935E-04  (-0.338    , -1.953E-03,   0.00    ) |  3.794E-04 2.441E-02
    1437 6.0416E-01 3.7930E-04  (-0.338    , -1.953E-03,   0.00    ) |  3.793E-04 2.441E-02
    1438 6.0454E-01 3.7924E-04  (-0.338    , -1.953E-03,   0.00    ) |  3.792E-04 2.441E-02
    1439 6.0492E-01 3.7919E-04  (-0.338    , -1.953E-03,   0.00    ) |  3.792E-04 2.441E-02
    1440 6.0530E-01 3.7913E-04  (-0.338    , -1.953E-03,   0.00    ) |  3.791E-04 2.441E-02
    1441 6.0568E-01 3.7908E-04  (-0.338    , -1.953E-03,   0.00    ) |  3.791E-04 2.441E-02
    1442 6.0606E-01 3.7902E-04  ( 0.338    ,  1.953E-03,   0.00    ) |  3.790E-04 2.441E-02
    1443 6.0644E-01 3.7897E-04  ( 0.338    ,  1.953E-03,   0.00    ) |  3.790E-04 2.441E-02
    1444 6.0681E-01 3.7891E-04  (-0.338    , -1.953E-03,   0.00    ) |  3.789E-04 2.441E-02
    1445 6.0719E-01 3.7886E-04  (-0.338    , -1.953E-03,   0.00    ) |  3.789E-04 2.441E-02
    1446 6.0757E-01 3.7880E-04  (-0.338    , -1.953E-03,   0.00    ) |  3.788E-04 2.441E-02
    1447 6.0795E-01 3.7875E-04  (-0.338    , -1.953E-03,   0.00    ) |  3.787E-04 2.441E-02
    1448 6.0833E-01 3.7870E-04  (-0.338    , -1.953E-03,   0.00    ) |  3.787E-04 2.441E-02
    1449 6.0871E-01 3.7865E-04  (-0.338    , -1.953E-03,   0.00    ) |  3.786E-04 2.441E-02
    1450 6.0909E-01 3.7859E-04  (-0.342    , -1.953E-03,   0.00    ) |  3.786E-04 2.441E-02
    1451 6.0947E-01 3.7854E-04  (-0.342    , -1.953E-03,   0.00    ) |  3.785E-04 2.441E-02
    1452 6.0984E-01 3.7848E-04  (-0.342    , -1.953E-03,   0.00    ) |  3.785E-04 2.441E-02
    1453 6.1022E-01 3.7843E-04  (-0.342    , -1.953E-03,   0.00    ) |  3.784E-04 2.441E-02
    1454 6.1060E-01 3.7838E-04  (-0.342    , -1.953E-03,   0.00    ) |  3.784E-04 2.441E-02
    1455 6.1098E-01 3.7833E-04  (-0.342    , -1.953E-03,   0.00    ) |  3.783E-04 2.441E-02
    1456 6.1136E-01 3.7827E-04  (-0.342    , -1.953E-03,   0.00    ) |  3.783E-04 2.441E-02
    1457 6.1174E-01 3.7822E-04  (-0.342    , -1.953E-03,   0.00    ) |  3.782E-04 2.441E-02
    1458 6.1211E-01 3.7817E-04  (-0.342    , -1.953E-03,   0.00    ) |  3.782E-04 2.441E-02
    1459 6.1249E-01 3.7812E-04  (-0.342    , -1.953E-03,   0.00    ) |  3.781E-04 2.441E-02
    1460 6.1287E-01 3.7806E-04  (-0.342    , -1.953E-03,   0.00    ) |  3.781E-04 2.441E-02
    1461 6.1325E-01 3.7801E-04  (-0.342    , -1.953E-03,   0.00    ) |  3.780E-04 2.441E-02
    1462 6.1363E-01 3.7796E-04  (-0.342    , -1.953E-03,   0.00    ) |  3.780E-04 2.441E-02
    1463 6.1400E-01 3.7791E-04  (-0.342    , -1.953E-03,   0.00    ) |  3.779E-04 2.441E-02
    1464 6.1438E-01 3.7786E-04  (-0.342    , -1.953E-03,   0.00    ) |  3.779E-04 2.441E-02
    1465 6.1476E-01 3.7781E-04  (-0.342    , -1.953E-03,   0.00    ) |  3.778E-04 2.441E-02
    1466 6.1514E-01 3.7776E-04  ( 0.342    ,  1.953E-03,   0.00    ) |  3.778E-04 2.441E-02
    1467 6.1552E-01 3.7771E-04  (-0.342    , -1.953E-03,   0.00    ) |  3.777E-04 2.441E-02
    1468 6.1589E-01 3.7766E-04  ( 0.342    ,  1.953E-03,   0.00    ) |  3.777E-04 2.441E-02
    1469 6.1627E-01 3.7761E-04  (-0.346    , -1.953E-03,   0.00    ) |  3.776E-04 2.441E-02
    1470 6.1665E-01 3.7756E-04  (-0.346    , -1.953E-03,   0.00    ) |  3.776E-04 2.441E-02
    1471 6.1703E-01 3.7751E-04  (-0.346    , -1.953E-03,   0.00    ) |  3.775E-04 2.441E-02
    1472 6.1740E-01 3.7746E-04  (-0.346    , -1.953E-03,   0.00    ) |  3.775E-04 2.441E-02
    1473 6.1778E-01 3.7741E-04  (-0.346    , -1.953E-03,   0.00    ) |  3.774E-04 2.441E-02
    1474 6.1816E-01 3.7736E-04  (-0.346    , -1.953E-03,   0.00    ) |  3.774E-04 2.441E-02
    1475 6.1854E-01 3.7731E-04  (-0.346    , -1.953E-03,   0.00    ) |  3.773E-04 2.441E-02
    1476 6.1891E-01 3.7726E-04  (-0.346    , -1.953E-03,   0.00    ) |  3.773E-04 2.441E-02
    1477 6.1929E-01 3.7721E-04  (-0.346    , -1.953E-03,   0.00    ) |  3.772E-04 2.441E-02
    1478 6.1967E-01 3.7716E-04  (-0.346    , -1.953E-03,   0.00    ) |  3.772E-04 2.441E-02
    1479 6.2004E-01 3.7711E-04  (-0.346    , -1.953E-03,   0.00    ) |  3.771E-04 2.441E-02
    1480 6.2042E-01 3.7706E-04  (-0.346    , -1.953E-03,   0.00    ) |  3.771E-04 2.441E-02
    1481 6.2080E-01 3.7701E-04  (-0.346    , -1.953E-03,   0.00    ) |  3.770E-04 2.441E-02
    1482 6.2118E-01 3.7696E-04  ( 0.346    ,  1.953E-03,   0.00    ) |  3.770E-04 2.441E-02
    1483 6.2155E-01 3.7691E-04  ( 0.346    ,  1.953E-03,   0.00    ) |  3.769E-04 2.441E-02
    1484 6.2193E-01 3.7686E-04  ( 0.346    ,  1.953E-03,   0.00    ) |  3.769E-04 2.441E-02
    1485 6.2231E-01 3.7682E-04  ( 0.346    ,  1.953E-03,   0.00    ) |  3.768E-04 2.441E-02
    1486 6.2268E-01 3.7677E-04  ( 0.346    ,  1.953E-03,   0.00    ) |  3.768E-04 2.441E-02
    1487 6.2306E-01 3.7672E-04  ( 0.346    ,  1.953E-03,   0.00    ) |  3.767E-04 2.441E-02
    1488 6.2344E-01 3.7667E-04  (-0.350    , -1.953E-03,   0.00    ) |  3.767E-04 2.441E-02
    1489 6.2381E-01 3.7663E-04  ( 0.350    ,  1.953E-03,   0.00    ) |  3.766E-04 2.441E-02
    1490 6.2419E-01 3.7658E-04  ( 0.350    ,  1.953E-03,   0.00    ) |  3.766E-04 2.441E-02
    1491 6.2457E-01 3.7653E-04  (-0.350    , -1.953E-03,   0.00    ) |  3.765E-04 2.441E-02
    1492 6.2494E-01 3.7648E-04  ( 0.350    ,  1.953E-03,   0.00    ) |  3.765E-04 2.441E-02
 *** Wrote plotfile to flash_run_hdf5_plt_cnt_0025 ****
    1493 6.2532E-01 3.7643E-04  (-0.350    , -1.953E-03,   0.00    ) |  3.764E-04 2.441E-02
    1494 6.2570E-01 3.7639E-04  ( 0.350    ,  1.953E-03,   0.00    ) |  3.764E-04 2.441E-02
    1495 6.2607E-01 3.7634E-04  (-0.350    , -1.953E-03,   0.00    ) |  3.763E-04 2.441E-02
    1496 6.2645E-01 3.7629E-04  ( 0.350    ,  1.953E-03,   0.00    ) |  3.763E-04 2.441E-02
    1497 6.2683E-01 3.7624E-04  ( 0.350    ,  1.953E-03,   0.00    ) |  3.762E-04 2.441E-02
    1498 6.2720E-01 3.7619E-04  ( 0.350    ,  1.953E-03,   0.00    ) |  3.762E-04 2.441E-02
    1499 6.2758E-01 3.7615E-04  ( 0.350    ,  1.953E-03,   0.00    ) |  3.761E-04 2.441E-02
    1500 6.2795E-01 3.7610E-04  ( 0.350    ,  1.953E-03,   0.00    ) |  3.761E-04 2.441E-02
    1501 6.2833E-01 3.7606E-04  ( 0.350    ,  1.953E-03,   0.00    ) |  3.761E-04 2.441E-02
    1502 6.2871E-01 3.7601E-04  ( 0.350    ,  1.953E-03,   0.00    ) |  3.760E-04 2.441E-02
    1503 6.2908E-01 3.7597E-04  ( 0.350    ,  1.953E-03,   0.00    ) |  3.760E-04 2.441E-02
    1504 6.2946E-01 3.7592E-04  ( 0.350    ,  1.953E-03,   0.00    ) |  3.759E-04 2.441E-02
    1505 6.2983E-01 3.7588E-04  ( 0.350    ,  1.953E-03,   0.00    ) |  3.759E-04 2.441E-02
    1506 6.3021E-01 3.7584E-04  ( 0.350    ,  1.953E-03,   0.00    ) |  3.758E-04 2.441E-02
    1507 6.3059E-01 3.7579E-04  ( 0.354    ,  1.953E-03,   0.00    ) |  3.758E-04 2.441E-02
    1508 6.3096E-01 3.7575E-04  ( 0.354    ,  1.953E-03,   0.00    ) |  3.757E-04 2.441E-02
    1509 6.3134E-01 3.7570E-04  ( 0.354    ,  1.953E-03,   0.00    ) |  3.757E-04 2.441E-02
    1510 6.3171E-01 3.7566E-04  ( 0.354    ,  1.953E-03,   0.00    ) |  3.757E-04 2.441E-02
    1511 6.3209E-01 3.7561E-04  ( 0.354    ,  1.953E-03,   0.00    ) |  3.756E-04 2.441E-02
    1512 6.3246E-01 3.7557E-04  ( 0.354    ,  1.953E-03,   0.00    ) |  3.756E-04 2.441E-02
    1513 6.3284E-01 3.7552E-04  ( 0.354    ,  1.953E-03,   0.00    ) |  3.755E-04 2.441E-02
    1514 6.3322E-01 3.7548E-04  ( 0.354    ,  1.953E-03,   0.00    ) |  3.755E-04 2.441E-02
    1515 6.3359E-01 3.7543E-04  ( 0.354    ,  1.953E-03,   0.00    ) |  3.754E-04 2.441E-02
    1516 6.3397E-01 3.7539E-04  ( 0.354    ,  1.953E-03,   0.00    ) |  3.754E-04 2.441E-02
    1517 6.3434E-01 3.7534E-04  ( 0.354    ,  1.953E-03,   0.00    ) |  3.753E-04 2.441E-02
    1518 6.3472E-01 3.7530E-04  ( 0.354    ,  1.953E-03,   0.00    ) |  3.753E-04 2.441E-02
    1519 6.3509E-01 3.7526E-04  ( 0.354    ,  1.953E-03,   0.00    ) |  3.753E-04 2.441E-02
    1520 6.3547E-01 3.7522E-04  ( 0.354    ,  1.953E-03,   0.00    ) |  3.752E-04 2.441E-02
    1521 6.3584E-01 3.7518E-04  ( 0.354    ,  1.953E-03,   0.00    ) |  3.752E-04 2.441E-02
    1522 6.3622E-01 3.7514E-04  ( 0.354    ,  1.953E-03,   0.00    ) |  3.751E-04 2.441E-02
    1523 6.3659E-01 3.7510E-04  ( 0.354    ,  1.953E-03,   0.00    ) |  3.751E-04 2.441E-02
    1524 6.3697E-01 3.7506E-04  ( 0.357    ,  1.953E-03,   0.00    ) |  3.751E-04 2.441E-02
    1525 6.3734E-01 3.7502E-04  ( 0.357    ,  1.953E-03,   0.00    ) |  3.750E-04 2.441E-02
    1526 6.3772E-01 3.7498E-04  ( 0.357    ,  1.953E-03,   0.00    ) |  3.750E-04 2.441E-02
    1527 6.3809E-01 3.7493E-04  ( 0.357    ,  1.953E-03,   0.00    ) |  3.749E-04 2.441E-02
    1528 6.3847E-01 3.7489E-04  ( 0.357    ,  1.953E-03,   0.00    ) |  3.749E-04 2.441E-02
    1529 6.3884E-01 3.7485E-04  ( 0.357    ,  1.953E-03,   0.00    ) |  3.749E-04 2.441E-02
    1530 6.3922E-01 3.7481E-04  ( 0.357    ,  1.953E-03,   0.00    ) |  3.748E-04 2.441E-02
    1531 6.3959E-01 3.7477E-04  ( 0.357    ,  1.953E-03,   0.00    ) |  3.748E-04 2.441E-02
    1532 6.3997E-01 3.7472E-04  ( 0.357    ,  1.953E-03,   0.00    ) |  3.747E-04 2.441E-02
    1533 6.4034E-01 3.7468E-04  ( 0.357    ,  1.953E-03,   0.00    ) |  3.747E-04 2.441E-02
    1534 6.4072E-01 3.7465E-04  ( 0.357    ,  1.953E-03,   0.00    ) |  3.746E-04 2.441E-02
    1535 6.4109E-01 3.7461E-04  ( 0.357    ,  1.953E-03,   0.00    ) |  3.746E-04 2.441E-02
    1536 6.4147E-01 3.7457E-04  ( 0.357    ,  1.953E-03,   0.00    ) |  3.746E-04 2.441E-02
    1537 6.4184E-01 3.7454E-04  ( 0.357    ,  1.953E-03,   0.00    ) |  3.745E-04 2.441E-02
    1538 6.4222E-01 3.7450E-04  ( 0.357    ,  1.953E-03,   0.00    ) |  3.745E-04 2.441E-02
    1539 6.4259E-01 3.7446E-04  ( 0.357    ,  1.953E-03,   0.00    ) |  3.745E-04 2.441E-02
    1540 6.4296E-01 3.7443E-04  ( 0.357    ,  1.953E-03,   0.00    ) |  3.744E-04 2.441E-02
    1541 6.4334E-01 3.7439E-04  ( 0.357    ,  1.953E-03,   0.00    ) |  3.744E-04 2.441E-02
    1542 6.4371E-01 3.7435E-04  ( 0.361    ,  1.953E-03,   0.00    ) |  3.744E-04 2.441E-02
    1543 6.4409E-01 3.7432E-04  ( 0.361    ,  1.953E-03,   0.00    ) |  3.743E-04 2.441E-02
    1544 6.4446E-01 3.7428E-04  ( 0.361    ,  1.953E-03,   0.00    ) |  3.743E-04 2.441E-02
    1545 6.4484E-01 3.7424E-04  ( 0.361    ,  1.953E-03,   0.00    ) |  3.742E-04 2.441E-02
    1546 6.4521E-01 3.7420E-04  ( 0.361    ,  1.953E-03,   0.00    ) |  3.742E-04 2.441E-02
    1547 6.4558E-01 3.7416E-04  ( 0.361    ,  1.953E-03,   0.00    ) |  3.742E-04 2.441E-02
    1548 6.4596E-01 3.7412E-04  ( 0.361    ,  1.953E-03,   0.00    ) |  3.741E-04 2.441E-02
    1549 6.4633E-01 3.7409E-04  ( 0.361    ,  1.953E-03,   0.00    ) |  3.741E-04 2.441E-02
    1550 6.4671E-01 3.7405E-04  ( 0.361    ,  1.953E-03,   0.00    ) |  3.741E-04 2.441E-02
    1551 6.4708E-01 3.7402E-04  ( 0.361    ,  1.953E-03,   0.00    ) |  3.740E-04 2.441E-02
    1552 6.4745E-01 3.7398E-04  ( 0.361    ,  1.953E-03,   0.00    ) |  3.740E-04 2.441E-02
    1553 6.4783E-01 3.7395E-04  ( 0.361    ,  1.953E-03,   0.00    ) |  3.739E-04 2.441E-02
    1554 6.4820E-01 3.7391E-04  ( 0.361    ,  1.953E-03,   0.00    ) |  3.739E-04 2.441E-02
    1555 6.4858E-01 3.7388E-04  ( 0.361    ,  1.953E-03,   0.00    ) |  3.739E-04 2.441E-02
    1556 6.4895E-01 3.7385E-04  ( 0.361    ,  1.953E-03,   0.00    ) |  3.739E-04 2.441E-02
    1557 6.4932E-01 3.7382E-04  ( 0.361    ,  1.953E-03,   0.00    ) |  3.738E-04 2.441E-02
    1558 6.4970E-01 3.7379E-04  ( 0.361    ,  1.953E-03,   0.00    ) |  3.738E-04 2.441E-02
 *** Wrote plotfile to flash_run_hdf5_plt_cnt_0026 ****
    1559 6.5007E-01 3.7376E-04  ( 0.361    ,  1.953E-03,   0.00    ) |  3.738E-04 2.441E-02
    1560 6.5045E-01 3.7372E-04  ( 0.365    ,  1.953E-03,   0.00    ) |  3.737E-04 2.441E-02
    1561 6.5082E-01 3.7369E-04  ( 0.365    ,  1.953E-03,   0.00    ) |  3.737E-04 2.441E-02
    1562 6.5119E-01 3.7365E-04  ( 0.365    ,  1.953E-03,   0.00    ) |  3.737E-04 2.441E-02
    1563 6.5157E-01 3.7362E-04  ( 0.365    ,  1.953E-03,   0.00    ) |  3.736E-04 2.441E-02
    1564 6.5194E-01 3.7358E-04  ( 0.365    ,  1.953E-03,   0.00    ) |  3.736E-04 2.441E-02
    1565 6.5231E-01 3.7355E-04  ( 0.365    ,  1.953E-03,   0.00    ) |  3.735E-04 2.441E-02
    1566 6.5269E-01 3.7351E-04  ( 0.365    ,  1.953E-03,   0.00    ) |  3.735E-04 2.441E-02
    1567 6.5306E-01 3.7348E-04  ( 0.365    ,  1.953E-03,   0.00    ) |  3.735E-04 2.441E-02
    1568 6.5343E-01 3.7345E-04  ( 0.365    ,  1.953E-03,   0.00    ) |  3.735E-04 2.441E-02
    1569 6.5381E-01 3.7342E-04  ( 0.365    ,  1.953E-03,   0.00    ) |  3.734E-04 2.441E-02
    1570 6.5418E-01 3.7339E-04  ( 0.365    ,  1.953E-03,   0.00    ) |  3.734E-04 2.441E-02
    1571 6.5455E-01 3.7336E-04  ( 0.365    ,  1.953E-03,   0.00    ) |  3.734E-04 2.441E-02
    1572 6.5493E-01 3.7333E-04  ( 0.365    ,  1.953E-03,   0.00    ) |  3.733E-04 2.441E-02
    1573 6.5530E-01 3.7330E-04  ( 0.365    ,  1.953E-03,   0.00    ) |  3.733E-04 2.441E-02
    1574 6.5567E-01 3.7327E-04  ( 0.365    ,  1.953E-03,   0.00    ) |  3.733E-04 2.441E-02
    1575 6.5605E-01 3.7325E-04  ( 0.365    ,  1.953E-03,   0.00    ) |  3.732E-04 2.441E-02
    1576 6.5642E-01 3.7322E-04  ( 0.365    ,  1.953E-03,   0.00    ) |  3.732E-04 2.441E-02
    1577 6.5679E-01 3.7319E-04  ( 0.369    ,  1.953E-03,   0.00    ) |  3.732E-04 2.441E-02
    1578 6.5717E-01 3.7316E-04  ( 0.369    ,  1.953E-03,   0.00    ) |  3.732E-04 2.441E-02
    1579 6.5754E-01 3.7313E-04  ( 0.369    ,  1.953E-03,   0.00    ) |  3.731E-04 2.441E-02
    1580 6.5791E-01 3.7309E-04  ( 0.369    ,  1.953E-03,   0.00    ) |  3.731E-04 2.441E-02
    1581 6.5829E-01 3.7306E-04  ( 0.369    ,  1.953E-03,   0.00    ) |  3.731E-04 2.441E-02
    1582 6.5866E-01 3.7303E-04  ( 0.369    ,  1.953E-03,   0.00    ) |  3.730E-04 2.441E-02
    1583 6.5903E-01 3.7300E-04  ( 0.369    ,  1.953E-03,   0.00    ) |  3.730E-04 2.441E-02
    1584 6.5941E-01 3.7297E-04  ( 0.369    ,  1.953E-03,   0.00    ) |  3.730E-04 2.441E-02
    1585 6.5978E-01 3.7294E-04  ( 0.369    ,  1.953E-03,   0.00    ) |  3.729E-04 2.441E-02
    1586 6.6015E-01 3.7291E-04  ( 0.369    ,  1.953E-03,   0.00    ) |  3.729E-04 2.441E-02
    1587 6.6052E-01 3.7288E-04  ( 0.369    ,  1.953E-03,   0.00    ) |  3.729E-04 2.441E-02
    1588 6.6090E-01 3.7286E-04  ( 0.369    ,  1.953E-03,   0.00    ) |  3.729E-04 2.441E-02
    1589 6.6127E-01 3.7283E-04  ( 0.369    ,  1.953E-03,   0.00    ) |  3.728E-04 2.441E-02
    1590 6.6164E-01 3.7280E-04  ( 0.369    ,  1.953E-03,   0.00    ) |  3.728E-04 2.441E-02
    1591 6.6202E-01 3.7278E-04  ( 0.369    ,  1.953E-03,   0.00    ) |  3.728E-04 2.441E-02
    1592 6.6239E-01 3.7275E-04  ( 0.369    ,  1.953E-03,   0.00    ) |  3.728E-04 2.441E-02
    1593 6.6276E-01 3.7273E-04  ( 0.369    ,  1.953E-03,   0.00    ) |  3.727E-04 2.441E-02
    1594 6.6313E-01 3.7270E-04  ( 0.373    ,  1.953E-03,   0.00    ) |  3.727E-04 2.441E-02
    1595 6.6351E-01 3.7267E-04  ( 0.373    ,  1.953E-03,   0.00    ) |  3.727E-04 2.441E-02
    1596 6.6388E-01 3.7265E-04  ( 0.373    ,  1.953E-03,   0.00    ) |  3.726E-04 2.441E-02
    1597 6.6425E-01 3.7262E-04  ( 0.373    ,  1.953E-03,   0.00    ) |  3.726E-04 2.441E-02
    1598 6.6463E-01 3.7259E-04  ( 0.373    ,  1.953E-03,   0.00    ) |  3.726E-04 2.441E-02
    1599 6.6500E-01 3.7256E-04  ( 0.373    ,  1.953E-03,   0.00    ) |  3.726E-04 2.441E-02
    1600 6.6537E-01 3.7253E-04  ( 0.373    ,  1.953E-03,   0.00    ) |  3.725E-04 2.441E-02
    1601 6.6574E-01 3.7250E-04  ( 0.373    ,  1.953E-03,   0.00    ) |  3.725E-04 2.441E-02
    1602 6.6612E-01 3.7247E-04  ( 0.373    ,  1.953E-03,   0.00    ) |  3.725E-04 2.441E-02
    1603 6.6649E-01 3.7245E-04  ( 0.373    ,  1.953E-03,   0.00    ) |  3.724E-04 2.441E-02
    1604 6.6686E-01 3.7242E-04  ( 0.373    ,  1.953E-03,   0.00    ) |  3.724E-04 2.441E-02
    1605 6.6723E-01 3.7240E-04  ( 0.373    ,  1.953E-03,   0.00    ) |  3.724E-04 2.441E-02
    1606 6.6761E-01 3.7237E-04  ( 0.373    ,  1.953E-03,   0.00    ) |  3.724E-04 2.441E-02
    1607 6.6798E-01 3.7235E-04  ( 0.373    ,  1.953E-03,   0.00    ) |  3.723E-04 2.441E-02
    1608 6.6835E-01 3.7233E-04  ( 0.373    ,  1.953E-03,   0.00    ) |  3.723E-04 2.441E-02
    1609 6.6872E-01 3.7230E-04  ( 0.373    ,  1.953E-03,   0.00    ) |  3.723E-04 2.441E-02
    1610 6.6909E-01 3.7228E-04  ( 0.377    ,  1.953E-03,   0.00    ) |  3.723E-04 2.441E-02
    1611 6.6947E-01 3.7225E-04  ( 0.377    ,  1.953E-03,   0.00    ) |  3.723E-04 2.441E-02
    1612 6.6984E-01 3.7223E-04  ( 0.377    ,  1.953E-03,   0.00    ) |  3.722E-04 2.441E-02
    1613 6.7021E-01 3.7220E-04  ( 0.377    ,  1.953E-03,   0.00    ) |  3.722E-04 2.441E-02
    1614 6.7058E-01 3.7217E-04  ( 0.377    ,  1.953E-03,   0.00    ) |  3.722E-04 2.441E-02
    1615 6.7096E-01 3.7215E-04  ( 0.377    ,  1.953E-03,   0.00    ) |  3.721E-04 2.441E-02
    1616 6.7133E-01 3.7212E-04  ( 0.377    ,  1.953E-03,   0.00    ) |  3.721E-04 2.441E-02
    1617 6.7170E-01 3.7209E-04  ( 0.377    ,  1.953E-03,   0.00    ) |  3.721E-04 2.441E-02
    1618 6.7207E-01 3.7207E-04  ( 0.377    ,  1.953E-03,   0.00    ) |  3.721E-04 2.441E-02
    1619 6.7244E-01 3.7204E-04  ( 0.377    ,  1.953E-03,   0.00    ) |  3.720E-04 2.441E-02
    1620 6.7282E-01 3.7202E-04  ( 0.377    ,  1.953E-03,   0.00    ) |  3.720E-04 2.441E-02
    1621 6.7319E-01 3.7199E-04  ( 0.377    ,  1.953E-03,   0.00    ) |  3.720E-04 2.441E-02
    1622 6.7356E-01 3.7197E-04  ( 0.377    ,  1.953E-03,   0.00    ) |  3.720E-04 2.441E-02
    1623 6.7393E-01 3.7195E-04  ( 0.377    ,  1.953E-03,   0.00    ) |  3.719E-04 2.441E-02
    1624 6.7430E-01 3.7193E-04  ( 0.377    ,  1.953E-03,   0.00    ) |  3.719E-04 2.441E-02
    1625 6.7468E-01 3.7191E-04  ( 0.377    ,  1.953E-03,   0.00    ) |  3.719E-04 2.441E-02
 *** Wrote plotfile to flash_run_hdf5_plt_cnt_0027 ****
    1626 6.7505E-01 3.7188E-04  ( 0.377    ,  1.953E-03,   0.00    ) |  3.719E-04 2.441E-02
    1627 6.7542E-01 3.7187E-04  ( 0.381    ,  1.953E-03,   0.00    ) |  3.719E-04 2.441E-02
    1628 6.7579E-01 3.7184E-04  ( 0.381    ,  1.953E-03,   0.00    ) |  3.718E-04 2.441E-02
    1629 6.7616E-01 3.7182E-04  ( 0.381    ,  1.953E-03,   0.00    ) |  3.718E-04 2.441E-02
    1630 6.7654E-01 3.7179E-04  ( 0.381    ,  1.953E-03,   0.00    ) |  3.718E-04 2.441E-02
    1631 6.7691E-01 3.7177E-04  ( 0.381    ,  1.953E-03,   0.00    ) |  3.718E-04 2.441E-02
    1632 6.7728E-01 3.7174E-04  ( 0.381    ,  1.953E-03,   0.00    ) |  3.717E-04 2.441E-02
    1633 6.7765E-01 3.7171E-04  ( 0.381    ,  1.953E-03,   0.00    ) |  3.717E-04 2.441E-02
    1634 6.7802E-01 3.7169E-04  ( 0.381    ,  1.953E-03,   0.00    ) |  3.717E-04 2.441E-02
    1635 6.7839E-01 3.7167E-04  ( 0.381    ,  1.953E-03,   0.00    ) |  3.717E-04 2.441E-02
    1636 6.7877E-01 3.7165E-04  ( 0.381    ,  1.953E-03,   0.00    ) |  3.716E-04 2.441E-02
    1637 6.7914E-01 3.7163E-04  ( 0.381    ,  1.953E-03,   0.00    ) |  3.716E-04 2.441E-02
    1638 6.7951E-01 3.7160E-04  ( 0.381    ,  1.953E-03,   0.00    ) |  3.716E-04 2.441E-02
    1639 6.7988E-01 3.7158E-04  ( 0.381    ,  1.953E-03,   0.00    ) |  3.716E-04 2.441E-02
    1640 6.8025E-01 3.7156E-04  ( 0.381    ,  1.953E-03,   0.00    ) |  3.716E-04 2.441E-02
    1641 6.8062E-01 3.7154E-04  ( 0.381    ,  1.953E-03,   0.00    ) |  3.715E-04 2.441E-02
    1642 6.8100E-01 3.7152E-04  ( 0.381    ,  1.953E-03,   0.00    ) |  3.715E-04 2.441E-02
    1643 6.8137E-01 3.7150E-04  ( 0.385    ,  1.953E-03,   0.00    ) |  3.715E-04 2.441E-02
    1644 6.8174E-01 3.7148E-04  ( 0.385    ,  1.953E-03,   0.00    ) |  3.715E-04 2.441E-02
    1645 6.8211E-01 3.7146E-04  ( 0.385    ,  1.953E-03,   0.00    ) |  3.715E-04 2.441E-02
    1646 6.8248E-01 3.7144E-04  ( 0.385    ,  1.953E-03,   0.00    ) |  3.714E-04 2.441E-02
    1647 6.8285E-01 3.7141E-04  ( 0.385    ,  1.953E-03,   0.00    ) |  3.714E-04 2.441E-02
    1648 6.8322E-01 3.7139E-04  ( 0.385    ,  1.953E-03,   0.00    ) |  3.714E-04 2.441E-02
    1649 6.8360E-01 3.7136E-04  ( 0.385    ,  1.953E-03,   0.00    ) |  3.714E-04 2.441E-02
    1650 6.8397E-01 3.7134E-04  ( 0.385    ,  1.953E-03,   0.00    ) |  3.713E-04 2.441E-02
    1651 6.8434E-01 3.7132E-04  ( 0.385    ,  1.953E-03,   0.00    ) |  3.713E-04 2.441E-02
    1652 6.8471E-01 3.7130E-04  ( 0.385    ,  1.953E-03,   0.00    ) |  3.713E-04 2.441E-02
    1653 6.8508E-01 3.7128E-04  (-0.385    , -1.953E-03,   0.00    ) |  3.713E-04 2.441E-02
    1654 6.8545E-01 3.7127E-04  (-0.385    , -1.953E-03,   0.00    ) |  3.713E-04 2.441E-02
    1655 6.8582E-01 3.7125E-04  (-0.385    , -1.953E-03,   0.00    ) |  3.712E-04 2.441E-02
    1656 6.8619E-01 3.7123E-04  (-0.385    , -1.953E-03,   0.00    ) |  3.712E-04 2.441E-02
    1657 6.8657E-01 3.7121E-04  (-0.385    , -1.953E-03,   0.00    ) |  3.712E-04 2.441E-02
    1658 6.8694E-01 3.7119E-04  (-0.389    , -1.953E-03,   0.00    ) |  3.712E-04 2.441E-02
    1659 6.8731E-01 3.7117E-04  (-0.389    , -1.953E-03,   0.00    ) |  3.712E-04 2.441E-02
    1660 6.8768E-01 3.7115E-04  (-0.389    , -1.953E-03,   0.00    ) |  3.712E-04 2.441E-02
    1661 6.8805E-01 3.7113E-04  (-0.389    , -1.953E-03,   0.00    ) |  3.711E-04 2.441E-02
    1662 6.8842E-01 3.7111E-04  (-0.389    , -1.953E-03,   0.00    ) |  3.711E-04 2.441E-02
    1663 6.8879E-01 3.7109E-04  (-0.389    , -1.953E-03,   0.00    ) |  3.711E-04 2.441E-02
    1664 6.8916E-01 3.7106E-04  (-0.389    , -1.953E-03,   0.00    ) |  3.711E-04 2.441E-02
    1665 6.8953E-01 3.7104E-04  (-0.389    , -1.953E-03,   0.00    ) |  3.710E-04 2.441E-02
    1666 6.8991E-01 3.7102E-04  (-0.389    , -1.953E-03,   0.00    ) |  3.710E-04 2.441E-02
    1667 6.9028E-01 3.7100E-04  (-0.389    , -1.953E-03,   0.00    ) |  3.710E-04 2.441E-02
    1668 6.9065E-01 3.7099E-04  (-0.389    , -1.953E-03,   0.00    ) |  3.710E-04 2.441E-02
    1669 6.9102E-01 3.7097E-04  (-0.389    , -1.953E-03,   0.00    ) |  3.710E-04 2.441E-02
    1670 6.9139E-01 3.7096E-04  (-0.389    , -1.953E-03,   0.00    ) |  3.710E-04 2.441E-02
    1671 6.9176E-01 3.7094E-04  (-0.389    , -1.953E-03,   0.00    ) |  3.709E-04 2.441E-02
    1672 6.9213E-01 3.7093E-04  (-0.389    , -1.953E-03,   0.00    ) |  3.709E-04 2.441E-02
    1673 6.9250E-01 3.7091E-04  (-0.389    , -1.953E-03,   0.00    ) |  3.709E-04 2.441E-02
    1674 6.9287E-01 3.7089E-04  (-0.393    , -1.953E-03,   0.00    ) |  3.709E-04 2.441E-02
    1675 6.9324E-01 3.7088E-04  ( 0.393    ,  1.953E-03,   0.00    ) |  3.709E-04 2.441E-02
    1676 6.9362E-01 3.7086E-04  (-0.393    , -1.953E-03,   0.00    ) |  3.709E-04 2.441E-02
    1677 6.9399E-01 3.7084E-04  (-0.393    , -1.953E-03,   0.00    ) |  3.708E-04 2.441E-02
    1678 6.9436E-01 3.7082E-04  (-0.393    , -1.953E-03,   0.00    ) |  3.708E-04 2.441E-02
    1679 6.9473E-01 3.7080E-04  (-0.393    , -1.953E-03,   0.00    ) |  3.708E-04 2.441E-02
    1680 6.9510E-01 3.7078E-04  (-0.393    , -1.953E-03,   0.00    ) |  3.708E-04 2.441E-02
    1681 6.9547E-01 3.7076E-04  ( 0.393    ,  1.953E-03,   0.00    ) |  3.708E-04 2.441E-02
    1682 6.9584E-01 3.7075E-04  (-0.393    , -1.953E-03,   0.00    ) |  3.707E-04 2.441E-02
    1683 6.9621E-01 3.7073E-04  (-0.393    , -1.953E-03,   0.00    ) |  3.707E-04 2.441E-02
    1684 6.9658E-01 3.7072E-04  ( 0.393    ,  1.953E-03,   0.00    ) |  3.707E-04 2.441E-02
    1685 6.9695E-01 3.7070E-04  ( 0.393    ,  1.953E-03,   0.00    ) |  3.707E-04 2.441E-02
    1686 6.9732E-01 3.7069E-04  ( 0.393    ,  1.953E-03,   0.00    ) |  3.707E-04 2.441E-02
    1687 6.9769E-01 3.7068E-04  ( 0.393    ,  1.953E-03,   0.00    ) |  3.707E-04 2.441E-02
    1688 6.9806E-01 3.7066E-04  ( 0.393    ,  1.953E-03,   0.00    ) |  3.707E-04 2.441E-02
    1689 6.9844E-01 3.7065E-04  ( 0.393    ,  1.953E-03,   0.00    ) |  3.707E-04 2.441E-02
    1690 6.9881E-01 3.7064E-04  ( 0.396    ,  1.953E-03,   0.00    ) |  3.706E-04 2.441E-02
    1691 6.9918E-01 3.7062E-04  ( 0.396    ,  1.953E-03,   0.00    ) |  3.706E-04 2.441E-02
    1692 6.9955E-01 3.7060E-04  (-0.396    ,  1.953E-03,   0.00    ) |  3.706E-04 2.441E-02
    1693 6.9992E-01 3.7059E-04  (-0.396    , -1.953E-03,   0.00    ) |  3.706E-04 2.441E-02
 *** Wrote plotfile to flash_run_hdf5_plt_cnt_0028 ****
    1694 7.0029E-01 3.7057E-04  (-0.396    , -1.953E-03,   0.00    ) |  3.706E-04 2.441E-02
    1695 7.0066E-01 3.7055E-04  (-0.396    ,  1.953E-03,   0.00    ) |  3.706E-04 2.441E-02
    1696 7.0103E-01 3.7054E-04  (-0.396    , -1.953E-03,   0.00    ) |  3.705E-04 2.441E-02
    1697 7.0140E-01 3.7052E-04  (-0.396    , -1.953E-03,   0.00    ) |  3.705E-04 2.441E-02
    1698 7.0177E-01 3.7051E-04  (-0.396    , -1.953E-03,   0.00    ) |  3.705E-04 2.441E-02
    1699 7.0214E-01 3.7050E-04  (-0.396    , -1.953E-03,   0.00    ) |  3.705E-04 2.441E-02
    1700 7.0251E-01 3.7049E-04  (-0.396    , -1.953E-03,   0.00    ) |  3.705E-04 2.441E-02
    1701 7.0288E-01 3.7048E-04  (-0.396    , -1.953E-03,   0.00    ) |  3.705E-04 2.441E-02
    1702 7.0325E-01 3.7047E-04  (-0.396    , -1.953E-03,   0.00    ) |  3.705E-04 2.441E-02
    1703 7.0362E-01 3.7046E-04  (-0.396    , -1.953E-03,   0.00    ) |  3.705E-04 2.441E-02
    1704 7.0399E-01 3.7045E-04  (-0.396    , -1.953E-03,   0.00    ) |  3.704E-04 2.441E-02
    1705 7.0436E-01 3.7044E-04  (-0.400    , -1.953E-03,   0.00    ) |  3.704E-04 2.441E-02
    1706 7.0473E-01 3.7042E-04  (-0.400    , -1.953E-03,   0.00    ) |  3.704E-04 2.441E-02
    1707 7.0510E-01 3.7041E-04  (-0.400    , -1.953E-03,   0.00    ) |  3.704E-04 2.441E-02
    1708 7.0548E-01 3.7039E-04  (-0.400    , -1.953E-03,   0.00    ) |  3.704E-04 2.441E-02
    1709 7.0585E-01 3.7038E-04  (-0.400    , -1.953E-03,   0.00    ) |  3.704E-04 2.441E-02
    1710 7.0622E-01 3.7036E-04  (-0.400    , -1.953E-03,   0.00    ) |  3.704E-04 2.441E-02
    1711 7.0659E-01 3.7035E-04  (-0.400    , -1.953E-03,   0.00    ) |  3.703E-04 2.441E-02
    1712 7.0696E-01 3.7033E-04  (-0.400    , -1.953E-03,   0.00    ) |  3.703E-04 2.441E-02
    1713 7.0733E-01 3.7032E-04  (-0.400    , -1.953E-03,   0.00    ) |  3.703E-04 2.441E-02
    1714 7.0770E-01 3.7032E-04  (-0.400    , -1.953E-03,   0.00    ) |  3.703E-04 2.441E-02
    1715 7.0807E-01 3.7031E-04  (-0.400    , -1.953E-03,   0.00    ) |  3.703E-04 2.441E-02
    1716 7.0844E-01 3.7030E-04  (-0.400    , -1.953E-03,   0.00    ) |  3.703E-04 2.441E-02
    1717 7.0881E-01 3.7029E-04  (-0.400    , -1.953E-03,   0.00    ) |  3.703E-04 2.441E-02
    1718 7.0918E-01 3.7029E-04  (-0.400    , -1.953E-03,   0.00    ) |  3.703E-04 2.441E-02
    1719 7.0955E-01 3.7028E-04  (-0.400    , -1.953E-03,   0.00    ) |  3.703E-04 2.441E-02
    1720 7.0992E-01 3.7027E-04  (-0.404    , -1.953E-03,   0.00    ) |  3.703E-04 2.441E-02
    1721 7.1029E-01 3.7026E-04  (-0.404    , -1.953E-03,   0.00    ) |  3.703E-04 2.441E-02
    1722 7.1066E-01 3.7025E-04  (-0.404    , -1.953E-03,   0.00    ) |  3.703E-04 2.441E-02
    1723 7.1103E-01 3.7024E-04  (-0.404    , -1.953E-03,   0.00    ) |  3.702E-04 2.441E-02
    1724 7.1140E-01 3.7023E-04  (-0.404    , -1.953E-03,   0.00    ) |  3.702E-04 2.441E-02
    1725 7.1177E-01 3.7021E-04  (-0.404    , -1.953E-03,   0.00    ) |  3.702E-04 2.441E-02
    1726 7.1214E-01 3.7020E-04  (-0.404    , -1.953E-03,   0.00    ) |  3.702E-04 2.441E-02
    1727 7.1251E-01 3.7019E-04  (-0.404    , -1.953E-03,   0.00    ) |  3.702E-04 2.441E-02
    1728 7.1288E-01 3.7018E-04  (-0.404    , -1.953E-03,   0.00    ) |  3.702E-04 2.441E-02
    1729 7.1325E-01 3.7017E-04  (-0.404    , -1.953E-03,   0.00    ) |  3.702E-04 2.441E-02
    1730 7.1362E-01 3.7017E-04  (-0.404    , -1.953E-03,   0.00    ) |  3.702E-04 2.441E-02
    1731 7.1399E-01 3.7016E-04  (-0.404    , -1.953E-03,   0.00    ) |  3.702E-04 2.441E-02
    1732 7.1436E-01 3.7016E-04  (-0.404    , -1.953E-03,   0.00    ) |  3.702E-04 2.441E-02
    1733 7.1473E-01 3.7016E-04  (-0.404    , -1.953E-03,   0.00    ) |  3.702E-04 2.441E-02
    1734 7.1510E-01 3.7015E-04  (-0.404    , -1.953E-03,   0.00    ) |  3.702E-04 2.441E-02
    1735 7.1547E-01 3.7015E-04  (-0.408    , -1.953E-03,   0.00    ) |  3.701E-04 2.441E-02
    1736 7.1584E-01 3.7014E-04  (-0.408    , -1.953E-03,   0.00    ) |  3.701E-04 2.441E-02
    1737 7.1621E-01 3.7013E-04  (-0.408    , -1.953E-03,   0.00    ) |  3.701E-04 2.441E-02
    1738 7.1658E-01 3.7012E-04  (-0.408    , -1.953E-03,   0.00    ) |  3.701E-04 2.441E-02
    1739 7.1695E-01 3.7011E-04  (-0.408    , -1.953E-03,   0.00    ) |  3.701E-04 2.441E-02
    1740 7.1732E-01 3.7010E-04  (-0.408    , -1.953E-03,   0.00    ) |  3.701E-04 2.441E-02
    1741 7.1769E-01 3.7009E-04  (-0.408    , -1.953E-03,   0.00    ) |  3.701E-04 2.441E-02
    1742 7.1806E-01 3.7007E-04  (-0.408    , -1.953E-03,   0.00    ) |  3.701E-04 2.441E-02
    1743 7.1843E-01 3.7007E-04  (-0.408    , -1.953E-03,   0.00    ) |  3.701E-04 2.441E-02
    1744 7.1880E-01 3.7006E-04  (-0.408    , -1.953E-03,   0.00    ) |  3.701E-04 2.441E-02
    1745 7.1917E-01 3.7006E-04  (-0.408    , -1.953E-03,   0.00    ) |  3.701E-04 2.441E-02
    1746 7.1954E-01 3.7006E-04  (-0.408    , -1.953E-03,   0.00    ) |  3.701E-04 2.441E-02
    1747 7.1991E-01 3.7005E-04  (-0.408    , -1.953E-03,   0.00    ) |  3.701E-04 2.441E-02
    1748 7.2028E-01 3.7005E-04  (-0.408    , -1.953E-03,   0.00    ) |  3.701E-04 2.441E-02
    1749 7.2065E-01 3.7005E-04  (-0.408    , -1.953E-03,   0.00    ) |  3.701E-04 2.441E-02
    1750 7.2102E-01 3.7005E-04  (-0.408    ,  1.953E-03,   0.00    ) |  3.701E-04 2.441E-02
    1751 7.2139E-01 3.7005E-04  (-0.412    , -1.953E-03,   0.00    ) |  3.700E-04 2.441E-02
    1752 7.2176E-01 3.7004E-04  (-0.412    , -1.953E-03,   0.00    ) |  3.700E-04 2.441E-02
    1753 7.2213E-01 3.7004E-04  (-0.412    , -1.953E-03,   0.00    ) |  3.700E-04 2.441E-02
    1754 7.2250E-01 3.7003E-04  (-0.412    , -1.953E-03,   0.00    ) |  3.700E-04 2.441E-02
    1755 7.2287E-01 3.7002E-04  (-0.412    , -1.953E-03,   0.00    ) |  3.700E-04 2.441E-02
    1756 7.2324E-01 3.7001E-04  (-0.412    , -1.953E-03,   0.00    ) |  3.700E-04 2.441E-02
    1757 7.2361E-01 3.7000E-04  (-0.412    ,  1.953E-03,   0.00    ) |  3.700E-04 2.441E-02
    1758 7.2398E-01 3.7000E-04  (-0.412    ,  1.953E-03,   0.00    ) |  3.700E-04 2.441E-02
    1759 7.2435E-01 3.6999E-04  (-0.412    , -1.953E-03,   0.00    ) |  3.700E-04 2.441E-02
    1760 7.2472E-01 3.6999E-04  (-0.412    ,  1.953E-03,   0.00    ) |  3.700E-04 2.441E-02
 *** Wrote plotfile to flash_run_hdf5_plt_cnt_0029 ****
    1761 7.2509E-01 3.6999E-04  (-0.412    ,  1.953E-03,   0.00    ) |  3.700E-04 2.441E-02
    1762 7.2546E-01 3.6999E-04  (-0.412    , -1.953E-03,   0.00    ) |  3.700E-04 2.441E-02
    1763 7.2583E-01 3.6999E-04  (-0.412    , -1.953E-03,   0.00    ) |  3.700E-04 2.441E-02
    1764 7.2620E-01 3.7000E-04  (-0.412    , -1.953E-03,   0.00    ) |  3.700E-04 2.441E-02
    1765 7.2657E-01 3.7000E-04  (-0.412    , -1.953E-03,   0.00    ) |  3.700E-04 2.441E-02
    1766 7.2694E-01 3.7000E-04  (-0.412    , -1.953E-03,   0.00    ) |  3.700E-04 2.441E-02
    1767 7.2731E-01 3.7000E-04  (-0.412    ,  1.953E-03,   0.00    ) |  3.700E-04 2.441E-02
    1768 7.2768E-01 3.7000E-04  (-0.416    , -1.953E-03,   0.00    ) |  3.700E-04 2.441E-02
    1769 7.2805E-01 3.7000E-04  (-0.416    , -1.953E-03,   0.00    ) |  3.700E-04 2.441E-02
    1770 7.2842E-01 3.6999E-04  (-0.416    , -1.953E-03,   0.00    ) |  3.700E-04 2.441E-02
    1771 7.2879E-01 3.6998E-04  (-0.416    , -1.953E-03,   0.00    ) |  3.700E-04 2.441E-02
    1772 7.2916E-01 3.6997E-04  (-0.416    , -1.953E-03,   0.00    ) |  3.700E-04 2.441E-02
    1773 7.2953E-01 3.6996E-04  (-0.416    , -1.953E-03,   0.00    ) |  3.700E-04 2.441E-02
    1774 7.2990E-01 3.6996E-04  (-0.416    , -1.953E-03,   0.00    ) |  3.700E-04 2.441E-02
    1775 7.3027E-01 3.6996E-04  (-0.416    , -1.953E-03,   0.00    ) |  3.700E-04 2.441E-02
    1776 7.3064E-01 3.6996E-04  (-0.416    , -1.953E-03,   0.00    ) |  3.700E-04 2.441E-02
    1777 7.3101E-01 3.6996E-04  (-0.416    , -1.953E-03,   0.00    ) |  3.700E-04 2.441E-02
    1778 7.3138E-01 3.6997E-04  (-0.416    ,  1.953E-03,   0.00    ) |  3.700E-04 2.441E-02
    1779 7.3175E-01 3.6997E-04  (-0.416    ,  1.953E-03,   0.00    ) |  3.700E-04 2.441E-02
    1780 7.3212E-01 3.6997E-04  (-0.416    ,  1.953E-03,   0.00    ) |  3.700E-04 2.441E-02
    1781 7.3249E-01 3.6998E-04  (-0.416    ,  1.953E-03,   0.00    ) |  3.700E-04 2.441E-02
    1782 7.3286E-01 3.6998E-04  (-0.416    ,  1.953E-03,   0.00    ) |  3.700E-04 2.441E-02
    1783 7.3323E-01 3.6999E-04  (-0.416    ,  1.953E-03,   0.00    ) |  3.700E-04 2.441E-02
    1784 7.3360E-01 3.6999E-04  (-0.416    ,  1.953E-03,   0.00    ) |  3.700E-04 2.441E-02
    1785 7.3397E-01 3.6999E-04  (-0.420    ,  1.953E-03,   0.00    ) |  3.700E-04 2.441E-02
    1786 7.3434E-01 3.6999E-04  (-0.420    ,  1.953E-03,   0.00    ) |  3.700E-04 2.441E-02
    1787 7.3471E-01 3.6999E-04  (-0.420    ,  1.953E-03,   0.00    ) |  3.700E-04 2.441E-02
    1788 7.3508E-01 3.6999E-04  (-0.420    ,  1.953E-03,   0.00    ) |  3.700E-04 2.441E-02
    1789 7.3545E-01 3.6999E-04  (-0.420    ,  1.953E-03,   0.00    ) |  3.700E-04 2.441E-02
    1790 7.3582E-01 3.6999E-04  (-0.420    ,  1.953E-03,   0.00    ) |  3.700E-04 2.441E-02
    1791 7.3619E-01 3.6999E-04  (-0.420    ,  1.953E-03,   0.00    ) |  3.700E-04 2.441E-02
    1792 7.3656E-01 3.7000E-04  (-0.420    ,  1.953E-03,   0.00    ) |  3.700E-04 2.441E-02
    1793 7.3693E-01 3.7000E-04  (-0.420    ,  1.953E-03,   0.00    ) |  3.700E-04 2.441E-02
    1794 7.3730E-01 3.7000E-04  (-0.420    ,  1.953E-03,   0.00    ) |  3.700E-04 2.441E-02
    1795 7.3767E-01 3.7001E-04  (-0.420    ,  1.953E-03,   0.00    ) |  3.700E-04 2.441E-02
    1796 7.3804E-01 3.7001E-04  (-0.420    ,  1.953E-03,   0.00    ) |  3.700E-04 2.441E-02
    1797 7.3841E-01 3.7002E-04  (-0.420    ,  1.953E-03,   0.00    ) |  3.700E-04 2.441E-02
    1798 7.3878E-01 3.7003E-04  (-0.420    ,  1.953E-03,   0.00    ) |  3.700E-04 2.441E-02
    1799 7.3915E-01 3.7003E-04  (-0.420    ,  1.953E-03,   0.00    ) |  3.700E-04 2.441E-02
    1800 7.3952E-01 3.7004E-04  (-0.420    ,  1.953E-03,   0.00    ) |  3.700E-04 2.441E-02
    1801 7.3989E-01 3.7005E-04  (-0.420    ,  1.953E-03,   0.00    ) |  3.700E-04 2.441E-02
    1802 7.4026E-01 3.7005E-04  (-0.424    , -1.953E-03,   0.00    ) |  3.701E-04 2.441E-02
    1803 7.4063E-01 3.7005E-04  (-0.424    , -1.953E-03,   0.00    ) |  3.701E-04 2.441E-02
    1804 7.4100E-01 3.7006E-04  (-0.424    , -1.953E-03,   0.00    ) |  3.701E-04 2.441E-02
    1805 7.4137E-01 3.7006E-04  (-0.424    , -1.953E-03,   0.00    ) |  3.701E-04 2.441E-02
    1806 7.4174E-01 3.7006E-04  (-0.424    , -1.953E-03,   0.00    ) |  3.701E-04 2.441E-02
    1807 7.4211E-01 3.7007E-04  (-0.424    ,  1.953E-03,   0.00    ) |  3.701E-04 2.441E-02
    1808 7.4248E-01 3.7008E-04  (-0.424    , -1.953E-03,   0.00    ) |  3.701E-04 2.441E-02
    1809 7.4285E-01 3.7009E-04  (-0.424    , -1.953E-03,   0.00    ) |  3.701E-04 2.441E-02
    1810 7.4322E-01 3.7009E-04  (-0.424    ,  1.953E-03,   0.00    ) |  3.701E-04 2.441E-02
    1811 7.4359E-01 3.7010E-04  (-0.424    ,  1.953E-03,   0.00    ) |  3.701E-04 2.441E-02
    1812 7.4396E-01 3.7011E-04  (-0.424    , -1.953E-03,   0.00    ) |  3.701E-04 2.441E-02
    1813 7.4433E-01 3.7012E-04  (-0.424    , -1.953E-03,   0.00    ) |  3.701E-04 2.441E-02
    1814 7.4470E-01 3.7013E-04  (-0.424    ,  1.953E-03,   0.00    ) |  3.701E-04 2.441E-02
    1815 7.4507E-01 3.7014E-04  (-0.424    ,  1.953E-03,   0.00    ) |  3.701E-04 2.441E-02
    1816 7.4544E-01 3.7015E-04  (-0.424    ,  1.953E-03,   0.00    ) |  3.701E-04 2.441E-02
    1817 7.4581E-01 3.7016E-04  (-0.424    ,  1.953E-03,   0.00    ) |  3.702E-04 2.441E-02
    1818 7.4618E-01 3.7017E-04  (-0.424    , -1.953E-03,   0.00    ) |  3.702E-04 2.441E-02
    1819 7.4655E-01 3.7019E-04  ( 0.424    ,  1.953E-03,   0.00    ) |  3.702E-04 2.441E-02
    1820 7.4693E-01 3.7019E-04  (-0.428    , -1.953E-03,   0.00    ) |  3.702E-04 2.441E-02
    1821 7.4730E-01 3.7020E-04  (-0.428    , -1.953E-03,   0.00    ) |  3.702E-04 2.441E-02
    1822 7.4767E-01 3.7021E-04  (-0.428    , -1.953E-03,   0.00    ) |  3.702E-04 2.441E-02
    1823 7.4804E-01 3.7021E-04  ( 0.428    ,  1.953E-03,   0.00    ) |  3.702E-04 2.441E-02
    1824 7.4841E-01 3.7022E-04  ( 0.428    ,  1.953E-03,   0.00    ) |  3.702E-04 2.441E-02
    1825 7.4878E-01 3.7024E-04  ( 0.428    ,  1.953E-03,   0.00    ) |  3.702E-04 2.441E-02
    1826 7.4915E-01 3.7025E-04  ( 0.428    ,  1.953E-03,   0.00    ) |  3.702E-04 2.441E-02
    1827 7.4952E-01 3.7026E-04  ( 0.428    ,  1.953E-03,   0.00    ) |  3.703E-04 2.441E-02
    1828 7.4989E-01 3.7027E-04  ( 0.428    ,  1.953E-03,   0.00    ) |  3.703E-04 2.441E-02
 *** Wrote plotfile to flash_run_hdf5_plt_cnt_0030 ****
    1829 7.5026E-01 3.7028E-04  ( 0.428    ,  1.953E-03,   0.00    ) |  3.703E-04 2.441E-02
    1830 7.5063E-01 3.7029E-04  ( 0.428    ,  1.953E-03,   0.00    ) |  3.703E-04 2.441E-02
    1831 7.5100E-01 3.7030E-04  ( 0.428    ,  1.953E-03,   0.00    ) |  3.703E-04 2.441E-02
    1832 7.5137E-01 3.7032E-04  ( 0.428    ,  1.953E-03,   0.00    ) |  3.703E-04 2.441E-02
    1833 7.5174E-01 3.7033E-04  ( 0.428    ,  1.953E-03,   0.00    ) |  3.703E-04 2.441E-02
    1834 7.5211E-01 3.7034E-04  ( 0.428    ,  1.953E-03,   0.00    ) |  3.703E-04 2.441E-02
    1835 7.5248E-01 3.7036E-04  ( 0.428    ,  1.953E-03,   0.00    ) |  3.704E-04 2.441E-02
    1836 7.5285E-01 3.7037E-04  ( 0.428    ,  1.953E-03,   0.00    ) |  3.704E-04 2.441E-02
    1837 7.5322E-01 3.7039E-04  ( 0.428    ,  1.953E-03,   0.00    ) |  3.704E-04 2.441E-02
    1838 7.5359E-01 3.7041E-04  ( 0.428    ,  1.953E-03,   0.00    ) |  3.704E-04 2.441E-02
    1839 7.5396E-01 3.7043E-04  ( 0.428    ,  1.953E-03,   0.00    ) |  3.704E-04 2.441E-02
    1840 7.5433E-01 3.7045E-04  ( 0.432    ,  1.953E-03,   0.00    ) |  3.704E-04 2.441E-02
    1841 7.5470E-01 3.7046E-04  ( 0.432    ,  1.953E-03,   0.00    ) |  3.705E-04 2.441E-02
    1842 7.5507E-01 3.7047E-04  ( 0.432    ,  1.953E-03,   0.00    ) |  3.705E-04 2.441E-02
    1843 7.5544E-01 3.7048E-04  ( 0.432    ,  1.953E-03,   0.00    ) |  3.705E-04 2.441E-02
    1844 7.5581E-01 3.7050E-04  ( 0.432    ,  1.953E-03,   0.00    ) |  3.705E-04 2.441E-02
    1845 7.5618E-01 3.7052E-04  ( 0.432    ,  1.953E-03,   0.00    ) |  3.705E-04 2.441E-02
    1846 7.5655E-01 3.7054E-04  ( 0.432    ,  1.953E-03,   0.00    ) |  3.705E-04 2.441E-02
    1847 7.5692E-01 3.7056E-04  ( 0.432    ,  1.953E-03,   0.00    ) |  3.706E-04 2.441E-02
    1848 7.5729E-01 3.7058E-04  ( 0.432    ,  1.953E-03,   0.00    ) |  3.706E-04 2.441E-02
    1849 7.5767E-01 3.7060E-04  ( 0.432    ,  1.953E-03,   0.00    ) |  3.706E-04 2.441E-02
    1850 7.5804E-01 3.7061E-04  ( 0.432    ,  1.953E-03,   0.00    ) |  3.706E-04 2.441E-02
    1851 7.5841E-01 3.7063E-04  ( 0.432    ,  1.953E-03,   0.00    ) |  3.706E-04 2.441E-02
    1852 7.5878E-01 3.7065E-04  ( 0.432    ,  1.953E-03,   0.00    ) |  3.706E-04 2.441E-02
    1853 7.5915E-01 3.7066E-04  ( 0.432    ,  1.953E-03,   0.00    ) |  3.707E-04 2.441E-02
    1854 7.5952E-01 3.7068E-04  ( 0.432    ,  1.953E-03,   0.00    ) |  3.707E-04 2.441E-02
    1855 7.5989E-01 3.7070E-04  ( 0.432    ,  1.953E-03,   0.00    ) |  3.707E-04 2.441E-02
    1856 7.6026E-01 3.7071E-04  ( 0.432    ,  1.953E-03,   0.00    ) |  3.707E-04 2.441E-02
    1857 7.6063E-01 3.7073E-04  ( 0.432    ,  1.953E-03,   0.00    ) |  3.707E-04 2.441E-02
    1858 7.6100E-01 3.7075E-04  ( 0.432    ,  1.953E-03,   0.00    ) |  3.708E-04 2.441E-02
    1859 7.6137E-01 3.7078E-04  ( 0.432    ,  1.953E-03,   0.00    ) |  3.708E-04 2.441E-02
    1860 7.6174E-01 3.7080E-04  ( 0.432    ,  1.953E-03,   0.00    ) |  3.708E-04 2.441E-02
    1861 7.6211E-01 3.7082E-04  ( 0.432    ,  1.953E-03,   0.00    ) |  3.708E-04 2.441E-02
    1862 7.6248E-01 3.7085E-04  ( 0.432    ,  1.953E-03,   0.00    ) |  3.709E-04 2.441E-02
    1863 7.6286E-01 3.7087E-04  ( 0.436    ,  1.953E-03,   0.00    ) |  3.709E-04 2.441E-02
    1864 7.6323E-01 3.7089E-04  ( 0.436    ,  1.953E-03,   0.00    ) |  3.709E-04 2.441E-02
    1865 7.6360E-01 3.7091E-04  ( 0.436    ,  1.953E-03,   0.00    ) |  3.709E-04 2.441E-02
    1866 7.6397E-01 3.7093E-04  ( 0.436    ,  1.953E-03,   0.00    ) |  3.709E-04 2.441E-02
    1867 7.6434E-01 3.7095E-04  ( 0.436    ,  1.953E-03,   0.00    ) |  3.710E-04 2.441E-02
    1868 7.6471E-01 3.7098E-04  ( 0.436    ,  1.953E-03,   0.00    ) |  3.710E-04 2.441E-02
    1869 7.6508E-01 3.7100E-04  ( 0.436    ,  1.953E-03,   0.00    ) |  3.710E-04 2.441E-02
    1870 7.6545E-01 3.7103E-04  ( 0.436    ,  1.953E-03,   0.00    ) |  3.710E-04 2.441E-02
    1871 7.6582E-01 3.7105E-04  ( 0.436    ,  1.953E-03,   0.00    ) |  3.711E-04 2.441E-02
    1872 7.6619E-01 3.7108E-04  ( 0.436    ,  1.953E-03,   0.00    ) |  3.711E-04 2.441E-02
    1873 7.6657E-01 3.7110E-04  ( 0.436    ,  1.953E-03,   0.00    ) |  3.711E-04 2.441E-02
    1874 7.6694E-01 3.7113E-04  ( 0.436    ,  1.953E-03,   0.00    ) |  3.711E-04 2.441E-02
    1875 7.6731E-01 3.7115E-04  ( 0.436    ,  1.953E-03,   0.00    ) |  3.712E-04 2.441E-02
    1876 7.6768E-01 3.7118E-04  ( 0.436    ,  1.953E-03,   0.00    ) |  3.712E-04 2.441E-02
    1877 7.6805E-01 3.7121E-04  ( 0.436    ,  1.953E-03,   0.00    ) |  3.712E-04 2.441E-02
    1878 7.6842E-01 3.7123E-04  ( 0.436    ,  1.953E-03,   0.00    ) |  3.712E-04 2.441E-02
    1879 7.6879E-01 3.7126E-04  ( 0.436    ,  1.953E-03,   0.00    ) |  3.713E-04 2.441E-02
    1880 7.6916E-01 3.7128E-04  ( 0.436    ,  1.953E-03,   0.00    ) |  3.713E-04 2.441E-02
    1881 7.6953E-01 3.7131E-04  ( 0.436    ,  1.953E-03,   0.00    ) |  3.713E-04 2.441E-02
    1882 7.6991E-01 3.7133E-04  ( 0.436    ,  1.953E-03,   0.00    ) |  3.713E-04 2.441E-02
    1883 7.7028E-01 3.7136E-04  ( 0.436    ,  1.953E-03,   0.00    ) |  3.714E-04 2.441E-02
    1884 7.7065E-01 3.7139E-04  ( 0.436    ,  1.953E-03,   0.00    ) |  3.714E-04 2.441E-02
    1885 7.7102E-01 3.7142E-04  ( 0.436    ,  1.953E-03,   0.00    ) |  3.714E-04 2.441E-02
    1886 7.7139E-01 3.7145E-04  ( 0.436    ,  1.953E-03,   0.00    ) |  3.714E-04 2.441E-02
    1887 7.7176E-01 3.7148E-04  ( 0.436    ,  1.953E-03,   0.00    ) |  3.715E-04 2.441E-02
    1888 7.7213E-01 3.7152E-04  ( 0.436    ,  1.953E-03,   0.00    ) |  3.715E-04 2.441E-02
    1889 7.7251E-01 3.7155E-04  ( 0.436    ,  1.953E-03,   0.00    ) |  3.715E-04 2.441E-02
    1890 7.7288E-01 3.7158E-04  (-0.439    , -1.953E-03,   0.00    ) |  3.716E-04 2.441E-02
    1891 7.7325E-01 3.7161E-04  (-0.439    , -1.953E-03,   0.00    ) |  3.716E-04 2.441E-02
    1892 7.7362E-01 3.7164E-04  (-0.439    , -1.953E-03,   0.00    ) |  3.716E-04 2.441E-02
    1893 7.7399E-01 3.7167E-04  ( 0.439    ,  1.953E-03,   0.00    ) |  3.717E-04 2.441E-02
    1894 7.7436E-01 3.7170E-04  ( 0.439    ,  1.953E-03,   0.00    ) |  3.717E-04 2.441E-02
    1895 7.7474E-01 3.7172E-04  ( 0.439    ,  1.953E-03,   0.00    ) |  3.717E-04 2.441E-02
 *** Wrote plotfile to flash_run_hdf5_plt_cnt_0031 ****
    1896 7.7511E-01 3.7175E-04  ( 0.439    ,  1.953E-03,   0.00    ) |  3.718E-04 2.441E-02
    1897 7.7548E-01 3.7178E-04  ( 0.439    ,  1.953E-03,   0.00    ) |  3.718E-04 2.441E-02
    1898 7.7585E-01 3.7181E-04  ( 0.439    ,  1.953E-03,   0.00    ) |  3.718E-04 2.441E-02
    1899 7.7622E-01 3.7184E-04  ( 0.439    ,  1.953E-03,   0.00    ) |  3.718E-04 2.441E-02
    1900 7.7659E-01 3.7188E-04  ( 0.439    ,  1.953E-03,   0.00    ) |  3.719E-04 2.441E-02
    1901 7.7697E-01 3.7190E-04  ( 0.365    , -1.953E-03,   0.00    ) |  3.719E-04 2.441E-02
    1902 7.7734E-01 3.7190E-04  ( 0.365    , -1.953E-03,   0.00    ) |  3.719E-04 2.441E-02
    1903 7.7771E-01 3.7190E-04  ( 0.365    , -1.953E-03,   0.00    ) |  3.719E-04 2.441E-02
    1904 7.7808E-01 3.7190E-04  ( 0.365    , -1.953E-03,   0.00    ) |  3.719E-04 2.441E-02
    1905 7.7845E-01 3.7190E-04  ( 0.365    , -1.953E-03,   0.00    ) |  3.719E-04 2.441E-02
    1906 7.7883E-01 3.7190E-04  ( 0.365    , -1.953E-03,   0.00    ) |  3.719E-04 2.441E-02
    1907 7.7920E-01 3.7190E-04  ( 0.365    , -1.953E-03,   0.00    ) |  3.719E-04 2.441E-02
    1908 7.7957E-01 3.7191E-04  ( 0.365    , -1.953E-03,   0.00    ) |  3.719E-04 2.441E-02
    1909 7.7994E-01 3.7191E-04  ( 0.365    , -1.953E-03,   0.00    ) |  3.719E-04 2.441E-02
    1910 7.8031E-01 3.7191E-04  ( 0.365    , -1.953E-03,   0.00    ) |  3.719E-04 2.441E-02
    1911 7.8069E-01 3.7191E-04  (-0.365    ,  1.953E-03,   0.00    ) |  3.719E-04 2.441E-02
    1912 7.8106E-01 3.7191E-04  (-0.365    ,  1.953E-03,   0.00    ) |  3.719E-04 2.441E-02
    1913 7.8143E-01 3.7191E-04  (-0.365    ,  1.953E-03,   0.00    ) |  3.719E-04 2.441E-02
    1914 7.8180E-01 3.7192E-04  (-0.365    ,  1.953E-03,   0.00    ) |  3.719E-04 2.441E-02
    1915 7.8217E-01 3.7192E-04  (-0.365    ,  1.953E-03,   0.00    ) |  3.719E-04 2.441E-02
    1916 7.8255E-01 3.7192E-04  (-0.365    ,  1.953E-03,   0.00    ) |  3.719E-04 2.441E-02
    1917 7.8292E-01 3.7192E-04  ( 0.365    , -1.953E-03,   0.00    ) |  3.719E-04 2.441E-02
    1918 7.8329E-01 3.7192E-04  ( 0.365    , -1.953E-03,   0.00    ) |  3.719E-04 2.441E-02
    1919 7.8366E-01 3.7192E-04  ( 0.365    , -1.953E-03,   0.00    ) |  3.719E-04 2.441E-02
    1920 7.8403E-01 3.7192E-04  (-0.365    ,  1.953E-03,   0.00    ) |  3.719E-04 2.441E-02
    1921 7.8440E-01 3.7192E-04  (-0.365    ,  1.953E-03,   0.00    ) |  3.719E-04 2.441E-02
    1922 7.8478E-01 3.7192E-04  (-0.365    ,  1.953E-03,   0.00    ) |  3.719E-04 2.441E-02
    1923 7.8515E-01 3.7192E-04  (-0.365    ,  1.953E-03,   0.00    ) |  3.719E-04 2.441E-02
    1924 7.8552E-01 3.7192E-04  (-0.365    ,  1.953E-03,   0.00    ) |  3.719E-04 2.441E-02
    1925 7.8589E-01 3.7192E-04  (-0.365    ,  1.953E-03,   0.00    ) |  3.719E-04 2.441E-02
    1926 7.8626E-01 3.7192E-04  (-0.365    ,  1.953E-03,   0.00    ) |  3.719E-04 2.441E-02
    1927 7.8664E-01 3.7192E-04  (-0.365    ,  1.953E-03,   0.00    ) |  3.719E-04 2.441E-02
    1928 7.8701E-01 3.7192E-04  (-0.365    ,  1.953E-03,   0.00    ) |  3.719E-04 2.441E-02
    1929 7.8738E-01 3.7193E-04  (-0.365    ,  1.953E-03,   0.00    ) |  3.719E-04 2.441E-02
    1930 7.8775E-01 3.7193E-04  (-0.365    ,  1.953E-03,   0.00    ) |  3.719E-04 2.441E-02
    1931 7.8812E-01 3.7193E-04  (-0.365    ,  1.953E-03,   0.00    ) |  3.719E-04 2.441E-02
    1932 7.8850E-01 3.7193E-04  (-0.365    ,  1.953E-03,   0.00    ) |  3.719E-04 2.441E-02
    1933 7.8887E-01 3.7193E-04  (-0.365    ,  1.953E-03,   0.00    ) |  3.719E-04 2.441E-02
    1934 7.8924E-01 3.7193E-04  (-0.365    ,  1.953E-03,   0.00    ) |  3.719E-04 2.441E-02
    1935 7.8961E-01 3.7193E-04  (-0.365    ,  1.953E-03,   0.00    ) |  3.719E-04 2.441E-02
    1936 7.8998E-01 3.7193E-04  (-0.365    ,  1.953E-03,   0.00    ) |  3.719E-04 2.441E-02
    1937 7.9036E-01 3.7194E-04  (-0.365    ,  1.953E-03,   0.00    ) |  3.719E-04 2.441E-02
    1938 7.9073E-01 3.7194E-04  (-0.365    ,  1.953E-03,   0.00    ) |  3.719E-04 2.441E-02
    1939 7.9110E-01 3.7194E-04  (-0.365    ,  1.953E-03,   0.00    ) |  3.719E-04 2.441E-02
    1940 7.9147E-01 3.7194E-04  (-0.365    ,  1.953E-03,   0.00    ) |  3.719E-04 2.441E-02
    1941 7.9184E-01 3.7194E-04  (-0.365    ,  1.953E-03,   0.00    ) |  3.719E-04 2.441E-02
    1942 7.9222E-01 3.7195E-04  (-0.365    ,  1.953E-03,   0.00    ) |  3.719E-04 2.441E-02
    1943 7.9259E-01 3.7195E-04  (-0.365    ,  1.953E-03,   0.00    ) |  3.719E-04 2.441E-02
    1944 7.9296E-01 3.7195E-04  (-0.361    ,  1.953E-03,   0.00    ) |  3.720E-04 2.441E-02
    1945 7.9333E-01 3.7195E-04  (-0.361    ,  1.953E-03,   0.00    ) |  3.720E-04 2.441E-02
    1946 7.9370E-01 3.7195E-04  (-0.361    ,  1.953E-03,   0.00    ) |  3.720E-04 2.441E-02
    1947 7.9408E-01 3.7196E-04  (-0.361    ,  1.953E-03,   0.00    ) |  3.720E-04 2.441E-02
    1948 7.9445E-01 3.7196E-04  (-0.361    ,  1.953E-03,   0.00    ) |  3.720E-04 2.441E-02
    1949 7.9482E-01 3.7196E-04  (-0.361    ,  1.953E-03,   0.00    ) |  3.720E-04 2.441E-02
    1950 7.9519E-01 3.7196E-04  (-0.361    ,  1.953E-03,   0.00    ) |  3.720E-04 2.441E-02
    1951 7.9556E-01 3.7196E-04  (-0.361    ,  1.953E-03,   0.00    ) |  3.720E-04 2.441E-02
    1952 7.9593E-01 3.7197E-04  (-0.361    ,  1.953E-03,   0.00    ) |  3.720E-04 2.441E-02
    1953 7.9631E-01 3.7197E-04  ( 0.361    , -1.953E-03,   0.00    ) |  3.720E-04 2.441E-02
    1954 7.9668E-01 3.7197E-04  ( 0.361    , -1.953E-03,   0.00    ) |  3.720E-04 2.441E-02
    1955 7.9705E-01 3.7197E-04  ( 0.361    , -1.953E-03,   0.00    ) |  3.720E-04 2.441E-02
    1956 7.9742E-01 3.7197E-04  ( 0.361    , -1.953E-03,   0.00    ) |  3.720E-04 2.441E-02
    1957 7.9779E-01 3.7198E-04  ( 0.361    , -1.953E-03,   0.00    ) |  3.720E-04 2.441E-02
    1958 7.9817E-01 3.7198E-04  ( 0.361    , -1.953E-03,   0.00    ) |  3.720E-04 2.441E-02
    1959 7.9854E-01 3.7198E-04  ( 0.361    , -1.953E-03,   0.00    ) |  3.720E-04 2.441E-02
    1960 7.9891E-01 3.7198E-04  ( 0.361    , -1.953E-03,   0.00    ) |  3.720E-04 2.441E-02
    1961 7.9928E-01 3.7198E-04  ( 0.361    , -1.953E-03,   0.00    ) |  3.720E-04 2.441E-02
    1962 7.9965E-01 3.7198E-04  ( 0.361    , -1.953E-03,   0.00    ) |  3.720E-04 2.441E-02
 *** Wrote plotfile to flash_run_hdf5_plt_cnt_0032 ****
    1963 8.0003E-01 3.7199E-04  ( 0.361    , -1.953E-03,   0.00    ) |  3.720E-04 2.441E-02
    1964 8.0040E-01 3.7199E-04  ( 0.361    , -1.953E-03,   0.00    ) |  3.720E-04 2.441E-02
    1965 8.0077E-01 3.7199E-04  ( 0.361    , -1.953E-03,   0.00    ) |  3.720E-04 2.441E-02
    1966 8.0114E-01 3.7199E-04  ( 0.361    , -1.953E-03,   0.00    ) |  3.720E-04 2.441E-02
    1967 8.0151E-01 3.7199E-04  ( 0.361    , -1.953E-03,   0.00    ) |  3.720E-04 2.441E-02
    1968 8.0189E-01 3.7199E-04  (-0.361    ,  1.953E-03,   0.00    ) |  3.720E-04 2.441E-02
    1969 8.0226E-01 3.7200E-04  (-0.361    ,  1.953E-03,   0.00    ) |  3.720E-04 2.441E-02
    1970 8.0263E-01 3.7200E-04  (-0.361    ,  1.953E-03,   0.00    ) |  3.720E-04 2.441E-02
    1971 8.0300E-01 3.7200E-04  (-0.361    ,  1.953E-03,   0.00    ) |  3.720E-04 2.441E-02
    1972 8.0337E-01 3.7200E-04  (-0.361    ,  1.953E-03,   0.00    ) |  3.720E-04 2.441E-02
    1973 8.0375E-01 3.7200E-04  (-0.361    ,  1.953E-03,   0.00    ) |  3.720E-04 2.441E-02
    1974 8.0412E-01 3.7201E-04  (-0.361    ,  1.953E-03,   0.00    ) |  3.720E-04 2.441E-02
    1975 8.0449E-01 3.7201E-04  (-0.361    ,  1.953E-03,   0.00    ) |  3.720E-04 2.441E-02
    1976 8.0486E-01 3.7201E-04  (-0.361    ,  1.953E-03,   0.00    ) |  3.720E-04 2.441E-02
    1977 8.0523E-01 3.7201E-04  (-0.361    ,  1.953E-03,   0.00    ) |  3.720E-04 2.441E-02
    1978 8.0561E-01 3.7201E-04  (-0.361    ,  1.953E-03,   0.00    ) |  3.720E-04 2.441E-02
    1979 8.0598E-01 3.7202E-04  (-0.361    ,  1.953E-03,   0.00    ) |  3.720E-04 2.441E-02
    1980 8.0635E-01 3.7202E-04  (-0.361    ,  1.953E-03,   0.00    ) |  3.720E-04 2.441E-02
    1981 8.0672E-01 3.7202E-04  (-0.361    ,  1.953E-03,   0.00    ) |  3.720E-04 2.441E-02
    1982 8.0709E-01 3.7202E-04  (-0.361    ,  1.953E-03,   0.00    ) |  3.720E-04 2.441E-02
    1983 8.0747E-01 3.7203E-04  (-0.361    ,  1.953E-03,   0.00    ) |  3.720E-04 2.441E-02
    1984 8.0784E-01 3.7203E-04  (-0.361    ,  1.953E-03,   0.00    ) |  3.720E-04 2.441E-02
    1985 8.0821E-01 3.7203E-04  (-0.361    ,  1.953E-03,   0.00    ) |  3.720E-04 2.441E-02
    1986 8.0858E-01 3.7203E-04  (-0.361    ,  1.953E-03,   0.00    ) |  3.720E-04 2.441E-02
    1987 8.0895E-01 3.7203E-04  (-0.361    ,  1.953E-03,   0.00    ) |  3.720E-04 2.441E-02
    1988 8.0933E-01 3.7204E-04  (-0.361    ,  1.953E-03,   0.00    ) |  3.720E-04 2.441E-02
    1989 8.0970E-01 3.7204E-04  (-0.361    ,  1.953E-03,   0.00    ) |  3.720E-04 2.441E-02
    1990 8.1007E-01 3.7204E-04  (-0.361    ,  1.953E-03,   0.00    ) |  3.720E-04 2.441E-02
    1991 8.1044E-01 3.7204E-04  (-0.361    ,  1.953E-03,   0.00    ) |  3.720E-04 2.441E-02
    1992 8.1081E-01 3.7204E-04  (-0.361    ,  1.953E-03,   0.00    ) |  3.720E-04 2.441E-02
    1993 8.1119E-01 3.7205E-04  (-0.361    ,  1.953E-03,   0.00    ) |  3.720E-04 2.441E-02
    1994 8.1156E-01 3.7205E-04  (-0.361    ,  1.953E-03,   0.00    ) |  3.720E-04 2.441E-02
    1995 8.1193E-01 3.7205E-04  (-0.361    ,  1.953E-03,   0.00    ) |  3.720E-04 2.441E-02
    1996 8.1230E-01 3.7205E-04  (-0.361    ,  1.953E-03,   0.00    ) |  3.721E-04 2.441E-02
    1997 8.1268E-01 3.7205E-04  (-0.361    ,  1.953E-03,   0.00    ) |  3.721E-04 2.441E-02
    1998 8.1305E-01 3.7206E-04  (-0.361    ,  1.953E-03,   0.00    ) |  3.721E-04 2.441E-02
    1999 8.1342E-01 3.7206E-04  (-0.361    ,  1.953E-03,   0.00    ) |  3.721E-04 2.441E-02
    2000 8.1379E-01 3.7206E-04  (-0.361    ,  1.953E-03,   0.00    ) |  3.721E-04 2.441E-02
    2001 8.1416E-01 3.7207E-04  (-0.361    ,  1.953E-03,   0.00    ) |  3.721E-04 2.441E-02
    2002 8.1454E-01 3.7207E-04  (-0.361    ,  1.953E-03,   0.00    ) |  3.721E-04 2.441E-02
    2003 8.1491E-01 3.7207E-04  (-0.361    ,  1.953E-03,   0.00    ) |  3.721E-04 2.441E-02
    2004 8.1528E-01 3.7207E-04  (-0.361    ,  1.953E-03,   0.00    ) |  3.721E-04 2.441E-02
    2005 8.1565E-01 3.7208E-04  (-0.361    ,  1.953E-03,   0.00    ) |  3.721E-04 2.441E-02
    2006 8.1602E-01 3.7208E-04  (-0.361    ,  1.953E-03,   0.00    ) |  3.721E-04 2.441E-02
    2007 8.1640E-01 3.7208E-04  (-0.361    ,  1.953E-03,   0.00    ) |  3.721E-04 2.441E-02
    2008 8.1677E-01 3.7208E-04  (-0.361    ,  1.953E-03,   0.00    ) |  3.721E-04 2.441E-02
    2009 8.1714E-01 3.7209E-04  (-0.361    ,  1.953E-03,   0.00    ) |  3.721E-04 2.441E-02
    2010 8.1751E-01 3.7209E-04  (-0.361    ,  1.953E-03,   0.00    ) |  3.721E-04 2.441E-02
    2011 8.1788E-01 3.7209E-04  (-0.361    ,  1.953E-03,   0.00    ) |  3.721E-04 2.441E-02
    2012 8.1826E-01 3.7210E-04  (-0.361    ,  1.953E-03,   0.00    ) |  3.721E-04 2.441E-02
    2013 8.1863E-01 3.7210E-04  (-0.361    ,  1.953E-03,   0.00    ) |  3.721E-04 2.441E-02
    2014 8.1900E-01 3.7210E-04  (-0.361    ,  1.953E-03,   0.00    ) |  3.721E-04 2.441E-02
    2015 8.1937E-01 3.7211E-04  (-0.361    ,  1.953E-03,   0.00    ) |  3.721E-04 2.441E-02
    2016 8.1974E-01 3.7211E-04  (-0.361    ,  1.953E-03,   0.00    ) |  3.721E-04 2.441E-02
    2017 8.2012E-01 3.7211E-04  (-0.361    ,  1.953E-03,   0.00    ) |  3.721E-04 2.441E-02
    2018 8.2049E-01 3.7212E-04  (-0.361    ,  1.953E-03,   0.00    ) |  3.721E-04 2.441E-02
    2019 8.2086E-01 3.7212E-04  (-0.361    , -1.953E-03,   0.00    ) |  3.721E-04 2.441E-02
    2020 8.2123E-01 3.7212E-04  (-0.361    , -1.953E-03,   0.00    ) |  3.721E-04 2.441E-02
    2021 8.2161E-01 3.7213E-04  (-0.361    ,  1.953E-03,   0.00    ) |  3.721E-04 2.441E-02
    2022 8.2198E-01 3.7213E-04  (-0.361    ,  1.953E-03,   0.00    ) |  3.721E-04 2.441E-02
    2023 8.2235E-01 3.7213E-04  (-0.361    , -1.953E-03,   0.00    ) |  3.721E-04 2.441E-02
    2024 8.2272E-01 3.7214E-04  (-0.361    , -1.953E-03,   0.00    ) |  3.721E-04 2.441E-02
    2025 8.2309E-01 3.7214E-04  (-0.361    , -1.953E-03,   0.00    ) |  3.721E-04 2.441E-02
    2026 8.2347E-01 3.7215E-04  (-0.361    , -1.953E-03,   0.00    ) |  3.721E-04 2.441E-02
    2027 8.2384E-01 3.7215E-04  (-0.357    , -1.953E-03,   0.00    ) |  3.721E-04 2.441E-02
    2028 8.2421E-01 3.7215E-04  (-0.357    , -1.953E-03,   0.00    ) |  3.722E-04 2.441E-02
    2029 8.2458E-01 3.7216E-04  (-0.357    , -1.953E-03,   0.00    ) |  3.722E-04 2.441E-02
    2030 8.2495E-01 3.7216E-04  (-0.357    , -1.953E-03,   0.00    ) |  3.722E-04 2.441E-02
 *** Wrote plotfile to flash_run_hdf5_plt_cnt_0033 ****
    2031 8.2533E-01 3.7216E-04  (-0.357    , -1.953E-03,   0.00    ) |  3.722E-04 2.441E-02
    2032 8.2570E-01 3.7217E-04  (-0.357    , -1.953E-03,   0.00    ) |  3.722E-04 2.441E-02
    2033 8.2607E-01 3.7217E-04  (-0.357    , -1.953E-03,   0.00    ) |  3.722E-04 2.441E-02
    2034 8.2644E-01 3.7217E-04  (-0.357    , -1.953E-03,   0.00    ) |  3.722E-04 2.441E-02
    2035 8.2682E-01 3.7218E-04  (-0.357    , -1.953E-03,   0.00    ) |  3.722E-04 2.441E-02
    2036 8.2719E-01 3.7218E-04  (-0.357    , -1.953E-03,   0.00    ) |  3.722E-04 2.441E-02
    2037 8.2756E-01 3.7218E-04  (-0.357    , -1.953E-03,   0.00    ) |  3.722E-04 2.441E-02
    2038 8.2793E-01 3.7219E-04  (-0.357    , -1.953E-03,   0.00    ) |  3.722E-04 2.441E-02
    2039 8.2830E-01 3.7219E-04  (-0.357    , -1.953E-03,   0.00    ) |  3.722E-04 2.441E-02
    2040 8.2868E-01 3.7220E-04  (-0.357    , -1.953E-03,   0.00    ) |  3.722E-04 2.441E-02
    2041 8.2905E-01 3.7220E-04  (-0.357    , -1.953E-03,   0.00    ) |  3.722E-04 2.441E-02
    2042 8.2942E-01 3.7220E-04  (-0.357    , -1.953E-03,   0.00    ) |  3.722E-04 2.441E-02
    2043 8.2979E-01 3.7221E-04  (-0.357    , -1.953E-03,   0.00    ) |  3.722E-04 2.441E-02
    2044 8.3017E-01 3.7221E-04  (-0.357    , -1.953E-03,   0.00    ) |  3.722E-04 2.441E-02
    2045 8.3054E-01 3.7221E-04  (-0.357    , -1.953E-03,   0.00    ) |  3.722E-04 2.441E-02
    2046 8.3091E-01 3.7222E-04  ( 0.357    ,  1.953E-03,   0.00    ) |  3.722E-04 2.441E-02
    2047 8.3128E-01 3.7222E-04  ( 0.357    ,  1.953E-03,   0.00    ) |  3.722E-04 2.441E-02
    2048 8.3165E-01 3.7223E-04  ( 0.357    ,  1.953E-03,   0.00    ) |  3.722E-04 2.441E-02
    2049 8.3203E-01 3.7223E-04  ( 0.357    ,  1.953E-03,   0.00    ) |  3.722E-04 2.441E-02
    2050 8.3240E-01 3.7223E-04  (-0.357    , -1.953E-03,   0.00    ) |  3.722E-04 2.441E-02
    2051 8.3277E-01 3.7224E-04  (-0.357    , -1.953E-03,   0.00    ) |  3.722E-04 2.441E-02
    2052 8.3314E-01 3.7224E-04  (-0.357    , -1.953E-03,   0.00    ) |  3.722E-04 2.441E-02
    2053 8.3352E-01 3.7224E-04  (-0.357    , -1.953E-03,   0.00    ) |  3.722E-04 2.441E-02
    2054 8.3389E-01 3.7225E-04  (-0.357    , -1.953E-03,   0.00    ) |  3.722E-04 2.441E-02
    2055 8.3426E-01 3.7225E-04  (-0.357    , -1.953E-03,   0.00    ) |  3.723E-04 2.441E-02
    2056 8.3463E-01 3.7225E-04  (-0.357    , -1.953E-03,   0.00    ) |  3.723E-04 2.441E-02
    2057 8.3500E-01 3.7226E-04  (-0.357    , -1.953E-03,   0.00    ) |  3.723E-04 2.441E-02
    2058 8.3538E-01 3.7226E-04  ( 0.357    , -1.953E-03,   0.00    ) |  3.723E-04 2.441E-02
    2059 8.3575E-01 3.7227E-04  ( 0.357    , -1.953E-03,   0.00    ) |  3.723E-04 2.441E-02
    2060 8.3612E-01 3.7227E-04  ( 0.357    , -1.953E-03,   0.00    ) |  3.723E-04 2.441E-02
    2061 8.3649E-01 3.7227E-04  ( 0.357    , -1.953E-03,   0.00    ) |  3.723E-04 2.441E-02
    2062 8.3687E-01 3.7228E-04  ( 0.357    , -1.953E-03,   0.00    ) |  3.723E-04 2.441E-02
    2063 8.3724E-01 3.7228E-04  ( 0.357    , -1.953E-03,   0.00    ) |  3.723E-04 2.441E-02
    2064 8.3761E-01 3.7228E-04  ( 0.357    , -1.953E-03,   0.00    ) |  3.723E-04 2.441E-02
    2065 8.3798E-01 3.7229E-04  ( 0.357    , -1.953E-03,   0.00    ) |  3.723E-04 2.441E-02
    2066 8.3835E-01 3.7229E-04  (-0.357    , -1.953E-03,   0.00    ) |  3.723E-04 2.441E-02
    2067 8.3873E-01 3.7230E-04  (-0.357    , -1.953E-03,   0.00    ) |  3.723E-04 2.441E-02
    2068 8.3910E-01 3.7230E-04  (-0.357    , -1.953E-03,   0.00    ) |  3.723E-04 2.441E-02
    2069 8.3947E-01 3.7231E-04  (-0.357    , -1.953E-03,   0.00    ) |  3.723E-04 2.441E-02
    2070 8.3984E-01 3.7231E-04  (-0.357    , -1.953E-03,   0.00    ) |  3.723E-04 2.441E-02
    2071 8.4022E-01 3.7232E-04  (-0.357    , -1.953E-03,   0.00    ) |  3.723E-04 2.441E-02
    2072 8.4059E-01 3.7232E-04  (-0.357    , -1.953E-03,   0.00    ) |  3.723E-04 2.441E-02
    2073 8.4096E-01 3.7232E-04  (-0.357    , -1.953E-03,   0.00    ) |  3.723E-04 2.441E-02
    2074 8.4133E-01 3.7233E-04  (-0.357    , -1.953E-03,   0.00    ) |  3.723E-04 2.441E-02
    2075 8.4171E-01 3.7233E-04  (-0.357    , -1.953E-03,   0.00    ) |  3.723E-04 2.441E-02
    2076 8.4208E-01 3.7234E-04  (-0.357    , -1.953E-03,   0.00    ) |  3.723E-04 2.441E-02
    2077 8.4245E-01 3.7234E-04  (-0.357    , -1.953E-03,   0.00    ) |  3.723E-04 2.441E-02
    2078 8.4282E-01 3.7235E-04  (-0.357    , -1.953E-03,   0.00    ) |  3.723E-04 2.441E-02
    2079 8.4319E-01 3.7235E-04  (-0.357    , -1.953E-03,   0.00    ) |  3.724E-04 2.441E-02
    2080 8.4357E-01 3.7236E-04  (-0.357    , -1.953E-03,   0.00    ) |  3.724E-04 2.441E-02
    2081 8.4394E-01 3.7236E-04  (-0.357    , -1.953E-03,   0.00    ) |  3.724E-04 2.441E-02
    2082 8.4431E-01 3.7236E-04  (-0.357    , -1.953E-03,   0.00    ) |  3.724E-04 2.441E-02
    2083 8.4468E-01 3.7237E-04  (-0.357    , -1.953E-03,   0.00    ) |  3.724E-04 2.441E-02
    2084 8.4506E-01 3.7237E-04  ( 0.357    , -1.953E-03,   0.00    ) |  3.724E-04 2.441E-02
    2085 8.4543E-01 3.7238E-04  ( 0.357    , -1.953E-03,   0.00    ) |  3.724E-04 2.441E-02
    2086 8.4580E-01 3.7238E-04  (-0.357    , -1.953E-03,   0.00    ) |  3.724E-04 2.441E-02
    2087 8.4617E-01 3.7239E-04  (-0.357    , -1.953E-03,   0.00    ) |  3.724E-04 2.441E-02
    2088 8.4655E-01 3.7239E-04  (-0.357    , -1.953E-03,   0.00    ) |  3.724E-04 2.441E-02
    2089 8.4692E-01 3.7240E-04  (-0.357    , -1.953E-03,   0.00    ) |  3.724E-04 2.441E-02
    2090 8.4729E-01 3.7240E-04  (-0.357    , -1.953E-03,   0.00    ) |  3.724E-04 2.441E-02
    2091 8.4766E-01 3.7241E-04  (-0.357    , -1.953E-03,   0.00    ) |  3.724E-04 2.441E-02
    2092 8.4804E-01 3.7242E-04  (-0.357    , -1.953E-03,   0.00    ) |  3.724E-04 2.441E-02
    2093 8.4841E-01 3.7242E-04  (-0.357    , -1.953E-03,   0.00    ) |  3.724E-04 2.441E-02
    2094 8.4878E-01 3.7243E-04  ( 0.357    , -1.953E-03,   0.00    ) |  3.724E-04 2.441E-02
    2095 8.4915E-01 3.7243E-04  (-0.357    , -1.953E-03,   0.00    ) |  3.724E-04 2.441E-02
    2096 8.4953E-01 3.7244E-04  ( 0.357    , -1.953E-03,   0.00    ) |  3.724E-04 2.441E-02
    2097 8.4990E-01 3.7244E-04  (-0.357    , -1.953E-03,   0.00    ) |  3.724E-04 2.441E-02
 *** Wrote plotfile to flash_run_hdf5_plt_cnt_0034 ****
    2098 8.5027E-01 3.7245E-04  (-0.357    , -1.953E-03,   0.00    ) |  3.725E-04 2.441E-02
    2099 8.5064E-01 3.7246E-04  (-0.357    , -1.953E-03,   0.00    ) |  3.725E-04 2.441E-02
    2100 8.5102E-01 3.7246E-04  (-0.357    , -1.953E-03,   0.00    ) |  3.725E-04 2.441E-02
    2101 8.5139E-01 3.7247E-04  (-0.357    , -1.953E-03,   0.00    ) |  3.725E-04 2.441E-02
    2102 8.5176E-01 3.7247E-04  (-0.357    , -1.953E-03,   0.00    ) |  3.725E-04 2.441E-02
    2103 8.5213E-01 3.7248E-04  (-0.357    , -1.953E-03,   0.00    ) |  3.725E-04 2.441E-02
    2104 8.5251E-01 3.7249E-04  (-0.357    , -1.953E-03,   0.00    ) |  3.725E-04 2.441E-02
    2105 8.5288E-01 3.7249E-04  (-0.357    , -1.953E-03,   0.00    ) |  3.725E-04 2.441E-02
    2106 8.5325E-01 3.7250E-04  (-0.357    , -1.953E-03,   0.00    ) |  3.725E-04 2.441E-02
    2107 8.5362E-01 3.7250E-04  (-0.357    , -1.953E-03,   0.00    ) |  3.725E-04 2.441E-02
    2108 8.5400E-01 3.7251E-04  (-0.357    , -1.953E-03,   0.00    ) |  3.725E-04 2.441E-02
    2109 8.5437E-01 3.7252E-04  (-0.357    , -1.953E-03,   0.00    ) |  3.725E-04 2.441E-02
    2110 8.5474E-01 3.7252E-04  (-0.357    , -1.953E-03,   0.00    ) |  3.725E-04 2.441E-02
    2111 8.5511E-01 3.7253E-04  (-0.354    , -1.953E-03,   0.00    ) |  3.725E-04 2.441E-02
    2112 8.5549E-01 3.7253E-04  (-0.354    , -1.953E-03,   0.00    ) |  3.725E-04 2.441E-02
    2113 8.5586E-01 3.7254E-04  (-0.354    , -1.953E-03,   0.00    ) |  3.725E-04 2.441E-02
    2114 8.5623E-01 3.7254E-04  (-0.354    , -1.953E-03,   0.00    ) |  3.725E-04 2.441E-02
    2115 8.5660E-01 3.7255E-04  (-0.354    , -1.953E-03,   0.00    ) |  3.725E-04 2.441E-02
    2116 8.5698E-01 3.7255E-04  (-0.354    , -1.953E-03,   0.00    ) |  3.726E-04 2.441E-02
    2117 8.5735E-01 3.7256E-04  (-0.354    , -1.953E-03,   0.00    ) |  3.726E-04 2.441E-02
    2118 8.5772E-01 3.7257E-04  (-0.354    , -1.953E-03,   0.00    ) |  3.726E-04 2.441E-02
    2119 8.5809E-01 3.7257E-04  (-0.354    , -1.953E-03,   0.00    ) |  3.726E-04 2.441E-02
    2120 8.5847E-01 3.7258E-04  (-0.354    , -1.953E-03,   0.00    ) |  3.726E-04 2.441E-02
    2121 8.5884E-01 3.7258E-04  (-0.354    , -1.953E-03,   0.00    ) |  3.726E-04 2.441E-02
    2122 8.5921E-01 3.7259E-04  ( 0.354    , -1.953E-03,   0.00    ) |  3.726E-04 2.441E-02
    2123 8.5958E-01 3.7259E-04  ( 0.354    , -1.953E-03,   0.00    ) |  3.726E-04 2.441E-02
    2124 8.5996E-01 3.7260E-04  ( 0.354    , -1.953E-03,   0.00    ) |  3.726E-04 2.441E-02
    2125 8.6033E-01 3.7260E-04  (-0.354    , -1.953E-03,   0.00    ) |  3.726E-04 2.441E-02
    2126 8.6070E-01 3.7261E-04  (-0.354    , -1.953E-03,   0.00    ) |  3.726E-04 2.441E-02
    2127 8.6107E-01 3.7261E-04  ( 0.354    , -1.953E-03,   0.00    ) |  3.726E-04 2.441E-02
    2128 8.6145E-01 3.7262E-04  ( 0.354    , -1.953E-03,   0.00    ) |  3.726E-04 2.441E-02
    2129 8.6182E-01 3.7263E-04  ( 0.354    , -1.953E-03,   0.00    ) |  3.726E-04 2.441E-02
    2130 8.6219E-01 3.7263E-04  ( 0.354    , -1.953E-03,   0.00    ) |  3.726E-04 2.441E-02
    2131 8.6256E-01 3.7264E-04  ( 0.354    , -1.953E-03,   0.00    ) |  3.726E-04 2.441E-02
    2132 8.6294E-01 3.7264E-04  ( 0.354    , -1.953E-03,   0.00    ) |  3.726E-04 2.441E-02
    2133 8.6331E-01 3.7265E-04  ( 0.354    ,  1.953E-03,   0.00    ) |  3.726E-04 2.441E-02
    2134 8.6368E-01 3.7265E-04  ( 0.354    ,  1.953E-03,   0.00    ) |  3.727E-04 2.441E-02
    2135 8.6405E-01 3.7266E-04  ( 0.354    , -1.953E-03,   0.00    ) |  3.727E-04 2.441E-02
    2136 8.6443E-01 3.7266E-04  ( 0.354    , -1.953E-03,   0.00    ) |  3.727E-04 2.441E-02
    2137 8.6480E-01 3.7267E-04  ( 0.354    , -1.953E-03,   0.00    ) |  3.727E-04 2.441E-02
    2138 8.6517E-01 3.7267E-04  ( 0.354    , -1.953E-03,   0.00    ) |  3.727E-04 2.441E-02
    2139 8.6555E-01 3.7268E-04  ( 0.354    ,  1.953E-03,   0.00    ) |  3.727E-04 2.441E-02
    2140 8.6592E-01 3.7268E-04  ( 0.354    ,  1.953E-03,   0.00    ) |  3.727E-04 2.441E-02
    2141 8.6629E-01 3.7269E-04  ( 0.354    , -1.953E-03,   0.00    ) |  3.727E-04 2.441E-02
    2142 8.6666E-01 3.7270E-04  ( 0.354    ,  1.953E-03,   0.00    ) |  3.727E-04 2.441E-02
    2143 8.6704E-01 3.7270E-04  ( 0.354    ,  1.953E-03,   0.00    ) |  3.727E-04 2.441E-02
    2144 8.6741E-01 3.7271E-04  ( 0.354    ,  1.953E-03,   0.00    ) |  3.727E-04 2.441E-02
    2145 8.6778E-01 3.7271E-04  ( 0.354    ,  1.953E-03,   0.00    ) |  3.727E-04 2.441E-02
    2146 8.6815E-01 3.7272E-04  ( 0.354    , -1.953E-03,   0.00    ) |  3.727E-04 2.441E-02
    2147 8.6853E-01 3.7272E-04  ( 0.354    ,  1.953E-03,   0.00    ) |  3.727E-04 2.441E-02
    2148 8.6890E-01 3.7273E-04  ( 0.354    ,  1.953E-03,   0.00    ) |  3.727E-04 2.441E-02
    2149 8.6927E-01 3.7274E-04  ( 0.354    ,  1.953E-03,   0.00    ) |  3.727E-04 2.441E-02
    2150 8.6965E-01 3.7274E-04  ( 0.354    , -1.953E-03,   0.00    ) |  3.727E-04 2.441E-02
    2151 8.7002E-01 3.7275E-04  ( 0.354    , -1.953E-03,   0.00    ) |  3.727E-04 2.441E-02
    2152 8.7039E-01 3.7275E-04  ( 0.354    , -1.953E-03,   0.00    ) |  3.728E-04 2.441E-02
    2153 8.7076E-01 3.7276E-04  ( 0.354    , -1.953E-03,   0.00    ) |  3.728E-04 2.441E-02
    2154 8.7114E-01 3.7277E-04  ( 0.354    , -1.953E-03,   0.00    ) |  3.728E-04 2.441E-02
    2155 8.7151E-01 3.7277E-04  ( 0.354    , -1.953E-03,   0.00    ) |  3.728E-04 2.441E-02
    2156 8.7188E-01 3.7278E-04  ( 0.354    , -1.953E-03,   0.00    ) |  3.728E-04 2.441E-02
    2157 8.7225E-01 3.7278E-04  ( 0.354    , -1.953E-03,   0.00    ) |  3.728E-04 2.441E-02
    2158 8.7263E-01 3.7279E-04  ( 0.354    , -1.953E-03,   0.00    ) |  3.728E-04 2.441E-02
    2159 8.7300E-01 3.7280E-04  (-0.354    ,  1.953E-03,   0.00    ) |  3.728E-04 2.441E-02
    2160 8.7337E-01 3.7280E-04  ( 0.354    , -1.953E-03,   0.00    ) |  3.728E-04 2.441E-02
    2161 8.7375E-01 3.7281E-04  ( 0.354    , -1.953E-03,   0.00    ) |  3.728E-04 2.441E-02
    2162 8.7412E-01 3.7281E-04  ( 0.354    , -1.953E-03,   0.00    ) |  3.728E-04 2.441E-02
    2163 8.7449E-01 3.7282E-04  ( 0.354    , -1.953E-03,   0.00    ) |  3.728E-04 2.441E-02
    2164 8.7486E-01 3.7283E-04  ( 0.354    , -1.953E-03,   0.00    ) |  3.728E-04 2.441E-02
 *** Wrote plotfile to flash_run_hdf5_plt_cnt_0035 ****
    2165 8.7524E-01 3.7283E-04  ( 0.354    , -1.953E-03,   0.00    ) |  3.728E-04 2.441E-02
    2166 8.7561E-01 3.7284E-04  ( 0.354    , -1.953E-03,   0.00    ) |  3.728E-04 2.441E-02
    2167 8.7598E-01 3.7285E-04  ( 0.354    , -1.953E-03,   0.00    ) |  3.728E-04 2.441E-02
    2168 8.7636E-01 3.7285E-04  ( 0.354    , -1.953E-03,   0.00    ) |  3.729E-04 2.441E-02
    2169 8.7673E-01 3.7286E-04  ( 0.354    , -1.953E-03,   0.00    ) |  3.729E-04 2.441E-02
    2170 8.7710E-01 3.7287E-04  ( 0.354    , -1.953E-03,   0.00    ) |  3.729E-04 2.441E-02
    2171 8.7747E-01 3.7287E-04  ( 0.354    , -1.953E-03,   0.00    ) |  3.729E-04 2.441E-02
    2172 8.7785E-01 3.7288E-04  ( 0.354    , -1.953E-03,   0.00    ) |  3.729E-04 2.441E-02
    2173 8.7822E-01 3.7289E-04  ( 0.354    , -1.953E-03,   0.00    ) |  3.729E-04 2.441E-02
    2174 8.7859E-01 3.7289E-04  ( 0.354    , -1.953E-03,   0.00    ) |  3.729E-04 2.441E-02
    2175 8.7897E-01 3.7290E-04  ( 0.354    , -1.953E-03,   0.00    ) |  3.729E-04 2.441E-02
    2176 8.7934E-01 3.7291E-04  ( 0.354    , -1.953E-03,   0.00    ) |  3.729E-04 2.441E-02
    2177 8.7971E-01 3.7291E-04  ( 0.354    , -1.953E-03,   0.00    ) |  3.729E-04 2.441E-02
    2178 8.8008E-01 3.7292E-04  ( 0.354    , -1.953E-03,   0.00    ) |  3.729E-04 2.441E-02
    2179 8.8046E-01 3.7293E-04  ( 0.354    , -1.953E-03,   0.00    ) |  3.729E-04 2.441E-02
    2180 8.8083E-01 3.7293E-04  ( 0.354    , -1.953E-03,   0.00    ) |  3.729E-04 2.441E-02
    2181 8.8120E-01 3.7294E-04  ( 0.354    , -1.953E-03,   0.00    ) |  3.729E-04 2.441E-02
    2182 8.8158E-01 3.7295E-04  ( 0.354    , -1.953E-03,   0.00    ) |  3.729E-04 2.441E-02
    2183 8.8195E-01 3.7295E-04  ( 0.354    , -1.953E-03,   0.00    ) |  3.730E-04 2.441E-02
    2184 8.8232E-01 3.7296E-04  ( 0.354    , -1.953E-03,   0.00    ) |  3.730E-04 2.441E-02
    2185 8.8269E-01 3.7297E-04  ( 0.354    , -1.953E-03,   0.00    ) |  3.730E-04 2.441E-02
    2186 8.8307E-01 3.7297E-04  ( 0.354    , -1.953E-03,   0.00    ) |  3.730E-04 2.441E-02
    2187 8.8344E-01 3.7298E-04  ( 0.354    , -1.953E-03,   0.00    ) |  3.730E-04 2.441E-02
    2188 8.8381E-01 3.7299E-04  ( 0.354    , -1.953E-03,   0.00    ) |  3.730E-04 2.441E-02
    2189 8.8419E-01 3.7300E-04  ( 0.354    , -1.953E-03,   0.00    ) |  3.730E-04 2.441E-02
    2190 8.8456E-01 3.7300E-04  ( 0.354    , -1.953E-03,   0.00    ) |  3.730E-04 2.441E-02
    2191 8.8493E-01 3.7301E-04  ( 0.354    , -1.953E-03,   0.00    ) |  3.730E-04 2.441E-02
    2192 8.8531E-01 3.7302E-04  ( 0.354    , -1.953E-03,   0.00    ) |  3.730E-04 2.441E-02
    2193 8.8568E-01 3.7302E-04  ( 0.354    , -1.953E-03,   0.00    ) |  3.730E-04 2.441E-02
    2194 8.8605E-01 3.7303E-04  ( 0.354    , -1.953E-03,   0.00    ) |  3.730E-04 2.441E-02
    2195 8.8642E-01 3.7304E-04  ( 0.354    , -1.953E-03,   0.00    ) |  3.730E-04 2.441E-02
    2196 8.8680E-01 3.7304E-04  ( 0.354    , -1.953E-03,   0.00    ) |  3.730E-04 2.441E-02
    2197 8.8717E-01 3.7305E-04  ( 0.354    , -1.953E-03,   0.00    ) |  3.730E-04 2.441E-02
    2198 8.8754E-01 3.7306E-04  ( 0.354    , -1.953E-03,   0.00    ) |  3.731E-04 2.441E-02
    2199 8.8792E-01 3.7306E-04  ( 0.354    , -1.953E-03,   0.00    ) |  3.731E-04 2.441E-02
    2200 8.8829E-01 3.7307E-04  ( 0.354    , -1.953E-03,   0.00    ) |  3.731E-04 2.441E-02
    2201 8.8866E-01 3.7308E-04  ( 0.354    , -1.953E-03,   0.00    ) |  3.731E-04 2.441E-02
    2202 8.8904E-01 3.7308E-04  ( 0.354    , -1.953E-03,   0.00    ) |  3.731E-04 2.441E-02
    2203 8.8941E-01 3.7309E-04  ( 0.354    , -1.953E-03,   0.00    ) |  3.731E-04 2.441E-02
    2204 8.8978E-01 3.7310E-04  ( 0.354    , -1.953E-03,   0.00    ) |  3.731E-04 2.441E-02
    2205 8.9016E-01 3.7310E-04  ( 0.354    , -1.953E-03,   0.00    ) |  3.731E-04 2.441E-02
    2206 8.9053E-01 3.7311E-04  ( 0.354    , -1.953E-03,   0.00    ) |  3.731E-04 2.441E-02
    2207 8.9090E-01 3.7312E-04  ( 0.354    , -1.953E-03,   0.00    ) |  3.731E-04 2.441E-02
    2208 8.9127E-01 3.7312E-04  ( 0.354    , -1.953E-03,   0.00    ) |  3.731E-04 2.441E-02
    2209 8.9165E-01 3.7313E-04  ( 0.354    , -1.953E-03,   0.00    ) |  3.731E-04 2.441E-02
    2210 8.9202E-01 3.7314E-04  (-0.354    , -1.953E-03,   0.00    ) |  3.731E-04 2.441E-02
    2211 8.9239E-01 3.7314E-04  (-0.354    , -1.953E-03,   0.00    ) |  3.731E-04 2.441E-02
    2212 8.9277E-01 3.7315E-04  ( 0.354    , -1.953E-03,   0.00    ) |  3.732E-04 2.441E-02
    2213 8.9314E-01 3.7316E-04  ( 0.354    , -1.953E-03,   0.00    ) |  3.732E-04 2.441E-02
    2214 8.9351E-01 3.7316E-04  ( 0.354    , -1.953E-03,   0.00    ) |  3.732E-04 2.441E-02
    2215 8.9389E-01 3.7317E-04  ( 0.354    , -1.953E-03,   0.00    ) |  3.732E-04 2.441E-02
    2216 8.9426E-01 3.7318E-04  ( 0.354    , -1.953E-03,   0.00    ) |  3.732E-04 2.441E-02
    2217 8.9463E-01 3.7318E-04  ( 0.354    , -1.953E-03,   0.00    ) |  3.732E-04 2.441E-02
    2218 8.9501E-01 3.7319E-04  ( 0.354    , -1.953E-03,   0.00    ) |  3.732E-04 2.441E-02
    2219 8.9538E-01 3.7319E-04  ( 0.354    , -1.953E-03,   0.00    ) |  3.732E-04 2.441E-02
    2220 8.9575E-01 3.7320E-04  ( 0.354    , -1.953E-03,   0.00    ) |  3.732E-04 2.441E-02
    2221 8.9613E-01 3.7321E-04  ( 0.354    , -1.953E-03,   0.00    ) |  3.732E-04 2.441E-02
    2222 8.9650E-01 3.7321E-04  (-0.354    , -1.953E-03,   0.00    ) |  3.732E-04 2.441E-02
    2223 8.9687E-01 3.7322E-04  (-0.354    , -1.953E-03,   0.00    ) |  3.732E-04 2.441E-02
    2224 8.9725E-01 3.7323E-04  ( 0.354    , -1.953E-03,   0.00    ) |  3.732E-04 2.441E-02
    2225 8.9762E-01 3.7323E-04  ( 0.354    , -1.953E-03,   0.00    ) |  3.732E-04 2.441E-02
    2226 8.9799E-01 3.7324E-04  ( 0.354    , -1.953E-03,   0.00    ) |  3.732E-04 2.441E-02
    2227 8.9837E-01 3.7325E-04  ( 0.354    , -1.953E-03,   0.00    ) |  3.732E-04 2.441E-02
    2228 8.9874E-01 3.7325E-04  ( 0.354    , -1.953E-03,   0.00    ) |  3.733E-04 2.441E-02
    2229 8.9911E-01 3.7326E-04  ( 0.354    , -1.953E-03,   0.00    ) |  3.733E-04 2.441E-02
    2230 8.9949E-01 3.7327E-04  ( 0.354    , -1.953E-03,   0.00    ) |  3.733E-04 2.441E-02
    2231 8.9986E-01 3.7327E-04  ( 0.354    , -1.953E-03,   0.00    ) |  3.733E-04 2.441E-02
 *** Wrote plotfile to flash_run_hdf5_plt_cnt_0036 ****
    2232 9.0023E-01 3.7328E-04  ( 0.354    , -1.953E-03,   0.00    ) |  3.733E-04 2.441E-02
    2233 9.0060E-01 3.7329E-04  ( 0.354    , -1.953E-03,   0.00    ) |  3.733E-04 2.441E-02
    2234 9.0098E-01 3.7329E-04  ( 0.354    , -1.953E-03,   0.00    ) |  3.733E-04 2.441E-02
    2235 9.0135E-01 3.7330E-04  ( 0.354    , -1.953E-03,   0.00    ) |  3.733E-04 2.441E-02
    2236 9.0172E-01 3.7331E-04  ( 0.354    , -1.953E-03,   0.00    ) |  3.733E-04 2.441E-02
    2237 9.0210E-01 3.7332E-04  ( 0.354    , -1.953E-03,   0.00    ) |  3.733E-04 2.441E-02
    2238 9.0247E-01 3.7332E-04  ( 0.354    , -1.953E-03,   0.00    ) |  3.733E-04 2.441E-02
    2239 9.0284E-01 3.7333E-04  (-0.354    , -1.953E-03,   0.00    ) |  3.733E-04 2.441E-02
    2240 9.0322E-01 3.7334E-04  (-0.354    , -1.953E-03,   0.00    ) |  3.733E-04 2.441E-02
    2241 9.0359E-01 3.7334E-04  (-0.350    , -1.953E-03,   0.00    ) |  3.733E-04 2.441E-02
    2242 9.0396E-01 3.7335E-04  (-0.350    , -1.953E-03,   0.00    ) |  3.734E-04 2.441E-02
    2243 9.0434E-01 3.7336E-04  (-0.350    , -1.953E-03,   0.00    ) |  3.734E-04 2.441E-02
    2244 9.0471E-01 3.7336E-04  (-0.350    , -1.953E-03,   0.00    ) |  3.734E-04 2.441E-02
    2245 9.0508E-01 3.7337E-04  (-0.350    , -1.953E-03,   0.00    ) |  3.734E-04 2.441E-02
    2246 9.0546E-01 3.7338E-04  (-0.350    ,  1.953E-03,   0.00    ) |  3.734E-04 2.441E-02
    2247 9.0583E-01 3.7338E-04  (-0.350    ,  1.953E-03,   0.00    ) |  3.734E-04 2.441E-02
    2248 9.0620E-01 3.7339E-04  (-0.350    ,  1.953E-03,   0.00    ) |  3.734E-04 2.441E-02
    2249 9.0658E-01 3.7340E-04  (-0.350    ,  1.953E-03,   0.00    ) |  3.734E-04 2.441E-02
    2250 9.0695E-01 3.7340E-04  (-0.350    ,  1.953E-03,   0.00    ) |  3.734E-04 2.441E-02
    2251 9.0733E-01 3.7341E-04  (-0.350    ,  1.953E-03,   0.00    ) |  3.734E-04 2.441E-02
    2252 9.0770E-01 3.7341E-04  (-0.350    , -1.953E-03,   0.00    ) |  3.734E-04 2.441E-02
    2253 9.0807E-01 3.7342E-04  (-0.350    , -1.953E-03,   0.00    ) |  3.734E-04 2.441E-02
    2254 9.0845E-01 3.7342E-04  ( 0.350    , -1.953E-03,   0.00    ) |  3.734E-04 2.441E-02
    2255 9.0882E-01 3.7343E-04  ( 0.350    , -1.953E-03,   0.00    ) |  3.734E-04 2.441E-02
    2256 9.0919E-01 3.7344E-04  ( 0.350    , -1.953E-03,   0.00    ) |  3.734E-04 2.441E-02
    2257 9.0957E-01 3.7344E-04  ( 0.350    , -1.953E-03,   0.00    ) |  3.734E-04 2.441E-02
    2258 9.0994E-01 3.7345E-04  ( 0.350    , -1.953E-03,   0.00    ) |  3.734E-04 2.441E-02
    2259 9.1031E-01 3.7345E-04  ( 0.350    , -1.953E-03,   0.00    ) |  3.735E-04 2.441E-02
    2260 9.1069E-01 3.7346E-04  ( 0.350    , -1.953E-03,   0.00    ) |  3.735E-04 2.441E-02
    2261 9.1106E-01 3.7346E-04  ( 0.350    , -1.953E-03,   0.00    ) |  3.735E-04 2.441E-02
    2262 9.1143E-01 3.7347E-04  ( 0.350    , -1.953E-03,   0.00    ) |  3.735E-04 2.441E-02
    2263 9.1181E-01 3.7348E-04  ( 0.350    , -1.953E-03,   0.00    ) |  3.735E-04 2.441E-02
    2264 9.1218E-01 3.7348E-04  ( 0.350    , -1.953E-03,   0.00    ) |  3.735E-04 2.441E-02
    2265 9.1255E-01 3.7349E-04  ( 0.350    , -1.953E-03,   0.00    ) |  3.735E-04 2.441E-02
    2266 9.1293E-01 3.7349E-04  ( 0.350    , -1.953E-03,   0.00    ) |  3.735E-04 2.441E-02
    2267 9.1330E-01 3.7350E-04  ( 0.350    , -1.953E-03,   0.00    ) |  3.735E-04 2.441E-02
    2268 9.1367E-01 3.7350E-04  ( 0.350    , -1.953E-03,   0.00    ) |  3.735E-04 2.441E-02
    2269 9.1405E-01 3.7351E-04  ( 0.350    , -1.953E-03,   0.00    ) |  3.735E-04 2.441E-02
    2270 9.1442E-01 3.7352E-04  ( 0.350    , -1.953E-03,   0.00    ) |  3.735E-04 2.441E-02
    2271 9.1479E-01 3.7352E-04  ( 0.350    , -1.953E-03,   0.00    ) |  3.735E-04 2.441E-02
    2272 9.1517E-01 3.7353E-04  ( 0.350    , -1.953E-03,   0.00    ) |  3.735E-04 2.441E-02
    2273 9.1554E-01 3.7353E-04  ( 0.350    , -1.953E-03,   0.00    ) |  3.735E-04 2.441E-02
    2274 9.1591E-01 3.7354E-04  ( 0.350    , -1.953E-03,   0.00    ) |  3.735E-04 2.441E-02
    2275 9.1629E-01 3.7355E-04  ( 0.350    , -1.953E-03,   0.00    ) |  3.735E-04 2.441E-02
    2276 9.1666E-01 3.7355E-04  ( 0.350    , -1.953E-03,   0.00    ) |  3.736E-04 2.441E-02
    2277 9.1704E-01 3.7356E-04  ( 0.350    , -1.953E-03,   0.00    ) |  3.736E-04 2.441E-02
    2278 9.1741E-01 3.7357E-04  ( 0.350    , -1.953E-03,   0.00    ) |  3.736E-04 2.441E-02
    2279 9.1778E-01 3.7358E-04  ( 0.350    , -1.953E-03,   0.00    ) |  3.736E-04 2.441E-02
    2280 9.1816E-01 3.7358E-04  ( 0.350    , -1.953E-03,   0.00    ) |  3.736E-04 2.441E-02
    2281 9.1853E-01 3.7359E-04  ( 0.350    , -1.953E-03,   0.00    ) |  3.736E-04 2.441E-02
    2282 9.1890E-01 3.7360E-04  ( 0.350    , -1.953E-03,   0.00    ) |  3.736E-04 2.441E-02
    2283 9.1928E-01 3.7361E-04  ( 0.350    , -1.953E-03,   0.00    ) |  3.736E-04 2.441E-02
    2284 9.1965E-01 3.7361E-04  ( 0.350    , -1.953E-03,   0.00    ) |  3.736E-04 2.441E-02
    2285 9.2002E-01 3.7362E-04  ( 0.350    , -1.953E-03,   0.00    ) |  3.736E-04 2.441E-02
    2286 9.2040E-01 3.7363E-04  ( 0.350    , -1.953E-03,   0.00    ) |  3.736E-04 2.441E-02
    2287 9.2077E-01 3.7364E-04  ( 0.350    , -1.953E-03,   0.00    ) |  3.736E-04 2.441E-02
    2288 9.2115E-01 3.7365E-04  ( 0.350    , -1.953E-03,   0.00    ) |  3.736E-04 2.441E-02
    2289 9.2152E-01 3.7366E-04  ( 0.350    , -1.953E-03,   0.00    ) |  3.737E-04 2.441E-02
    2290 9.2189E-01 3.7367E-04  ( 0.350    , -1.953E-03,   0.00    ) |  3.737E-04 2.441E-02
    2291 9.2227E-01 3.7367E-04  ( 0.350    , -1.953E-03,   0.00    ) |  3.737E-04 2.441E-02
    2292 9.2264E-01 3.7368E-04  ( 0.350    , -1.953E-03,   0.00    ) |  3.737E-04 2.441E-02
    2293 9.2301E-01 3.7369E-04  ( 0.350    , -1.953E-03,   0.00    ) |  3.737E-04 2.441E-02
    2294 9.2339E-01 3.7370E-04  ( 0.350    , -1.953E-03,   0.00    ) |  3.737E-04 2.441E-02
    2295 9.2376E-01 3.7371E-04  ( 0.350    , -1.953E-03,   0.00    ) |  3.737E-04 2.441E-02
    2296 9.2413E-01 3.7372E-04  ( 0.350    , -1.953E-03,   0.00    ) |  3.737E-04 2.441E-02
    2297 9.2451E-01 3.7373E-04  (-0.350    , -1.953E-03,   0.00    ) |  3.737E-04 2.441E-02
    2298 9.2488E-01 3.7374E-04  (-0.350    , -1.953E-03,   0.00    ) |  3.737E-04 2.441E-02
 *** Wrote plotfile to flash_run_hdf5_plt_cnt_0037 ****
    2299 9.2526E-01 3.7375E-04  (-0.350    , -1.953E-03,   0.00    ) |  3.737E-04 2.441E-02
    2300 9.2563E-01 3.7375E-04  (-0.350    , -1.953E-03,   0.00    ) |  3.738E-04 2.441E-02
    2301 9.2600E-01 3.7376E-04  (-0.350    , -1.953E-03,   0.00    ) |  3.738E-04 2.441E-02
    2302 9.2638E-01 3.7377E-04  (-0.350    , -1.953E-03,   0.00    ) |  3.738E-04 2.441E-02
    2303 9.2675E-01 3.7378E-04  (-0.350    , -1.953E-03,   0.00    ) |  3.738E-04 2.441E-02
    2304 9.2712E-01 3.7379E-04  (-0.350    , -1.953E-03,   0.00    ) |  3.738E-04 2.441E-02
    2305 9.2750E-01 3.7380E-04  (-0.350    , -1.953E-03,   0.00    ) |  3.738E-04 2.441E-02
    2306 9.2787E-01 3.7381E-04  (-0.350    , -1.953E-03,   0.00    ) |  3.738E-04 2.441E-02
    2307 9.2825E-01 3.7382E-04  (-0.350    , -1.953E-03,   0.00    ) |  3.738E-04 2.441E-02
    2308 9.2862E-01 3.7382E-04  (-0.350    , -1.953E-03,   0.00    ) |  3.738E-04 2.441E-02
    2309 9.2899E-01 3.7383E-04  (-0.350    , -1.953E-03,   0.00    ) |  3.738E-04 2.441E-02
    2310 9.2937E-01 3.7384E-04  (-0.350    , -1.953E-03,   0.00    ) |  3.738E-04 2.441E-02
    2311 9.2974E-01 3.7385E-04  (-0.350    , -1.953E-03,   0.00    ) |  3.739E-04 2.441E-02
    2312 9.3012E-01 3.7386E-04  (-0.350    , -1.953E-03,   0.00    ) |  3.739E-04 2.441E-02
    2313 9.3049E-01 3.7387E-04  (-0.350    , -1.953E-03,   0.00    ) |  3.739E-04 2.441E-02
    2314 9.3086E-01 3.7388E-04  (-0.350    , -1.953E-03,   0.00    ) |  3.739E-04 2.441E-02
    2315 9.3124E-01 3.7388E-04  (-0.350    , -1.953E-03,   0.00    ) |  3.739E-04 2.441E-02
    2316 9.3161E-01 3.7389E-04  (-0.350    , -1.953E-03,   0.00    ) |  3.739E-04 2.441E-02
    2317 9.3198E-01 3.7390E-04  (-0.350    , -1.953E-03,   0.00    ) |  3.739E-04 2.441E-02
    2318 9.3236E-01 3.7391E-04  (-0.350    , -1.953E-03,   0.00    ) |  3.739E-04 2.441E-02
    2319 9.3273E-01 3.7392E-04  (-0.350    , -1.953E-03,   0.00    ) |  3.739E-04 2.441E-02
    2320 9.3311E-01 3.7392E-04  (-0.350    , -1.953E-03,   0.00    ) |  3.739E-04 2.441E-02
    2321 9.3348E-01 3.7393E-04  (-0.350    , -1.953E-03,   0.00    ) |  3.739E-04 2.441E-02
    2322 9.3385E-01 3.7394E-04  (-0.350    , -1.953E-03,   0.00    ) |  3.739E-04 2.441E-02
    2323 9.3423E-01 3.7395E-04  (-0.350    , -1.953E-03,   0.00    ) |  3.739E-04 2.441E-02
    2324 9.3460E-01 3.7395E-04  (-0.350    , -1.953E-03,   0.00    ) |  3.740E-04 2.441E-02
    2325 9.3498E-01 3.7396E-04  (-0.350    , -1.953E-03,   0.00    ) |  3.740E-04 2.441E-02
    2326 9.3535E-01 3.7397E-04  (-0.350    , -1.953E-03,   0.00    ) |  3.740E-04 2.441E-02
    2327 9.3572E-01 3.7398E-04  (-0.350    , -1.953E-03,   0.00    ) |  3.740E-04 2.441E-02
    2328 9.3610E-01 3.7398E-04  (-0.350    , -1.953E-03,   0.00    ) |  3.740E-04 2.441E-02
    2329 9.3647E-01 3.7399E-04  (-0.350    , -1.953E-03,   0.00    ) |  3.740E-04 2.441E-02
    2330 9.3685E-01 3.7400E-04  (-0.350    , -1.953E-03,   0.00    ) |  3.740E-04 2.441E-02
    2331 9.3722E-01 3.7401E-04  (-0.350    , -1.953E-03,   0.00    ) |  3.740E-04 2.441E-02
    2332 9.3759E-01 3.7401E-04  (-0.350    , -1.953E-03,   0.00    ) |  3.740E-04 2.441E-02
    2333 9.3797E-01 3.7402E-04  (-0.350    , -1.953E-03,   0.00    ) |  3.740E-04 2.441E-02
    2334 9.3834E-01 3.7403E-04  (-0.350    , -1.953E-03,   0.00    ) |  3.740E-04 2.441E-02
    2335 9.3872E-01 3.7404E-04  (-0.350    , -1.953E-03,   0.00    ) |  3.740E-04 2.441E-02
    2336 9.3909E-01 3.7405E-04  (-0.350    , -1.953E-03,   0.00    ) |  3.740E-04 2.441E-02
    2337 9.3946E-01 3.7405E-04  (-0.350    , -1.953E-03,   0.00    ) |  3.741E-04 2.441E-02
    2338 9.3984E-01 3.7406E-04  (-0.350    , -1.953E-03,   0.00    ) |  3.741E-04 2.441E-02
    2339 9.4021E-01 3.7407E-04  (-0.350    , -1.953E-03,   0.00    ) |  3.741E-04 2.441E-02
    2340 9.4059E-01 3.7408E-04  (-0.350    , -1.953E-03,   0.00    ) |  3.741E-04 2.441E-02
    2341 9.4096E-01 3.7409E-04  (-0.350    , -1.953E-03,   0.00    ) |  3.741E-04 2.441E-02
    2342 9.4133E-01 3.7410E-04  ( 0.350    , -1.953E-03,   0.00    ) |  3.741E-04 2.441E-02
    2343 9.4171E-01 3.7410E-04  ( 0.350    , -1.953E-03,   0.00    ) |  3.741E-04 2.441E-02
    2344 9.4208E-01 3.7411E-04  ( 0.350    , -1.953E-03,   0.00    ) |  3.741E-04 2.441E-02
    2345 9.4246E-01 3.7412E-04  ( 0.350    , -1.953E-03,   0.00    ) |  3.741E-04 2.441E-02
    2346 9.4283E-01 3.7413E-04  ( 0.350    , -1.953E-03,   0.00    ) |  3.741E-04 2.441E-02
    2347 9.4320E-01 3.7414E-04  ( 0.350    , -1.953E-03,   0.00    ) |  3.741E-04 2.441E-02
    2348 9.4358E-01 3.7415E-04  ( 0.350    , -1.953E-03,   0.00    ) |  3.741E-04 2.441E-02
    2349 9.4395E-01 3.7415E-04  ( 0.350    , -1.953E-03,   0.00    ) |  3.742E-04 2.441E-02
    2350 9.4433E-01 3.7416E-04  ( 0.350    , -1.953E-03,   0.00    ) |  3.742E-04 2.441E-02
    2351 9.4470E-01 3.7417E-04  ( 0.350    , -1.953E-03,   0.00    ) |  3.742E-04 2.441E-02
    2352 9.4508E-01 3.7418E-04  ( 0.350    , -1.953E-03,   0.00    ) |  3.742E-04 2.441E-02
    2353 9.4545E-01 3.7419E-04  ( 0.350    , -1.953E-03,   0.00    ) |  3.742E-04 2.441E-02
    2354 9.4582E-01 3.7420E-04  ( 0.350    , -1.953E-03,   0.00    ) |  3.742E-04 2.441E-02
    2355 9.4620E-01 3.7420E-04  ( 0.350    , -1.953E-03,   0.00    ) |  3.742E-04 2.441E-02
    2356 9.4657E-01 3.7421E-04  ( 0.350    , -1.953E-03,   0.00    ) |  3.742E-04 2.441E-02
    2357 9.4695E-01 3.7422E-04  ( 0.350    , -1.953E-03,   0.00    ) |  3.742E-04 2.441E-02
    2358 9.4732E-01 3.7423E-04  ( 0.350    , -1.953E-03,   0.00    ) |  3.742E-04 2.441E-02
    2359 9.4770E-01 3.7424E-04  ( 0.350    , -1.953E-03,   0.00    ) |  3.742E-04 2.441E-02
    2360 9.4807E-01 3.7424E-04  ( 0.350    , -1.953E-03,   0.00    ) |  3.742E-04 2.441E-02
    2361 9.4844E-01 3.7425E-04  ( 0.350    , -1.953E-03,   0.00    ) |  3.743E-04 2.441E-02
    2362 9.4882E-01 3.7426E-04  ( 0.350    , -1.953E-03,   0.00    ) |  3.743E-04 2.441E-02
    2363 9.4919E-01 3.7427E-04  ( 0.350    , -1.953E-03,   0.00    ) |  3.743E-04 2.441E-02
    2364 9.4957E-01 3.7427E-04  ( 0.350    , -1.953E-03,   0.00    ) |  3.743E-04 2.441E-02
    2365 9.4994E-01 3.7428E-04  ( 0.350    , -1.953E-03,   0.00    ) |  3.743E-04 2.441E-02
 *** Wrote plotfile to flash_run_hdf5_plt_cnt_0038 ****
    2366 9.5031E-01 3.7429E-04  ( 0.350    , -1.953E-03,   0.00    ) |  3.743E-04 2.441E-02
    2367 9.5069E-01 3.7430E-04  ( 0.350    , -1.953E-03,   0.00    ) |  3.743E-04 2.441E-02
    2368 9.5106E-01 3.7431E-04  ( 0.350    , -1.953E-03,   0.00    ) |  3.743E-04 2.441E-02
    2369 9.5144E-01 3.7431E-04  ( 0.350    , -1.953E-03,   0.00    ) |  3.743E-04 2.441E-02
    2370 9.5181E-01 3.7432E-04  ( 0.350    , -1.953E-03,   0.00    ) |  3.743E-04 2.441E-02
    2371 9.5219E-01 3.7433E-04  ( 0.350    , -1.953E-03,   0.00    ) |  3.743E-04 2.441E-02
    2372 9.5256E-01 3.7434E-04  ( 0.350    , -1.953E-03,   0.00    ) |  3.743E-04 2.441E-02
    2373 9.5294E-01 3.7434E-04  ( 0.350    , -1.953E-03,   0.00    ) |  3.743E-04 2.441E-02
    2374 9.5331E-01 3.7435E-04  ( 0.350    , -1.953E-03,   0.00    ) |  3.744E-04 2.441E-02
    2375 9.5368E-01 3.7436E-04  ( 0.346    , -1.953E-03,   0.00    ) |  3.744E-04 2.441E-02
    2376 9.5406E-01 3.7436E-04  ( 0.346    , -1.953E-03,   0.00    ) |  3.744E-04 2.441E-02
    2377 9.5443E-01 3.7437E-04  ( 0.346    , -1.953E-03,   0.00    ) |  3.744E-04 2.441E-02
    2378 9.5481E-01 3.7438E-04  ( 0.346    , -1.953E-03,   0.00    ) |  3.744E-04 2.441E-02
    2379 9.5518E-01 3.7438E-04  ( 0.346    , -1.953E-03,   0.00    ) |  3.744E-04 2.441E-02
    2380 9.5556E-01 3.7439E-04  ( 0.346    , -1.953E-03,   0.00    ) |  3.744E-04 2.441E-02
    2381 9.5593E-01 3.7439E-04  ( 0.346    , -1.953E-03,   0.00    ) |  3.744E-04 2.441E-02
    2382 9.5630E-01 3.7440E-04  ( 0.346    , -1.953E-03,   0.00    ) |  3.744E-04 2.441E-02
    2383 9.5668E-01 3.7441E-04  (-0.346    ,  1.953E-03,   0.00    ) |  3.744E-04 2.441E-02
    2384 9.5705E-01 3.7441E-04  (-0.346    , -1.953E-03,   0.00    ) |  3.744E-04 2.441E-02
    2385 9.5743E-01 3.7442E-04  ( 0.346    , -1.953E-03,   0.00    ) |  3.744E-04 2.441E-02
    2386 9.5780E-01 3.7442E-04  ( 0.346    , -1.953E-03,   0.00    ) |  3.744E-04 2.441E-02
    2387 9.5818E-01 3.7443E-04  (-0.346    ,  1.953E-03,   0.00    ) |  3.744E-04 2.441E-02
    2388 9.5855E-01 3.7444E-04  ( 0.346    , -1.953E-03,   0.00    ) |  3.744E-04 2.441E-02
    2389 9.5893E-01 3.7444E-04  ( 0.346    , -1.953E-03,   0.00    ) |  3.744E-04 2.441E-02
    2390 9.5930E-01 3.7445E-04  (-0.346    , -1.953E-03,   0.00    ) |  3.744E-04 2.441E-02
    2391 9.5967E-01 3.7445E-04  ( 0.346    , -1.953E-03,   0.00    ) |  3.745E-04 2.441E-02
    2392 9.6005E-01 3.7446E-04  ( 0.346    , -1.953E-03,   0.00    ) |  3.745E-04 2.441E-02
    2393 9.6042E-01 3.7447E-04  ( 0.346    , -1.953E-03,   0.00    ) |  3.745E-04 2.441E-02
    2394 9.6080E-01 3.7447E-04  (-0.346    , -1.953E-03,   0.00    ) |  3.745E-04 2.441E-02
    2395 9.6117E-01 3.7448E-04  ( 0.346    , -1.953E-03,   0.00    ) |  3.745E-04 2.441E-02
    2396 9.6155E-01 3.7449E-04  ( 0.346    , -1.953E-03,   0.00    ) |  3.745E-04 2.441E-02
    2397 9.6192E-01 3.7449E-04  (-0.346    , -1.953E-03,   0.00    ) |  3.745E-04 2.441E-02
    2398 9.6230E-01 3.7450E-04  ( 0.346    , -1.953E-03,   0.00    ) |  3.745E-04 2.441E-02
    2399 9.6267E-01 3.7450E-04  ( 0.346    , -1.953E-03,   0.00    ) |  3.745E-04 2.441E-02
    2400 9.6304E-01 3.7451E-04  (-0.346    , -1.953E-03,   0.00    ) |  3.745E-04 2.441E-02
    2401 9.6342E-01 3.7452E-04  ( 0.346    , -1.953E-03,   0.00    ) |  3.745E-04 2.441E-02
    2402 9.6379E-01 3.7452E-04  ( 0.346    , -1.953E-03,   0.00    ) |  3.745E-04 2.441E-02
    2403 9.6417E-01 3.7453E-04  ( 0.346    , -1.953E-03,   0.00    ) |  3.745E-04 2.441E-02
    2404 9.6454E-01 3.7454E-04  (-0.346    , -1.953E-03,   0.00    ) |  3.745E-04 2.441E-02
    2405 9.6492E-01 3.7454E-04  (-0.346    , -1.953E-03,   0.00    ) |  3.745E-04 2.441E-02
    2406 9.6529E-01 3.7455E-04  (-0.346    , -1.953E-03,   0.00    ) |  3.745E-04 2.441E-02
    2407 9.6567E-01 3.7456E-04  (-0.346    , -1.953E-03,   0.00    ) |  3.746E-04 2.441E-02
    2408 9.6604E-01 3.7456E-04  ( 0.346    , -1.953E-03,   0.00    ) |  3.746E-04 2.441E-02
    2409 9.6642E-01 3.7457E-04  ( 0.346    , -1.953E-03,   0.00    ) |  3.746E-04 2.441E-02
    2410 9.6679E-01 3.7457E-04  (-0.346    , -1.953E-03,   0.00    ) |  3.746E-04 2.441E-02
    2411 9.6716E-01 3.7458E-04  ( 0.346    , -1.953E-03,   0.00    ) |  3.746E-04 2.441E-02
    2412 9.6754E-01 3.7459E-04  ( 0.346    , -1.953E-03,   0.00    ) |  3.746E-04 2.441E-02
    2413 9.6791E-01 3.7459E-04  (-0.346    , -1.953E-03,   0.00    ) |  3.746E-04 2.441E-02
    2414 9.6829E-01 3.7460E-04  ( 0.346    , -1.953E-03,   0.00    ) |  3.746E-04 2.441E-02
    2415 9.6866E-01 3.7461E-04  ( 0.346    , -1.953E-03,   0.00    ) |  3.746E-04 2.441E-02
    2416 9.6904E-01 3.7461E-04  ( 0.346    , -1.953E-03,   0.00    ) |  3.746E-04 2.441E-02
    2417 9.6941E-01 3.7462E-04  ( 0.346    , -1.953E-03,   0.00    ) |  3.746E-04 2.441E-02
    2418 9.6979E-01 3.7462E-04  ( 0.346    , -1.953E-03,   0.00    ) |  3.746E-04 2.441E-02
    2419 9.7016E-01 3.7463E-04  ( 0.346    , -1.953E-03,   0.00    ) |  3.746E-04 2.441E-02
    2420 9.7054E-01 3.7463E-04  (-0.346    , -1.953E-03,   0.00    ) |  3.746E-04 2.441E-02
    2421 9.7091E-01 3.7464E-04  ( 0.346    , -1.953E-03,   0.00    ) |  3.746E-04 2.441E-02
    2422 9.7129E-01 3.7465E-04  ( 0.346    , -1.953E-03,   0.00    ) |  3.746E-04 2.441E-02
    2423 9.7166E-01 3.7465E-04  ( 0.346    , -1.953E-03,   0.00    ) |  3.747E-04 2.441E-02
    2424 9.7203E-01 3.7466E-04  ( 0.346    , -1.953E-03,   0.00    ) |  3.747E-04 2.441E-02
    2425 9.7241E-01 3.7466E-04  ( 0.346    , -1.953E-03,   0.00    ) |  3.747E-04 2.441E-02
    2426 9.7278E-01 3.7467E-04  ( 0.346    , -1.953E-03,   0.00    ) |  3.747E-04 2.441E-02
    2427 9.7316E-01 3.7467E-04  ( 0.346    , -1.953E-03,   0.00    ) |  3.747E-04 2.441E-02
    2428 9.7353E-01 3.7468E-04  ( 0.346    , -1.953E-03,   0.00    ) |  3.747E-04 2.441E-02
    2429 9.7391E-01 3.7468E-04  ( 0.346    , -1.953E-03,   0.00    ) |  3.747E-04 2.441E-02
    2430 9.7428E-01 3.7469E-04  ( 0.346    , -1.953E-03,   0.00    ) |  3.747E-04 2.441E-02
    2431 9.7466E-01 3.7469E-04  ( 0.346    , -1.953E-03,   0.00    ) |  3.747E-04 2.441E-02
 *** Wrote plotfile to flash_run_hdf5_plt_cnt_0039 ****
    2432 9.7503E-01 3.7469E-04  ( 0.346    , -1.953E-03,   0.00    ) |  3.747E-04 2.441E-02
    2433 9.7541E-01 3.7470E-04  ( 0.346    , -1.953E-03,   0.00    ) |  3.747E-04 2.441E-02
    2434 9.7578E-01 3.7470E-04  ( 0.346    , -1.953E-03,   0.00    ) |  3.747E-04 2.441E-02
    2435 9.7616E-01 3.7471E-04  (-0.346    ,  1.953E-03,   0.00    ) |  3.747E-04 2.441E-02
    2436 9.7653E-01 3.7471E-04  (-0.346    ,  1.953E-03,   0.00    ) |  3.747E-04 2.441E-02
    2437 9.7691E-01 3.7472E-04  (-0.346    ,  1.953E-03,   0.00    ) |  3.747E-04 2.441E-02
    2438 9.7728E-01 3.7472E-04  (-0.346    ,  1.953E-03,   0.00    ) |  3.747E-04 2.441E-02
    2439 9.7765E-01 3.7472E-04  (-0.346    ,  1.953E-03,   0.00    ) |  3.747E-04 2.441E-02
    2440 9.7803E-01 3.7473E-04  (-0.346    ,  1.953E-03,   0.00    ) |  3.747E-04 2.441E-02
    2441 9.7840E-01 3.7473E-04  (-0.346    ,  1.953E-03,   0.00    ) |  3.747E-04 2.441E-02
    2442 9.7878E-01 3.7473E-04  (-0.346    ,  1.953E-03,   0.00    ) |  3.747E-04 2.441E-02
    2443 9.7915E-01 3.7474E-04  ( 0.346    , -1.953E-03,   0.00    ) |  3.747E-04 2.441E-02
    2444 9.7953E-01 3.7474E-04  ( 0.346    ,  1.953E-03,   0.00    ) |  3.747E-04 2.441E-02
    2445 9.7990E-01 3.7474E-04  ( 0.346    , -1.953E-03,   0.00    ) |  3.747E-04 2.441E-02
    2446 9.8028E-01 3.7475E-04  ( 0.346    , -1.953E-03,   0.00    ) |  3.747E-04 2.441E-02
    2447 9.8065E-01 3.7475E-04  ( 0.346    , -1.953E-03,   0.00    ) |  3.748E-04 2.441E-02
    2448 9.8103E-01 3.7475E-04  ( 0.346    , -1.953E-03,   0.00    ) |  3.748E-04 2.441E-02
    2449 9.8140E-01 3.7476E-04  ( 0.346    , -1.953E-03,   0.00    ) |  3.748E-04 2.441E-02
    2450 9.8178E-01 3.7476E-04  ( 0.346    , -1.953E-03,   0.00    ) |  3.748E-04 2.441E-02
    2451 9.8215E-01 3.7476E-04  ( 0.346    , -1.953E-03,   0.00    ) |  3.748E-04 2.441E-02
    2452 9.8253E-01 3.7477E-04  ( 0.346    , -1.953E-03,   0.00    ) |  3.748E-04 2.441E-02
    2453 9.8290E-01 3.7477E-04  ( 0.346    , -1.953E-03,   0.00    ) |  3.748E-04 2.441E-02
    2454 9.8328E-01 3.7477E-04  ( 0.346    , -1.953E-03,   0.00    ) |  3.748E-04 2.441E-02
    2455 9.8365E-01 3.7478E-04  ( 0.346    , -1.953E-03,   0.00    ) |  3.748E-04 2.441E-02
    2456 9.8403E-01 3.7478E-04  ( 0.346    , -1.953E-03,   0.00    ) |  3.748E-04 2.441E-02
    2457 9.8440E-01 3.7478E-04  ( 0.346    , -1.953E-03,   0.00    ) |  3.748E-04 2.441E-02
    2458 9.8478E-01 3.7479E-04  ( 0.346    , -1.953E-03,   0.00    ) |  3.748E-04 2.441E-02
    2459 9.8515E-01 3.7479E-04  ( 0.346    , -1.953E-03,   0.00    ) |  3.748E-04 2.441E-02
    2460 9.8552E-01 3.7479E-04  ( 0.346    , -1.953E-03,   0.00    ) |  3.748E-04 2.441E-02
    2461 9.8590E-01 3.7480E-04  ( 0.346    , -1.953E-03,   0.00    ) |  3.748E-04 2.441E-02
    2462 9.8627E-01 3.7480E-04  ( 0.346    , -1.953E-03,   0.00    ) |  3.748E-04 2.441E-02
    2463 9.8665E-01 3.7480E-04  ( 0.346    , -1.953E-03,   0.00    ) |  3.748E-04 2.441E-02
    2464 9.8702E-01 3.7481E-04  ( 0.346    , -1.953E-03,   0.00    ) |  3.748E-04 2.441E-02
    2465 9.8740E-01 3.7481E-04  (-0.346    , -1.953E-03,   0.00    ) |  3.748E-04 2.441E-02
    2466 9.8777E-01 3.7481E-04  (-0.346    , -1.953E-03,   0.00    ) |  3.748E-04 2.441E-02
    2467 9.8815E-01 3.7481E-04  (-0.346    , -1.953E-03,   0.00    ) |  3.748E-04 2.441E-02
    2468 9.8852E-01 3.7482E-04  (-0.346    , -1.953E-03,   0.00    ) |  3.748E-04 2.441E-02
    2469 9.8890E-01 3.7482E-04  (-0.346    , -1.953E-03,   0.00    ) |  3.748E-04 2.441E-02
    2470 9.8927E-01 3.7482E-04  (-0.346    , -1.953E-03,   0.00    ) |  3.748E-04 2.441E-02
    2471 9.8965E-01 3.7483E-04  (-0.346    , -1.953E-03,   0.00    ) |  3.748E-04 2.441E-02
    2472 9.9002E-01 3.7483E-04  (-0.346    , -1.953E-03,   0.00    ) |  3.748E-04 2.441E-02
    2473 9.9040E-01 3.7483E-04  (-0.346    , -1.953E-03,   0.00    ) |  3.748E-04 2.441E-02
    2474 9.9077E-01 3.7483E-04  (-0.346    , -1.953E-03,   0.00    ) |  3.748E-04 2.441E-02
    2475 9.9115E-01 3.7484E-04  (-0.346    , -1.953E-03,   0.00    ) |  3.748E-04 2.441E-02
    2476 9.9152E-01 3.7484E-04  (-0.346    , -1.953E-03,   0.00    ) |  3.748E-04 2.441E-02
    2477 9.9190E-01 3.7484E-04  (-0.346    , -1.953E-03,   0.00    ) |  3.748E-04 2.441E-02
    2478 9.9227E-01 3.7484E-04  (-0.346    , -1.953E-03,   0.00    ) |  3.748E-04 2.441E-02
    2479 9.9265E-01 3.7485E-04  (-0.346    , -1.953E-03,   0.00    ) |  3.748E-04 2.441E-02
    2480 9.9302E-01 3.7485E-04  (-0.346    , -1.953E-03,   0.00    ) |  3.748E-04 2.441E-02
    2481 9.9340E-01 3.7485E-04  ( 0.346    , -1.953E-03,   0.00    ) |  3.748E-04 2.441E-02
    2482 9.9377E-01 3.7485E-04  ( 0.346    , -1.953E-03,   0.00    ) |  3.749E-04 2.441E-02
    2483 9.9415E-01 3.7485E-04  ( 0.346    , -1.953E-03,   0.00    ) |  3.749E-04 2.441E-02
    2484 9.9452E-01 3.7486E-04  ( 0.346    , -1.953E-03,   0.00    ) |  3.749E-04 2.441E-02
    2485 9.9490E-01 3.7486E-04  ( 0.346    , -1.953E-03,   0.00    ) |  3.749E-04 2.441E-02
    2486 9.9527E-01 3.7486E-04  ( 0.346    , -1.953E-03,   0.00    ) |  3.749E-04 2.441E-02
    2487 9.9565E-01 3.7486E-04  ( 0.346    , -1.953E-03,   0.00    ) |  3.749E-04 2.441E-02
    2488 9.9602E-01 3.7486E-04  ( 0.346    , -1.953E-03,   0.00    ) |  3.749E-04 2.441E-02
    2489 9.9639E-01 3.7487E-04  ( 0.346    , -1.953E-03,   0.00    ) |  3.749E-04 2.441E-02
    2490 9.9677E-01 3.7487E-04  ( 0.346    , -1.953E-03,   0.00    ) |  3.749E-04 2.441E-02
    2491 9.9714E-01 3.7487E-04  ( 0.346    , -1.953E-03,   0.00    ) |  3.749E-04 2.441E-02
    2492 9.9752E-01 3.7487E-04  ( 0.346    , -1.953E-03,   0.00    ) |  3.749E-04 2.441E-02
    2493 9.9789E-01 3.7487E-04  ( 0.346    , -1.953E-03,   0.00    ) |  3.749E-04 2.441E-02
    2494 9.9827E-01 3.7488E-04  ( 0.346    , -1.953E-03,   0.00    ) |  3.749E-04 2.441E-02
    2495 9.9864E-01 3.7488E-04  ( 0.346    , -1.953E-03,   0.00    ) |  3.749E-04 2.441E-02
    2496 9.9902E-01 3.7488E-04  ( 0.346    , -1.953E-03,   0.00    ) |  3.749E-04 2.441E-02
    2497 9.9939E-01 3.7488E-04  ( 0.346    , -1.953E-03,   0.00    ) |  3.749E-04 2.441E-02
    2498 9.9977E-01 3.7488E-04  ( 0.346    , -1.953E-03,   0.00    ) |  3.749E-04 2.441E-02
 *** Wrote plotfile to flash_run_hdf5_plt_cnt_0040 ****
    2499 1.0001E+00 3.7489E-04  ( 0.346    , -1.953E-03,   0.00    ) |  3.749E-04 2.441E-02
    2500 1.0005E+00 3.7489E-04  ( 0.346    , -1.953E-03,   0.00    ) |  3.749E-04 2.441E-02
    2501 1.0009E+00 3.7489E-04  ( 0.346    , -1.953E-03,   0.00    ) |  3.749E-04 2.441E-02
    2502 1.0013E+00 3.7489E-04  ( 0.346    , -1.953E-03,   0.00    ) |  3.749E-04 2.441E-02
    2503 1.0016E+00 3.7490E-04  ( 0.346    , -1.953E-03,   0.00    ) |  3.749E-04 2.441E-02
    2504 1.0020E+00 3.7490E-04  ( 0.346    , -1.953E-03,   0.00    ) |  3.749E-04 2.441E-02
    2505 1.0024E+00 3.7490E-04  ( 0.346    , -1.953E-03,   0.00    ) |  3.749E-04 2.441E-02
    2506 1.0028E+00 3.7490E-04  ( 0.346    , -1.953E-03,   0.00    ) |  3.749E-04 2.441E-02
    2507 1.0031E+00 3.7490E-04  ( 0.346    , -1.953E-03,   0.00    ) |  3.749E-04 2.441E-02
    2508 1.0035E+00 3.7491E-04  ( 0.346    , -1.953E-03,   0.00    ) |  3.749E-04 2.441E-02
    2509 1.0039E+00 3.7491E-04  ( 0.346    , -1.953E-03,   0.00    ) |  3.749E-04 2.441E-02
    2510 1.0043E+00 3.7491E-04  ( 0.346    , -1.953E-03,   0.00    ) |  3.749E-04 2.441E-02
    2511 1.0046E+00 3.7491E-04  ( 0.346    , -1.953E-03,   0.00    ) |  3.749E-04 2.441E-02
    2512 1.0050E+00 3.7492E-04  ( 0.346    , -1.953E-03,   0.00    ) |  3.749E-04 2.441E-02
    2513 1.0054E+00 3.7492E-04  ( 0.346    , -1.953E-03,   0.00    ) |  3.749E-04 2.441E-02
    2514 1.0058E+00 3.7492E-04  ( 0.346    , -1.953E-03,   0.00    ) |  3.749E-04 2.441E-02
    2515 1.0061E+00 3.7492E-04  ( 0.346    , -1.953E-03,   0.00    ) |  3.749E-04 2.441E-02
    2516 1.0065E+00 3.7493E-04  ( 0.346    , -1.953E-03,   0.00    ) |  3.749E-04 2.441E-02
    2517 1.0069E+00 3.7493E-04  ( 0.346    , -1.953E-03,   0.00    ) |  3.749E-04 2.441E-02
    2518 1.0073E+00 3.7493E-04  ( 0.346    , -1.953E-03,   0.00    ) |  3.749E-04 2.441E-02
    2519 1.0076E+00 3.7493E-04  ( 0.346    , -1.953E-03,   0.00    ) |  3.749E-04 2.441E-02
    2520 1.0080E+00 3.7493E-04  ( 0.346    , -1.953E-03,   0.00    ) |  3.749E-04 2.441E-02
    2521 1.0084E+00 3.7494E-04  ( 0.346    , -1.953E-03,   0.00    ) |  3.749E-04 2.441E-02
    2522 1.0088E+00 3.7494E-04  ( 0.346    , -1.953E-03,   0.00    ) |  3.749E-04 2.441E-02
    2523 1.0091E+00 3.7494E-04  ( 0.346    , -1.953E-03,   0.00    ) |  3.749E-04 2.441E-02
    2524 1.0095E+00 3.7494E-04  ( 0.346    , -1.953E-03,   0.00    ) |  3.749E-04 2.441E-02
    2525 1.0099E+00 3.7495E-04  ( 0.342    , -1.953E-03,   0.00    ) |  3.749E-04 2.441E-02
    2526 1.0103E+00 3.7495E-04  ( 0.342    , -1.953E-03,   0.00    ) |  3.749E-04 2.441E-02
    2527 1.0106E+00 3.7495E-04  ( 0.342    , -1.953E-03,   0.00    ) |  3.750E-04 2.441E-02
    2528 1.0110E+00 3.7495E-04  ( 0.342    , -1.953E-03,   0.00    ) |  3.750E-04 2.441E-02
    2529 1.0114E+00 3.7496E-04  ( 0.342    , -1.953E-03,   0.00    ) |  3.750E-04 2.441E-02
    2530 1.0118E+00 3.7496E-04  ( 0.342    , -1.953E-03,   0.00    ) |  3.750E-04 2.441E-02
    2531 1.0121E+00 3.7496E-04  ( 0.342    , -1.953E-03,   0.00    ) |  3.750E-04 2.441E-02
    2532 1.0125E+00 3.7496E-04  ( 0.342    , -1.953E-03,   0.00    ) |  3.750E-04 2.441E-02
    2533 1.0129E+00 3.7496E-04  ( 0.342    , -1.953E-03,   0.00    ) |  3.750E-04 2.441E-02
    2534 1.0133E+00 3.7497E-04  ( 0.342    , -1.953E-03,   0.00    ) |  3.750E-04 2.441E-02
    2535 1.0136E+00 3.7497E-04  ( 0.342    , -1.953E-03,   0.00    ) |  3.750E-04 2.441E-02
    2536 1.0140E+00 3.7497E-04  ( 0.342    , -1.953E-03,   0.00    ) |  3.750E-04 2.441E-02
    2537 1.0144E+00 3.7497E-04  ( 0.342    , -1.953E-03,   0.00    ) |  3.750E-04 2.441E-02
    2538 1.0148E+00 3.7497E-04  ( 0.342    , -1.953E-03,   0.00    ) |  3.750E-04 2.441E-02
    2539 1.0151E+00 3.7497E-04  ( 0.342    , -1.953E-03,   0.00    ) |  3.750E-04 2.441E-02
    2540 1.0155E+00 3.7498E-04  ( 0.342    , -1.953E-03,   0.00    ) |  3.750E-04 2.441E-02
    2541 1.0159E+00 3.7498E-04  ( 0.342    , -1.953E-03,   0.00    ) |  3.750E-04 2.441E-02
    2542 1.0163E+00 3.7498E-04  ( 0.342    , -1.953E-03,   0.00    ) |  3.750E-04 2.441E-02
    2543 1.0166E+00 3.7498E-04  ( 0.342    , -1.953E-03,   0.00    ) |  3.750E-04 2.441E-02
    2544 1.0170E+00 3.7498E-04  ( 0.342    , -1.953E-03,   0.00    ) |  3.750E-04 2.441E-02
    2545 1.0174E+00 3.7499E-04  ( 0.342    , -1.953E-03,   0.00    ) |  3.750E-04 2.441E-02
    2546 1.0178E+00 3.7499E-04  ( 0.342    , -1.953E-03,   0.00    ) |  3.750E-04 2.441E-02
    2547 1.0181E+00 3.7499E-04  ( 0.342    , -1.953E-03,   0.00    ) |  3.750E-04 2.441E-02
    2548 1.0185E+00 3.7499E-04  ( 0.342    , -1.953E-03,   0.00    ) |  3.750E-04 2.441E-02
    2549 1.0189E+00 3.7500E-04  ( 0.342    , -1.953E-03,   0.00    ) |  3.750E-04 2.441E-02
    2550 1.0193E+00 3.7500E-04  ( 0.342    , -1.953E-03,   0.00    ) |  3.750E-04 2.441E-02
    2551 1.0196E+00 3.7500E-04  ( 0.342    , -1.953E-03,   0.00    ) |  3.750E-04 2.441E-02
    2552 1.0200E+00 3.7500E-04  ( 0.342    , -1.953E-03,   0.00    ) |  3.750E-04 2.441E-02
    2553 1.0204E+00 3.7501E-04  ( 0.342    , -1.953E-03,   0.00    ) |  3.750E-04 2.441E-02
    2554 1.0208E+00 3.7501E-04  ( 0.342    , -1.953E-03,   0.00    ) |  3.750E-04 2.441E-02
    2555 1.0211E+00 3.7501E-04  ( 0.342    , -1.953E-03,   0.00    ) |  3.750E-04 2.441E-02
    2556 1.0215E+00 3.7501E-04  ( 0.342    , -1.953E-03,   0.00    ) |  3.750E-04 2.441E-02
    2557 1.0219E+00 3.7502E-04  ( 0.342    , -1.953E-03,   0.00    ) |  3.750E-04 2.441E-02
    2558 1.0223E+00 3.7502E-04  ( 0.342    , -1.953E-03,   0.00    ) |  3.750E-04 2.441E-02
    2559 1.0226E+00 3.7502E-04  ( 0.342    , -1.953E-03,   0.00    ) |  3.750E-04 2.441E-02
    2560 1.0230E+00 3.7503E-04  ( 0.342    , -1.953E-03,   0.00    ) |  3.750E-04 2.441E-02
    2561 1.0234E+00 3.7503E-04  ( 0.342    , -1.953E-03,   0.00    ) |  3.750E-04 2.441E-02
    2562 1.0238E+00 3.7503E-04  ( 0.342    , -1.953E-03,   0.00    ) |  3.750E-04 2.441E-02
    2563 1.0241E+00 3.7503E-04  ( 0.342    , -1.953E-03,   0.00    ) |  3.750E-04 2.441E-02
    2564 1.0245E+00 3.7504E-04  ( 0.342    , -1.953E-03,   0.00    ) |  3.750E-04 2.441E-02
    2565 1.0249E+00 3.7504E-04  ( 0.342    , -1.953E-03,   0.00    ) |  3.750E-04 2.441E-02
 *** Wrote plotfile to flash_run_hdf5_plt_cnt_0041 ****
    2566 1.0253E+00 3.7504E-04  ( 0.342    , -1.953E-03,   0.00    ) |  3.750E-04 2.441E-02
    2567 1.0256E+00 3.7505E-04  ( 0.342    , -1.953E-03,   0.00    ) |  3.750E-04 2.441E-02
    2568 1.0260E+00 3.7505E-04  ( 0.342    , -1.953E-03,   0.00    ) |  3.750E-04 2.441E-02
    2569 1.0264E+00 3.7505E-04  ( 0.342    , -1.953E-03,   0.00    ) |  3.751E-04 2.441E-02
    2570 1.0268E+00 3.7505E-04  ( 0.342    , -1.953E-03,   0.00    ) |  3.751E-04 2.441E-02
    2571 1.0271E+00 3.7506E-04  ( 0.342    , -1.953E-03,   0.00    ) |  3.751E-04 2.441E-02
    2572 1.0275E+00 3.7506E-04  ( 0.342    , -1.953E-03,   0.00    ) |  3.751E-04 2.441E-02
    2573 1.0279E+00 3.7506E-04  ( 0.342    , -1.953E-03,   0.00    ) |  3.751E-04 2.441E-02
    2574 1.0283E+00 3.7506E-04  ( 0.342    , -1.953E-03,   0.00    ) |  3.751E-04 2.441E-02
    2575 1.0286E+00 3.7507E-04  ( 0.342    , -1.953E-03,   0.00    ) |  3.751E-04 2.441E-02
    2576 1.0290E+00 3.7507E-04  ( 0.342    , -1.953E-03,   0.00    ) |  3.751E-04 2.441E-02
    2577 1.0294E+00 3.7507E-04  ( 0.342    , -1.953E-03,   0.00    ) |  3.751E-04 2.441E-02
    2578 1.0298E+00 3.7507E-04  ( 0.342    , -1.953E-03,   0.00    ) |  3.751E-04 2.441E-02
    2579 1.0301E+00 3.7508E-04  ( 0.342    , -1.953E-03,   0.00    ) |  3.751E-04 2.441E-02
    2580 1.0305E+00 3.7508E-04  ( 0.342    , -1.953E-03,   0.00    ) |  3.751E-04 2.441E-02
    2581 1.0309E+00 3.7508E-04  ( 0.342    , -1.953E-03,   0.00    ) |  3.751E-04 2.441E-02
    2582 1.0313E+00 3.7508E-04  ( 0.342    , -1.953E-03,   0.00    ) |  3.751E-04 2.441E-02
    2583 1.0316E+00 3.7508E-04  ( 0.342    , -1.953E-03,   0.00    ) |  3.751E-04 2.441E-02
    2584 1.0320E+00 3.7509E-04  ( 0.342    , -1.953E-03,   0.00    ) |  3.751E-04 2.441E-02
    2585 1.0324E+00 3.7509E-04  ( 0.342    , -1.953E-03,   0.00    ) |  3.751E-04 2.441E-02
    2586 1.0328E+00 3.7509E-04  ( 0.342    , -1.953E-03,   0.00    ) |  3.751E-04 2.441E-02
    2587 1.0331E+00 3.7509E-04  ( 0.342    , -1.953E-03,   0.00    ) |  3.751E-04 2.441E-02
    2588 1.0335E+00 3.7509E-04  ( 0.342    , -1.953E-03,   0.00    ) |  3.751E-04 2.441E-02
    2589 1.0339E+00 3.7510E-04  ( 0.342    , -1.953E-03,   0.00    ) |  3.751E-04 2.441E-02
    2590 1.0343E+00 3.7510E-04  ( 0.342    , -1.953E-03,   0.00    ) |  3.751E-04 2.441E-02
    2591 1.0346E+00 3.7510E-04  ( 0.342    , -1.953E-03,   0.00    ) |  3.751E-04 2.441E-02
    2592 1.0350E+00 3.7510E-04  ( 0.342    , -1.953E-03,   0.00    ) |  3.751E-04 2.441E-02
    2593 1.0354E+00 3.7511E-04  ( 0.342    , -1.953E-03,   0.00    ) |  3.751E-04 2.441E-02
    2594 1.0358E+00 3.7511E-04  ( 0.342    , -1.953E-03,   0.00    ) |  3.751E-04 2.441E-02
    2595 1.0361E+00 3.7511E-04  ( 0.342    , -1.953E-03,   0.00    ) |  3.751E-04 2.441E-02
    2596 1.0365E+00 3.7511E-04  ( 0.342    , -1.953E-03,   0.00    ) |  3.751E-04 2.441E-02
    2597 1.0369E+00 3.7511E-04  ( 0.342    , -1.953E-03,   0.00    ) |  3.751E-04 2.441E-02
    2598 1.0373E+00 3.7512E-04  ( 0.342    , -1.953E-03,   0.00    ) |  3.751E-04 2.441E-02
    2599 1.0376E+00 3.7512E-04  ( 0.342    , -1.953E-03,   0.00    ) |  3.751E-04 2.441E-02
    2600 1.0380E+00 3.7512E-04  ( 0.342    , -1.953E-03,   0.00    ) |  3.751E-04 2.441E-02
    2601 1.0384E+00 3.7512E-04  (-0.342    ,  1.953E-03,   0.00    ) |  3.751E-04 2.441E-02
    2602 1.0388E+00 3.7513E-04  ( 0.342    , -1.953E-03,   0.00    ) |  3.751E-04 2.441E-02
    2603 1.0391E+00 3.7513E-04  ( 0.342    , -1.953E-03,   0.00    ) |  3.751E-04 2.441E-02
    2604 1.0395E+00 3.7513E-04  (-0.342    , -1.953E-03,   0.00    ) |  3.751E-04 2.441E-02
    2605 1.0399E+00 3.7513E-04  (-0.342    , -1.953E-03,   0.00    ) |  3.751E-04 2.441E-02
    2606 1.0403E+00 3.7513E-04  (-0.342    , -1.953E-03,   0.00    ) |  3.751E-04 2.441E-02
    2607 1.0406E+00 3.7514E-04  (-0.342    , -1.953E-03,   0.00    ) |  3.751E-04 2.441E-02
    2608 1.0410E+00 3.7514E-04  (-0.342    , -1.953E-03,   0.00    ) |  3.751E-04 2.441E-02
    2609 1.0414E+00 3.7514E-04  (-0.342    , -1.953E-03,   0.00    ) |  3.751E-04 2.441E-02
    2610 1.0418E+00 3.7514E-04  (-0.342    , -1.953E-03,   0.00    ) |  3.751E-04 2.441E-02
    2611 1.0421E+00 3.7514E-04  (-0.342    , -1.953E-03,   0.00    ) |  3.751E-04 2.441E-02
    2612 1.0425E+00 3.7514E-04  (-0.342    , -1.953E-03,   0.00    ) |  3.751E-04 2.441E-02
    2613 1.0429E+00 3.7515E-04  (-0.342    , -1.953E-03,   0.00    ) |  3.751E-04 2.441E-02
    2614 1.0433E+00 3.7515E-04  (-0.342    , -1.953E-03,   0.00    ) |  3.751E-04 2.441E-02
    2615 1.0436E+00 3.7515E-04  (-0.342    , -1.953E-03,   0.00    ) |  3.751E-04 2.441E-02
    2616 1.0440E+00 3.7515E-04  (-0.342    , -1.953E-03,   0.00    ) |  3.752E-04 2.441E-02
    2617 1.0444E+00 3.7515E-04  (-0.342    , -1.953E-03,   0.00    ) |  3.752E-04 2.441E-02
    2618 1.0448E+00 3.7515E-04  (-0.342    , -1.953E-03,   0.00    ) |  3.752E-04 2.441E-02
    2619 1.0451E+00 3.7516E-04  (-0.342    , -1.953E-03,   0.00    ) |  3.752E-04 2.441E-02
    2620 1.0455E+00 3.7516E-04  (-0.342    , -1.953E-03,   0.00    ) |  3.752E-04 2.441E-02
    2621 1.0459E+00 3.7516E-04  (-0.342    , -1.953E-03,   0.00    ) |  3.752E-04 2.441E-02
    2622 1.0463E+00 3.7516E-04  (-0.342    , -1.953E-03,   0.00    ) |  3.752E-04 2.441E-02
    2623 1.0466E+00 3.7516E-04  (-0.342    , -1.953E-03,   0.00    ) |  3.752E-04 2.441E-02
    2624 1.0470E+00 3.7516E-04  (-0.342    , -1.953E-03,   0.00    ) |  3.752E-04 2.441E-02
    2625 1.0474E+00 3.7517E-04  (-0.342    , -1.953E-03,   0.00    ) |  3.752E-04 2.441E-02
    2626 1.0478E+00 3.7517E-04  (-0.342    , -1.953E-03,   0.00    ) |  3.752E-04 2.441E-02
    2627 1.0481E+00 3.7517E-04  (-0.342    , -1.953E-03,   0.00    ) |  3.752E-04 2.441E-02
    2628 1.0485E+00 3.7517E-04  (-0.342    , -1.953E-03,   0.00    ) |  3.752E-04 2.441E-02
    2629 1.0489E+00 3.7517E-04  (-0.342    , -1.953E-03,   0.00    ) |  3.752E-04 2.441E-02
    2630 1.0493E+00 3.7518E-04  (-0.342    , -1.953E-03,   0.00    ) |  3.752E-04 2.441E-02
    2631 1.0496E+00 3.7518E-04  (-0.342    , -1.953E-03,   0.00    ) |  3.752E-04 2.441E-02
 *** Wrote plotfile to flash_run_hdf5_plt_cnt_0042 ****
    2632 1.0500E+00 3.7518E-04  (-0.342    , -1.953E-03,   0.00    ) |  3.752E-04 2.441E-02
    2633 1.0504E+00 3.7518E-04  (-0.342    , -1.953E-03,   0.00    ) |  3.752E-04 2.441E-02
    2634 1.0508E+00 3.7519E-04  (-0.342    , -1.953E-03,   0.00    ) |  3.752E-04 2.441E-02
    2635 1.0511E+00 3.7519E-04  (-0.342    , -1.953E-03,   0.00    ) |  3.752E-04 2.441E-02
    2636 1.0515E+00 3.7519E-04  (-0.342    , -1.953E-03,   0.00    ) |  3.752E-04 2.441E-02
    2637 1.0519E+00 3.7519E-04  (-0.342    , -1.953E-03,   0.00    ) |  3.752E-04 2.441E-02
    2638 1.0523E+00 3.7519E-04  (-0.342    , -1.953E-03,   0.00    ) |  3.752E-04 2.441E-02
    2639 1.0526E+00 3.7520E-04  (-0.342    , -1.953E-03,   0.00    ) |  3.752E-04 2.441E-02
    2640 1.0530E+00 3.7520E-04  (-0.342    , -1.953E-03,   0.00    ) |  3.752E-04 2.441E-02
    2641 1.0534E+00 3.7520E-04  (-0.342    , -1.953E-03,   0.00    ) |  3.752E-04 2.441E-02
    2642 1.0538E+00 3.7520E-04  (-0.342    , -1.953E-03,   0.00    ) |  3.752E-04 2.441E-02
    2643 1.0542E+00 3.7520E-04  (-0.342    , -1.953E-03,   0.00    ) |  3.752E-04 2.441E-02
    2644 1.0545E+00 3.7520E-04  (-0.342    , -1.953E-03,   0.00    ) |  3.752E-04 2.441E-02
    2645 1.0549E+00 3.7521E-04  (-0.342    , -1.953E-03,   0.00    ) |  3.752E-04 2.441E-02
    2646 1.0553E+00 3.7521E-04  (-0.342    , -1.953E-03,   0.00    ) |  3.752E-04 2.441E-02
    2647 1.0557E+00 3.7521E-04  ( 0.342    , -1.953E-03,   0.00    ) |  3.752E-04 2.441E-02
    2648 1.0560E+00 3.7521E-04  (-0.342    , -1.953E-03,   0.00    ) |  3.752E-04 2.441E-02
    2649 1.0564E+00 3.7521E-04  (-0.342    , -1.953E-03,   0.00    ) |  3.752E-04 2.441E-02
    2650 1.0568E+00 3.7521E-04  (-0.342    , -1.953E-03,   0.00    ) |  3.752E-04 2.441E-02
    2651 1.0572E+00 3.7521E-04  ( 0.342    , -1.953E-03,   0.00    ) |  3.752E-04 2.441E-02
    2652 1.0575E+00 3.7522E-04  ( 0.342    , -1.953E-03,   0.00    ) |  3.752E-04 2.441E-02
    2653 1.0579E+00 3.7522E-04  ( 0.342    , -1.953E-03,   0.00    ) |  3.752E-04 2.441E-02
    2654 1.0583E+00 3.7522E-04  ( 0.342    , -1.953E-03,   0.00    ) |  3.752E-04 2.441E-02
    2655 1.0587E+00 3.7522E-04  ( 0.342    , -1.953E-03,   0.00    ) |  3.752E-04 2.441E-02
    2656 1.0590E+00 3.7522E-04  ( 0.342    , -1.953E-03,   0.00    ) |  3.752E-04 2.441E-02
    2657 1.0594E+00 3.7522E-04  ( 0.342    , -1.953E-03,   0.00    ) |  3.752E-04 2.441E-02
    2658 1.0598E+00 3.7522E-04  ( 0.342    , -1.953E-03,   0.00    ) |  3.752E-04 2.441E-02
    2659 1.0602E+00 3.7522E-04  ( 0.342    , -1.953E-03,   0.00    ) |  3.752E-04 2.441E-02
    2660 1.0605E+00 3.7522E-04  (-0.342    , -1.953E-03,   0.00    ) |  3.752E-04 2.441E-02
    2661 1.0609E+00 3.7523E-04  ( 0.342    , -1.953E-03,   0.00    ) |  3.752E-04 2.441E-02
    2662 1.0613E+00 3.7523E-04  (-0.342    , -1.953E-03,   0.00    ) |  3.752E-04 2.441E-02
    2663 1.0617E+00 3.7523E-04  (-0.342    , -1.953E-03,   0.00    ) |  3.752E-04 2.441E-02
    2664 1.0620E+00 3.7523E-04  (-0.342    , -1.953E-03,   0.00    ) |  3.752E-04 2.441E-02
    2665 1.0624E+00 3.7523E-04  (-0.342    , -1.953E-03,   0.00    ) |  3.752E-04 2.441E-02
    2666 1.0628E+00 3.7523E-04  (-0.342    , -1.953E-03,   0.00    ) |  3.752E-04 2.441E-02
    2667 1.0632E+00 3.7524E-04  (-0.342    , -1.953E-03,   0.00    ) |  3.752E-04 2.441E-02
    2668 1.0635E+00 3.7524E-04  (-0.342    , -1.953E-03,   0.00    ) |  3.752E-04 2.441E-02
    2669 1.0639E+00 3.7524E-04  (-0.342    , -1.953E-03,   0.00    ) |  3.752E-04 2.441E-02
    2670 1.0643E+00 3.7524E-04  (-0.342    , -1.953E-03,   0.00    ) |  3.752E-04 2.441E-02
    2671 1.0647E+00 3.7524E-04  (-0.342    , -1.953E-03,   0.00    ) |  3.752E-04 2.441E-02
    2672 1.0650E+00 3.7524E-04  (-0.342    , -1.953E-03,   0.00    ) |  3.752E-04 2.441E-02
    2673 1.0654E+00 3.7524E-04  (-0.342    , -1.953E-03,   0.00    ) |  3.752E-04 2.441E-02
    2674 1.0658E+00 3.7525E-04  (-0.342    , -1.953E-03,   0.00    ) |  3.752E-04 2.441E-02
    2675 1.0662E+00 3.7525E-04  (-0.342    , -1.953E-03,   0.00    ) |  3.752E-04 2.441E-02
    2676 1.0665E+00 3.7525E-04  (-0.342    , -1.953E-03,   0.00    ) |  3.752E-04 2.441E-02
    2677 1.0669E+00 3.7525E-04  (-0.342    , -1.953E-03,   0.00    ) |  3.752E-04 2.441E-02
    2678 1.0673E+00 3.7525E-04  (-0.342    , -1.953E-03,   0.00    ) |  3.753E-04 2.441E-02
    2679 1.0677E+00 3.7525E-04  (-0.342    , -1.953E-03,   0.00    ) |  3.753E-04 2.441E-02
    2680 1.0680E+00 3.7525E-04  (-0.342    , -1.953E-03,   0.00    ) |  3.753E-04 2.441E-02
    2681 1.0684E+00 3.7525E-04  ( 0.342    , -1.953E-03,   0.00    ) |  3.753E-04 2.441E-02
    2682 1.0688E+00 3.7525E-04  ( 0.342    , -1.953E-03,   0.00    ) |  3.753E-04 2.441E-02
    2683 1.0692E+00 3.7525E-04  ( 0.342    , -1.953E-03,   0.00    ) |  3.753E-04 2.441E-02
    2684 1.0695E+00 3.7525E-04  ( 0.342    , -1.953E-03,   0.00    ) |  3.753E-04 2.441E-02
    2685 1.0699E+00 3.7525E-04  ( 0.342    , -1.953E-03,   0.00    ) |  3.753E-04 2.441E-02
    2686 1.0703E+00 3.7525E-04  ( 0.342    , -1.953E-03,   0.00    ) |  3.753E-04 2.441E-02
    2687 1.0707E+00 3.7525E-04  ( 0.342    , -1.953E-03,   0.00    ) |  3.753E-04 2.441E-02
    2688 1.0710E+00 3.7525E-04  ( 0.342    , -1.953E-03,   0.00    ) |  3.753E-04 2.441E-02
    2689 1.0714E+00 3.7525E-04  ( 0.342    , -1.953E-03,   0.00    ) |  3.753E-04 2.441E-02
    2690 1.0718E+00 3.7525E-04  ( 0.342    , -1.953E-03,   0.00    ) |  3.753E-04 2.441E-02
    2691 1.0722E+00 3.7525E-04  ( 0.342    , -1.953E-03,   0.00    ) |  3.753E-04 2.441E-02
    2692 1.0725E+00 3.7525E-04  ( 0.342    , -1.953E-03,   0.00    ) |  3.753E-04 2.441E-02
    2693 1.0729E+00 3.7525E-04  ( 0.342    , -1.953E-03,   0.00    ) |  3.753E-04 2.441E-02
    2694 1.0733E+00 3.7525E-04  ( 0.342    , -1.953E-03,   0.00    ) |  3.753E-04 2.441E-02
    2695 1.0737E+00 3.7525E-04  ( 0.342    , -1.953E-03,   0.00    ) |  3.752E-04 2.441E-02
    2696 1.0740E+00 3.7525E-04  ( 0.342    , -1.953E-03,   0.00    ) |  3.752E-04 2.441E-02
    2697 1.0744E+00 3.7525E-04  ( 0.342    , -1.953E-03,   0.00    ) |  3.752E-04 2.441E-02
    2698 1.0748E+00 3.7525E-04  ( 0.342    , -1.953E-03,   0.00    ) |  3.752E-04 2.441E-02
 *** Wrote plotfile to flash_run_hdf5_plt_cnt_0043 ****
    2699 1.0752E+00 3.7525E-04  ( 0.342    , -1.953E-03,   0.00    ) |  3.752E-04 2.441E-02
    2700 1.0755E+00 3.7524E-04  ( 0.342    , -1.953E-03,   0.00    ) |  3.752E-04 2.441E-02
    2701 1.0759E+00 3.7524E-04  ( 0.342    , -1.953E-03,   0.00    ) |  3.752E-04 2.441E-02
    2702 1.0763E+00 3.7524E-04  ( 0.342    , -1.953E-03,   0.00    ) |  3.752E-04 2.441E-02
    2703 1.0767E+00 3.7524E-04  ( 0.342    , -1.953E-03,   0.00    ) |  3.752E-04 2.441E-02
    2704 1.0770E+00 3.7524E-04  ( 0.342    , -1.953E-03,   0.00    ) |  3.752E-04 2.441E-02
    2705 1.0774E+00 3.7524E-04  ( 0.342    , -1.953E-03,   0.00    ) |  3.752E-04 2.441E-02
    2706 1.0778E+00 3.7524E-04  ( 0.342    , -1.953E-03,   0.00    ) |  3.752E-04 2.441E-02
    2707 1.0782E+00 3.7524E-04  ( 0.342    , -1.953E-03,   0.00    ) |  3.752E-04 2.441E-02
    2708 1.0785E+00 3.7524E-04  ( 0.342    , -1.953E-03,   0.00    ) |  3.752E-04 2.441E-02
    2709 1.0789E+00 3.7523E-04  ( 0.342    , -1.953E-03,   0.00    ) |  3.752E-04 2.441E-02
    2710 1.0793E+00 3.7523E-04  ( 0.342    , -1.953E-03,   0.00    ) |  3.752E-04 2.441E-02
    2711 1.0797E+00 3.7523E-04  ( 0.342    , -1.953E-03,   0.00    ) |  3.752E-04 2.441E-02
    2712 1.0800E+00 3.7523E-04  ( 0.342    , -1.953E-03,   0.00    ) |  3.752E-04 2.441E-02
    2713 1.0804E+00 3.7523E-04  ( 0.342    , -1.953E-03,   0.00    ) |  3.752E-04 2.441E-02
    2714 1.0808E+00 3.7523E-04  ( 0.342    , -1.953E-03,   0.00    ) |  3.752E-04 2.441E-02
    2715 1.0812E+00 3.7523E-04  ( 0.342    , -1.953E-03,   0.00    ) |  3.752E-04 2.441E-02
    2716 1.0815E+00 3.7523E-04  ( 0.342    , -1.953E-03,   0.00    ) |  3.752E-04 2.441E-02
    2717 1.0819E+00 3.7522E-04  ( 0.342    , -1.953E-03,   0.00    ) |  3.752E-04 2.441E-02
    2718 1.0823E+00 3.7522E-04  ( 0.342    , -1.953E-03,   0.00    ) |  3.752E-04 2.441E-02
    2719 1.0827E+00 3.7522E-04  ( 0.342    , -1.953E-03,   0.00    ) |  3.752E-04 2.441E-02
    2720 1.0830E+00 3.7522E-04  ( 0.342    , -1.953E-03,   0.00    ) |  3.752E-04 2.441E-02
    2721 1.0834E+00 3.7522E-04  ( 0.342    , -1.953E-03,   0.00    ) |  3.752E-04 2.441E-02
    2722 1.0838E+00 3.7522E-04  ( 0.342    , -1.953E-03,   0.00    ) |  3.752E-04 2.441E-02
    2723 1.0842E+00 3.7521E-04  ( 0.342    , -1.953E-03,   0.00    ) |  3.752E-04 2.441E-02
    2724 1.0845E+00 3.7521E-04  ( 0.342    , -1.953E-03,   0.00    ) |  3.752E-04 2.441E-02
    2725 1.0849E+00 3.7521E-04  ( 0.342    , -1.953E-03,   0.00    ) |  3.752E-04 2.441E-02
    2726 1.0853E+00 3.7521E-04  ( 0.342    , -1.953E-03,   0.00    ) |  3.752E-04 2.441E-02
    2727 1.0857E+00 3.7520E-04  ( 0.342    , -1.953E-03,   0.00    ) |  3.752E-04 2.441E-02
    2728 1.0860E+00 3.7520E-04  ( 0.342    , -1.953E-03,   0.00    ) |  3.752E-04 2.441E-02
    2729 1.0864E+00 3.7520E-04  ( 0.342    , -1.953E-03,   0.00    ) |  3.752E-04 2.441E-02
    2730 1.0868E+00 3.7520E-04  ( 0.342    , -1.953E-03,   0.00    ) |  3.752E-04 2.441E-02
    2731 1.0872E+00 3.7519E-04  ( 0.342    , -1.953E-03,   0.00    ) |  3.752E-04 2.441E-02
    2732 1.0875E+00 3.7519E-04  (-0.342    , -1.953E-03,   0.00    ) |  3.752E-04 2.441E-02
    2733 1.0879E+00 3.7519E-04  (-0.342    , -1.953E-03,   0.00    ) |  3.752E-04 2.441E-02
    2734 1.0883E+00 3.7519E-04  (-0.342    , -1.953E-03,   0.00    ) |  3.752E-04 2.441E-02
    2735 1.0887E+00 3.7518E-04  (-0.342    , -1.953E-03,   0.00    ) |  3.752E-04 2.441E-02
    2736 1.0890E+00 3.7518E-04  (-0.342    , -1.953E-03,   0.00    ) |  3.752E-04 2.441E-02
    2737 1.0894E+00 3.7518E-04  (-0.342    , -1.953E-03,   0.00    ) |  3.752E-04 2.441E-02
    2738 1.0898E+00 3.7518E-04  (-0.342    , -1.953E-03,   0.00    ) |  3.752E-04 2.441E-02
    2739 1.0902E+00 3.7517E-04  (-0.342    , -1.953E-03,   0.00    ) |  3.752E-04 2.441E-02
    2740 1.0905E+00 3.7517E-04  (-0.342    , -1.953E-03,   0.00    ) |  3.752E-04 2.441E-02
    2741 1.0909E+00 3.7517E-04  (-0.342    , -1.953E-03,   0.00    ) |  3.752E-04 2.441E-02
    2742 1.0913E+00 3.7517E-04  (-0.342    , -1.953E-03,   0.00    ) |  3.752E-04 2.441E-02
    2743 1.0917E+00 3.7516E-04  (-0.342    , -1.953E-03,   0.00    ) |  3.752E-04 2.441E-02
    2744 1.0920E+00 3.7516E-04  (-0.342    , -1.953E-03,   0.00    ) |  3.752E-04 2.441E-02
    2745 1.0924E+00 3.7516E-04  (-0.342    , -1.953E-03,   0.00    ) |  3.752E-04 2.441E-02
    2746 1.0928E+00 3.7516E-04  (-0.342    , -1.953E-03,   0.00    ) |  3.752E-04 2.441E-02
    2747 1.0932E+00 3.7516E-04  (-0.338    , -1.953E-03,   0.00    ) |  3.752E-04 2.441E-02
    2748 1.0935E+00 3.7515E-04  (-0.338    , -1.953E-03,   0.00    ) |  3.752E-04 2.441E-02
    2749 1.0939E+00 3.7515E-04  (-0.338    , -1.953E-03,   0.00    ) |  3.752E-04 2.441E-02
    2750 1.0943E+00 3.7515E-04  (-0.338    , -1.953E-03,   0.00    ) |  3.751E-04 2.441E-02
    2751 1.0947E+00 3.7515E-04  (-0.338    , -1.953E-03,   0.00    ) |  3.751E-04 2.441E-02
    2752 1.0950E+00 3.7515E-04  (-0.338    , -1.953E-03,   0.00    ) |  3.751E-04 2.441E-02
    2753 1.0954E+00 3.7514E-04  (-0.338    , -1.953E-03,   0.00    ) |  3.751E-04 2.441E-02
    2754 1.0958E+00 3.7514E-04  ( 0.338    , -1.953E-03,   0.00    ) |  3.751E-04 2.441E-02
    2755 1.0962E+00 3.7514E-04  (-0.338    , -1.953E-03,   0.00    ) |  3.751E-04 2.441E-02
    2756 1.0966E+00 3.7514E-04  (-0.338    , -1.953E-03,   0.00    ) |  3.751E-04 2.441E-02
    2757 1.0969E+00 3.7514E-04  (-0.338    , -1.953E-03,   0.00    ) |  3.751E-04 2.441E-02
    2758 1.0973E+00 3.7513E-04  (-0.338    , -1.953E-03,   0.00    ) |  3.751E-04 2.441E-02
    2759 1.0977E+00 3.7513E-04  (-0.338    , -1.953E-03,   0.00    ) |  3.751E-04 2.441E-02
    2760 1.0981E+00 3.7513E-04  (-0.338    , -1.953E-03,   0.00    ) |  3.751E-04 2.441E-02
    2761 1.0984E+00 3.7513E-04  (-0.338    , -1.953E-03,   0.00    ) |  3.751E-04 2.441E-02
    2762 1.0988E+00 3.7513E-04  (-0.338    , -1.953E-03,   0.00    ) |  3.751E-04 2.441E-02
    2763 1.0992E+00 3.7512E-04  (-0.338    , -1.953E-03,   0.00    ) |  3.751E-04 2.441E-02
    2764 1.0996E+00 3.7512E-04  (-0.338    , -1.953E-03,   0.00    ) |  3.751E-04 2.441E-02
    2765 1.0999E+00 3.7512E-04  (-0.338    , -1.953E-03,   0.00    ) |  3.751E-04 2.441E-02
 *** Wrote plotfile to flash_run_hdf5_plt_cnt_0044 ****
    2766 1.1003E+00 3.7511E-04  (-0.338    , -1.953E-03,   0.00    ) |  3.751E-04 2.441E-02
    2767 1.1007E+00 3.7511E-04  (-0.338    , -1.953E-03,   0.00    ) |  3.751E-04 2.441E-02
    2768 1.1011E+00 3.7511E-04  (-0.338    , -1.953E-03,   0.00    ) |  3.751E-04 2.441E-02
    2769 1.1014E+00 3.7511E-04  (-0.338    , -1.953E-03,   0.00    ) |  3.751E-04 2.441E-02
    2770 1.1018E+00 3.7510E-04  (-0.338    , -1.953E-03,   0.00    ) |  3.751E-04 2.441E-02
    2771 1.1022E+00 3.7510E-04  (-0.338    , -1.953E-03,   0.00    ) |  3.751E-04 2.441E-02
    2772 1.1026E+00 3.7510E-04  (-0.338    , -1.953E-03,   0.00    ) |  3.751E-04 2.441E-02
    2773 1.1029E+00 3.7509E-04  (-0.338    , -1.953E-03,   0.00    ) |  3.751E-04 2.441E-02
    2774 1.1033E+00 3.7509E-04  (-0.338    , -1.953E-03,   0.00    ) |  3.751E-04 2.441E-02
    2775 1.1037E+00 3.7509E-04  (-0.338    , -1.953E-03,   0.00    ) |  3.751E-04 2.441E-02
    2776 1.1041E+00 3.7508E-04  (-0.338    , -1.953E-03,   0.00    ) |  3.751E-04 2.441E-02
    2777 1.1044E+00 3.7508E-04  (-0.338    , -1.953E-03,   0.00    ) |  3.751E-04 2.441E-02
    2778 1.1048E+00 3.7508E-04  (-0.338    , -1.953E-03,   0.00    ) |  3.751E-04 2.441E-02
    2779 1.1052E+00 3.7507E-04  (-0.338    , -1.953E-03,   0.00    ) |  3.751E-04 2.441E-02
    2780 1.1056E+00 3.7507E-04  (-0.338    , -1.953E-03,   0.00    ) |  3.751E-04 2.441E-02
    2781 1.1059E+00 3.7507E-04  (-0.338    , -1.953E-03,   0.00    ) |  3.751E-04 2.441E-02
    2782 1.1063E+00 3.7506E-04  (-0.338    , -1.953E-03,   0.00    ) |  3.751E-04 2.441E-02
    2783 1.1067E+00 3.7506E-04  (-0.338    , -1.953E-03,   0.00    ) |  3.751E-04 2.441E-02
    2784 1.1071E+00 3.7506E-04  (-0.338    , -1.953E-03,   0.00    ) |  3.751E-04 2.441E-02
    2785 1.1074E+00 3.7506E-04  (-0.338    ,  1.953E-03,   0.00    ) |  3.751E-04 2.441E-02
    2786 1.1078E+00 3.7505E-04  (-0.338    , -1.953E-03,   0.00    ) |  3.751E-04 2.441E-02
    2787 1.1082E+00 3.7505E-04  (-0.338    , -1.953E-03,   0.00    ) |  3.751E-04 2.441E-02
    2788 1.1086E+00 3.7505E-04  (-0.338    ,  1.953E-03,   0.00    ) |  3.750E-04 2.441E-02
    2789 1.1089E+00 3.7505E-04  (-0.338    ,  1.953E-03,   0.00    ) |  3.750E-04 2.441E-02
    2790 1.1093E+00 3.7504E-04  (-0.338    ,  1.953E-03,   0.00    ) |  3.750E-04 2.441E-02
    2791 1.1097E+00 3.7504E-04  (-0.338    ,  1.953E-03,   0.00    ) |  3.750E-04 2.441E-02
    2792 1.1101E+00 3.7504E-04  (-0.338    ,  1.953E-03,   0.00    ) |  3.750E-04 2.441E-02
    2793 1.1104E+00 3.7504E-04  (-0.338    ,  1.953E-03,   0.00    ) |  3.750E-04 2.441E-02
    2794 1.1108E+00 3.7503E-04  (-0.338    ,  1.953E-03,   0.00    ) |  3.750E-04 2.441E-02
    2795 1.1112E+00 3.7503E-04  (-0.338    ,  1.953E-03,   0.00    ) |  3.750E-04 2.441E-02
    2796 1.1116E+00 3.7503E-04  (-0.338    ,  1.953E-03,   0.00    ) |  3.750E-04 2.441E-02
    2797 1.1119E+00 3.7503E-04  (-0.338    ,  1.953E-03,   0.00    ) |  3.750E-04 2.441E-02
    2798 1.1123E+00 3.7502E-04  (-0.338    ,  1.953E-03,   0.00    ) |  3.750E-04 2.441E-02
    2799 1.1127E+00 3.7502E-04  (-0.338    ,  1.953E-03,   0.00    ) |  3.750E-04 2.441E-02
    2800 1.1131E+00 3.7502E-04  (-0.338    ,  1.953E-03,   0.00    ) |  3.750E-04 2.441E-02
    2801 1.1134E+00 3.7501E-04  (-0.338    ,  1.953E-03,   0.00    ) |  3.750E-04 2.441E-02
    2802 1.1138E+00 3.7501E-04  (-0.338    ,  1.953E-03,   0.00    ) |  3.750E-04 2.441E-02
    2803 1.1142E+00 3.7501E-04  (-0.338    ,  1.953E-03,   0.00    ) |  3.750E-04 2.441E-02
    2804 1.1146E+00 3.7501E-04  (-0.338    ,  1.953E-03,   0.00    ) |  3.750E-04 2.441E-02
    2805 1.1149E+00 3.7500E-04  (-0.338    , -1.953E-03,   0.00    ) |  3.750E-04 2.441E-02
    2806 1.1153E+00 3.7500E-04  (-0.338    , -1.953E-03,   0.00    ) |  3.750E-04 2.441E-02
    2807 1.1157E+00 3.7500E-04  (-0.338    , -1.953E-03,   0.00    ) |  3.750E-04 2.441E-02
    2808 1.1161E+00 3.7499E-04  (-0.338    , -1.953E-03,   0.00    ) |  3.750E-04 2.441E-02
    2809 1.1164E+00 3.7499E-04  (-0.338    , -1.953E-03,   0.00    ) |  3.750E-04 2.441E-02
    2810 1.1168E+00 3.7499E-04  (-0.338    , -1.953E-03,   0.00    ) |  3.750E-04 2.441E-02
    2811 1.1172E+00 3.7498E-04  (-0.338    , -1.953E-03,   0.00    ) |  3.750E-04 2.441E-02
    2812 1.1176E+00 3.7498E-04  ( 0.338    , -1.953E-03,   0.00    ) |  3.750E-04 2.441E-02
    2813 1.1179E+00 3.7498E-04  ( 0.338    , -1.953E-03,   0.00    ) |  3.750E-04 2.441E-02
    2814 1.1183E+00 3.7497E-04  (-0.338    , -1.953E-03,   0.00    ) |  3.750E-04 2.441E-02
    2815 1.1187E+00 3.7497E-04  ( 0.338    , -1.953E-03,   0.00    ) |  3.750E-04 2.441E-02
    2816 1.1191E+00 3.7497E-04  (-0.338    , -1.953E-03,   0.00    ) |  3.750E-04 2.441E-02
    2817 1.1194E+00 3.7496E-04  (-0.338    , -1.953E-03,   0.00    ) |  3.750E-04 2.441E-02
    2818 1.1198E+00 3.7496E-04  (-0.338    , -1.953E-03,   0.00    ) |  3.750E-04 2.441E-02
    2819 1.1202E+00 3.7495E-04  (-0.338    , -1.953E-03,   0.00    ) |  3.750E-04 2.441E-02
    2820 1.1206E+00 3.7495E-04  (-0.338    , -1.953E-03,   0.00    ) |  3.750E-04 2.441E-02
    2821 1.1209E+00 3.7495E-04  (-0.338    , -1.953E-03,   0.00    ) |  3.749E-04 2.441E-02
    2822 1.1213E+00 3.7494E-04  (-0.338    , -1.953E-03,   0.00    ) |  3.749E-04 2.441E-02
    2823 1.1217E+00 3.7494E-04  (-0.338    , -1.953E-03,   0.00    ) |  3.749E-04 2.441E-02
    2824 1.1221E+00 3.7494E-04  (-0.338    , -1.953E-03,   0.00    ) |  3.749E-04 2.441E-02
    2825 1.1224E+00 3.7493E-04  (-0.338    , -1.953E-03,   0.00    ) |  3.749E-04 2.441E-02
    2826 1.1228E+00 3.7493E-04  (-0.338    , -1.953E-03,   0.00    ) |  3.749E-04 2.441E-02
    2827 1.1232E+00 3.7492E-04  (-0.338    , -1.953E-03,   0.00    ) |  3.749E-04 2.441E-02
    2828 1.1236E+00 3.7492E-04  (-0.338    , -1.953E-03,   0.00    ) |  3.749E-04 2.441E-02
    2829 1.1239E+00 3.7492E-04  (-0.338    , -1.953E-03,   0.00    ) |  3.749E-04 2.441E-02
    2830 1.1243E+00 3.7491E-04  (-0.338    , -1.953E-03,   0.00    ) |  3.749E-04 2.441E-02
    2831 1.1247E+00 3.7491E-04  (-0.338    , -1.953E-03,   0.00    ) |  3.749E-04 2.441E-02
 *** Wrote plotfile to flash_run_hdf5_plt_cnt_0045 ****
    2832 1.1251E+00 3.7490E-04  (-0.338    , -1.953E-03,   0.00    ) |  3.749E-04 2.441E-02
    2833 1.1254E+00 3.7490E-04  (-0.338    , -1.953E-03,   0.00    ) |  3.749E-04 2.441E-02
    2834 1.1258E+00 3.7490E-04  (-0.338    , -1.953E-03,   0.00    ) |  3.749E-04 2.441E-02
    2835 1.1262E+00 3.7489E-04  (-0.338    , -1.953E-03,   0.00    ) |  3.749E-04 2.441E-02
    2836 1.1266E+00 3.7489E-04  (-0.338    , -1.953E-03,   0.00    ) |  3.749E-04 2.441E-02
    2837 1.1269E+00 3.7489E-04  (-0.338    , -1.953E-03,   0.00    ) |  3.749E-04 2.441E-02
    2838 1.1273E+00 3.7488E-04  (-0.338    , -1.953E-03,   0.00    ) |  3.749E-04 2.441E-02
    2839 1.1277E+00 3.7488E-04  (-0.338    , -1.953E-03,   0.00    ) |  3.749E-04 2.441E-02
    2840 1.1281E+00 3.7487E-04  (-0.338    , -1.953E-03,   0.00    ) |  3.749E-04 2.441E-02
    2841 1.1284E+00 3.7487E-04  (-0.338    , -1.953E-03,   0.00    ) |  3.749E-04 2.441E-02
    2842 1.1288E+00 3.7487E-04  (-0.338    , -1.953E-03,   0.00    ) |  3.749E-04 2.441E-02
    2843 1.1292E+00 3.7486E-04  (-0.338    , -1.953E-03,   0.00    ) |  3.749E-04 2.441E-02
    2844 1.1296E+00 3.7486E-04  (-0.338    , -1.953E-03,   0.00    ) |  3.749E-04 2.441E-02
    2845 1.1299E+00 3.7486E-04  (-0.338    , -1.953E-03,   0.00    ) |  3.749E-04 2.441E-02
    2846 1.1303E+00 3.7485E-04  (-0.338    , -1.953E-03,   0.00    ) |  3.749E-04 2.441E-02
    2847 1.1307E+00 3.7485E-04  (-0.338    , -1.953E-03,   0.00    ) |  3.748E-04 2.441E-02
    2848 1.1311E+00 3.7484E-04  ( 0.338    , -1.953E-03,   0.00    ) |  3.748E-04 2.441E-02
    2849 1.1314E+00 3.7484E-04  ( 0.338    , -1.953E-03,   0.00    ) |  3.748E-04 2.441E-02
    2850 1.1318E+00 3.7484E-04  ( 0.338    , -1.953E-03,   0.00    ) |  3.748E-04 2.441E-02
    2851 1.1322E+00 3.7483E-04  ( 0.338    , -1.953E-03,   0.00    ) |  3.748E-04 2.441E-02
    2852 1.1326E+00 3.7483E-04  ( 0.338    , -1.953E-03,   0.00    ) |  3.748E-04 2.441E-02
    2853 1.1329E+00 3.7483E-04  ( 0.338    , -1.953E-03,   0.00    ) |  3.748E-04 2.441E-02
    2854 1.1333E+00 3.7482E-04  ( 0.338    , -1.953E-03,   0.00    ) |  3.748E-04 2.441E-02
    2855 1.1337E+00 3.7482E-04  ( 0.338    , -1.953E-03,   0.00    ) |  3.748E-04 2.441E-02
    2856 1.1340E+00 3.7481E-04  ( 0.338    , -1.953E-03,   0.00    ) |  3.748E-04 2.441E-02
    2857 1.1344E+00 3.7481E-04  ( 0.338    , -1.953E-03,   0.00    ) |  3.748E-04 2.441E-02
    2858 1.1348E+00 3.7480E-04  ( 0.338    , -1.953E-03,   0.00    ) |  3.748E-04 2.441E-02
    2859 1.1352E+00 3.7480E-04  ( 0.338    , -1.953E-03,   0.00    ) |  3.748E-04 2.441E-02
    2860 1.1355E+00 3.7480E-04  ( 0.338    , -1.953E-03,   0.00    ) |  3.748E-04 2.441E-02
    2861 1.1359E+00 3.7479E-04  ( 0.338    , -1.953E-03,   0.00    ) |  3.748E-04 2.441E-02
    2862 1.1363E+00 3.7479E-04  ( 0.338    , -1.953E-03,   0.00    ) |  3.748E-04 2.441E-02
    2863 1.1367E+00 3.7478E-04  ( 0.338    , -1.953E-03,   0.00    ) |  3.748E-04 2.441E-02
    2864 1.1370E+00 3.7478E-04  ( 0.338    , -1.953E-03,   0.00    ) |  3.748E-04 2.441E-02
    2865 1.1374E+00 3.7477E-04  ( 0.338    , -1.953E-03,   0.00    ) |  3.748E-04 2.441E-02
    2866 1.1378E+00 3.7477E-04  ( 0.338    , -1.953E-03,   0.00    ) |  3.748E-04 2.441E-02
    2867 1.1382E+00 3.7476E-04  ( 0.338    , -1.953E-03,   0.00    ) |  3.748E-04 2.441E-02
    2868 1.1385E+00 3.7476E-04  ( 0.338    , -1.953E-03,   0.00    ) |  3.748E-04 2.441E-02
    2869 1.1389E+00 3.7475E-04  ( 0.338    , -1.953E-03,   0.00    ) |  3.748E-04 2.441E-02
    2870 1.1393E+00 3.7475E-04  ( 0.338    , -1.953E-03,   0.00    ) |  3.747E-04 2.441E-02
    2871 1.1397E+00 3.7474E-04  ( 0.338    , -1.953E-03,   0.00    ) |  3.747E-04 2.441E-02
    2872 1.1400E+00 3.7474E-04  ( 0.338    , -1.953E-03,   0.00    ) |  3.747E-04 2.441E-02
    2873 1.1404E+00 3.7473E-04  ( 0.338    , -1.953E-03,   0.00    ) |  3.747E-04 2.441E-02
    2874 1.1408E+00 3.7473E-04  ( 0.338    , -1.953E-03,   0.00    ) |  3.747E-04 2.441E-02
    2875 1.1412E+00 3.7472E-04  ( 0.338    , -1.953E-03,   0.00    ) |  3.747E-04 2.441E-02
    2876 1.1415E+00 3.7472E-04  ( 0.338    , -1.953E-03,   0.00    ) |  3.747E-04 2.441E-02
    2877 1.1419E+00 3.7471E-04  ( 0.338    , -1.953E-03,   0.00    ) |  3.747E-04 2.441E-02
    2878 1.1423E+00 3.7471E-04  (-0.338    ,  1.953E-03,   0.00    ) |  3.747E-04 2.441E-02
    2879 1.1427E+00 3.7470E-04  (-0.338    ,  1.953E-03,   0.00    ) |  3.747E-04 2.441E-02
    2880 1.1430E+00 3.7470E-04  (-0.338    , -1.953E-03,   0.00    ) |  3.747E-04 2.441E-02
    2881 1.1434E+00 3.7469E-04  (-0.338    ,  1.953E-03,   0.00    ) |  3.747E-04 2.441E-02
    2882 1.1438E+00 3.7469E-04  (-0.338    , -1.953E-03,   0.00    ) |  3.747E-04 2.441E-02
    2883 1.1442E+00 3.7468E-04  (-0.338    , -1.953E-03,   0.00    ) |  3.747E-04 2.441E-02
    2884 1.1445E+00 3.7468E-04  (-0.338    ,  1.953E-03,   0.00    ) |  3.747E-04 2.441E-02
    2885 1.1449E+00 3.7467E-04  (-0.338    , -1.953E-03,   0.00    ) |  3.747E-04 2.441E-02
    2886 1.1453E+00 3.7467E-04  (-0.338    , -1.953E-03,   0.00    ) |  3.747E-04 2.441E-02
    2887 1.1457E+00 3.7466E-04  (-0.338    , -1.953E-03,   0.00    ) |  3.747E-04 2.441E-02
    2888 1.1460E+00 3.7466E-04  (-0.338    , -1.953E-03,   0.00    ) |  3.747E-04 2.441E-02
    2889 1.1464E+00 3.7465E-04  (-0.338    , -1.953E-03,   0.00    ) |  3.747E-04 2.441E-02
    2890 1.1468E+00 3.7465E-04  (-0.338    , -1.953E-03,   0.00    ) |  3.746E-04 2.441E-02
    2891 1.1472E+00 3.7464E-04  (-0.338    , -1.953E-03,   0.00    ) |  3.746E-04 2.441E-02
    2892 1.1475E+00 3.7464E-04  (-0.338    , -1.953E-03,   0.00    ) |  3.746E-04 2.441E-02
    2893 1.1479E+00 3.7463E-04  (-0.338    , -1.953E-03,   0.00    ) |  3.746E-04 2.441E-02
    2894 1.1483E+00 3.7463E-04  (-0.338    , -1.953E-03,   0.00    ) |  3.746E-04 2.441E-02
    2895 1.1487E+00 3.7462E-04  (-0.338    , -1.953E-03,   0.00    ) |  3.746E-04 2.441E-02
    2896 1.1490E+00 3.7462E-04  (-0.338    , -1.953E-03,   0.00    ) |  3.746E-04 2.441E-02
    2897 1.1494E+00 3.7461E-04  (-0.338    , -1.953E-03,   0.00    ) |  3.746E-04 2.441E-02
    2898 1.1498E+00 3.7461E-04  (-0.338    , -1.953E-03,   0.00    ) |  3.746E-04 2.441E-02
 *** Wrote plotfile to flash_run_hdf5_plt_cnt_0046 ****
    2899 1.1502E+00 3.7460E-04  (-0.338    , -1.953E-03,   0.00    ) |  3.746E-04 2.441E-02
    2900 1.1505E+00 3.7460E-04  (-0.338    , -1.953E-03,   0.00    ) |  3.746E-04 2.441E-02
    2901 1.1509E+00 3.7459E-04  (-0.338    , -1.953E-03,   0.00    ) |  3.746E-04 2.441E-02
    2902 1.1513E+00 3.7459E-04  (-0.338    , -1.953E-03,   0.00    ) |  3.746E-04 2.441E-02
    2903 1.1517E+00 3.7458E-04  (-0.338    , -1.953E-03,   0.00    ) |  3.746E-04 2.441E-02
    2904 1.1520E+00 3.7458E-04  (-0.338    , -1.953E-03,   0.00    ) |  3.746E-04 2.441E-02
    2905 1.1524E+00 3.7457E-04  (-0.338    , -1.953E-03,   0.00    ) |  3.746E-04 2.441E-02
    2906 1.1528E+00 3.7457E-04  (-0.338    , -1.953E-03,   0.00    ) |  3.746E-04 2.441E-02
    2907 1.1532E+00 3.7456E-04  (-0.338    , -1.953E-03,   0.00    ) |  3.746E-04 2.441E-02
    2908 1.1535E+00 3.7456E-04  (-0.338    , -1.953E-03,   0.00    ) |  3.746E-04 2.441E-02
    2909 1.1539E+00 3.7455E-04  (-0.338    , -1.953E-03,   0.00    ) |  3.745E-04 2.441E-02
    2910 1.1543E+00 3.7454E-04  (-0.338    , -1.953E-03,   0.00    ) |  3.745E-04 2.441E-02
    2911 1.1547E+00 3.7454E-04  (-0.338    , -1.953E-03,   0.00    ) |  3.745E-04 2.441E-02
    2912 1.1550E+00 3.7453E-04  (-0.338    , -1.953E-03,   0.00    ) |  3.745E-04 2.441E-02
    2913 1.1554E+00 3.7453E-04  (-0.338    , -1.953E-03,   0.00    ) |  3.745E-04 2.441E-02
    2914 1.1558E+00 3.7452E-04  (-0.338    , -1.953E-03,   0.00    ) |  3.745E-04 2.441E-02
    2915 1.1562E+00 3.7452E-04  (-0.338    , -1.953E-03,   0.00    ) |  3.745E-04 2.441E-02
    2916 1.1565E+00 3.7451E-04  (-0.338    , -1.953E-03,   0.00    ) |  3.745E-04 2.441E-02
    2917 1.1569E+00 3.7451E-04  (-0.338    , -1.953E-03,   0.00    ) |  3.745E-04 2.441E-02
    2918 1.1573E+00 3.7450E-04  (-0.338    , -1.953E-03,   0.00    ) |  3.745E-04 2.441E-02
    2919 1.1577E+00 3.7449E-04  (-0.338    , -1.953E-03,   0.00    ) |  3.745E-04 2.441E-02
    2920 1.1580E+00 3.7449E-04  (-0.338    , -1.953E-03,   0.00    ) |  3.745E-04 2.441E-02
    2921 1.1584E+00 3.7448E-04  (-0.338    , -1.953E-03,   0.00    ) |  3.745E-04 2.441E-02
    2922 1.1588E+00 3.7448E-04  (-0.338    , -1.953E-03,   0.00    ) |  3.745E-04 2.441E-02
    2923 1.1592E+00 3.7447E-04  (-0.338    , -1.953E-03,   0.00    ) |  3.745E-04 2.441E-02
    2924 1.1595E+00 3.7447E-04  (-0.338    , -1.953E-03,   0.00    ) |  3.745E-04 2.441E-02
    2925 1.1599E+00 3.7446E-04  (-0.338    , -1.953E-03,   0.00    ) |  3.745E-04 2.441E-02
    2926 1.1603E+00 3.7446E-04  ( 0.338    , -1.953E-03,   0.00    ) |  3.745E-04 2.441E-02
    2927 1.1606E+00 3.7445E-04  ( 0.338    , -1.953E-03,   0.00    ) |  3.745E-04 2.441E-02
    2928 1.1610E+00 3.7445E-04  ( 0.338    , -1.953E-03,   0.00    ) |  3.744E-04 2.441E-02
    2929 1.1614E+00 3.7445E-04  ( 0.338    , -1.953E-03,   0.00    ) |  3.744E-04 2.441E-02
    2930 1.1618E+00 3.7444E-04  ( 0.338    , -1.953E-03,   0.00    ) |  3.744E-04 2.441E-02
    2931 1.1621E+00 3.7444E-04  ( 0.338    , -1.953E-03,   0.00    ) |  3.744E-04 2.441E-02
    2932 1.1625E+00 3.7443E-04  ( 0.334    , -1.953E-03,   0.00    ) |  3.744E-04 2.441E-02
    2933 1.1629E+00 3.7443E-04  ( 0.334    , -1.953E-03,   0.00    ) |  3.744E-04 2.441E-02
    2934 1.1633E+00 3.7442E-04  ( 0.334    , -1.953E-03,   0.00    ) |  3.744E-04 2.441E-02
    2935 1.1636E+00 3.7442E-04  ( 0.334    , -1.953E-03,   0.00    ) |  3.744E-04 2.441E-02
    2936 1.1640E+00 3.7441E-04  ( 0.334    , -1.953E-03,   0.00    ) |  3.744E-04 2.441E-02
    2937 1.1644E+00 3.7441E-04  ( 0.334    , -1.953E-03,   0.00    ) |  3.744E-04 2.441E-02
    2938 1.1648E+00 3.7440E-04  ( 0.334    , -1.953E-03,   0.00    ) |  3.744E-04 2.441E-02
    2939 1.1651E+00 3.7440E-04  ( 0.334    , -1.953E-03,   0.00    ) |  3.744E-04 2.441E-02
    2940 1.1655E+00 3.7440E-04  ( 0.334    , -1.953E-03,   0.00    ) |  3.744E-04 2.441E-02
    2941 1.1659E+00 3.7439E-04  ( 0.338    , -1.953E-03,   0.00    ) |  3.744E-04 2.441E-02
    2942 1.1663E+00 3.7439E-04  ( 0.338    , -1.953E-03,   0.00    ) |  3.744E-04 2.441E-02
    2943 1.1666E+00 3.7438E-04  ( 0.338    , -1.953E-03,   0.00    ) |  3.744E-04 2.441E-02
    2944 1.1670E+00 3.7438E-04  ( 0.338    , -1.953E-03,   0.00    ) |  3.744E-04 2.441E-02
    2945 1.1674E+00 3.7437E-04  ( 0.338    , -1.953E-03,   0.00    ) |  3.744E-04 2.441E-02
    2946 1.1678E+00 3.7437E-04  ( 0.338    , -1.953E-03,   0.00    ) |  3.744E-04 2.441E-02
    2947 1.1681E+00 3.7436E-04  ( 0.338    , -1.953E-03,   0.00    ) |  3.744E-04 2.441E-02
    2948 1.1685E+00 3.7435E-04  ( 0.338    , -1.953E-03,   0.00    ) |  3.744E-04 2.441E-02
    2949 1.1689E+00 3.7435E-04  ( 0.338    , -1.953E-03,   0.00    ) |  3.743E-04 2.441E-02
    2950 1.1693E+00 3.7434E-04  ( 0.338    , -1.953E-03,   0.00    ) |  3.743E-04 2.441E-02
    2951 1.1696E+00 3.7434E-04  ( 0.338    , -1.953E-03,   0.00    ) |  3.743E-04 2.441E-02
    2952 1.1700E+00 3.7433E-04  ( 0.338    , -1.953E-03,   0.00    ) |  3.743E-04 2.441E-02
    2953 1.1704E+00 3.7433E-04  ( 0.338    , -1.953E-03,   0.00    ) |  3.743E-04 2.441E-02
    2954 1.1708E+00 3.7432E-04  ( 0.338    , -1.953E-03,   0.00    ) |  3.743E-04 2.441E-02
    2955 1.1711E+00 3.7432E-04  ( 0.338    , -1.953E-03,   0.00    ) |  3.743E-04 2.441E-02
    2956 1.1715E+00 3.7431E-04  ( 0.334    , -1.953E-03,   0.00    ) |  3.743E-04 2.441E-02
    2957 1.1719E+00 3.7431E-04  ( 0.334    , -1.953E-03,   0.00    ) |  3.743E-04 2.441E-02
    2958 1.1723E+00 3.7430E-04  ( 0.334    , -1.953E-03,   0.00    ) |  3.743E-04 2.441E-02
    2959 1.1726E+00 3.7429E-04  ( 0.334    , -1.953E-03,   0.00    ) |  3.743E-04 2.441E-02
    2960 1.1730E+00 3.7429E-04  ( 0.334    , -1.953E-03,   0.00    ) |  3.743E-04 2.441E-02
    2961 1.1734E+00 3.7428E-04  ( 0.334    , -1.953E-03,   0.00    ) |  3.743E-04 2.441E-02
    2962 1.1738E+00 3.7428E-04  ( 0.334    , -1.953E-03,   0.00    ) |  3.743E-04 2.441E-02
    2963 1.1741E+00 3.7427E-04  ( 0.334    , -1.953E-03,   0.00    ) |  3.743E-04 2.441E-02
    2964 1.1745E+00 3.7427E-04  ( 0.334    , -1.953E-03,   0.00    ) |  3.743E-04 2.441E-02
    2965 1.1749E+00 3.7426E-04  ( 0.334    , -1.953E-03,   0.00    ) |  3.743E-04 2.441E-02
 *** Wrote plotfile to flash_run_hdf5_plt_cnt_0047 ****
    2966 1.1752E+00 3.7426E-04  ( 0.334    , -1.953E-03,   0.00    ) |  3.743E-04 2.441E-02
    2967 1.1756E+00 3.7425E-04  (-0.334    ,  1.953E-03,   0.00    ) |  3.743E-04 2.441E-02
    2968 1.1760E+00 3.7425E-04  (-0.334    ,  1.953E-03,   0.00    ) |  3.742E-04 2.441E-02
    2969 1.1764E+00 3.7424E-04  (-0.334    ,  1.953E-03,   0.00    ) |  3.742E-04 2.441E-02
    2970 1.1767E+00 3.7424E-04  (-0.334    ,  1.953E-03,   0.00    ) |  3.742E-04 2.441E-02
    2971 1.1771E+00 3.7423E-04  (-0.334    ,  1.953E-03,   0.00    ) |  3.742E-04 2.441E-02
    2972 1.1775E+00 3.7423E-04  (-0.334    ,  1.953E-03,   0.00    ) |  3.742E-04 2.441E-02
    2973 1.1779E+00 3.7422E-04  (-0.334    ,  1.953E-03,   0.00    ) |  3.742E-04 2.441E-02
    2974 1.1782E+00 3.7422E-04  (-0.334    ,  1.953E-03,   0.00    ) |  3.742E-04 2.441E-02
    2975 1.1786E+00 3.7421E-04  (-0.334    ,  1.953E-03,   0.00    ) |  3.742E-04 2.441E-02
    2976 1.1790E+00 3.7420E-04  ( 0.334    , -1.953E-03,   0.00    ) |  3.742E-04 2.441E-02
    2977 1.1794E+00 3.7420E-04  ( 0.334    , -1.953E-03,   0.00    ) |  3.742E-04 2.441E-02
    2978 1.1797E+00 3.7419E-04  ( 0.334    , -1.953E-03,   0.00    ) |  3.742E-04 2.441E-02
    2979 1.1801E+00 3.7419E-04  ( 0.334    , -1.953E-03,   0.00    ) |  3.742E-04 2.441E-02
    2980 1.1805E+00 3.7418E-04  ( 0.334    , -1.953E-03,   0.00    ) |  3.742E-04 2.441E-02
    2981 1.1809E+00 3.7418E-04  ( 0.334    , -1.953E-03,   0.00    ) |  3.742E-04 2.441E-02
    2982 1.1812E+00 3.7417E-04  ( 0.334    , -1.953E-03,   0.00    ) |  3.742E-04 2.441E-02
    2983 1.1816E+00 3.7417E-04  ( 0.334    , -1.953E-03,   0.00    ) |  3.742E-04 2.441E-02
    2984 1.1820E+00 3.7416E-04  ( 0.334    , -1.953E-03,   0.00    ) |  3.742E-04 2.441E-02
    2985 1.1824E+00 3.7416E-04  ( 0.334    , -1.953E-03,   0.00    ) |  3.742E-04 2.441E-02
    2986 1.1827E+00 3.7415E-04  ( 0.334    , -1.953E-03,   0.00    ) |  3.742E-04 2.441E-02
    2987 1.1831E+00 3.7415E-04  ( 0.334    , -1.953E-03,   0.00    ) |  3.741E-04 2.441E-02
    2988 1.1835E+00 3.7414E-04  ( 0.334    , -1.953E-03,   0.00    ) |  3.741E-04 2.441E-02
    2989 1.1839E+00 3.7414E-04  ( 0.334    , -1.953E-03,   0.00    ) |  3.741E-04 2.441E-02
    2990 1.1842E+00 3.7413E-04  ( 0.334    , -1.953E-03,   0.00    ) |  3.741E-04 2.441E-02
    2991 1.1846E+00 3.7413E-04  ( 0.334    , -1.953E-03,   0.00    ) |  3.741E-04 2.441E-02
    2992 1.1850E+00 3.7412E-04  ( 0.334    , -1.953E-03,   0.00    ) |  3.741E-04 2.441E-02
    2993 1.1854E+00 3.7412E-04  ( 0.334    , -1.953E-03,   0.00    ) |  3.741E-04 2.441E-02
    2994 1.1857E+00 3.7411E-04  ( 0.334    , -1.953E-03,   0.00    ) |  3.741E-04 2.441E-02
    2995 1.1861E+00 3.7411E-04  ( 0.334    , -1.953E-03,   0.00    ) |  3.741E-04 2.441E-02
    2996 1.1865E+00 3.7410E-04  ( 0.334    , -1.953E-03,   0.00    ) |  3.741E-04 2.441E-02
    2997 1.1868E+00 3.7410E-04  ( 0.334    , -1.953E-03,   0.00    ) |  3.741E-04 2.441E-02
    2998 1.1872E+00 3.7409E-04  ( 0.334    , -1.953E-03,   0.00    ) |  3.741E-04 2.441E-02
    2999 1.1876E+00 3.7409E-04  ( 0.334    , -1.953E-03,   0.00    ) |  3.741E-04 2.441E-02
    3000 1.1880E+00 3.7408E-04  ( 0.334    , -1.953E-03,   0.00    ) |  3.741E-04 2.441E-02
    3001 1.1883E+00 3.7408E-04  ( 0.334    , -1.953E-03,   0.00    ) |  3.741E-04 2.441E-02
    3002 1.1887E+00 3.7407E-04  ( 0.334    , -1.953E-03,   0.00    ) |  3.741E-04 2.441E-02
    3003 1.1891E+00 3.7407E-04  ( 0.334    , -1.953E-03,   0.00    ) |  3.741E-04 2.441E-02
    3004 1.1895E+00 3.7406E-04  ( 0.334    , -1.953E-03,   0.00    ) |  3.741E-04 2.441E-02
    3005 1.1898E+00 3.7406E-04  ( 0.334    , -1.953E-03,   0.00    ) |  3.741E-04 2.441E-02
    3006 1.1902E+00 3.7405E-04  ( 0.334    , -1.953E-03,   0.00    ) |  3.741E-04 2.441E-02
    3007 1.1906E+00 3.7405E-04  ( 0.334    , -1.953E-03,   0.00    ) |  3.740E-04 2.441E-02
    3008 1.1910E+00 3.7404E-04  ( 0.334    , -1.953E-03,   0.00    ) |  3.740E-04 2.441E-02
    3009 1.1913E+00 3.7404E-04  ( 0.334    , -1.953E-03,   0.00    ) |  3.740E-04 2.441E-02
    3010 1.1917E+00 3.7403E-04  ( 0.334    , -1.953E-03,   0.00    ) |  3.740E-04 2.441E-02
    3011 1.1921E+00 3.7403E-04  ( 0.334    , -1.953E-03,   0.00    ) |  3.740E-04 2.441E-02
    3012 1.1925E+00 3.7402E-04  ( 0.334    , -1.953E-03,   0.00    ) |  3.740E-04 2.441E-02
    3013 1.1928E+00 3.7402E-04  ( 0.334    , -1.953E-03,   0.00    ) |  3.740E-04 2.441E-02
    3014 1.1932E+00 3.7401E-04  ( 0.334    , -1.953E-03,   0.00    ) |  3.740E-04 2.441E-02
    3015 1.1936E+00 3.7400E-04  ( 0.334    , -1.953E-03,   0.00    ) |  3.740E-04 2.441E-02
    3016 1.1940E+00 3.7400E-04  ( 0.334    , -1.953E-03,   0.00    ) |  3.740E-04 2.441E-02
    3017 1.1943E+00 3.7399E-04  ( 0.334    , -1.953E-03,   0.00    ) |  3.740E-04 2.441E-02
    3018 1.1947E+00 3.7399E-04  ( 0.334    , -1.953E-03,   0.00    ) |  3.740E-04 2.441E-02
    3019 1.1951E+00 3.7398E-04  ( 0.334    , -1.953E-03,   0.00    ) |  3.740E-04 2.441E-02
    3020 1.1955E+00 3.7397E-04  ( 0.334    , -1.953E-03,   0.00    ) |  3.740E-04 2.441E-02
    3021 1.1958E+00 3.7397E-04  ( 0.334    , -1.953E-03,   0.00    ) |  3.740E-04 2.441E-02
    3022 1.1962E+00 3.7396E-04  ( 0.334    , -1.953E-03,   0.00    ) |  3.740E-04 2.441E-02
    3023 1.1966E+00 3.7396E-04  ( 0.334    , -1.953E-03,   0.00    ) |  3.740E-04 2.441E-02
    3024 1.1969E+00 3.7395E-04  ( 0.334    , -1.953E-03,   0.00    ) |  3.740E-04 2.441E-02
    3025 1.1973E+00 3.7395E-04  ( 0.334    , -1.953E-03,   0.00    ) |  3.739E-04 2.441E-02
    3026 1.1977E+00 3.7394E-04  ( 0.334    , -1.953E-03,   0.00    ) |  3.739E-04 2.441E-02
    3027 1.1981E+00 3.7394E-04  ( 0.334    , -1.953E-03,   0.00    ) |  3.739E-04 2.441E-02
    3028 1.1984E+00 3.7393E-04  ( 0.334    , -1.953E-03,   0.00    ) |  3.739E-04 2.441E-02
    3029 1.1988E+00 3.7392E-04  ( 0.334    , -1.953E-03,   0.00    ) |  3.739E-04 2.441E-02
    3030 1.1992E+00 3.7392E-04  ( 0.334    , -1.953E-03,   0.00    ) |  3.739E-04 2.441E-02
    3031 1.1996E+00 3.7391E-04  ( 0.334    , -1.953E-03,   0.00    ) |  3.739E-04 2.441E-02
    3032 1.1999E+00 3.7391E-04  ( 0.334    , -1.953E-03,   0.00    ) |  3.739E-04 2.441E-02
 *** Wrote plotfile to flash_run_hdf5_plt_cnt_0048 ****
    3033 1.2003E+00 3.7390E-04  ( 0.334    , -1.953E-03,   0.00    ) |  3.739E-04 2.441E-02
    3034 1.2007E+00 3.7390E-04  ( 0.334    , -1.953E-03,   0.00    ) |  3.739E-04 2.441E-02
    3035 1.2011E+00 3.7389E-04  ( 0.334    , -1.953E-03,   0.00    ) |  3.739E-04 2.441E-02
    3036 1.2014E+00 3.7388E-04  ( 0.334    , -1.953E-03,   0.00    ) |  3.739E-04 2.441E-02
    3037 1.2018E+00 3.7388E-04  ( 0.334    , -1.953E-03,   0.00    ) |  3.739E-04 2.441E-02
    3038 1.2022E+00 3.7387E-04  ( 0.334    , -1.953E-03,   0.00    ) |  3.739E-04 2.441E-02
    3039 1.2026E+00 3.7387E-04  ( 0.334    , -1.953E-03,   0.00    ) |  3.739E-04 2.441E-02
    3040 1.2029E+00 3.7386E-04  ( 0.334    , -1.953E-03,   0.00    ) |  3.739E-04 2.441E-02
    3041 1.2033E+00 3.7385E-04  ( 0.334    , -1.953E-03,   0.00    ) |  3.739E-04 2.441E-02
    3042 1.2037E+00 3.7385E-04  ( 0.334    , -1.953E-03,   0.00    ) |  3.738E-04 2.441E-02
    3043 1.2041E+00 3.7384E-04  ( 0.334    , -1.953E-03,   0.00    ) |  3.738E-04 2.441E-02
    3044 1.2044E+00 3.7383E-04  ( 0.334    , -1.953E-03,   0.00    ) |  3.738E-04 2.441E-02
    3045 1.2048E+00 3.7383E-04  ( 0.334    , -1.953E-03,   0.00    ) |  3.738E-04 2.441E-02
    3046 1.2052E+00 3.7382E-04  ( 0.334    , -1.953E-03,   0.00    ) |  3.738E-04 2.441E-02
    3047 1.2055E+00 3.7381E-04  ( 0.334    , -1.953E-03,   0.00    ) |  3.738E-04 2.441E-02
    3048 1.2059E+00 3.7381E-04  (-0.334    , -1.953E-03,   0.00    ) |  3.738E-04 2.441E-02
    3049 1.2063E+00 3.7380E-04  (-0.334    , -1.953E-03,   0.00    ) |  3.738E-04 2.441E-02
    3050 1.2067E+00 3.7379E-04  (-0.334    , -1.953E-03,   0.00    ) |  3.738E-04 2.441E-02
    3051 1.2070E+00 3.7378E-04  (-0.334    , -1.953E-03,   0.00    ) |  3.738E-04 2.441E-02
    3052 1.2074E+00 3.7378E-04  (-0.334    , -1.953E-03,   0.00    ) |  3.738E-04 2.441E-02
    3053 1.2078E+00 3.7377E-04  (-0.334    , -1.953E-03,   0.00    ) |  3.738E-04 2.441E-02
    3054 1.2082E+00 3.7376E-04  (-0.334    ,  1.953E-03,   0.00    ) |  3.738E-04 2.441E-02
    3055 1.2085E+00 3.7375E-04  (-0.334    ,  1.953E-03,   0.00    ) |  3.738E-04 2.441E-02
    3056 1.2089E+00 3.7374E-04  (-0.334    ,  1.953E-03,   0.00    ) |  3.737E-04 2.441E-02
    3057 1.2093E+00 3.7374E-04  (-0.334    ,  1.953E-03,   0.00    ) |  3.737E-04 2.441E-02
    3058 1.2097E+00 3.7373E-04  (-0.334    ,  1.953E-03,   0.00    ) |  3.737E-04 2.441E-02
    3059 1.2100E+00 3.7372E-04  ( 0.334    , -1.953E-03,   0.00    ) |  3.737E-04 2.441E-02
    3060 1.2104E+00 3.7371E-04  ( 0.334    , -1.953E-03,   0.00    ) |  3.737E-04 2.441E-02
    3061 1.2108E+00 3.7370E-04  ( 0.334    , -1.953E-03,   0.00    ) |  3.737E-04 2.441E-02
    3062 1.2112E+00 3.7370E-04  ( 0.334    , -1.953E-03,   0.00    ) |  3.737E-04 2.441E-02
    3063 1.2115E+00 3.7369E-04  ( 0.334    , -1.953E-03,   0.00    ) |  3.737E-04 2.441E-02
    3064 1.2119E+00 3.7368E-04  ( 0.334    , -1.953E-03,   0.00    ) |  3.737E-04 2.441E-02
    3065 1.2123E+00 3.7367E-04  ( 0.334    , -1.953E-03,   0.00    ) |  3.737E-04 2.441E-02
    3066 1.2126E+00 3.7366E-04  ( 0.334    , -1.953E-03,   0.00    ) |  3.737E-04 2.441E-02
    3067 1.2130E+00 3.7366E-04  ( 0.334    , -1.953E-03,   0.00    ) |  3.737E-04 2.441E-02
    3068 1.2134E+00 3.7365E-04  ( 0.334    , -1.953E-03,   0.00    ) |  3.736E-04 2.441E-02
    3069 1.2138E+00 3.7364E-04  ( 0.334    , -1.953E-03,   0.00    ) |  3.736E-04 2.441E-02
    3070 1.2141E+00 3.7363E-04  ( 0.334    , -1.953E-03,   0.00    ) |  3.736E-04 2.441E-02
    3071 1.2145E+00 3.7362E-04  ( 0.334    , -1.953E-03,   0.00    ) |  3.736E-04 2.441E-02
    3072 1.2149E+00 3.7362E-04  ( 0.334    , -1.953E-03,   0.00    ) |  3.736E-04 2.441E-02
    3073 1.2153E+00 3.7361E-04  ( 0.334    , -1.953E-03,   0.00    ) |  3.736E-04 2.441E-02
    3074 1.2156E+00 3.7360E-04  ( 0.334    , -1.953E-03,   0.00    ) |  3.736E-04 2.441E-02
    3075 1.2160E+00 3.7359E-04  ( 0.334    , -1.953E-03,   0.00    ) |  3.736E-04 2.441E-02
    3076 1.2164E+00 3.7359E-04  ( 0.334    , -1.953E-03,   0.00    ) |  3.736E-04 2.441E-02
    3077 1.2168E+00 3.7358E-04  ( 0.334    , -1.953E-03,   0.00    ) |  3.736E-04 2.441E-02
    3078 1.2171E+00 3.7357E-04  ( 0.334    , -1.953E-03,   0.00    ) |  3.736E-04 2.441E-02
    3079 1.2175E+00 3.7356E-04  ( 0.334    , -1.953E-03,   0.00    ) |  3.736E-04 2.441E-02
    3080 1.2179E+00 3.7356E-04  ( 0.334    , -1.953E-03,   0.00    ) |  3.736E-04 2.441E-02
    3081 1.2183E+00 3.7355E-04  ( 0.334    , -1.953E-03,   0.00    ) |  3.735E-04 2.441E-02
    3082 1.2186E+00 3.7354E-04  ( 0.334    , -1.953E-03,   0.00    ) |  3.735E-04 2.441E-02
    3083 1.2190E+00 3.7353E-04  ( 0.334    , -1.953E-03,   0.00    ) |  3.735E-04 2.441E-02
    3084 1.2194E+00 3.7353E-04  ( 0.334    , -1.953E-03,   0.00    ) |  3.735E-04 2.441E-02
    3085 1.2197E+00 3.7352E-04  ( 0.334    , -1.953E-03,   0.00    ) |  3.735E-04 2.441E-02
    3086 1.2201E+00 3.7351E-04  ( 0.334    , -1.953E-03,   0.00    ) |  3.735E-04 2.441E-02
    3087 1.2205E+00 3.7350E-04  ( 0.334    , -1.953E-03,   0.00    ) |  3.735E-04 2.441E-02
    3088 1.2209E+00 3.7350E-04  ( 0.334    , -1.953E-03,   0.00    ) |  3.735E-04 2.441E-02
    3089 1.2212E+00 3.7349E-04  ( 0.334    , -1.953E-03,   0.00    ) |  3.735E-04 2.441E-02
    3090 1.2216E+00 3.7348E-04  ( 0.334    , -1.953E-03,   0.00    ) |  3.735E-04 2.441E-02
    3091 1.2220E+00 3.7348E-04  ( 0.334    , -1.953E-03,   0.00    ) |  3.735E-04 2.441E-02
    3092 1.2224E+00 3.7347E-04  ( 0.334    , -1.953E-03,   0.00    ) |  3.735E-04 2.441E-02
    3093 1.2227E+00 3.7346E-04  ( 0.334    , -1.953E-03,   0.00    ) |  3.735E-04 2.441E-02
    3094 1.2231E+00 3.7345E-04  ( 0.334    , -1.953E-03,   0.00    ) |  3.735E-04 2.441E-02
    3095 1.2235E+00 3.7345E-04  ( 0.334    , -1.953E-03,   0.00    ) |  3.734E-04 2.441E-02
    3096 1.2239E+00 3.7344E-04  ( 0.334    , -1.953E-03,   0.00    ) |  3.734E-04 2.441E-02
    3097 1.2242E+00 3.7343E-04  ( 0.334    , -1.953E-03,   0.00    ) |  3.734E-04 2.441E-02
    3098 1.2246E+00 3.7342E-04  ( 0.334    , -1.953E-03,   0.00    ) |  3.734E-04 2.441E-02
    3099 1.2250E+00 3.7342E-04  ( 0.334    , -1.953E-03,   0.00    ) |  3.734E-04 2.441E-02
 *** Wrote plotfile to flash_run_hdf5_plt_cnt_0049 ****
    3100 1.2253E+00 3.7341E-04  ( 0.334    , -1.953E-03,   0.00    ) |  3.734E-04 2.441E-02
    3101 1.2257E+00 3.7340E-04  ( 0.334    , -1.953E-03,   0.00    ) |  3.734E-04 2.441E-02
    3102 1.2261E+00 3.7340E-04  ( 0.334    , -1.953E-03,   0.00    ) |  3.734E-04 2.441E-02
    3103 1.2265E+00 3.7339E-04  ( 0.334    , -1.953E-03,   0.00    ) |  3.734E-04 2.441E-02
    3104 1.2268E+00 3.7338E-04  ( 0.334    , -1.953E-03,   0.00    ) |  3.734E-04 2.441E-02
    3105 1.2272E+00 3.7338E-04  ( 0.334    , -1.953E-03,   0.00    ) |  3.734E-04 2.441E-02
    3106 1.2276E+00 3.7337E-04  ( 0.334    , -1.953E-03,   0.00    ) |  3.734E-04 2.441E-02
    3107 1.2280E+00 3.7336E-04  ( 0.334    , -1.953E-03,   0.00    ) |  3.734E-04 2.441E-02
    3108 1.2283E+00 3.7336E-04  ( 0.334    , -1.953E-03,   0.00    ) |  3.734E-04 2.441E-02
    3109 1.2287E+00 3.7335E-04  ( 0.334    , -1.953E-03,   0.00    ) |  3.733E-04 2.441E-02
    3110 1.2291E+00 3.7334E-04  ( 0.334    , -1.953E-03,   0.00    ) |  3.733E-04 2.441E-02
    3111 1.2295E+00 3.7334E-04  ( 0.334    , -1.953E-03,   0.00    ) |  3.733E-04 2.441E-02
    3112 1.2298E+00 3.7333E-04  ( 0.334    , -1.953E-03,   0.00    ) |  3.733E-04 2.441E-02
    3113 1.2302E+00 3.7332E-04  ( 0.334    , -1.953E-03,   0.00    ) |  3.733E-04 2.441E-02
    3114 1.2306E+00 3.7332E-04  ( 0.334    , -1.953E-03,   0.00    ) |  3.733E-04 2.441E-02
    3115 1.2309E+00 3.7331E-04  ( 0.334    , -1.953E-03,   0.00    ) |  3.733E-04 2.441E-02
    3116 1.2313E+00 3.7330E-04  ( 0.334    , -1.953E-03,   0.00    ) |  3.733E-04 2.441E-02
    3117 1.2317E+00 3.7330E-04  ( 0.334    , -1.953E-03,   0.00    ) |  3.733E-04 2.441E-02
    3118 1.2321E+00 3.7329E-04  ( 0.334    , -1.953E-03,   0.00    ) |  3.733E-04 2.441E-02
    3119 1.2324E+00 3.7329E-04  ( 0.334    , -1.953E-03,   0.00    ) |  3.733E-04 2.441E-02
    3120 1.2328E+00 3.7328E-04  ( 0.334    , -1.953E-03,   0.00    ) |  3.733E-04 2.441E-02
    3121 1.2332E+00 3.7328E-04  ( 0.334    , -1.953E-03,   0.00    ) |  3.733E-04 2.441E-02
    3122 1.2336E+00 3.7327E-04  ( 0.334    , -1.953E-03,   0.00    ) |  3.733E-04 2.441E-02
    3123 1.2339E+00 3.7326E-04  ( 0.334    , -1.953E-03,   0.00    ) |  3.733E-04 2.441E-02
    3124 1.2343E+00 3.7326E-04  ( 0.334    , -1.953E-03,   0.00    ) |  3.733E-04 2.441E-02
    3125 1.2347E+00 3.7325E-04  (-0.334    , -1.953E-03,   0.00    ) |  3.733E-04 2.441E-02
    3126 1.2351E+00 3.7325E-04  (-0.334    , -1.953E-03,   0.00    ) |  3.732E-04 2.441E-02
    3127 1.2354E+00 3.7324E-04  (-0.334    , -1.953E-03,   0.00    ) |  3.732E-04 2.441E-02
    3128 1.2358E+00 3.7324E-04  (-0.334    , -1.953E-03,   0.00    ) |  3.732E-04 2.441E-02
    3129 1.2362E+00 3.7323E-04  (-0.334    , -1.953E-03,   0.00    ) |  3.732E-04 2.441E-02
    3130 1.2365E+00 3.7322E-04  (-0.334    , -1.953E-03,   0.00    ) |  3.732E-04 2.441E-02
    3131 1.2369E+00 3.7322E-04  (-0.334    , -1.953E-03,   0.00    ) |  3.732E-04 2.441E-02
    3132 1.2373E+00 3.7321E-04  (-0.334    , -1.953E-03,   0.00    ) |  3.732E-04 2.441E-02
    3133 1.2377E+00 3.7321E-04  (-0.334    , -1.953E-03,   0.00    ) |  3.732E-04 2.441E-02
    3134 1.2380E+00 3.7320E-04  (-0.334    , -1.953E-03,   0.00    ) |  3.732E-04 2.441E-02
    3135 1.2384E+00 3.7320E-04  (-0.334    , -1.953E-03,   0.00    ) |  3.732E-04 2.441E-02
    3136 1.2388E+00 3.7319E-04  (-0.334    , -1.953E-03,   0.00    ) |  3.732E-04 2.441E-02
    3137 1.2392E+00 3.7319E-04  ( 0.334    ,  1.953E-03,   0.00    ) |  3.732E-04 2.441E-02
    3138 1.2395E+00 3.7318E-04  ( 0.334    ,  1.953E-03,   0.00    ) |  3.732E-04 2.441E-02
    3139 1.2399E+00 3.7317E-04  ( 0.334    ,  1.953E-03,   0.00    ) |  3.732E-04 2.441E-02
    3140 1.2403E+00 3.7317E-04  ( 0.334    ,  1.953E-03,   0.00    ) |  3.732E-04 2.441E-02
    3141 1.2407E+00 3.7316E-04  ( 0.334    ,  1.953E-03,   0.00    ) |  3.732E-04 2.441E-02
    3142 1.2410E+00 3.7316E-04  ( 0.334    ,  1.953E-03,   0.00    ) |  3.732E-04 2.441E-02
    3143 1.2414E+00 3.7315E-04  ( 0.334    , -1.953E-03,   0.00    ) |  3.732E-04 2.441E-02
    3144 1.2418E+00 3.7315E-04  ( 0.334    , -1.953E-03,   0.00    ) |  3.731E-04 2.441E-02
    3145 1.2421E+00 3.7314E-04  ( 0.334    , -1.953E-03,   0.00    ) |  3.731E-04 2.441E-02
    3146 1.2425E+00 3.7314E-04  ( 0.334    , -1.953E-03,   0.00    ) |  3.731E-04 2.441E-02
    3147 1.2429E+00 3.7313E-04  ( 0.334    , -1.953E-03,   0.00    ) |  3.731E-04 2.441E-02
    3148 1.2433E+00 3.7313E-04  ( 0.334    , -1.953E-03,   0.00    ) |  3.731E-04 2.441E-02
    3149 1.2436E+00 3.7312E-04  ( 0.334    , -1.953E-03,   0.00    ) |  3.731E-04 2.441E-02
    3150 1.2440E+00 3.7311E-04  ( 0.334    , -1.953E-03,   0.00    ) |  3.731E-04 2.441E-02
    3151 1.2444E+00 3.7311E-04  ( 0.334    , -1.953E-03,   0.00    ) |  3.731E-04 2.441E-02
    3152 1.2448E+00 3.7310E-04  ( 0.334    , -1.953E-03,   0.00    ) |  3.731E-04 2.441E-02
    3153 1.2451E+00 3.7310E-04  ( 0.334    , -1.953E-03,   0.00    ) |  3.731E-04 2.441E-02
    3154 1.2455E+00 3.7309E-04  ( 0.334    , -1.953E-03,   0.00    ) |  3.731E-04 2.441E-02
    3155 1.2459E+00 3.7309E-04  ( 0.334    , -1.953E-03,   0.00    ) |  3.731E-04 2.441E-02
    3156 1.2462E+00 3.7308E-04  ( 0.334    , -1.953E-03,   0.00    ) |  3.731E-04 2.441E-02
    3157 1.2466E+00 3.7308E-04  ( 0.334    , -1.953E-03,   0.00    ) |  3.731E-04 2.441E-02
    3158 1.2470E+00 3.7307E-04  ( 0.334    , -1.953E-03,   0.00    ) |  3.731E-04 2.441E-02
    3159 1.2474E+00 3.7307E-04  ( 0.334    , -1.953E-03,   0.00    ) |  3.731E-04 2.441E-02
    3160 1.2477E+00 3.7306E-04  ( 0.334    , -1.953E-03,   0.00    ) |  3.731E-04 2.441E-02
    3161 1.2481E+00 3.7306E-04  ( 0.334    , -1.953E-03,   0.00    ) |  3.731E-04 2.441E-02
    3162 1.2485E+00 3.7305E-04  ( 0.334    , -1.953E-03,   0.00    ) |  3.731E-04 2.441E-02
    3163 1.2489E+00 3.7305E-04  ( 0.334    , -1.953E-03,   0.00    ) |  3.730E-04 2.441E-02
    3164 1.2492E+00 3.7304E-04  ( 0.334    , -1.953E-03,   0.00    ) |  3.730E-04 2.441E-02
    3165 1.2496E+00 3.7304E-04  ( 0.334    , -1.953E-03,   0.00    ) |  3.730E-04 2.441E-02
    3166 1.2500E+00 3.7303E-04  ( 0.334    , -1.953E-03,   0.00    ) |  3.730E-04 2.441E-02
 *** Wrote plotfile to flash_run_hdf5_plt_cnt_0050 ****
    3167 1.2504E+00 3.7302E-04  ( 0.334    , -1.953E-03,   0.00    ) |  3.730E-04 2.441E-02
    3168 1.2507E+00 3.7302E-04  ( 0.334    , -1.953E-03,   0.00    ) |  3.730E-04 2.441E-02
    3169 1.2511E+00 3.7301E-04  ( 0.334    , -1.953E-03,   0.00    ) |  3.730E-04 2.441E-02
    3170 1.2515E+00 3.7301E-04  ( 0.334    , -1.953E-03,   0.00    ) |  3.730E-04 2.441E-02
    3171 1.2518E+00 3.7300E-04  ( 0.334    , -1.953E-03,   0.00    ) |  3.730E-04 2.441E-02
    3172 1.2522E+00 3.7300E-04  ( 0.334    , -1.953E-03,   0.00    ) |  3.730E-04 2.441E-02
    3173 1.2526E+00 3.7299E-04  ( 0.334    , -1.953E-03,   0.00    ) |  3.730E-04 2.441E-02
    3174 1.2530E+00 3.7299E-04  ( 0.334    , -1.953E-03,   0.00    ) |  3.730E-04 2.441E-02
    3175 1.2533E+00 3.7298E-04  ( 0.334    , -1.953E-03,   0.00    ) |  3.730E-04 2.441E-02
    3176 1.2537E+00 3.7298E-04  ( 0.334    , -1.953E-03,   0.00    ) |  3.730E-04 2.441E-02
    3177 1.2541E+00 3.7297E-04  ( 0.334    , -1.953E-03,   0.00    ) |  3.730E-04 2.441E-02
    3178 1.2545E+00 3.7296E-04  ( 0.334    , -1.953E-03,   0.00    ) |  3.730E-04 2.441E-02
    3179 1.2548E+00 3.7296E-04  ( 0.334    , -1.953E-03,   0.00    ) |  3.730E-04 2.441E-02
    3180 1.2552E+00 3.7295E-04  ( 0.334    , -1.953E-03,   0.00    ) |  3.730E-04 2.441E-02
    3181 1.2556E+00 3.7295E-04  ( 0.334    , -1.953E-03,   0.00    ) |  3.729E-04 2.441E-02
    3182 1.2559E+00 3.7294E-04  ( 0.334    , -1.953E-03,   0.00    ) |  3.729E-04 2.441E-02
    3183 1.2563E+00 3.7294E-04  ( 0.334    , -1.953E-03,   0.00    ) |  3.729E-04 2.441E-02
    3184 1.2567E+00 3.7293E-04  ( 0.334    , -1.953E-03,   0.00    ) |  3.729E-04 2.441E-02
    3185 1.2571E+00 3.7292E-04  ( 0.334    , -1.953E-03,   0.00    ) |  3.729E-04 2.441E-02
    3186 1.2574E+00 3.7292E-04  ( 0.334    , -1.953E-03,   0.00    ) |  3.729E-04 2.441E-02
    3187 1.2578E+00 3.7291E-04  ( 0.334    , -1.953E-03,   0.00    ) |  3.729E-04 2.441E-02
    3188 1.2582E+00 3.7291E-04  ( 0.334    , -1.953E-03,   0.00    ) |  3.729E-04 2.441E-02
    3189 1.2586E+00 3.7290E-04  ( 0.334    , -1.953E-03,   0.00    ) |  3.729E-04 2.441E-02
    3190 1.2589E+00 3.7289E-04  ( 0.334    , -1.953E-03,   0.00    ) |  3.729E-04 2.441E-02
    3191 1.2593E+00 3.7289E-04  ( 0.334    , -1.953E-03,   0.00    ) |  3.729E-04 2.441E-02
    3192 1.2597E+00 3.7288E-04  ( 0.334    , -1.953E-03,   0.00    ) |  3.729E-04 2.441E-02
    3193 1.2601E+00 3.7288E-04  ( 0.334    , -1.953E-03,   0.00    ) |  3.729E-04 2.441E-02
    3194 1.2604E+00 3.7287E-04  ( 0.334    , -1.953E-03,   0.00    ) |  3.729E-04 2.441E-02
    3195 1.2608E+00 3.7286E-04  ( 0.334    , -1.953E-03,   0.00    ) |  3.729E-04 2.441E-02
    3196 1.2612E+00 3.7286E-04  ( 0.334    , -1.953E-03,   0.00    ) |  3.729E-04 2.441E-02
    3197 1.2615E+00 3.7285E-04  ( 0.334    , -1.953E-03,   0.00    ) |  3.728E-04 2.441E-02
    3198 1.2619E+00 3.7284E-04  ( 0.334    , -1.953E-03,   0.00    ) |  3.728E-04 2.441E-02
    3199 1.2623E+00 3.7284E-04  ( 0.334    , -1.953E-03,   0.00    ) |  3.728E-04 2.441E-02
    3200 1.2627E+00 3.7283E-04  ( 0.334    , -1.953E-03,   0.00    ) |  3.728E-04 2.441E-02
    3201 1.2630E+00 3.7282E-04  ( 0.334    , -1.953E-03,   0.00    ) |  3.728E-04 2.441E-02
    3202 1.2634E+00 3.7282E-04  ( 0.334    , -1.953E-03,   0.00    ) |  3.728E-04 2.441E-02
    3203 1.2638E+00 3.7281E-04  ( 0.334    , -1.953E-03,   0.00    ) |  3.728E-04 2.441E-02
    3204 1.2642E+00 3.7280E-04  (-0.334    ,  1.953E-03,   0.00    ) |  3.728E-04 2.441E-02
    3205 1.2645E+00 3.7279E-04  (-0.334    ,  1.953E-03,   0.00    ) |  3.728E-04 2.441E-02
    3206 1.2649E+00 3.7279E-04  (-0.334    ,  1.953E-03,   0.00    ) |  3.728E-04 2.441E-02
    3207 1.2653E+00 3.7278E-04  (-0.334    ,  1.953E-03,   0.00    ) |  3.728E-04 2.441E-02
    3208 1.2656E+00 3.7277E-04  (-0.334    ,  1.953E-03,   0.00    ) |  3.728E-04 2.441E-02
    3209 1.2660E+00 3.7277E-04  (-0.334    ,  1.953E-03,   0.00    ) |  3.728E-04 2.441E-02
    3210 1.2664E+00 3.7276E-04  (-0.334    ,  1.953E-03,   0.00    ) |  3.728E-04 2.441E-02
    3211 1.2668E+00 3.7275E-04  (-0.334    ,  1.953E-03,   0.00    ) |  3.728E-04 2.441E-02
    3212 1.2671E+00 3.7274E-04  (-0.334    ,  1.953E-03,   0.00    ) |  3.727E-04 2.441E-02
    3213 1.2675E+00 3.7274E-04  (-0.334    ,  1.953E-03,   0.00    ) |  3.727E-04 2.441E-02
    3214 1.2679E+00 3.7273E-04  (-0.334    , -1.953E-03,   0.00    ) |  3.727E-04 2.441E-02
    3215 1.2683E+00 3.7272E-04  (-0.334    , -1.953E-03,   0.00    ) |  3.727E-04 2.441E-02
    3216 1.2686E+00 3.7271E-04  (-0.334    , -1.953E-03,   0.00    ) |  3.727E-04 2.441E-02
    3217 1.2690E+00 3.7270E-04  (-0.334    ,  1.953E-03,   0.00    ) |  3.727E-04 2.441E-02
    3218 1.2694E+00 3.7270E-04  (-0.334    , -1.953E-03,   0.00    ) |  3.727E-04 2.441E-02
    3219 1.2697E+00 3.7269E-04  (-0.330    , -1.953E-03,   0.00    ) |  3.727E-04 2.441E-02
    3220 1.2701E+00 3.7268E-04  (-0.330    , -1.953E-03,   0.00    ) |  3.727E-04 2.441E-02
    3221 1.2705E+00 3.7267E-04  (-0.330    , -1.953E-03,   0.00    ) |  3.727E-04 2.441E-02
    3222 1.2709E+00 3.7266E-04  (-0.330    , -1.953E-03,   0.00    ) |  3.727E-04 2.441E-02
    3223 1.2712E+00 3.7266E-04  (-0.330    , -1.953E-03,   0.00    ) |  3.727E-04 2.441E-02
    3224 1.2716E+00 3.7265E-04  (-0.330    , -1.953E-03,   0.00    ) |  3.726E-04 2.441E-02
    3225 1.2720E+00 3.7264E-04  (-0.330    , -1.953E-03,   0.00    ) |  3.726E-04 2.441E-02
    3226 1.2724E+00 3.7263E-04  (-0.330    , -1.953E-03,   0.00    ) |  3.726E-04 2.441E-02
    3227 1.2727E+00 3.7262E-04  (-0.330    , -1.953E-03,   0.00    ) |  3.726E-04 2.441E-02
    3228 1.2731E+00 3.7262E-04  ( 0.330    , -1.953E-03,   0.00    ) |  3.726E-04 2.441E-02
    3229 1.2735E+00 3.7261E-04  ( 0.330    , -1.953E-03,   0.00    ) |  3.726E-04 2.441E-02
    3230 1.2738E+00 3.7260E-04  ( 0.330    , -1.953E-03,   0.00    ) |  3.726E-04 2.441E-02
    3231 1.2742E+00 3.7259E-04  ( 0.330    , -1.953E-03,   0.00    ) |  3.726E-04 2.441E-02
    3232 1.2746E+00 3.7258E-04  ( 0.330    ,  1.953E-03,   0.00    ) |  3.726E-04 2.441E-02
    3233 1.2750E+00 3.7258E-04  ( 0.330    , -1.953E-03,   0.00    ) |  3.726E-04 2.441E-02
 *** Wrote plotfile to flash_run_hdf5_plt_cnt_0051 ****
    3234 1.2753E+00 3.7257E-04  ( 0.330    , -1.953E-03,   0.00    ) |  3.726E-04 2.441E-02
    3235 1.2757E+00 3.7256E-04  ( 0.330    , -1.953E-03,   0.00    ) |  3.726E-04 2.441E-02
    3236 1.2761E+00 3.7255E-04  ( 0.330    , -1.953E-03,   0.00    ) |  3.726E-04 2.441E-02
    3237 1.2764E+00 3.7255E-04  ( 0.330    , -1.953E-03,   0.00    ) |  3.725E-04 2.441E-02
    3238 1.2768E+00 3.7254E-04  ( 0.330    , -1.953E-03,   0.00    ) |  3.725E-04 2.441E-02
    3239 1.2772E+00 3.7253E-04  ( 0.330    , -1.953E-03,   0.00    ) |  3.725E-04 2.441E-02
    3240 1.2776E+00 3.7252E-04  ( 0.330    , -1.953E-03,   0.00    ) |  3.725E-04 2.441E-02
    3241 1.2779E+00 3.7251E-04  ( 0.330    , -1.953E-03,   0.00    ) |  3.725E-04 2.441E-02
    3242 1.2783E+00 3.7251E-04  ( 0.330    , -1.953E-03,   0.00    ) |  3.725E-04 2.441E-02
    3243 1.2787E+00 3.7250E-04  ( 0.330    , -1.953E-03,   0.00    ) |  3.725E-04 2.441E-02
    3244 1.2791E+00 3.7249E-04  ( 0.330    , -1.953E-03,   0.00    ) |  3.725E-04 2.441E-02
    3245 1.2794E+00 3.7248E-04  ( 0.330    , -1.953E-03,   0.00    ) |  3.725E-04 2.441E-02
    3246 1.2798E+00 3.7248E-04  ( 0.330    , -1.953E-03,   0.00    ) |  3.725E-04 2.441E-02
    3247 1.2802E+00 3.7247E-04  ( 0.330    , -1.953E-03,   0.00    ) |  3.725E-04 2.441E-02
    3248 1.2805E+00 3.7246E-04  ( 0.330    , -1.953E-03,   0.00    ) |  3.725E-04 2.441E-02
    3249 1.2809E+00 3.7245E-04  (-0.330    , -1.953E-03,   0.00    ) |  3.725E-04 2.441E-02
    3250 1.2813E+00 3.7245E-04  (-0.330    , -1.953E-03,   0.00    ) |  3.724E-04 2.441E-02
    3251 1.2817E+00 3.7244E-04  (-0.330    , -1.953E-03,   0.00    ) |  3.724E-04 2.441E-02
    3252 1.2820E+00 3.7243E-04  (-0.330    , -1.953E-03,   0.00    ) |  3.724E-04 2.441E-02
    3253 1.2824E+00 3.7242E-04  (-0.330    , -1.953E-03,   0.00    ) |  3.724E-04 2.441E-02
    3254 1.2828E+00 3.7242E-04  (-0.330    , -1.953E-03,   0.00    ) |  3.724E-04 2.441E-02
    3255 1.2832E+00 3.7241E-04  (-0.330    , -1.953E-03,   0.00    ) |  3.724E-04 2.441E-02
    3256 1.2835E+00 3.7240E-04  (-0.330    , -1.953E-03,   0.00    ) |  3.724E-04 2.441E-02
    3257 1.2839E+00 3.7239E-04  (-0.330    , -1.953E-03,   0.00    ) |  3.724E-04 2.441E-02
    3258 1.2843E+00 3.7239E-04  (-0.330    ,  1.953E-03,   0.00    ) |  3.724E-04 2.441E-02
    3259 1.2846E+00 3.7238E-04  (-0.330    ,  1.953E-03,   0.00    ) |  3.724E-04 2.441E-02
    3260 1.2850E+00 3.7237E-04  (-0.330    ,  1.953E-03,   0.00    ) |  3.724E-04 2.441E-02
    3261 1.2854E+00 3.7236E-04  (-0.330    ,  1.953E-03,   0.00    ) |  3.724E-04 2.441E-02
    3262 1.2858E+00 3.7236E-04  (-0.330    ,  1.953E-03,   0.00    ) |  3.724E-04 2.441E-02
    3263 1.2861E+00 3.7235E-04  ( 0.330    , -1.953E-03,   0.00    ) |  3.723E-04 2.441E-02
    3264 1.2865E+00 3.7234E-04  ( 0.330    , -1.953E-03,   0.00    ) |  3.723E-04 2.441E-02
    3265 1.2869E+00 3.7233E-04  ( 0.330    , -1.953E-03,   0.00    ) |  3.723E-04 2.441E-02
    3266 1.2873E+00 3.7233E-04  ( 0.330    , -1.953E-03,   0.00    ) |  3.723E-04 2.441E-02
    3267 1.2876E+00 3.7232E-04  ( 0.330    , -1.953E-03,   0.00    ) |  3.723E-04 2.441E-02
    3268 1.2880E+00 3.7231E-04  ( 0.330    , -1.953E-03,   0.00    ) |  3.723E-04 2.441E-02
    3269 1.2884E+00 3.7231E-04  ( 0.330    , -1.953E-03,   0.00    ) |  3.723E-04 2.441E-02
    3270 1.2887E+00 3.7230E-04  (-0.330    ,  1.953E-03,   0.00    ) |  3.723E-04 2.441E-02
    3271 1.2891E+00 3.7229E-04  (-0.330    ,  1.953E-03,   0.00    ) |  3.723E-04 2.441E-02
    3272 1.2895E+00 3.7228E-04  ( 0.330    , -1.953E-03,   0.00    ) |  3.723E-04 2.441E-02
    3273 1.2899E+00 3.7228E-04  ( 0.330    , -1.953E-03,   0.00    ) |  3.723E-04 2.441E-02
    3274 1.2902E+00 3.7227E-04  ( 0.330    , -1.953E-03,   0.00    ) |  3.723E-04 2.441E-02
    3275 1.2906E+00 3.7226E-04  (-0.330    ,  1.953E-03,   0.00    ) |  3.723E-04 2.441E-02
    3276 1.2910E+00 3.7225E-04  (-0.330    ,  1.953E-03,   0.00    ) |  3.723E-04 2.441E-02
    3277 1.2913E+00 3.7225E-04  (-0.330    ,  1.953E-03,   0.00    ) |  3.722E-04 2.441E-02
    3278 1.2917E+00 3.7224E-04  (-0.330    ,  1.953E-03,   0.00    ) |  3.722E-04 2.441E-02
    3279 1.2921E+00 3.7223E-04  (-0.330    ,  1.953E-03,   0.00    ) |  3.722E-04 2.441E-02
    3280 1.2925E+00 3.7222E-04  (-0.330    ,  1.953E-03,   0.00    ) |  3.722E-04 2.441E-02
    3281 1.2928E+00 3.7222E-04  (-0.330    ,  1.953E-03,   0.00    ) |  3.722E-04 2.441E-02
    3282 1.2932E+00 3.7221E-04  (-0.330    ,  1.953E-03,   0.00    ) |  3.722E-04 2.441E-02
    3283 1.2936E+00 3.7220E-04  (-0.330    ,  1.953E-03,   0.00    ) |  3.722E-04 2.441E-02
    3284 1.2940E+00 3.7220E-04  (-0.330    ,  1.953E-03,   0.00    ) |  3.722E-04 2.441E-02
    3285 1.2943E+00 3.7219E-04  (-0.330    ,  1.953E-03,   0.00    ) |  3.722E-04 2.441E-02
    3286 1.2947E+00 3.7218E-04  (-0.330    ,  1.953E-03,   0.00    ) |  3.722E-04 2.441E-02
    3287 1.2951E+00 3.7218E-04  (-0.330    ,  1.953E-03,   0.00    ) |  3.722E-04 2.441E-02
    3288 1.2954E+00 3.7217E-04  (-0.330    ,  1.953E-03,   0.00    ) |  3.722E-04 2.441E-02
    3289 1.2958E+00 3.7216E-04  (-0.330    ,  1.953E-03,   0.00    ) |  3.722E-04 2.441E-02
    3290 1.2962E+00 3.7216E-04  (-0.330    ,  1.953E-03,   0.00    ) |  3.722E-04 2.441E-02
    3291 1.2966E+00 3.7215E-04  (-0.330    ,  1.953E-03,   0.00    ) |  3.722E-04 2.441E-02
    3292 1.2969E+00 3.7214E-04  ( 0.330    , -1.953E-03,   0.00    ) |  3.721E-04 2.441E-02
    3293 1.2973E+00 3.7214E-04  (-0.330    ,  1.953E-03,   0.00    ) |  3.721E-04 2.441E-02
    3294 1.2977E+00 3.7213E-04  (-0.330    ,  1.953E-03,   0.00    ) |  3.721E-04 2.441E-02
    3295 1.2980E+00 3.7212E-04  (-0.330    ,  1.953E-03,   0.00    ) |  3.721E-04 2.441E-02
    3296 1.2984E+00 3.7212E-04  ( 0.330    , -1.953E-03,   0.00    ) |  3.721E-04 2.441E-02
    3297 1.2988E+00 3.7211E-04  (-0.330    ,  1.953E-03,   0.00    ) |  3.721E-04 2.441E-02
    3298 1.2992E+00 3.7211E-04  ( 0.330    , -1.953E-03,   0.00    ) |  3.721E-04 2.441E-02
    3299 1.2995E+00 3.7210E-04  ( 0.330    , -1.953E-03,   0.00    ) |  3.721E-04 2.441E-02
    3300 1.2999E+00 3.7209E-04  ( 0.330    , -1.953E-03,   0.00    ) |  3.721E-04 2.441E-02
 *** Wrote plotfile to flash_run_hdf5_plt_cnt_0052 ****
    3301 1.3003E+00 3.7209E-04  ( 0.330    , -1.953E-03,   0.00    ) |  3.721E-04 2.441E-02
    3302 1.3006E+00 3.7208E-04  ( 0.330    , -1.953E-03,   0.00    ) |  3.721E-04 2.441E-02
    3303 1.3010E+00 3.7207E-04  ( 0.330    , -1.953E-03,   0.00    ) |  3.721E-04 2.441E-02
    3304 1.3014E+00 3.7207E-04  ( 0.330    , -1.953E-03,   0.00    ) |  3.721E-04 2.441E-02
    3305 1.3018E+00 3.7206E-04  ( 0.330    , -1.953E-03,   0.00    ) |  3.721E-04 2.441E-02
    3306 1.3021E+00 3.7205E-04  ( 0.330    , -1.953E-03,   0.00    ) |  3.721E-04 2.441E-02
    3307 1.3025E+00 3.7205E-04  ( 0.330    , -1.953E-03,   0.00    ) |  3.720E-04 2.441E-02
    3308 1.3029E+00 3.7204E-04  ( 0.330    , -1.953E-03,   0.00    ) |  3.720E-04 2.441E-02
    3309 1.3033E+00 3.7203E-04  ( 0.330    , -1.953E-03,   0.00    ) |  3.720E-04 2.441E-02
    3310 1.3036E+00 3.7203E-04  ( 0.330    , -1.953E-03,   0.00    ) |  3.720E-04 2.441E-02
    3311 1.3040E+00 3.7202E-04  ( 0.330    , -1.953E-03,   0.00    ) |  3.720E-04 2.441E-02
    3312 1.3044E+00 3.7201E-04  ( 0.330    , -1.953E-03,   0.00    ) |  3.720E-04 2.441E-02
    3313 1.3047E+00 3.7201E-04  ( 0.330    , -1.953E-03,   0.00    ) |  3.720E-04 2.441E-02
    3314 1.3051E+00 3.7200E-04  ( 0.330    , -1.953E-03,   0.00    ) |  3.720E-04 2.441E-02
    3315 1.3055E+00 3.7199E-04  ( 0.330    , -1.953E-03,   0.00    ) |  3.720E-04 2.441E-02
    3316 1.3059E+00 3.7199E-04  ( 0.330    , -1.953E-03,   0.00    ) |  3.720E-04 2.441E-02
    3317 1.3062E+00 3.7198E-04  ( 0.330    , -1.953E-03,   0.00    ) |  3.720E-04 2.441E-02
    3318 1.3066E+00 3.7197E-04  ( 0.330    , -1.953E-03,   0.00    ) |  3.720E-04 2.441E-02
    3319 1.3070E+00 3.7197E-04  ( 0.330    , -1.953E-03,   0.00    ) |  3.720E-04 2.441E-02
    3320 1.3073E+00 3.7196E-04  ( 0.330    , -1.953E-03,   0.00    ) |  3.720E-04 2.441E-02
    3321 1.3077E+00 3.7195E-04  ( 0.330    , -1.953E-03,   0.00    ) |  3.720E-04 2.441E-02
    3322 1.3081E+00 3.7195E-04  ( 0.330    , -1.953E-03,   0.00    ) |  3.719E-04 2.441E-02
    3323 1.3085E+00 3.7194E-04  ( 0.330    , -1.953E-03,   0.00    ) |  3.719E-04 2.441E-02
    3324 1.3088E+00 3.7194E-04  (-0.330    , -1.953E-03,   0.00    ) |  3.719E-04 2.441E-02
    3325 1.3092E+00 3.7193E-04  (-0.330    , -1.953E-03,   0.00    ) |  3.719E-04 2.441E-02
    3326 1.3096E+00 3.7192E-04  (-0.330    , -1.953E-03,   0.00    ) |  3.719E-04 2.441E-02
    3327 1.3099E+00 3.7192E-04  (-0.330    , -1.953E-03,   0.00    ) |  3.719E-04 2.441E-02
    3328 1.3103E+00 3.7191E-04  (-0.330    , -1.953E-03,   0.00    ) |  3.719E-04 2.441E-02
    3329 1.3107E+00 3.7191E-04  (-0.330    , -1.953E-03,   0.00    ) |  3.719E-04 2.441E-02
    3330 1.3111E+00 3.7190E-04  (-0.330    , -1.953E-03,   0.00    ) |  3.719E-04 2.441E-02
    3331 1.3114E+00 3.7190E-04  (-0.330    , -1.953E-03,   0.00    ) |  3.719E-04 2.441E-02
    3332 1.3118E+00 3.7189E-04  (-0.330    , -1.953E-03,   0.00    ) |  3.719E-04 2.441E-02
    3333 1.3122E+00 3.7189E-04  (-0.330    , -1.953E-03,   0.00    ) |  3.719E-04 2.441E-02
    3334 1.3126E+00 3.7188E-04  (-0.330    , -1.953E-03,   0.00    ) |  3.719E-04 2.441E-02
    3335 1.3129E+00 3.7188E-04  (-0.330    , -1.953E-03,   0.00    ) |  3.719E-04 2.441E-02
    3336 1.3133E+00 3.7187E-04  (-0.330    , -1.953E-03,   0.00    ) |  3.719E-04 2.441E-02
    3337 1.3137E+00 3.7187E-04  (-0.330    , -1.953E-03,   0.00    ) |  3.719E-04 2.441E-02
    3338 1.3140E+00 3.7186E-04  (-0.330    , -1.953E-03,   0.00    ) |  3.719E-04 2.441E-02
    3339 1.3144E+00 3.7186E-04  ( 0.330    , -1.953E-03,   0.00    ) |  3.719E-04 2.441E-02
    3340 1.3148E+00 3.7185E-04  ( 0.330    , -1.953E-03,   0.00    ) |  3.719E-04 2.441E-02
    3341 1.3152E+00 3.7185E-04  ( 0.330    , -1.953E-03,   0.00    ) |  3.718E-04 2.441E-02
    3342 1.3155E+00 3.7184E-04  ( 0.330    , -1.953E-03,   0.00    ) |  3.718E-04 2.441E-02
    3343 1.3159E+00 3.7184E-04  ( 0.330    , -1.953E-03,   0.00    ) |  3.718E-04 2.441E-02
    3344 1.3163E+00 3.7183E-04  ( 0.330    , -1.953E-03,   0.00    ) |  3.718E-04 2.441E-02
    3345 1.3166E+00 3.7183E-04  ( 0.330    , -1.953E-03,   0.00    ) |  3.718E-04 2.441E-02
    3346 1.3170E+00 3.7182E-04  ( 0.330    , -1.953E-03,   0.00    ) |  3.718E-04 2.441E-02
    3347 1.3174E+00 3.7182E-04  ( 0.330    , -1.953E-03,   0.00    ) |  3.718E-04 2.441E-02
    3348 1.3178E+00 3.7181E-04  ( 0.330    , -1.953E-03,   0.00    ) |  3.718E-04 2.441E-02
    3349 1.3181E+00 3.7181E-04  ( 0.330    , -1.953E-03,   0.00    ) |  3.718E-04 2.441E-02
    3350 1.3185E+00 3.7180E-04  ( 0.330    , -1.953E-03,   0.00    ) |  3.718E-04 2.441E-02
    3351 1.3189E+00 3.7180E-04  ( 0.330    , -1.953E-03,   0.00    ) |  3.718E-04 2.441E-02
    3352 1.3192E+00 3.7179E-04  ( 0.330    , -1.953E-03,   0.00    ) |  3.718E-04 2.441E-02
    3353 1.3196E+00 3.7179E-04  ( 0.330    , -1.953E-03,   0.00    ) |  3.718E-04 2.441E-02
    3354 1.3200E+00 3.7178E-04  ( 0.330    , -1.953E-03,   0.00    ) |  3.718E-04 2.441E-02
    3355 1.3204E+00 3.7178E-04  ( 0.330    , -1.953E-03,   0.00    ) |  3.718E-04 2.441E-02
    3356 1.3207E+00 3.7177E-04  ( 0.330    , -1.953E-03,   0.00    ) |  3.718E-04 2.441E-02
    3357 1.3211E+00 3.7177E-04  ( 0.330    , -1.953E-03,   0.00    ) |  3.718E-04 2.441E-02
    3358 1.3215E+00 3.7176E-04  (-0.330    , -1.953E-03,   0.00    ) |  3.718E-04 2.441E-02
    3359 1.3218E+00 3.7176E-04  (-0.330    , -1.953E-03,   0.00    ) |  3.718E-04 2.441E-02
    3360 1.3222E+00 3.7175E-04  (-0.330    , -1.953E-03,   0.00    ) |  3.718E-04 2.441E-02
    3361 1.3226E+00 3.7175E-04  (-0.330    , -1.953E-03,   0.00    ) |  3.717E-04 2.441E-02
    3362 1.3230E+00 3.7174E-04  (-0.330    , -1.953E-03,   0.00    ) |  3.717E-04 2.441E-02
    3363 1.3233E+00 3.7174E-04  (-0.330    , -1.953E-03,   0.00    ) |  3.717E-04 2.441E-02
    3364 1.3237E+00 3.7174E-04  (-0.330    , -1.953E-03,   0.00    ) |  3.717E-04 2.441E-02
    3365 1.3241E+00 3.7173E-04  (-0.330    , -1.953E-03,   0.00    ) |  3.717E-04 2.441E-02
    3366 1.3245E+00 3.7173E-04  (-0.330    , -1.953E-03,   0.00    ) |  3.717E-04 2.441E-02
    3367 1.3248E+00 3.7172E-04  (-0.330    , -1.953E-03,   0.00    ) |  3.717E-04 2.441E-02
 *** Wrote plotfile to flash_run_hdf5_plt_cnt_0053 ****
    3368 1.3252E+00 3.7172E-04  (-0.330    , -1.953E-03,   0.00    ) |  3.717E-04 2.441E-02
    3369 1.3256E+00 3.7171E-04  ( 0.330    , -1.953E-03,   0.00    ) |  3.717E-04 2.441E-02
    3370 1.3259E+00 3.7171E-04  (-0.330    , -1.953E-03,   0.00    ) |  3.717E-04 2.441E-02
    3371 1.3263E+00 3.7170E-04  ( 0.330    , -1.953E-03,   0.00    ) |  3.717E-04 2.441E-02
    3372 1.3267E+00 3.7170E-04  ( 0.330    ,  1.953E-03,   0.00    ) |  3.717E-04 2.441E-02
    3373 1.3271E+00 3.7170E-04  ( 0.330    , -1.953E-03,   0.00    ) |  3.717E-04 2.441E-02
    3374 1.3274E+00 3.7169E-04  ( 0.330    , -1.953E-03,   0.00    ) |  3.717E-04 2.441E-02
    3375 1.3278E+00 3.7169E-04  ( 0.330    , -1.953E-03,   0.00    ) |  3.717E-04 2.441E-02
    3376 1.3282E+00 3.7168E-04  ( 0.330    , -1.953E-03,   0.00    ) |  3.717E-04 2.441E-02
    3377 1.3285E+00 3.7168E-04  ( 0.330    ,  1.953E-03,   0.00    ) |  3.717E-04 2.441E-02
    3378 1.3289E+00 3.7167E-04  ( 0.330    , -1.953E-03,   0.00    ) |  3.717E-04 2.441E-02
    3379 1.3293E+00 3.7167E-04  ( 0.330    , -1.953E-03,   0.00    ) |  3.717E-04 2.441E-02
    3380 1.3297E+00 3.7166E-04  ( 0.330    , -1.953E-03,   0.00    ) |  3.717E-04 2.441E-02
    3381 1.3300E+00 3.7166E-04  ( 0.330    ,  1.953E-03,   0.00    ) |  3.717E-04 2.441E-02
    3382 1.3304E+00 3.7166E-04  ( 0.330    ,  1.953E-03,   0.00    ) |  3.717E-04 2.441E-02
    3383 1.3308E+00 3.7165E-04  ( 0.330    ,  1.953E-03,   0.00    ) |  3.717E-04 2.441E-02
    3384 1.3311E+00 3.7165E-04  ( 0.330    ,  1.953E-03,   0.00    ) |  3.716E-04 2.441E-02
    3385 1.3315E+00 3.7164E-04  ( 0.330    ,  1.953E-03,   0.00    ) |  3.716E-04 2.441E-02
    3386 1.3319E+00 3.7164E-04  ( 0.330    ,  1.953E-03,   0.00    ) |  3.716E-04 2.441E-02
    3387 1.3323E+00 3.7163E-04  ( 0.330    ,  1.953E-03,   0.00    ) |  3.716E-04 2.441E-02
    3388 1.3326E+00 3.7163E-04  ( 0.330    ,  1.953E-03,   0.00    ) |  3.716E-04 2.441E-02
    3389 1.3330E+00 3.7162E-04  ( 0.330    ,  1.953E-03,   0.00    ) |  3.716E-04 2.441E-02
    3390 1.3334E+00 3.7162E-04  ( 0.330    ,  1.953E-03,   0.00    ) |  3.716E-04 2.441E-02
    3391 1.3337E+00 3.7162E-04  ( 0.330    ,  1.953E-03,   0.00    ) |  3.716E-04 2.441E-02
    3392 1.3341E+00 3.7161E-04  ( 0.330    ,  1.953E-03,   0.00    ) |  3.716E-04 2.441E-02
    3393 1.3345E+00 3.7161E-04  ( 0.330    , -1.953E-03,   0.00    ) |  3.716E-04 2.441E-02
    3394 1.3349E+00 3.7160E-04  ( 0.330    , -1.953E-03,   0.00    ) |  3.716E-04 2.441E-02
    3395 1.3352E+00 3.7160E-04  ( 0.330    , -1.953E-03,   0.00    ) |  3.716E-04 2.441E-02
    3396 1.3356E+00 3.7159E-04  ( 0.330    , -1.953E-03,   0.00    ) |  3.716E-04 2.441E-02
    3397 1.3360E+00 3.7159E-04  ( 0.330    , -1.953E-03,   0.00    ) |  3.716E-04 2.441E-02
    3398 1.3363E+00 3.7158E-04  ( 0.330    , -1.953E-03,   0.00    ) |  3.716E-04 2.441E-02
    3399 1.3367E+00 3.7158E-04  ( 0.330    , -1.953E-03,   0.00    ) |  3.716E-04 2.441E-02
    3400 1.3371E+00 3.7157E-04  ( 0.330    , -1.953E-03,   0.00    ) |  3.716E-04 2.441E-02
    3401 1.3375E+00 3.7157E-04  ( 0.330    , -1.953E-03,   0.00    ) |  3.716E-04 2.441E-02
    3402 1.3378E+00 3.7156E-04  ( 0.330    , -1.953E-03,   0.00    ) |  3.716E-04 2.441E-02
    3403 1.3382E+00 3.7156E-04  ( 0.330    , -1.953E-03,   0.00    ) |  3.716E-04 2.441E-02
    3404 1.3386E+00 3.7155E-04  ( 0.330    , -1.953E-03,   0.00    ) |  3.716E-04 2.441E-02
    3405 1.3389E+00 3.7155E-04  ( 0.330    , -1.953E-03,   0.00    ) |  3.715E-04 2.441E-02
    3406 1.3393E+00 3.7154E-04  ( 0.330    , -1.953E-03,   0.00    ) |  3.715E-04 2.441E-02
    3407 1.3397E+00 3.7154E-04  ( 0.330    , -1.953E-03,   0.00    ) |  3.715E-04 2.441E-02
    3408 1.3401E+00 3.7153E-04  ( 0.330    , -1.953E-03,   0.00    ) |  3.715E-04 2.441E-02
    3409 1.3404E+00 3.7153E-04  ( 0.330    , -1.953E-03,   0.00    ) |  3.715E-04 2.441E-02
    3410 1.3408E+00 3.7152E-04  ( 0.330    , -1.953E-03,   0.00    ) |  3.715E-04 2.441E-02
    3411 1.3412E+00 3.7151E-04  ( 0.330    , -1.953E-03,   0.00    ) |  3.715E-04 2.441E-02
    3412 1.3415E+00 3.7151E-04  ( 0.330    , -1.953E-03,   0.00    ) |  3.715E-04 2.441E-02
    3413 1.3419E+00 3.7150E-04  ( 0.330    , -1.953E-03,   0.00    ) |  3.715E-04 2.441E-02
    3414 1.3423E+00 3.7150E-04  ( 0.330    , -1.953E-03,   0.00    ) |  3.715E-04 2.441E-02
    3415 1.3427E+00 3.7149E-04  ( 0.330    , -1.953E-03,   0.00    ) |  3.715E-04 2.441E-02
    3416 1.3430E+00 3.7148E-04  ( 0.330    , -1.953E-03,   0.00    ) |  3.715E-04 2.441E-02
    3417 1.3434E+00 3.7148E-04  ( 0.330    , -1.953E-03,   0.00    ) |  3.715E-04 2.441E-02
    3418 1.3438E+00 3.7147E-04  ( 0.330    , -1.953E-03,   0.00    ) |  3.715E-04 2.441E-02
    3419 1.3441E+00 3.7147E-04  ( 0.330    , -1.953E-03,   0.00    ) |  3.715E-04 2.441E-02
    3420 1.3445E+00 3.7146E-04  ( 0.330    , -1.953E-03,   0.00    ) |  3.715E-04 2.441E-02
    3421 1.3449E+00 3.7145E-04  ( 0.330    , -1.953E-03,   0.00    ) |  3.715E-04 2.441E-02
    3422 1.3453E+00 3.7145E-04  ( 0.330    , -1.953E-03,   0.00    ) |  3.714E-04 2.441E-02
    3423 1.3456E+00 3.7144E-04  ( 0.330    , -1.953E-03,   0.00    ) |  3.714E-04 2.441E-02
    3424 1.3460E+00 3.7143E-04  ( 0.330    , -1.953E-03,   0.00    ) |  3.714E-04 2.441E-02
    3425 1.3464E+00 3.7143E-04  ( 0.330    , -1.953E-03,   0.00    ) |  3.714E-04 2.441E-02
    3426 1.3467E+00 3.7142E-04  ( 0.330    , -1.953E-03,   0.00    ) |  3.714E-04 2.441E-02
    3427 1.3471E+00 3.7141E-04  ( 0.330    , -1.953E-03,   0.00    ) |  3.714E-04 2.441E-02
    3428 1.3475E+00 3.7141E-04  ( 0.330    , -1.953E-03,   0.00    ) |  3.714E-04 2.441E-02
    3429 1.3479E+00 3.7140E-04  ( 0.330    , -1.953E-03,   0.00    ) |  3.714E-04 2.441E-02
    3430 1.3482E+00 3.7139E-04  ( 0.330    , -1.953E-03,   0.00    ) |  3.714E-04 2.441E-02
    3431 1.3486E+00 3.7138E-04  ( 0.330    , -1.953E-03,   0.00    ) |  3.714E-04 2.441E-02
    3432 1.3490E+00 3.7138E-04  ( 0.330    , -1.953E-03,   0.00    ) |  3.714E-04 2.441E-02
    3433 1.3493E+00 3.7137E-04  ( 0.330    , -1.953E-03,   0.00    ) |  3.714E-04 2.441E-02
    3434 1.3497E+00 3.7136E-04  ( 0.330    , -1.953E-03,   0.00    ) |  3.714E-04 2.441E-02
 *** Wrote plotfile to flash_run_hdf5_plt_cnt_0054 ****
    3435 1.3501E+00 3.7136E-04  ( 0.330    , -1.953E-03,   0.00    ) |  3.714E-04 2.441E-02
    3436 1.3505E+00 3.7135E-04  ( 0.330    , -1.953E-03,   0.00    ) |  3.714E-04 2.441E-02
    3437 1.3508E+00 3.7134E-04  ( 0.330    , -1.953E-03,   0.00    ) |  3.713E-04 2.441E-02
    3438 1.3512E+00 3.7134E-04  ( 0.330    , -1.953E-03,   0.00    ) |  3.713E-04 2.441E-02
    3439 1.3516E+00 3.7133E-04  ( 0.330    , -1.953E-03,   0.00    ) |  3.713E-04 2.441E-02
    3440 1.3519E+00 3.7132E-04  ( 0.330    , -1.953E-03,   0.00    ) |  3.713E-04 2.441E-02
    3441 1.3523E+00 3.7132E-04  ( 0.330    , -1.953E-03,   0.00    ) |  3.713E-04 2.441E-02
    3442 1.3527E+00 3.7131E-04  ( 0.330    , -1.953E-03,   0.00    ) |  3.713E-04 2.441E-02
    3443 1.3531E+00 3.7130E-04  ( 0.330    , -1.953E-03,   0.00    ) |  3.713E-04 2.441E-02
    3444 1.3534E+00 3.7130E-04  ( 0.330    , -1.953E-03,   0.00    ) |  3.713E-04 2.441E-02
    3445 1.3538E+00 3.7129E-04  ( 0.330    , -1.953E-03,   0.00    ) |  3.713E-04 2.441E-02
    3446 1.3542E+00 3.7128E-04  ( 0.330    , -1.953E-03,   0.00    ) |  3.713E-04 2.441E-02
    3447 1.3545E+00 3.7127E-04  ( 0.330    , -1.953E-03,   0.00    ) |  3.713E-04 2.441E-02
    3448 1.3549E+00 3.7127E-04  ( 0.330    , -1.953E-03,   0.00    ) |  3.713E-04 2.441E-02
    3449 1.3553E+00 3.7126E-04  ( 0.330    , -1.953E-03,   0.00    ) |  3.713E-04 2.441E-02
    3450 1.3557E+00 3.7125E-04  ( 0.330    , -1.953E-03,   0.00    ) |  3.713E-04 2.441E-02
    3451 1.3560E+00 3.7125E-04  ( 0.330    , -1.953E-03,   0.00    ) |  3.712E-04 2.441E-02
    3452 1.3564E+00 3.7124E-04  ( 0.330    , -1.953E-03,   0.00    ) |  3.712E-04 2.441E-02
    3453 1.3568E+00 3.7123E-04  ( 0.330    , -1.953E-03,   0.00    ) |  3.712E-04 2.441E-02
    3454 1.3571E+00 3.7123E-04  ( 0.330    , -1.953E-03,   0.00    ) |  3.712E-04 2.441E-02
    3455 1.3575E+00 3.7122E-04  ( 0.330    , -1.953E-03,   0.00    ) |  3.712E-04 2.441E-02
    3456 1.3579E+00 3.7121E-04  ( 0.330    , -1.953E-03,   0.00    ) |  3.712E-04 2.441E-02
    3457 1.3583E+00 3.7120E-04  ( 0.330    , -1.953E-03,   0.00    ) |  3.712E-04 2.441E-02
    3458 1.3586E+00 3.7120E-04  ( 0.330    , -1.953E-03,   0.00    ) |  3.712E-04 2.441E-02
    3459 1.3590E+00 3.7119E-04  ( 0.330    , -1.953E-03,   0.00    ) |  3.712E-04 2.441E-02
    3460 1.3594E+00 3.7118E-04  ( 0.330    , -1.953E-03,   0.00    ) |  3.712E-04 2.441E-02
    3461 1.3597E+00 3.7118E-04  ( 0.330    , -1.953E-03,   0.00    ) |  3.712E-04 2.441E-02
    3462 1.3601E+00 3.7117E-04  ( 0.330    , -1.953E-03,   0.00    ) |  3.712E-04 2.441E-02
    3463 1.3605E+00 3.7116E-04  ( 0.330    , -1.953E-03,   0.00    ) |  3.712E-04 2.441E-02
    3464 1.3609E+00 3.7116E-04  ( 0.330    , -1.953E-03,   0.00    ) |  3.712E-04 2.441E-02
    3465 1.3612E+00 3.7115E-04  ( 0.330    , -1.953E-03,   0.00    ) |  3.712E-04 2.441E-02
    3466 1.3616E+00 3.7114E-04  ( 0.330    , -1.953E-03,   0.00    ) |  3.711E-04 2.441E-02
    3467 1.3620E+00 3.7114E-04  ( 0.330    , -1.953E-03,   0.00    ) |  3.711E-04 2.441E-02
    3468 1.3623E+00 3.7113E-04  ( 0.330    , -1.953E-03,   0.00    ) |  3.711E-04 2.441E-02
    3469 1.3627E+00 3.7112E-04  ( 0.330    , -1.953E-03,   0.00    ) |  3.711E-04 2.441E-02
    3470 1.3631E+00 3.7112E-04  ( 0.330    , -1.953E-03,   0.00    ) |  3.711E-04 2.441E-02
    3471 1.3635E+00 3.7111E-04  ( 0.330    , -1.953E-03,   0.00    ) |  3.711E-04 2.441E-02
    3472 1.3638E+00 3.7111E-04  ( 0.330    , -1.953E-03,   0.00    ) |  3.711E-04 2.441E-02
    3473 1.3642E+00 3.7110E-04  ( 0.330    , -1.953E-03,   0.00    ) |  3.711E-04 2.441E-02
    3474 1.3646E+00 3.7109E-04  ( 0.330    , -1.953E-03,   0.00    ) |  3.711E-04 2.441E-02
    3475 1.3649E+00 3.7109E-04  ( 0.330    , -1.953E-03,   0.00    ) |  3.711E-04 2.441E-02
    3476 1.3653E+00 3.7108E-04  ( 0.326    ,  1.953E-03,   0.00    ) |  3.711E-04 2.441E-02
    3477 1.3657E+00 3.7107E-04  ( 0.326    ,  1.953E-03,   0.00    ) |  3.711E-04 2.441E-02
    3478 1.3661E+00 3.7106E-04  ( 0.326    ,  1.953E-03,   0.00    ) |  3.711E-04 2.441E-02
    3479 1.3664E+00 3.7106E-04  (-0.326    ,  1.953E-03,   0.00    ) |  3.711E-04 2.441E-02
    3480 1.3668E+00 3.7105E-04  (-0.326    ,  1.953E-03,   0.00    ) |  3.711E-04 2.441E-02
    3481 1.3672E+00 3.7104E-04  (-0.326    ,  1.953E-03,   0.00    ) |  3.710E-04 2.441E-02
    3482 1.3675E+00 3.7104E-04  (-0.326    ,  1.953E-03,   0.00    ) |  3.710E-04 2.441E-02
    3483 1.3679E+00 3.7103E-04  (-0.326    ,  1.953E-03,   0.00    ) |  3.710E-04 2.441E-02
    3484 1.3683E+00 3.7102E-04  (-0.326    ,  1.953E-03,   0.00    ) |  3.710E-04 2.441E-02
    3485 1.3686E+00 3.7102E-04  (-0.326    ,  1.953E-03,   0.00    ) |  3.710E-04 2.441E-02
    3486 1.3690E+00 3.7101E-04  (-0.326    ,  1.953E-03,   0.00    ) |  3.710E-04 2.441E-02
    3487 1.3694E+00 3.7100E-04  (-0.326    ,  1.953E-03,   0.00    ) |  3.710E-04 2.441E-02
    3488 1.3698E+00 3.7100E-04  (-0.326    ,  1.953E-03,   0.00    ) |  3.710E-04 2.441E-02
    3489 1.3701E+00 3.7099E-04  (-0.326    ,  1.953E-03,   0.00    ) |  3.710E-04 2.441E-02
    3490 1.3705E+00 3.7098E-04  (-0.326    ,  1.953E-03,   0.00    ) |  3.710E-04 2.441E-02
    3491 1.3709E+00 3.7098E-04  (-0.326    ,  1.953E-03,   0.00    ) |  3.710E-04 2.441E-02
    3492 1.3712E+00 3.7097E-04  (-0.326    ,  1.953E-03,   0.00    ) |  3.710E-04 2.441E-02
    3493 1.3716E+00 3.7096E-04  (-0.326    ,  1.953E-03,   0.00    ) |  3.710E-04 2.441E-02
    3494 1.3720E+00 3.7096E-04  (-0.326    ,  1.953E-03,   0.00    ) |  3.710E-04 2.441E-02
    3495 1.3724E+00 3.7095E-04  (-0.326    ,  1.953E-03,   0.00    ) |  3.710E-04 2.441E-02
    3496 1.3727E+00 3.7094E-04  (-0.326    ,  1.953E-03,   0.00    ) |  3.709E-04 2.441E-02
    3497 1.3731E+00 3.7094E-04  (-0.326    ,  1.953E-03,   0.00    ) |  3.709E-04 2.441E-02
    3498 1.3735E+00 3.7093E-04  ( 0.326    , -1.953E-03,   0.00    ) |  3.709E-04 2.441E-02
    3499 1.3738E+00 3.7092E-04  ( 0.326    , -1.953E-03,   0.00    ) |  3.709E-04 2.441E-02
    3500 1.3742E+00 3.7092E-04  ( 0.326    , -1.953E-03,   0.00    ) |  3.709E-04 2.441E-02
    3501 1.3746E+00 3.7091E-04  ( 0.326    , -1.953E-03,   0.00    ) |  3.709E-04 2.441E-02
    3502 1.3750E+00 3.7090E-04  ( 0.326    , -1.953E-03,   0.00    ) |  3.709E-04 2.441E-02
 *** Wrote plotfile to flash_run_hdf5_plt_cnt_0055 ****
    3503 1.3753E+00 3.7090E-04  ( 0.326    , -1.953E-03,   0.00    ) |  3.709E-04 2.441E-02
    3504 1.3757E+00 3.7089E-04  ( 0.326    , -1.953E-03,   0.00    ) |  3.709E-04 2.441E-02
    3505 1.3761E+00 3.7088E-04  ( 0.326    , -1.953E-03,   0.00    ) |  3.709E-04 2.441E-02
    3506 1.3764E+00 3.7087E-04  ( 0.326    , -1.953E-03,   0.00    ) |  3.709E-04 2.441E-02
    3507 1.3768E+00 3.7087E-04  ( 0.326    , -1.953E-03,   0.00    ) |  3.709E-04 2.441E-02
    3508 1.3772E+00 3.7086E-04  ( 0.326    , -1.953E-03,   0.00    ) |  3.709E-04 2.441E-02
    3509 1.3776E+00 3.7085E-04  ( 0.326    , -1.953E-03,   0.00    ) |  3.709E-04 2.441E-02
    3510 1.3779E+00 3.7084E-04  ( 0.326    , -1.953E-03,   0.00    ) |  3.708E-04 2.441E-02
    3511 1.3783E+00 3.7084E-04  ( 0.326    , -1.953E-03,   0.00    ) |  3.708E-04 2.441E-02
    3512 1.3787E+00 3.7083E-04  ( 0.326    , -1.953E-03,   0.00    ) |  3.708E-04 2.441E-02
    3513 1.3790E+00 3.7082E-04  ( 0.326    , -1.953E-03,   0.00    ) |  3.708E-04 2.441E-02
    3514 1.3794E+00 3.7082E-04  ( 0.326    , -1.953E-03,   0.00    ) |  3.708E-04 2.441E-02
    3515 1.3798E+00 3.7081E-04  ( 0.326    , -1.953E-03,   0.00    ) |  3.708E-04 2.441E-02
    3516 1.3801E+00 3.7080E-04  ( 0.326    , -1.953E-03,   0.00    ) |  3.708E-04 2.441E-02
    3517 1.3805E+00 3.7079E-04  ( 0.326    , -1.953E-03,   0.00    ) |  3.708E-04 2.441E-02
    3518 1.3809E+00 3.7078E-04  ( 0.326    ,  1.953E-03,   0.00    ) |  3.708E-04 2.441E-02
    3519 1.3813E+00 3.7078E-04  ( 0.326    , -1.953E-03,   0.00    ) |  3.708E-04 2.441E-02
    3520 1.3816E+00 3.7077E-04  (-0.326    ,  1.953E-03,   0.00    ) |  3.708E-04 2.441E-02
    3521 1.3820E+00 3.7076E-04  (-0.326    ,  1.953E-03,   0.00    ) |  3.708E-04 2.441E-02
    3522 1.3824E+00 3.7075E-04  (-0.326    ,  1.953E-03,   0.00    ) |  3.708E-04 2.441E-02
    3523 1.3827E+00 3.7074E-04  ( 0.326    , -1.953E-03,   0.00    ) |  3.707E-04 2.441E-02
    3524 1.3831E+00 3.7074E-04  (-0.326    ,  1.953E-03,   0.00    ) |  3.707E-04 2.441E-02
    3525 1.3835E+00 3.7073E-04  (-0.326    ,  1.953E-03,   0.00    ) |  3.707E-04 2.441E-02
    3526 1.3839E+00 3.7072E-04  (-0.326    ,  1.953E-03,   0.00    ) |  3.707E-04 2.441E-02
    3527 1.3842E+00 3.7071E-04  (-0.326    ,  1.953E-03,   0.00    ) |  3.707E-04 2.441E-02
    3528 1.3846E+00 3.7070E-04  (-0.326    ,  1.953E-03,   0.00    ) |  3.707E-04 2.441E-02
    3529 1.3850E+00 3.7069E-04  (-0.326    ,  1.953E-03,   0.00    ) |  3.707E-04 2.441E-02
    3530 1.3853E+00 3.7068E-04  (-0.326    ,  1.953E-03,   0.00    ) |  3.707E-04 2.441E-02
    3531 1.3857E+00 3.7068E-04  (-0.326    ,  1.953E-03,   0.00    ) |  3.707E-04 2.441E-02
    3532 1.3861E+00 3.7067E-04  (-0.326    ,  1.953E-03,   0.00    ) |  3.707E-04 2.441E-02
    3533 1.3864E+00 3.7066E-04  (-0.326    ,  1.953E-03,   0.00    ) |  3.707E-04 2.441E-02
    3534 1.3868E+00 3.7065E-04  (-0.326    ,  1.953E-03,   0.00    ) |  3.706E-04 2.441E-02
    3535 1.3872E+00 3.7064E-04  (-0.326    ,  1.953E-03,   0.00    ) |  3.706E-04 2.441E-02
    3536 1.3876E+00 3.7063E-04  (-0.326    ,  1.953E-03,   0.00    ) |  3.706E-04 2.441E-02
    3537 1.3879E+00 3.7062E-04  (-0.326    ,  1.953E-03,   0.00    ) |  3.706E-04 2.441E-02
    3538 1.3883E+00 3.7061E-04  (-0.326    ,  1.953E-03,   0.00    ) |  3.706E-04 2.441E-02
    3539 1.3887E+00 3.7061E-04  (-0.326    ,  1.953E-03,   0.00    ) |  3.706E-04 2.441E-02
    3540 1.3890E+00 3.7060E-04  (-0.326    ,  1.953E-03,   0.00    ) |  3.706E-04 2.441E-02
    3541 1.3894E+00 3.7059E-04  (-0.326    ,  1.953E-03,   0.00    ) |  3.706E-04 2.441E-02
    3542 1.3898E+00 3.7058E-04  (-0.326    ,  1.953E-03,   0.00    ) |  3.706E-04 2.441E-02
    3543 1.3902E+00 3.7057E-04  (-0.326    ,  1.953E-03,   0.00    ) |  3.706E-04 2.441E-02
    3544 1.3905E+00 3.7056E-04  (-0.326    ,  1.953E-03,   0.00    ) |  3.706E-04 2.441E-02
    3545 1.3909E+00 3.7055E-04  (-0.326    ,  1.953E-03,   0.00    ) |  3.706E-04 2.441E-02
    3546 1.3913E+00 3.7054E-04  (-0.326    ,  1.953E-03,   0.00    ) |  3.705E-04 2.441E-02
    3547 1.3916E+00 3.7054E-04  (-0.326    ,  1.953E-03,   0.00    ) |  3.705E-04 2.441E-02
    3548 1.3920E+00 3.7053E-04  (-0.326    ,  1.953E-03,   0.00    ) |  3.705E-04 2.441E-02
    3549 1.3924E+00 3.7052E-04  (-0.326    ,  1.953E-03,   0.00    ) |  3.705E-04 2.441E-02
    3550 1.3927E+00 3.7051E-04  ( 0.326    , -1.953E-03,   0.00    ) |  3.705E-04 2.441E-02
    3551 1.3931E+00 3.7050E-04  ( 0.326    , -1.953E-03,   0.00    ) |  3.705E-04 2.441E-02
    3552 1.3935E+00 3.7049E-04  ( 0.326    , -1.953E-03,   0.00    ) |  3.705E-04 2.441E-02
    3553 1.3939E+00 3.7048E-04  ( 0.326    , -1.953E-03,   0.00    ) |  3.705E-04 2.441E-02
    3554 1.3942E+00 3.7048E-04  ( 0.326    , -1.953E-03,   0.00    ) |  3.705E-04 2.441E-02
    3555 1.3946E+00 3.7047E-04  ( 0.326    , -1.953E-03,   0.00    ) |  3.705E-04 2.441E-02
    3556 1.3950E+00 3.7046E-04  ( 0.326    , -1.953E-03,   0.00    ) |  3.705E-04 2.441E-02
    3557 1.3953E+00 3.7045E-04  ( 0.326    , -1.953E-03,   0.00    ) |  3.704E-04 2.441E-02
    3558 1.3957E+00 3.7044E-04  ( 0.326    , -1.953E-03,   0.00    ) |  3.704E-04 2.441E-02
    3559 1.3961E+00 3.7043E-04  ( 0.326    , -1.953E-03,   0.00    ) |  3.704E-04 2.441E-02
    3560 1.3965E+00 3.7042E-04  ( 0.326    , -1.953E-03,   0.00    ) |  3.704E-04 2.441E-02
    3561 1.3968E+00 3.7041E-04  ( 0.326    , -1.953E-03,   0.00    ) |  3.704E-04 2.441E-02
    3562 1.3972E+00 3.7041E-04  ( 0.326    , -1.953E-03,   0.00    ) |  3.704E-04 2.441E-02
    3563 1.3976E+00 3.7040E-04  ( 0.326    , -1.953E-03,   0.00    ) |  3.704E-04 2.441E-02
    3564 1.3979E+00 3.7039E-04  ( 0.326    , -1.953E-03,   0.00    ) |  3.704E-04 2.441E-02
    3565 1.3983E+00 3.7038E-04  ( 0.326    , -1.953E-03,   0.00    ) |  3.704E-04 2.441E-02
    3566 1.3987E+00 3.7037E-04  ( 0.326    , -1.953E-03,   0.00    ) |  3.704E-04 2.441E-02
    3567 1.3990E+00 3.7036E-04  ( 0.326    , -1.953E-03,   0.00    ) |  3.704E-04 2.441E-02
    3568 1.3994E+00 3.7035E-04  ( 0.326    , -1.953E-03,   0.00    ) |  3.703E-04 2.441E-02
    3569 1.3998E+00 3.7034E-04  ( 0.326    , -1.953E-03,   0.00    ) |  3.703E-04 2.441E-02
 *** Wrote plotfile to flash_run_hdf5_plt_cnt_0056 ****
    3570 1.4002E+00 3.7033E-04  ( 0.326    , -1.953E-03,   0.00    ) |  3.703E-04 2.441E-02
    3571 1.4005E+00 3.7032E-04  ( 0.326    , -1.953E-03,   0.00    ) |  3.703E-04 2.441E-02
    3572 1.4009E+00 3.7031E-04  ( 0.326    , -1.953E-03,   0.00    ) |  3.703E-04 2.441E-02
    3573 1.4013E+00 3.7030E-04  ( 0.326    , -1.953E-03,   0.00    ) |  3.703E-04 2.441E-02
    3574 1.4016E+00 3.7029E-04  ( 0.326    , -1.953E-03,   0.00    ) |  3.703E-04 2.441E-02
    3575 1.4020E+00 3.7028E-04  ( 0.326    , -1.953E-03,   0.00    ) |  3.703E-04 2.441E-02
    3576 1.4024E+00 3.7027E-04  ( 0.326    , -1.953E-03,   0.00    ) |  3.703E-04 2.441E-02
    3577 1.4027E+00 3.7026E-04  ( 0.326    , -1.953E-03,   0.00    ) |  3.703E-04 2.441E-02
    3578 1.4031E+00 3.7026E-04  ( 0.326    , -1.953E-03,   0.00    ) |  3.703E-04 2.441E-02
    3579 1.4035E+00 3.7025E-04  ( 0.326    , -1.953E-03,   0.00    ) |  3.702E-04 2.441E-02
    3580 1.4039E+00 3.7024E-04  ( 0.326    , -1.953E-03,   0.00    ) |  3.702E-04 2.441E-02
    3581 1.4042E+00 3.7023E-04  ( 0.326    , -1.953E-03,   0.00    ) |  3.702E-04 2.441E-02
    3582 1.4046E+00 3.7022E-04  ( 0.326    , -1.953E-03,   0.00    ) |  3.702E-04 2.441E-02
    3583 1.4050E+00 3.7021E-04  ( 0.326    , -1.953E-03,   0.00    ) |  3.702E-04 2.441E-02
    3584 1.4053E+00 3.7020E-04  ( 0.326    , -1.953E-03,   0.00    ) |  3.702E-04 2.441E-02
    3585 1.4057E+00 3.7019E-04  ( 0.326    , -1.953E-03,   0.00    ) |  3.702E-04 2.441E-02
    3586 1.4061E+00 3.7018E-04  ( 0.326    , -1.953E-03,   0.00    ) |  3.702E-04 2.441E-02
    3587 1.4065E+00 3.7018E-04  ( 0.326    , -1.953E-03,   0.00    ) |  3.702E-04 2.441E-02
    3588 1.4068E+00 3.7017E-04  ( 0.326    , -1.953E-03,   0.00    ) |  3.702E-04 2.441E-02
    3589 1.4072E+00 3.7016E-04  ( 0.326    , -1.953E-03,   0.00    ) |  3.702E-04 2.441E-02
    3590 1.4076E+00 3.7015E-04  ( 0.326    , -1.953E-03,   0.00    ) |  3.701E-04 2.441E-02
    3591 1.4079E+00 3.7014E-04  ( 0.326    , -1.953E-03,   0.00    ) |  3.701E-04 2.441E-02
    3592 1.4083E+00 3.7013E-04  ( 0.326    , -1.953E-03,   0.00    ) |  3.701E-04 2.441E-02
    3593 1.4087E+00 3.7012E-04  ( 0.326    , -1.953E-03,   0.00    ) |  3.701E-04 2.441E-02
    3594 1.4090E+00 3.7012E-04  ( 0.326    , -1.953E-03,   0.00    ) |  3.701E-04 2.441E-02
    3595 1.4094E+00 3.7011E-04  ( 0.326    , -1.953E-03,   0.00    ) |  3.701E-04 2.441E-02
    3596 1.4098E+00 3.7010E-04  ( 0.326    , -1.953E-03,   0.00    ) |  3.701E-04 2.441E-02
    3597 1.4102E+00 3.7009E-04  ( 0.326    , -1.953E-03,   0.00    ) |  3.701E-04 2.441E-02
    3598 1.4105E+00 3.7008E-04  ( 0.326    , -1.953E-03,   0.00    ) |  3.701E-04 2.441E-02
    3599 1.4109E+00 3.7007E-04  ( 0.326    , -1.953E-03,   0.00    ) |  3.701E-04 2.441E-02
    3600 1.4113E+00 3.7006E-04  ( 0.326    , -1.953E-03,   0.00    ) |  3.701E-04 2.441E-02
    3601 1.4116E+00 3.7006E-04  ( 0.326    , -1.953E-03,   0.00    ) |  3.701E-04 2.441E-02
    3602 1.4120E+00 3.7005E-04  ( 0.326    , -1.953E-03,   0.00    ) |  3.700E-04 2.441E-02
    3603 1.4124E+00 3.7004E-04  ( 0.326    , -1.953E-03,   0.00    ) |  3.700E-04 2.441E-02
    3604 1.4127E+00 3.7003E-04  ( 0.326    , -1.953E-03,   0.00    ) |  3.700E-04 2.441E-02
    3605 1.4131E+00 3.7002E-04  ( 0.326    , -1.953E-03,   0.00    ) |  3.700E-04 2.441E-02
    3606 1.4135E+00 3.7001E-04  ( 0.326    , -1.953E-03,   0.00    ) |  3.700E-04 2.441E-02
    3607 1.4139E+00 3.7001E-04  ( 0.326    , -1.953E-03,   0.00    ) |  3.700E-04 2.441E-02
    3608 1.4142E+00 3.7000E-04  ( 0.326    , -1.953E-03,   0.00    ) |  3.700E-04 2.441E-02
    3609 1.4146E+00 3.6999E-04  ( 0.326    , -1.953E-03,   0.00    ) |  3.700E-04 2.441E-02
    3610 1.4150E+00 3.6998E-04  ( 0.326    , -1.953E-03,   0.00    ) |  3.700E-04 2.441E-02
    3611 1.4153E+00 3.6998E-04  ( 0.326    , -1.953E-03,   0.00    ) |  3.700E-04 2.441E-02
    3612 1.4157E+00 3.6997E-04  ( 0.326    , -1.953E-03,   0.00    ) |  3.700E-04 2.441E-02
    3613 1.4161E+00 3.6996E-04  ( 0.326    , -1.953E-03,   0.00    ) |  3.700E-04 2.441E-02
    3614 1.4164E+00 3.6995E-04  ( 0.326    , -1.953E-03,   0.00    ) |  3.700E-04 2.441E-02
    3615 1.4168E+00 3.6994E-04  ( 0.326    , -1.953E-03,   0.00    ) |  3.699E-04 2.441E-02
    3616 1.4172E+00 3.6994E-04  ( 0.326    , -1.953E-03,   0.00    ) |  3.699E-04 2.441E-02
    3617 1.4176E+00 3.6993E-04  ( 0.326    , -1.953E-03,   0.00    ) |  3.699E-04 2.441E-02
    3618 1.4179E+00 3.6992E-04  ( 0.326    , -1.953E-03,   0.00    ) |  3.699E-04 2.441E-02
    3619 1.4183E+00 3.6991E-04  ( 0.326    , -1.953E-03,   0.00    ) |  3.699E-04 2.441E-02
    3620 1.4187E+00 3.6991E-04  ( 0.326    , -1.953E-03,   0.00    ) |  3.699E-04 2.441E-02
    3621 1.4190E+00 3.6990E-04  ( 0.326    , -1.953E-03,   0.00    ) |  3.699E-04 2.441E-02
    3622 1.4194E+00 3.6989E-04  ( 0.326    , -1.953E-03,   0.00    ) |  3.699E-04 2.441E-02
    3623 1.4198E+00 3.6989E-04  ( 0.326    , -1.953E-03,   0.00    ) |  3.699E-04 2.441E-02
    3624 1.4201E+00 3.6988E-04  ( 0.326    , -1.953E-03,   0.00    ) |  3.699E-04 2.441E-02
    3625 1.4205E+00 3.6987E-04  ( 0.326    , -1.953E-03,   0.00    ) |  3.699E-04 2.441E-02
    3626 1.4209E+00 3.6987E-04  ( 0.326    , -1.953E-03,   0.00    ) |  3.699E-04 2.441E-02
    3627 1.4213E+00 3.6986E-04  ( 0.326    , -1.953E-03,   0.00    ) |  3.699E-04 2.441E-02
    3628 1.4216E+00 3.6985E-04  ( 0.326    , -1.953E-03,   0.00    ) |  3.699E-04 2.441E-02
    3629 1.4220E+00 3.6984E-04  ( 0.326    , -1.953E-03,   0.00    ) |  3.698E-04 2.441E-02
    3630 1.4224E+00 3.6984E-04  ( 0.326    , -1.953E-03,   0.00    ) |  3.698E-04 2.441E-02
    3631 1.4227E+00 3.6983E-04  ( 0.326    , -1.953E-03,   0.00    ) |  3.698E-04 2.441E-02
    3632 1.4231E+00 3.6982E-04  ( 0.326    , -1.953E-03,   0.00    ) |  3.698E-04 2.441E-02
    3633 1.4235E+00 3.6982E-04  ( 0.326    , -1.953E-03,   0.00    ) |  3.698E-04 2.441E-02
    3634 1.4238E+00 3.6981E-04  ( 0.326    , -1.953E-03,   0.00    ) |  3.698E-04 2.441E-02
    3635 1.4242E+00 3.6980E-04  ( 0.326    , -1.953E-03,   0.00    ) |  3.698E-04 2.441E-02
    3636 1.4246E+00 3.6980E-04  ( 0.326    , -1.953E-03,   0.00    ) |  3.698E-04 2.441E-02
    3637 1.4250E+00 3.6979E-04  ( 0.326    , -1.953E-03,   0.00    ) |  3.698E-04 2.441E-02
 *** Wrote plotfile to flash_run_hdf5_plt_cnt_0057 ****
    3638 1.4253E+00 3.6978E-04  ( 0.326    , -1.953E-03,   0.00    ) |  3.698E-04 2.441E-02
    3639 1.4257E+00 3.6977E-04  ( 0.326    , -1.953E-03,   0.00    ) |  3.698E-04 2.441E-02
    3640 1.4261E+00 3.6977E-04  ( 0.326    , -1.953E-03,   0.00    ) |  3.698E-04 2.441E-02
    3641 1.4264E+00 3.6976E-04  ( 0.326    , -1.953E-03,   0.00    ) |  3.698E-04 2.441E-02
    3642 1.4268E+00 3.6975E-04  (-0.326    ,  1.953E-03,   0.00    ) |  3.698E-04 2.441E-02
    3643 1.4272E+00 3.6975E-04  (-0.326    ,  1.953E-03,   0.00    ) |  3.697E-04 2.441E-02
    3644 1.4275E+00 3.6974E-04  (-0.326    ,  1.953E-03,   0.00    ) |  3.697E-04 2.441E-02
    3645 1.4279E+00 3.6973E-04  (-0.326    ,  1.953E-03,   0.00    ) |  3.697E-04 2.441E-02
    3646 1.4283E+00 3.6972E-04  (-0.326    ,  1.953E-03,   0.00    ) |  3.697E-04 2.441E-02
    3647 1.4286E+00 3.6972E-04  (-0.326    ,  1.953E-03,   0.00    ) |  3.697E-04 2.441E-02
    3648 1.4290E+00 3.6971E-04  (-0.326    ,  1.953E-03,   0.00    ) |  3.697E-04 2.441E-02
    3649 1.4294E+00 3.6970E-04  (-0.326    ,  1.953E-03,   0.00    ) |  3.697E-04 2.441E-02
    3650 1.4298E+00 3.6970E-04  (-0.326    ,  1.953E-03,   0.00    ) |  3.697E-04 2.441E-02
    3651 1.4301E+00 3.6969E-04  (-0.326    ,  1.953E-03,   0.00    ) |  3.697E-04 2.441E-02
    3652 1.4305E+00 3.6968E-04  (-0.326    ,  1.953E-03,   0.00    ) |  3.697E-04 2.441E-02
    3653 1.4309E+00 3.6968E-04  (-0.326    ,  1.953E-03,   0.00    ) |  3.697E-04 2.441E-02
    3654 1.4312E+00 3.6967E-04  (-0.326    ,  1.953E-03,   0.00    ) |  3.697E-04 2.441E-02
    3655 1.4316E+00 3.6966E-04  ( 0.326    , -1.953E-03,   0.00    ) |  3.697E-04 2.441E-02
    3656 1.4320E+00 3.6966E-04  ( 0.326    , -1.953E-03,   0.00    ) |  3.697E-04 2.441E-02
    3657 1.4323E+00 3.6965E-04  ( 0.326    , -1.953E-03,   0.00    ) |  3.696E-04 2.441E-02
    3658 1.4327E+00 3.6964E-04  ( 0.326    , -1.953E-03,   0.00    ) |  3.696E-04 2.441E-02
    3659 1.4331E+00 3.6964E-04  ( 0.326    , -1.953E-03,   0.00    ) |  3.696E-04 2.441E-02
    3660 1.4335E+00 3.6963E-04  ( 0.326    , -1.953E-03,   0.00    ) |  3.696E-04 2.441E-02
    3661 1.4338E+00 3.6963E-04  ( 0.326    , -1.953E-03,   0.00    ) |  3.696E-04 2.441E-02
    3662 1.4342E+00 3.6962E-04  ( 0.326    , -1.953E-03,   0.00    ) |  3.696E-04 2.441E-02
    3663 1.4346E+00 3.6961E-04  ( 0.326    , -1.953E-03,   0.00    ) |  3.696E-04 2.441E-02
    3664 1.4349E+00 3.6961E-04  ( 0.326    , -1.953E-03,   0.00    ) |  3.696E-04 2.441E-02
    3665 1.4353E+00 3.6960E-04  ( 0.326    , -1.953E-03,   0.00    ) |  3.696E-04 2.441E-02
    3666 1.4357E+00 3.6960E-04  ( 0.326    , -1.953E-03,   0.00    ) |  3.696E-04 2.441E-02
    3667 1.4360E+00 3.6959E-04  ( 0.326    , -1.953E-03,   0.00    ) |  3.696E-04 2.441E-02
    3668 1.4364E+00 3.6959E-04  ( 0.326    , -1.953E-03,   0.00    ) |  3.696E-04 2.441E-02
    3669 1.4368E+00 3.6958E-04  ( 0.326    , -1.953E-03,   0.00    ) |  3.696E-04 2.441E-02
    3670 1.4372E+00 3.6958E-04  ( 0.326    , -1.953E-03,   0.00    ) |  3.696E-04 2.441E-02
    3671 1.4375E+00 3.6957E-04  ( 0.326    , -1.953E-03,   0.00    ) |  3.696E-04 2.441E-02
    3672 1.4379E+00 3.6956E-04  ( 0.326    , -1.953E-03,   0.00    ) |  3.696E-04 2.441E-02
    3673 1.4383E+00 3.6956E-04  ( 0.326    , -1.953E-03,   0.00    ) |  3.696E-04 2.441E-02
    3674 1.4386E+00 3.6955E-04  ( 0.326    , -1.953E-03,   0.00    ) |  3.696E-04 2.441E-02
    3675 1.4390E+00 3.6955E-04  ( 0.326    , -1.953E-03,   0.00    ) |  3.695E-04 2.441E-02
    3676 1.4394E+00 3.6954E-04  ( 0.326    , -1.953E-03,   0.00    ) |  3.695E-04 2.441E-02
    3677 1.4397E+00 3.6953E-04  ( 0.326    , -1.953E-03,   0.00    ) |  3.695E-04 2.441E-02
    3678 1.4401E+00 3.6953E-04  ( 0.326    , -1.953E-03,   0.00    ) |  3.695E-04 2.441E-02
    3679 1.4405E+00 3.6952E-04  ( 0.326    , -1.953E-03,   0.00    ) |  3.695E-04 2.441E-02
    3680 1.4408E+00 3.6951E-04  ( 0.326    , -1.953E-03,   0.00    ) |  3.695E-04 2.441E-02
    3681 1.4412E+00 3.6951E-04  ( 0.326    , -1.953E-03,   0.00    ) |  3.695E-04 2.441E-02
    3682 1.4416E+00 3.6950E-04  ( 0.326    , -1.953E-03,   0.00    ) |  3.695E-04 2.441E-02
    3683 1.4420E+00 3.6949E-04  ( 0.326    , -1.953E-03,   0.00    ) |  3.695E-04 2.441E-02
    3684 1.4423E+00 3.6949E-04  ( 0.326    , -1.953E-03,   0.00    ) |  3.695E-04 2.441E-02
    3685 1.4427E+00 3.6948E-04  ( 0.326    , -1.953E-03,   0.00    ) |  3.695E-04 2.441E-02
    3686 1.4431E+00 3.6948E-04  ( 0.326    , -1.953E-03,   0.00    ) |  3.695E-04 2.441E-02
    3687 1.4434E+00 3.6947E-04  ( 0.326    , -1.953E-03,   0.00    ) |  3.695E-04 2.441E-02
    3688 1.4438E+00 3.6946E-04  ( 0.326    , -1.953E-03,   0.00    ) |  3.695E-04 2.441E-02
    3689 1.4442E+00 3.6946E-04  ( 0.326    , -1.953E-03,   0.00    ) |  3.695E-04 2.441E-02
    3690 1.4445E+00 3.6945E-04  ( 0.326    , -1.953E-03,   0.00    ) |  3.695E-04 2.441E-02
    3691 1.4449E+00 3.6944E-04  ( 0.326    , -1.953E-03,   0.00    ) |  3.694E-04 2.441E-02
    3692 1.4453E+00 3.6944E-04  ( 0.326    , -1.953E-03,   0.00    ) |  3.694E-04 2.441E-02
    3693 1.4456E+00 3.6943E-04  ( 0.326    , -1.953E-03,   0.00    ) |  3.694E-04 2.441E-02
    3694 1.4460E+00 3.6943E-04  ( 0.326    , -1.953E-03,   0.00    ) |  3.694E-04 2.441E-02
    3695 1.4464E+00 3.6942E-04  ( 0.326    , -1.953E-03,   0.00    ) |  3.694E-04 2.441E-02
    3696 1.4468E+00 3.6942E-04  ( 0.326    , -1.953E-03,   0.00    ) |  3.694E-04 2.441E-02
    3697 1.4471E+00 3.6941E-04  ( 0.326    , -1.953E-03,   0.00    ) |  3.694E-04 2.441E-02
    3698 1.4475E+00 3.6940E-04  ( 0.326    , -1.953E-03,   0.00    ) |  3.694E-04 2.441E-02
    3699 1.4479E+00 3.6940E-04  ( 0.326    , -1.953E-03,   0.00    ) |  3.694E-04 2.441E-02
    3700 1.4482E+00 3.6939E-04  ( 0.326    , -1.953E-03,   0.00    ) |  3.694E-04 2.441E-02
    3701 1.4486E+00 3.6939E-04  ( 0.326    , -1.953E-03,   0.00    ) |  3.694E-04 2.441E-02
    3702 1.4490E+00 3.6938E-04  ( 0.326    , -1.953E-03,   0.00    ) |  3.694E-04 2.441E-02
    3703 1.4493E+00 3.6938E-04  ( 0.326    , -1.953E-03,   0.00    ) |  3.694E-04 2.441E-02
    3704 1.4497E+00 3.6937E-04  ( 0.326    , -1.953E-03,   0.00    ) |  3.694E-04 2.441E-02
 *** Wrote plotfile to flash_run_hdf5_plt_cnt_0058 ****
    3705 1.4501E+00 3.6936E-04  ( 0.326    , -1.953E-03,   0.00    ) |  3.694E-04 2.441E-02
    3706 1.4505E+00 3.6936E-04  ( 0.326    , -1.953E-03,   0.00    ) |  3.694E-04 2.441E-02
    3707 1.4508E+00 3.6935E-04  ( 0.326    , -1.953E-03,   0.00    ) |  3.694E-04 2.441E-02
    3708 1.4512E+00 3.6935E-04  ( 0.326    , -1.953E-03,   0.00    ) |  3.693E-04 2.441E-02
    3709 1.4516E+00 3.6934E-04  ( 0.326    , -1.953E-03,   0.00    ) |  3.693E-04 2.441E-02
    3710 1.4519E+00 3.6934E-04  ( 0.326    , -1.953E-03,   0.00    ) |  3.693E-04 2.441E-02
    3711 1.4523E+00 3.6933E-04  ( 0.326    , -1.953E-03,   0.00    ) |  3.693E-04 2.441E-02
    3712 1.4527E+00 3.6932E-04  ( 0.326    , -1.953E-03,   0.00    ) |  3.693E-04 2.441E-02
    3713 1.4530E+00 3.6932E-04  ( 0.326    , -1.953E-03,   0.00    ) |  3.693E-04 2.441E-02
    3714 1.4534E+00 3.6931E-04  ( 0.326    , -1.953E-03,   0.00    ) |  3.693E-04 2.441E-02
    3715 1.4538E+00 3.6931E-04  ( 0.326    , -1.953E-03,   0.00    ) |  3.693E-04 2.441E-02
    3716 1.4541E+00 3.6930E-04  ( 0.326    , -1.953E-03,   0.00    ) |  3.693E-04 2.441E-02
    3717 1.4545E+00 3.6930E-04  ( 0.326    , -1.953E-03,   0.00    ) |  3.693E-04 2.441E-02
    3718 1.4549E+00 3.6929E-04  ( 0.326    , -1.953E-03,   0.00    ) |  3.693E-04 2.441E-02
    3719 1.4553E+00 3.6928E-04  ( 0.326    , -1.953E-03,   0.00    ) |  3.693E-04 2.441E-02
    3720 1.4556E+00 3.6928E-04  ( 0.326    , -1.953E-03,   0.00    ) |  3.693E-04 2.441E-02
    3721 1.4560E+00 3.6927E-04  ( 0.326    , -1.953E-03,   0.00    ) |  3.693E-04 2.441E-02
    3722 1.4564E+00 3.6927E-04  ( 0.326    , -1.953E-03,   0.00    ) |  3.693E-04 2.441E-02
    3723 1.4567E+00 3.6926E-04  ( 0.326    , -1.953E-03,   0.00    ) |  3.693E-04 2.441E-02
    3724 1.4571E+00 3.6925E-04  ( 0.326    , -1.953E-03,   0.00    ) |  3.693E-04 2.441E-02
    3725 1.4575E+00 3.6925E-04  ( 0.326    , -1.953E-03,   0.00    ) |  3.692E-04 2.441E-02
    3726 1.4578E+00 3.6924E-04  ( 0.326    , -1.953E-03,   0.00    ) |  3.692E-04 2.441E-02
    3727 1.4582E+00 3.6924E-04  ( 0.326    , -1.953E-03,   0.00    ) |  3.692E-04 2.441E-02
    3728 1.4586E+00 3.6923E-04  ( 0.326    , -1.953E-03,   0.00    ) |  3.692E-04 2.441E-02
    3729 1.4589E+00 3.6922E-04  ( 0.326    , -1.953E-03,   0.00    ) |  3.692E-04 2.441E-02
    3730 1.4593E+00 3.6922E-04  ( 0.326    , -1.953E-03,   0.00    ) |  3.692E-04 2.441E-02
    3731 1.4597E+00 3.6921E-04  ( 0.326    , -1.953E-03,   0.00    ) |  3.692E-04 2.441E-02
    3732 1.4601E+00 3.6921E-04  ( 0.326    , -1.953E-03,   0.00    ) |  3.692E-04 2.441E-02
    3733 1.4604E+00 3.6920E-04  ( 0.326    , -1.953E-03,   0.00    ) |  3.692E-04 2.441E-02
    3734 1.4608E+00 3.6919E-04  ( 0.326    , -1.953E-03,   0.00    ) |  3.692E-04 2.441E-02
    3735 1.4612E+00 3.6919E-04  ( 0.326    , -1.953E-03,   0.00    ) |  3.692E-04 2.441E-02
    3736 1.4615E+00 3.6918E-04  ( 0.326    , -1.953E-03,   0.00    ) |  3.692E-04 2.441E-02
    3737 1.4619E+00 3.6917E-04  ( 0.326    , -1.953E-03,   0.00    ) |  3.692E-04 2.441E-02
    3738 1.4623E+00 3.6917E-04  ( 0.326    , -1.953E-03,   0.00    ) |  3.692E-04 2.441E-02
    3739 1.4626E+00 3.6916E-04  ( 0.326    , -1.953E-03,   0.00    ) |  3.692E-04 2.441E-02
    3740 1.4630E+00 3.6916E-04  ( 0.326    , -1.953E-03,   0.00    ) |  3.692E-04 2.441E-02
    3741 1.4634E+00 3.6915E-04  ( 0.326    , -1.953E-03,   0.00    ) |  3.692E-04 2.441E-02
    3742 1.4637E+00 3.6914E-04  ( 0.326    , -1.953E-03,   0.00    ) |  3.691E-04 2.441E-02
    3743 1.4641E+00 3.6914E-04  ( 0.326    , -1.953E-03,   0.00    ) |  3.691E-04 2.441E-02
    3744 1.4645E+00 3.6913E-04  ( 0.326    , -1.953E-03,   0.00    ) |  3.691E-04 2.441E-02
    3745 1.4649E+00 3.6913E-04  ( 0.326    , -1.953E-03,   0.00    ) |  3.691E-04 2.441E-02
    3746 1.4652E+00 3.6912E-04  ( 0.326    , -1.953E-03,   0.00    ) |  3.691E-04 2.441E-02
    3747 1.4656E+00 3.6911E-04  ( 0.326    , -1.953E-03,   0.00    ) |  3.691E-04 2.441E-02
    3748 1.4660E+00 3.6911E-04  ( 0.326    , -1.953E-03,   0.00    ) |  3.691E-04 2.441E-02
    3749 1.4663E+00 3.6910E-04  ( 0.326    , -1.953E-03,   0.00    ) |  3.691E-04 2.441E-02
    3750 1.4667E+00 3.6910E-04  ( 0.326    , -1.953E-03,   0.00    ) |  3.691E-04 2.441E-02
    3751 1.4671E+00 3.6909E-04  ( 0.326    , -1.953E-03,   0.00    ) |  3.691E-04 2.441E-02
    3752 1.4674E+00 3.6909E-04  ( 0.326    , -1.953E-03,   0.00    ) |  3.691E-04 2.441E-02
    3753 1.4678E+00 3.6908E-04  ( 0.326    , -1.953E-03,   0.00    ) |  3.691E-04 2.441E-02
    3754 1.4682E+00 3.6907E-04  ( 0.326    , -1.953E-03,   0.00    ) |  3.691E-04 2.441E-02
    3755 1.4685E+00 3.6907E-04  ( 0.326    , -1.953E-03,   0.00    ) |  3.691E-04 2.441E-02
    3756 1.4689E+00 3.6906E-04  ( 0.326    , -1.953E-03,   0.00    ) |  3.691E-04 2.441E-02
    3757 1.4693E+00 3.6906E-04  ( 0.326    , -1.953E-03,   0.00    ) |  3.691E-04 2.441E-02
    3758 1.4696E+00 3.6905E-04  ( 0.326    , -1.953E-03,   0.00    ) |  3.691E-04 2.441E-02
    3759 1.4700E+00 3.6905E-04  ( 0.326    , -1.953E-03,   0.00    ) |  3.690E-04 2.441E-02
    3760 1.4704E+00 3.6904E-04  ( 0.326    , -1.953E-03,   0.00    ) |  3.690E-04 2.441E-02
    3761 1.4708E+00 3.6903E-04  ( 0.326    , -1.953E-03,   0.00    ) |  3.690E-04 2.441E-02
    3762 1.4711E+00 3.6903E-04  ( 0.326    , -1.953E-03,   0.00    ) |  3.690E-04 2.441E-02
    3763 1.4715E+00 3.6902E-04  ( 0.326    , -1.953E-03,   0.00    ) |  3.690E-04 2.441E-02
    3764 1.4719E+00 3.6902E-04  ( 0.326    , -1.953E-03,   0.00    ) |  3.690E-04 2.441E-02
    3765 1.4722E+00 3.6901E-04  ( 0.326    , -1.953E-03,   0.00    ) |  3.690E-04 2.441E-02
    3766 1.4726E+00 3.6900E-04  ( 0.326    , -1.953E-03,   0.00    ) |  3.690E-04 2.441E-02
    3767 1.4730E+00 3.6900E-04  ( 0.326    , -1.953E-03,   0.00    ) |  3.690E-04 2.441E-02
    3768 1.4733E+00 3.6899E-04  ( 0.326    , -1.953E-03,   0.00    ) |  3.690E-04 2.441E-02
    3769 1.4737E+00 3.6899E-04  ( 0.326    , -1.953E-03,   0.00    ) |  3.690E-04 2.441E-02
    3770 1.4741E+00 3.6898E-04  ( 0.326    , -1.953E-03,   0.00    ) |  3.690E-04 2.441E-02
    3771 1.4744E+00 3.6897E-04  ( 0.326    , -1.953E-03,   0.00    ) |  3.690E-04 2.441E-02
    3772 1.4748E+00 3.6897E-04  ( 0.326    , -1.953E-03,   0.00    ) |  3.690E-04 2.441E-02
 *** Wrote plotfile to flash_run_hdf5_plt_cnt_0059 ****
    3773 1.4752E+00 3.6896E-04  ( 0.326    , -1.953E-03,   0.00    ) |  3.690E-04 2.441E-02
    3774 1.4756E+00 3.6896E-04  ( 0.326    , -1.953E-03,   0.00    ) |  3.690E-04 2.441E-02
    3775 1.4759E+00 3.6895E-04  ( 0.326    , -1.953E-03,   0.00    ) |  3.689E-04 2.441E-02
    3776 1.4763E+00 3.6894E-04  ( 0.326    , -1.953E-03,   0.00    ) |  3.689E-04 2.441E-02
    3777 1.4767E+00 3.6894E-04  ( 0.326    , -1.953E-03,   0.00    ) |  3.689E-04 2.441E-02
    3778 1.4770E+00 3.6893E-04  ( 0.326    , -1.953E-03,   0.00    ) |  3.689E-04 2.441E-02
    3779 1.4774E+00 3.6893E-04  ( 0.322    , -1.953E-03,   0.00    ) |  3.689E-04 2.441E-02
    3780 1.4778E+00 3.6892E-04  ( 0.322    , -1.953E-03,   0.00    ) |  3.689E-04 2.441E-02
    3781 1.4781E+00 3.6891E-04  ( 0.322    , -1.953E-03,   0.00    ) |  3.689E-04 2.441E-02
    3782 1.4785E+00 3.6891E-04  ( 0.322    , -1.953E-03,   0.00    ) |  3.689E-04 2.441E-02
    3783 1.4789E+00 3.6890E-04  ( 0.322    , -1.953E-03,   0.00    ) |  3.689E-04 2.441E-02
    3784 1.4792E+00 3.6890E-04  ( 0.322    , -1.953E-03,   0.00    ) |  3.689E-04 2.441E-02
    3785 1.4796E+00 3.6889E-04  ( 0.322    , -1.953E-03,   0.00    ) |  3.689E-04 2.441E-02
    3786 1.4800E+00 3.6889E-04  ( 0.322    , -1.953E-03,   0.00    ) |  3.689E-04 2.441E-02
    3787 1.4803E+00 3.6888E-04  ( 0.322    , -1.953E-03,   0.00    ) |  3.689E-04 2.441E-02
    3788 1.4807E+00 3.6888E-04  ( 0.322    , -1.953E-03,   0.00    ) |  3.689E-04 2.441E-02
    3789 1.4811E+00 3.6887E-04  ( 0.322    , -1.953E-03,   0.00    ) |  3.689E-04 2.441E-02
    3790 1.4815E+00 3.6887E-04  ( 0.322    , -1.953E-03,   0.00    ) |  3.689E-04 2.441E-02
    3791 1.4818E+00 3.6886E-04  ( 0.322    , -1.953E-03,   0.00    ) |  3.689E-04 2.441E-02
    3792 1.4822E+00 3.6886E-04  ( 0.322    , -1.953E-03,   0.00    ) |  3.689E-04 2.441E-02
    3793 1.4826E+00 3.6885E-04  ( 0.322    , -1.953E-03,   0.00    ) |  3.689E-04 2.441E-02
    3794 1.4829E+00 3.6885E-04  ( 0.322    , -1.953E-03,   0.00    ) |  3.688E-04 2.441E-02
    3795 1.4833E+00 3.6884E-04  ( 0.322    , -1.953E-03,   0.00    ) |  3.688E-04 2.441E-02
    3796 1.4837E+00 3.6884E-04  (-0.322    ,  1.953E-03,   0.00    ) |  3.688E-04 2.441E-02
    3797 1.4840E+00 3.6883E-04  (-0.322    ,  1.953E-03,   0.00    ) |  3.688E-04 2.441E-02
    3798 1.4844E+00 3.6883E-04  ( 0.322    , -1.953E-03,   0.00    ) |  3.688E-04 2.441E-02
    3799 1.4848E+00 3.6882E-04  ( 0.322    , -1.953E-03,   0.00    ) |  3.688E-04 2.441E-02
    3800 1.4851E+00 3.6882E-04  ( 0.322    , -1.953E-03,   0.00    ) |  3.688E-04 2.441E-02
    3801 1.4855E+00 3.6881E-04  ( 0.322    , -1.953E-03,   0.00    ) |  3.688E-04 2.441E-02
    3802 1.4859E+00 3.6881E-04  ( 0.322    , -1.953E-03,   0.00    ) |  3.688E-04 2.441E-02
    3803 1.4863E+00 3.6880E-04  ( 0.322    , -1.953E-03,   0.00    ) |  3.688E-04 2.441E-02
    3804 1.4866E+00 3.6880E-04  ( 0.322    , -1.953E-03,   0.00    ) |  3.688E-04 2.441E-02
    3805 1.4870E+00 3.6880E-04  ( 0.322    , -1.953E-03,   0.00    ) |  3.688E-04 2.441E-02
    3806 1.4874E+00 3.6879E-04  ( 0.322    , -1.953E-03,   0.00    ) |  3.688E-04 2.441E-02
    3807 1.4877E+00 3.6879E-04  ( 0.322    , -1.953E-03,   0.00    ) |  3.688E-04 2.441E-02
    3808 1.4881E+00 3.6878E-04  ( 0.322    , -1.953E-03,   0.00    ) |  3.688E-04 2.441E-02
    3809 1.4885E+00 3.6878E-04  ( 0.322    , -1.953E-03,   0.00    ) |  3.688E-04 2.441E-02
    3810 1.4888E+00 3.6877E-04  ( 0.322    , -1.953E-03,   0.00    ) |  3.688E-04 2.441E-02
    3811 1.4892E+00 3.6877E-04  ( 0.322    , -1.953E-03,   0.00    ) |  3.688E-04 2.441E-02
    3812 1.4896E+00 3.6876E-04  ( 0.322    , -1.953E-03,   0.00    ) |  3.688E-04 2.441E-02
    3813 1.4899E+00 3.6876E-04  ( 0.322    , -1.953E-03,   0.00    ) |  3.688E-04 2.441E-02
    3814 1.4903E+00 3.6875E-04  ( 0.322    , -1.953E-03,   0.00    ) |  3.688E-04 2.441E-02
    3815 1.4907E+00 3.6875E-04  ( 0.322    , -1.953E-03,   0.00    ) |  3.688E-04 2.441E-02
    3816 1.4910E+00 3.6875E-04  ( 0.322    , -1.953E-03,   0.00    ) |  3.687E-04 2.441E-02
    3817 1.4914E+00 3.6874E-04  ( 0.322    , -1.953E-03,   0.00    ) |  3.687E-04 2.441E-02
    3818 1.4918E+00 3.6874E-04  ( 0.322    , -1.953E-03,   0.00    ) |  3.687E-04 2.441E-02
    3819 1.4922E+00 3.6873E-04  ( 0.322    , -1.953E-03,   0.00    ) |  3.687E-04 2.441E-02
    3820 1.4925E+00 3.6873E-04  ( 0.322    , -1.953E-03,   0.00    ) |  3.687E-04 2.441E-02
    3821 1.4929E+00 3.6872E-04  ( 0.322    , -1.953E-03,   0.00    ) |  3.687E-04 2.441E-02
    3822 1.4933E+00 3.6872E-04  ( 0.322    , -1.953E-03,   0.00    ) |  3.687E-04 2.441E-02
    3823 1.4936E+00 3.6872E-04  ( 0.322    , -1.953E-03,   0.00    ) |  3.687E-04 2.441E-02
    3824 1.4940E+00 3.6871E-04  ( 0.322    , -1.953E-03,   0.00    ) |  3.687E-04 2.441E-02
    3825 1.4944E+00 3.6871E-04  ( 0.322    , -1.953E-03,   0.00    ) |  3.687E-04 2.441E-02
    3826 1.4947E+00 3.6870E-04  ( 0.322    , -1.953E-03,   0.00    ) |  3.687E-04 2.441E-02
    3827 1.4951E+00 3.6870E-04  ( 0.322    , -1.953E-03,   0.00    ) |  3.687E-04 2.441E-02
    3828 1.4955E+00 3.6870E-04  ( 0.322    , -1.953E-03,   0.00    ) |  3.687E-04 2.441E-02
    3829 1.4958E+00 3.6869E-04  ( 0.322    , -1.953E-03,   0.00    ) |  3.687E-04 2.441E-02
    3830 1.4962E+00 3.6869E-04  ( 0.322    , -1.953E-03,   0.00    ) |  3.687E-04 2.441E-02
    3831 1.4966E+00 3.6868E-04  ( 0.322    , -1.953E-03,   0.00    ) |  3.687E-04 2.441E-02
    3832 1.4969E+00 3.6868E-04  ( 0.322    , -1.953E-03,   0.00    ) |  3.687E-04 2.441E-02
    3833 1.4973E+00 3.6868E-04  ( 0.322    , -1.953E-03,   0.00    ) |  3.687E-04 2.441E-02
    3834 1.4977E+00 3.6867E-04  ( 0.322    , -1.953E-03,   0.00    ) |  3.687E-04 2.441E-02
    3835 1.4981E+00 3.6867E-04  ( 0.322    , -1.953E-03,   0.00    ) |  3.687E-04 2.441E-02
    3836 1.4984E+00 3.6867E-04  ( 0.322    , -1.953E-03,   0.00    ) |  3.687E-04 2.441E-02
    3837 1.4988E+00 3.6866E-04  ( 0.322    , -1.953E-03,   0.00    ) |  3.687E-04 2.441E-02
    3838 1.4992E+00 3.6866E-04  ( 0.322    , -1.953E-03,   0.00    ) |  3.687E-04 2.441E-02
    3839 1.4995E+00 3.6866E-04  ( 0.322    , -1.953E-03,   0.00    ) |  3.687E-04 2.441E-02
    3840 1.4999E+00 3.6865E-04  ( 0.322    , -1.953E-03,   0.00    ) |  3.687E-04 2.441E-02
 *** Wrote plotfile to flash_run_hdf5_plt_cnt_0060 ****
    3841 1.5003E+00 3.6865E-04  ( 0.322    , -1.953E-03,   0.00    ) |  3.686E-04 2.441E-02
    3842 1.5006E+00 3.6865E-04  ( 0.322    , -1.953E-03,   0.00    ) |  3.686E-04 2.441E-02
    3843 1.5010E+00 3.6864E-04  ( 0.322    , -1.953E-03,   0.00    ) |  3.686E-04 2.441E-02
    3844 1.5014E+00 3.6864E-04  ( 0.322    , -1.953E-03,   0.00    ) |  3.686E-04 2.441E-02
    3845 1.5017E+00 3.6864E-04  ( 0.322    , -1.953E-03,   0.00    ) |  3.686E-04 2.441E-02
    3846 1.5021E+00 3.6863E-04  ( 0.322    , -1.953E-03,   0.00    ) |  3.686E-04 2.441E-02
    3847 1.5025E+00 3.6863E-04  ( 0.322    , -1.953E-03,   0.00    ) |  3.686E-04 2.441E-02
    3848 1.5028E+00 3.6863E-04  ( 0.322    , -1.953E-03,   0.00    ) |  3.686E-04 2.441E-02
    3849 1.5032E+00 3.6862E-04  ( 0.322    , -1.953E-03,   0.00    ) |  3.686E-04 2.441E-02
    3850 1.5036E+00 3.6862E-04  ( 0.322    , -1.953E-03,   0.00    ) |  3.686E-04 2.441E-02
    3851 1.5039E+00 3.6862E-04  ( 0.322    , -1.953E-03,   0.00    ) |  3.686E-04 2.441E-02
    3852 1.5043E+00 3.6861E-04  ( 0.322    , -1.953E-03,   0.00    ) |  3.686E-04 2.441E-02
    3853 1.5047E+00 3.6861E-04  ( 0.322    , -1.953E-03,   0.00    ) |  3.686E-04 2.441E-02
    3854 1.5051E+00 3.6861E-04  ( 0.322    , -1.953E-03,   0.00    ) |  3.686E-04 2.441E-02
    3855 1.5054E+00 3.6860E-04  ( 0.322    , -1.953E-03,   0.00    ) |  3.686E-04 2.441E-02
    3856 1.5058E+00 3.6860E-04  ( 0.322    , -1.953E-03,   0.00    ) |  3.686E-04 2.441E-02
    3857 1.5062E+00 3.6859E-04  ( 0.322    , -1.953E-03,   0.00    ) |  3.686E-04 2.441E-02
    3858 1.5065E+00 3.6859E-04  ( 0.322    , -1.953E-03,   0.00    ) |  3.686E-04 2.441E-02
    3859 1.5069E+00 3.6859E-04  ( 0.322    , -1.953E-03,   0.00    ) |  3.686E-04 2.441E-02
    3860 1.5073E+00 3.6858E-04  ( 0.322    , -1.953E-03,   0.00    ) |  3.686E-04 2.441E-02
    3861 1.5076E+00 3.6858E-04  ( 0.322    , -1.953E-03,   0.00    ) |  3.686E-04 2.441E-02
    3862 1.5080E+00 3.6858E-04  ( 0.322    , -1.953E-03,   0.00    ) |  3.686E-04 2.441E-02
    3863 1.5084E+00 3.6857E-04  ( 0.322    , -1.953E-03,   0.00    ) |  3.686E-04 2.441E-02
    3864 1.5087E+00 3.6857E-04  ( 0.322    , -1.953E-03,   0.00    ) |  3.686E-04 2.441E-02
    3865 1.5091E+00 3.6856E-04  ( 0.322    , -1.953E-03,   0.00    ) |  3.686E-04 2.441E-02
    3866 1.5095E+00 3.6856E-04  ( 0.322    , -1.953E-03,   0.00    ) |  3.686E-04 2.441E-02
    3867 1.5098E+00 3.6856E-04  ( 0.322    , -1.953E-03,   0.00    ) |  3.686E-04 2.441E-02
    3868 1.5102E+00 3.6855E-04  ( 0.322    , -1.953E-03,   0.00    ) |  3.686E-04 2.441E-02
    3869 1.5106E+00 3.6855E-04  ( 0.322    , -1.953E-03,   0.00    ) |  3.685E-04 2.441E-02
    3870 1.5110E+00 3.6855E-04  ( 0.322    , -1.953E-03,   0.00    ) |  3.685E-04 2.441E-02
    3871 1.5113E+00 3.6854E-04  ( 0.322    , -1.953E-03,   0.00    ) |  3.685E-04 2.441E-02
    3872 1.5117E+00 3.6854E-04  ( 0.322    , -1.953E-03,   0.00    ) |  3.685E-04 2.441E-02
    3873 1.5121E+00 3.6854E-04  ( 0.322    , -1.953E-03,   0.00    ) |  3.685E-04 2.441E-02
    3874 1.5124E+00 3.6853E-04  ( 0.322    , -1.953E-03,   0.00    ) |  3.685E-04 2.441E-02
    3875 1.5128E+00 3.6853E-04  ( 0.322    , -1.953E-03,   0.00    ) |  3.685E-04 2.441E-02
    3876 1.5132E+00 3.6852E-04  ( 0.322    , -1.953E-03,   0.00    ) |  3.685E-04 2.441E-02
    3877 1.5135E+00 3.6852E-04  ( 0.322    , -1.953E-03,   0.00    ) |  3.685E-04 2.441E-02
    3878 1.5139E+00 3.6852E-04  ( 0.322    , -1.953E-03,   0.00    ) |  3.685E-04 2.441E-02
    3879 1.5143E+00 3.6851E-04  ( 0.322    , -1.953E-03,   0.00    ) |  3.685E-04 2.441E-02
    3880 1.5146E+00 3.6851E-04  ( 0.322    , -1.953E-03,   0.00    ) |  3.685E-04 2.441E-02
    3881 1.5150E+00 3.6851E-04  ( 0.322    , -1.953E-03,   0.00    ) |  3.685E-04 2.441E-02
    3882 1.5154E+00 3.6850E-04  ( 0.322    , -1.953E-03,   0.00    ) |  3.685E-04 2.441E-02
    3883 1.5157E+00 3.6850E-04  ( 0.322    , -1.953E-03,   0.00    ) |  3.685E-04 2.441E-02
    3884 1.5161E+00 3.6850E-04  ( 0.322    , -1.953E-03,   0.00    ) |  3.685E-04 2.441E-02
    3885 1.5165E+00 3.6849E-04  ( 0.322    , -1.953E-03,   0.00    ) |  3.685E-04 2.441E-02
    3886 1.5168E+00 3.6849E-04  ( 0.322    , -1.953E-03,   0.00    ) |  3.685E-04 2.441E-02
    3887 1.5172E+00 3.6849E-04  ( 0.322    , -1.953E-03,   0.00    ) |  3.685E-04 2.441E-02
    3888 1.5176E+00 3.6848E-04  ( 0.322    , -1.953E-03,   0.00    ) |  3.685E-04 2.441E-02
    3889 1.5180E+00 3.6848E-04  ( 0.322    , -1.953E-03,   0.00    ) |  3.685E-04 2.441E-02
    3890 1.5183E+00 3.6848E-04  ( 0.322    , -1.953E-03,   0.00    ) |  3.685E-04 2.441E-02
    3891 1.5187E+00 3.6847E-04  ( 0.322    , -1.953E-03,   0.00    ) |  3.685E-04 2.441E-02
    3892 1.5191E+00 3.6847E-04  ( 0.322    , -1.953E-03,   0.00    ) |  3.685E-04 2.441E-02
    3893 1.5194E+00 3.6847E-04  ( 0.322    , -1.953E-03,   0.00    ) |  3.685E-04 2.441E-02
    3894 1.5198E+00 3.6846E-04  ( 0.322    , -1.953E-03,   0.00    ) |  3.685E-04 2.441E-02
    3895 1.5202E+00 3.6846E-04  ( 0.322    , -1.953E-03,   0.00    ) |  3.685E-04 2.441E-02
    3896 1.5205E+00 3.6846E-04  ( 0.322    , -1.953E-03,   0.00    ) |  3.685E-04 2.441E-02
    3897 1.5209E+00 3.6845E-04  ( 0.322    , -1.953E-03,   0.00    ) |  3.685E-04 2.441E-02
    3898 1.5213E+00 3.6845E-04  ( 0.322    , -1.953E-03,   0.00    ) |  3.685E-04 2.441E-02
    3899 1.5216E+00 3.6845E-04  ( 0.322    , -1.953E-03,   0.00    ) |  3.684E-04 2.441E-02
    3900 1.5220E+00 3.6844E-04  ( 0.322    , -1.953E-03,   0.00    ) |  3.684E-04 2.441E-02
    3901 1.5224E+00 3.6844E-04  ( 0.322    , -1.953E-03,   0.00    ) |  3.684E-04 2.441E-02
    3902 1.5227E+00 3.6844E-04  ( 0.322    , -1.953E-03,   0.00    ) |  3.684E-04 2.441E-02
    3903 1.5231E+00 3.6843E-04  ( 0.322    , -1.953E-03,   0.00    ) |  3.684E-04 2.441E-02
    3904 1.5235E+00 3.6843E-04  ( 0.322    , -1.953E-03,   0.00    ) |  3.684E-04 2.441E-02
    3905 1.5238E+00 3.6843E-04  ( 0.322    , -1.953E-03,   0.00    ) |  3.684E-04 2.441E-02
    3906 1.5242E+00 3.6842E-04  ( 0.322    , -1.953E-03,   0.00    ) |  3.684E-04 2.441E-02
    3907 1.5246E+00 3.6842E-04  ( 0.322    , -1.953E-03,   0.00    ) |  3.684E-04 2.441E-02
    3908 1.5250E+00 3.6842E-04  ( 0.322    , -1.953E-03,   0.00    ) |  3.684E-04 2.441E-02
 *** Wrote plotfile to flash_run_hdf5_plt_cnt_0061 ****
    3909 1.5253E+00 3.6842E-04  ( 0.322    , -1.953E-03,   0.00    ) |  3.684E-04 2.441E-02
    3910 1.5257E+00 3.6841E-04  (-0.322    , -1.953E-03,   0.00    ) |  3.684E-04 2.441E-02
    3911 1.5261E+00 3.6841E-04  (-0.322    , -1.953E-03,   0.00    ) |  3.684E-04 2.441E-02
    3912 1.5264E+00 3.6841E-04  ( 0.322    , -1.953E-03,   0.00    ) |  3.684E-04 2.441E-02
    3913 1.5268E+00 3.6840E-04  ( 0.322    , -1.953E-03,   0.00    ) |  3.684E-04 2.441E-02
    3914 1.5272E+00 3.6840E-04  ( 0.322    , -1.953E-03,   0.00    ) |  3.684E-04 2.441E-02
    3915 1.5275E+00 3.6840E-04  ( 0.322    , -1.953E-03,   0.00    ) |  3.684E-04 2.441E-02
    3916 1.5279E+00 3.6840E-04  ( 0.322    , -1.953E-03,   0.00    ) |  3.684E-04 2.441E-02
    3917 1.5283E+00 3.6839E-04  ( 0.322    , -1.953E-03,   0.00    ) |  3.684E-04 2.441E-02
    3918 1.5286E+00 3.6839E-04  ( 0.322    , -1.953E-03,   0.00    ) |  3.684E-04 2.441E-02
    3919 1.5290E+00 3.6839E-04  ( 0.322    , -1.953E-03,   0.00    ) |  3.684E-04 2.441E-02
    3920 1.5294E+00 3.6838E-04  ( 0.322    , -1.953E-03,   0.00    ) |  3.684E-04 2.441E-02
    3921 1.5297E+00 3.6838E-04  ( 0.322    , -1.953E-03,   0.00    ) |  3.684E-04 2.441E-02
    3922 1.5301E+00 3.6838E-04  ( 0.322    , -1.953E-03,   0.00    ) |  3.684E-04 2.441E-02
    3923 1.5305E+00 3.6838E-04  ( 0.322    , -1.953E-03,   0.00    ) |  3.684E-04 2.441E-02
    3924 1.5308E+00 3.6837E-04  ( 0.322    , -1.953E-03,   0.00    ) |  3.684E-04 2.441E-02
    3925 1.5312E+00 3.6837E-04  ( 0.322    , -1.953E-03,   0.00    ) |  3.684E-04 2.441E-02
    3926 1.5316E+00 3.6837E-04  ( 0.322    , -1.953E-03,   0.00    ) |  3.684E-04 2.441E-02
    3927 1.5320E+00 3.6837E-04  ( 0.322    , -1.953E-03,   0.00    ) |  3.684E-04 2.441E-02
    3928 1.5323E+00 3.6836E-04  ( 0.322    , -1.953E-03,   0.00    ) |  3.684E-04 2.441E-02
    3929 1.5327E+00 3.6836E-04  ( 0.322    , -1.953E-03,   0.00    ) |  3.684E-04 2.441E-02
    3930 1.5331E+00 3.6836E-04  ( 0.322    , -1.953E-03,   0.00    ) |  3.684E-04 2.441E-02
    3931 1.5334E+00 3.6836E-04  ( 0.322    , -1.953E-03,   0.00    ) |  3.684E-04 2.441E-02
    3932 1.5338E+00 3.6836E-04  ( 0.322    , -1.953E-03,   0.00    ) |  3.684E-04 2.441E-02
    3933 1.5342E+00 3.6835E-04  ( 0.322    , -1.953E-03,   0.00    ) |  3.684E-04 2.441E-02
    3934 1.5345E+00 3.6835E-04  ( 0.322    , -1.953E-03,   0.00    ) |  3.684E-04 2.441E-02
    3935 1.5349E+00 3.6835E-04  ( 0.322    , -1.953E-03,   0.00    ) |  3.683E-04 2.441E-02
    3936 1.5353E+00 3.6835E-04  ( 0.322    , -1.953E-03,   0.00    ) |  3.683E-04 2.441E-02
    3937 1.5356E+00 3.6835E-04  ( 0.322    , -1.953E-03,   0.00    ) |  3.683E-04 2.441E-02
    3938 1.5360E+00 3.6834E-04  ( 0.322    , -1.953E-03,   0.00    ) |  3.683E-04 2.441E-02
    3939 1.5364E+00 3.6834E-04  ( 0.322    , -1.953E-03,   0.00    ) |  3.683E-04 2.441E-02
    3940 1.5367E+00 3.6834E-04  ( 0.322    , -1.953E-03,   0.00    ) |  3.683E-04 2.441E-02
    3941 1.5371E+00 3.6834E-04  ( 0.322    , -1.953E-03,   0.00    ) |  3.683E-04 2.441E-02
    3942 1.5375E+00 3.6834E-04  ( 0.322    , -1.953E-03,   0.00    ) |  3.683E-04 2.441E-02
    3943 1.5378E+00 3.6834E-04  ( 0.322    , -1.953E-03,   0.00    ) |  3.683E-04 2.441E-02
    3944 1.5382E+00 3.6833E-04  ( 0.322    , -1.953E-03,   0.00    ) |  3.683E-04 2.441E-02
    3945 1.5386E+00 3.6833E-04  ( 0.322    , -1.953E-03,   0.00    ) |  3.683E-04 2.441E-02
    3946 1.5390E+00 3.6833E-04  ( 0.322    , -1.953E-03,   0.00    ) |  3.683E-04 2.441E-02
    3947 1.5393E+00 3.6833E-04  ( 0.322    , -1.953E-03,   0.00    ) |  3.683E-04 2.441E-02
    3948 1.5397E+00 3.6833E-04  ( 0.322    , -1.953E-03,   0.00    ) |  3.683E-04 2.441E-02
    3949 1.5401E+00 3.6833E-04  ( 0.322    , -1.953E-03,   0.00    ) |  3.683E-04 2.441E-02
    3950 1.5404E+00 3.6833E-04  ( 0.322    , -1.953E-03,   0.00    ) |  3.683E-04 2.441E-02
    3951 1.5408E+00 3.6833E-04  ( 0.322    , -1.953E-03,   0.00    ) |  3.683E-04 2.441E-02
    3952 1.5412E+00 3.6833E-04  ( 0.322    , -1.953E-03,   0.00    ) |  3.683E-04 2.441E-02
    3953 1.5415E+00 3.6833E-04  ( 0.322    , -1.953E-03,   0.00    ) |  3.683E-04 2.441E-02
    3954 1.5419E+00 3.6833E-04  ( 0.322    , -1.953E-03,   0.00    ) |  3.683E-04 2.441E-02
    3955 1.5423E+00 3.6833E-04  ( 0.322    , -1.953E-03,   0.00    ) |  3.683E-04 2.441E-02
    3956 1.5426E+00 3.6833E-04  ( 0.322    , -1.953E-03,   0.00    ) |  3.683E-04 2.441E-02
    3957 1.5430E+00 3.6833E-04  ( 0.322    , -1.953E-03,   0.00    ) |  3.683E-04 2.441E-02
    3958 1.5434E+00 3.6833E-04  ( 0.322    , -1.953E-03,   0.00    ) |  3.683E-04 2.441E-02
    3959 1.5437E+00 3.6833E-04  ( 0.322    , -1.953E-03,   0.00    ) |  3.683E-04 2.441E-02
    3960 1.5441E+00 3.6833E-04  ( 0.322    , -1.953E-03,   0.00    ) |  3.683E-04 2.441E-02
    3961 1.5445E+00 3.6833E-04  ( 0.322    , -1.953E-03,   0.00    ) |  3.683E-04 2.441E-02
    3962 1.5448E+00 3.6833E-04  ( 0.322    , -1.953E-03,   0.00    ) |  3.683E-04 2.441E-02
    3963 1.5452E+00 3.6833E-04  ( 0.322    , -1.953E-03,   0.00    ) |  3.683E-04 2.441E-02
    3964 1.5456E+00 3.6833E-04  ( 0.322    , -1.953E-03,   0.00    ) |  3.683E-04 2.441E-02
    3965 1.5460E+00 3.6833E-04  ( 0.322    , -1.953E-03,   0.00    ) |  3.683E-04 2.441E-02
    3966 1.5463E+00 3.6833E-04  ( 0.322    , -1.953E-03,   0.00    ) |  3.683E-04 2.441E-02
    3967 1.5467E+00 3.6833E-04  (-0.322    , -1.953E-03,   0.00    ) |  3.683E-04 2.441E-02
    3968 1.5471E+00 3.6833E-04  (-0.322    , -1.953E-03,   0.00    ) |  3.683E-04 2.441E-02
    3969 1.5474E+00 3.6833E-04  ( 0.322    , -1.953E-03,   0.00    ) |  3.683E-04 2.441E-02
    3970 1.5478E+00 3.6833E-04  (-0.322    , -1.953E-03,   0.00    ) |  3.683E-04 2.441E-02
    3971 1.5482E+00 3.6833E-04  (-0.322    , -1.953E-03,   0.00    ) |  3.683E-04 2.441E-02
    3972 1.5485E+00 3.6833E-04  (-0.322    , -1.953E-03,   0.00    ) |  3.683E-04 2.441E-02
    3973 1.5489E+00 3.6833E-04  (-0.322    , -1.953E-03,   0.00    ) |  3.683E-04 2.441E-02
    3974 1.5493E+00 3.6833E-04  (-0.322    , -1.953E-03,   0.00    ) |  3.683E-04 2.441E-02
    3975 1.5496E+00 3.6834E-04  (-0.322    , -1.953E-03,   0.00    ) |  3.683E-04 2.441E-02
 *** Wrote plotfile to flash_run_hdf5_plt_cnt_0062 ****
    3976 1.5500E+00 3.6834E-04  (-0.322    , -1.953E-03,   0.00    ) |  3.683E-04 2.441E-02
    3977 1.5504E+00 3.6834E-04  (-0.322    , -1.953E-03,   0.00    ) |  3.683E-04 2.441E-02
    3978 1.5507E+00 3.6834E-04  (-0.322    , -1.953E-03,   0.00    ) |  3.683E-04 2.441E-02
    3979 1.5511E+00 3.6834E-04  (-0.322    , -1.953E-03,   0.00    ) |  3.683E-04 2.441E-02
    3980 1.5515E+00 3.6834E-04  ( 0.322    , -1.953E-03,   0.00    ) |  3.683E-04 2.441E-02
    3981 1.5518E+00 3.6834E-04  ( 0.322    , -1.953E-03,   0.00    ) |  3.683E-04 2.441E-02
    3982 1.5522E+00 3.6834E-04  ( 0.322    , -1.953E-03,   0.00    ) |  3.683E-04 2.441E-02
    3983 1.5526E+00 3.6834E-04  ( 0.322    , -1.953E-03,   0.00    ) |  3.683E-04 2.441E-02
    3984 1.5529E+00 3.6835E-04  ( 0.322    , -1.953E-03,   0.00    ) |  3.683E-04 2.441E-02
    3985 1.5533E+00 3.6835E-04  ( 0.322    , -1.953E-03,   0.00    ) |  3.683E-04 2.441E-02
    3986 1.5537E+00 3.6835E-04  ( 0.322    , -1.953E-03,   0.00    ) |  3.683E-04 2.441E-02
    3987 1.5541E+00 3.6835E-04  ( 0.322    , -1.953E-03,   0.00    ) |  3.683E-04 2.441E-02
    3988 1.5544E+00 3.6835E-04  ( 0.322    , -1.953E-03,   0.00    ) |  3.684E-04 2.441E-02
    3989 1.5548E+00 3.6835E-04  ( 0.322    , -1.953E-03,   0.00    ) |  3.684E-04 2.441E-02
    3990 1.5552E+00 3.6835E-04  ( 0.322    , -1.953E-03,   0.00    ) |  3.684E-04 2.441E-02
    3991 1.5555E+00 3.6835E-04  ( 0.322    , -1.953E-03,   0.00    ) |  3.684E-04 2.441E-02
    3992 1.5559E+00 3.6836E-04  ( 0.322    , -1.953E-03,   0.00    ) |  3.684E-04 2.441E-02
    3993 1.5563E+00 3.6836E-04  ( 0.322    , -1.953E-03,   0.00    ) |  3.684E-04 2.441E-02
    3994 1.5566E+00 3.6836E-04  ( 0.322    , -1.953E-03,   0.00    ) |  3.684E-04 2.441E-02
    3995 1.5570E+00 3.6836E-04  ( 0.322    , -1.953E-03,   0.00    ) |  3.684E-04 2.441E-02
    3996 1.5574E+00 3.6836E-04  ( 0.322    , -1.953E-03,   0.00    ) |  3.684E-04 2.441E-02
    3997 1.5577E+00 3.6836E-04  ( 0.322    , -1.953E-03,   0.00    ) |  3.684E-04 2.441E-02
    3998 1.5581E+00 3.6836E-04  ( 0.322    , -1.953E-03,   0.00    ) |  3.684E-04 2.441E-02
    3999 1.5585E+00 3.6836E-04  ( 0.322    , -1.953E-03,   0.00    ) |  3.684E-04 2.441E-02
    4000 1.5588E+00 3.6837E-04  ( 0.322    , -1.953E-03,   0.00    ) |  3.684E-04 2.441E-02
    4001 1.5592E+00 3.6837E-04  ( 0.322    , -1.953E-03,   0.00    ) |  3.684E-04 2.441E-02
    4002 1.5596E+00 3.6837E-04  ( 0.322    , -1.953E-03,   0.00    ) |  3.684E-04 2.441E-02
    4003 1.5599E+00 3.6837E-04  ( 0.322    , -1.953E-03,   0.00    ) |  3.684E-04 2.441E-02
    4004 1.5603E+00 3.6837E-04  ( 0.322    , -1.953E-03,   0.00    ) |  3.684E-04 2.441E-02
    4005 1.5607E+00 3.6837E-04  ( 0.322    , -1.953E-03,   0.00    ) |  3.684E-04 2.441E-02
    4006 1.5611E+00 3.6838E-04  ( 0.322    , -1.953E-03,   0.00    ) |  3.684E-04 2.441E-02
    4007 1.5614E+00 3.6838E-04  ( 0.322    , -1.953E-03,   0.00    ) |  3.684E-04 2.441E-02
    4008 1.5618E+00 3.6838E-04  (-0.322    , -1.953E-03,   0.00    ) |  3.684E-04 2.441E-02
    4009 1.5622E+00 3.6838E-04  (-0.322    , -1.953E-03,   0.00    ) |  3.684E-04 2.441E-02
    4010 1.5625E+00 3.6838E-04  (-0.322    , -1.953E-03,   0.00    ) |  3.684E-04 2.441E-02
    4011 1.5629E+00 3.6838E-04  (-0.322    , -1.953E-03,   0.00    ) |  3.684E-04 2.441E-02
    4012 1.5633E+00 3.6838E-04  (-0.322    , -1.953E-03,   0.00    ) |  3.684E-04 2.441E-02
    4013 1.5636E+00 3.6839E-04  (-0.322    , -1.953E-03,   0.00    ) |  3.684E-04 2.441E-02
    4014 1.5640E+00 3.6839E-04  ( 0.322    , -1.953E-03,   0.00    ) |  3.684E-04 2.441E-02
    4015 1.5644E+00 3.6839E-04  ( 0.322    , -1.953E-03,   0.00    ) |  3.684E-04 2.441E-02
    4016 1.5647E+00 3.6839E-04  ( 0.322    , -1.953E-03,   0.00    ) |  3.684E-04 2.441E-02
    4017 1.5651E+00 3.6839E-04  ( 0.322    , -1.953E-03,   0.00    ) |  3.684E-04 2.441E-02
    4018 1.5655E+00 3.6839E-04  ( 0.322    , -1.953E-03,   0.00    ) |  3.684E-04 2.441E-02
    4019 1.5658E+00 3.6840E-04  ( 0.322    , -1.953E-03,   0.00    ) |  3.684E-04 2.441E-02
    4020 1.5662E+00 3.6840E-04  ( 0.322    , -1.953E-03,   0.00    ) |  3.684E-04 2.441E-02
    4021 1.5666E+00 3.6840E-04  ( 0.322    , -1.953E-03,   0.00    ) |  3.684E-04 2.441E-02
    4022 1.5669E+00 3.6840E-04  ( 0.322    , -1.953E-03,   0.00    ) |  3.684E-04 2.441E-02
    4023 1.5673E+00 3.6840E-04  ( 0.322    , -1.953E-03,   0.00    ) |  3.684E-04 2.441E-02
    4024 1.5677E+00 3.6840E-04  ( 0.322    , -1.953E-03,   0.00    ) |  3.684E-04 2.441E-02
    4025 1.5681E+00 3.6840E-04  ( 0.322    , -1.953E-03,   0.00    ) |  3.684E-04 2.441E-02
    4026 1.5684E+00 3.6841E-04  ( 0.322    , -1.953E-03,   0.00    ) |  3.684E-04 2.441E-02
    4027 1.5688E+00 3.6841E-04  ( 0.322    , -1.953E-03,   0.00    ) |  3.684E-04 2.441E-02
    4028 1.5692E+00 3.6841E-04  ( 0.322    , -1.953E-03,   0.00    ) |  3.684E-04 2.441E-02
    4029 1.5695E+00 3.6841E-04  ( 0.322    , -1.953E-03,   0.00    ) |  3.684E-04 2.441E-02
    4030 1.5699E+00 3.6841E-04  ( 0.322    , -1.953E-03,   0.00    ) |  3.684E-04 2.441E-02
    4031 1.5703E+00 3.6841E-04  ( 0.322    , -1.953E-03,   0.00    ) |  3.684E-04 2.441E-02
    4032 1.5706E+00 3.6841E-04  ( 0.322    , -1.953E-03,   0.00    ) |  3.684E-04 2.441E-02
    4033 1.5710E+00 3.6841E-04  ( 0.322    , -1.953E-03,   0.00    ) |  3.684E-04 2.441E-02
    4034 1.5714E+00 3.6841E-04  ( 0.322    , -1.953E-03,   0.00    ) |  3.684E-04 2.441E-02
    4035 1.5717E+00 3.6841E-04  ( 0.322    , -1.953E-03,   0.00    ) |  3.684E-04 2.441E-02
    4036 1.5721E+00 3.6841E-04  ( 0.322    , -1.953E-03,   0.00    ) |  3.684E-04 2.441E-02
    4037 1.5725E+00 3.6841E-04  ( 0.322    , -1.953E-03,   0.00    ) |  3.684E-04 2.441E-02
    4038 1.5728E+00 3.6841E-04  ( 0.322    , -1.953E-03,   0.00    ) |  3.684E-04 2.441E-02
    4039 1.5732E+00 3.6841E-04  ( 0.322    , -1.953E-03,   0.00    ) |  3.684E-04 2.441E-02
    4040 1.5736E+00 3.6841E-04  ( 0.322    , -1.953E-03,   0.00    ) |  3.684E-04 2.441E-02
    4041 1.5739E+00 3.6842E-04  ( 0.322    , -1.953E-03,   0.00    ) |  3.684E-04 2.441E-02
    4042 1.5743E+00 3.6842E-04  ( 0.322    , -1.953E-03,   0.00    ) |  3.684E-04 2.441E-02
    4043 1.5747E+00 3.6842E-04  ( 0.322    , -1.953E-03,   0.00    ) |  3.684E-04 2.441E-02
 *** Wrote plotfile to flash_run_hdf5_plt_cnt_0063 ****
    4044 1.5751E+00 3.6842E-04  ( 0.322    , -1.953E-03,   0.00    ) |  3.684E-04 2.441E-02
    4045 1.5754E+00 3.6842E-04  ( 0.322    , -1.953E-03,   0.00    ) |  3.684E-04 2.441E-02
    4046 1.5758E+00 3.6842E-04  ( 0.322    , -1.953E-03,   0.00    ) |  3.684E-04 2.441E-02
    4047 1.5762E+00 3.6842E-04  ( 0.322    , -1.953E-03,   0.00    ) |  3.684E-04 2.441E-02
    4048 1.5765E+00 3.6842E-04  ( 0.322    , -1.953E-03,   0.00    ) |  3.684E-04 2.441E-02
    4049 1.5769E+00 3.6842E-04  ( 0.322    , -1.953E-03,   0.00    ) |  3.684E-04 2.441E-02
    4050 1.5773E+00 3.6842E-04  ( 0.322    , -1.953E-03,   0.00    ) |  3.684E-04 2.441E-02
    4051 1.5776E+00 3.6842E-04  ( 0.322    , -1.953E-03,   0.00    ) |  3.684E-04 2.441E-02
    4052 1.5780E+00 3.6842E-04  ( 0.322    , -1.953E-03,   0.00    ) |  3.684E-04 2.441E-02
    4053 1.5784E+00 3.6842E-04  ( 0.322    , -1.953E-03,   0.00    ) |  3.684E-04 2.441E-02
    4054 1.5787E+00 3.6842E-04  ( 0.322    , -1.953E-03,   0.00    ) |  3.684E-04 2.441E-02
    4055 1.5791E+00 3.6841E-04  ( 0.322    , -1.953E-03,   0.00    ) |  3.684E-04 2.441E-02
    4056 1.5795E+00 3.6841E-04  ( 0.322    , -1.953E-03,   0.00    ) |  3.684E-04 2.441E-02
    4057 1.5798E+00 3.6841E-04  ( 0.322    , -1.953E-03,   0.00    ) |  3.684E-04 2.441E-02
    4058 1.5802E+00 3.6841E-04  ( 0.322    , -1.953E-03,   0.00    ) |  3.684E-04 2.441E-02
    4059 1.5806E+00 3.6841E-04  ( 0.322    , -1.953E-03,   0.00    ) |  3.684E-04 2.441E-02
    4060 1.5809E+00 3.6841E-04  ( 0.322    , -1.953E-03,   0.00    ) |  3.684E-04 2.441E-02
    4061 1.5813E+00 3.6841E-04  ( 0.322    , -1.953E-03,   0.00    ) |  3.684E-04 2.441E-02
    4062 1.5817E+00 3.6841E-04  ( 0.322    , -1.953E-03,   0.00    ) |  3.684E-04 2.441E-02
    4063 1.5821E+00 3.6841E-04  ( 0.322    , -1.953E-03,   0.00    ) |  3.684E-04 2.441E-02
    4064 1.5824E+00 3.6841E-04  ( 0.322    , -1.953E-03,   0.00    ) |  3.684E-04 2.441E-02
    4065 1.5828E+00 3.6841E-04  ( 0.322    , -1.953E-03,   0.00    ) |  3.684E-04 2.441E-02
    4066 1.5832E+00 3.6841E-04  ( 0.322    , -1.953E-03,   0.00    ) |  3.684E-04 2.441E-02
    4067 1.5835E+00 3.6841E-04  ( 0.322    , -1.953E-03,   0.00    ) |  3.684E-04 2.441E-02
    4068 1.5839E+00 3.6841E-04  ( 0.322    , -1.953E-03,   0.00    ) |  3.684E-04 2.441E-02
    4069 1.5843E+00 3.6841E-04  ( 0.322    , -1.953E-03,   0.00    ) |  3.684E-04 2.441E-02
    4070 1.5846E+00 3.6841E-04  ( 0.322    , -1.953E-03,   0.00    ) |  3.684E-04 2.441E-02
    4071 1.5850E+00 3.6841E-04  ( 0.322    , -1.953E-03,   0.00    ) |  3.684E-04 2.441E-02
    4072 1.5854E+00 3.6841E-04  ( 0.322    , -1.953E-03,   0.00    ) |  3.684E-04 2.441E-02
    4073 1.5857E+00 3.6841E-04  ( 0.322    , -1.953E-03,   0.00    ) |  3.684E-04 2.441E-02
    4074 1.5861E+00 3.6841E-04  ( 0.322    , -1.953E-03,   0.00    ) |  3.684E-04 2.441E-02
    4075 1.5865E+00 3.6841E-04  ( 0.322    , -1.953E-03,   0.00    ) |  3.684E-04 2.441E-02
    4076 1.5868E+00 3.6841E-04  ( 0.322    , -1.953E-03,   0.00    ) |  3.684E-04 2.441E-02
    4077 1.5872E+00 3.6841E-04  ( 0.322    , -1.953E-03,   0.00    ) |  3.684E-04 2.441E-02
    4078 1.5876E+00 3.6841E-04  ( 0.322    , -1.953E-03,   0.00    ) |  3.684E-04 2.441E-02
    4079 1.5879E+00 3.6841E-04  ( 0.322    , -1.953E-03,   0.00    ) |  3.684E-04 2.441E-02
    4080 1.5883E+00 3.6841E-04  ( 0.322    , -1.953E-03,   0.00    ) |  3.684E-04 2.441E-02
    4081 1.5887E+00 3.6841E-04  ( 0.322    , -1.953E-03,   0.00    ) |  3.684E-04 2.441E-02
    4082 1.5891E+00 3.6841E-04  ( 0.322    , -1.953E-03,   0.00    ) |  3.684E-04 2.441E-02
    4083 1.5894E+00 3.6841E-04  ( 0.322    , -1.953E-03,   0.00    ) |  3.684E-04 2.441E-02
    4084 1.5898E+00 3.6841E-04  ( 0.322    , -1.953E-03,   0.00    ) |  3.684E-04 2.441E-02
    4085 1.5902E+00 3.6841E-04  ( 0.322    , -1.953E-03,   0.00    ) |  3.684E-04 2.441E-02
    4086 1.5905E+00 3.6841E-04  ( 0.322    , -1.953E-03,   0.00    ) |  3.684E-04 2.441E-02
    4087 1.5909E+00 3.6841E-04  ( 0.322    , -1.953E-03,   0.00    ) |  3.684E-04 2.441E-02
    4088 1.5913E+00 3.6841E-04  ( 0.322    , -1.953E-03,   0.00    ) |  3.684E-04 2.441E-02
    4089 1.5916E+00 3.6842E-04  ( 0.322    , -1.953E-03,   0.00    ) |  3.684E-04 2.441E-02
    4090 1.5920E+00 3.6842E-04  ( 0.322    , -1.953E-03,   0.00    ) |  3.684E-04 2.441E-02
    4091 1.5924E+00 3.6842E-04  ( 0.322    , -1.953E-03,   0.00    ) |  3.684E-04 2.441E-02
    4092 1.5927E+00 3.6842E-04  ( 0.322    , -1.953E-03,   0.00    ) |  3.684E-04 2.441E-02
    4093 1.5931E+00 3.6842E-04  ( 0.322    , -1.953E-03,   0.00    ) |  3.684E-04 2.441E-02
    4094 1.5935E+00 3.6842E-04  ( 0.322    , -1.953E-03,   0.00    ) |  3.684E-04 2.441E-02
    4095 1.5938E+00 3.6842E-04  ( 0.322    , -1.953E-03,   0.00    ) |  3.684E-04 2.441E-02
    4096 1.5942E+00 3.6842E-04  ( 0.322    , -1.953E-03,   0.00    ) |  3.684E-04 2.441E-02
    4097 1.5946E+00 3.6842E-04  ( 0.322    , -1.953E-03,   0.00    ) |  3.684E-04 2.441E-02
    4098 1.5949E+00 3.6842E-04  ( 0.322    , -1.953E-03,   0.00    ) |  3.684E-04 2.441E-02
    4099 1.5953E+00 3.6842E-04  ( 0.322    , -1.953E-03,   0.00    ) |  3.684E-04 2.441E-02
    4100 1.5957E+00 3.6842E-04  ( 0.322    , -1.953E-03,   0.00    ) |  3.684E-04 2.441E-02
    4101 1.5961E+00 3.6843E-04  ( 0.322    , -1.953E-03,   0.00    ) |  3.684E-04 2.441E-02
    4102 1.5964E+00 3.6843E-04  ( 0.322    , -1.953E-03,   0.00    ) |  3.684E-04 2.441E-02
    4103 1.5968E+00 3.6843E-04  ( 0.322    , -1.953E-03,   0.00    ) |  3.684E-04 2.441E-02
    4104 1.5972E+00 3.6843E-04  ( 0.322    , -1.953E-03,   0.00    ) |  3.684E-04 2.441E-02
    4105 1.5975E+00 3.6843E-04  ( 0.322    , -1.953E-03,   0.00    ) |  3.684E-04 2.441E-02
    4106 1.5979E+00 3.6844E-04  ( 0.322    , -1.953E-03,   0.00    ) |  3.684E-04 2.441E-02
    4107 1.5983E+00 3.6844E-04  ( 0.322    , -1.953E-03,   0.00    ) |  3.684E-04 2.441E-02
    4108 1.5986E+00 3.6844E-04  ( 0.322    , -1.953E-03,   0.00    ) |  3.684E-04 2.441E-02
    4109 1.5990E+00 3.6844E-04  ( 0.322    , -1.953E-03,   0.00    ) |  3.684E-04 2.441E-02
    4110 1.5994E+00 3.6845E-04  ( 0.322    , -1.953E-03,   0.00    ) |  3.684E-04 2.441E-02
    4111 1.5997E+00 3.6845E-04  ( 0.322    , -1.953E-03,   0.00    ) |  3.684E-04 2.441E-02
 *** Wrote plotfile to flash_run_hdf5_plt_cnt_0064 ****
    4112 1.6001E+00 3.6845E-04  ( 0.322    , -1.953E-03,   0.00    ) |  3.685E-04 2.441E-02
    4113 1.6005E+00 3.6846E-04  ( 0.322    , -1.953E-03,   0.00    ) |  3.685E-04 2.441E-02
    4114 1.6008E+00 3.6846E-04  ( 0.322    , -1.953E-03,   0.00    ) |  3.685E-04 2.441E-02
    4115 1.6012E+00 3.6846E-04  ( 0.322    , -1.953E-03,   0.00    ) |  3.685E-04 2.441E-02
    4116 1.6016E+00 3.6847E-04  ( 0.322    , -1.953E-03,   0.00    ) |  3.685E-04 2.441E-02
    4117 1.6019E+00 3.6847E-04  ( 0.322    , -1.953E-03,   0.00    ) |  3.685E-04 2.441E-02
    4118 1.6023E+00 3.6847E-04  ( 0.322    , -1.953E-03,   0.00    ) |  3.685E-04 2.441E-02
    4119 1.6027E+00 3.6848E-04  ( 0.318    , -1.953E-03,   0.00    ) |  3.685E-04 2.441E-02
    4120 1.6031E+00 3.6848E-04  ( 0.318    , -1.953E-03,   0.00    ) |  3.685E-04 2.441E-02
    4121 1.6034E+00 3.6848E-04  ( 0.318    , -1.953E-03,   0.00    ) |  3.685E-04 2.441E-02
    4122 1.6038E+00 3.6849E-04  ( 0.318    , -1.953E-03,   0.00    ) |  3.685E-04 2.441E-02
    4123 1.6042E+00 3.6849E-04  ( 0.318    , -1.953E-03,   0.00    ) |  3.685E-04 2.441E-02
    4124 1.6045E+00 3.6849E-04  ( 0.318    , -1.953E-03,   0.00    ) |  3.685E-04 2.441E-02
    4125 1.6049E+00 3.6850E-04  ( 0.318    , -1.953E-03,   0.00    ) |  3.685E-04 2.441E-02
    4126 1.6053E+00 3.6850E-04  ( 0.318    , -1.953E-03,   0.00    ) |  3.685E-04 2.441E-02
    4127 1.6056E+00 3.6850E-04  ( 0.318    , -1.953E-03,   0.00    ) |  3.685E-04 2.441E-02
    4128 1.6060E+00 3.6850E-04  ( 0.318    , -1.953E-03,   0.00    ) |  3.685E-04 2.441E-02
    4129 1.6064E+00 3.6851E-04  ( 0.318    , -1.953E-03,   0.00    ) |  3.685E-04 2.441E-02
    4130 1.6067E+00 3.6851E-04  ( 0.318    , -1.953E-03,   0.00    ) |  3.685E-04 2.441E-02
    4131 1.6071E+00 3.6851E-04  ( 0.318    , -1.953E-03,   0.00    ) |  3.685E-04 2.441E-02
    4132 1.6075E+00 3.6852E-04  ( 0.318    , -1.953E-03,   0.00    ) |  3.685E-04 2.441E-02
    4133 1.6078E+00 3.6852E-04  ( 0.318    , -1.953E-03,   0.00    ) |  3.685E-04 2.441E-02
    4134 1.6082E+00 3.6852E-04  ( 0.318    , -1.953E-03,   0.00    ) |  3.685E-04 2.441E-02
    4135 1.6086E+00 3.6853E-04  ( 0.318    , -1.953E-03,   0.00    ) |  3.685E-04 2.441E-02
    4136 1.6089E+00 3.6853E-04  ( 0.318    , -1.953E-03,   0.00    ) |  3.685E-04 2.441E-02
    4137 1.6093E+00 3.6853E-04  ( 0.318    , -1.953E-03,   0.00    ) |  3.685E-04 2.441E-02
    4138 1.6097E+00 3.6854E-04  ( 0.318    , -1.953E-03,   0.00    ) |  3.685E-04 2.441E-02
    4139 1.6101E+00 3.6854E-04  ( 0.318    , -1.953E-03,   0.00    ) |  3.685E-04 2.441E-02
    4140 1.6104E+00 3.6854E-04  ( 0.318    , -1.953E-03,   0.00    ) |  3.685E-04 2.441E-02
    4141 1.6108E+00 3.6854E-04  ( 0.318    , -1.953E-03,   0.00    ) |  3.685E-04 2.441E-02
    4142 1.6112E+00 3.6855E-04  ( 0.318    , -1.953E-03,   0.00    ) |  3.685E-04 2.441E-02
    4143 1.6115E+00 3.6855E-04  ( 0.318    , -1.953E-03,   0.00    ) |  3.686E-04 2.441E-02
    4144 1.6119E+00 3.6855E-04  ( 0.318    , -1.953E-03,   0.00    ) |  3.686E-04 2.441E-02
    4145 1.6123E+00 3.6856E-04  ( 0.318    , -1.953E-03,   0.00    ) |  3.686E-04 2.441E-02
    4146 1.6126E+00 3.6856E-04  ( 0.318    , -1.953E-03,   0.00    ) |  3.686E-04 2.441E-02
    4147 1.6130E+00 3.6856E-04  ( 0.318    , -1.953E-03,   0.00    ) |  3.686E-04 2.441E-02
    4148 1.6134E+00 3.6857E-04  ( 0.318    , -1.953E-03,   0.00    ) |  3.686E-04 2.441E-02
    4149 1.6137E+00 3.6857E-04  (-0.318    , -1.953E-03,   0.00    ) |  3.686E-04 2.441E-02
    4150 1.6141E+00 3.6857E-04  ( 0.318    , -1.953E-03,   0.00    ) |  3.686E-04 2.441E-02
    4151 1.6145E+00 3.6857E-04  (-0.318    , -1.953E-03,   0.00    ) |  3.686E-04 2.441E-02
    4152 1.6148E+00 3.6858E-04  (-0.318    , -1.953E-03,   0.00    ) |  3.686E-04 2.441E-02
    4153 1.6152E+00 3.6858E-04  (-0.318    , -1.953E-03,   0.00    ) |  3.686E-04 2.441E-02
    4154 1.6156E+00 3.6858E-04  (-0.318    , -1.953E-03,   0.00    ) |  3.686E-04 2.441E-02
    4155 1.6160E+00 3.6859E-04  (-0.318    , -1.953E-03,   0.00    ) |  3.686E-04 2.441E-02
    4156 1.6163E+00 3.6859E-04  (-0.318    , -1.953E-03,   0.00    ) |  3.686E-04 2.441E-02
    4157 1.6167E+00 3.6859E-04  (-0.318    , -1.953E-03,   0.00    ) |  3.686E-04 2.441E-02
    4158 1.6171E+00 3.6860E-04  ( 0.318    , -1.953E-03,   0.00    ) |  3.686E-04 2.441E-02
    4159 1.6174E+00 3.6860E-04  ( 0.318    , -1.953E-03,   0.00    ) |  3.686E-04 2.441E-02
    4160 1.6178E+00 3.6860E-04  ( 0.318    , -1.953E-03,   0.00    ) |  3.686E-04 2.441E-02
    4161 1.6182E+00 3.6860E-04  ( 0.318    , -1.953E-03,   0.00    ) |  3.686E-04 2.441E-02
    4162 1.6185E+00 3.6861E-04  ( 0.318    , -1.953E-03,   0.00    ) |  3.686E-04 2.441E-02
    4163 1.6189E+00 3.6861E-04  ( 0.318    , -1.953E-03,   0.00    ) |  3.686E-04 2.441E-02
    4164 1.6193E+00 3.6861E-04  ( 0.318    , -1.953E-03,   0.00    ) |  3.686E-04 2.441E-02
    4165 1.6196E+00 3.6862E-04  ( 0.318    , -1.953E-03,   0.00    ) |  3.686E-04 2.441E-02
    4166 1.6200E+00 3.6862E-04  ( 0.318    , -1.953E-03,   0.00    ) |  3.686E-04 2.441E-02
    4167 1.6204E+00 3.6862E-04  ( 0.318    , -1.953E-03,   0.00    ) |  3.686E-04 2.441E-02
    4168 1.6207E+00 3.6863E-04  ( 0.318    , -1.953E-03,   0.00    ) |  3.686E-04 2.441E-02
    4169 1.6211E+00 3.6863E-04  ( 0.318    , -1.953E-03,   0.00    ) |  3.686E-04 2.441E-02
    4170 1.6215E+00 3.6863E-04  ( 0.318    , -1.953E-03,   0.00    ) |  3.686E-04 2.441E-02
    4171 1.6218E+00 3.6863E-04  ( 0.318    , -1.953E-03,   0.00    ) |  3.686E-04 2.441E-02
    4172 1.6222E+00 3.6864E-04  ( 0.318    , -1.953E-03,   0.00    ) |  3.686E-04 2.441E-02
    4173 1.6226E+00 3.6864E-04  ( 0.318    , -1.953E-03,   0.00    ) |  3.686E-04 2.441E-02
    4174 1.6230E+00 3.6864E-04  ( 0.318    , -1.953E-03,   0.00    ) |  3.686E-04 2.441E-02
    4175 1.6233E+00 3.6864E-04  ( 0.318    , -1.953E-03,   0.00    ) |  3.686E-04 2.441E-02
    4176 1.6237E+00 3.6865E-04  ( 0.318    , -1.953E-03,   0.00    ) |  3.686E-04 2.441E-02
    4177 1.6241E+00 3.6865E-04  ( 0.318    , -1.953E-03,   0.00    ) |  3.686E-04 2.441E-02
    4178 1.6244E+00 3.6865E-04  ( 0.318    , -1.953E-03,   0.00    ) |  3.687E-04 2.441E-02
    4179 1.6248E+00 3.6865E-04  ( 0.318    , -1.953E-03,   0.00    ) |  3.687E-04 2.441E-02
 *** Wrote plotfile to flash_run_hdf5_plt_cnt_0065 ****
    4180 1.6252E+00 3.6866E-04  ( 0.318    , -1.953E-03,   0.00    ) |  3.687E-04 2.441E-02
    4181 1.6255E+00 3.6866E-04  ( 0.318    , -1.953E-03,   0.00    ) |  3.687E-04 2.441E-02
    4182 1.6259E+00 3.6866E-04  ( 0.318    , -1.953E-03,   0.00    ) |  3.687E-04 2.441E-02
    4183 1.6263E+00 3.6866E-04  ( 0.318    , -1.953E-03,   0.00    ) |  3.687E-04 2.441E-02
    4184 1.6266E+00 3.6867E-04  ( 0.318    , -1.953E-03,   0.00    ) |  3.687E-04 2.441E-02
    4185 1.6270E+00 3.6867E-04  ( 0.318    , -1.953E-03,   0.00    ) |  3.687E-04 2.441E-02
    4186 1.6274E+00 3.6867E-04  ( 0.318    , -1.953E-03,   0.00    ) |  3.687E-04 2.441E-02
    4187 1.6277E+00 3.6867E-04  ( 0.318    , -1.953E-03,   0.00    ) |  3.687E-04 2.441E-02
    4188 1.6281E+00 3.6868E-04  ( 0.318    , -1.953E-03,   0.00    ) |  3.687E-04 2.441E-02
    4189 1.6285E+00 3.6868E-04  ( 0.318    , -1.953E-03,   0.00    ) |  3.687E-04 2.441E-02
    4190 1.6289E+00 3.6868E-04  ( 0.318    , -1.953E-03,   0.00    ) |  3.687E-04 2.441E-02
    4191 1.6292E+00 3.6868E-04  ( 0.318    , -1.953E-03,   0.00    ) |  3.687E-04 2.441E-02
    4192 1.6296E+00 3.6869E-04  ( 0.318    , -1.953E-03,   0.00    ) |  3.687E-04 2.441E-02
    4193 1.6300E+00 3.6869E-04  ( 0.318    , -1.953E-03,   0.00    ) |  3.687E-04 2.441E-02
    4194 1.6303E+00 3.6869E-04  ( 0.318    , -1.953E-03,   0.00    ) |  3.687E-04 2.441E-02
    4195 1.6307E+00 3.6870E-04  ( 0.318    , -1.953E-03,   0.00    ) |  3.687E-04 2.441E-02
    4196 1.6311E+00 3.6870E-04  ( 0.318    , -1.953E-03,   0.00    ) |  3.687E-04 2.441E-02
    4197 1.6314E+00 3.6870E-04  ( 0.318    , -1.953E-03,   0.00    ) |  3.687E-04 2.441E-02
    4198 1.6318E+00 3.6870E-04  ( 0.318    , -1.953E-03,   0.00    ) |  3.687E-04 2.441E-02
    4199 1.6322E+00 3.6871E-04  ( 0.318    , -1.953E-03,   0.00    ) |  3.687E-04 2.441E-02
    4200 1.6325E+00 3.6871E-04  ( 0.318    , -1.953E-03,   0.00    ) |  3.687E-04 2.441E-02
    4201 1.6329E+00 3.6871E-04  ( 0.318    , -1.953E-03,   0.00    ) |  3.687E-04 2.441E-02
    4202 1.6333E+00 3.6871E-04  ( 0.318    , -1.953E-03,   0.00    ) |  3.687E-04 2.441E-02
    4203 1.6336E+00 3.6872E-04  ( 0.318    , -1.953E-03,   0.00    ) |  3.687E-04 2.441E-02
    4204 1.6340E+00 3.6872E-04  ( 0.318    , -1.953E-03,   0.00    ) |  3.687E-04 2.441E-02
    4205 1.6344E+00 3.6872E-04  ( 0.318    , -1.953E-03,   0.00    ) |  3.687E-04 2.441E-02
    4206 1.6348E+00 3.6873E-04  ( 0.318    , -1.953E-03,   0.00    ) |  3.687E-04 2.441E-02
    4207 1.6351E+00 3.6873E-04  ( 0.318    , -1.953E-03,   0.00    ) |  3.687E-04 2.441E-02
    4208 1.6355E+00 3.6873E-04  ( 0.318    , -1.953E-03,   0.00    ) |  3.687E-04 2.441E-02
    4209 1.6359E+00 3.6873E-04  ( 0.318    , -1.953E-03,   0.00    ) |  3.687E-04 2.441E-02
    4210 1.6362E+00 3.6874E-04  ( 0.318    , -1.953E-03,   0.00    ) |  3.687E-04 2.441E-02
    4211 1.6366E+00 3.6874E-04  ( 0.318    , -1.953E-03,   0.00    ) |  3.687E-04 2.441E-02
    4212 1.6370E+00 3.6874E-04  ( 0.318    , -1.953E-03,   0.00    ) |  3.687E-04 2.441E-02
    4213 1.6373E+00 3.6874E-04  ( 0.318    , -1.953E-03,   0.00    ) |  3.687E-04 2.441E-02
    4214 1.6377E+00 3.6875E-04  ( 0.318    , -1.953E-03,   0.00    ) |  3.687E-04 2.441E-02
    4215 1.6381E+00 3.6875E-04  ( 0.318    , -1.953E-03,   0.00    ) |  3.687E-04 2.441E-02
    4216 1.6384E+00 3.6875E-04  ( 0.318    , -1.953E-03,   0.00    ) |  3.688E-04 2.441E-02
    4217 1.6388E+00 3.6875E-04  ( 0.318    , -1.953E-03,   0.00    ) |  3.688E-04 2.441E-02
    4218 1.6392E+00 3.6876E-04  ( 0.318    , -1.953E-03,   0.00    ) |  3.688E-04 2.441E-02
    4219 1.6395E+00 3.6876E-04  ( 0.318    , -1.953E-03,   0.00    ) |  3.688E-04 2.441E-02
    4220 1.6399E+00 3.6876E-04  ( 0.318    , -1.953E-03,   0.00    ) |  3.688E-04 2.441E-02
    4221 1.6403E+00 3.6876E-04  ( 0.318    , -1.953E-03,   0.00    ) |  3.688E-04 2.441E-02
    4222 1.6407E+00 3.6877E-04  ( 0.318    , -1.953E-03,   0.00    ) |  3.688E-04 2.441E-02
    4223 1.6410E+00 3.6877E-04  ( 0.318    , -1.953E-03,   0.00    ) |  3.688E-04 2.441E-02
    4224 1.6414E+00 3.6877E-04  ( 0.318    , -1.953E-03,   0.00    ) |  3.688E-04 2.441E-02
    4225 1.6418E+00 3.6877E-04  ( 0.318    , -1.953E-03,   0.00    ) |  3.688E-04 2.441E-02
    4226 1.6421E+00 3.6878E-04  ( 0.318    , -1.953E-03,   0.00    ) |  3.688E-04 2.441E-02
    4227 1.6425E+00 3.6878E-04  ( 0.318    , -1.953E-03,   0.00    ) |  3.688E-04 2.441E-02
    4228 1.6429E+00 3.6878E-04  ( 0.318    , -1.953E-03,   0.00    ) |  3.688E-04 2.441E-02
    4229 1.6432E+00 3.6878E-04  ( 0.318    , -1.953E-03,   0.00    ) |  3.688E-04 2.441E-02
    4230 1.6436E+00 3.6878E-04  ( 0.318    , -1.953E-03,   0.00    ) |  3.688E-04 2.441E-02
    4231 1.6440E+00 3.6879E-04  ( 0.318    , -1.953E-03,   0.00    ) |  3.688E-04 2.441E-02
    4232 1.6443E+00 3.6879E-04  ( 0.318    , -1.953E-03,   0.00    ) |  3.688E-04 2.441E-02
    4233 1.6447E+00 3.6879E-04  ( 0.318    , -1.953E-03,   0.00    ) |  3.688E-04 2.441E-02
    4234 1.6451E+00 3.6879E-04  ( 0.318    , -1.953E-03,   0.00    ) |  3.688E-04 2.441E-02
    4235 1.6454E+00 3.6879E-04  ( 0.318    , -1.953E-03,   0.00    ) |  3.688E-04 2.441E-02
    4236 1.6458E+00 3.6879E-04  ( 0.318    , -1.953E-03,   0.00    ) |  3.688E-04 2.441E-02
    4237 1.6462E+00 3.6879E-04  ( 0.318    , -1.953E-03,   0.00    ) |  3.688E-04 2.441E-02
    4238 1.6466E+00 3.6879E-04  ( 0.318    , -1.953E-03,   0.00    ) |  3.688E-04 2.441E-02
    4239 1.6469E+00 3.6879E-04  ( 0.318    , -1.953E-03,   0.00    ) |  3.688E-04 2.441E-02
    4240 1.6473E+00 3.6879E-04  ( 0.318    , -1.953E-03,   0.00    ) |  3.688E-04 2.441E-02
    4241 1.6477E+00 3.6879E-04  ( 0.318    , -1.953E-03,   0.00    ) |  3.688E-04 2.441E-02
    4242 1.6480E+00 3.6879E-04  ( 0.318    , -1.953E-03,   0.00    ) |  3.688E-04 2.441E-02
    4243 1.6484E+00 3.6879E-04  ( 0.318    , -1.953E-03,   0.00    ) |  3.688E-04 2.441E-02
    4244 1.6488E+00 3.6879E-04  ( 0.318    , -1.953E-03,   0.00    ) |  3.688E-04 2.441E-02
    4245 1.6491E+00 3.6879E-04  ( 0.318    , -1.953E-03,   0.00    ) |  3.688E-04 2.441E-02
    4246 1.6495E+00 3.6879E-04  ( 0.318    , -1.953E-03,   0.00    ) |  3.688E-04 2.441E-02
    4247 1.6499E+00 3.6879E-04  ( 0.318    , -1.953E-03,   0.00    ) |  3.688E-04 2.441E-02
 *** Wrote plotfile to flash_run_hdf5_plt_cnt_0066 ****
    4248 1.6502E+00 3.6879E-04  ( 0.318    , -1.953E-03,   0.00    ) |  3.688E-04 2.441E-02
    4249 1.6506E+00 3.6879E-04  ( 0.318    , -1.953E-03,   0.00    ) |  3.688E-04 2.441E-02
    4250 1.6510E+00 3.6879E-04  ( 0.318    , -1.953E-03,   0.00    ) |  3.688E-04 2.441E-02
    4251 1.6513E+00 3.6879E-04  ( 0.318    , -1.953E-03,   0.00    ) |  3.688E-04 2.441E-02
    4252 1.6517E+00 3.6879E-04  ( 0.318    , -1.953E-03,   0.00    ) |  3.688E-04 2.441E-02
    4253 1.6521E+00 3.6879E-04  ( 0.318    , -1.953E-03,   0.00    ) |  3.688E-04 2.441E-02
    4254 1.6525E+00 3.6879E-04  ( 0.318    , -1.953E-03,   0.00    ) |  3.688E-04 2.441E-02
    4255 1.6528E+00 3.6879E-04  ( 0.318    , -1.953E-03,   0.00    ) |  3.688E-04 2.441E-02
    4256 1.6532E+00 3.6879E-04  ( 0.318    , -1.953E-03,   0.00    ) |  3.688E-04 2.441E-02
    4257 1.6536E+00 3.6879E-04  ( 0.318    , -1.953E-03,   0.00    ) |  3.688E-04 2.441E-02
    4258 1.6539E+00 3.6880E-04  ( 0.318    , -1.953E-03,   0.00    ) |  3.688E-04 2.441E-02
    4259 1.6543E+00 3.6880E-04  ( 0.318    , -1.953E-03,   0.00    ) |  3.688E-04 2.441E-02
    4260 1.6547E+00 3.6880E-04  ( 0.318    , -1.953E-03,   0.00    ) |  3.688E-04 2.441E-02
    4261 1.6550E+00 3.6880E-04  ( 0.318    , -1.953E-03,   0.00    ) |  3.688E-04 2.441E-02
    4262 1.6554E+00 3.6880E-04  ( 0.318    , -1.953E-03,   0.00    ) |  3.688E-04 2.441E-02
    4263 1.6558E+00 3.6880E-04  ( 0.318    , -1.953E-03,   0.00    ) |  3.688E-04 2.441E-02
    4264 1.6561E+00 3.6880E-04  ( 0.318    , -1.953E-03,   0.00    ) |  3.688E-04 2.441E-02
    4265 1.6565E+00 3.6880E-04  ( 0.318    , -1.953E-03,   0.00    ) |  3.688E-04 2.441E-02
    4266 1.6569E+00 3.6880E-04  ( 0.318    , -1.953E-03,   0.00    ) |  3.688E-04 2.441E-02
    4267 1.6572E+00 3.6880E-04  ( 0.318    , -1.953E-03,   0.00    ) |  3.688E-04 2.441E-02
    4268 1.6576E+00 3.6880E-04  ( 0.318    , -1.953E-03,   0.00    ) |  3.688E-04 2.441E-02
    4269 1.6580E+00 3.6880E-04  ( 0.318    , -1.953E-03,   0.00    ) |  3.688E-04 2.441E-02
    4270 1.6584E+00 3.6880E-04  ( 0.318    , -1.953E-03,   0.00    ) |  3.688E-04 2.441E-02
    4271 1.6587E+00 3.6880E-04  ( 0.318    , -1.953E-03,   0.00    ) |  3.688E-04 2.441E-02
    4272 1.6591E+00 3.6880E-04  ( 0.318    , -1.953E-03,   0.00    ) |  3.688E-04 2.441E-02
    4273 1.6595E+00 3.6880E-04  ( 0.318    , -1.953E-03,   0.00    ) |  3.688E-04 2.441E-02
    4274 1.6598E+00 3.6880E-04  ( 0.318    , -1.953E-03,   0.00    ) |  3.688E-04 2.441E-02
    4275 1.6602E+00 3.6880E-04  ( 0.318    , -1.953E-03,   0.00    ) |  3.688E-04 2.441E-02
    4276 1.6606E+00 3.6879E-04  ( 0.318    , -1.953E-03,   0.00    ) |  3.688E-04 2.441E-02
    4277 1.6609E+00 3.6879E-04  ( 0.318    , -1.953E-03,   0.00    ) |  3.688E-04 2.441E-02
    4278 1.6613E+00 3.6879E-04  ( 0.318    , -1.953E-03,   0.00    ) |  3.688E-04 2.441E-02
    4279 1.6617E+00 3.6879E-04  ( 0.318    , -1.953E-03,   0.00    ) |  3.688E-04 2.441E-02
    4280 1.6620E+00 3.6879E-04  ( 0.318    , -1.953E-03,   0.00    ) |  3.688E-04 2.441E-02
    4281 1.6624E+00 3.6879E-04  ( 0.318    , -1.953E-03,   0.00    ) |  3.688E-04 2.441E-02
    4282 1.6628E+00 3.6879E-04  ( 0.318    , -1.953E-03,   0.00    ) |  3.688E-04 2.441E-02
    4283 1.6631E+00 3.6879E-04  ( 0.318    , -1.953E-03,   0.00    ) |  3.688E-04 2.441E-02
    4284 1.6635E+00 3.6879E-04  ( 0.318    , -1.953E-03,   0.00    ) |  3.688E-04 2.441E-02
    4285 1.6639E+00 3.6879E-04  ( 0.318    , -1.953E-03,   0.00    ) |  3.688E-04 2.441E-02
    4286 1.6643E+00 3.6879E-04  ( 0.318    , -1.953E-03,   0.00    ) |  3.688E-04 2.441E-02
    4287 1.6646E+00 3.6878E-04  ( 0.318    , -1.953E-03,   0.00    ) |  3.688E-04 2.441E-02
    4288 1.6650E+00 3.6878E-04  ( 0.318    , -1.953E-03,   0.00    ) |  3.688E-04 2.441E-02
    4289 1.6654E+00 3.6878E-04  ( 0.318    , -1.953E-03,   0.00    ) |  3.688E-04 2.441E-02
    4290 1.6657E+00 3.6878E-04  ( 0.318    , -1.953E-03,   0.00    ) |  3.688E-04 2.441E-02
    4291 1.6661E+00 3.6878E-04  ( 0.318    , -1.953E-03,   0.00    ) |  3.688E-04 2.441E-02
    4292 1.6665E+00 3.6878E-04  ( 0.318    , -1.953E-03,   0.00    ) |  3.688E-04 2.441E-02
    4293 1.6668E+00 3.6878E-04  ( 0.318    , -1.953E-03,   0.00    ) |  3.688E-04 2.441E-02
    4294 1.6672E+00 3.6878E-04  ( 0.318    , -1.953E-03,   0.00    ) |  3.688E-04 2.441E-02
    4295 1.6676E+00 3.6878E-04  ( 0.318    , -1.953E-03,   0.00    ) |  3.688E-04 2.441E-02
    4296 1.6679E+00 3.6878E-04  ( 0.318    , -1.953E-03,   0.00    ) |  3.688E-04 2.441E-02
    4297 1.6683E+00 3.6877E-04  ( 0.318    , -1.953E-03,   0.00    ) |  3.688E-04 2.441E-02
    4298 1.6687E+00 3.6877E-04  ( 0.318    , -1.953E-03,   0.00    ) |  3.688E-04 2.441E-02
    4299 1.6690E+00 3.6877E-04  ( 0.318    , -1.953E-03,   0.00    ) |  3.688E-04 2.441E-02
    4300 1.6694E+00 3.6877E-04  ( 0.318    , -1.953E-03,   0.00    ) |  3.688E-04 2.441E-02
    4301 1.6698E+00 3.6877E-04  ( 0.318    , -1.953E-03,   0.00    ) |  3.688E-04 2.441E-02
    4302 1.6702E+00 3.6877E-04  ( 0.318    , -1.953E-03,   0.00    ) |  3.688E-04 2.441E-02
    4303 1.6705E+00 3.6877E-04  ( 0.318    , -1.953E-03,   0.00    ) |  3.688E-04 2.441E-02
    4304 1.6709E+00 3.6877E-04  ( 0.318    , -1.953E-03,   0.00    ) |  3.688E-04 2.441E-02
    4305 1.6713E+00 3.6876E-04  ( 0.318    , -1.953E-03,   0.00    ) |  3.688E-04 2.441E-02
    4306 1.6716E+00 3.6876E-04  ( 0.318    , -1.953E-03,   0.00    ) |  3.688E-04 2.441E-02
    4307 1.6720E+00 3.6876E-04  ( 0.318    , -1.953E-03,   0.00    ) |  3.688E-04 2.441E-02
    4308 1.6724E+00 3.6876E-04  ( 0.318    , -1.953E-03,   0.00    ) |  3.688E-04 2.441E-02
    4309 1.6727E+00 3.6876E-04  ( 0.318    , -1.953E-03,   0.00    ) |  3.688E-04 2.441E-02
    4310 1.6731E+00 3.6876E-04  ( 0.318    , -1.953E-03,   0.00    ) |  3.688E-04 2.441E-02
    4311 1.6735E+00 3.6876E-04  ( 0.318    , -1.953E-03,   0.00    ) |  3.688E-04 2.441E-02
    4312 1.6738E+00 3.6875E-04  ( 0.318    , -1.953E-03,   0.00    ) |  3.688E-04 2.441E-02
    4313 1.6742E+00 3.6875E-04  ( 0.318    , -1.953E-03,   0.00    ) |  3.688E-04 2.441E-02
    4314 1.6746E+00 3.6875E-04  ( 0.318    , -1.953E-03,   0.00    ) |  3.688E-04 2.441E-02
    4315 1.6749E+00 3.6875E-04  ( 0.318    , -1.953E-03,   0.00    ) |  3.687E-04 2.441E-02
 *** Wrote plotfile to flash_run_hdf5_plt_cnt_0067 ****
    4316 1.6753E+00 3.6875E-04  ( 0.318    , -1.953E-03,   0.00    ) |  3.687E-04 2.441E-02
    4317 1.6757E+00 3.6875E-04  ( 0.318    , -1.953E-03,   0.00    ) |  3.687E-04 2.441E-02
    4318 1.6761E+00 3.6874E-04  ( 0.318    , -1.953E-03,   0.00    ) |  3.687E-04 2.441E-02
    4319 1.6764E+00 3.6874E-04  ( 0.318    , -1.953E-03,   0.00    ) |  3.687E-04 2.441E-02
    4320 1.6768E+00 3.6874E-04  ( 0.318    , -1.953E-03,   0.00    ) |  3.687E-04 2.441E-02
    4321 1.6772E+00 3.6874E-04  ( 0.318    , -1.953E-03,   0.00    ) |  3.687E-04 2.441E-02
    4322 1.6775E+00 3.6874E-04  ( 0.318    , -1.953E-03,   0.00    ) |  3.687E-04 2.441E-02
    4323 1.6779E+00 3.6874E-04  ( 0.318    , -1.953E-03,   0.00    ) |  3.687E-04 2.441E-02
    4324 1.6783E+00 3.6874E-04  ( 0.318    , -1.953E-03,   0.00    ) |  3.687E-04 2.441E-02
    4325 1.6786E+00 3.6873E-04  ( 0.318    , -1.953E-03,   0.00    ) |  3.687E-04 2.441E-02
    4326 1.6790E+00 3.6873E-04  ( 0.318    , -1.953E-03,   0.00    ) |  3.687E-04 2.441E-02
    4327 1.6794E+00 3.6873E-04  ( 0.318    , -1.953E-03,   0.00    ) |  3.687E-04 2.441E-02
    4328 1.6797E+00 3.6873E-04  ( 0.318    , -1.953E-03,   0.00    ) |  3.687E-04 2.441E-02
    4329 1.6801E+00 3.6873E-04  ( 0.318    , -1.953E-03,   0.00    ) |  3.687E-04 2.441E-02
    4330 1.6805E+00 3.6873E-04  ( 0.318    , -1.953E-03,   0.00    ) |  3.687E-04 2.441E-02
    4331 1.6808E+00 3.6873E-04  ( 0.318    , -1.953E-03,   0.00    ) |  3.687E-04 2.441E-02
    4332 1.6812E+00 3.6873E-04  ( 0.318    , -1.953E-03,   0.00    ) |  3.687E-04 2.441E-02
    4333 1.6816E+00 3.6872E-04  ( 0.318    , -1.953E-03,   0.00    ) |  3.687E-04 2.441E-02
    4334 1.6820E+00 3.6872E-04  ( 0.318    , -1.953E-03,   0.00    ) |  3.687E-04 2.441E-02
    4335 1.6823E+00 3.6872E-04  ( 0.318    , -1.953E-03,   0.00    ) |  3.687E-04 2.441E-02
    4336 1.6827E+00 3.6872E-04  ( 0.318    , -1.953E-03,   0.00    ) |  3.687E-04 2.441E-02
    4337 1.6831E+00 3.6872E-04  ( 0.318    , -1.953E-03,   0.00    ) |  3.687E-04 2.441E-02
    4338 1.6834E+00 3.6872E-04  ( 0.318    , -1.953E-03,   0.00    ) |  3.687E-04 2.441E-02
    4339 1.6838E+00 3.6872E-04  ( 0.318    , -1.953E-03,   0.00    ) |  3.687E-04 2.441E-02
    4340 1.6842E+00 3.6872E-04  ( 0.318    , -1.953E-03,   0.00    ) |  3.687E-04 2.441E-02
    4341 1.6845E+00 3.6872E-04  ( 0.318    , -1.953E-03,   0.00    ) |  3.687E-04 2.441E-02
    4342 1.6849E+00 3.6872E-04  ( 0.318    , -1.953E-03,   0.00    ) |  3.687E-04 2.441E-02
    4343 1.6853E+00 3.6872E-04  ( 0.318    , -1.953E-03,   0.00    ) |  3.687E-04 2.441E-02
    4344 1.6856E+00 3.6871E-04  ( 0.318    , -1.953E-03,   0.00    ) |  3.687E-04 2.441E-02
    4345 1.6860E+00 3.6871E-04  ( 0.318    , -1.953E-03,   0.00    ) |  3.687E-04 2.441E-02
    4346 1.6864E+00 3.6871E-04  ( 0.318    , -1.953E-03,   0.00    ) |  3.687E-04 2.441E-02
    4347 1.6867E+00 3.6871E-04  ( 0.318    , -1.953E-03,   0.00    ) |  3.687E-04 2.441E-02
    4348 1.6871E+00 3.6871E-04  ( 0.318    , -1.953E-03,   0.00    ) |  3.687E-04 2.441E-02
    4349 1.6875E+00 3.6871E-04  ( 0.318    , -1.953E-03,   0.00    ) |  3.687E-04 2.441E-02
    4350 1.6879E+00 3.6871E-04  ( 0.318    , -1.953E-03,   0.00    ) |  3.687E-04 2.441E-02
    4351 1.6882E+00 3.6871E-04  ( 0.318    , -1.953E-03,   0.00    ) |  3.687E-04 2.441E-02
    4352 1.6886E+00 3.6871E-04  ( 0.318    , -1.953E-03,   0.00    ) |  3.687E-04 2.441E-02
    4353 1.6890E+00 3.6871E-04  ( 0.318    , -1.953E-03,   0.00    ) |  3.687E-04 2.441E-02
    4354 1.6893E+00 3.6871E-04  ( 0.318    , -1.953E-03,   0.00    ) |  3.687E-04 2.441E-02
    4355 1.6897E+00 3.6871E-04  ( 0.318    , -1.953E-03,   0.00    ) |  3.687E-04 2.441E-02
    4356 1.6901E+00 3.6871E-04  ( 0.318    , -1.953E-03,   0.00    ) |  3.687E-04 2.441E-02
    4357 1.6904E+00 3.6871E-04  ( 0.318    , -1.953E-03,   0.00    ) |  3.687E-04 2.441E-02
    4358 1.6908E+00 3.6871E-04  ( 0.318    , -1.953E-03,   0.00    ) |  3.687E-04 2.441E-02
    4359 1.6912E+00 3.6871E-04  ( 0.314    ,  1.953E-03,   0.00    ) |  3.687E-04 2.441E-02
    4360 1.6915E+00 3.6870E-04  ( 0.314    , -1.953E-03,   0.00    ) |  3.687E-04 2.441E-02
    4361 1.6919E+00 3.6870E-04  ( 0.314    , -1.953E-03,   0.00    ) |  3.687E-04 2.441E-02
    4362 1.6923E+00 3.6870E-04  ( 0.314    , -1.953E-03,   0.00    ) |  3.687E-04 2.441E-02
    4363 1.6926E+00 3.6870E-04  ( 0.314    , -1.953E-03,   0.00    ) |  3.687E-04 2.441E-02
    4364 1.6930E+00 3.6870E-04  ( 0.314    , -1.953E-03,   0.00    ) |  3.687E-04 2.441E-02
    4365 1.6934E+00 3.6870E-04  ( 0.314    , -1.953E-03,   0.00    ) |  3.687E-04 2.441E-02
    4366 1.6938E+00 3.6870E-04  ( 0.314    , -1.953E-03,   0.00    ) |  3.687E-04 2.441E-02
    4367 1.6941E+00 3.6870E-04  ( 0.314    , -1.953E-03,   0.00    ) |  3.687E-04 2.441E-02
    4368 1.6945E+00 3.6870E-04  ( 0.314    , -1.953E-03,   0.00    ) |  3.687E-04 2.441E-02
    4369 1.6949E+00 3.6870E-04  ( 0.314    , -1.953E-03,   0.00    ) |  3.687E-04 2.441E-02
    4370 1.6952E+00 3.6870E-04  ( 0.314    , -1.953E-03,   0.00    ) |  3.687E-04 2.441E-02
    4371 1.6956E+00 3.6869E-04  ( 0.314    , -1.953E-03,   0.00    ) |  3.687E-04 2.441E-02
    4372 1.6960E+00 3.6869E-04  ( 0.314    , -1.953E-03,   0.00    ) |  3.687E-04 2.441E-02
    4373 1.6963E+00 3.6869E-04  ( 0.314    , -1.953E-03,   0.00    ) |  3.687E-04 2.441E-02
    4374 1.6967E+00 3.6869E-04  ( 0.314    , -1.953E-03,   0.00    ) |  3.687E-04 2.441E-02
    4375 1.6971E+00 3.6869E-04  ( 0.314    , -1.953E-03,   0.00    ) |  3.687E-04 2.441E-02
    4376 1.6974E+00 3.6869E-04  ( 0.314    , -1.953E-03,   0.00    ) |  3.687E-04 2.441E-02
    4377 1.6978E+00 3.6869E-04  ( 0.314    , -1.953E-03,   0.00    ) |  3.687E-04 2.441E-02
    4378 1.6982E+00 3.6869E-04  ( 0.314    , -1.953E-03,   0.00    ) |  3.687E-04 2.441E-02
    4379 1.6985E+00 3.6869E-04  ( 0.314    , -1.953E-03,   0.00    ) |  3.687E-04 2.441E-02
    4380 1.6989E+00 3.6869E-04  ( 0.314    , -1.953E-03,   0.00    ) |  3.687E-04 2.441E-02
    4381 1.6993E+00 3.6869E-04  ( 0.314    , -1.953E-03,   0.00    ) |  3.687E-04 2.441E-02
    4382 1.6997E+00 3.6869E-04  ( 0.314    , -1.953E-03,   0.00    ) |  3.687E-04 2.441E-02
 *** Wrote plotfile to flash_run_hdf5_plt_cnt_0068 ****
    4383 1.7000E+00 3.6869E-04  ( 0.314    , -1.953E-03,   0.00    ) |  3.687E-04 2.441E-02
    4384 1.7004E+00 3.6868E-04  ( 0.314    , -1.953E-03,   0.00    ) |  3.687E-04 2.441E-02
    4385 1.7008E+00 3.6868E-04  ( 0.314    , -1.953E-03,   0.00    ) |  3.687E-04 2.441E-02
    4386 1.7011E+00 3.6868E-04  ( 0.314    , -1.953E-03,   0.00    ) |  3.687E-04 2.441E-02
    4387 1.7015E+00 3.6868E-04  ( 0.314    , -1.953E-03,   0.00    ) |  3.687E-04 2.441E-02
    4388 1.7019E+00 3.6868E-04  ( 0.314    , -1.953E-03,   0.00    ) |  3.687E-04 2.441E-02
    4389 1.7022E+00 3.6868E-04  ( 0.314    , -1.953E-03,   0.00    ) |  3.687E-04 2.441E-02
    4390 1.7026E+00 3.6868E-04  ( 0.314    , -1.953E-03,   0.00    ) |  3.687E-04 2.441E-02
    4391 1.7030E+00 3.6868E-04  ( 0.314    , -1.953E-03,   0.00    ) |  3.687E-04 2.441E-02
    4392 1.7033E+00 3.6868E-04  ( 0.314    , -1.953E-03,   0.00    ) |  3.687E-04 2.441E-02
    4393 1.7037E+00 3.6868E-04  ( 0.314    , -1.953E-03,   0.00    ) |  3.687E-04 2.441E-02
    4394 1.7041E+00 3.6868E-04  ( 0.314    , -1.953E-03,   0.00    ) |  3.687E-04 2.441E-02
    4395 1.7044E+00 3.6868E-04  ( 0.314    , -1.953E-03,   0.00    ) |  3.687E-04 2.441E-02
    4396 1.7048E+00 3.6868E-04  ( 0.314    , -1.953E-03,   0.00    ) |  3.687E-04 2.441E-02
    4397 1.7052E+00 3.6868E-04  ( 0.314    , -1.953E-03,   0.00    ) |  3.687E-04 2.441E-02
    4398 1.7056E+00 3.6868E-04  ( 0.314    , -1.953E-03,   0.00    ) |  3.687E-04 2.441E-02
    4399 1.7059E+00 3.6867E-04  ( 0.314    , -1.953E-03,   0.00    ) |  3.687E-04 2.441E-02
    4400 1.7063E+00 3.6867E-04  ( 0.314    , -1.953E-03,   0.00    ) |  3.687E-04 2.441E-02
    4401 1.7067E+00 3.6867E-04  ( 0.314    , -1.953E-03,   0.00    ) |  3.687E-04 2.441E-02
    4402 1.7070E+00 3.6867E-04  ( 0.314    , -1.953E-03,   0.00    ) |  3.687E-04 2.441E-02
    4403 1.7074E+00 3.6867E-04  ( 0.314    , -1.953E-03,   0.00    ) |  3.687E-04 2.441E-02
    4404 1.7078E+00 3.6867E-04  ( 0.314    , -1.953E-03,   0.00    ) |  3.687E-04 2.441E-02
    4405 1.7081E+00 3.6867E-04  ( 0.314    , -1.953E-03,   0.00    ) |  3.687E-04 2.441E-02
    4406 1.7085E+00 3.6867E-04  ( 0.314    , -1.953E-03,   0.00    ) |  3.687E-04 2.441E-02
    4407 1.7089E+00 3.6867E-04  ( 0.314    , -1.953E-03,   0.00    ) |  3.687E-04 2.441E-02
    4408 1.7092E+00 3.6867E-04  ( 0.314    , -1.953E-03,   0.00    ) |  3.687E-04 2.441E-02
    4409 1.7096E+00 3.6867E-04  ( 0.314    , -1.953E-03,   0.00    ) |  3.687E-04 2.441E-02
    4410 1.7100E+00 3.6867E-04  ( 0.314    , -1.953E-03,   0.00    ) |  3.687E-04 2.441E-02
    4411 1.7103E+00 3.6867E-04  ( 0.314    , -1.953E-03,   0.00    ) |  3.687E-04 2.441E-02
    4412 1.7107E+00 3.6867E-04  ( 0.314    , -1.953E-03,   0.00    ) |  3.687E-04 2.441E-02
    4413 1.7111E+00 3.6867E-04  ( 0.314    , -1.953E-03,   0.00    ) |  3.687E-04 2.441E-02
    4414 1.7115E+00 3.6867E-04  ( 0.314    , -1.953E-03,   0.00    ) |  3.687E-04 2.441E-02
    4415 1.7118E+00 3.6867E-04  ( 0.314    , -1.953E-03,   0.00    ) |  3.687E-04 2.441E-02
    4416 1.7122E+00 3.6867E-04  ( 0.314    , -1.953E-03,   0.00    ) |  3.687E-04 2.441E-02
    4417 1.7126E+00 3.6867E-04  ( 0.314    , -1.953E-03,   0.00    ) |  3.687E-04 2.441E-02
    4418 1.7129E+00 3.6867E-04  ( 0.314    , -1.953E-03,   0.00    ) |  3.687E-04 2.441E-02
    4419 1.7133E+00 3.6867E-04  ( 0.314    , -1.953E-03,   0.00    ) |  3.687E-04 2.441E-02
    4420 1.7137E+00 3.6867E-04  ( 0.314    , -1.953E-03,   0.00    ) |  3.687E-04 2.441E-02
    4421 1.7140E+00 3.6867E-04  ( 0.314    , -1.953E-03,   0.00    ) |  3.687E-04 2.441E-02
    4422 1.7144E+00 3.6868E-04  ( 0.314    , -1.953E-03,   0.00    ) |  3.687E-04 2.441E-02
    4423 1.7148E+00 3.6868E-04  ( 0.314    , -1.953E-03,   0.00    ) |  3.687E-04 2.441E-02
    4424 1.7151E+00 3.6868E-04  ( 0.314    , -1.953E-03,   0.00    ) |  3.687E-04 2.441E-02
    4425 1.7155E+00 3.6868E-04  ( 0.314    , -1.953E-03,   0.00    ) |  3.687E-04 2.441E-02
    4426 1.7159E+00 3.6868E-04  ( 0.314    , -1.953E-03,   0.00    ) |  3.687E-04 2.441E-02
    4427 1.7162E+00 3.6868E-04  ( 0.314    , -1.953E-03,   0.00    ) |  3.687E-04 2.441E-02
    4428 1.7166E+00 3.6868E-04  ( 0.314    , -1.953E-03,   0.00    ) |  3.687E-04 2.441E-02
    4429 1.7170E+00 3.6868E-04  ( 0.314    , -1.953E-03,   0.00    ) |  3.687E-04 2.441E-02
    4430 1.7173E+00 3.6868E-04  ( 0.314    , -1.953E-03,   0.00    ) |  3.687E-04 2.441E-02
    4431 1.7177E+00 3.6868E-04  ( 0.314    , -1.953E-03,   0.00    ) |  3.687E-04 2.441E-02
    4432 1.7181E+00 3.6868E-04  ( 0.314    , -1.953E-03,   0.00    ) |  3.687E-04 2.441E-02
    4433 1.7185E+00 3.6868E-04  ( 0.314    , -1.953E-03,   0.00    ) |  3.687E-04 2.441E-02
    4434 1.7188E+00 3.6868E-04  ( 0.314    , -1.953E-03,   0.00    ) |  3.687E-04 2.441E-02
    4435 1.7192E+00 3.6869E-04  ( 0.314    , -1.953E-03,   0.00    ) |  3.687E-04 2.441E-02
    4436 1.7196E+00 3.6869E-04  ( 0.314    , -1.953E-03,   0.00    ) |  3.687E-04 2.441E-02
    4437 1.7199E+00 3.6869E-04  ( 0.314    , -1.953E-03,   0.00    ) |  3.687E-04 2.441E-02
    4438 1.7203E+00 3.6869E-04  ( 0.314    , -1.953E-03,   0.00    ) |  3.687E-04 2.441E-02
    4439 1.7207E+00 3.6869E-04  ( 0.314    , -1.953E-03,   0.00    ) |  3.687E-04 2.441E-02
    4440 1.7210E+00 3.6869E-04  ( 0.314    ,  1.953E-03,   0.00    ) |  3.687E-04 2.441E-02
    4441 1.7214E+00 3.6869E-04  ( 0.314    , -1.953E-03,   0.00    ) |  3.687E-04 2.441E-02
    4442 1.7218E+00 3.6869E-04  ( 0.314    ,  1.953E-03,   0.00    ) |  3.687E-04 2.441E-02
    4443 1.7221E+00 3.6869E-04  ( 0.314    , -1.953E-03,   0.00    ) |  3.687E-04 2.441E-02
    4444 1.7225E+00 3.6870E-04  ( 0.314    ,  1.953E-03,   0.00    ) |  3.687E-04 2.441E-02
    4445 1.7229E+00 3.6870E-04  ( 0.314    ,  1.953E-03,   0.00    ) |  3.687E-04 2.441E-02
    4446 1.7232E+00 3.6870E-04  ( 0.314    ,  1.953E-03,   0.00    ) |  3.687E-04 2.441E-02
    4447 1.7236E+00 3.6870E-04  ( 0.314    ,  1.953E-03,   0.00    ) |  3.687E-04 2.441E-02
    4448 1.7240E+00 3.6870E-04  ( 0.314    , -1.953E-03,   0.00    ) |  3.687E-04 2.441E-02
    4449 1.7244E+00 3.6870E-04  ( 0.314    ,  1.953E-03,   0.00    ) |  3.687E-04 2.441E-02
    4450 1.7247E+00 3.6870E-04  ( 0.314    , -1.953E-03,   0.00    ) |  3.687E-04 2.441E-02
 *** Wrote plotfile to flash_run_hdf5_plt_cnt_0069 ****
    4451 1.7251E+00 3.6870E-04  ( 0.314    ,  1.953E-03,   0.00    ) |  3.687E-04 2.441E-02
    4452 1.7255E+00 3.6871E-04  ( 0.314    ,  1.953E-03,   0.00    ) |  3.687E-04 2.441E-02
    4453 1.7258E+00 3.6871E-04  ( 0.314    , -1.953E-03,   0.00    ) |  3.687E-04 2.441E-02
    4454 1.7262E+00 3.6871E-04  ( 0.314    ,  1.953E-03,   0.00    ) |  3.687E-04 2.441E-02
    4455 1.7266E+00 3.6871E-04  ( 0.314    ,  1.953E-03,   0.00    ) |  3.687E-04 2.441E-02
    4456 1.7269E+00 3.6871E-04  ( 0.314    ,  1.953E-03,   0.00    ) |  3.687E-04 2.441E-02
    4457 1.7273E+00 3.6871E-04  ( 0.314    ,  1.953E-03,   0.00    ) |  3.687E-04 2.441E-02
    4458 1.7277E+00 3.6871E-04  ( 0.314    ,  1.953E-03,   0.00    ) |  3.687E-04 2.441E-02
    4459 1.7280E+00 3.6871E-04  ( 0.314    ,  1.953E-03,   0.00    ) |  3.687E-04 2.441E-02
    4460 1.7284E+00 3.6872E-04  ( 0.314    ,  1.953E-03,   0.00    ) |  3.687E-04 2.441E-02
    4461 1.7288E+00 3.6872E-04  ( 0.314    ,  1.953E-03,   0.00    ) |  3.687E-04 2.441E-02
    4462 1.7291E+00 3.6872E-04  ( 0.314    ,  1.953E-03,   0.00    ) |  3.687E-04 2.441E-02
    4463 1.7295E+00 3.6872E-04  ( 0.314    , -1.953E-03,   0.00    ) |  3.687E-04 2.441E-02
    4464 1.7299E+00 3.6872E-04  ( 0.314    ,  1.953E-03,   0.00    ) |  3.687E-04 2.441E-02
    4465 1.7303E+00 3.6873E-04  ( 0.314    ,  1.953E-03,   0.00    ) |  3.687E-04 2.441E-02
    4466 1.7306E+00 3.6873E-04  ( 0.314    ,  1.953E-03,   0.00    ) |  3.687E-04 2.441E-02
    4467 1.7310E+00 3.6873E-04  ( 0.314    ,  1.953E-03,   0.00    ) |  3.687E-04 2.441E-02
    4468 1.7314E+00 3.6873E-04  ( 0.314    ,  1.953E-03,   0.00    ) |  3.687E-04 2.441E-02
    4469 1.7317E+00 3.6874E-04  ( 0.314    ,  1.953E-03,   0.00    ) |  3.687E-04 2.441E-02
    4470 1.7321E+00 3.6874E-04  ( 0.314    , -1.953E-03,   0.00    ) |  3.687E-04 2.441E-02
    4471 1.7325E+00 3.6874E-04  ( 0.314    ,  1.953E-03,   0.00    ) |  3.687E-04 2.441E-02
    4472 1.7328E+00 3.6874E-04  ( 0.314    ,  1.953E-03,   0.00    ) |  3.687E-04 2.441E-02
    4473 1.7332E+00 3.6875E-04  ( 0.314    ,  1.953E-03,   0.00    ) |  3.687E-04 2.441E-02
    4474 1.7336E+00 3.6875E-04  ( 0.314    ,  1.953E-03,   0.00    ) |  3.687E-04 2.441E-02
    4475 1.7339E+00 3.6875E-04  ( 0.314    , -1.953E-03,   0.00    ) |  3.688E-04 2.441E-02
    4476 1.7343E+00 3.6875E-04  ( 0.314    , -1.953E-03,   0.00    ) |  3.688E-04 2.441E-02
    4477 1.7347E+00 3.6876E-04  ( 0.314    , -1.953E-03,   0.00    ) |  3.688E-04 2.441E-02
    4478 1.7350E+00 3.6876E-04  ( 0.314    , -1.953E-03,   0.00    ) |  3.688E-04 2.441E-02
    4479 1.7354E+00 3.6876E-04  ( 0.314    , -1.953E-03,   0.00    ) |  3.688E-04 2.441E-02
    4480 1.7358E+00 3.6876E-04  ( 0.314    , -1.953E-03,   0.00    ) |  3.688E-04 2.441E-02
    4481 1.7362E+00 3.6877E-04  ( 0.314    , -1.953E-03,   0.00    ) |  3.688E-04 2.441E-02
    4482 1.7365E+00 3.6877E-04  ( 0.314    , -1.953E-03,   0.00    ) |  3.688E-04 2.441E-02
    4483 1.7369E+00 3.6877E-04  ( 0.314    , -1.953E-03,   0.00    ) |  3.688E-04 2.441E-02
    4484 1.7373E+00 3.6877E-04  ( 0.314    , -1.953E-03,   0.00    ) |  3.688E-04 2.441E-02
    4485 1.7376E+00 3.6878E-04  ( 0.314    , -1.953E-03,   0.00    ) |  3.688E-04 2.441E-02
    4486 1.7380E+00 3.6878E-04  ( 0.314    , -1.953E-03,   0.00    ) |  3.688E-04 2.441E-02
    4487 1.7384E+00 3.6878E-04  ( 0.314    , -1.953E-03,   0.00    ) |  3.688E-04 2.441E-02
    4488 1.7387E+00 3.6878E-04  ( 0.314    , -1.953E-03,   0.00    ) |  3.688E-04 2.441E-02
    4489 1.7391E+00 3.6878E-04  ( 0.314    , -1.953E-03,   0.00    ) |  3.688E-04 2.441E-02
    4490 1.7395E+00 3.6879E-04  ( 0.314    , -1.953E-03,   0.00    ) |  3.688E-04 2.441E-02
    4491 1.7398E+00 3.6879E-04  ( 0.314    , -1.953E-03,   0.00    ) |  3.688E-04 2.441E-02
    4492 1.7402E+00 3.6879E-04  ( 0.314    , -1.953E-03,   0.00    ) |  3.688E-04 2.441E-02
    4493 1.7406E+00 3.6879E-04  ( 0.314    , -1.953E-03,   0.00    ) |  3.688E-04 2.441E-02
    4494 1.7409E+00 3.6880E-04  ( 0.314    , -1.953E-03,   0.00    ) |  3.688E-04 2.441E-02
    4495 1.7413E+00 3.6880E-04  ( 0.314    , -1.953E-03,   0.00    ) |  3.688E-04 2.441E-02
    4496 1.7417E+00 3.6880E-04  ( 0.314    , -1.953E-03,   0.00    ) |  3.688E-04 2.441E-02
    4497 1.7421E+00 3.6880E-04  ( 0.314    , -1.953E-03,   0.00    ) |  3.688E-04 2.441E-02
    4498 1.7424E+00 3.6881E-04  ( 0.314    , -1.953E-03,   0.00    ) |  3.688E-04 2.441E-02
    4499 1.7428E+00 3.6881E-04  ( 0.314    ,  1.953E-03,   0.00    ) |  3.688E-04 2.441E-02
    4500 1.7432E+00 3.6881E-04  ( 0.314    , -1.953E-03,   0.00    ) |  3.688E-04 2.441E-02
    4501 1.7435E+00 3.6881E-04  ( 0.314    ,  1.953E-03,   0.00    ) |  3.688E-04 2.441E-02
    4502 1.7439E+00 3.6882E-04  ( 0.314    , -1.953E-03,   0.00    ) |  3.688E-04 2.441E-02
    4503 1.7443E+00 3.6882E-04  ( 0.314    ,  1.953E-03,   0.00    ) |  3.688E-04 2.441E-02
    4504 1.7446E+00 3.6882E-04  ( 0.314    , -1.953E-03,   0.00    ) |  3.688E-04 2.441E-02
    4505 1.7450E+00 3.6883E-04  ( 0.314    ,  1.953E-03,   0.00    ) |  3.688E-04 2.441E-02
    4506 1.7454E+00 3.6883E-04  ( 0.314    ,  1.953E-03,   0.00    ) |  3.688E-04 2.441E-02
    4507 1.7457E+00 3.6883E-04  ( 0.314    ,  1.953E-03,   0.00    ) |  3.688E-04 2.441E-02
    4508 1.7461E+00 3.6884E-04  ( 0.314    ,  1.953E-03,   0.00    ) |  3.688E-04 2.441E-02
    4509 1.7465E+00 3.6884E-04  ( 0.314    ,  1.953E-03,   0.00    ) |  3.688E-04 2.441E-02
    4510 1.7468E+00 3.6884E-04  ( 0.314    ,  1.953E-03,   0.00    ) |  3.688E-04 2.441E-02
    4511 1.7472E+00 3.6884E-04  ( 0.314    ,  1.953E-03,   0.00    ) |  3.688E-04 2.441E-02
    4512 1.7476E+00 3.6885E-04  ( 0.314    ,  1.953E-03,   0.00    ) |  3.688E-04 2.441E-02
    4513 1.7480E+00 3.6885E-04  ( 0.314    ,  1.953E-03,   0.00    ) |  3.688E-04 2.441E-02
    4514 1.7483E+00 3.6885E-04  ( 0.314    ,  1.953E-03,   0.00    ) |  3.689E-04 2.441E-02
    4515 1.7487E+00 3.6886E-04  ( 0.314    ,  1.953E-03,   0.00    ) |  3.689E-04 2.441E-02
    4516 1.7491E+00 3.6886E-04  ( 0.314    ,  1.953E-03,   0.00    ) |  3.689E-04 2.441E-02
    4517 1.7494E+00 3.6886E-04  ( 0.314    ,  1.953E-03,   0.00    ) |  3.689E-04 2.441E-02
    4518 1.7498E+00 3.6886E-04  ( 0.314    ,  1.953E-03,   0.00    ) |  3.689E-04 2.441E-02
 *** Wrote plotfile to flash_run_hdf5_plt_cnt_0070 ****
    4519 1.7502E+00 3.6887E-04  ( 0.314    ,  1.953E-03,   0.00    ) |  3.689E-04 2.441E-02
    4520 1.7505E+00 3.6887E-04  ( 0.314    ,  1.953E-03,   0.00    ) |  3.689E-04 2.441E-02
    4521 1.7509E+00 3.6887E-04  ( 0.314    ,  1.953E-03,   0.00    ) |  3.689E-04 2.441E-02
    4522 1.7513E+00 3.6887E-04  ( 0.314    ,  1.953E-03,   0.00    ) |  3.689E-04 2.441E-02
    4523 1.7516E+00 3.6887E-04  ( 0.314    ,  1.953E-03,   0.00    ) |  3.689E-04 2.441E-02
    4524 1.7520E+00 3.6888E-04  ( 0.314    ,  1.953E-03,   0.00    ) |  3.689E-04 2.441E-02
    4525 1.7524E+00 3.6888E-04  ( 0.314    ,  1.953E-03,   0.00    ) |  3.689E-04 2.441E-02
    4526 1.7528E+00 3.6888E-04  ( 0.314    ,  1.953E-03,   0.00    ) |  3.689E-04 2.441E-02
    4527 1.7531E+00 3.6888E-04  ( 0.314    ,  1.953E-03,   0.00    ) |  3.689E-04 2.441E-02
    4528 1.7535E+00 3.6888E-04  ( 0.314    ,  1.953E-03,   0.00    ) |  3.689E-04 2.441E-02
    4529 1.7539E+00 3.6889E-04  ( 0.314    ,  1.953E-03,   0.00    ) |  3.689E-04 2.441E-02
    4530 1.7542E+00 3.6889E-04  ( 0.314    ,  1.953E-03,   0.00    ) |  3.689E-04 2.441E-02
    4531 1.7546E+00 3.6889E-04  ( 0.314    ,  1.953E-03,   0.00    ) |  3.689E-04 2.441E-02
    4532 1.7550E+00 3.6889E-04  ( 0.314    ,  1.953E-03,   0.00    ) |  3.689E-04 2.441E-02
    4533 1.7553E+00 3.6889E-04  ( 0.314    ,  1.953E-03,   0.00    ) |  3.689E-04 2.441E-02
    4534 1.7557E+00 3.6889E-04  ( 0.314    ,  1.953E-03,   0.00    ) |  3.689E-04 2.441E-02
    4535 1.7561E+00 3.6890E-04  ( 0.314    ,  1.953E-03,   0.00    ) |  3.689E-04 2.441E-02
    4536 1.7564E+00 3.6890E-04  ( 0.314    ,  1.953E-03,   0.00    ) |  3.689E-04 2.441E-02
    4537 1.7568E+00 3.6890E-04  ( 0.314    ,  1.953E-03,   0.00    ) |  3.689E-04 2.441E-02
    4538 1.7572E+00 3.6890E-04  ( 0.314    ,  1.953E-03,   0.00    ) |  3.689E-04 2.441E-02
    4539 1.7575E+00 3.6890E-04  ( 0.314    ,  1.953E-03,   0.00    ) |  3.689E-04 2.441E-02
    4540 1.7579E+00 3.6890E-04  ( 0.314    ,  1.953E-03,   0.00    ) |  3.689E-04 2.441E-02
    4541 1.7583E+00 3.6891E-04  ( 0.314    ,  1.953E-03,   0.00    ) |  3.689E-04 2.441E-02
    4542 1.7587E+00 3.6891E-04  ( 0.314    ,  1.953E-03,   0.00    ) |  3.689E-04 2.441E-02
    4543 1.7590E+00 3.6891E-04  ( 0.314    ,  1.953E-03,   0.00    ) |  3.689E-04 2.441E-02
    4544 1.7594E+00 3.6891E-04  ( 0.314    ,  1.953E-03,   0.00    ) |  3.689E-04 2.441E-02
    4545 1.7598E+00 3.6891E-04  ( 0.314    ,  1.953E-03,   0.00    ) |  3.689E-04 2.441E-02
    4546 1.7601E+00 3.6892E-04  ( 0.314    ,  1.953E-03,   0.00    ) |  3.689E-04 2.441E-02
    4547 1.7605E+00 3.6892E-04  ( 0.314    , -1.953E-03,   0.00    ) |  3.689E-04 2.441E-02
    4548 1.7609E+00 3.6892E-04  ( 0.314    ,  1.953E-03,   0.00    ) |  3.689E-04 2.441E-02
    4549 1.7612E+00 3.6892E-04  ( 0.314    ,  1.953E-03,   0.00    ) |  3.689E-04 2.441E-02
    4550 1.7616E+00 3.6892E-04  ( 0.314    , -1.953E-03,   0.00    ) |  3.689E-04 2.441E-02
    4551 1.7620E+00 3.6892E-04  ( 0.314    ,  1.953E-03,   0.00    ) |  3.689E-04 2.441E-02
    4552 1.7623E+00 3.6893E-04  ( 0.314    ,  1.953E-03,   0.00    ) |  3.689E-04 2.441E-02
    4553 1.7627E+00 3.6893E-04  ( 0.314    ,  1.953E-03,   0.00    ) |  3.689E-04 2.441E-02
    4554 1.7631E+00 3.6893E-04  ( 0.314    ,  1.953E-03,   0.00    ) |  3.689E-04 2.441E-02
    4555 1.7634E+00 3.6893E-04  ( 0.314    , -1.953E-03,   0.00    ) |  3.689E-04 2.441E-02
    4556 1.7638E+00 3.6893E-04  ( 0.314    , -1.953E-03,   0.00    ) |  3.689E-04 2.441E-02
    4557 1.7642E+00 3.6893E-04  ( 0.314    ,  1.953E-03,   0.00    ) |  3.689E-04 2.441E-02
    4558 1.7646E+00 3.6893E-04  ( 0.314    ,  1.953E-03,   0.00    ) |  3.689E-04 2.441E-02
    4559 1.7649E+00 3.6893E-04  ( 0.314    , -1.953E-03,   0.00    ) |  3.689E-04 2.441E-02
    4560 1.7653E+00 3.6893E-04  ( 0.314    ,  1.953E-03,   0.00    ) |  3.689E-04 2.441E-02
    4561 1.7657E+00 3.6894E-04  ( 0.314    ,  1.953E-03,   0.00    ) |  3.689E-04 2.441E-02
    4562 1.7660E+00 3.6894E-04  ( 0.314    ,  1.953E-03,   0.00    ) |  3.689E-04 2.441E-02
    4563 1.7664E+00 3.6894E-04  ( 0.314    ,  1.953E-03,   0.00    ) |  3.689E-04 2.441E-02
    4564 1.7668E+00 3.6894E-04  ( 0.314    ,  1.953E-03,   0.00    ) |  3.689E-04 2.441E-02
    4565 1.7671E+00 3.6894E-04  ( 0.314    , -1.953E-03,   0.00    ) |  3.689E-04 2.441E-02
    4566 1.7675E+00 3.6894E-04  ( 0.314    ,  1.953E-03,   0.00    ) |  3.689E-04 2.441E-02
    4567 1.7679E+00 3.6894E-04  ( 0.314    , -1.953E-03,   0.00    ) |  3.689E-04 2.441E-02
    4568 1.7682E+00 3.6894E-04  ( 0.314    , -1.953E-03,   0.00    ) |  3.689E-04 2.441E-02
    4569 1.7686E+00 3.6894E-04  ( 0.314    , -1.953E-03,   0.00    ) |  3.689E-04 2.441E-02
    4570 1.7690E+00 3.6894E-04  ( 0.314    ,  1.953E-03,   0.00    ) |  3.689E-04 2.441E-02
    4571 1.7694E+00 3.6894E-04  ( 0.314    , -1.953E-03,   0.00    ) |  3.689E-04 2.441E-02
    4572 1.7697E+00 3.6894E-04  ( 0.314    , -1.953E-03,   0.00    ) |  3.689E-04 2.441E-02
    4573 1.7701E+00 3.6894E-04  ( 0.314    ,  1.953E-03,   0.00    ) |  3.689E-04 2.441E-02
    4574 1.7705E+00 3.6894E-04  ( 0.314    ,  1.953E-03,   0.00    ) |  3.689E-04 2.441E-02
    4575 1.7708E+00 3.6894E-04  ( 0.314    ,  1.953E-03,   0.00    ) |  3.689E-04 2.441E-02
    4576 1.7712E+00 3.6894E-04  ( 0.314    ,  1.953E-03,   0.00    ) |  3.689E-04 2.441E-02
    4577 1.7716E+00 3.6895E-04  ( 0.314    ,  1.953E-03,   0.00    ) |  3.689E-04 2.441E-02
    4578 1.7719E+00 3.6895E-04  ( 0.314    ,  1.953E-03,   0.00    ) |  3.689E-04 2.441E-02
    4579 1.7723E+00 3.6895E-04  ( 0.314    ,  1.953E-03,   0.00    ) |  3.689E-04 2.441E-02
    4580 1.7727E+00 3.6895E-04  ( 0.314    ,  1.953E-03,   0.00    ) |  3.689E-04 2.441E-02
    4581 1.7730E+00 3.6895E-04  ( 0.314    ,  1.953E-03,   0.00    ) |  3.689E-04 2.441E-02
    4582 1.7734E+00 3.6895E-04  ( 0.314    ,  1.953E-03,   0.00    ) |  3.689E-04 2.441E-02
    4583 1.7738E+00 3.6895E-04  ( 0.314    ,  1.953E-03,   0.00    ) |  3.689E-04 2.441E-02
    4584 1.7741E+00 3.6895E-04  ( 0.314    ,  1.953E-03,   0.00    ) |  3.689E-04 2.441E-02
    4585 1.7745E+00 3.6895E-04  ( 0.314    ,  1.953E-03,   0.00    ) |  3.690E-04 2.441E-02
    4586 1.7749E+00 3.6895E-04  ( 0.314    ,  1.953E-03,   0.00    ) |  3.690E-04 2.441E-02
 *** Wrote plotfile to flash_run_hdf5_plt_cnt_0071 ****
    4587 1.7753E+00 3.6895E-04  ( 0.314    ,  1.953E-03,   0.00    ) |  3.690E-04 2.441E-02
    4588 1.7756E+00 3.6895E-04  ( 0.314    ,  1.953E-03,   0.00    ) |  3.690E-04 2.441E-02
    4589 1.7760E+00 3.6895E-04  ( 0.314    ,  1.953E-03,   0.00    ) |  3.690E-04 2.441E-02
    4590 1.7764E+00 3.6895E-04  ( 0.314    ,  1.953E-03,   0.00    ) |  3.690E-04 2.441E-02
    4591 1.7767E+00 3.6895E-04  ( 0.314    ,  1.953E-03,   0.00    ) |  3.690E-04 2.441E-02
    4592 1.7771E+00 3.6896E-04  ( 0.314    ,  1.953E-03,   0.00    ) |  3.690E-04 2.441E-02
    4593 1.7775E+00 3.6896E-04  ( 0.314    ,  1.953E-03,   0.00    ) |  3.690E-04 2.441E-02
    4594 1.7778E+00 3.6896E-04  ( 0.314    ,  1.953E-03,   0.00    ) |  3.690E-04 2.441E-02
    4595 1.7782E+00 3.6896E-04  ( 0.314    ,  1.953E-03,   0.00    ) |  3.690E-04 2.441E-02
    4596 1.7786E+00 3.6896E-04  ( 0.314    ,  1.953E-03,   0.00    ) |  3.690E-04 2.441E-02
    4597 1.7789E+00 3.6896E-04  ( 0.314    ,  1.953E-03,   0.00    ) |  3.690E-04 2.441E-02
    4598 1.7793E+00 3.6896E-04  ( 0.314    ,  1.953E-03,   0.00    ) |  3.690E-04 2.441E-02
    4599 1.7797E+00 3.6896E-04  ( 0.314    ,  1.953E-03,   0.00    ) |  3.690E-04 2.441E-02
    4600 1.7801E+00 3.6896E-04  ( 0.314    ,  1.953E-03,   0.00    ) |  3.690E-04 2.441E-02
    4601 1.7804E+00 3.6896E-04  ( 0.314    ,  1.953E-03,   0.00    ) |  3.690E-04 2.441E-02
    4602 1.7808E+00 3.6896E-04  ( 0.314    ,  1.953E-03,   0.00    ) |  3.690E-04 2.441E-02
    4603 1.7812E+00 3.6896E-04  ( 0.314    ,  1.953E-03,   0.00    ) |  3.690E-04 2.441E-02
    4604 1.7815E+00 3.6896E-04  ( 0.314    ,  1.953E-03,   0.00    ) |  3.690E-04 2.441E-02
    4605 1.7819E+00 3.6896E-04  ( 0.314    ,  1.953E-03,   0.00    ) |  3.690E-04 2.441E-02
    4606 1.7823E+00 3.6896E-04  ( 0.314    ,  1.953E-03,   0.00    ) |  3.690E-04 2.441E-02
    4607 1.7826E+00 3.6896E-04  ( 0.314    ,  1.953E-03,   0.00    ) |  3.690E-04 2.441E-02
    4608 1.7830E+00 3.6896E-04  ( 0.314    ,  1.953E-03,   0.00    ) |  3.690E-04 2.441E-02
    4609 1.7834E+00 3.6896E-04  ( 0.314    ,  1.953E-03,   0.00    ) |  3.690E-04 2.441E-02
    4610 1.7837E+00 3.6896E-04  ( 0.314    ,  1.953E-03,   0.00    ) |  3.690E-04 2.441E-02
    4611 1.7841E+00 3.6896E-04  ( 0.314    ,  1.953E-03,   0.00    ) |  3.690E-04 2.441E-02
    4612 1.7845E+00 3.6896E-04  ( 0.314    ,  1.953E-03,   0.00    ) |  3.690E-04 2.441E-02
    4613 1.7848E+00 3.6896E-04  ( 0.314    ,  1.953E-03,   0.00    ) |  3.690E-04 2.441E-02
    4614 1.7852E+00 3.6896E-04  ( 0.314    ,  1.953E-03,   0.00    ) |  3.690E-04 2.441E-02
    4615 1.7856E+00 3.6896E-04  ( 0.314    ,  1.953E-03,   0.00    ) |  3.690E-04 2.441E-02
    4616 1.7860E+00 3.6896E-04  ( 0.314    ,  1.953E-03,   0.00    ) |  3.690E-04 2.441E-02
    4617 1.7863E+00 3.6897E-04  ( 0.314    ,  1.953E-03,   0.00    ) |  3.690E-04 2.441E-02
    4618 1.7867E+00 3.6897E-04  ( 0.314    ,  1.953E-03,   0.00    ) |  3.690E-04 2.441E-02
    4619 1.7871E+00 3.6897E-04  ( 0.314    ,  1.953E-03,   0.00    ) |  3.690E-04 2.441E-02
    4620 1.7874E+00 3.6897E-04  ( 0.314    ,  1.953E-03,   0.00    ) |  3.690E-04 2.441E-02
    4621 1.7878E+00 3.6897E-04  ( 0.314    ,  1.953E-03,   0.00    ) |  3.690E-04 2.441E-02
    4622 1.7882E+00 3.6897E-04  ( 0.314    ,  1.953E-03,   0.00    ) |  3.690E-04 2.441E-02
    4623 1.7885E+00 3.6897E-04  ( 0.314    ,  1.953E-03,   0.00    ) |  3.690E-04 2.441E-02
    4624 1.7889E+00 3.6897E-04  ( 0.314    ,  1.953E-03,   0.00    ) |  3.690E-04 2.441E-02
    4625 1.7893E+00 3.6898E-04  ( 0.314    ,  1.953E-03,   0.00    ) |  3.690E-04 2.441E-02
    4626 1.7896E+00 3.6898E-04  ( 0.314    ,  1.953E-03,   0.00    ) |  3.690E-04 2.441E-02
    4627 1.7900E+00 3.6898E-04  ( 0.314    , -1.953E-03,   0.00    ) |  3.690E-04 2.441E-02
    4628 1.7904E+00 3.6898E-04  ( 0.314    ,  1.953E-03,   0.00    ) |  3.690E-04 2.441E-02
    4629 1.7908E+00 3.6898E-04  ( 0.314    ,  1.953E-03,   0.00    ) |  3.690E-04 2.441E-02
    4630 1.7911E+00 3.6898E-04  ( 0.314    , -1.953E-03,   0.00    ) |  3.690E-04 2.441E-02
    4631 1.7915E+00 3.6898E-04  ( 0.314    ,  1.953E-03,   0.00    ) |  3.690E-04 2.441E-02
    4632 1.7919E+00 3.6899E-04  ( 0.314    , -1.953E-03,   0.00    ) |  3.690E-04 2.441E-02
    4633 1.7922E+00 3.6899E-04  ( 0.314    ,  1.953E-03,   0.00    ) |  3.690E-04 2.441E-02
    4634 1.7926E+00 3.6899E-04  ( 0.314    ,  1.953E-03,   0.00    ) |  3.690E-04 2.441E-02
    4635 1.7930E+00 3.6899E-04  ( 0.314    ,  1.953E-03,   0.00    ) |  3.690E-04 2.441E-02
    4636 1.7933E+00 3.6899E-04  ( 0.314    ,  1.953E-03,   0.00    ) |  3.690E-04 2.441E-02
    4637 1.7937E+00 3.6899E-04  ( 0.314    ,  1.953E-03,   0.00    ) |  3.690E-04 2.441E-02
    4638 1.7941E+00 3.6899E-04  ( 0.314    ,  1.953E-03,   0.00    ) |  3.690E-04 2.441E-02
    4639 1.7944E+00 3.6900E-04  ( 0.314    ,  1.953E-03,   0.00    ) |  3.690E-04 2.441E-02
    4640 1.7948E+00 3.6900E-04  ( 0.314    ,  1.953E-03,   0.00    ) |  3.690E-04 2.441E-02
    4641 1.7952E+00 3.6900E-04  ( 0.314    ,  1.953E-03,   0.00    ) |  3.690E-04 2.441E-02
    4642 1.7955E+00 3.6900E-04  ( 0.314    ,  1.953E-03,   0.00    ) |  3.690E-04 2.441E-02
    4643 1.7959E+00 3.6900E-04  ( 0.314    ,  1.953E-03,   0.00    ) |  3.690E-04 2.441E-02
    4644 1.7963E+00 3.6900E-04  ( 0.314    ,  1.953E-03,   0.00    ) |  3.690E-04 2.441E-02
    4645 1.7967E+00 3.6900E-04  ( 0.314    ,  1.953E-03,   0.00    ) |  3.690E-04 2.441E-02
    4646 1.7970E+00 3.6901E-04  ( 0.311    ,  1.953E-03,   0.00    ) |  3.690E-04 2.441E-02
    4647 1.7974E+00 3.6901E-04  ( 0.311    ,  1.953E-03,   0.00    ) |  3.690E-04 2.441E-02
    4648 1.7978E+00 3.6901E-04  ( 0.311    ,  1.953E-03,   0.00    ) |  3.690E-04 2.441E-02
    4649 1.7981E+00 3.6901E-04  ( 0.311    ,  1.953E-03,   0.00    ) |  3.690E-04 2.441E-02
    4650 1.7985E+00 3.6901E-04  ( 0.311    ,  1.953E-03,   0.00    ) |  3.690E-04 2.441E-02
    4651 1.7989E+00 3.6901E-04  ( 0.311    ,  1.953E-03,   0.00    ) |  3.690E-04 2.441E-02
    4652 1.7992E+00 3.6902E-04  ( 0.311    ,  1.953E-03,   0.00    ) |  3.690E-04 2.441E-02
    4653 1.7996E+00 3.6902E-04  ( 0.311    ,  1.953E-03,   0.00    ) |  3.690E-04 2.441E-02
    4654 1.8000E+00 3.6902E-04  ( 0.311    , -1.953E-03,   0.00    ) |  3.690E-04 2.441E-02
 *** Wrote plotfile to flash_run_hdf5_plt_cnt_0072 ****
    4655 1.8003E+00 3.6902E-04  ( 0.311    ,  1.953E-03,   0.00    ) |  3.690E-04 2.441E-02
    4656 1.8007E+00 3.6902E-04  ( 0.311    ,  1.953E-03,   0.00    ) |  3.690E-04 2.441E-02
    4657 1.8011E+00 3.6902E-04  ( 0.311    ,  1.953E-03,   0.00    ) |  3.690E-04 2.441E-02
    4658 1.8015E+00 3.6903E-04  ( 0.311    ,  1.953E-03,   0.00    ) |  3.690E-04 2.441E-02
    4659 1.8018E+00 3.6903E-04  ( 0.311    ,  1.953E-03,   0.00    ) |  3.690E-04 2.441E-02
    4660 1.8022E+00 3.6903E-04  ( 0.311    , -1.953E-03,   0.00    ) |  3.690E-04 2.441E-02
    4661 1.8026E+00 3.6903E-04  ( 0.311    , -1.953E-03,   0.00    ) |  3.690E-04 2.441E-02
    4662 1.8029E+00 3.6903E-04  ( 0.311    ,  1.953E-03,   0.00    ) |  3.690E-04 2.441E-02
    4663 1.8033E+00 3.6904E-04  ( 0.311    , -1.953E-03,   0.00    ) |  3.690E-04 2.441E-02
    4664 1.8037E+00 3.6904E-04  ( 0.311    , -1.953E-03,   0.00    ) |  3.690E-04 2.441E-02
    4665 1.8040E+00 3.6904E-04  ( 0.311    , -1.953E-03,   0.00    ) |  3.690E-04 2.441E-02
    4666 1.8044E+00 3.6904E-04  ( 0.311    , -1.953E-03,   0.00    ) |  3.690E-04 2.441E-02
    4667 1.8048E+00 3.6905E-04  ( 0.311    , -1.953E-03,   0.00    ) |  3.690E-04 2.441E-02
    4668 1.8051E+00 3.6905E-04  ( 0.311    , -1.953E-03,   0.00    ) |  3.690E-04 2.441E-02
    4669 1.8055E+00 3.6905E-04  ( 0.311    , -1.953E-03,   0.00    ) |  3.691E-04 2.441E-02
    4670 1.8059E+00 3.6905E-04  ( 0.311    , -1.953E-03,   0.00    ) |  3.691E-04 2.441E-02
    4671 1.8063E+00 3.6905E-04  ( 0.311    , -1.953E-03,   0.00    ) |  3.691E-04 2.441E-02
    4672 1.8066E+00 3.6906E-04  ( 0.311    , -1.953E-03,   0.00    ) |  3.691E-04 2.441E-02
    4673 1.8070E+00 3.6906E-04  ( 0.311    , -1.953E-03,   0.00    ) |  3.691E-04 2.441E-02
    4674 1.8074E+00 3.6906E-04  ( 0.311    , -1.953E-03,   0.00    ) |  3.691E-04 2.441E-02
    4675 1.8077E+00 3.6906E-04  ( 0.311    , -1.953E-03,   0.00    ) |  3.691E-04 2.441E-02
    4676 1.8081E+00 3.6907E-04  ( 0.311    , -1.953E-03,   0.00    ) |  3.691E-04 2.441E-02
    4677 1.8085E+00 3.6907E-04  ( 0.311    , -1.953E-03,   0.00    ) |  3.691E-04 2.441E-02
    4678 1.8088E+00 3.6907E-04  ( 0.311    , -1.953E-03,   0.00    ) |  3.691E-04 2.441E-02
    4679 1.8092E+00 3.6907E-04  ( 0.311    , -1.953E-03,   0.00    ) |  3.691E-04 2.441E-02
    4680 1.8096E+00 3.6908E-04  ( 0.311    , -1.953E-03,   0.00    ) |  3.691E-04 2.441E-02
    4681 1.8099E+00 3.6908E-04  ( 0.311    , -1.953E-03,   0.00    ) |  3.691E-04 2.441E-02
    4682 1.8103E+00 3.6908E-04  ( 0.311    , -1.953E-03,   0.00    ) |  3.691E-04 2.441E-02
    4683 1.8107E+00 3.6908E-04  ( 0.311    , -1.953E-03,   0.00    ) |  3.691E-04 2.441E-02
    4684 1.8110E+00 3.6909E-04  ( 0.311    , -1.953E-03,   0.00    ) |  3.691E-04 2.441E-02
    4685 1.8114E+00 3.6909E-04  ( 0.311    , -1.953E-03,   0.00    ) |  3.691E-04 2.441E-02
    4686 1.8118E+00 3.6909E-04  ( 0.311    , -1.953E-03,   0.00    ) |  3.691E-04 2.441E-02
    4687 1.8122E+00 3.6909E-04  ( 0.311    , -1.953E-03,   0.00    ) |  3.691E-04 2.441E-02
    4688 1.8125E+00 3.6910E-04  ( 0.311    , -1.953E-03,   0.00    ) |  3.691E-04 2.441E-02
    4689 1.8129E+00 3.6910E-04  ( 0.311    , -1.953E-03,   0.00    ) |  3.691E-04 2.441E-02
    4690 1.8133E+00 3.6910E-04  ( 0.311    , -1.953E-03,   0.00    ) |  3.691E-04 2.441E-02
    4691 1.8136E+00 3.6910E-04  ( 0.311    , -1.953E-03,   0.00    ) |  3.691E-04 2.441E-02
    4692 1.8140E+00 3.6911E-04  ( 0.311    , -1.953E-03,   0.00    ) |  3.691E-04 2.441E-02
    4693 1.8144E+00 3.6911E-04  ( 0.311    , -1.953E-03,   0.00    ) |  3.691E-04 2.441E-02
    4694 1.8147E+00 3.6911E-04  ( 0.311    , -1.953E-03,   0.00    ) |  3.691E-04 2.441E-02
    4695 1.8151E+00 3.6911E-04  ( 0.311    , -1.953E-03,   0.00    ) |  3.691E-04 2.441E-02
    4696 1.8155E+00 3.6911E-04  ( 0.311    , -1.953E-03,   0.00    ) |  3.691E-04 2.441E-02
    4697 1.8158E+00 3.6912E-04  ( 0.311    , -1.953E-03,   0.00    ) |  3.691E-04 2.441E-02
    4698 1.8162E+00 3.6912E-04  ( 0.311    , -1.953E-03,   0.00    ) |  3.691E-04 2.441E-02
    4699 1.8166E+00 3.6912E-04  ( 0.311    , -1.953E-03,   0.00    ) |  3.691E-04 2.441E-02
    4700 1.8170E+00 3.6912E-04  ( 0.311    , -1.953E-03,   0.00    ) |  3.691E-04 2.441E-02
    4701 1.8173E+00 3.6913E-04  ( 0.311    , -1.953E-03,   0.00    ) |  3.691E-04 2.441E-02
    4702 1.8177E+00 3.6913E-04  ( 0.311    , -1.953E-03,   0.00    ) |  3.691E-04 2.441E-02
    4703 1.8181E+00 3.6913E-04  ( 0.311    , -1.953E-03,   0.00    ) |  3.691E-04 2.441E-02
    4704 1.8184E+00 3.6913E-04  ( 0.311    , -1.953E-03,   0.00    ) |  3.691E-04 2.441E-02
    4705 1.8188E+00 3.6913E-04  ( 0.311    , -1.953E-03,   0.00    ) |  3.691E-04 2.441E-02
    4706 1.8192E+00 3.6913E-04  ( 0.311    , -1.953E-03,   0.00    ) |  3.691E-04 2.441E-02
    4707 1.8195E+00 3.6914E-04  ( 0.311    , -1.953E-03,   0.00    ) |  3.691E-04 2.441E-02
    4708 1.8199E+00 3.6914E-04  ( 0.311    , -1.953E-03,   0.00    ) |  3.691E-04 2.441E-02
    4709 1.8203E+00 3.6914E-04  ( 0.311    , -1.953E-03,   0.00    ) |  3.691E-04 2.441E-02
    4710 1.8206E+00 3.6914E-04  ( 0.311    , -1.953E-03,   0.00    ) |  3.691E-04 2.441E-02
    4711 1.8210E+00 3.6914E-04  ( 0.311    , -1.953E-03,   0.00    ) |  3.691E-04 2.441E-02
    4712 1.8214E+00 3.6915E-04  ( 0.311    , -1.953E-03,   0.00    ) |  3.691E-04 2.441E-02
    4713 1.8218E+00 3.6915E-04  ( 0.311    , -1.953E-03,   0.00    ) |  3.691E-04 2.441E-02
    4714 1.8221E+00 3.6915E-04  ( 0.311    , -1.953E-03,   0.00    ) |  3.691E-04 2.441E-02
    4715 1.8225E+00 3.6915E-04  ( 0.311    , -1.953E-03,   0.00    ) |  3.692E-04 2.441E-02
    4716 1.8229E+00 3.6915E-04  ( 0.311    , -1.953E-03,   0.00    ) |  3.692E-04 2.441E-02
    4717 1.8232E+00 3.6915E-04  ( 0.311    , -1.953E-03,   0.00    ) |  3.692E-04 2.441E-02
    4718 1.8236E+00 3.6916E-04  ( 0.311    , -1.953E-03,   0.00    ) |  3.692E-04 2.441E-02
    4719 1.8240E+00 3.6916E-04  ( 0.311    , -1.953E-03,   0.00    ) |  3.692E-04 2.441E-02
    4720 1.8243E+00 3.6916E-04  ( 0.311    , -1.953E-03,   0.00    ) |  3.692E-04 2.441E-02
    4721 1.8247E+00 3.6916E-04  ( 0.311    , -1.953E-03,   0.00    ) |  3.692E-04 2.441E-02
 *** Wrote plotfile to flash_run_hdf5_plt_cnt_0073 ****
    4722 1.8251E+00 3.6916E-04  ( 0.311    , -1.953E-03,   0.00    ) |  3.692E-04 2.441E-02
    4723 1.8254E+00 3.6917E-04  ( 0.311    , -1.953E-03,   0.00    ) |  3.692E-04 2.441E-02
    4724 1.8258E+00 3.6917E-04  ( 0.311    , -1.953E-03,   0.00    ) |  3.692E-04 2.441E-02
    4725 1.8262E+00 3.6917E-04  ( 0.311    , -1.953E-03,   0.00    ) |  3.692E-04 2.441E-02
    4726 1.8266E+00 3.6917E-04  ( 0.311    , -1.953E-03,   0.00    ) |  3.692E-04 2.441E-02
    4727 1.8269E+00 3.6918E-04  ( 0.311    , -1.953E-03,   0.00    ) |  3.692E-04 2.441E-02
    4728 1.8273E+00 3.6918E-04  ( 0.311    , -1.953E-03,   0.00    ) |  3.692E-04 2.441E-02
    4729 1.8277E+00 3.6918E-04  ( 0.311    , -1.953E-03,   0.00    ) |  3.692E-04 2.441E-02
    4730 1.8280E+00 3.6918E-04  ( 0.311    , -1.953E-03,   0.00    ) |  3.692E-04 2.441E-02
    4731 1.8284E+00 3.6918E-04  ( 0.311    , -1.953E-03,   0.00    ) |  3.692E-04 2.441E-02
    4732 1.8288E+00 3.6919E-04  ( 0.311    , -1.953E-03,   0.00    ) |  3.692E-04 2.441E-02
    4733 1.8291E+00 3.6919E-04  ( 0.311    , -1.953E-03,   0.00    ) |  3.692E-04 2.441E-02
    4734 1.8295E+00 3.6919E-04  ( 0.311    , -1.953E-03,   0.00    ) |  3.692E-04 2.441E-02
    4735 1.8299E+00 3.6919E-04  ( 0.311    , -1.953E-03,   0.00    ) |  3.692E-04 2.441E-02
    4736 1.8302E+00 3.6920E-04  ( 0.311    , -1.953E-03,   0.00    ) |  3.692E-04 2.441E-02
    4737 1.8306E+00 3.6920E-04  ( 0.311    , -1.953E-03,   0.00    ) |  3.692E-04 2.441E-02
    4738 1.8310E+00 3.6920E-04  ( 0.311    , -1.953E-03,   0.00    ) |  3.692E-04 2.441E-02
    4739 1.8314E+00 3.6920E-04  ( 0.311    , -1.953E-03,   0.00    ) |  3.692E-04 2.441E-02
    4740 1.8317E+00 3.6921E-04  ( 0.311    , -1.953E-03,   0.00    ) |  3.692E-04 2.441E-02
    4741 1.8321E+00 3.6921E-04  ( 0.311    , -1.953E-03,   0.00    ) |  3.692E-04 2.441E-02
    4742 1.8325E+00 3.6921E-04  ( 0.311    ,  1.953E-03,   0.00    ) |  3.692E-04 2.441E-02
    4743 1.8328E+00 3.6921E-04  ( 0.311    ,  1.953E-03,   0.00    ) |  3.692E-04 2.441E-02
    4744 1.8332E+00 3.6921E-04  ( 0.311    ,  1.953E-03,   0.00    ) |  3.692E-04 2.441E-02
    4745 1.8336E+00 3.6921E-04  ( 0.311    ,  1.953E-03,   0.00    ) |  3.692E-04 2.441E-02
    4746 1.8339E+00 3.6922E-04  ( 0.311    ,  1.953E-03,   0.00    ) |  3.692E-04 2.441E-02
    4747 1.8343E+00 3.6922E-04  ( 0.311    ,  1.953E-03,   0.00    ) |  3.692E-04 2.441E-02
    4748 1.8347E+00 3.6922E-04  ( 0.311    ,  1.953E-03,   0.00    ) |  3.692E-04 2.441E-02
    4749 1.8350E+00 3.6922E-04  ( 0.311    ,  1.953E-03,   0.00    ) |  3.692E-04 2.441E-02
    4750 1.8354E+00 3.6922E-04  ( 0.311    ,  1.953E-03,   0.00    ) |  3.692E-04 2.441E-02
    4751 1.8358E+00 3.6923E-04  ( 0.311    ,  1.953E-03,   0.00    ) |  3.692E-04 2.441E-02
    4752 1.8362E+00 3.6923E-04  ( 0.311    ,  1.953E-03,   0.00    ) |  3.692E-04 2.441E-02
    4753 1.8365E+00 3.6923E-04  ( 0.311    ,  1.953E-03,   0.00    ) |  3.692E-04 2.441E-02
    4754 1.8369E+00 3.6923E-04  ( 0.311    ,  1.953E-03,   0.00    ) |  3.692E-04 2.441E-02
    4755 1.8373E+00 3.6923E-04  ( 0.311    ,  1.953E-03,   0.00    ) |  3.692E-04 2.441E-02
    4756 1.8376E+00 3.6923E-04  ( 0.311    ,  1.953E-03,   0.00    ) |  3.692E-04 2.441E-02
    4757 1.8380E+00 3.6924E-04  ( 0.311    ,  1.953E-03,   0.00    ) |  3.692E-04 2.441E-02
    4758 1.8384E+00 3.6924E-04  ( 0.311    ,  1.953E-03,   0.00    ) |  3.692E-04 2.441E-02
    4759 1.8387E+00 3.6924E-04  ( 0.311    ,  1.953E-03,   0.00    ) |  3.692E-04 2.441E-02
    4760 1.8391E+00 3.6924E-04  ( 0.311    ,  1.953E-03,   0.00    ) |  3.692E-04 2.441E-02
    4761 1.8395E+00 3.6924E-04  ( 0.311    ,  1.953E-03,   0.00    ) |  3.692E-04 2.441E-02
    4762 1.8398E+00 3.6924E-04  ( 0.311    ,  1.953E-03,   0.00    ) |  3.692E-04 2.441E-02
    4763 1.8402E+00 3.6925E-04  ( 0.311    ,  1.953E-03,   0.00    ) |  3.692E-04 2.441E-02
    4764 1.8406E+00 3.6925E-04  ( 0.311    ,  1.953E-03,   0.00    ) |  3.692E-04 2.441E-02
    4765 1.8410E+00 3.6925E-04  ( 0.311    ,  1.953E-03,   0.00    ) |  3.693E-04 2.441E-02
    4766 1.8413E+00 3.6925E-04  ( 0.311    ,  1.953E-03,   0.00    ) |  3.693E-04 2.441E-02
    4767 1.8417E+00 3.6925E-04  ( 0.311    ,  1.953E-03,   0.00    ) |  3.693E-04 2.441E-02
    4768 1.8421E+00 3.6926E-04  ( 0.311    ,  1.953E-03,   0.00    ) |  3.693E-04 2.441E-02
    4769 1.8424E+00 3.6926E-04  ( 0.311    ,  1.953E-03,   0.00    ) |  3.693E-04 2.441E-02
    4770 1.8428E+00 3.6926E-04  ( 0.311    ,  1.953E-03,   0.00    ) |  3.693E-04 2.441E-02
    4771 1.8432E+00 3.6926E-04  ( 0.311    ,  1.953E-03,   0.00    ) |  3.693E-04 2.441E-02
    4772 1.8435E+00 3.6927E-04  ( 0.311    ,  1.953E-03,   0.00    ) |  3.693E-04 2.441E-02
    4773 1.8439E+00 3.6927E-04  ( 0.311    ,  1.953E-03,   0.00    ) |  3.693E-04 2.441E-02
    4774 1.8443E+00 3.6927E-04  ( 0.311    ,  1.953E-03,   0.00    ) |  3.693E-04 2.441E-02
    4775 1.8446E+00 3.6927E-04  ( 0.311    ,  1.953E-03,   0.00    ) |  3.693E-04 2.441E-02
    4776 1.8450E+00 3.6927E-04  ( 0.311    ,  1.953E-03,   0.00    ) |  3.693E-04 2.441E-02
    4777 1.8454E+00 3.6928E-04  ( 0.311    ,  1.953E-03,   0.00    ) |  3.693E-04 2.441E-02
    4778 1.8458E+00 3.6928E-04  ( 0.311    ,  1.953E-03,   0.00    ) |  3.693E-04 2.441E-02
    4779 1.8461E+00 3.6928E-04  ( 0.311    ,  1.953E-03,   0.00    ) |  3.693E-04 2.441E-02
    4780 1.8465E+00 3.6928E-04  ( 0.311    ,  1.953E-03,   0.00    ) |  3.693E-04 2.441E-02
    4781 1.8469E+00 3.6929E-04  ( 0.311    ,  1.953E-03,   0.00    ) |  3.693E-04 2.441E-02
    4782 1.8472E+00 3.6929E-04  ( 0.311    ,  1.953E-03,   0.00    ) |  3.693E-04 2.441E-02
    4783 1.8476E+00 3.6929E-04  ( 0.311    ,  1.953E-03,   0.00    ) |  3.693E-04 2.441E-02
    4784 1.8480E+00 3.6930E-04  ( 0.311    ,  1.953E-03,   0.00    ) |  3.693E-04 2.441E-02
    4785 1.8483E+00 3.6930E-04  ( 0.311    ,  1.953E-03,   0.00    ) |  3.693E-04 2.441E-02
    4786 1.8487E+00 3.6930E-04  ( 0.311    ,  1.953E-03,   0.00    ) |  3.693E-04 2.441E-02
    4787 1.8491E+00 3.6930E-04  ( 0.311    ,  1.953E-03,   0.00    ) |  3.693E-04 2.441E-02
    4788 1.8494E+00 3.6931E-04  ( 0.311    ,  1.953E-03,   0.00    ) |  3.693E-04 2.441E-02
    4789 1.8498E+00 3.6931E-04  ( 0.311    ,  1.953E-03,   0.00    ) |  3.693E-04 2.441E-02
 *** Wrote plotfile to flash_run_hdf5_plt_cnt_0074 ****
    4790 1.8502E+00 3.6931E-04  ( 0.311    ,  1.953E-03,   0.00    ) |  3.693E-04 2.441E-02
    4791 1.8506E+00 3.6932E-04  ( 0.311    ,  1.953E-03,   0.00    ) |  3.693E-04 2.441E-02
    4792 1.8509E+00 3.6932E-04  ( 0.311    ,  1.953E-03,   0.00    ) |  3.693E-04 2.441E-02
    4793 1.8513E+00 3.6932E-04  ( 0.311    ,  1.953E-03,   0.00    ) |  3.693E-04 2.441E-02
    4794 1.8517E+00 3.6933E-04  ( 0.311    ,  1.953E-03,   0.00    ) |  3.693E-04 2.441E-02
    4795 1.8520E+00 3.6933E-04  ( 0.311    ,  1.953E-03,   0.00    ) |  3.693E-04 2.441E-02
    4796 1.8524E+00 3.6934E-04  ( 0.311    ,  1.953E-03,   0.00    ) |  3.693E-04 2.441E-02
    4797 1.8528E+00 3.6934E-04  ( 0.311    ,  1.953E-03,   0.00    ) |  3.693E-04 2.441E-02
    4798 1.8531E+00 3.6934E-04  ( 0.311    ,  1.953E-03,   0.00    ) |  3.693E-04 2.441E-02
    4799 1.8535E+00 3.6935E-04  ( 0.311    ,  1.953E-03,   0.00    ) |  3.693E-04 2.441E-02
    4800 1.8539E+00 3.6935E-04  ( 0.311    ,  1.953E-03,   0.00    ) |  3.693E-04 2.441E-02
    4801 1.8542E+00 3.6935E-04  ( 0.311    ,  1.953E-03,   0.00    ) |  3.694E-04 2.441E-02
    4802 1.8546E+00 3.6936E-04  ( 0.311    ,  1.953E-03,   0.00    ) |  3.694E-04 2.441E-02
    4803 1.8550E+00 3.6936E-04  ( 0.311    ,  1.953E-03,   0.00    ) |  3.694E-04 2.441E-02
    4804 1.8554E+00 3.6937E-04  ( 0.311    ,  1.953E-03,   0.00    ) |  3.694E-04 2.441E-02
    4805 1.8557E+00 3.6937E-04  ( 0.311    ,  1.953E-03,   0.00    ) |  3.694E-04 2.441E-02
    4806 1.8561E+00 3.6937E-04  ( 0.311    ,  1.953E-03,   0.00    ) |  3.694E-04 2.441E-02
    4807 1.8565E+00 3.6938E-04  ( 0.311    ,  1.953E-03,   0.00    ) |  3.694E-04 2.441E-02
    4808 1.8568E+00 3.6938E-04  ( 0.311    ,  1.953E-03,   0.00    ) |  3.694E-04 2.441E-02
    4809 1.8572E+00 3.6939E-04  ( 0.311    ,  1.953E-03,   0.00    ) |  3.694E-04 2.441E-02
    4810 1.8576E+00 3.6939E-04  ( 0.311    ,  1.953E-03,   0.00    ) |  3.694E-04 2.441E-02
    4811 1.8579E+00 3.6939E-04  ( 0.311    ,  1.953E-03,   0.00    ) |  3.694E-04 2.441E-02
    4812 1.8583E+00 3.6940E-04  ( 0.311    ,  1.953E-03,   0.00    ) |  3.694E-04 2.441E-02
    4813 1.8587E+00 3.6940E-04  ( 0.311    ,  1.953E-03,   0.00    ) |  3.694E-04 2.441E-02
    4814 1.8590E+00 3.6941E-04  ( 0.311    ,  1.953E-03,   0.00    ) |  3.694E-04 2.441E-02
    4815 1.8594E+00 3.6941E-04  ( 0.311    ,  1.953E-03,   0.00    ) |  3.694E-04 2.441E-02
    4816 1.8598E+00 3.6942E-04  ( 0.311    ,  1.953E-03,   0.00    ) |  3.694E-04 2.441E-02
    4817 1.8602E+00 3.6942E-04  ( 0.311    ,  1.953E-03,   0.00    ) |  3.694E-04 2.441E-02
    4818 1.8605E+00 3.6943E-04  ( 0.311    ,  1.953E-03,   0.00    ) |  3.694E-04 2.441E-02
    4819 1.8609E+00 3.6943E-04  ( 0.311    ,  1.953E-03,   0.00    ) |  3.694E-04 2.441E-02
    4820 1.8613E+00 3.6944E-04  ( 0.311    ,  1.953E-03,   0.00    ) |  3.694E-04 2.441E-02
    4821 1.8616E+00 3.6944E-04  ( 0.311    ,  1.953E-03,   0.00    ) |  3.694E-04 2.441E-02
    4822 1.8620E+00 3.6945E-04  ( 0.311    ,  1.953E-03,   0.00    ) |  3.694E-04 2.441E-02
    4823 1.8624E+00 3.6945E-04  ( 0.311    ,  1.953E-03,   0.00    ) |  3.695E-04 2.441E-02
    4824 1.8627E+00 3.6946E-04  ( 0.311    ,  1.953E-03,   0.00    ) |  3.695E-04 2.441E-02
    4825 1.8631E+00 3.6946E-04  ( 0.311    ,  1.953E-03,   0.00    ) |  3.695E-04 2.441E-02
    4826 1.8635E+00 3.6947E-04  ( 0.311    ,  1.953E-03,   0.00    ) |  3.695E-04 2.441E-02
    4827 1.8639E+00 3.6947E-04  ( 0.311    ,  1.953E-03,   0.00    ) |  3.695E-04 2.441E-02
    4828 1.8642E+00 3.6948E-04  ( 0.311    ,  1.953E-03,   0.00    ) |  3.695E-04 2.441E-02
    4829 1.8646E+00 3.6948E-04  ( 0.311    ,  1.953E-03,   0.00    ) |  3.695E-04 2.441E-02
    4830 1.8650E+00 3.6949E-04  ( 0.311    ,  1.953E-03,   0.00    ) |  3.695E-04 2.441E-02
    4831 1.8653E+00 3.6949E-04  ( 0.311    ,  1.953E-03,   0.00    ) |  3.695E-04 2.441E-02
    4832 1.8657E+00 3.6950E-04  ( 0.311    ,  1.953E-03,   0.00    ) |  3.695E-04 2.441E-02
    4833 1.8661E+00 3.6950E-04  ( 0.311    ,  1.953E-03,   0.00    ) |  3.695E-04 2.441E-02
    4834 1.8664E+00 3.6951E-04  ( 0.311    ,  1.953E-03,   0.00    ) |  3.695E-04 2.441E-02
    4835 1.8668E+00 3.6951E-04  ( 0.311    ,  1.953E-03,   0.00    ) |  3.695E-04 2.441E-02
    4836 1.8672E+00 3.6951E-04  ( 0.311    ,  1.953E-03,   0.00    ) |  3.695E-04 2.441E-02
    4837 1.8675E+00 3.6952E-04  ( 0.311    ,  1.953E-03,   0.00    ) |  3.695E-04 2.441E-02
    4838 1.8679E+00 3.6952E-04  ( 0.311    , -1.953E-03,   0.00    ) |  3.695E-04 2.441E-02
    4839 1.8683E+00 3.6953E-04  ( 0.311    ,  1.953E-03,   0.00    ) |  3.695E-04 2.441E-02
    4840 1.8687E+00 3.6953E-04  ( 0.311    ,  1.953E-03,   0.00    ) |  3.695E-04 2.441E-02
    4841 1.8690E+00 3.6954E-04  ( 0.311    ,  1.953E-03,   0.00    ) |  3.695E-04 2.441E-02
    4842 1.8694E+00 3.6954E-04  ( 0.311    ,  1.953E-03,   0.00    ) |  3.695E-04 2.441E-02
    4843 1.8698E+00 3.6955E-04  ( 0.311    , -1.953E-03,   0.00    ) |  3.695E-04 2.441E-02
    4844 1.8701E+00 3.6955E-04  ( 0.311    ,  1.953E-03,   0.00    ) |  3.696E-04 2.441E-02
    4845 1.8705E+00 3.6956E-04  ( 0.311    , -1.953E-03,   0.00    ) |  3.696E-04 2.441E-02
    4846 1.8709E+00 3.6956E-04  ( 0.311    , -1.953E-03,   0.00    ) |  3.696E-04 2.441E-02
    4847 1.8712E+00 3.6957E-04  ( 0.311    , -1.953E-03,   0.00    ) |  3.696E-04 2.441E-02
    4848 1.8716E+00 3.6957E-04  ( 0.311    , -1.953E-03,   0.00    ) |  3.696E-04 2.441E-02
    4849 1.8720E+00 3.6958E-04  ( 0.311    , -1.953E-03,   0.00    ) |  3.696E-04 2.441E-02
    4850 1.8723E+00 3.6958E-04  ( 0.311    , -1.953E-03,   0.00    ) |  3.696E-04 2.441E-02
    4851 1.8727E+00 3.6959E-04  ( 0.311    ,  1.953E-03,   0.00    ) |  3.696E-04 2.441E-02
    4852 1.8731E+00 3.6959E-04  ( 0.311    , -1.953E-03,   0.00    ) |  3.696E-04 2.441E-02
    4853 1.8735E+00 3.6960E-04  ( 0.311    , -1.953E-03,   0.00    ) |  3.696E-04 2.441E-02
    4854 1.8738E+00 3.6960E-04  ( 0.311    , -1.953E-03,   0.00    ) |  3.696E-04 2.441E-02
    4855 1.8742E+00 3.6961E-04  ( 0.311    , -1.953E-03,   0.00    ) |  3.696E-04 2.441E-02
    4856 1.8746E+00 3.6962E-04  ( 0.311    , -1.953E-03,   0.00    ) |  3.696E-04 2.441E-02
    4857 1.8749E+00 3.6962E-04  ( 0.311    , -1.953E-03,   0.00    ) |  3.696E-04 2.441E-02
 *** Wrote plotfile to flash_run_hdf5_plt_cnt_0075 ****
    4858 1.8753E+00 3.6963E-04  ( 0.311    , -1.953E-03,   0.00    ) |  3.696E-04 2.441E-02
    4859 1.8757E+00 3.6963E-04  ( 0.311    ,  1.953E-03,   0.00    ) |  3.696E-04 2.441E-02
    4860 1.8760E+00 3.6964E-04  ( 0.311    ,  1.953E-03,   0.00    ) |  3.696E-04 2.441E-02
    4861 1.8764E+00 3.6964E-04  ( 0.311    , -1.953E-03,   0.00    ) |  3.696E-04 2.441E-02
    4862 1.8768E+00 3.6965E-04  ( 0.311    ,  1.953E-03,   0.00    ) |  3.696E-04 2.441E-02
    4863 1.8772E+00 3.6965E-04  ( 0.311    ,  1.953E-03,   0.00    ) |  3.697E-04 2.441E-02
    4864 1.8775E+00 3.6966E-04  ( 0.311    ,  1.953E-03,   0.00    ) |  3.697E-04 2.441E-02
    4865 1.8779E+00 3.6966E-04  ( 0.311    ,  1.953E-03,   0.00    ) |  3.697E-04 2.441E-02
    4866 1.8783E+00 3.6967E-04  ( 0.311    ,  1.953E-03,   0.00    ) |  3.697E-04 2.441E-02
    4867 1.8786E+00 3.6967E-04  ( 0.311    ,  1.953E-03,   0.00    ) |  3.697E-04 2.441E-02
    4868 1.8790E+00 3.6968E-04  ( 0.311    ,  1.953E-03,   0.00    ) |  3.697E-04 2.441E-02
    4869 1.8794E+00 3.6968E-04  ( 0.311    ,  1.953E-03,   0.00    ) |  3.697E-04 2.441E-02
    4870 1.8797E+00 3.6969E-04  ( 0.311    ,  1.953E-03,   0.00    ) |  3.697E-04 2.441E-02
    4871 1.8801E+00 3.6969E-04  ( 0.311    ,  1.953E-03,   0.00    ) |  3.697E-04 2.441E-02
    4872 1.8805E+00 3.6970E-04  ( 0.311    ,  1.953E-03,   0.00    ) |  3.697E-04 2.441E-02
    4873 1.8809E+00 3.6970E-04  ( 0.311    ,  1.953E-03,   0.00    ) |  3.697E-04 2.441E-02
    4874 1.8812E+00 3.6971E-04  ( 0.311    ,  1.953E-03,   0.00    ) |  3.697E-04 2.441E-02
    4875 1.8816E+00 3.6971E-04  ( 0.311    ,  1.953E-03,   0.00    ) |  3.697E-04 2.441E-02
    4876 1.8820E+00 3.6972E-04  ( 0.311    ,  1.953E-03,   0.00    ) |  3.697E-04 2.441E-02
    4877 1.8823E+00 3.6972E-04  ( 0.311    ,  1.953E-03,   0.00    ) |  3.697E-04 2.441E-02
    4878 1.8827E+00 3.6972E-04  ( 0.311    ,  1.953E-03,   0.00    ) |  3.697E-04 2.441E-02
    4879 1.8831E+00 3.6973E-04  ( 0.311    ,  1.953E-03,   0.00    ) |  3.697E-04 2.441E-02
    4880 1.8834E+00 3.6973E-04  ( 0.311    ,  1.953E-03,   0.00    ) |  3.697E-04 2.441E-02
    4881 1.8838E+00 3.6973E-04  ( 0.311    ,  1.953E-03,   0.00    ) |  3.697E-04 2.441E-02
    4882 1.8842E+00 3.6974E-04  ( 0.311    ,  1.953E-03,   0.00    ) |  3.697E-04 2.441E-02
    4883 1.8845E+00 3.6974E-04  ( 0.311    ,  1.953E-03,   0.00    ) |  3.697E-04 2.441E-02
    4884 1.8849E+00 3.6974E-04  ( 0.311    ,  1.953E-03,   0.00    ) |  3.697E-04 2.441E-02
    4885 1.8853E+00 3.6974E-04  ( 0.311    ,  1.953E-03,   0.00    ) |  3.697E-04 2.441E-02
    4886 1.8857E+00 3.6975E-04  ( 0.311    ,  1.953E-03,   0.00    ) |  3.697E-04 2.441E-02
    4887 1.8860E+00 3.6975E-04  ( 0.311    ,  1.953E-03,   0.00    ) |  3.698E-04 2.441E-02
    4888 1.8864E+00 3.6975E-04  ( 0.311    ,  1.953E-03,   0.00    ) |  3.698E-04 2.441E-02
    4889 1.8868E+00 3.6975E-04  ( 0.311    ,  1.953E-03,   0.00    ) |  3.698E-04 2.441E-02
    4890 1.8871E+00 3.6976E-04  ( 0.311    ,  1.953E-03,   0.00    ) |  3.698E-04 2.441E-02
    4891 1.8875E+00 3.6976E-04  ( 0.311    ,  1.953E-03,   0.00    ) |  3.698E-04 2.441E-02
    4892 1.8879E+00 3.6976E-04  ( 0.311    ,  1.953E-03,   0.00    ) |  3.698E-04 2.441E-02
    4893 1.8882E+00 3.6976E-04  ( 0.311    ,  1.953E-03,   0.00    ) |  3.698E-04 2.441E-02
    4894 1.8886E+00 3.6977E-04  ( 0.311    ,  1.953E-03,   0.00    ) |  3.698E-04 2.441E-02
    4895 1.8890E+00 3.6977E-04  ( 0.311    ,  1.953E-03,   0.00    ) |  3.698E-04 2.441E-02
    4896 1.8894E+00 3.6977E-04  ( 0.311    ,  1.953E-03,   0.00    ) |  3.698E-04 2.441E-02
    4897 1.8897E+00 3.6977E-04  ( 0.311    ,  1.953E-03,   0.00    ) |  3.698E-04 2.441E-02
    4898 1.8901E+00 3.6977E-04  ( 0.311    ,  1.953E-03,   0.00    ) |  3.698E-04 2.441E-02
    4899 1.8905E+00 3.6977E-04  ( 0.311    ,  1.953E-03,   0.00    ) |  3.698E-04 2.441E-02
    4900 1.8908E+00 3.6978E-04  ( 0.311    ,  1.953E-03,   0.00    ) |  3.698E-04 2.441E-02
    4901 1.8912E+00 3.6978E-04  ( 0.311    ,  1.953E-03,   0.00    ) |  3.698E-04 2.441E-02
    4902 1.8916E+00 3.6978E-04  ( 0.311    ,  1.953E-03,   0.00    ) |  3.698E-04 2.441E-02
    4903 1.8919E+00 3.6978E-04  ( 0.311    ,  1.953E-03,   0.00    ) |  3.698E-04 2.441E-02
    4904 1.8923E+00 3.6978E-04  ( 0.311    ,  1.953E-03,   0.00    ) |  3.698E-04 2.441E-02
    4905 1.8927E+00 3.6978E-04  ( 0.311    ,  1.953E-03,   0.00    ) |  3.698E-04 2.441E-02
    4906 1.8931E+00 3.6978E-04  ( 0.311    ,  1.953E-03,   0.00    ) |  3.698E-04 2.441E-02
    4907 1.8934E+00 3.6979E-04  ( 0.311    ,  1.953E-03,   0.00    ) |  3.698E-04 2.441E-02
    4908 1.8938E+00 3.6979E-04  ( 0.311    ,  1.953E-03,   0.00    ) |  3.698E-04 2.441E-02
    4909 1.8942E+00 3.6979E-04  ( 0.311    ,  1.953E-03,   0.00    ) |  3.698E-04 2.441E-02
    4910 1.8945E+00 3.6979E-04  ( 0.311    ,  1.953E-03,   0.00    ) |  3.698E-04 2.441E-02
    4911 1.8949E+00 3.6979E-04  ( 0.311    ,  1.953E-03,   0.00    ) |  3.698E-04 2.441E-02
    4912 1.8953E+00 3.6979E-04  ( 0.311    ,  1.953E-03,   0.00    ) |  3.698E-04 2.441E-02
    4913 1.8956E+00 3.6979E-04  ( 0.311    ,  1.953E-03,   0.00    ) |  3.698E-04 2.441E-02
    4914 1.8960E+00 3.6979E-04  ( 0.311    ,  1.953E-03,   0.00    ) |  3.698E-04 2.441E-02
    4915 1.8964E+00 3.6980E-04  ( 0.311    ,  1.953E-03,   0.00    ) |  3.698E-04 2.441E-02
    4916 1.8968E+00 3.6980E-04  ( 0.311    ,  1.953E-03,   0.00    ) |  3.698E-04 2.441E-02
    4917 1.8971E+00 3.6980E-04  ( 0.311    ,  1.953E-03,   0.00    ) |  3.698E-04 2.441E-02
    4918 1.8975E+00 3.6980E-04  ( 0.311    ,  1.953E-03,   0.00    ) |  3.698E-04 2.441E-02
    4919 1.8979E+00 3.6980E-04  ( 0.311    ,  1.953E-03,   0.00    ) |  3.698E-04 2.441E-02
    4920 1.8982E+00 3.6980E-04  ( 0.311    ,  1.953E-03,   0.00    ) |  3.698E-04 2.441E-02
    4921 1.8986E+00 3.6980E-04  ( 0.311    ,  1.953E-03,   0.00    ) |  3.698E-04 2.441E-02
    4922 1.8990E+00 3.6980E-04  ( 0.311    ,  1.953E-03,   0.00    ) |  3.698E-04 2.441E-02
    4923 1.8993E+00 3.6980E-04  ( 0.311    ,  1.953E-03,   0.00    ) |  3.698E-04 2.441E-02
    4924 1.8997E+00 3.6981E-04  ( 0.311    ,  1.953E-03,   0.00    ) |  3.698E-04 2.441E-02
 *** Wrote plotfile to flash_run_hdf5_plt_cnt_0076 ****
    4925 1.9001E+00 3.6981E-04  ( 0.311    ,  1.953E-03,   0.00    ) |  3.698E-04 2.441E-02
    4926 1.9004E+00 3.6981E-04  ( 0.311    ,  1.953E-03,   0.00    ) |  3.698E-04 2.441E-02
    4927 1.9008E+00 3.6981E-04  ( 0.311    ,  1.953E-03,   0.00    ) |  3.698E-04 2.441E-02
    4928 1.9012E+00 3.6981E-04  ( 0.311    ,  1.953E-03,   0.00    ) |  3.698E-04 2.441E-02
    4929 1.9016E+00 3.6981E-04  ( 0.311    ,  1.953E-03,   0.00    ) |  3.698E-04 2.441E-02
    4930 1.9019E+00 3.6981E-04  ( 0.311    ,  1.953E-03,   0.00    ) |  3.698E-04 2.441E-02
    4931 1.9023E+00 3.6982E-04  ( 0.311    ,  1.953E-03,   0.00    ) |  3.698E-04 2.441E-02
    4932 1.9027E+00 3.6982E-04  ( 0.311    ,  1.953E-03,   0.00    ) |  3.698E-04 2.441E-02
    4933 1.9030E+00 3.6982E-04  ( 0.311    ,  1.953E-03,   0.00    ) |  3.698E-04 2.441E-02
    4934 1.9034E+00 3.6982E-04  ( 0.311    ,  1.953E-03,   0.00    ) |  3.698E-04 2.441E-02
    4935 1.9038E+00 3.6983E-04  ( 0.311    ,  1.953E-03,   0.00    ) |  3.698E-04 2.441E-02
    4936 1.9041E+00 3.6983E-04  ( 0.311    ,  1.953E-03,   0.00    ) |  3.698E-04 2.441E-02
    4937 1.9045E+00 3.6983E-04  ( 0.311    ,  1.953E-03,   0.00    ) |  3.698E-04 2.441E-02
    4938 1.9049E+00 3.6983E-04  ( 0.311    ,  1.953E-03,   0.00    ) |  3.698E-04 2.441E-02
    4939 1.9053E+00 3.6984E-04  ( 0.311    ,  1.953E-03,   0.00    ) |  3.698E-04 2.441E-02
    4940 1.9056E+00 3.6984E-04  ( 0.311    ,  1.953E-03,   0.00    ) |  3.698E-04 2.441E-02
    4941 1.9060E+00 3.6984E-04  ( 0.311    ,  1.953E-03,   0.00    ) |  3.698E-04 2.441E-02
    4942 1.9064E+00 3.6984E-04  ( 0.311    ,  1.953E-03,   0.00    ) |  3.698E-04 2.441E-02
    4943 1.9067E+00 3.6985E-04  ( 0.311    ,  1.953E-03,   0.00    ) |  3.698E-04 2.441E-02
    4944 1.9071E+00 3.6985E-04  ( 0.311    ,  1.953E-03,   0.00    ) |  3.699E-04 2.441E-02
    4945 1.9075E+00 3.6985E-04  ( 0.311    ,  1.953E-03,   0.00    ) |  3.699E-04 2.441E-02
    4946 1.9078E+00 3.6986E-04  ( 0.311    ,  1.953E-03,   0.00    ) |  3.699E-04 2.441E-02
    4947 1.9082E+00 3.6986E-04  ( 0.311    ,  1.953E-03,   0.00    ) |  3.699E-04 2.441E-02
    4948 1.9086E+00 3.6986E-04  ( 0.311    ,  1.953E-03,   0.00    ) |  3.699E-04 2.441E-02
    4949 1.9090E+00 3.6987E-04  ( 0.311    ,  1.953E-03,   0.00    ) |  3.699E-04 2.441E-02
    4950 1.9093E+00 3.6987E-04  ( 0.311    ,  1.953E-03,   0.00    ) |  3.699E-04 2.441E-02
    4951 1.9097E+00 3.6988E-04  ( 0.311    ,  1.953E-03,   0.00    ) |  3.699E-04 2.441E-02
    4952 1.9101E+00 3.6988E-04  ( 0.311    ,  1.953E-03,   0.00    ) |  3.699E-04 2.441E-02
    4953 1.9104E+00 3.6988E-04  ( 0.311    ,  1.953E-03,   0.00    ) |  3.699E-04 2.441E-02
    4954 1.9108E+00 3.6989E-04  ( 0.311    ,  1.953E-03,   0.00    ) |  3.699E-04 2.441E-02
    4955 1.9112E+00 3.6989E-04  ( 0.311    ,  1.953E-03,   0.00    ) |  3.699E-04 2.441E-02
    4956 1.9115E+00 3.6989E-04  ( 0.311    ,  1.953E-03,   0.00    ) |  3.699E-04 2.441E-02
    4957 1.9119E+00 3.6990E-04  ( 0.311    ,  1.953E-03,   0.00    ) |  3.699E-04 2.441E-02
    4958 1.9123E+00 3.6990E-04  ( 0.311    ,  1.953E-03,   0.00    ) |  3.699E-04 2.441E-02
    4959 1.9127E+00 3.6991E-04  ( 0.311    ,  1.953E-03,   0.00    ) |  3.699E-04 2.441E-02
    4960 1.9130E+00 3.6991E-04  ( 0.311    ,  1.953E-03,   0.00    ) |  3.699E-04 2.441E-02
    4961 1.9134E+00 3.6992E-04  ( 0.311    ,  1.953E-03,   0.00    ) |  3.699E-04 2.441E-02
    4962 1.9138E+00 3.6992E-04  ( 0.311    ,  1.953E-03,   0.00    ) |  3.699E-04 2.441E-02
    4963 1.9141E+00 3.6992E-04  ( 0.311    ,  1.953E-03,   0.00    ) |  3.699E-04 2.441E-02
    4964 1.9145E+00 3.6993E-04  ( 0.311    ,  1.953E-03,   0.00    ) |  3.699E-04 2.441E-02
    4965 1.9149E+00 3.6993E-04  ( 0.311    ,  1.953E-03,   0.00    ) |  3.699E-04 2.441E-02
    4966 1.9152E+00 3.6994E-04  ( 0.311    ,  1.953E-03,   0.00    ) |  3.699E-04 2.441E-02
    4967 1.9156E+00 3.6994E-04  ( 0.311    ,  1.953E-03,   0.00    ) |  3.699E-04 2.441E-02
    4968 1.9160E+00 3.6995E-04  ( 0.311    ,  1.953E-03,   0.00    ) |  3.699E-04 2.441E-02
    4969 1.9164E+00 3.6995E-04  ( 0.311    ,  1.953E-03,   0.00    ) |  3.699E-04 2.441E-02
    4970 1.9167E+00 3.6995E-04  ( 0.311    ,  1.953E-03,   0.00    ) |  3.700E-04 2.441E-02
    4971 1.9171E+00 3.6996E-04  ( 0.311    ,  1.953E-03,   0.00    ) |  3.700E-04 2.441E-02
    4972 1.9175E+00 3.6996E-04  ( 0.311    ,  1.953E-03,   0.00    ) |  3.700E-04 2.441E-02
    4973 1.9178E+00 3.6996E-04  ( 0.311    ,  1.953E-03,   0.00    ) |  3.700E-04 2.441E-02
    4974 1.9182E+00 3.6997E-04  ( 0.311    ,  1.953E-03,   0.00    ) |  3.700E-04 2.441E-02
    4975 1.9186E+00 3.6997E-04  ( 0.311    ,  1.953E-03,   0.00    ) |  3.700E-04 2.441E-02
    4976 1.9189E+00 3.6998E-04  ( 0.311    ,  1.953E-03,   0.00    ) |  3.700E-04 2.441E-02
    4977 1.9193E+00 3.6998E-04  ( 0.311    ,  1.953E-03,   0.00    ) |  3.700E-04 2.441E-02
    4978 1.9197E+00 3.6998E-04  ( 0.311    ,  1.953E-03,   0.00    ) |  3.700E-04 2.441E-02
    4979 1.9201E+00 3.6999E-04  ( 0.311    ,  1.953E-03,   0.00    ) |  3.700E-04 2.441E-02
    4980 1.9204E+00 3.6999E-04  ( 0.311    ,  1.953E-03,   0.00    ) |  3.700E-04 2.441E-02
    4981 1.9208E+00 3.6999E-04  ( 0.311    ,  1.953E-03,   0.00    ) |  3.700E-04 2.441E-02
    4982 1.9212E+00 3.7000E-04  ( 0.311    ,  1.953E-03,   0.00    ) |  3.700E-04 2.441E-02
    4983 1.9215E+00 3.7000E-04  ( 0.311    ,  1.953E-03,   0.00    ) |  3.700E-04 2.441E-02
    4984 1.9219E+00 3.7000E-04  ( 0.311    ,  1.953E-03,   0.00    ) |  3.700E-04 2.441E-02
    4985 1.9223E+00 3.7001E-04  ( 0.311    ,  1.953E-03,   0.00    ) |  3.700E-04 2.441E-02
    4986 1.9226E+00 3.7001E-04  ( 0.311    ,  1.953E-03,   0.00    ) |  3.700E-04 2.441E-02
    4987 1.9230E+00 3.7001E-04  ( 0.311    ,  1.953E-03,   0.00    ) |  3.700E-04 2.441E-02
    4988 1.9234E+00 3.7002E-04  ( 0.311    ,  1.953E-03,   0.00    ) |  3.700E-04 2.441E-02
    4989 1.9238E+00 3.7002E-04  ( 0.311    ,  1.953E-03,   0.00    ) |  3.700E-04 2.441E-02
    4990 1.9241E+00 3.7002E-04  ( 0.311    ,  1.953E-03,   0.00    ) |  3.700E-04 2.441E-02
    4991 1.9245E+00 3.7003E-04  ( 0.311    ,  1.953E-03,   0.00    ) |  3.700E-04 2.441E-02
    4992 1.9249E+00 3.7003E-04  ( 0.311    ,  1.953E-03,   0.00    ) |  3.700E-04 2.441E-02
 *** Wrote plotfile to flash_run_hdf5_plt_cnt_0077 ****
    4993 1.9252E+00 3.7003E-04  ( 0.311    ,  1.953E-03,   0.00    ) |  3.700E-04 2.441E-02
    4994 1.9256E+00 3.7004E-04  ( 0.311    ,  1.953E-03,   0.00    ) |  3.700E-04 2.441E-02
    4995 1.9260E+00 3.7004E-04  ( 0.311    ,  1.953E-03,   0.00    ) |  3.700E-04 2.441E-02
    4996 1.9263E+00 3.7004E-04  ( 0.311    ,  1.953E-03,   0.00    ) |  3.700E-04 2.441E-02
    4997 1.9267E+00 3.7005E-04  ( 0.311    ,  1.953E-03,   0.00    ) |  3.700E-04 2.441E-02
    4998 1.9271E+00 3.7005E-04  ( 0.311    ,  1.953E-03,   0.00    ) |  3.700E-04 2.441E-02
    4999 1.9275E+00 3.7005E-04  ( 0.311    ,  1.953E-03,   0.00    ) |  3.701E-04 2.441E-02
    5000 1.9278E+00 3.7005E-04  ( 0.311    ,  1.953E-03,   0.00    ) |  3.701E-04 2.441E-02
    5001 1.9282E+00 3.7006E-04  ( 0.311    ,  1.953E-03,   0.00    ) |  3.701E-04 2.441E-02
    5002 1.9286E+00 3.7006E-04  ( 0.311    ,  1.953E-03,   0.00    ) |  3.701E-04 2.441E-02
    5003 1.9289E+00 3.7006E-04  ( 0.311    ,  1.953E-03,   0.00    ) |  3.701E-04 2.441E-02
    5004 1.9293E+00 3.7007E-04  ( 0.311    ,  1.953E-03,   0.00    ) |  3.701E-04 2.441E-02
    5005 1.9297E+00 3.7007E-04  ( 0.311    ,  1.953E-03,   0.00    ) |  3.701E-04 2.441E-02
    5006 1.9300E+00 3.7007E-04  ( 0.311    ,  1.953E-03,   0.00    ) |  3.701E-04 2.441E-02
    5007 1.9304E+00 3.7008E-04  ( 0.311    ,  1.953E-03,   0.00    ) |  3.701E-04 2.441E-02
    5008 1.9308E+00 3.7008E-04  ( 0.311    ,  1.953E-03,   0.00    ) |  3.701E-04 2.441E-02
    5009 1.9312E+00 3.7008E-04  ( 0.311    ,  1.953E-03,   0.00    ) |  3.701E-04 2.441E-02
    5010 1.9315E+00 3.7008E-04  ( 0.311    ,  1.953E-03,   0.00    ) |  3.701E-04 2.441E-02
    5011 1.9319E+00 3.7009E-04  ( 0.311    ,  1.953E-03,   0.00    ) |  3.701E-04 2.441E-02
    5012 1.9323E+00 3.7009E-04  ( 0.311    ,  1.953E-03,   0.00    ) |  3.701E-04 2.441E-02
    5013 1.9326E+00 3.7009E-04  ( 0.311    ,  1.953E-03,   0.00    ) |  3.701E-04 2.441E-02
    5014 1.9330E+00 3.7009E-04  ( 0.311    ,  1.953E-03,   0.00    ) |  3.701E-04 2.441E-02
    5015 1.9334E+00 3.7010E-04  ( 0.311    ,  1.953E-03,   0.00    ) |  3.701E-04 2.441E-02
    5016 1.9337E+00 3.7010E-04  ( 0.311    ,  1.953E-03,   0.00    ) |  3.701E-04 2.441E-02
    5017 1.9341E+00 3.7010E-04  ( 0.311    ,  1.953E-03,   0.00    ) |  3.701E-04 2.441E-02
    5018 1.9345E+00 3.7010E-04  ( 0.311    ,  1.953E-03,   0.00    ) |  3.701E-04 2.441E-02
    5019 1.9349E+00 3.7011E-04  ( 0.311    ,  1.953E-03,   0.00    ) |  3.701E-04 2.441E-02
    5020 1.9352E+00 3.7011E-04  ( 0.311    ,  1.953E-03,   0.00    ) |  3.701E-04 2.441E-02
    5021 1.9356E+00 3.7011E-04  ( 0.311    ,  1.953E-03,   0.00    ) |  3.701E-04 2.441E-02
    5022 1.9360E+00 3.7011E-04  ( 0.311    ,  1.953E-03,   0.00    ) |  3.701E-04 2.441E-02
    5023 1.9363E+00 3.7012E-04  ( 0.311    ,  1.953E-03,   0.00    ) |  3.701E-04 2.441E-02
    5024 1.9367E+00 3.7012E-04  ( 0.311    ,  1.953E-03,   0.00    ) |  3.701E-04 2.441E-02
    5025 1.9371E+00 3.7012E-04  ( 0.311    ,  1.953E-03,   0.00    ) |  3.701E-04 2.441E-02
    5026 1.9374E+00 3.7012E-04  ( 0.311    ,  1.953E-03,   0.00    ) |  3.701E-04 2.441E-02
    5027 1.9378E+00 3.7013E-04  ( 0.311    ,  1.953E-03,   0.00    ) |  3.701E-04 2.441E-02
    5028 1.9382E+00 3.7013E-04  ( 0.311    ,  1.953E-03,   0.00    ) |  3.701E-04 2.441E-02
    5029 1.9386E+00 3.7013E-04  ( 0.311    ,  1.953E-03,   0.00    ) |  3.701E-04 2.441E-02
    5030 1.9389E+00 3.7013E-04  ( 0.311    ,  1.953E-03,   0.00    ) |  3.701E-04 2.441E-02
    5031 1.9393E+00 3.7014E-04  ( 0.311    ,  1.953E-03,   0.00    ) |  3.701E-04 2.441E-02
    5032 1.9397E+00 3.7014E-04  ( 0.311    ,  1.953E-03,   0.00    ) |  3.701E-04 2.441E-02
    5033 1.9400E+00 3.7014E-04  ( 0.311    ,  1.953E-03,   0.00    ) |  3.701E-04 2.441E-02
    5034 1.9404E+00 3.7015E-04  ( 0.311    , -1.953E-03,   0.00    ) |  3.701E-04 2.441E-02
    5035 1.9408E+00 3.7015E-04  ( 0.311    ,  1.953E-03,   0.00    ) |  3.701E-04 2.441E-02
    5036 1.9411E+00 3.7015E-04  ( 0.311    , -1.953E-03,   0.00    ) |  3.702E-04 2.441E-02
    5037 1.9415E+00 3.7015E-04  ( 0.311    ,  1.953E-03,   0.00    ) |  3.702E-04 2.441E-02
    5038 1.9419E+00 3.7016E-04  ( 0.311    ,  1.953E-03,   0.00    ) |  3.702E-04 2.441E-02
    5039 1.9423E+00 3.7016E-04  ( 0.311    ,  1.953E-03,   0.00    ) |  3.702E-04 2.441E-02
    5040 1.9426E+00 3.7016E-04  ( 0.311    ,  1.953E-03,   0.00    ) |  3.702E-04 2.441E-02
    5041 1.9430E+00 3.7016E-04  ( 0.311    , -1.953E-03,   0.00    ) |  3.702E-04 2.441E-02
    5042 1.9434E+00 3.7017E-04  ( 0.311    , -1.953E-03,   0.00    ) |  3.702E-04 2.441E-02
    5043 1.9437E+00 3.7017E-04  ( 0.311    , -1.953E-03,   0.00    ) |  3.702E-04 2.441E-02
    5044 1.9441E+00 3.7017E-04  ( 0.311    , -1.953E-03,   0.00    ) |  3.702E-04 2.441E-02
    5045 1.9445E+00 3.7017E-04  ( 0.311    , -1.953E-03,   0.00    ) |  3.702E-04 2.441E-02
    5046 1.9448E+00 3.7017E-04  ( 0.311    , -1.953E-03,   0.00    ) |  3.702E-04 2.441E-02
    5047 1.9452E+00 3.7018E-04  ( 0.311    , -1.953E-03,   0.00    ) |  3.702E-04 2.441E-02
    5048 1.9456E+00 3.7018E-04  ( 0.311    , -1.953E-03,   0.00    ) |  3.702E-04 2.441E-02
    5049 1.9460E+00 3.7018E-04  ( 0.307    , -1.953E-03,   0.00    ) |  3.702E-04 2.441E-02
    5050 1.9463E+00 3.7018E-04  ( 0.307    , -1.953E-03,   0.00    ) |  3.702E-04 2.441E-02
    5051 1.9467E+00 3.7019E-04  ( 0.307    , -1.953E-03,   0.00    ) |  3.702E-04 2.441E-02
    5052 1.9471E+00 3.7019E-04  ( 0.307    , -1.953E-03,   0.00    ) |  3.702E-04 2.441E-02
    5053 1.9474E+00 3.7019E-04  ( 0.307    , -1.953E-03,   0.00    ) |  3.702E-04 2.441E-02
    5054 1.9478E+00 3.7019E-04  ( 0.307    , -1.953E-03,   0.00    ) |  3.702E-04 2.441E-02
    5055 1.9482E+00 3.7019E-04  ( 0.307    , -1.953E-03,   0.00    ) |  3.702E-04 2.441E-02
    5056 1.9486E+00 3.7019E-04  ( 0.307    , -1.953E-03,   0.00    ) |  3.702E-04 2.441E-02
    5057 1.9489E+00 3.7020E-04  ( 0.307    , -1.953E-03,   0.00    ) |  3.702E-04 2.441E-02
    5058 1.9493E+00 3.7020E-04  ( 0.307    , -1.953E-03,   0.00    ) |  3.702E-04 2.441E-02
    5059 1.9497E+00 3.7020E-04  ( 0.307    , -1.953E-03,   0.00    ) |  3.702E-04 2.441E-02
 *** Wrote plotfile to flash_run_hdf5_plt_cnt_0078 ****
    5060 1.9500E+00 3.7020E-04  ( 0.307    , -1.953E-03,   0.00    ) |  3.702E-04 2.441E-02
    5061 1.9504E+00 3.7020E-04  ( 0.307    , -1.953E-03,   0.00    ) |  3.702E-04 2.441E-02
    5062 1.9508E+00 3.7020E-04  ( 0.307    , -1.953E-03,   0.00    ) |  3.702E-04 2.441E-02
    5063 1.9511E+00 3.7021E-04  ( 0.307    ,  1.953E-03,   0.00    ) |  3.702E-04 2.441E-02
    5064 1.9515E+00 3.7021E-04  ( 0.307    , -1.953E-03,   0.00    ) |  3.702E-04 2.441E-02
    5065 1.9519E+00 3.7021E-04  ( 0.307    ,  1.953E-03,   0.00    ) |  3.702E-04 2.441E-02
    5066 1.9523E+00 3.7021E-04  ( 0.307    , -1.953E-03,   0.00    ) |  3.702E-04 2.441E-02
    5067 1.9526E+00 3.7021E-04  ( 0.307    ,  1.953E-03,   0.00    ) |  3.702E-04 2.441E-02
    5068 1.9530E+00 3.7021E-04  ( 0.307    ,  1.953E-03,   0.00    ) |  3.702E-04 2.441E-02
    5069 1.9534E+00 3.7022E-04  ( 0.307    , -1.953E-03,   0.00    ) |  3.702E-04 2.441E-02
    5070 1.9537E+00 3.7022E-04  ( 0.307    ,  1.953E-03,   0.00    ) |  3.702E-04 2.441E-02
    5071 1.9541E+00 3.7022E-04  ( 0.307    ,  1.953E-03,   0.00    ) |  3.702E-04 2.441E-02
    5072 1.9545E+00 3.7022E-04  ( 0.307    ,  1.953E-03,   0.00    ) |  3.702E-04 2.441E-02
    5073 1.9548E+00 3.7022E-04  ( 0.307    ,  1.953E-03,   0.00    ) |  3.702E-04 2.441E-02
    5074 1.9552E+00 3.7022E-04  ( 0.307    ,  1.953E-03,   0.00    ) |  3.702E-04 2.441E-02
    5075 1.9556E+00 3.7023E-04  ( 0.307    ,  1.953E-03,   0.00    ) |  3.702E-04 2.441E-02
    5076 1.9560E+00 3.7023E-04  ( 0.307    ,  1.953E-03,   0.00    ) |  3.702E-04 2.441E-02
    5077 1.9563E+00 3.7023E-04  ( 0.307    ,  1.953E-03,   0.00    ) |  3.702E-04 2.441E-02
    5078 1.9567E+00 3.7023E-04  ( 0.307    ,  1.953E-03,   0.00    ) |  3.702E-04 2.441E-02
    5079 1.9571E+00 3.7023E-04  ( 0.307    ,  1.953E-03,   0.00    ) |  3.702E-04 2.441E-02
    5080 1.9574E+00 3.7023E-04  ( 0.307    ,  1.953E-03,   0.00    ) |  3.702E-04 2.441E-02
    5081 1.9578E+00 3.7023E-04  ( 0.307    ,  1.953E-03,   0.00    ) |  3.702E-04 2.441E-02
    5082 1.9582E+00 3.7024E-04  ( 0.307    ,  1.953E-03,   0.00    ) |  3.702E-04 2.441E-02
    5083 1.9585E+00 3.7024E-04  ( 0.307    ,  1.953E-03,   0.00    ) |  3.702E-04 2.441E-02
    5084 1.9589E+00 3.7024E-04  ( 0.307    ,  1.953E-03,   0.00    ) |  3.702E-04 2.441E-02
    5085 1.9593E+00 3.7024E-04  ( 0.307    ,  1.953E-03,   0.00    ) |  3.702E-04 2.441E-02
    5086 1.9597E+00 3.7024E-04  ( 0.307    ,  1.953E-03,   0.00    ) |  3.702E-04 2.441E-02
    5087 1.9600E+00 3.7024E-04  ( 0.307    ,  1.953E-03,   0.00    ) |  3.702E-04 2.441E-02
    5088 1.9604E+00 3.7024E-04  ( 0.307    ,  1.953E-03,   0.00    ) |  3.702E-04 2.441E-02
    5089 1.9608E+00 3.7024E-04  ( 0.307    ,  1.953E-03,   0.00    ) |  3.702E-04 2.441E-02
    5090 1.9611E+00 3.7024E-04  ( 0.307    ,  1.953E-03,   0.00    ) |  3.702E-04 2.441E-02
    5091 1.9615E+00 3.7024E-04  ( 0.307    ,  1.953E-03,   0.00    ) |  3.702E-04 2.441E-02
    5092 1.9619E+00 3.7024E-04  ( 0.307    ,  1.953E-03,   0.00    ) |  3.702E-04 2.441E-02
    5093 1.9622E+00 3.7024E-04  ( 0.307    ,  1.953E-03,   0.00    ) |  3.702E-04 2.441E-02
    5094 1.9626E+00 3.7024E-04  ( 0.307    ,  1.953E-03,   0.00    ) |  3.702E-04 2.441E-02
    5095 1.9630E+00 3.7024E-04  ( 0.307    ,  1.953E-03,   0.00    ) |  3.702E-04 2.441E-02
    5096 1.9634E+00 3.7024E-04  ( 0.307    ,  1.953E-03,   0.00    ) |  3.702E-04 2.441E-02
    5097 1.9637E+00 3.7024E-04  ( 0.307    ,  1.953E-03,   0.00    ) |  3.702E-04 2.441E-02
    5098 1.9641E+00 3.7024E-04  ( 0.307    ,  1.953E-03,   0.00    ) |  3.702E-04 2.441E-02
    5099 1.9645E+00 3.7024E-04  ( 0.307    ,  1.953E-03,   0.00    ) |  3.702E-04 2.441E-02
    5100 1.9648E+00 3.7024E-04  ( 0.307    ,  1.953E-03,   0.00    ) |  3.702E-04 2.441E-02
    5101 1.9652E+00 3.7024E-04  ( 0.307    ,  1.953E-03,   0.00    ) |  3.702E-04 2.441E-02
    5102 1.9656E+00 3.7024E-04  ( 0.307    ,  1.953E-03,   0.00    ) |  3.702E-04 2.441E-02
    5103 1.9660E+00 3.7024E-04  ( 0.307    ,  1.953E-03,   0.00    ) |  3.702E-04 2.441E-02
    5104 1.9663E+00 3.7025E-04  ( 0.307    ,  1.953E-03,   0.00    ) |  3.702E-04 2.441E-02
    5105 1.9667E+00 3.7025E-04  ( 0.307    ,  1.953E-03,   0.00    ) |  3.702E-04 2.441E-02
    5106 1.9671E+00 3.7025E-04  ( 0.307    ,  1.953E-03,   0.00    ) |  3.702E-04 2.441E-02
    5107 1.9674E+00 3.7025E-04  ( 0.307    ,  1.953E-03,   0.00    ) |  3.702E-04 2.441E-02
    5108 1.9678E+00 3.7025E-04  ( 0.307    ,  1.953E-03,   0.00    ) |  3.702E-04 2.441E-02
    5109 1.9682E+00 3.7025E-04  ( 0.307    ,  1.953E-03,   0.00    ) |  3.702E-04 2.441E-02
    5110 1.9685E+00 3.7025E-04  ( 0.307    ,  1.953E-03,   0.00    ) |  3.702E-04 2.441E-02
    5111 1.9689E+00 3.7025E-04  ( 0.307    ,  1.953E-03,   0.00    ) |  3.702E-04 2.441E-02
    5112 1.9693E+00 3.7025E-04  ( 0.307    ,  1.953E-03,   0.00    ) |  3.702E-04 2.441E-02
    5113 1.9697E+00 3.7025E-04  ( 0.307    ,  1.953E-03,   0.00    ) |  3.702E-04 2.441E-02
    5114 1.9700E+00 3.7025E-04  ( 0.307    ,  1.953E-03,   0.00    ) |  3.702E-04 2.441E-02
    5115 1.9704E+00 3.7025E-04  ( 0.307    ,  1.953E-03,   0.00    ) |  3.702E-04 2.441E-02
    5116 1.9708E+00 3.7025E-04  ( 0.307    ,  1.953E-03,   0.00    ) |  3.702E-04 2.441E-02
    5117 1.9711E+00 3.7025E-04  ( 0.307    ,  1.953E-03,   0.00    ) |  3.703E-04 2.441E-02
    5118 1.9715E+00 3.7025E-04  ( 0.307    ,  1.953E-03,   0.00    ) |  3.703E-04 2.441E-02
    5119 1.9719E+00 3.7025E-04  ( 0.307    ,  1.953E-03,   0.00    ) |  3.703E-04 2.441E-02
    5120 1.9722E+00 3.7025E-04  ( 0.307    ,  1.953E-03,   0.00    ) |  3.703E-04 2.441E-02
    5121 1.9726E+00 3.7025E-04  ( 0.307    ,  1.953E-03,   0.00    ) |  3.703E-04 2.441E-02
    5122 1.9730E+00 3.7025E-04  ( 0.307    ,  1.953E-03,   0.00    ) |  3.703E-04 2.441E-02
    5123 1.9734E+00 3.7025E-04  ( 0.307    ,  1.953E-03,   0.00    ) |  3.703E-04 2.441E-02
    5124 1.9737E+00 3.7025E-04  ( 0.307    ,  1.953E-03,   0.00    ) |  3.702E-04 2.441E-02
    5125 1.9741E+00 3.7025E-04  ( 0.307    ,  1.953E-03,   0.00    ) |  3.702E-04 2.441E-02
    5126 1.9745E+00 3.7025E-04  ( 0.307    ,  1.953E-03,   0.00    ) |  3.702E-04 2.441E-02
    5127 1.9748E+00 3.7025E-04  ( 0.307    ,  1.953E-03,   0.00    ) |  3.702E-04 2.441E-02
 *** Wrote plotfile to flash_run_hdf5_plt_cnt_0079 ****
    5128 1.9752E+00 3.7025E-04  ( 0.307    ,  1.953E-03,   0.00    ) |  3.702E-04 2.441E-02
    5129 1.9756E+00 3.7025E-04  ( 0.307    ,  1.953E-03,   0.00    ) |  3.702E-04 2.441E-02
    5130 1.9759E+00 3.7025E-04  ( 0.307    ,  1.953E-03,   0.00    ) |  3.702E-04 2.441E-02
    5131 1.9763E+00 3.7025E-04  ( 0.307    ,  1.953E-03,   0.00    ) |  3.702E-04 2.441E-02
    5132 1.9767E+00 3.7025E-04  ( 0.307    ,  1.953E-03,   0.00    ) |  3.702E-04 2.441E-02
    5133 1.9771E+00 3.7025E-04  ( 0.307    ,  1.953E-03,   0.00    ) |  3.702E-04 2.441E-02
    5134 1.9774E+00 3.7025E-04  ( 0.307    ,  1.953E-03,   0.00    ) |  3.702E-04 2.441E-02
    5135 1.9778E+00 3.7025E-04  ( 0.307    ,  1.953E-03,   0.00    ) |  3.702E-04 2.441E-02
    5136 1.9782E+00 3.7024E-04  ( 0.307    ,  1.953E-03,   0.00    ) |  3.702E-04 2.441E-02
    5137 1.9785E+00 3.7024E-04  ( 0.307    ,  1.953E-03,   0.00    ) |  3.702E-04 2.441E-02
    5138 1.9789E+00 3.7024E-04  ( 0.307    ,  1.953E-03,   0.00    ) |  3.702E-04 2.441E-02
    5139 1.9793E+00 3.7024E-04  ( 0.307    ,  1.953E-03,   0.00    ) |  3.702E-04 2.441E-02
    5140 1.9797E+00 3.7024E-04  ( 0.307    ,  1.953E-03,   0.00    ) |  3.702E-04 2.441E-02
    5141 1.9800E+00 3.7024E-04  ( 0.307    ,  1.953E-03,   0.00    ) |  3.702E-04 2.441E-02
    5142 1.9804E+00 3.7024E-04  ( 0.307    ,  1.953E-03,   0.00    ) |  3.702E-04 2.441E-02
    5143 1.9808E+00 3.7024E-04  ( 0.307    ,  1.953E-03,   0.00    ) |  3.702E-04 2.441E-02
    5144 1.9811E+00 3.7024E-04  ( 0.307    ,  1.953E-03,   0.00    ) |  3.702E-04 2.441E-02
    5145 1.9815E+00 3.7024E-04  ( 0.307    ,  1.953E-03,   0.00    ) |  3.702E-04 2.441E-02
    5146 1.9819E+00 3.7024E-04  ( 0.307    ,  1.953E-03,   0.00    ) |  3.702E-04 2.441E-02
    5147 1.9822E+00 3.7024E-04  ( 0.307    ,  1.953E-03,   0.00    ) |  3.702E-04 2.441E-02
    5148 1.9826E+00 3.7024E-04  ( 0.307    ,  1.953E-03,   0.00    ) |  3.702E-04 2.441E-02
    5149 1.9830E+00 3.7024E-04  ( 0.307    ,  1.953E-03,   0.00    ) |  3.702E-04 2.441E-02
    5150 1.9834E+00 3.7024E-04  ( 0.307    ,  1.953E-03,   0.00    ) |  3.702E-04 2.441E-02
    5151 1.9837E+00 3.7024E-04  ( 0.307    ,  1.953E-03,   0.00    ) |  3.702E-04 2.441E-02
    5152 1.9841E+00 3.7024E-04  ( 0.307    , -1.953E-03,   0.00    ) |  3.702E-04 2.441E-02
    5153 1.9845E+00 3.7024E-04  ( 0.307    ,  1.953E-03,   0.00    ) |  3.702E-04 2.441E-02
    5154 1.9848E+00 3.7024E-04  ( 0.307    , -1.953E-03,   0.00    ) |  3.702E-04 2.441E-02
    5155 1.9852E+00 3.7024E-04  ( 0.307    , -1.953E-03,   0.00    ) |  3.702E-04 2.441E-02
    5156 1.9856E+00 3.7024E-04  ( 0.307    ,  1.953E-03,   0.00    ) |  3.702E-04 2.441E-02
    5157 1.9859E+00 3.7024E-04  ( 0.307    , -1.953E-03,   0.00    ) |  3.702E-04 2.441E-02
    5158 1.9863E+00 3.7024E-04  ( 0.307    , -1.953E-03,   0.00    ) |  3.702E-04 2.441E-02
    5159 1.9867E+00 3.7024E-04  ( 0.307    , -1.953E-03,   0.00    ) |  3.702E-04 2.441E-02
    5160 1.9871E+00 3.7024E-04  ( 0.307    , -1.953E-03,   0.00    ) |  3.702E-04 2.441E-02
    5161 1.9874E+00 3.7024E-04  ( 0.307    ,  1.953E-03,   0.00    ) |  3.702E-04 2.441E-02
    5162 1.9878E+00 3.7024E-04  ( 0.307    ,  1.953E-03,   0.00    ) |  3.702E-04 2.441E-02
    5163 1.9882E+00 3.7024E-04  ( 0.307    ,  1.953E-03,   0.00    ) |  3.702E-04 2.441E-02
    5164 1.9885E+00 3.7024E-04  ( 0.307    ,  1.953E-03,   0.00    ) |  3.702E-04 2.441E-02
    5165 1.9889E+00 3.7024E-04  ( 0.307    , -1.953E-03,   0.00    ) |  3.702E-04 2.441E-02
    5166 1.9893E+00 3.7024E-04  ( 0.307    , -1.953E-03,   0.00    ) |  3.702E-04 2.441E-02
    5167 1.9896E+00 3.7024E-04  ( 0.307    ,  1.953E-03,   0.00    ) |  3.702E-04 2.441E-02
    5168 1.9900E+00 3.7024E-04  ( 0.307    , -1.953E-03,   0.00    ) |  3.702E-04 2.441E-02
    5169 1.9904E+00 3.7024E-04  ( 0.307    ,  1.953E-03,   0.00    ) |  3.702E-04 2.441E-02
    5170 1.9908E+00 3.7024E-04  ( 0.307    , -1.953E-03,   0.00    ) |  3.702E-04 2.441E-02
    5171 1.9911E+00 3.7024E-04  ( 0.307    , -1.953E-03,   0.00    ) |  3.702E-04 2.441E-02
    5172 1.9915E+00 3.7024E-04  ( 0.307    , -1.953E-03,   0.00    ) |  3.702E-04 2.441E-02
    5173 1.9919E+00 3.7024E-04  ( 0.307    ,  1.953E-03,   0.00    ) |  3.702E-04 2.441E-02
    5174 1.9922E+00 3.7024E-04  ( 0.307    ,  1.953E-03,   0.00    ) |  3.702E-04 2.441E-02
    5175 1.9926E+00 3.7024E-04  ( 0.307    ,  1.953E-03,   0.00    ) |  3.702E-04 2.441E-02
    5176 1.9930E+00 3.7024E-04  ( 0.307    ,  1.953E-03,   0.00    ) |  3.702E-04 2.441E-02
    5177 1.9933E+00 3.7024E-04  ( 0.307    ,  1.953E-03,   0.00    ) |  3.702E-04 2.441E-02
    5178 1.9937E+00 3.7024E-04  ( 0.307    ,  1.953E-03,   0.00    ) |  3.702E-04 2.441E-02
    5179 1.9941E+00 3.7024E-04  ( 0.307    ,  1.953E-03,   0.00    ) |  3.702E-04 2.441E-02
    5180 1.9945E+00 3.7024E-04  ( 0.307    , -1.953E-03,   0.00    ) |  3.702E-04 2.441E-02
    5181 1.9948E+00 3.7024E-04  ( 0.307    , -1.953E-03,   0.00    ) |  3.702E-04 2.441E-02
    5182 1.9952E+00 3.7024E-04  ( 0.307    , -1.953E-03,   0.00    ) |  3.702E-04 2.441E-02
    5183 1.9956E+00 3.7024E-04  ( 0.307    ,  1.953E-03,   0.00    ) |  3.702E-04 2.441E-02
    5184 1.9959E+00 3.7024E-04  ( 0.307    , -1.953E-03,   0.00    ) |  3.702E-04 2.441E-02
    5185 1.9963E+00 3.7024E-04  ( 0.307    ,  1.953E-03,   0.00    ) |  3.702E-04 2.441E-02
    5186 1.9967E+00 3.7024E-04  ( 0.307    ,  1.953E-03,   0.00    ) |  3.702E-04 2.441E-02
    5187 1.9971E+00 3.7024E-04  ( 0.307    ,  1.953E-03,   0.00    ) |  3.702E-04 2.441E-02
    5188 1.9974E+00 3.7024E-04  ( 0.307    ,  1.953E-03,   0.00    ) |  3.702E-04 2.441E-02
    5189 1.9978E+00 3.7024E-04  ( 0.307    , -1.953E-03,   0.00    ) |  3.702E-04 2.441E-02
    5190 1.9982E+00 3.7024E-04  ( 0.307    ,  1.953E-03,   0.00    ) |  3.702E-04 2.441E-02
    5191 1.9985E+00 3.7025E-04  ( 0.307    ,  1.953E-03,   0.00    ) |  3.702E-04 2.441E-02
    5192 1.9989E+00 3.7025E-04  ( 0.307    ,  1.953E-03,   0.00    ) |  3.702E-04 2.441E-02
    5193 1.9993E+00 3.7025E-04  ( 0.307    ,  1.953E-03,   0.00    ) |  3.702E-04 2.441E-02
    5194 1.9996E+00 3.7025E-04  ( 0.307    ,  1.953E-03,   0.00    ) |  3.702E-04 2.441E-02
 *** Wrote plotfile to flash_run_hdf5_plt_cnt_0080 ****
    5195 2.0000E+00 3.7025E-04  ( 0.307    , -1.953E-03,   0.00    ) |  3.703E-04 2.441E-02
    5196 2.0004E+00 3.7025E-04  ( 0.307    ,  1.953E-03,   0.00    ) |  3.703E-04 2.441E-02
    5197 2.0008E+00 3.7026E-04  ( 0.307    ,  1.953E-03,   0.00    ) |  3.703E-04 2.441E-02
    5198 2.0011E+00 3.7026E-04  ( 0.307    ,  1.953E-03,   0.00    ) |  3.703E-04 2.441E-02
    5199 2.0015E+00 3.7026E-04  ( 0.307    ,  1.953E-03,   0.00    ) |  3.703E-04 2.441E-02
    5200 2.0019E+00 3.7026E-04  ( 0.307    , -1.953E-03,   0.00    ) |  3.703E-04 2.441E-02
    5201 2.0022E+00 3.7026E-04  ( 0.307    , -1.953E-03,   0.00    ) |  3.703E-04 2.441E-02
    5202 2.0026E+00 3.7026E-04  ( 0.307    , -1.953E-03,   0.00    ) |  3.703E-04 2.441E-02
    5203 2.0030E+00 3.7027E-04  ( 0.307    ,  1.953E-03,   0.00    ) |  3.703E-04 2.441E-02
    5204 2.0033E+00 3.7027E-04  ( 0.307    , -1.953E-03,   0.00    ) |  3.703E-04 2.441E-02
    5205 2.0037E+00 3.7027E-04  ( 0.307    ,  1.953E-03,   0.00    ) |  3.703E-04 2.441E-02
    5206 2.0041E+00 3.7027E-04  ( 0.307    ,  1.953E-03,   0.00    ) |  3.703E-04 2.441E-02
    5207 2.0045E+00 3.7027E-04  ( 0.307    ,  1.953E-03,   0.00    ) |  3.703E-04 2.441E-02
    5208 2.0048E+00 3.7028E-04  ( 0.307    , -1.953E-03,   0.00    ) |  3.703E-04 2.441E-02
    5209 2.0052E+00 3.7028E-04  ( 0.307    , -1.953E-03,   0.00    ) |  3.703E-04 2.441E-02
    5210 2.0056E+00 3.7028E-04  ( 0.307    ,  1.953E-03,   0.00    ) |  3.703E-04 2.441E-02
    5211 2.0059E+00 3.7028E-04  ( 0.307    ,  1.953E-03,   0.00    ) |  3.703E-04 2.441E-02
    5212 2.0063E+00 3.7029E-04  ( 0.307    ,  1.953E-03,   0.00    ) |  3.703E-04 2.441E-02
    5213 2.0067E+00 3.7029E-04  ( 0.307    ,  1.953E-03,   0.00    ) |  3.703E-04 2.441E-02
    5214 2.0070E+00 3.7029E-04  ( 0.307    ,  1.953E-03,   0.00    ) |  3.703E-04 2.441E-02
    5215 2.0074E+00 3.7029E-04  ( 0.307    ,  1.953E-03,   0.00    ) |  3.703E-04 2.441E-02
    5216 2.0078E+00 3.7029E-04  ( 0.307    ,  1.953E-03,   0.00    ) |  3.703E-04 2.441E-02
    5217 2.0082E+00 3.7030E-04  ( 0.307    ,  1.953E-03,   0.00    ) |  3.703E-04 2.441E-02
    5218 2.0085E+00 3.7030E-04  ( 0.307    ,  1.953E-03,   0.00    ) |  3.703E-04 2.441E-02
    5219 2.0089E+00 3.7030E-04  ( 0.307    ,  1.953E-03,   0.00    ) |  3.703E-04 2.441E-02
    5220 2.0093E+00 3.7030E-04  ( 0.307    ,  1.953E-03,   0.00    ) |  3.703E-04 2.441E-02
    5221 2.0096E+00 3.7031E-04  ( 0.307    ,  1.953E-03,   0.00    ) |  3.703E-04 2.441E-02
    5222 2.0100E+00 3.7031E-04  ( 0.307    ,  1.953E-03,   0.00    ) |  3.703E-04 2.441E-02
    5223 2.0104E+00 3.7031E-04  ( 0.307    ,  1.953E-03,   0.00    ) |  3.703E-04 2.441E-02
    5224 2.0108E+00 3.7031E-04  ( 0.307    ,  1.953E-03,   0.00    ) |  3.703E-04 2.441E-02
    5225 2.0111E+00 3.7032E-04  ( 0.307    ,  1.953E-03,   0.00    ) |  3.703E-04 2.441E-02
    5226 2.0115E+00 3.7032E-04  ( 0.307    ,  1.953E-03,   0.00    ) |  3.703E-04 2.441E-02
    5227 2.0119E+00 3.7032E-04  ( 0.307    ,  1.953E-03,   0.00    ) |  3.703E-04 2.441E-02
    5228 2.0122E+00 3.7032E-04  ( 0.307    ,  1.953E-03,   0.00    ) |  3.703E-04 2.441E-02
    5229 2.0126E+00 3.7033E-04  ( 0.307    ,  1.953E-03,   0.00    ) |  3.703E-04 2.441E-02
    5230 2.0130E+00 3.7033E-04  ( 0.307    ,  1.953E-03,   0.00    ) |  3.703E-04 2.441E-02
    5231 2.0133E+00 3.7033E-04  ( 0.307    ,  1.953E-03,   0.00    ) |  3.703E-04 2.441E-02
    5232 2.0137E+00 3.7033E-04  ( 0.307    ,  1.953E-03,   0.00    ) |  3.703E-04 2.441E-02
    5233 2.0141E+00 3.7033E-04  ( 0.307    ,  1.953E-03,   0.00    ) |  3.703E-04 2.441E-02
    5234 2.0145E+00 3.7034E-04  ( 0.307    ,  1.953E-03,   0.00    ) |  3.703E-04 2.441E-02
    5235 2.0148E+00 3.7034E-04  ( 0.307    ,  1.953E-03,   0.00    ) |  3.703E-04 2.441E-02
    5236 2.0152E+00 3.7034E-04  ( 0.307    ,  1.953E-03,   0.00    ) |  3.703E-04 2.441E-02
    5237 2.0156E+00 3.7034E-04  ( 0.307    ,  1.953E-03,   0.00    ) |  3.703E-04 2.441E-02
    5238 2.0159E+00 3.7035E-04  ( 0.307    ,  1.953E-03,   0.00    ) |  3.703E-04 2.441E-02
    5239 2.0163E+00 3.7035E-04  ( 0.307    ,  1.953E-03,   0.00    ) |  3.703E-04 2.441E-02
    5240 2.0167E+00 3.7035E-04  ( 0.307    ,  1.953E-03,   0.00    ) |  3.703E-04 2.441E-02
    5241 2.0170E+00 3.7035E-04  ( 0.307    ,  1.953E-03,   0.00    ) |  3.704E-04 2.441E-02
    5242 2.0174E+00 3.7035E-04  ( 0.307    ,  1.953E-03,   0.00    ) |  3.704E-04 2.441E-02
    5243 2.0178E+00 3.7035E-04  ( 0.307    ,  1.953E-03,   0.00    ) |  3.704E-04 2.441E-02
    5244 2.0182E+00 3.7036E-04  ( 0.307    ,  1.953E-03,   0.00    ) |  3.704E-04 2.441E-02
    5245 2.0185E+00 3.7036E-04  ( 0.307    ,  1.953E-03,   0.00    ) |  3.704E-04 2.441E-02
    5246 2.0189E+00 3.7036E-04  ( 0.307    ,  1.953E-03,   0.00    ) |  3.704E-04 2.441E-02
    5247 2.0193E+00 3.7036E-04  ( 0.307    ,  1.953E-03,   0.00    ) |  3.704E-04 2.441E-02
    5248 2.0196E+00 3.7036E-04  ( 0.307    ,  1.953E-03,   0.00    ) |  3.704E-04 2.441E-02
    5249 2.0200E+00 3.7037E-04  ( 0.307    ,  1.953E-03,   0.00    ) |  3.704E-04 2.441E-02
    5250 2.0204E+00 3.7037E-04  ( 0.307    ,  1.953E-03,   0.00    ) |  3.704E-04 2.441E-02
    5251 2.0208E+00 3.7037E-04  ( 0.307    ,  1.953E-03,   0.00    ) |  3.704E-04 2.441E-02
    5252 2.0211E+00 3.7037E-04  ( 0.307    ,  1.953E-03,   0.00    ) |  3.704E-04 2.441E-02
    5253 2.0215E+00 3.7037E-04  ( 0.307    ,  1.953E-03,   0.00    ) |  3.704E-04 2.441E-02
    5254 2.0219E+00 3.7037E-04  ( 0.307    ,  1.953E-03,   0.00    ) |  3.704E-04 2.441E-02
    5255 2.0222E+00 3.7038E-04  ( 0.307    ,  1.953E-03,   0.00    ) |  3.704E-04 2.441E-02
    5256 2.0226E+00 3.7038E-04  ( 0.307    ,  1.953E-03,   0.00    ) |  3.704E-04 2.441E-02
    5257 2.0230E+00 3.7038E-04  ( 0.307    ,  1.953E-03,   0.00    ) |  3.704E-04 2.441E-02
    5258 2.0233E+00 3.7038E-04  ( 0.307    ,  1.953E-03,   0.00    ) |  3.704E-04 2.441E-02
    5259 2.0237E+00 3.7039E-04  ( 0.307    ,  1.953E-03,   0.00    ) |  3.704E-04 2.441E-02
    5260 2.0241E+00 3.7039E-04  ( 0.307    ,  1.953E-03,   0.00    ) |  3.704E-04 2.441E-02
    5261 2.0245E+00 3.7039E-04  ( 0.307    ,  1.953E-03,   0.00    ) |  3.704E-04 2.441E-02
    5262 2.0248E+00 3.7039E-04  ( 0.307    ,  1.953E-03,   0.00    ) |  3.704E-04 2.441E-02
 *** Wrote plotfile to flash_run_hdf5_plt_cnt_0081 ****
    5263 2.0252E+00 3.7040E-04  ( 0.307    ,  1.953E-03,   0.00    ) |  3.704E-04 2.441E-02
    5264 2.0256E+00 3.7040E-04  ( 0.307    ,  1.953E-03,   0.00    ) |  3.704E-04 2.441E-02
    5265 2.0259E+00 3.7040E-04  ( 0.307    ,  1.953E-03,   0.00    ) |  3.704E-04 2.441E-02
    5266 2.0263E+00 3.7040E-04  ( 0.307    ,  1.953E-03,   0.00    ) |  3.704E-04 2.441E-02
    5267 2.0267E+00 3.7041E-04  ( 0.307    ,  1.953E-03,   0.00    ) |  3.704E-04 2.441E-02
    5268 2.0270E+00 3.7041E-04  ( 0.307    ,  1.953E-03,   0.00    ) |  3.704E-04 2.441E-02
    5269 2.0274E+00 3.7041E-04  ( 0.307    ,  1.953E-03,   0.00    ) |  3.704E-04 2.441E-02
    5270 2.0278E+00 3.7041E-04  ( 0.307    ,  1.953E-03,   0.00    ) |  3.704E-04 2.441E-02
    5271 2.0282E+00 3.7042E-04  ( 0.307    ,  1.953E-03,   0.00    ) |  3.704E-04 2.441E-02
    5272 2.0285E+00 3.7042E-04  ( 0.307    ,  1.953E-03,   0.00    ) |  3.704E-04 2.441E-02
    5273 2.0289E+00 3.7042E-04  ( 0.307    ,  1.953E-03,   0.00    ) |  3.704E-04 2.441E-02
    5274 2.0293E+00 3.7042E-04  ( 0.307    ,  1.953E-03,   0.00    ) |  3.704E-04 2.441E-02
    5275 2.0296E+00 3.7043E-04  ( 0.307    ,  1.953E-03,   0.00    ) |  3.704E-04 2.441E-02
    5276 2.0300E+00 3.7043E-04  ( 0.307    ,  1.953E-03,   0.00    ) |  3.704E-04 2.441E-02
    5277 2.0304E+00 3.7043E-04  ( 0.307    ,  1.953E-03,   0.00    ) |  3.704E-04 2.441E-02
    5278 2.0308E+00 3.7043E-04  ( 0.307    ,  1.953E-03,   0.00    ) |  3.704E-04 2.441E-02
    5279 2.0311E+00 3.7044E-04  ( 0.307    ,  1.953E-03,   0.00    ) |  3.704E-04 2.441E-02
    5280 2.0315E+00 3.7044E-04  ( 0.307    ,  1.953E-03,   0.00    ) |  3.704E-04 2.441E-02
    5281 2.0319E+00 3.7044E-04  ( 0.307    ,  1.953E-03,   0.00    ) |  3.704E-04 2.441E-02
    5282 2.0322E+00 3.7045E-04  ( 0.307    ,  1.953E-03,   0.00    ) |  3.704E-04 2.441E-02
    5283 2.0326E+00 3.7045E-04  ( 0.307    ,  1.953E-03,   0.00    ) |  3.704E-04 2.441E-02
    5284 2.0330E+00 3.7045E-04  ( 0.307    ,  1.953E-03,   0.00    ) |  3.705E-04 2.441E-02
    5285 2.0333E+00 3.7045E-04  ( 0.307    ,  1.953E-03,   0.00    ) |  3.705E-04 2.441E-02
    5286 2.0337E+00 3.7046E-04  ( 0.307    ,  1.953E-03,   0.00    ) |  3.705E-04 2.441E-02
    5287 2.0341E+00 3.7046E-04  ( 0.307    ,  1.953E-03,   0.00    ) |  3.705E-04 2.441E-02
    5288 2.0345E+00 3.7046E-04  ( 0.307    ,  1.953E-03,   0.00    ) |  3.705E-04 2.441E-02
    5289 2.0348E+00 3.7047E-04  ( 0.307    ,  1.953E-03,   0.00    ) |  3.705E-04 2.441E-02
    5290 2.0352E+00 3.7047E-04  ( 0.307    ,  1.953E-03,   0.00    ) |  3.705E-04 2.441E-02
    5291 2.0356E+00 3.7047E-04  ( 0.307    ,  1.953E-03,   0.00    ) |  3.705E-04 2.441E-02
    5292 2.0359E+00 3.7047E-04  ( 0.307    ,  1.953E-03,   0.00    ) |  3.705E-04 2.441E-02
    5293 2.0363E+00 3.7048E-04  ( 0.307    ,  1.953E-03,   0.00    ) |  3.705E-04 2.441E-02
    5294 2.0367E+00 3.7048E-04  ( 0.307    ,  1.953E-03,   0.00    ) |  3.705E-04 2.441E-02
    5295 2.0370E+00 3.7048E-04  ( 0.307    ,  1.953E-03,   0.00    ) |  3.705E-04 2.441E-02
    5296 2.0374E+00 3.7048E-04  ( 0.307    ,  1.953E-03,   0.00    ) |  3.705E-04 2.441E-02
    5297 2.0378E+00 3.7049E-04  ( 0.307    ,  1.953E-03,   0.00    ) |  3.705E-04 2.441E-02
    5298 2.0382E+00 3.7049E-04  ( 0.307    ,  1.953E-03,   0.00    ) |  3.705E-04 2.441E-02
    5299 2.0385E+00 3.7049E-04  ( 0.307    ,  1.953E-03,   0.00    ) |  3.705E-04 2.441E-02
    5300 2.0389E+00 3.7049E-04  ( 0.307    ,  1.953E-03,   0.00    ) |  3.705E-04 2.441E-02
    5301 2.0393E+00 3.7049E-04  ( 0.307    ,  1.953E-03,   0.00    ) |  3.705E-04 2.441E-02
    5302 2.0396E+00 3.7050E-04  ( 0.307    ,  1.953E-03,   0.00    ) |  3.705E-04 2.441E-02
    5303 2.0400E+00 3.7050E-04  ( 0.307    ,  1.953E-03,   0.00    ) |  3.705E-04 2.441E-02
    5304 2.0404E+00 3.7050E-04  ( 0.307    ,  1.953E-03,   0.00    ) |  3.705E-04 2.441E-02
    5305 2.0408E+00 3.7050E-04  ( 0.307    ,  1.953E-03,   0.00    ) |  3.705E-04 2.441E-02
    5306 2.0411E+00 3.7050E-04  ( 0.307    ,  1.953E-03,   0.00    ) |  3.705E-04 2.441E-02
    5307 2.0415E+00 3.7051E-04  ( 0.307    ,  1.953E-03,   0.00    ) |  3.705E-04 2.441E-02
    5308 2.0419E+00 3.7051E-04  ( 0.307    ,  1.953E-03,   0.00    ) |  3.705E-04 2.441E-02
    5309 2.0422E+00 3.7051E-04  ( 0.307    ,  1.953E-03,   0.00    ) |  3.705E-04 2.441E-02
    5310 2.0426E+00 3.7051E-04  ( 0.307    ,  1.953E-03,   0.00    ) |  3.705E-04 2.441E-02
    5311 2.0430E+00 3.7051E-04  ( 0.307    ,  1.953E-03,   0.00    ) |  3.705E-04 2.441E-02
    5312 2.0433E+00 3.7051E-04  ( 0.307    ,  1.953E-03,   0.00    ) |  3.705E-04 2.441E-02
    5313 2.0437E+00 3.7051E-04  ( 0.307    ,  1.953E-03,   0.00    ) |  3.705E-04 2.441E-02
    5314 2.0441E+00 3.7052E-04  ( 0.307    ,  1.953E-03,   0.00    ) |  3.705E-04 2.441E-02
    5315 2.0445E+00 3.7052E-04  ( 0.307    ,  1.953E-03,   0.00    ) |  3.705E-04 2.441E-02
    5316 2.0448E+00 3.7052E-04  ( 0.307    ,  1.953E-03,   0.00    ) |  3.705E-04 2.441E-02
    5317 2.0452E+00 3.7052E-04  ( 0.307    ,  1.953E-03,   0.00    ) |  3.705E-04 2.441E-02
    5318 2.0456E+00 3.7052E-04  ( 0.307    ,  1.953E-03,   0.00    ) |  3.705E-04 2.441E-02
    5319 2.0459E+00 3.7052E-04  ( 0.307    ,  1.953E-03,   0.00    ) |  3.705E-04 2.441E-02
    5320 2.0463E+00 3.7052E-04  ( 0.307    ,  1.953E-03,   0.00    ) |  3.705E-04 2.441E-02
    5321 2.0467E+00 3.7052E-04  ( 0.307    ,  1.953E-03,   0.00    ) |  3.705E-04 2.441E-02
    5322 2.0471E+00 3.7052E-04  ( 0.307    ,  1.953E-03,   0.00    ) |  3.705E-04 2.441E-02
    5323 2.0474E+00 3.7052E-04  ( 0.307    ,  1.953E-03,   0.00    ) |  3.705E-04 2.441E-02
    5324 2.0478E+00 3.7052E-04  ( 0.307    ,  1.953E-03,   0.00    ) |  3.705E-04 2.441E-02
    5325 2.0482E+00 3.7052E-04  ( 0.307    ,  1.953E-03,   0.00    ) |  3.705E-04 2.441E-02
    5326 2.0485E+00 3.7052E-04  ( 0.307    ,  1.953E-03,   0.00    ) |  3.705E-04 2.441E-02
    5327 2.0489E+00 3.7052E-04  ( 0.307    ,  1.953E-03,   0.00    ) |  3.705E-04 2.441E-02
    5328 2.0493E+00 3.7052E-04  ( 0.307    ,  1.953E-03,   0.00    ) |  3.705E-04 2.441E-02
    5329 2.0496E+00 3.7052E-04  ( 0.307    ,  1.953E-03,   0.00    ) |  3.705E-04 2.441E-02
 *** Wrote plotfile to flash_run_hdf5_plt_cnt_0082 ****
    5330 2.0500E+00 3.7052E-04  ( 0.307    ,  1.953E-03,   0.00    ) |  3.705E-04 2.441E-02
    5331 2.0504E+00 3.7052E-04  ( 0.307    ,  1.953E-03,   0.00    ) |  3.705E-04 2.441E-02
    5332 2.0508E+00 3.7052E-04  ( 0.307    ,  1.953E-03,   0.00    ) |  3.705E-04 2.441E-02
    5333 2.0511E+00 3.7052E-04  ( 0.307    ,  1.953E-03,   0.00    ) |  3.705E-04 2.441E-02
    5334 2.0515E+00 3.7052E-04  ( 0.307    ,  1.953E-03,   0.00    ) |  3.705E-04 2.441E-02
    5335 2.0519E+00 3.7052E-04  ( 0.307    ,  1.953E-03,   0.00    ) |  3.705E-04 2.441E-02
    5336 2.0522E+00 3.7052E-04  ( 0.307    ,  1.953E-03,   0.00    ) |  3.705E-04 2.441E-02
    5337 2.0526E+00 3.7052E-04  ( 0.307    ,  1.953E-03,   0.00    ) |  3.705E-04 2.441E-02
    5338 2.0530E+00 3.7052E-04  ( 0.307    ,  1.953E-03,   0.00    ) |  3.705E-04 2.441E-02
    5339 2.0534E+00 3.7052E-04  ( 0.307    ,  1.953E-03,   0.00    ) |  3.705E-04 2.441E-02
    5340 2.0537E+00 3.7052E-04  ( 0.307    ,  1.953E-03,   0.00    ) |  3.705E-04 2.441E-02
    5341 2.0541E+00 3.7052E-04  ( 0.307    ,  1.953E-03,   0.00    ) |  3.705E-04 2.441E-02
    5342 2.0545E+00 3.7052E-04  ( 0.307    ,  1.953E-03,   0.00    ) |  3.705E-04 2.441E-02
    5343 2.0548E+00 3.7052E-04  ( 0.307    ,  1.953E-03,   0.00    ) |  3.705E-04 2.441E-02
    5344 2.0552E+00 3.7052E-04  ( 0.307    ,  1.953E-03,   0.00    ) |  3.705E-04 2.441E-02
    5345 2.0556E+00 3.7052E-04  ( 0.307    ,  1.953E-03,   0.00    ) |  3.705E-04 2.441E-02
    5346 2.0559E+00 3.7052E-04  ( 0.307    ,  1.953E-03,   0.00    ) |  3.705E-04 2.441E-02
    5347 2.0563E+00 3.7052E-04  ( 0.307    ,  1.953E-03,   0.00    ) |  3.705E-04 2.441E-02
    5348 2.0567E+00 3.7052E-04  ( 0.307    ,  1.953E-03,   0.00    ) |  3.705E-04 2.441E-02
    5349 2.0571E+00 3.7052E-04  ( 0.307    ,  1.953E-03,   0.00    ) |  3.705E-04 2.441E-02
    5350 2.0574E+00 3.7051E-04  ( 0.307    ,  1.953E-03,   0.00    ) |  3.705E-04 2.441E-02
    5351 2.0578E+00 3.7051E-04  ( 0.307    ,  1.953E-03,   0.00    ) |  3.705E-04 2.441E-02
    5352 2.0582E+00 3.7051E-04  ( 0.307    ,  1.953E-03,   0.00    ) |  3.705E-04 2.441E-02
    5353 2.0585E+00 3.7051E-04  ( 0.307    ,  1.953E-03,   0.00    ) |  3.705E-04 2.441E-02
    5354 2.0589E+00 3.7051E-04  ( 0.307    ,  1.953E-03,   0.00    ) |  3.705E-04 2.441E-02
    5355 2.0593E+00 3.7051E-04  ( 0.307    ,  1.953E-03,   0.00    ) |  3.705E-04 2.441E-02
    5356 2.0597E+00 3.7051E-04  ( 0.307    ,  1.953E-03,   0.00    ) |  3.705E-04 2.441E-02
    5357 2.0600E+00 3.7051E-04  ( 0.307    ,  1.953E-03,   0.00    ) |  3.705E-04 2.441E-02
    5358 2.0604E+00 3.7051E-04  ( 0.307    ,  1.953E-03,   0.00    ) |  3.705E-04 2.441E-02
    5359 2.0608E+00 3.7050E-04  ( 0.307    ,  1.953E-03,   0.00    ) |  3.705E-04 2.441E-02
    5360 2.0611E+00 3.7050E-04  ( 0.307    ,  1.953E-03,   0.00    ) |  3.705E-04 2.441E-02
    5361 2.0615E+00 3.7050E-04  ( 0.307    ,  1.953E-03,   0.00    ) |  3.705E-04 2.441E-02
    5362 2.0619E+00 3.7050E-04  ( 0.307    ,  1.953E-03,   0.00    ) |  3.705E-04 2.441E-02
    5363 2.0622E+00 3.7050E-04  ( 0.307    ,  1.953E-03,   0.00    ) |  3.705E-04 2.441E-02
    5364 2.0626E+00 3.7050E-04  ( 0.307    ,  1.953E-03,   0.00    ) |  3.705E-04 2.441E-02
    5365 2.0630E+00 3.7050E-04  ( 0.307    ,  1.953E-03,   0.00    ) |  3.705E-04 2.441E-02
    5366 2.0634E+00 3.7050E-04  ( 0.307    ,  1.953E-03,   0.00    ) |  3.705E-04 2.441E-02
    5367 2.0637E+00 3.7049E-04  ( 0.307    ,  1.953E-03,   0.00    ) |  3.705E-04 2.441E-02
    5368 2.0641E+00 3.7049E-04  ( 0.307    ,  1.953E-03,   0.00    ) |  3.705E-04 2.441E-02
    5369 2.0645E+00 3.7049E-04  ( 0.307    ,  1.953E-03,   0.00    ) |  3.705E-04 2.441E-02
    5370 2.0648E+00 3.7049E-04  ( 0.307    ,  1.953E-03,   0.00    ) |  3.705E-04 2.441E-02
    5371 2.0652E+00 3.7049E-04  ( 0.307    ,  1.953E-03,   0.00    ) |  3.705E-04 2.441E-02
    5372 2.0656E+00 3.7049E-04  ( 0.307    ,  1.953E-03,   0.00    ) |  3.705E-04 2.441E-02
    5373 2.0659E+00 3.7049E-04  ( 0.307    ,  1.953E-03,   0.00    ) |  3.705E-04 2.441E-02
    5374 2.0663E+00 3.7049E-04  ( 0.307    ,  1.953E-03,   0.00    ) |  3.705E-04 2.441E-02
    5375 2.0667E+00 3.7048E-04  ( 0.307    ,  1.953E-03,   0.00    ) |  3.705E-04 2.441E-02
    5376 2.0671E+00 3.7048E-04  ( 0.307    ,  1.953E-03,   0.00    ) |  3.705E-04 2.441E-02
    5377 2.0674E+00 3.7048E-04  ( 0.307    ,  1.953E-03,   0.00    ) |  3.705E-04 2.441E-02
    5378 2.0678E+00 3.7048E-04  ( 0.307    ,  1.953E-03,   0.00    ) |  3.705E-04 2.441E-02
    5379 2.0682E+00 3.7048E-04  ( 0.307    ,  1.953E-03,   0.00    ) |  3.705E-04 2.441E-02
    5380 2.0685E+00 3.7048E-04  ( 0.307    ,  1.953E-03,   0.00    ) |  3.705E-04 2.441E-02
    5381 2.0689E+00 3.7047E-04  ( 0.307    ,  1.953E-03,   0.00    ) |  3.705E-04 2.441E-02
    5382 2.0693E+00 3.7047E-04  ( 0.307    ,  1.953E-03,   0.00    ) |  3.705E-04 2.441E-02
    5383 2.0697E+00 3.7047E-04  ( 0.307    ,  1.953E-03,   0.00    ) |  3.705E-04 2.441E-02
    5384 2.0700E+00 3.7047E-04  ( 0.307    ,  1.953E-03,   0.00    ) |  3.705E-04 2.441E-02
    5385 2.0704E+00 3.7047E-04  ( 0.307    ,  1.953E-03,   0.00    ) |  3.705E-04 2.441E-02
    5386 2.0708E+00 3.7047E-04  ( 0.307    ,  1.953E-03,   0.00    ) |  3.705E-04 2.441E-02
    5387 2.0711E+00 3.7046E-04  ( 0.307    ,  1.953E-03,   0.00    ) |  3.705E-04 2.441E-02
    5388 2.0715E+00 3.7046E-04  ( 0.307    ,  1.953E-03,   0.00    ) |  3.705E-04 2.441E-02
    5389 2.0719E+00 3.7046E-04  ( 0.307    ,  1.953E-03,   0.00    ) |  3.705E-04 2.441E-02
    5390 2.0722E+00 3.7046E-04  ( 0.307    ,  1.953E-03,   0.00    ) |  3.705E-04 2.441E-02
    5391 2.0726E+00 3.7046E-04  ( 0.307    ,  1.953E-03,   0.00    ) |  3.705E-04 2.441E-02
    5392 2.0730E+00 3.7045E-04  ( 0.307    ,  1.953E-03,   0.00    ) |  3.705E-04 2.441E-02
    5393 2.0734E+00 3.7045E-04  ( 0.307    ,  1.953E-03,   0.00    ) |  3.705E-04 2.441E-02
    5394 2.0737E+00 3.7045E-04  ( 0.307    ,  1.953E-03,   0.00    ) |  3.704E-04 2.441E-02
    5395 2.0741E+00 3.7045E-04  ( 0.307    ,  1.953E-03,   0.00    ) |  3.704E-04 2.441E-02
    5396 2.0745E+00 3.7044E-04  ( 0.307    ,  1.953E-03,   0.00    ) |  3.704E-04 2.441E-02
    5397 2.0748E+00 3.7044E-04  ( 0.307    ,  1.953E-03,   0.00    ) |  3.704E-04 2.441E-02
 *** Wrote plotfile to flash_run_hdf5_plt_cnt_0083 ****
    5398 2.0752E+00 3.7044E-04  ( 0.307    ,  1.953E-03,   0.00    ) |  3.704E-04 2.441E-02
    5399 2.0756E+00 3.7044E-04  ( 0.307    ,  1.953E-03,   0.00    ) |  3.704E-04 2.441E-02
    5400 2.0760E+00 3.7043E-04  ( 0.307    ,  1.953E-03,   0.00    ) |  3.704E-04 2.441E-02
    5401 2.0763E+00 3.7043E-04  ( 0.307    ,  1.953E-03,   0.00    ) |  3.704E-04 2.441E-02
    5402 2.0767E+00 3.7043E-04  ( 0.307    ,  1.953E-03,   0.00    ) |  3.704E-04 2.441E-02
    5403 2.0771E+00 3.7043E-04  ( 0.307    ,  1.953E-03,   0.00    ) |  3.704E-04 2.441E-02
    5404 2.0774E+00 3.7042E-04  ( 0.307    ,  1.953E-03,   0.00    ) |  3.704E-04 2.441E-02
    5405 2.0778E+00 3.7042E-04  ( 0.307    ,  1.953E-03,   0.00    ) |  3.704E-04 2.441E-02
    5406 2.0782E+00 3.7042E-04  ( 0.307    ,  1.953E-03,   0.00    ) |  3.704E-04 2.441E-02
    5407 2.0785E+00 3.7042E-04  ( 0.307    ,  1.953E-03,   0.00    ) |  3.704E-04 2.441E-02
    5408 2.0789E+00 3.7041E-04  ( 0.307    ,  1.953E-03,   0.00    ) |  3.704E-04 2.441E-02
    5409 2.0793E+00 3.7041E-04  ( 0.307    ,  1.953E-03,   0.00    ) |  3.704E-04 2.441E-02
    5410 2.0797E+00 3.7041E-04  ( 0.307    ,  1.953E-03,   0.00    ) |  3.704E-04 2.441E-02
    5411 2.0800E+00 3.7041E-04  ( 0.307    ,  1.953E-03,   0.00    ) |  3.704E-04 2.441E-02
    5412 2.0804E+00 3.7040E-04  ( 0.307    ,  1.953E-03,   0.00    ) |  3.704E-04 2.441E-02
    5413 2.0808E+00 3.7040E-04  ( 0.307    ,  1.953E-03,   0.00    ) |  3.704E-04 2.441E-02
    5414 2.0811E+00 3.7040E-04  ( 0.307    ,  1.953E-03,   0.00    ) |  3.704E-04 2.441E-02
    5415 2.0815E+00 3.7040E-04  ( 0.307    ,  1.953E-03,   0.00    ) |  3.704E-04 2.441E-02
    5416 2.0819E+00 3.7039E-04  ( 0.307    ,  1.953E-03,   0.00    ) |  3.704E-04 2.441E-02
    5417 2.0822E+00 3.7039E-04  ( 0.307    ,  1.953E-03,   0.00    ) |  3.704E-04 2.441E-02
    5418 2.0826E+00 3.7039E-04  ( 0.307    ,  1.953E-03,   0.00    ) |  3.704E-04 2.441E-02
    5419 2.0830E+00 3.7039E-04  ( 0.307    ,  1.953E-03,   0.00    ) |  3.704E-04 2.441E-02
    5420 2.0834E+00 3.7038E-04  ( 0.307    ,  1.953E-03,   0.00    ) |  3.704E-04 2.441E-02
    5421 2.0837E+00 3.7038E-04  ( 0.307    ,  1.953E-03,   0.00    ) |  3.704E-04 2.441E-02
    5422 2.0841E+00 3.7038E-04  ( 0.307    ,  1.953E-03,   0.00    ) |  3.704E-04 2.441E-02
    5423 2.0845E+00 3.7038E-04  ( 0.307    ,  1.953E-03,   0.00    ) |  3.704E-04 2.441E-02
    5424 2.0848E+00 3.7037E-04  ( 0.307    ,  1.953E-03,   0.00    ) |  3.704E-04 2.441E-02
    5425 2.0852E+00 3.7037E-04  ( 0.307    ,  1.953E-03,   0.00    ) |  3.704E-04 2.441E-02
    5426 2.0856E+00 3.7037E-04  ( 0.307    ,  1.953E-03,   0.00    ) |  3.704E-04 2.441E-02
    5427 2.0860E+00 3.7037E-04  ( 0.307    ,  1.953E-03,   0.00    ) |  3.704E-04 2.441E-02
    5428 2.0863E+00 3.7036E-04  ( 0.307    ,  1.953E-03,   0.00    ) |  3.704E-04 2.441E-02
    5429 2.0867E+00 3.7036E-04  ( 0.307    ,  1.953E-03,   0.00    ) |  3.704E-04 2.441E-02
    5430 2.0871E+00 3.7036E-04  ( 0.307    ,  1.953E-03,   0.00    ) |  3.704E-04 2.441E-02
    5431 2.0874E+00 3.7036E-04  ( 0.307    ,  1.953E-03,   0.00    ) |  3.704E-04 2.441E-02
    5432 2.0878E+00 3.7035E-04  ( 0.307    ,  1.953E-03,   0.00    ) |  3.704E-04 2.441E-02
    5433 2.0882E+00 3.7035E-04  ( 0.307    ,  1.953E-03,   0.00    ) |  3.704E-04 2.441E-02
    5434 2.0885E+00 3.7035E-04  ( 0.307    ,  1.953E-03,   0.00    ) |  3.703E-04 2.441E-02
    5435 2.0889E+00 3.7035E-04  ( 0.307    ,  1.953E-03,   0.00    ) |  3.703E-04 2.441E-02
    5436 2.0893E+00 3.7035E-04  ( 0.307    ,  1.953E-03,   0.00    ) |  3.703E-04 2.441E-02
    5437 2.0897E+00 3.7034E-04  ( 0.307    ,  1.953E-03,   0.00    ) |  3.703E-04 2.441E-02
    5438 2.0900E+00 3.7034E-04  ( 0.307    ,  1.953E-03,   0.00    ) |  3.703E-04 2.441E-02
    5439 2.0904E+00 3.7034E-04  ( 0.307    ,  1.953E-03,   0.00    ) |  3.703E-04 2.441E-02
    5440 2.0908E+00 3.7034E-04  ( 0.307    ,  1.953E-03,   0.00    ) |  3.703E-04 2.441E-02
    5441 2.0911E+00 3.7033E-04  ( 0.307    ,  1.953E-03,   0.00    ) |  3.703E-04 2.441E-02
    5442 2.0915E+00 3.7033E-04  ( 0.307    ,  1.953E-03,   0.00    ) |  3.703E-04 2.441E-02
    5443 2.0919E+00 3.7033E-04  ( 0.307    ,  1.953E-03,   0.00    ) |  3.703E-04 2.441E-02
    5444 2.0922E+00 3.7033E-04  ( 0.307    ,  1.953E-03,   0.00    ) |  3.703E-04 2.441E-02
    5445 2.0926E+00 3.7033E-04  ( 0.307    ,  1.953E-03,   0.00    ) |  3.703E-04 2.441E-02
    5446 2.0930E+00 3.7032E-04  ( 0.307    ,  1.953E-03,   0.00    ) |  3.703E-04 2.441E-02
    5447 2.0934E+00 3.7032E-04  ( 0.307    ,  1.953E-03,   0.00    ) |  3.703E-04 2.441E-02
    5448 2.0937E+00 3.7032E-04  ( 0.307    ,  1.953E-03,   0.00    ) |  3.703E-04 2.441E-02
    5449 2.0941E+00 3.7032E-04  ( 0.307    ,  1.953E-03,   0.00    ) |  3.703E-04 2.441E-02
    5450 2.0945E+00 3.7032E-04  ( 0.307    ,  1.953E-03,   0.00    ) |  3.703E-04 2.441E-02
    5451 2.0948E+00 3.7031E-04  ( 0.307    ,  1.953E-03,   0.00    ) |  3.703E-04 2.441E-02
    5452 2.0952E+00 3.7031E-04  ( 0.307    ,  1.953E-03,   0.00    ) |  3.703E-04 2.441E-02
    5453 2.0956E+00 3.7031E-04  ( 0.307    ,  1.953E-03,   0.00    ) |  3.703E-04 2.441E-02
    5454 2.0960E+00 3.7031E-04  ( 0.307    ,  1.953E-03,   0.00    ) |  3.703E-04 2.441E-02
    5455 2.0963E+00 3.7031E-04  ( 0.307    ,  1.953E-03,   0.00    ) |  3.703E-04 2.441E-02
    5456 2.0967E+00 3.7030E-04  ( 0.307    ,  1.953E-03,   0.00    ) |  3.703E-04 2.441E-02
    5457 2.0971E+00 3.7030E-04  ( 0.307    ,  1.953E-03,   0.00    ) |  3.703E-04 2.441E-02
    5458 2.0974E+00 3.7030E-04  ( 0.307    ,  1.953E-03,   0.00    ) |  3.703E-04 2.441E-02
    5459 2.0978E+00 3.7030E-04  ( 0.307    ,  1.953E-03,   0.00    ) |  3.703E-04 2.441E-02
    5460 2.0982E+00 3.7030E-04  ( 0.307    ,  1.953E-03,   0.00    ) |  3.703E-04 2.441E-02
    5461 2.0985E+00 3.7030E-04  ( 0.307    ,  1.953E-03,   0.00    ) |  3.703E-04 2.441E-02
    5462 2.0989E+00 3.7029E-04  ( 0.307    ,  1.953E-03,   0.00    ) |  3.703E-04 2.441E-02
    5463 2.0993E+00 3.7029E-04  ( 0.307    ,  1.953E-03,   0.00    ) |  3.703E-04 2.441E-02
    5464 2.0997E+00 3.7029E-04  ( 0.307    ,  1.953E-03,   0.00    ) |  3.703E-04 2.441E-02
 *** Wrote plotfile to flash_run_hdf5_plt_cnt_0084 ****
    5465 2.1000E+00 3.7029E-04  ( 0.307    ,  1.953E-03,   0.00    ) |  3.703E-04 2.441E-02
    5466 2.1004E+00 3.7029E-04  ( 0.307    ,  1.953E-03,   0.00    ) |  3.703E-04 2.441E-02
    5467 2.1008E+00 3.7029E-04  ( 0.307    ,  1.953E-03,   0.00    ) |  3.703E-04 2.441E-02
    5468 2.1011E+00 3.7029E-04  ( 0.307    , -1.953E-03,   0.00    ) |  3.703E-04 2.441E-02
    5469 2.1015E+00 3.7029E-04  ( 0.307    , -1.953E-03,   0.00    ) |  3.703E-04 2.441E-02
    5470 2.1019E+00 3.7028E-04  ( 0.307    ,  1.953E-03,   0.00    ) |  3.703E-04 2.441E-02
    5471 2.1022E+00 3.7028E-04  ( 0.307    , -1.953E-03,   0.00    ) |  3.703E-04 2.441E-02
    5472 2.1026E+00 3.7028E-04  ( 0.307    ,  1.953E-03,   0.00    ) |  3.703E-04 2.441E-02
    5473 2.1030E+00 3.7028E-04  ( 0.307    , -1.953E-03,   0.00    ) |  3.703E-04 2.441E-02
    5474 2.1034E+00 3.7028E-04  ( 0.307    , -1.953E-03,   0.00    ) |  3.703E-04 2.441E-02
    5475 2.1037E+00 3.7028E-04  ( 0.307    , -1.953E-03,   0.00    ) |  3.703E-04 2.441E-02
    5476 2.1041E+00 3.7028E-04  ( 0.307    , -1.953E-03,   0.00    ) |  3.703E-04 2.441E-02
    5477 2.1045E+00 3.7028E-04  ( 0.307    , -1.953E-03,   0.00    ) |  3.703E-04 2.441E-02
    5478 2.1048E+00 3.7028E-04  ( 0.307    , -1.953E-03,   0.00    ) |  3.703E-04 2.441E-02
    5479 2.1052E+00 3.7028E-04  ( 0.307    , -1.953E-03,   0.00    ) |  3.703E-04 2.441E-02
    5480 2.1056E+00 3.7028E-04  ( 0.307    , -1.953E-03,   0.00    ) |  3.703E-04 2.441E-02
    5481 2.1059E+00 3.7028E-04  ( 0.307    , -1.953E-03,   0.00    ) |  3.703E-04 2.441E-02
    5482 2.1063E+00 3.7027E-04  ( 0.307    , -1.953E-03,   0.00    ) |  3.703E-04 2.441E-02
    5483 2.1067E+00 3.7027E-04  ( 0.307    , -1.953E-03,   0.00    ) |  3.703E-04 2.441E-02
    5484 2.1071E+00 3.7027E-04  ( 0.307    , -1.953E-03,   0.00    ) |  3.703E-04 2.441E-02
    5485 2.1074E+00 3.7027E-04  ( 0.307    , -1.953E-03,   0.00    ) |  3.703E-04 2.441E-02
    5486 2.1078E+00 3.7027E-04  ( 0.307    , -1.953E-03,   0.00    ) |  3.703E-04 2.441E-02
    5487 2.1082E+00 3.7027E-04  ( 0.307    , -1.953E-03,   0.00    ) |  3.703E-04 2.441E-02
    5488 2.1085E+00 3.7027E-04  ( 0.307    ,  1.953E-03,   0.00    ) |  3.703E-04 2.441E-02
    5489 2.1089E+00 3.7027E-04  ( 0.307    , -1.953E-03,   0.00    ) |  3.703E-04 2.441E-02
    5490 2.1093E+00 3.7027E-04  ( 0.307    , -1.953E-03,   0.00    ) |  3.703E-04 2.441E-02
    5491 2.1097E+00 3.7027E-04  ( 0.307    , -1.953E-03,   0.00    ) |  3.703E-04 2.441E-02
    5492 2.1100E+00 3.7027E-04  ( 0.307    ,  1.953E-03,   0.00    ) |  3.703E-04 2.441E-02
    5493 2.1104E+00 3.7027E-04  ( 0.307    ,  1.953E-03,   0.00    ) |  3.703E-04 2.441E-02
    5494 2.1108E+00 3.7027E-04  ( 0.307    ,  1.953E-03,   0.00    ) |  3.703E-04 2.441E-02
    5495 2.1111E+00 3.7026E-04  ( 0.307    ,  1.953E-03,   0.00    ) |  3.703E-04 2.441E-02
    5496 2.1115E+00 3.7026E-04  ( 0.307    ,  1.953E-03,   0.00    ) |  3.703E-04 2.441E-02
    5497 2.1119E+00 3.7026E-04  ( 0.307    ,  1.953E-03,   0.00    ) |  3.703E-04 2.441E-02
    5498 2.1122E+00 3.7026E-04  ( 0.307    ,  1.953E-03,   0.00    ) |  3.703E-04 2.441E-02
    5499 2.1126E+00 3.7026E-04  ( 0.307    ,  1.953E-03,   0.00    ) |  3.703E-04 2.441E-02
    5500 2.1130E+00 3.7026E-04  ( 0.307    ,  1.953E-03,   0.00    ) |  3.703E-04 2.441E-02
    5501 2.1134E+00 3.7026E-04  ( 0.307    ,  1.953E-03,   0.00    ) |  3.703E-04 2.441E-02
    5502 2.1137E+00 3.7026E-04  ( 0.307    ,  1.953E-03,   0.00    ) |  3.703E-04 2.441E-02
    5503 2.1141E+00 3.7026E-04  ( 0.307    ,  1.953E-03,   0.00    ) |  3.703E-04 2.441E-02
    5504 2.1145E+00 3.7026E-04  ( 0.307    ,  1.953E-03,   0.00    ) |  3.703E-04 2.441E-02
    5505 2.1148E+00 3.7026E-04  ( 0.307    ,  1.953E-03,   0.00    ) |  3.703E-04 2.441E-02
    5506 2.1152E+00 3.7026E-04  ( 0.307    ,  1.953E-03,   0.00    ) |  3.703E-04 2.441E-02
    5507 2.1156E+00 3.7026E-04  ( 0.307    ,  1.953E-03,   0.00    ) |  3.703E-04 2.441E-02
    5508 2.1159E+00 3.7026E-04  ( 0.307    ,  1.953E-03,   0.00    ) |  3.703E-04 2.441E-02
    5509 2.1163E+00 3.7026E-04  ( 0.307    ,  1.953E-03,   0.00    ) |  3.703E-04 2.441E-02
    5510 2.1167E+00 3.7026E-04  ( 0.307    ,  1.953E-03,   0.00    ) |  3.703E-04 2.441E-02
    5511 2.1171E+00 3.7026E-04  ( 0.307    ,  1.953E-03,   0.00    ) |  3.703E-04 2.441E-02
    5512 2.1174E+00 3.7026E-04  ( 0.307    ,  1.953E-03,   0.00    ) |  3.703E-04 2.441E-02
    5513 2.1178E+00 3.7026E-04  ( 0.307    ,  1.953E-03,   0.00    ) |  3.703E-04 2.441E-02
    5514 2.1182E+00 3.7026E-04  ( 0.307    ,  1.953E-03,   0.00    ) |  3.703E-04 2.441E-02
    5515 2.1185E+00 3.7026E-04  ( 0.307    ,  1.953E-03,   0.00    ) |  3.703E-04 2.441E-02
    5516 2.1189E+00 3.7026E-04  ( 0.307    ,  1.953E-03,   0.00    ) |  3.703E-04 2.441E-02
    5517 2.1193E+00 3.7026E-04  ( 0.307    ,  1.953E-03,   0.00    ) |  3.703E-04 2.441E-02
    5518 2.1196E+00 3.7026E-04  ( 0.307    ,  1.953E-03,   0.00    ) |  3.703E-04 2.441E-02
    5519 2.1200E+00 3.7026E-04  ( 0.307    ,  1.953E-03,   0.00    ) |  3.703E-04 2.441E-02
    5520 2.1204E+00 3.7026E-04  ( 0.307    ,  1.953E-03,   0.00    ) |  3.703E-04 2.441E-02
    5521 2.1208E+00 3.7026E-04  ( 0.307    ,  1.953E-03,   0.00    ) |  3.703E-04 2.441E-02
    5522 2.1211E+00 3.7026E-04  ( 0.307    ,  1.953E-03,   0.00    ) |  3.703E-04 2.441E-02
    5523 2.1215E+00 3.7026E-04  ( 0.307    ,  1.953E-03,   0.00    ) |  3.703E-04 2.441E-02
    5524 2.1219E+00 3.7025E-04  ( 0.307    ,  1.953E-03,   0.00    ) |  3.703E-04 2.441E-02
    5525 2.1222E+00 3.7025E-04  ( 0.307    ,  1.953E-03,   0.00    ) |  3.703E-04 2.441E-02
    5526 2.1226E+00 3.7025E-04  ( 0.307    ,  1.953E-03,   0.00    ) |  3.703E-04 2.441E-02
    5527 2.1230E+00 3.7025E-04  ( 0.307    ,  1.953E-03,   0.00    ) |  3.703E-04 2.441E-02
    5528 2.1234E+00 3.7025E-04  ( 0.307    ,  1.953E-03,   0.00    ) |  3.703E-04 2.441E-02
    5529 2.1237E+00 3.7025E-04  ( 0.307    ,  1.953E-03,   0.00    ) |  3.703E-04 2.441E-02
    5530 2.1241E+00 3.7025E-04  ( 0.307    ,  1.953E-03,   0.00    ) |  3.703E-04 2.441E-02
    5531 2.1245E+00 3.7025E-04  ( 0.307    ,  1.953E-03,   0.00    ) |  3.703E-04 2.441E-02
    5532 2.1248E+00 3.7025E-04  ( 0.307    ,  1.953E-03,   0.00    ) |  3.703E-04 2.441E-02
 *** Wrote plotfile to flash_run_hdf5_plt_cnt_0085 ****
    5533 2.1252E+00 3.7025E-04  ( 0.307    ,  1.953E-03,   0.00    ) |  3.703E-04 2.441E-02
    5534 2.1256E+00 3.7025E-04  ( 0.307    ,  1.953E-03,   0.00    ) |  3.703E-04 2.441E-02
    5535 2.1259E+00 3.7026E-04  ( 0.307    ,  1.953E-03,   0.00    ) |  3.703E-04 2.441E-02
    5536 2.1263E+00 3.7026E-04  ( 0.307    ,  1.953E-03,   0.00    ) |  3.703E-04 2.441E-02
    5537 2.1267E+00 3.7026E-04  ( 0.307    ,  1.953E-03,   0.00    ) |  3.703E-04 2.441E-02
    5538 2.1271E+00 3.7026E-04  ( 0.307    ,  1.953E-03,   0.00    ) |  3.703E-04 2.441E-02
    5539 2.1274E+00 3.7026E-04  ( 0.307    ,  1.953E-03,   0.00    ) |  3.703E-04 2.441E-02
    5540 2.1278E+00 3.7026E-04  ( 0.307    ,  1.953E-03,   0.00    ) |  3.703E-04 2.441E-02
    5541 2.1282E+00 3.7026E-04  ( 0.307    ,  1.953E-03,   0.00    ) |  3.703E-04 2.441E-02
    5542 2.1285E+00 3.7026E-04  ( 0.307    ,  1.953E-03,   0.00    ) |  3.703E-04 2.441E-02
    5543 2.1289E+00 3.7026E-04  ( 0.307    ,  1.953E-03,   0.00    ) |  3.703E-04 2.441E-02
    5544 2.1293E+00 3.7026E-04  ( 0.307    ,  1.953E-03,   0.00    ) |  3.703E-04 2.441E-02
    5545 2.1296E+00 3.7026E-04  ( 0.307    ,  1.953E-03,   0.00    ) |  3.703E-04 2.441E-02
    5546 2.1300E+00 3.7026E-04  ( 0.307    ,  1.953E-03,   0.00    ) |  3.703E-04 2.441E-02
    5547 2.1304E+00 3.7026E-04  ( 0.307    ,  1.953E-03,   0.00    ) |  3.703E-04 2.441E-02
    5548 2.1308E+00 3.7026E-04  ( 0.307    ,  1.953E-03,   0.00    ) |  3.703E-04 2.441E-02
    5549 2.1311E+00 3.7026E-04  ( 0.307    ,  1.953E-03,   0.00    ) |  3.703E-04 2.441E-02
    5550 2.1315E+00 3.7026E-04  ( 0.307    ,  1.953E-03,   0.00    ) |  3.703E-04 2.441E-02
    5551 2.1319E+00 3.7026E-04  ( 0.307    ,  1.953E-03,   0.00    ) |  3.703E-04 2.441E-02
    5552 2.1322E+00 3.7026E-04  ( 0.307    ,  1.953E-03,   0.00    ) |  3.703E-04 2.441E-02
    5553 2.1326E+00 3.7026E-04  ( 0.307    ,  1.953E-03,   0.00    ) |  3.703E-04 2.441E-02
    5554 2.1330E+00 3.7026E-04  ( 0.307    ,  1.953E-03,   0.00    ) |  3.703E-04 2.441E-02
    5555 2.1333E+00 3.7026E-04  ( 0.307    ,  1.953E-03,   0.00    ) |  3.703E-04 2.441E-02
    5556 2.1337E+00 3.7026E-04  ( 0.307    ,  1.953E-03,   0.00    ) |  3.703E-04 2.441E-02
    5557 2.1341E+00 3.7026E-04  ( 0.307    ,  1.953E-03,   0.00    ) |  3.703E-04 2.441E-02
    5558 2.1345E+00 3.7026E-04  ( 0.307    ,  1.953E-03,   0.00    ) |  3.703E-04 2.441E-02
    5559 2.1348E+00 3.7026E-04  ( 0.307    ,  1.953E-03,   0.00    ) |  3.703E-04 2.441E-02
    5560 2.1352E+00 3.7027E-04  ( 0.307    ,  1.953E-03,   0.00    ) |  3.703E-04 2.441E-02
    5561 2.1356E+00 3.7027E-04  ( 0.307    ,  1.953E-03,   0.00    ) |  3.703E-04 2.441E-02
    5562 2.1359E+00 3.7027E-04  ( 0.307    ,  1.953E-03,   0.00    ) |  3.703E-04 2.441E-02
    5563 2.1363E+00 3.7027E-04  ( 0.307    ,  1.953E-03,   0.00    ) |  3.703E-04 2.441E-02
    5564 2.1367E+00 3.7027E-04  ( 0.307    ,  1.953E-03,   0.00    ) |  3.703E-04 2.441E-02
    5565 2.1371E+00 3.7027E-04  ( 0.307    ,  1.953E-03,   0.00    ) |  3.703E-04 2.441E-02
    5566 2.1374E+00 3.7027E-04  ( 0.307    ,  1.953E-03,   0.00    ) |  3.703E-04 2.441E-02
    5567 2.1378E+00 3.7027E-04  ( 0.307    ,  1.953E-03,   0.00    ) |  3.703E-04 2.441E-02
    5568 2.1382E+00 3.7027E-04  ( 0.307    ,  1.953E-03,   0.00    ) |  3.703E-04 2.441E-02
    5569 2.1385E+00 3.7027E-04  ( 0.307    ,  1.953E-03,   0.00    ) |  3.703E-04 2.441E-02
    5570 2.1389E+00 3.7027E-04  ( 0.307    ,  1.953E-03,   0.00    ) |  3.703E-04 2.441E-02
    5571 2.1393E+00 3.7027E-04  ( 0.307    ,  1.953E-03,   0.00    ) |  3.703E-04 2.441E-02
    5572 2.1396E+00 3.7027E-04  ( 0.307    ,  1.953E-03,   0.00    ) |  3.703E-04 2.441E-02
    5573 2.1400E+00 3.7027E-04  ( 0.307    ,  1.953E-03,   0.00    ) |  3.703E-04 2.441E-02
    5574 2.1404E+00 3.7027E-04  ( 0.307    ,  1.953E-03,   0.00    ) |  3.703E-04 2.441E-02
    5575 2.1408E+00 3.7027E-04  ( 0.307    ,  1.953E-03,   0.00    ) |  3.703E-04 2.441E-02
    5576 2.1411E+00 3.7028E-04  ( 0.307    ,  1.953E-03,   0.00    ) |  3.703E-04 2.441E-02
    5577 2.1415E+00 3.7028E-04  ( 0.307    ,  1.953E-03,   0.00    ) |  3.703E-04 2.441E-02
    5578 2.1419E+00 3.7028E-04  ( 0.307    ,  1.953E-03,   0.00    ) |  3.703E-04 2.441E-02
    5579 2.1422E+00 3.7028E-04  ( 0.307    ,  1.953E-03,   0.00    ) |  3.703E-04 2.441E-02
    5580 2.1426E+00 3.7028E-04  ( 0.307    ,  1.953E-03,   0.00    ) |  3.703E-04 2.441E-02
    5581 2.1430E+00 3.7028E-04  ( 0.307    ,  1.953E-03,   0.00    ) |  3.703E-04 2.441E-02
    5582 2.1433E+00 3.7028E-04  ( 0.307    ,  1.953E-03,   0.00    ) |  3.703E-04 2.441E-02
    5583 2.1437E+00 3.7028E-04  ( 0.307    ,  1.953E-03,   0.00    ) |  3.703E-04 2.441E-02
    5584 2.1441E+00 3.7028E-04  ( 0.307    ,  1.953E-03,   0.00    ) |  3.703E-04 2.441E-02
    5585 2.1445E+00 3.7028E-04  ( 0.307    ,  1.953E-03,   0.00    ) |  3.703E-04 2.441E-02
    5586 2.1448E+00 3.7028E-04  ( 0.307    ,  1.953E-03,   0.00    ) |  3.703E-04 2.441E-02
    5587 2.1452E+00 3.7028E-04  ( 0.307    ,  1.953E-03,   0.00    ) |  3.703E-04 2.441E-02
    5588 2.1456E+00 3.7028E-04  ( 0.307    ,  1.953E-03,   0.00    ) |  3.703E-04 2.441E-02
    5589 2.1459E+00 3.7029E-04  ( 0.307    ,  1.953E-03,   0.00    ) |  3.703E-04 2.441E-02
    5590 2.1463E+00 3.7029E-04  ( 0.307    ,  1.953E-03,   0.00    ) |  3.703E-04 2.441E-02
    5591 2.1467E+00 3.7029E-04  ( 0.307    ,  1.953E-03,   0.00    ) |  3.703E-04 2.441E-02
    5592 2.1470E+00 3.7029E-04  ( 0.307    ,  1.953E-03,   0.00    ) |  3.703E-04 2.441E-02
    5593 2.1474E+00 3.7029E-04  ( 0.307    ,  1.953E-03,   0.00    ) |  3.703E-04 2.441E-02
    5594 2.1478E+00 3.7029E-04  ( 0.307    ,  1.953E-03,   0.00    ) |  3.703E-04 2.441E-02
    5595 2.1482E+00 3.7029E-04  ( 0.307    ,  1.953E-03,   0.00    ) |  3.703E-04 2.441E-02
    5596 2.1485E+00 3.7029E-04  ( 0.307    ,  1.953E-03,   0.00    ) |  3.703E-04 2.441E-02
    5597 2.1489E+00 3.7029E-04  ( 0.307    , -1.953E-03,   0.00    ) |  3.703E-04 2.441E-02
    5598 2.1493E+00 3.7029E-04  ( 0.307    ,  1.953E-03,   0.00    ) |  3.703E-04 2.441E-02
    5599 2.1496E+00 3.7029E-04  ( 0.307    , -1.953E-03,   0.00    ) |  3.703E-04 2.441E-02
 *** Wrote plotfile to flash_run_hdf5_plt_cnt_0086 ****
    5600 2.1500E+00 3.7029E-04  ( 0.307    ,  1.953E-03,   0.00    ) |  3.703E-04 2.441E-02
    5601 2.1504E+00 3.7030E-04  ( 0.307    ,  1.953E-03,   0.00    ) |  3.703E-04 2.441E-02
    5602 2.1508E+00 3.7030E-04  ( 0.307    , -1.953E-03,   0.00    ) |  3.703E-04 2.441E-02
    5603 2.1511E+00 3.7030E-04  ( 0.307    , -1.953E-03,   0.00    ) |  3.703E-04 2.441E-02
    5604 2.1515E+00 3.7030E-04  ( 0.307    , -1.953E-03,   0.00    ) |  3.703E-04 2.441E-02
    5605 2.1519E+00 3.7030E-04  ( 0.307    , -1.953E-03,   0.00    ) |  3.703E-04 2.441E-02
    5606 2.1522E+00 3.7030E-04  ( 0.307    , -1.953E-03,   0.00    ) |  3.703E-04 2.441E-02
    5607 2.1526E+00 3.7030E-04  ( 0.307    , -1.953E-03,   0.00    ) |  3.703E-04 2.441E-02
    5608 2.1530E+00 3.7030E-04  ( 0.307    , -1.953E-03,   0.00    ) |  3.703E-04 2.441E-02
    5609 2.1533E+00 3.7030E-04  ( 0.307    , -1.953E-03,   0.00    ) |  3.703E-04 2.441E-02
    5610 2.1537E+00 3.7030E-04  ( 0.307    , -1.953E-03,   0.00    ) |  3.703E-04 2.441E-02
    5611 2.1541E+00 3.7031E-04  ( 0.307    , -1.953E-03,   0.00    ) |  3.703E-04 2.441E-02
    5612 2.1545E+00 3.7031E-04  ( 0.307    , -1.953E-03,   0.00    ) |  3.703E-04 2.441E-02
    5613 2.1548E+00 3.7031E-04  ( 0.307    , -1.953E-03,   0.00    ) |  3.703E-04 2.441E-02
    5614 2.1552E+00 3.7031E-04  ( 0.307    , -1.953E-03,   0.00    ) |  3.703E-04 2.441E-02
    5615 2.1556E+00 3.7031E-04  ( 0.307    , -1.953E-03,   0.00    ) |  3.703E-04 2.441E-02
    5616 2.1559E+00 3.7031E-04  ( 0.307    , -1.953E-03,   0.00    ) |  3.703E-04 2.441E-02
    5617 2.1563E+00 3.7031E-04  ( 0.307    , -1.953E-03,   0.00    ) |  3.703E-04 2.441E-02
    5618 2.1567E+00 3.7031E-04  ( 0.307    , -1.953E-03,   0.00    ) |  3.703E-04 2.441E-02
    5619 2.1570E+00 3.7032E-04  ( 0.307    , -1.953E-03,   0.00    ) |  3.703E-04 2.441E-02
    5620 2.1574E+00 3.7032E-04  ( 0.307    , -1.953E-03,   0.00    ) |  3.703E-04 2.441E-02
    5621 2.1578E+00 3.7032E-04  ( 0.307    , -1.953E-03,   0.00    ) |  3.703E-04 2.441E-02
    5622 2.1582E+00 3.7032E-04  ( 0.307    , -1.953E-03,   0.00    ) |  3.703E-04 2.441E-02
    5623 2.1585E+00 3.7032E-04  ( 0.307    , -1.953E-03,   0.00    ) |  3.703E-04 2.441E-02
    5624 2.1589E+00 3.7032E-04  ( 0.307    , -1.953E-03,   0.00    ) |  3.703E-04 2.441E-02
    5625 2.1593E+00 3.7033E-04  ( 0.307    , -1.953E-03,   0.00    ) |  3.703E-04 2.441E-02
    5626 2.1596E+00 3.7033E-04  ( 0.307    , -1.953E-03,   0.00    ) |  3.703E-04 2.441E-02
    5627 2.1600E+00 3.7033E-04  ( 0.307    , -1.953E-03,   0.00    ) |  3.703E-04 2.441E-02
    5628 2.1604E+00 3.7033E-04  ( 0.307    , -1.953E-03,   0.00    ) |  3.703E-04 2.441E-02
    5629 2.1608E+00 3.7033E-04  ( 0.307    , -1.953E-03,   0.00    ) |  3.703E-04 2.441E-02
    5630 2.1611E+00 3.7034E-04  ( 0.307    , -1.953E-03,   0.00    ) |  3.703E-04 2.441E-02
    5631 2.1615E+00 3.7034E-04  ( 0.307    , -1.953E-03,   0.00    ) |  3.703E-04 2.441E-02
    5632 2.1619E+00 3.7034E-04  ( 0.307    , -1.953E-03,   0.00    ) |  3.703E-04 2.441E-02
    5633 2.1622E+00 3.7034E-04  ( 0.307    , -1.953E-03,   0.00    ) |  3.703E-04 2.441E-02
    5634 2.1626E+00 3.7034E-04  ( 0.307    , -1.953E-03,   0.00    ) |  3.703E-04 2.441E-02
    5635 2.1630E+00 3.7035E-04  ( 0.307    , -1.953E-03,   0.00    ) |  3.703E-04 2.441E-02
    5636 2.1633E+00 3.7035E-04  ( 0.307    , -1.953E-03,   0.00    ) |  3.703E-04 2.441E-02
    5637 2.1637E+00 3.7035E-04  ( 0.307    , -1.953E-03,   0.00    ) |  3.704E-04 2.441E-02
    5638 2.1641E+00 3.7035E-04  ( 0.307    , -1.953E-03,   0.00    ) |  3.704E-04 2.441E-02
    5639 2.1645E+00 3.7036E-04  ( 0.307    , -1.953E-03,   0.00    ) |  3.704E-04 2.441E-02
    5640 2.1648E+00 3.7036E-04  ( 0.307    , -1.953E-03,   0.00    ) |  3.704E-04 2.441E-02
    5641 2.1652E+00 3.7036E-04  ( 0.307    , -1.953E-03,   0.00    ) |  3.704E-04 2.441E-02
    5642 2.1656E+00 3.7036E-04  ( 0.307    , -1.953E-03,   0.00    ) |  3.704E-04 2.441E-02
    5643 2.1659E+00 3.7037E-04  ( 0.307    , -1.953E-03,   0.00    ) |  3.704E-04 2.441E-02
    5644 2.1663E+00 3.7037E-04  ( 0.307    , -1.953E-03,   0.00    ) |  3.704E-04 2.441E-02
    5645 2.1667E+00 3.7037E-04  ( 0.307    , -1.953E-03,   0.00    ) |  3.704E-04 2.441E-02
    5646 2.1670E+00 3.7038E-04  ( 0.307    , -1.953E-03,   0.00    ) |  3.704E-04 2.441E-02
    5647 2.1674E+00 3.7038E-04  ( 0.307    , -1.953E-03,   0.00    ) |  3.704E-04 2.441E-02
    5648 2.1678E+00 3.7038E-04  ( 0.307    , -1.953E-03,   0.00    ) |  3.704E-04 2.441E-02
    5649 2.1682E+00 3.7038E-04  ( 0.307    , -1.953E-03,   0.00    ) |  3.704E-04 2.441E-02
    5650 2.1685E+00 3.7039E-04  ( 0.307    , -1.953E-03,   0.00    ) |  3.704E-04 2.441E-02
    5651 2.1689E+00 3.7039E-04  ( 0.307    , -1.953E-03,   0.00    ) |  3.704E-04 2.441E-02
    5652 2.1693E+00 3.7039E-04  ( 0.307    , -1.953E-03,   0.00    ) |  3.704E-04 2.441E-02
    5653 2.1696E+00 3.7040E-04  ( 0.307    , -1.953E-03,   0.00    ) |  3.704E-04 2.441E-02
    5654 2.1700E+00 3.7040E-04  ( 0.307    , -1.953E-03,   0.00    ) |  3.704E-04 2.441E-02
    5655 2.1704E+00 3.7040E-04  ( 0.307    , -1.953E-03,   0.00    ) |  3.704E-04 2.441E-02
    5656 2.1708E+00 3.7041E-04  ( 0.307    , -1.953E-03,   0.00    ) |  3.704E-04 2.441E-02
    5657 2.1711E+00 3.7041E-04  ( 0.307    , -1.953E-03,   0.00    ) |  3.704E-04 2.441E-02
    5658 2.1715E+00 3.7041E-04  ( 0.307    , -1.953E-03,   0.00    ) |  3.704E-04 2.441E-02
    5659 2.1719E+00 3.7042E-04  ( 0.307    , -1.953E-03,   0.00    ) |  3.704E-04 2.441E-02
    5660 2.1722E+00 3.7042E-04  ( 0.307    ,  1.953E-03,   0.00    ) |  3.704E-04 2.441E-02
    5661 2.1726E+00 3.7042E-04  ( 0.307    ,  1.953E-03,   0.00    ) |  3.704E-04 2.441E-02
    5662 2.1730E+00 3.7043E-04  ( 0.307    , -1.953E-03,   0.00    ) |  3.704E-04 2.441E-02
    5663 2.1733E+00 3.7043E-04  ( 0.307    , -1.953E-03,   0.00    ) |  3.704E-04 2.441E-02
    5664 2.1737E+00 3.7044E-04  ( 0.307    , -1.953E-03,   0.00    ) |  3.704E-04 2.441E-02
    5665 2.1741E+00 3.7044E-04  ( 0.307    ,  1.953E-03,   0.00    ) |  3.704E-04 2.441E-02
    5666 2.1745E+00 3.7044E-04  ( 0.307    , -1.953E-03,   0.00    ) |  3.704E-04 2.441E-02
    5667 2.1748E+00 3.7045E-04  ( 0.307    ,  1.953E-03,   0.00    ) |  3.704E-04 2.441E-02
 *** Wrote plotfile to flash_run_hdf5_plt_cnt_0087 ****
    5668 2.1752E+00 3.7045E-04  ( 0.307    , -1.953E-03,   0.00    ) |  3.705E-04 2.441E-02
    5669 2.1756E+00 3.7045E-04  ( 0.307    , -1.953E-03,   0.00    ) |  3.705E-04 2.441E-02
    5670 2.1759E+00 3.7046E-04  ( 0.307    , -1.953E-03,   0.00    ) |  3.705E-04 2.441E-02
    5671 2.1763E+00 3.7046E-04  ( 0.307    , -1.953E-03,   0.00    ) |  3.705E-04 2.441E-02
    5672 2.1767E+00 3.7047E-04  ( 0.307    , -1.953E-03,   0.00    ) |  3.705E-04 2.441E-02
    5673 2.1770E+00 3.7047E-04  ( 0.307    , -1.953E-03,   0.00    ) |  3.705E-04 2.441E-02
    5674 2.1774E+00 3.7047E-04  ( 0.307    , -1.953E-03,   0.00    ) |  3.705E-04 2.441E-02
    5675 2.1778E+00 3.7048E-04  ( 0.307    ,  1.953E-03,   0.00    ) |  3.705E-04 2.441E-02
    5676 2.1782E+00 3.7048E-04  ( 0.307    , -1.953E-03,   0.00    ) |  3.705E-04 2.441E-02
    5677 2.1785E+00 3.7049E-04  ( 0.307    , -1.953E-03,   0.00    ) |  3.705E-04 2.441E-02
    5678 2.1789E+00 3.7049E-04  ( 0.307    , -1.953E-03,   0.00    ) |  3.705E-04 2.441E-02
    5679 2.1793E+00 3.7050E-04  ( 0.307    , -1.953E-03,   0.00    ) |  3.705E-04 2.441E-02
    5680 2.1796E+00 3.7050E-04  ( 0.307    , -1.953E-03,   0.00    ) |  3.705E-04 2.441E-02
    5681 2.1800E+00 3.7050E-04  ( 0.307    , -1.953E-03,   0.00    ) |  3.705E-04 2.441E-02
    5682 2.1804E+00 3.7051E-04  ( 0.307    , -1.953E-03,   0.00    ) |  3.705E-04 2.441E-02
    5683 2.1808E+00 3.7051E-04  ( 0.307    , -1.953E-03,   0.00    ) |  3.705E-04 2.441E-02
    5684 2.1811E+00 3.7052E-04  ( 0.307    , -1.953E-03,   0.00    ) |  3.705E-04 2.441E-02
    5685 2.1815E+00 3.7052E-04  ( 0.307    , -1.953E-03,   0.00    ) |  3.705E-04 2.441E-02
    5686 2.1819E+00 3.7053E-04  ( 0.307    ,  1.953E-03,   0.00    ) |  3.705E-04 2.441E-02
    5687 2.1822E+00 3.7053E-04  ( 0.307    ,  1.953E-03,   0.00    ) |  3.705E-04 2.441E-02
    5688 2.1826E+00 3.7053E-04  ( 0.307    , -1.953E-03,   0.00    ) |  3.705E-04 2.441E-02
    5689 2.1830E+00 3.7054E-04  ( 0.307    , -1.953E-03,   0.00    ) |  3.705E-04 2.441E-02
    5690 2.1833E+00 3.7054E-04  ( 0.307    ,  1.953E-03,   0.00    ) |  3.705E-04 2.441E-02
    5691 2.1837E+00 3.7055E-04  ( 0.307    , -1.953E-03,   0.00    ) |  3.705E-04 2.441E-02
    5692 2.1841E+00 3.7055E-04  ( 0.307    ,  1.953E-03,   0.00    ) |  3.706E-04 2.441E-02
    5693 2.1845E+00 3.7056E-04  ( 0.307    ,  1.953E-03,   0.00    ) |  3.706E-04 2.441E-02
    5694 2.1848E+00 3.7056E-04  ( 0.307    , -1.953E-03,   0.00    ) |  3.706E-04 2.441E-02
    5695 2.1852E+00 3.7056E-04  ( 0.307    ,  1.953E-03,   0.00    ) |  3.706E-04 2.441E-02
    5696 2.1856E+00 3.7057E-04  ( 0.307    , -1.953E-03,   0.00    ) |  3.706E-04 2.441E-02
    5697 2.1859E+00 3.7057E-04  ( 0.307    , -1.953E-03,   0.00    ) |  3.706E-04 2.441E-02
    5698 2.1863E+00 3.7058E-04  ( 0.307    , -1.953E-03,   0.00    ) |  3.706E-04 2.441E-02
    5699 2.1867E+00 3.7058E-04  ( 0.307    , -1.953E-03,   0.00    ) |  3.706E-04 2.441E-02
    5700 2.1871E+00 3.7058E-04  ( 0.307    , -1.953E-03,   0.00    ) |  3.706E-04 2.441E-02
    5701 2.1874E+00 3.7059E-04  ( 0.307    , -1.953E-03,   0.00    ) |  3.706E-04 2.441E-02
    5702 2.1878E+00 3.7059E-04  ( 0.307    , -1.953E-03,   0.00    ) |  3.706E-04 2.441E-02
    5703 2.1882E+00 3.7060E-04  ( 0.307    ,  1.953E-03,   0.00    ) |  3.706E-04 2.441E-02
    5704 2.1885E+00 3.7060E-04  ( 0.307    , -1.953E-03,   0.00    ) |  3.706E-04 2.441E-02
    5705 2.1889E+00 3.7060E-04  ( 0.307    , -1.953E-03,   0.00    ) |  3.706E-04 2.441E-02
    5706 2.1893E+00 3.7061E-04  ( 0.307    ,  1.953E-03,   0.00    ) |  3.706E-04 2.441E-02
    5707 2.1896E+00 3.7061E-04  ( 0.307    , -1.953E-03,   0.00    ) |  3.706E-04 2.441E-02
    5708 2.1900E+00 3.7061E-04  ( 0.307    , -1.953E-03,   0.00    ) |  3.706E-04 2.441E-02
    5709 2.1904E+00 3.7062E-04  ( 0.307    , -1.953E-03,   0.00    ) |  3.706E-04 2.441E-02
    5710 2.1908E+00 3.7062E-04  ( 0.307    , -1.953E-03,   0.00    ) |  3.706E-04 2.441E-02
    5711 2.1911E+00 3.7062E-04  ( 0.307    , -1.953E-03,   0.00    ) |  3.706E-04 2.441E-02
    5712 2.1915E+00 3.7062E-04  ( 0.307    , -1.953E-03,   0.00    ) |  3.706E-04 2.441E-02
    5713 2.1919E+00 3.7063E-04  ( 0.307    , -1.953E-03,   0.00    ) |  3.706E-04 2.441E-02
    5714 2.1922E+00 3.7063E-04  ( 0.307    , -1.953E-03,   0.00    ) |  3.706E-04 2.441E-02
    5715 2.1926E+00 3.7063E-04  ( 0.307    , -1.953E-03,   0.00    ) |  3.706E-04 2.441E-02
    5716 2.1930E+00 3.7064E-04  ( 0.307    , -1.953E-03,   0.00    ) |  3.706E-04 2.441E-02
    5717 2.1934E+00 3.7064E-04  ( 0.307    , -1.953E-03,   0.00    ) |  3.706E-04 2.441E-02
    5718 2.1937E+00 3.7064E-04  ( 0.307    , -1.953E-03,   0.00    ) |  3.706E-04 2.441E-02
    5719 2.1941E+00 3.7064E-04  ( 0.307    , -1.953E-03,   0.00    ) |  3.706E-04 2.441E-02
    5720 2.1945E+00 3.7064E-04  ( 0.307    , -1.953E-03,   0.00    ) |  3.706E-04 2.441E-02
    5721 2.1948E+00 3.7065E-04  ( 0.307    , -1.953E-03,   0.00    ) |  3.706E-04 2.441E-02
    5722 2.1952E+00 3.7065E-04  ( 0.307    , -1.953E-03,   0.00    ) |  3.706E-04 2.441E-02
    5723 2.1956E+00 3.7065E-04  ( 0.307    , -1.953E-03,   0.00    ) |  3.707E-04 2.441E-02
    5724 2.1959E+00 3.7065E-04  ( 0.307    , -1.953E-03,   0.00    ) |  3.707E-04 2.441E-02
    5725 2.1963E+00 3.7065E-04  ( 0.307    , -1.953E-03,   0.00    ) |  3.707E-04 2.441E-02
    5726 2.1967E+00 3.7066E-04  ( 0.307    ,  1.953E-03,   0.00    ) |  3.707E-04 2.441E-02
    5727 2.1971E+00 3.7066E-04  ( 0.307    , -1.953E-03,   0.00    ) |  3.707E-04 2.441E-02
    5728 2.1974E+00 3.7066E-04  ( 0.307    ,  1.953E-03,   0.00    ) |  3.707E-04 2.441E-02
    5729 2.1978E+00 3.7066E-04  ( 0.307    ,  1.953E-03,   0.00    ) |  3.707E-04 2.441E-02
    5730 2.1982E+00 3.7066E-04  ( 0.307    ,  1.953E-03,   0.00    ) |  3.707E-04 2.441E-02
    5731 2.1985E+00 3.7066E-04  ( 0.307    ,  1.953E-03,   0.00    ) |  3.707E-04 2.441E-02
    5732 2.1989E+00 3.7067E-04  ( 0.307    , -1.953E-03,   0.00    ) |  3.707E-04 2.441E-02
    5733 2.1993E+00 3.7067E-04  ( 0.307    ,  1.953E-03,   0.00    ) |  3.707E-04 2.441E-02
    5734 2.1997E+00 3.7067E-04  ( 0.307    , -1.953E-03,   0.00    ) |  3.707E-04 2.441E-02
 *** Wrote plotfile to flash_run_hdf5_plt_cnt_0088 ****
    5735 2.2000E+00 3.7067E-04  ( 0.307    ,  1.953E-03,   0.00    ) |  3.707E-04 2.441E-02
    5736 2.2004E+00 3.7067E-04  ( 0.307    ,  1.953E-03,   0.00    ) |  3.707E-04 2.441E-02
    5737 2.2008E+00 3.7067E-04  ( 0.307    , -1.953E-03,   0.00    ) |  3.707E-04 2.441E-02
    5738 2.2011E+00 3.7067E-04  ( 0.307    ,  1.953E-03,   0.00    ) |  3.707E-04 2.441E-02
    5739 2.2015E+00 3.7067E-04  ( 0.307    ,  1.953E-03,   0.00    ) |  3.707E-04 2.441E-02
    5740 2.2019E+00 3.7068E-04  ( 0.307    ,  1.953E-03,   0.00    ) |  3.707E-04 2.441E-02
    5741 2.2022E+00 3.7068E-04  ( 0.307    , -1.953E-03,   0.00    ) |  3.707E-04 2.441E-02
    5742 2.2026E+00 3.7068E-04  ( 0.307    , -1.953E-03,   0.00    ) |  3.707E-04 2.441E-02
    5743 2.2030E+00 3.7068E-04  ( 0.307    , -1.953E-03,   0.00    ) |  3.707E-04 2.441E-02
    5744 2.2034E+00 3.7068E-04  ( 0.307    , -1.953E-03,   0.00    ) |  3.707E-04 2.441E-02
    5745 2.2037E+00 3.7068E-04  ( 0.307    , -1.953E-03,   0.00    ) |  3.707E-04 2.441E-02
    5746 2.2041E+00 3.7068E-04  ( 0.307    , -1.953E-03,   0.00    ) |  3.707E-04 2.441E-02
    5747 2.2045E+00 3.7068E-04  ( 0.307    , -1.953E-03,   0.00    ) |  3.707E-04 2.441E-02
    5748 2.2048E+00 3.7069E-04  ( 0.307    , -1.953E-03,   0.00    ) |  3.707E-04 2.441E-02
    5749 2.2052E+00 3.7069E-04  ( 0.307    , -1.953E-03,   0.00    ) |  3.707E-04 2.441E-02
    5750 2.2056E+00 3.7069E-04  ( 0.307    , -1.953E-03,   0.00    ) |  3.707E-04 2.441E-02
    5751 2.2060E+00 3.7069E-04  ( 0.307    , -1.953E-03,   0.00    ) |  3.707E-04 2.441E-02
    5752 2.2063E+00 3.7069E-04  ( 0.307    ,  1.953E-03,   0.00    ) |  3.707E-04 2.441E-02
    5753 2.2067E+00 3.7069E-04  ( 0.307    , -1.953E-03,   0.00    ) |  3.707E-04 2.441E-02
    5754 2.2071E+00 3.7070E-04  ( 0.307    , -1.953E-03,   0.00    ) |  3.707E-04 2.441E-02
    5755 2.2074E+00 3.7070E-04  ( 0.307    ,  1.953E-03,   0.00    ) |  3.707E-04 2.441E-02
    5756 2.2078E+00 3.7070E-04  ( 0.307    ,  1.953E-03,   0.00    ) |  3.707E-04 2.441E-02
    5757 2.2082E+00 3.7070E-04  ( 0.307    ,  1.953E-03,   0.00    ) |  3.707E-04 2.441E-02
    5758 2.2085E+00 3.7070E-04  ( 0.307    , -1.953E-03,   0.00    ) |  3.707E-04 2.441E-02
    5759 2.2089E+00 3.7070E-04  ( 0.307    , -1.953E-03,   0.00    ) |  3.707E-04 2.441E-02
    5760 2.2093E+00 3.7071E-04  ( 0.307    , -1.953E-03,   0.00    ) |  3.707E-04 2.441E-02
    5761 2.2097E+00 3.7071E-04  ( 0.307    , -1.953E-03,   0.00    ) |  3.707E-04 2.441E-02
    5762 2.2100E+00 3.7071E-04  ( 0.307    , -1.953E-03,   0.00    ) |  3.707E-04 2.441E-02
    5763 2.2104E+00 3.7071E-04  ( 0.307    , -1.953E-03,   0.00    ) |  3.707E-04 2.441E-02
    5764 2.2108E+00 3.7071E-04  ( 0.307    , -1.953E-03,   0.00    ) |  3.707E-04 2.441E-02
    5765 2.2111E+00 3.7071E-04  ( 0.307    , -1.953E-03,   0.00    ) |  3.707E-04 2.441E-02
    5766 2.2115E+00 3.7072E-04  ( 0.307    ,  1.953E-03,   0.00    ) |  3.707E-04 2.441E-02
    5767 2.2119E+00 3.7072E-04  ( 0.307    , -1.953E-03,   0.00    ) |  3.707E-04 2.441E-02
    5768 2.2123E+00 3.7072E-04  ( 0.307    , -1.953E-03,   0.00    ) |  3.707E-04 2.441E-02
    5769 2.2126E+00 3.7072E-04  ( 0.307    , -1.953E-03,   0.00    ) |  3.707E-04 2.441E-02
    5770 2.2130E+00 3.7072E-04  ( 0.307    , -1.953E-03,   0.00    ) |  3.707E-04 2.441E-02
    5771 2.2134E+00 3.7073E-04  ( 0.307    , -1.953E-03,   0.00    ) |  3.707E-04 2.441E-02
    5772 2.2137E+00 3.7073E-04  ( 0.307    , -1.953E-03,   0.00    ) |  3.707E-04 2.441E-02
    5773 2.2141E+00 3.7073E-04  ( 0.307    , -1.953E-03,   0.00    ) |  3.707E-04 2.441E-02
    5774 2.2145E+00 3.7073E-04  ( 0.307    , -1.953E-03,   0.00    ) |  3.707E-04 2.441E-02
    5775 2.2149E+00 3.7073E-04  ( 0.307    , -1.953E-03,   0.00    ) |  3.707E-04 2.441E-02
    5776 2.2152E+00 3.7074E-04  ( 0.307    , -1.953E-03,   0.00    ) |  3.707E-04 2.441E-02
    5777 2.2156E+00 3.7074E-04  ( 0.307    , -1.953E-03,   0.00    ) |  3.707E-04 2.441E-02
    5778 2.2160E+00 3.7074E-04  ( 0.307    , -1.953E-03,   0.00    ) |  3.707E-04 2.441E-02
    5779 2.2163E+00 3.7074E-04  ( 0.307    , -1.953E-03,   0.00    ) |  3.707E-04 2.441E-02
    5780 2.2167E+00 3.7075E-04  ( 0.307    , -1.953E-03,   0.00    ) |  3.707E-04 2.441E-02
    5781 2.2171E+00 3.7075E-04  ( 0.307    , -1.953E-03,   0.00    ) |  3.707E-04 2.441E-02
    5782 2.2174E+00 3.7075E-04  ( 0.307    , -1.953E-03,   0.00    ) |  3.708E-04 2.441E-02
    5783 2.2178E+00 3.7075E-04  ( 0.307    , -1.953E-03,   0.00    ) |  3.708E-04 2.441E-02
    5784 2.2182E+00 3.7075E-04  ( 0.307    , -1.953E-03,   0.00    ) |  3.708E-04 2.441E-02
    5785 2.2186E+00 3.7076E-04  ( 0.307    , -1.953E-03,   0.00    ) |  3.708E-04 2.441E-02
    5786 2.2189E+00 3.7076E-04  ( 0.307    , -1.953E-03,   0.00    ) |  3.708E-04 2.441E-02
    5787 2.2193E+00 3.7076E-04  ( 0.307    , -1.953E-03,   0.00    ) |  3.708E-04 2.441E-02
    5788 2.2197E+00 3.7077E-04  ( 0.307    , -1.953E-03,   0.00    ) |  3.708E-04 2.441E-02
    5789 2.2200E+00 3.7077E-04  ( 0.307    , -1.953E-03,   0.00    ) |  3.708E-04 2.441E-02
    5790 2.2204E+00 3.7077E-04  ( 0.307    , -1.953E-03,   0.00    ) |  3.708E-04 2.441E-02
    5791 2.2208E+00 3.7077E-04  ( 0.307    , -1.953E-03,   0.00    ) |  3.708E-04 2.441E-02
    5792 2.2212E+00 3.7078E-04  ( 0.307    , -1.953E-03,   0.00    ) |  3.708E-04 2.441E-02
    5793 2.2215E+00 3.7078E-04  ( 0.307    , -1.953E-03,   0.00    ) |  3.708E-04 2.441E-02
    5794 2.2219E+00 3.7078E-04  ( 0.307    , -1.953E-03,   0.00    ) |  3.708E-04 2.441E-02
    5795 2.2223E+00 3.7079E-04  ( 0.307    , -1.953E-03,   0.00    ) |  3.708E-04 2.441E-02
    5796 2.2226E+00 3.7079E-04  ( 0.307    , -1.953E-03,   0.00    ) |  3.708E-04 2.441E-02
    5797 2.2230E+00 3.7079E-04  ( 0.307    , -1.953E-03,   0.00    ) |  3.708E-04 2.441E-02
    5798 2.2234E+00 3.7080E-04  ( 0.307    , -1.953E-03,   0.00    ) |  3.708E-04 2.441E-02
    5799 2.2238E+00 3.7080E-04  ( 0.307    , -1.953E-03,   0.00    ) |  3.708E-04 2.441E-02
    5800 2.2241E+00 3.7081E-04  ( 0.307    , -1.953E-03,   0.00    ) |  3.708E-04 2.441E-02
    5801 2.2245E+00 3.7081E-04  ( 0.307    , -1.953E-03,   0.00    ) |  3.708E-04 2.441E-02
    5802 2.2249E+00 3.7081E-04  ( 0.307    , -1.953E-03,   0.00    ) |  3.708E-04 2.441E-02
 *** Wrote plotfile to flash_run_hdf5_plt_cnt_0089 ****
    5803 2.2252E+00 3.7082E-04  ( 0.307    , -1.953E-03,   0.00    ) |  3.708E-04 2.441E-02
    5804 2.2256E+00 3.7082E-04  ( 0.307    , -1.953E-03,   0.00    ) |  3.708E-04 2.441E-02
    5805 2.2260E+00 3.7083E-04  ( 0.307    , -1.953E-03,   0.00    ) |  3.708E-04 2.441E-02
    5806 2.2263E+00 3.7083E-04  ( 0.307    , -1.953E-03,   0.00    ) |  3.708E-04 2.441E-02
    5807 2.2267E+00 3.7083E-04  ( 0.307    , -1.953E-03,   0.00    ) |  3.708E-04 2.441E-02
    5808 2.2271E+00 3.7084E-04  ( 0.307    , -1.953E-03,   0.00    ) |  3.708E-04 2.441E-02
    5809 2.2275E+00 3.7084E-04  ( 0.307    , -1.953E-03,   0.00    ) |  3.708E-04 2.441E-02
    5810 2.2278E+00 3.7085E-04  ( 0.307    , -1.953E-03,   0.00    ) |  3.708E-04 2.441E-02
    5811 2.2282E+00 3.7085E-04  ( 0.307    , -1.953E-03,   0.00    ) |  3.709E-04 2.441E-02
    5812 2.2286E+00 3.7085E-04  ( 0.307    , -1.953E-03,   0.00    ) |  3.709E-04 2.441E-02
    5813 2.2289E+00 3.7086E-04  ( 0.307    , -1.953E-03,   0.00    ) |  3.709E-04 2.441E-02
    5814 2.2293E+00 3.7086E-04  ( 0.307    , -1.953E-03,   0.00    ) |  3.709E-04 2.441E-02
    5815 2.2297E+00 3.7087E-04  ( 0.307    , -1.953E-03,   0.00    ) |  3.709E-04 2.441E-02
    5816 2.2301E+00 3.7087E-04  ( 0.307    , -1.953E-03,   0.00    ) |  3.709E-04 2.441E-02
    5817 2.2304E+00 3.7088E-04  ( 0.307    , -1.953E-03,   0.00    ) |  3.709E-04 2.441E-02
    5818 2.2308E+00 3.7088E-04  ( 0.307    , -1.953E-03,   0.00    ) |  3.709E-04 2.441E-02
    5819 2.2312E+00 3.7089E-04  ( 0.307    , -1.953E-03,   0.00    ) |  3.709E-04 2.441E-02
    5820 2.2315E+00 3.7089E-04  ( 0.307    , -1.953E-03,   0.00    ) |  3.709E-04 2.441E-02
    5821 2.2319E+00 3.7089E-04  ( 0.307    , -1.953E-03,   0.00    ) |  3.709E-04 2.441E-02
    5822 2.2323E+00 3.7090E-04  ( 0.307    , -1.953E-03,   0.00    ) |  3.709E-04 2.441E-02
    5823 2.2327E+00 3.7090E-04  ( 0.307    , -1.953E-03,   0.00    ) |  3.709E-04 2.441E-02
    5824 2.2330E+00 3.7091E-04  ( 0.307    , -1.953E-03,   0.00    ) |  3.709E-04 2.441E-02
    5825 2.2334E+00 3.7091E-04  ( 0.307    , -1.953E-03,   0.00    ) |  3.709E-04 2.441E-02
    5826 2.2338E+00 3.7092E-04  ( 0.307    , -1.953E-03,   0.00    ) |  3.709E-04 2.441E-02
    5827 2.2341E+00 3.7092E-04  ( 0.307    , -1.953E-03,   0.00    ) |  3.709E-04 2.441E-02
    5828 2.2345E+00 3.7092E-04  ( 0.307    , -1.953E-03,   0.00    ) |  3.709E-04 2.441E-02
    5829 2.2349E+00 3.7093E-04  ( 0.307    , -1.953E-03,   0.00    ) |  3.709E-04 2.441E-02
    5830 2.2352E+00 3.7093E-04  ( 0.307    , -1.953E-03,   0.00    ) |  3.709E-04 2.441E-02
    5831 2.2356E+00 3.7094E-04  ( 0.307    , -1.953E-03,   0.00    ) |  3.709E-04 2.441E-02
    5832 2.2360E+00 3.7094E-04  ( 0.307    , -1.953E-03,   0.00    ) |  3.709E-04 2.441E-02
    5833 2.2364E+00 3.7094E-04  ( 0.307    , -1.953E-03,   0.00    ) |  3.709E-04 2.441E-02
    5834 2.2367E+00 3.7095E-04  ( 0.307    , -1.953E-03,   0.00    ) |  3.709E-04 2.441E-02
    5835 2.2371E+00 3.7095E-04  ( 0.307    , -1.953E-03,   0.00    ) |  3.710E-04 2.441E-02
    5836 2.2375E+00 3.7096E-04  ( 0.307    , -1.953E-03,   0.00    ) |  3.710E-04 2.441E-02
    5837 2.2378E+00 3.7096E-04  ( 0.307    , -1.953E-03,   0.00    ) |  3.710E-04 2.441E-02
    5838 2.2382E+00 3.7096E-04  ( 0.307    , -1.953E-03,   0.00    ) |  3.710E-04 2.441E-02
    5839 2.2386E+00 3.7097E-04  ( 0.307    , -1.953E-03,   0.00    ) |  3.710E-04 2.441E-02
    5840 2.2390E+00 3.7097E-04  ( 0.307    , -1.953E-03,   0.00    ) |  3.710E-04 2.441E-02
    5841 2.2393E+00 3.7098E-04  ( 0.307    , -1.953E-03,   0.00    ) |  3.710E-04 2.441E-02
    5842 2.2397E+00 3.7098E-04  ( 0.307    , -1.953E-03,   0.00    ) |  3.710E-04 2.441E-02
    5843 2.2401E+00 3.7098E-04  ( 0.307    , -1.953E-03,   0.00    ) |  3.710E-04 2.441E-02
    5844 2.2404E+00 3.7099E-04  ( 0.307    , -1.953E-03,   0.00    ) |  3.710E-04 2.441E-02
    5845 2.2408E+00 3.7099E-04  ( 0.307    , -1.953E-03,   0.00    ) |  3.710E-04 2.441E-02
    5846 2.2412E+00 3.7100E-04  ( 0.307    , -1.953E-03,   0.00    ) |  3.710E-04 2.441E-02
    5847 2.2416E+00 3.7100E-04  ( 0.307    , -1.953E-03,   0.00    ) |  3.710E-04 2.441E-02
    5848 2.2419E+00 3.7100E-04  ( 0.307    , -1.953E-03,   0.00    ) |  3.710E-04 2.441E-02
    5849 2.2423E+00 3.7101E-04  ( 0.307    , -1.953E-03,   0.00    ) |  3.710E-04 2.441E-02
    5850 2.2427E+00 3.7101E-04  ( 0.307    , -1.953E-03,   0.00    ) |  3.710E-04 2.441E-02
    5851 2.2430E+00 3.7101E-04  ( 0.307    , -1.953E-03,   0.00    ) |  3.710E-04 2.441E-02
    5852 2.2434E+00 3.7102E-04  ( 0.307    , -1.953E-03,   0.00    ) |  3.710E-04 2.441E-02
    5853 2.2438E+00 3.7102E-04  ( 0.307    , -1.953E-03,   0.00    ) |  3.710E-04 2.441E-02
    5854 2.2442E+00 3.7102E-04  ( 0.307    , -1.953E-03,   0.00    ) |  3.710E-04 2.441E-02
    5855 2.2445E+00 3.7103E-04  ( 0.307    , -1.953E-03,   0.00    ) |  3.710E-04 2.441E-02
    5856 2.2449E+00 3.7103E-04  ( 0.307    , -1.953E-03,   0.00    ) |  3.710E-04 2.441E-02
    5857 2.2453E+00 3.7104E-04  ( 0.307    , -1.953E-03,   0.00    ) |  3.710E-04 2.441E-02
    5858 2.2456E+00 3.7104E-04  ( 0.307    , -1.953E-03,   0.00    ) |  3.710E-04 2.441E-02
    5859 2.2460E+00 3.7104E-04  ( 0.307    , -1.953E-03,   0.00    ) |  3.710E-04 2.441E-02
    5860 2.2464E+00 3.7105E-04  ( 0.307    , -1.953E-03,   0.00    ) |  3.710E-04 2.441E-02
    5861 2.2467E+00 3.7105E-04  ( 0.307    , -1.953E-03,   0.00    ) |  3.710E-04 2.441E-02
    5862 2.2471E+00 3.7105E-04  ( 0.307    , -1.953E-03,   0.00    ) |  3.711E-04 2.441E-02
    5863 2.2475E+00 3.7105E-04  ( 0.307    , -1.953E-03,   0.00    ) |  3.711E-04 2.441E-02
    5864 2.2479E+00 3.7106E-04  ( 0.307    , -1.953E-03,   0.00    ) |  3.711E-04 2.441E-02
    5865 2.2482E+00 3.7106E-04  ( 0.307    , -1.953E-03,   0.00    ) |  3.711E-04 2.441E-02
    5866 2.2486E+00 3.7106E-04  ( 0.307    , -1.953E-03,   0.00    ) |  3.711E-04 2.441E-02
    5867 2.2490E+00 3.7107E-04  ( 0.307    , -1.953E-03,   0.00    ) |  3.711E-04 2.441E-02
    5868 2.2493E+00 3.7107E-04  ( 0.307    , -1.953E-03,   0.00    ) |  3.711E-04 2.441E-02
    5869 2.2497E+00 3.7107E-04  ( 0.307    , -1.953E-03,   0.00    ) |  3.711E-04 2.441E-02
 *** Wrote plotfile to flash_run_hdf5_plt_cnt_0090 ****
    5870 2.2501E+00 3.7107E-04  ( 0.307    , -1.953E-03,   0.00    ) |  3.711E-04 2.441E-02
    5871 2.2505E+00 3.7108E-04  ( 0.307    , -1.953E-03,   0.00    ) |  3.711E-04 2.441E-02
    5872 2.2508E+00 3.7108E-04  ( 0.307    , -1.953E-03,   0.00    ) |  3.711E-04 2.441E-02
    5873 2.2512E+00 3.7108E-04  ( 0.307    , -1.953E-03,   0.00    ) |  3.711E-04 2.441E-02
    5874 2.2516E+00 3.7108E-04  ( 0.307    , -1.953E-03,   0.00    ) |  3.711E-04 2.441E-02
    5875 2.2519E+00 3.7109E-04  ( 0.307    , -1.953E-03,   0.00    ) |  3.711E-04 2.441E-02
    5876 2.2523E+00 3.7109E-04  ( 0.307    , -1.953E-03,   0.00    ) |  3.711E-04 2.441E-02
    5877 2.2527E+00 3.7109E-04  ( 0.307    , -1.953E-03,   0.00    ) |  3.711E-04 2.441E-02
    5878 2.2531E+00 3.7110E-04  ( 0.307    , -1.953E-03,   0.00    ) |  3.711E-04 2.441E-02
    5879 2.2534E+00 3.7110E-04  ( 0.307    , -1.953E-03,   0.00    ) |  3.711E-04 2.441E-02
    5880 2.2538E+00 3.7110E-04  ( 0.307    , -1.953E-03,   0.00    ) |  3.711E-04 2.441E-02
    5881 2.2542E+00 3.7110E-04  ( 0.307    , -1.953E-03,   0.00    ) |  3.711E-04 2.441E-02
    5882 2.2545E+00 3.7111E-04  ( 0.307    , -1.953E-03,   0.00    ) |  3.711E-04 2.441E-02
    5883 2.2549E+00 3.7111E-04  ( 0.307    , -1.953E-03,   0.00    ) |  3.711E-04 2.441E-02
    5884 2.2553E+00 3.7111E-04  ( 0.307    , -1.953E-03,   0.00    ) |  3.711E-04 2.441E-02
    5885 2.2557E+00 3.7111E-04  ( 0.307    , -1.953E-03,   0.00    ) |  3.711E-04 2.441E-02
    5886 2.2560E+00 3.7112E-04  ( 0.307    , -1.953E-03,   0.00    ) |  3.711E-04 2.441E-02
    5887 2.2564E+00 3.7112E-04  ( 0.307    ,  1.953E-03,   0.00    ) |  3.711E-04 2.441E-02
    5888 2.2568E+00 3.7112E-04  ( 0.307    , -1.953E-03,   0.00    ) |  3.711E-04 2.441E-02
    5889 2.2571E+00 3.7113E-04  ( 0.307    , -1.953E-03,   0.00    ) |  3.711E-04 2.441E-02
    5890 2.2575E+00 3.7113E-04  ( 0.307    , -1.953E-03,   0.00    ) |  3.711E-04 2.441E-02
    5891 2.2579E+00 3.7113E-04  ( 0.307    , -1.953E-03,   0.00    ) |  3.711E-04 2.441E-02
    5892 2.2583E+00 3.7113E-04  ( 0.307    ,  1.953E-03,   0.00    ) |  3.711E-04 2.441E-02
    5893 2.2586E+00 3.7114E-04  ( 0.311    ,  1.953E-03,   0.00    ) |  3.711E-04 2.441E-02
    5894 2.2590E+00 3.7114E-04  ( 0.311    ,  1.953E-03,   0.00    ) |  3.711E-04 2.441E-02
    5895 2.2594E+00 3.7114E-04  ( 0.311    ,  1.953E-03,   0.00    ) |  3.711E-04 2.441E-02
    5896 2.2597E+00 3.7115E-04  ( 0.311    ,  1.953E-03,   0.00    ) |  3.711E-04 2.441E-02
    5897 2.2601E+00 3.7115E-04  ( 0.311    ,  1.953E-03,   0.00    ) |  3.711E-04 2.441E-02
    5898 2.2605E+00 3.7115E-04  ( 0.311    ,  1.953E-03,   0.00    ) |  3.712E-04 2.441E-02
    5899 2.2608E+00 3.7115E-04  ( 0.311    ,  1.953E-03,   0.00    ) |  3.712E-04 2.441E-02
    5900 2.2612E+00 3.7116E-04  ( 0.311    ,  1.953E-03,   0.00    ) |  3.712E-04 2.441E-02
    5901 2.2616E+00 3.7116E-04  ( 0.311    , -1.953E-03,   0.00    ) |  3.712E-04 2.441E-02
    5902 2.2620E+00 3.7116E-04  ( 0.311    ,  1.953E-03,   0.00    ) |  3.712E-04 2.441E-02
    5903 2.2623E+00 3.7117E-04  ( 0.311    ,  1.953E-03,   0.00    ) |  3.712E-04 2.441E-02
    5904 2.2627E+00 3.7117E-04  ( 0.311    ,  1.953E-03,   0.00    ) |  3.712E-04 2.441E-02
    5905 2.2631E+00 3.7117E-04  ( 0.311    , -1.953E-03,   0.00    ) |  3.712E-04 2.441E-02
    5906 2.2634E+00 3.7118E-04  ( 0.311    ,  1.953E-03,   0.00    ) |  3.712E-04 2.441E-02
    5907 2.2638E+00 3.7118E-04  ( 0.311    ,  1.953E-03,   0.00    ) |  3.712E-04 2.441E-02
    5908 2.2642E+00 3.7118E-04  ( 0.311    ,  1.953E-03,   0.00    ) |  3.712E-04 2.441E-02
    5909 2.2646E+00 3.7118E-04  ( 0.311    ,  1.953E-03,   0.00    ) |  3.712E-04 2.441E-02
    5910 2.2649E+00 3.7119E-04  ( 0.311    ,  1.953E-03,   0.00    ) |  3.712E-04 2.441E-02
    5911 2.2653E+00 3.7119E-04  ( 0.311    ,  1.953E-03,   0.00    ) |  3.712E-04 2.441E-02
    5912 2.2657E+00 3.7119E-04  ( 0.311    ,  1.953E-03,   0.00    ) |  3.712E-04 2.441E-02
    5913 2.2660E+00 3.7119E-04  ( 0.311    ,  1.953E-03,   0.00    ) |  3.712E-04 2.441E-02
    5914 2.2664E+00 3.7120E-04  ( 0.311    ,  1.953E-03,   0.00    ) |  3.712E-04 2.441E-02
    5915 2.2668E+00 3.7120E-04  ( 0.311    ,  1.953E-03,   0.00    ) |  3.712E-04 2.441E-02
    5916 2.2672E+00 3.7120E-04  ( 0.311    ,  1.953E-03,   0.00    ) |  3.712E-04 2.441E-02
    5917 2.2675E+00 3.7121E-04  ( 0.311    ,  1.953E-03,   0.00    ) |  3.712E-04 2.441E-02
    5918 2.2679E+00 3.7121E-04  ( 0.311    ,  1.953E-03,   0.00    ) |  3.712E-04 2.441E-02
    5919 2.2683E+00 3.7121E-04  ( 0.311    ,  1.953E-03,   0.00    ) |  3.712E-04 2.441E-02
    5920 2.2686E+00 3.7121E-04  ( 0.311    ,  1.953E-03,   0.00    ) |  3.712E-04 2.441E-02
    5921 2.2690E+00 3.7122E-04  ( 0.311    ,  1.953E-03,   0.00    ) |  3.712E-04 2.441E-02
    5922 2.2694E+00 3.7122E-04  ( 0.311    ,  1.953E-03,   0.00    ) |  3.712E-04 2.441E-02
    5923 2.2698E+00 3.7122E-04  ( 0.311    ,  1.953E-03,   0.00    ) |  3.712E-04 2.441E-02
    5924 2.2701E+00 3.7122E-04  ( 0.311    ,  1.953E-03,   0.00    ) |  3.712E-04 2.441E-02
    5925 2.2705E+00 3.7123E-04  ( 0.311    ,  1.953E-03,   0.00    ) |  3.712E-04 2.441E-02
    5926 2.2709E+00 3.7123E-04  ( 0.311    ,  1.953E-03,   0.00    ) |  3.712E-04 2.441E-02
    5927 2.2712E+00 3.7123E-04  ( 0.311    ,  1.953E-03,   0.00    ) |  3.712E-04 2.441E-02
    5928 2.2716E+00 3.7123E-04  ( 0.311    ,  1.953E-03,   0.00    ) |  3.712E-04 2.441E-02
    5929 2.2720E+00 3.7124E-04  ( 0.311    ,  1.953E-03,   0.00    ) |  3.712E-04 2.441E-02
    5930 2.2724E+00 3.7124E-04  ( 0.311    ,  1.953E-03,   0.00    ) |  3.712E-04 2.441E-02
    5931 2.2727E+00 3.7124E-04  ( 0.311    ,  1.953E-03,   0.00    ) |  3.712E-04 2.441E-02
    5932 2.2731E+00 3.7125E-04  ( 0.311    , -1.953E-03,   0.00    ) |  3.712E-04 2.441E-02
    5933 2.2735E+00 3.7125E-04  ( 0.311    , -1.953E-03,   0.00    ) |  3.712E-04 2.441E-02
    5934 2.2738E+00 3.7125E-04  ( 0.311    , -1.953E-03,   0.00    ) |  3.713E-04 2.441E-02
    5935 2.2742E+00 3.7125E-04  ( 0.311    ,  1.953E-03,   0.00    ) |  3.713E-04 2.441E-02
    5936 2.2746E+00 3.7126E-04  ( 0.311    ,  1.953E-03,   0.00    ) |  3.713E-04 2.441E-02
    5937 2.2750E+00 3.7126E-04  ( 0.311    ,  1.953E-03,   0.00    ) |  3.713E-04 2.441E-02
 *** Wrote plotfile to flash_run_hdf5_plt_cnt_0091 ****
    5938 2.2753E+00 3.7126E-04  ( 0.311    ,  1.953E-03,   0.00    ) |  3.713E-04 2.441E-02
    5939 2.2757E+00 3.7126E-04  ( 0.311    ,  1.953E-03,   0.00    ) |  3.713E-04 2.441E-02
    5940 2.2761E+00 3.7127E-04  ( 0.311    ,  1.953E-03,   0.00    ) |  3.713E-04 2.441E-02
    5941 2.2764E+00 3.7127E-04  ( 0.311    ,  1.953E-03,   0.00    ) |  3.713E-04 2.441E-02
    5942 2.2768E+00 3.7127E-04  ( 0.311    ,  1.953E-03,   0.00    ) |  3.713E-04 2.441E-02
    5943 2.2772E+00 3.7127E-04  ( 0.311    ,  1.953E-03,   0.00    ) |  3.713E-04 2.441E-02
    5944 2.2776E+00 3.7128E-04  ( 0.311    ,  1.953E-03,   0.00    ) |  3.713E-04 2.441E-02
    5945 2.2779E+00 3.7128E-04  ( 0.311    ,  1.953E-03,   0.00    ) |  3.713E-04 2.441E-02
    5946 2.2783E+00 3.7128E-04  ( 0.311    ,  1.953E-03,   0.00    ) |  3.713E-04 2.441E-02
    5947 2.2787E+00 3.7128E-04  ( 0.311    , -1.953E-03,   0.00    ) |  3.713E-04 2.441E-02
    5948 2.2790E+00 3.7129E-04  ( 0.311    ,  1.953E-03,   0.00    ) |  3.713E-04 2.441E-02
    5949 2.2794E+00 3.7129E-04  ( 0.311    , -1.953E-03,   0.00    ) |  3.713E-04 2.441E-02
    5950 2.2798E+00 3.7129E-04  ( 0.311    , -1.953E-03,   0.00    ) |  3.713E-04 2.441E-02
    5951 2.2802E+00 3.7129E-04  ( 0.311    , -1.953E-03,   0.00    ) |  3.713E-04 2.441E-02
    5952 2.2805E+00 3.7130E-04  ( 0.311    , -1.953E-03,   0.00    ) |  3.713E-04 2.441E-02
    5953 2.2809E+00 3.7130E-04  ( 0.311    , -1.953E-03,   0.00    ) |  3.713E-04 2.441E-02
    5954 2.2813E+00 3.7130E-04  ( 0.311    , -1.953E-03,   0.00    ) |  3.713E-04 2.441E-02
    5955 2.2816E+00 3.7130E-04  ( 0.311    , -1.953E-03,   0.00    ) |  3.713E-04 2.441E-02
    5956 2.2820E+00 3.7131E-04  ( 0.311    , -1.953E-03,   0.00    ) |  3.713E-04 2.441E-02
    5957 2.2824E+00 3.7131E-04  ( 0.311    , -1.953E-03,   0.00    ) |  3.713E-04 2.441E-02
    5958 2.2828E+00 3.7131E-04  ( 0.311    , -1.953E-03,   0.00    ) |  3.713E-04 2.441E-02
    5959 2.2831E+00 3.7131E-04  ( 0.311    , -1.953E-03,   0.00    ) |  3.713E-04 2.441E-02
    5960 2.2835E+00 3.7131E-04  ( 0.311    , -1.953E-03,   0.00    ) |  3.713E-04 2.441E-02
    5961 2.2839E+00 3.7132E-04  ( 0.311    , -1.953E-03,   0.00    ) |  3.713E-04 2.441E-02
    5962 2.2842E+00 3.7132E-04  ( 0.311    , -1.953E-03,   0.00    ) |  3.713E-04 2.441E-02
    5963 2.2846E+00 3.7132E-04  ( 0.311    , -1.953E-03,   0.00    ) |  3.713E-04 2.441E-02
    5964 2.2850E+00 3.7132E-04  ( 0.311    , -1.953E-03,   0.00    ) |  3.713E-04 2.441E-02
    5965 2.2854E+00 3.7133E-04  ( 0.311    , -1.953E-03,   0.00    ) |  3.713E-04 2.441E-02
    5966 2.2857E+00 3.7133E-04  ( 0.311    , -1.953E-03,   0.00    ) |  3.713E-04 2.441E-02
    5967 2.2861E+00 3.7133E-04  ( 0.311    , -1.953E-03,   0.00    ) |  3.713E-04 2.441E-02
    5968 2.2865E+00 3.7133E-04  ( 0.311    , -1.953E-03,   0.00    ) |  3.713E-04 2.441E-02
    5969 2.2868E+00 3.7133E-04  ( 0.311    , -1.953E-03,   0.00    ) |  3.713E-04 2.441E-02
    5970 2.2872E+00 3.7134E-04  ( 0.311    , -1.953E-03,   0.00    ) |  3.713E-04 2.441E-02
    5971 2.2876E+00 3.7134E-04  ( 0.311    , -1.953E-03,   0.00    ) |  3.713E-04 2.441E-02
    5972 2.2880E+00 3.7134E-04  ( 0.311    , -1.953E-03,   0.00    ) |  3.713E-04 2.441E-02
    5973 2.2883E+00 3.7134E-04  ( 0.311    , -1.953E-03,   0.00    ) |  3.713E-04 2.441E-02
    5974 2.2887E+00 3.7134E-04  ( 0.311    , -1.953E-03,   0.00    ) |  3.713E-04 2.441E-02
    5975 2.2891E+00 3.7135E-04  ( 0.311    ,  1.953E-03,   0.00    ) |  3.713E-04 2.441E-02
    5976 2.2894E+00 3.7135E-04  ( 0.311    ,  1.953E-03,   0.00    ) |  3.713E-04 2.441E-02
    5977 2.2898E+00 3.7135E-04  ( 0.311    , -1.953E-03,   0.00    ) |  3.714E-04 2.441E-02
    5978 2.2902E+00 3.7135E-04  ( 0.311    , -1.953E-03,   0.00    ) |  3.714E-04 2.441E-02
    5979 2.2906E+00 3.7135E-04  ( 0.311    , -1.953E-03,   0.00    ) |  3.714E-04 2.441E-02
    5980 2.2909E+00 3.7136E-04  ( 0.311    , -1.953E-03,   0.00    ) |  3.714E-04 2.441E-02
    5981 2.2913E+00 3.7136E-04  ( 0.311    , -1.953E-03,   0.00    ) |  3.714E-04 2.441E-02
    5982 2.2917E+00 3.7136E-04  ( 0.311    , -1.953E-03,   0.00    ) |  3.714E-04 2.441E-02
    5983 2.2920E+00 3.7136E-04  ( 0.311    , -1.953E-03,   0.00    ) |  3.714E-04 2.441E-02
    5984 2.2924E+00 3.7136E-04  ( 0.311    , -1.953E-03,   0.00    ) |  3.714E-04 2.441E-02
    5985 2.2928E+00 3.7137E-04  ( 0.311    , -1.953E-03,   0.00    ) |  3.714E-04 2.441E-02
    5986 2.2931E+00 3.7137E-04  ( 0.311    , -1.953E-03,   0.00    ) |  3.714E-04 2.441E-02
    5987 2.2935E+00 3.7137E-04  ( 0.311    , -1.953E-03,   0.00    ) |  3.714E-04 2.441E-02
    5988 2.2939E+00 3.7137E-04  ( 0.311    , -1.953E-03,   0.00    ) |  3.714E-04 2.441E-02
    5989 2.2943E+00 3.7138E-04  ( 0.311    , -1.953E-03,   0.00    ) |  3.714E-04 2.441E-02
    5990 2.2946E+00 3.7138E-04  ( 0.311    , -1.953E-03,   0.00    ) |  3.714E-04 2.441E-02
    5991 2.2950E+00 3.7138E-04  ( 0.311    , -1.953E-03,   0.00    ) |  3.714E-04 2.441E-02
    5992 2.2954E+00 3.7138E-04  ( 0.311    , -1.953E-03,   0.00    ) |  3.714E-04 2.441E-02
    5993 2.2957E+00 3.7139E-04  ( 0.311    , -1.953E-03,   0.00    ) |  3.714E-04 2.441E-02
    5994 2.2961E+00 3.7139E-04  ( 0.311    , -1.953E-03,   0.00    ) |  3.714E-04 2.441E-02
    5995 2.2965E+00 3.7139E-04  ( 0.311    , -1.953E-03,   0.00    ) |  3.714E-04 2.441E-02
    5996 2.2969E+00 3.7139E-04  ( 0.311    , -1.953E-03,   0.00    ) |  3.714E-04 2.441E-02
    5997 2.2972E+00 3.7140E-04  ( 0.311    , -1.953E-03,   0.00    ) |  3.714E-04 2.441E-02
    5998 2.2976E+00 3.7140E-04  ( 0.311    , -1.953E-03,   0.00    ) |  3.714E-04 2.441E-02
    5999 2.2980E+00 3.7140E-04  ( 0.311    , -1.953E-03,   0.00    ) |  3.714E-04 2.441E-02
    6000 2.2983E+00 3.7140E-04  ( 0.311    , -1.953E-03,   0.00    ) |  3.714E-04 2.441E-02
    6001 2.2987E+00 3.7141E-04  ( 0.311    , -1.953E-03,   0.00    ) |  3.714E-04 2.441E-02
    6002 2.2991E+00 3.7141E-04  ( 0.311    , -1.953E-03,   0.00    ) |  3.714E-04 2.441E-02
    6003 2.2995E+00 3.7141E-04  ( 0.311    , -1.953E-03,   0.00    ) |  3.714E-04 2.441E-02
    6004 2.2998E+00 3.7142E-04  ( 0.311    , -1.953E-03,   0.00    ) |  3.714E-04 2.441E-02
 *** Wrote plotfile to flash_run_hdf5_plt_cnt_0092 ****
    6005 2.3002E+00 3.7142E-04  ( 0.311    , -1.953E-03,   0.00    ) |  3.714E-04 2.441E-02
    6006 2.3006E+00 3.7142E-04  ( 0.311    , -1.953E-03,   0.00    ) |  3.714E-04 2.441E-02
    6007 2.3009E+00 3.7143E-04  ( 0.311    , -1.953E-03,   0.00    ) |  3.714E-04 2.441E-02
    6008 2.3013E+00 3.7143E-04  ( 0.311    , -1.953E-03,   0.00    ) |  3.714E-04 2.441E-02
    6009 2.3017E+00 3.7143E-04  ( 0.311    , -1.953E-03,   0.00    ) |  3.714E-04 2.441E-02
    6010 2.3021E+00 3.7144E-04  ( 0.311    , -1.953E-03,   0.00    ) |  3.714E-04 2.441E-02
    6011 2.3024E+00 3.7144E-04  ( 0.311    , -1.953E-03,   0.00    ) |  3.714E-04 2.441E-02
    6012 2.3028E+00 3.7144E-04  ( 0.311    , -1.953E-03,   0.00    ) |  3.714E-04 2.441E-02
    6013 2.3032E+00 3.7145E-04  ( 0.311    , -1.953E-03,   0.00    ) |  3.714E-04 2.441E-02
    6014 2.3035E+00 3.7145E-04  ( 0.311    , -1.953E-03,   0.00    ) |  3.715E-04 2.441E-02
    6015 2.3039E+00 3.7145E-04  ( 0.311    , -1.953E-03,   0.00    ) |  3.715E-04 2.441E-02
    6016 2.3043E+00 3.7146E-04  ( 0.311    , -1.953E-03,   0.00    ) |  3.715E-04 2.441E-02
    6017 2.3047E+00 3.7146E-04  ( 0.311    , -1.953E-03,   0.00    ) |  3.715E-04 2.441E-02
    6018 2.3050E+00 3.7147E-04  ( 0.311    , -1.953E-03,   0.00    ) |  3.715E-04 2.441E-02
    6019 2.3054E+00 3.7147E-04  ( 0.311    , -1.953E-03,   0.00    ) |  3.715E-04 2.441E-02
    6020 2.3058E+00 3.7147E-04  ( 0.311    , -1.953E-03,   0.00    ) |  3.715E-04 2.441E-02
    6021 2.3061E+00 3.7148E-04  ( 0.311    , -1.953E-03,   0.00    ) |  3.715E-04 2.441E-02
    6022 2.3065E+00 3.7148E-04  ( 0.311    , -1.953E-03,   0.00    ) |  3.715E-04 2.441E-02
    6023 2.3069E+00 3.7148E-04  ( 0.311    , -1.953E-03,   0.00    ) |  3.715E-04 2.441E-02
    6024 2.3073E+00 3.7149E-04  ( 0.311    , -1.953E-03,   0.00    ) |  3.715E-04 2.441E-02
    6025 2.3076E+00 3.7149E-04  ( 0.311    , -1.953E-03,   0.00    ) |  3.715E-04 2.441E-02
    6026 2.3080E+00 3.7150E-04  ( 0.311    , -1.953E-03,   0.00    ) |  3.715E-04 2.441E-02
    6027 2.3084E+00 3.7150E-04  ( 0.311    , -1.953E-03,   0.00    ) |  3.715E-04 2.441E-02
    6028 2.3087E+00 3.7150E-04  ( 0.311    , -1.953E-03,   0.00    ) |  3.715E-04 2.441E-02
    6029 2.3091E+00 3.7151E-04  ( 0.311    , -1.953E-03,   0.00    ) |  3.715E-04 2.441E-02
    6030 2.3095E+00 3.7151E-04  ( 0.311    , -1.953E-03,   0.00    ) |  3.715E-04 2.441E-02
    6031 2.3099E+00 3.7152E-04  ( 0.311    , -1.953E-03,   0.00    ) |  3.715E-04 2.441E-02
    6032 2.3102E+00 3.7152E-04  ( 0.311    , -1.953E-03,   0.00    ) |  3.715E-04 2.441E-02
    6033 2.3106E+00 3.7152E-04  ( 0.311    , -1.953E-03,   0.00    ) |  3.715E-04 2.441E-02
    6034 2.3110E+00 3.7153E-04  ( 0.311    , -1.953E-03,   0.00    ) |  3.715E-04 2.441E-02
    6035 2.3114E+00 3.7153E-04  ( 0.311    , -1.953E-03,   0.00    ) |  3.715E-04 2.441E-02
    6036 2.3117E+00 3.7154E-04  ( 0.311    , -1.953E-03,   0.00    ) |  3.715E-04 2.441E-02
    6037 2.3121E+00 3.7154E-04  ( 0.311    , -1.953E-03,   0.00    ) |  3.715E-04 2.441E-02
    6038 2.3125E+00 3.7154E-04  ( 0.311    , -1.953E-03,   0.00    ) |  3.715E-04 2.441E-02
    6039 2.3128E+00 3.7155E-04  ( 0.311    , -1.953E-03,   0.00    ) |  3.715E-04 2.441E-02
    6040 2.3132E+00 3.7155E-04  ( 0.311    , -1.953E-03,   0.00    ) |  3.716E-04 2.441E-02
    6041 2.3136E+00 3.7156E-04  ( 0.311    , -1.953E-03,   0.00    ) |  3.716E-04 2.441E-02
    6042 2.3140E+00 3.7156E-04  ( 0.311    , -1.953E-03,   0.00    ) |  3.716E-04 2.441E-02
    6043 2.3143E+00 3.7157E-04  ( 0.311    , -1.953E-03,   0.00    ) |  3.716E-04 2.441E-02
    6044 2.3147E+00 3.7157E-04  ( 0.311    , -1.953E-03,   0.00    ) |  3.716E-04 2.441E-02
    6045 2.3151E+00 3.7157E-04  ( 0.311    , -1.953E-03,   0.00    ) |  3.716E-04 2.441E-02
    6046 2.3154E+00 3.7158E-04  ( 0.311    , -1.953E-03,   0.00    ) |  3.716E-04 2.441E-02
    6047 2.3158E+00 3.7158E-04  ( 0.311    , -1.953E-03,   0.00    ) |  3.716E-04 2.441E-02
    6048 2.3162E+00 3.7159E-04  ( 0.311    , -1.953E-03,   0.00    ) |  3.716E-04 2.441E-02
    6049 2.3166E+00 3.7159E-04  ( 0.311    , -1.953E-03,   0.00    ) |  3.716E-04 2.441E-02
    6050 2.3169E+00 3.7159E-04  ( 0.311    , -1.953E-03,   0.00    ) |  3.716E-04 2.441E-02
    6051 2.3173E+00 3.7160E-04  ( 0.311    , -1.953E-03,   0.00    ) |  3.716E-04 2.441E-02
    6052 2.3177E+00 3.7160E-04  ( 0.311    , -1.953E-03,   0.00    ) |  3.716E-04 2.441E-02
    6053 2.3180E+00 3.7161E-04  ( 0.311    , -1.953E-03,   0.00    ) |  3.716E-04 2.441E-02
    6054 2.3184E+00 3.7161E-04  ( 0.311    , -1.953E-03,   0.00    ) |  3.716E-04 2.441E-02
    6055 2.3188E+00 3.7161E-04  ( 0.311    , -1.953E-03,   0.00    ) |  3.716E-04 2.441E-02
    6056 2.3192E+00 3.7162E-04  ( 0.311    , -1.953E-03,   0.00    ) |  3.716E-04 2.441E-02
    6057 2.3195E+00 3.7162E-04  ( 0.311    , -1.953E-03,   0.00    ) |  3.716E-04 2.441E-02
    6058 2.3199E+00 3.7162E-04  ( 0.311    , -1.953E-03,   0.00    ) |  3.716E-04 2.441E-02
    6059 2.3203E+00 3.7163E-04  ( 0.311    , -1.953E-03,   0.00    ) |  3.716E-04 2.441E-02
    6060 2.3206E+00 3.7163E-04  ( 0.311    , -1.953E-03,   0.00    ) |  3.716E-04 2.441E-02
    6061 2.3210E+00 3.7164E-04  ( 0.311    , -1.953E-03,   0.00    ) |  3.716E-04 2.441E-02
    6062 2.3214E+00 3.7164E-04  ( 0.311    , -1.953E-03,   0.00    ) |  3.716E-04 2.441E-02
    6063 2.3218E+00 3.7164E-04  ( 0.311    , -1.953E-03,   0.00    ) |  3.716E-04 2.441E-02
    6064 2.3221E+00 3.7164E-04  ( 0.311    , -1.953E-03,   0.00    ) |  3.716E-04 2.441E-02
    6065 2.3225E+00 3.7165E-04  ( 0.311    , -1.953E-03,   0.00    ) |  3.716E-04 2.441E-02
    6066 2.3229E+00 3.7165E-04  ( 0.311    , -1.953E-03,   0.00    ) |  3.717E-04 2.441E-02
    6067 2.3232E+00 3.7165E-04  ( 0.311    , -1.953E-03,   0.00    ) |  3.717E-04 2.441E-02
    6068 2.3236E+00 3.7166E-04  ( 0.311    , -1.953E-03,   0.00    ) |  3.717E-04 2.441E-02
    6069 2.3240E+00 3.7166E-04  ( 0.311    , -1.953E-03,   0.00    ) |  3.717E-04 2.441E-02
    6070 2.3244E+00 3.7166E-04  ( 0.311    , -1.953E-03,   0.00    ) |  3.717E-04 2.441E-02
    6071 2.3247E+00 3.7167E-04  ( 0.311    , -1.953E-03,   0.00    ) |  3.717E-04 2.441E-02
 *** Wrote plotfile to flash_run_hdf5_plt_cnt_0093 ****
    6072 2.3251E+00 3.7167E-04  ( 0.311    , -1.953E-03,   0.00    ) |  3.717E-04 2.441E-02
    6073 2.3255E+00 3.7167E-04  ( 0.311    , -1.953E-03,   0.00    ) |  3.717E-04 2.441E-02
    6074 2.3258E+00 3.7168E-04  ( 0.311    , -1.953E-03,   0.00    ) |  3.717E-04 2.441E-02
    6075 2.3262E+00 3.7168E-04  ( 0.311    , -1.953E-03,   0.00    ) |  3.717E-04 2.441E-02
    6076 2.3266E+00 3.7168E-04  ( 0.311    , -1.953E-03,   0.00    ) |  3.717E-04 2.441E-02
    6077 2.3270E+00 3.7169E-04  ( 0.311    , -1.953E-03,   0.00    ) |  3.717E-04 2.441E-02
    6078 2.3273E+00 3.7169E-04  ( 0.311    , -1.953E-03,   0.00    ) |  3.717E-04 2.441E-02
    6079 2.3277E+00 3.7169E-04  ( 0.311    , -1.953E-03,   0.00    ) |  3.717E-04 2.441E-02
    6080 2.3281E+00 3.7169E-04  ( 0.311    , -1.953E-03,   0.00    ) |  3.717E-04 2.441E-02
    6081 2.3284E+00 3.7170E-04  ( 0.311    , -1.953E-03,   0.00    ) |  3.717E-04 2.441E-02
    6082 2.3288E+00 3.7170E-04  ( 0.311    , -1.953E-03,   0.00    ) |  3.717E-04 2.441E-02
    6083 2.3292E+00 3.7170E-04  ( 0.311    , -1.953E-03,   0.00    ) |  3.717E-04 2.441E-02
    6084 2.3296E+00 3.7171E-04  ( 0.311    , -1.953E-03,   0.00    ) |  3.717E-04 2.441E-02
    6085 2.3299E+00 3.7171E-04  ( 0.311    , -1.953E-03,   0.00    ) |  3.717E-04 2.441E-02
    6086 2.3303E+00 3.7171E-04  ( 0.311    , -1.953E-03,   0.00    ) |  3.717E-04 2.441E-02
    6087 2.3307E+00 3.7172E-04  ( 0.311    , -1.953E-03,   0.00    ) |  3.717E-04 2.441E-02
    6088 2.3310E+00 3.7172E-04  ( 0.311    , -1.953E-03,   0.00    ) |  3.717E-04 2.441E-02
    6089 2.3314E+00 3.7172E-04  ( 0.311    , -1.953E-03,   0.00    ) |  3.717E-04 2.441E-02
    6090 2.3318E+00 3.7173E-04  ( 0.311    , -1.953E-03,   0.00    ) |  3.717E-04 2.441E-02
    6091 2.3322E+00 3.7173E-04  ( 0.311    , -1.953E-03,   0.00    ) |  3.717E-04 2.441E-02
    6092 2.3325E+00 3.7173E-04  ( 0.311    , -1.953E-03,   0.00    ) |  3.717E-04 2.441E-02
    6093 2.3329E+00 3.7174E-04  ( 0.311    , -1.953E-03,   0.00    ) |  3.717E-04 2.441E-02
    6094 2.3333E+00 3.7174E-04  ( 0.311    , -1.953E-03,   0.00    ) |  3.717E-04 2.441E-02
    6095 2.3336E+00 3.7174E-04  ( 0.311    , -1.953E-03,   0.00    ) |  3.717E-04 2.441E-02
    6096 2.3340E+00 3.7175E-04  ( 0.311    , -1.953E-03,   0.00    ) |  3.717E-04 2.441E-02
    6097 2.3344E+00 3.7175E-04  ( 0.311    , -1.953E-03,   0.00    ) |  3.718E-04 2.441E-02
    6098 2.3348E+00 3.7175E-04  ( 0.311    , -1.953E-03,   0.00    ) |  3.718E-04 2.441E-02
    6099 2.3351E+00 3.7176E-04  ( 0.311    , -1.953E-03,   0.00    ) |  3.718E-04 2.441E-02
    6100 2.3355E+00 3.7176E-04  ( 0.311    , -1.953E-03,   0.00    ) |  3.718E-04 2.441E-02
    6101 2.3359E+00 3.7176E-04  ( 0.311    , -1.953E-03,   0.00    ) |  3.718E-04 2.441E-02
    6102 2.3363E+00 3.7177E-04  ( 0.311    , -1.953E-03,   0.00    ) |  3.718E-04 2.441E-02
    6103 2.3366E+00 3.7177E-04  ( 0.311    , -1.953E-03,   0.00    ) |  3.718E-04 2.441E-02
    6104 2.3370E+00 3.7177E-04  ( 0.311    ,  1.953E-03,   0.00    ) |  3.718E-04 2.441E-02
    6105 2.3374E+00 3.7178E-04  ( 0.311    ,  1.953E-03,   0.00    ) |  3.718E-04 2.441E-02
    6106 2.3377E+00 3.7178E-04  ( 0.311    , -1.953E-03,   0.00    ) |  3.718E-04 2.441E-02
    6107 2.3381E+00 3.7178E-04  ( 0.311    ,  1.953E-03,   0.00    ) |  3.718E-04 2.441E-02
    6108 2.3385E+00 3.7178E-04  ( 0.311    ,  1.953E-03,   0.00    ) |  3.718E-04 2.441E-02
    6109 2.3389E+00 3.7179E-04  ( 0.311    , -1.953E-03,   0.00    ) |  3.718E-04 2.441E-02
    6110 2.3392E+00 3.7179E-04  ( 0.311    ,  1.953E-03,   0.00    ) |  3.718E-04 2.441E-02
    6111 2.3396E+00 3.7179E-04  ( 0.311    , -1.953E-03,   0.00    ) |  3.718E-04 2.441E-02
    6112 2.3400E+00 3.7180E-04  ( 0.311    ,  1.953E-03,   0.00    ) |  3.718E-04 2.441E-02
    6113 2.3403E+00 3.7180E-04  ( 0.311    ,  1.953E-03,   0.00    ) |  3.718E-04 2.441E-02
    6114 2.3407E+00 3.7180E-04  ( 0.311    ,  1.953E-03,   0.00    ) |  3.718E-04 2.441E-02
    6115 2.3411E+00 3.7180E-04  ( 0.311    ,  1.953E-03,   0.00    ) |  3.718E-04 2.441E-02
    6116 2.3415E+00 3.7181E-04  ( 0.311    ,  1.953E-03,   0.00    ) |  3.718E-04 2.441E-02
    6117 2.3418E+00 3.7181E-04  ( 0.311    ,  1.953E-03,   0.00    ) |  3.718E-04 2.441E-02
    6118 2.3422E+00 3.7181E-04  ( 0.311    ,  1.953E-03,   0.00    ) |  3.718E-04 2.441E-02
    6119 2.3426E+00 3.7182E-04  ( 0.311    ,  1.953E-03,   0.00    ) |  3.718E-04 2.441E-02
    6120 2.3429E+00 3.7182E-04  ( 0.311    ,  1.953E-03,   0.00    ) |  3.718E-04 2.441E-02
    6121 2.3433E+00 3.7182E-04  ( 0.311    ,  1.953E-03,   0.00    ) |  3.718E-04 2.441E-02
    6122 2.3437E+00 3.7182E-04  ( 0.311    ,  1.953E-03,   0.00    ) |  3.718E-04 2.441E-02
    6123 2.3441E+00 3.7183E-04  ( 0.311    ,  1.953E-03,   0.00    ) |  3.718E-04 2.441E-02
    6124 2.3444E+00 3.7183E-04  ( 0.311    ,  1.953E-03,   0.00    ) |  3.718E-04 2.441E-02
    6125 2.3448E+00 3.7183E-04  ( 0.311    ,  1.953E-03,   0.00    ) |  3.718E-04 2.441E-02
    6126 2.3452E+00 3.7184E-04  ( 0.311    ,  1.953E-03,   0.00    ) |  3.718E-04 2.441E-02
    6127 2.3455E+00 3.7184E-04  ( 0.311    , -1.953E-03,   0.00    ) |  3.718E-04 2.441E-02
    6128 2.3459E+00 3.7184E-04  ( 0.311    ,  1.953E-03,   0.00    ) |  3.718E-04 2.441E-02
    6129 2.3463E+00 3.7184E-04  ( 0.311    ,  1.953E-03,   0.00    ) |  3.718E-04 2.441E-02
    6130 2.3467E+00 3.7185E-04  ( 0.311    ,  1.953E-03,   0.00    ) |  3.718E-04 2.441E-02
    6131 2.3470E+00 3.7185E-04  ( 0.311    ,  1.953E-03,   0.00    ) |  3.719E-04 2.441E-02
    6132 2.3474E+00 3.7185E-04  ( 0.311    , -1.953E-03,   0.00    ) |  3.719E-04 2.441E-02
    6133 2.3478E+00 3.7186E-04  ( 0.311    ,  1.953E-03,   0.00    ) |  3.719E-04 2.441E-02
    6134 2.3481E+00 3.7186E-04  ( 0.311    , -1.953E-03,   0.00    ) |  3.719E-04 2.441E-02
    6135 2.3485E+00 3.7186E-04  ( 0.311    ,  1.953E-03,   0.00    ) |  3.719E-04 2.441E-02
    6136 2.3489E+00 3.7186E-04  ( 0.311    ,  1.953E-03,   0.00    ) |  3.719E-04 2.441E-02
    6137 2.3493E+00 3.7187E-04  ( 0.311    ,  1.953E-03,   0.00    ) |  3.719E-04 2.441E-02
    6138 2.3496E+00 3.7187E-04  ( 0.311    ,  1.953E-03,   0.00    ) |  3.719E-04 2.441E-02
 *** Wrote plotfile to flash_run_hdf5_plt_cnt_0094 ****
    6139 2.3500E+00 3.7187E-04  ( 0.311    , -1.953E-03,   0.00    ) |  3.719E-04 2.441E-02
    6140 2.3504E+00 3.7187E-04  ( 0.311    ,  1.953E-03,   0.00    ) |  3.719E-04 2.441E-02
    6141 2.3508E+00 3.7188E-04  ( 0.311    ,  1.953E-03,   0.00    ) |  3.719E-04 2.441E-02
    6142 2.3511E+00 3.7188E-04  ( 0.311    ,  1.953E-03,   0.00    ) |  3.719E-04 2.441E-02
    6143 2.3515E+00 3.7188E-04  ( 0.311    , -1.953E-03,   0.00    ) |  3.719E-04 2.441E-02
    6144 2.3519E+00 3.7188E-04  ( 0.311    ,  1.953E-03,   0.00    ) |  3.719E-04 2.441E-02
    6145 2.3522E+00 3.7189E-04  ( 0.311    ,  1.953E-03,   0.00    ) |  3.719E-04 2.441E-02
    6146 2.3526E+00 3.7189E-04  ( 0.311    ,  1.953E-03,   0.00    ) |  3.719E-04 2.441E-02
    6147 2.3530E+00 3.7189E-04  ( 0.311    ,  1.953E-03,   0.00    ) |  3.719E-04 2.441E-02
    6148 2.3534E+00 3.7189E-04  ( 0.311    ,  1.953E-03,   0.00    ) |  3.719E-04 2.441E-02
    6149 2.3537E+00 3.7189E-04  ( 0.311    ,  1.953E-03,   0.00    ) |  3.719E-04 2.441E-02
    6150 2.3541E+00 3.7189E-04  ( 0.311    ,  1.953E-03,   0.00    ) |  3.719E-04 2.441E-02
    6151 2.3545E+00 3.7190E-04  ( 0.311    ,  1.953E-03,   0.00    ) |  3.719E-04 2.441E-02
    6152 2.3548E+00 3.7190E-04  ( 0.311    ,  1.953E-03,   0.00    ) |  3.719E-04 2.441E-02
    6153 2.3552E+00 3.7190E-04  ( 0.311    ,  1.953E-03,   0.00    ) |  3.719E-04 2.441E-02
    6154 2.3556E+00 3.7190E-04  ( 0.311    ,  1.953E-03,   0.00    ) |  3.719E-04 2.441E-02
    6155 2.3560E+00 3.7190E-04  ( 0.311    ,  1.953E-03,   0.00    ) |  3.719E-04 2.441E-02
    6156 2.3563E+00 3.7190E-04  ( 0.311    ,  1.953E-03,   0.00    ) |  3.719E-04 2.441E-02
    6157 2.3567E+00 3.7190E-04  ( 0.311    ,  1.953E-03,   0.00    ) |  3.719E-04 2.441E-02
    6158 2.3571E+00 3.7190E-04  ( 0.311    ,  1.953E-03,   0.00    ) |  3.719E-04 2.441E-02
    6159 2.3574E+00 3.7191E-04  ( 0.311    ,  1.953E-03,   0.00    ) |  3.719E-04 2.441E-02
    6160 2.3578E+00 3.7191E-04  ( 0.311    ,  1.953E-03,   0.00    ) |  3.719E-04 2.441E-02
    6161 2.3582E+00 3.7191E-04  ( 0.311    ,  1.953E-03,   0.00    ) |  3.719E-04 2.441E-02
    6162 2.3586E+00 3.7191E-04  ( 0.311    ,  1.953E-03,   0.00    ) |  3.719E-04 2.441E-02
    6163 2.3589E+00 3.7191E-04  ( 0.311    ,  1.953E-03,   0.00    ) |  3.719E-04 2.441E-02
    6164 2.3593E+00 3.7191E-04  ( 0.311    ,  1.953E-03,   0.00    ) |  3.719E-04 2.441E-02
    6165 2.3597E+00 3.7191E-04  ( 0.311    ,  1.953E-03,   0.00    ) |  3.719E-04 2.441E-02
    6166 2.3600E+00 3.7191E-04  ( 0.311    ,  1.953E-03,   0.00    ) |  3.719E-04 2.441E-02
    6167 2.3604E+00 3.7191E-04  ( 0.311    ,  1.953E-03,   0.00    ) |  3.719E-04 2.441E-02
    6168 2.3608E+00 3.7191E-04  ( 0.311    ,  1.953E-03,   0.00    ) |  3.719E-04 2.441E-02
    6169 2.3612E+00 3.7191E-04  ( 0.311    ,  1.953E-03,   0.00    ) |  3.719E-04 2.441E-02
    6170 2.3615E+00 3.7191E-04  ( 0.311    ,  1.953E-03,   0.00    ) |  3.719E-04 2.441E-02
    6171 2.3619E+00 3.7191E-04  ( 0.311    ,  1.953E-03,   0.00    ) |  3.719E-04 2.441E-02
    6172 2.3623E+00 3.7191E-04  ( 0.311    ,  1.953E-03,   0.00    ) |  3.719E-04 2.441E-02
    6173 2.3627E+00 3.7191E-04  ( 0.311    ,  1.953E-03,   0.00    ) |  3.719E-04 2.441E-02
    6174 2.3630E+00 3.7191E-04  ( 0.311    ,  1.953E-03,   0.00    ) |  3.719E-04 2.441E-02
    6175 2.3634E+00 3.7191E-04  ( 0.311    ,  1.953E-03,   0.00    ) |  3.719E-04 2.441E-02
    6176 2.3638E+00 3.7191E-04  ( 0.311    ,  1.953E-03,   0.00    ) |  3.719E-04 2.441E-02
    6177 2.3641E+00 3.7191E-04  ( 0.311    ,  1.953E-03,   0.00    ) |  3.719E-04 2.441E-02
    6178 2.3645E+00 3.7191E-04  ( 0.311    ,  1.953E-03,   0.00    ) |  3.719E-04 2.441E-02
    6179 2.3649E+00 3.7191E-04  ( 0.311    ,  1.953E-03,   0.00    ) |  3.719E-04 2.441E-02
    6180 2.3653E+00 3.7191E-04  ( 0.311    ,  1.953E-03,   0.00    ) |  3.719E-04 2.441E-02
    6181 2.3656E+00 3.7191E-04  ( 0.311    ,  1.953E-03,   0.00    ) |  3.719E-04 2.441E-02
    6182 2.3660E+00 3.7191E-04  ( 0.311    ,  1.953E-03,   0.00    ) |  3.719E-04 2.441E-02
    6183 2.3664E+00 3.7191E-04  ( 0.311    ,  1.953E-03,   0.00    ) |  3.719E-04 2.441E-02
    6184 2.3667E+00 3.7191E-04  ( 0.311    ,  1.953E-03,   0.00    ) |  3.719E-04 2.441E-02
    6185 2.3671E+00 3.7191E-04  ( 0.311    ,  1.953E-03,   0.00    ) |  3.719E-04 2.441E-02
    6186 2.3675E+00 3.7191E-04  ( 0.311    ,  1.953E-03,   0.00    ) |  3.719E-04 2.441E-02
    6187 2.3679E+00 3.7191E-04  ( 0.311    ,  1.953E-03,   0.00    ) |  3.719E-04 2.441E-02
    6188 2.3682E+00 3.7191E-04  ( 0.311    ,  1.953E-03,   0.00    ) |  3.719E-04 2.441E-02
    6189 2.3686E+00 3.7191E-04  ( 0.311    ,  1.953E-03,   0.00    ) |  3.719E-04 2.441E-02
    6190 2.3690E+00 3.7191E-04  ( 0.311    ,  1.953E-03,   0.00    ) |  3.719E-04 2.441E-02
    6191 2.3693E+00 3.7191E-04  ( 0.311    ,  1.953E-03,   0.00    ) |  3.719E-04 2.441E-02
    6192 2.3697E+00 3.7191E-04  ( 0.311    ,  1.953E-03,   0.00    ) |  3.719E-04 2.441E-02
    6193 2.3701E+00 3.7191E-04  ( 0.311    ,  1.953E-03,   0.00    ) |  3.719E-04 2.441E-02
    6194 2.3705E+00 3.7191E-04  ( 0.311    ,  1.953E-03,   0.00    ) |  3.719E-04 2.441E-02
    6195 2.3708E+00 3.7191E-04  ( 0.311    ,  1.953E-03,   0.00    ) |  3.719E-04 2.441E-02
    6196 2.3712E+00 3.7191E-04  ( 0.311    ,  1.953E-03,   0.00    ) |  3.719E-04 2.441E-02
    6197 2.3716E+00 3.7191E-04  ( 0.311    ,  1.953E-03,   0.00    ) |  3.719E-04 2.441E-02
    6198 2.3720E+00 3.7191E-04  ( 0.311    ,  1.953E-03,   0.00    ) |  3.719E-04 2.441E-02
    6199 2.3723E+00 3.7191E-04  ( 0.311    ,  1.953E-03,   0.00    ) |  3.719E-04 2.441E-02
    6200 2.3727E+00 3.7191E-04  ( 0.311    ,  1.953E-03,   0.00    ) |  3.719E-04 2.441E-02
    6201 2.3731E+00 3.7191E-04  ( 0.311    ,  1.953E-03,   0.00    ) |  3.719E-04 2.441E-02
    6202 2.3734E+00 3.7191E-04  ( 0.311    ,  1.953E-03,   0.00    ) |  3.719E-04 2.441E-02
    6203 2.3738E+00 3.7191E-04  ( 0.311    ,  1.953E-03,   0.00    ) |  3.719E-04 2.441E-02
    6204 2.3742E+00 3.7191E-04  ( 0.311    ,  1.953E-03,   0.00    ) |  3.719E-04 2.441E-02
    6205 2.3746E+00 3.7191E-04  ( 0.311    ,  1.953E-03,   0.00    ) |  3.719E-04 2.441E-02
    6206 2.3749E+00 3.7191E-04  ( 0.311    ,  1.953E-03,   0.00    ) |  3.719E-04 2.441E-02
 *** Wrote plotfile to flash_run_hdf5_plt_cnt_0095 ****
    6207 2.3753E+00 3.7191E-04  ( 0.311    ,  1.953E-03,   0.00    ) |  3.719E-04 2.441E-02
    6208 2.3757E+00 3.7191E-04  ( 0.311    ,  1.953E-03,   0.00    ) |  3.719E-04 2.441E-02
    6209 2.3760E+00 3.7191E-04  ( 0.311    ,  1.953E-03,   0.00    ) |  3.719E-04 2.441E-02
    6210 2.3764E+00 3.7191E-04  ( 0.311    ,  1.953E-03,   0.00    ) |  3.719E-04 2.441E-02
    6211 2.3768E+00 3.7191E-04  ( 0.311    ,  1.953E-03,   0.00    ) |  3.719E-04 2.441E-02
    6212 2.3772E+00 3.7191E-04  ( 0.311    ,  1.953E-03,   0.00    ) |  3.719E-04 2.441E-02
    6213 2.3775E+00 3.7191E-04  ( 0.311    ,  1.953E-03,   0.00    ) |  3.719E-04 2.441E-02
    6214 2.3779E+00 3.7191E-04  ( 0.311    ,  1.953E-03,   0.00    ) |  3.719E-04 2.441E-02
    6215 2.3783E+00 3.7191E-04  ( 0.311    ,  1.953E-03,   0.00    ) |  3.719E-04 2.441E-02
    6216 2.3786E+00 3.7191E-04  ( 0.311    ,  1.953E-03,   0.00    ) |  3.719E-04 2.441E-02
    6217 2.3790E+00 3.7192E-04  ( 0.311    ,  1.953E-03,   0.00    ) |  3.719E-04 2.441E-02
    6218 2.3794E+00 3.7192E-04  ( 0.311    ,  1.953E-03,   0.00    ) |  3.719E-04 2.441E-02
    6219 2.3798E+00 3.7192E-04  ( 0.311    ,  1.953E-03,   0.00    ) |  3.719E-04 2.441E-02
    6220 2.3801E+00 3.7192E-04  ( 0.311    ,  1.953E-03,   0.00    ) |  3.719E-04 2.441E-02
    6221 2.3805E+00 3.7192E-04  ( 0.311    ,  1.953E-03,   0.00    ) |  3.719E-04 2.441E-02
    6222 2.3809E+00 3.7192E-04  ( 0.311    ,  1.953E-03,   0.00    ) |  3.719E-04 2.441E-02
    6223 2.3812E+00 3.7192E-04  ( 0.311    ,  1.953E-03,   0.00    ) |  3.719E-04 2.441E-02
    6224 2.3816E+00 3.7192E-04  ( 0.311    ,  1.953E-03,   0.00    ) |  3.719E-04 2.441E-02
    6225 2.3820E+00 3.7192E-04  ( 0.311    ,  1.953E-03,   0.00    ) |  3.719E-04 2.441E-02
    6226 2.3824E+00 3.7192E-04  ( 0.311    ,  1.953E-03,   0.00    ) |  3.719E-04 2.441E-02
    6227 2.3827E+00 3.7192E-04  ( 0.311    ,  1.953E-03,   0.00    ) |  3.719E-04 2.441E-02
    6228 2.3831E+00 3.7192E-04  ( 0.311    ,  1.953E-03,   0.00    ) |  3.719E-04 2.441E-02
    6229 2.3835E+00 3.7193E-04  ( 0.311    ,  1.953E-03,   0.00    ) |  3.719E-04 2.441E-02
    6230 2.3839E+00 3.7193E-04  ( 0.311    ,  1.953E-03,   0.00    ) |  3.719E-04 2.441E-02
    6231 2.3842E+00 3.7193E-04  ( 0.311    ,  1.953E-03,   0.00    ) |  3.719E-04 2.441E-02
    6232 2.3846E+00 3.7193E-04  ( 0.311    ,  1.953E-03,   0.00    ) |  3.719E-04 2.441E-02
    6233 2.3850E+00 3.7193E-04  ( 0.311    ,  1.953E-03,   0.00    ) |  3.719E-04 2.441E-02
    6234 2.3853E+00 3.7193E-04  ( 0.311    ,  1.953E-03,   0.00    ) |  3.719E-04 2.441E-02
    6235 2.3857E+00 3.7193E-04  ( 0.311    ,  1.953E-03,   0.00    ) |  3.719E-04 2.441E-02
    6236 2.3861E+00 3.7194E-04  ( 0.311    ,  1.953E-03,   0.00    ) |  3.719E-04 2.441E-02
    6237 2.3865E+00 3.7194E-04  ( 0.311    ,  1.953E-03,   0.00    ) |  3.719E-04 2.441E-02
    6238 2.3868E+00 3.7194E-04  ( 0.311    ,  1.953E-03,   0.00    ) |  3.719E-04 2.441E-02
    6239 2.3872E+00 3.7194E-04  ( 0.311    ,  1.953E-03,   0.00    ) |  3.719E-04 2.441E-02
    6240 2.3876E+00 3.7194E-04  ( 0.311    ,  1.953E-03,   0.00    ) |  3.719E-04 2.441E-02
    6241 2.3879E+00 3.7195E-04  ( 0.311    ,  1.953E-03,   0.00    ) |  3.719E-04 2.441E-02
    6242 2.3883E+00 3.7195E-04  ( 0.311    ,  1.953E-03,   0.00    ) |  3.719E-04 2.441E-02
    6243 2.3887E+00 3.7195E-04  ( 0.311    ,  1.953E-03,   0.00    ) |  3.720E-04 2.441E-02
    6244 2.3891E+00 3.7195E-04  ( 0.311    ,  1.953E-03,   0.00    ) |  3.720E-04 2.441E-02
    6245 2.3894E+00 3.7196E-04  ( 0.311    ,  1.953E-03,   0.00    ) |  3.720E-04 2.441E-02
    6246 2.3898E+00 3.7196E-04  ( 0.311    ,  1.953E-03,   0.00    ) |  3.720E-04 2.441E-02
    6247 2.3902E+00 3.7196E-04  ( 0.311    ,  1.953E-03,   0.00    ) |  3.720E-04 2.441E-02
    6248 2.3905E+00 3.7196E-04  ( 0.311    ,  1.953E-03,   0.00    ) |  3.720E-04 2.441E-02
    6249 2.3909E+00 3.7197E-04  ( 0.311    ,  1.953E-03,   0.00    ) |  3.720E-04 2.441E-02
    6250 2.3913E+00 3.7197E-04  ( 0.311    ,  1.953E-03,   0.00    ) |  3.720E-04 2.441E-02
    6251 2.3917E+00 3.7197E-04  ( 0.311    ,  1.953E-03,   0.00    ) |  3.720E-04 2.441E-02
    6252 2.3920E+00 3.7197E-04  ( 0.311    ,  1.953E-03,   0.00    ) |  3.720E-04 2.441E-02
    6253 2.3924E+00 3.7198E-04  ( 0.311    ,  1.953E-03,   0.00    ) |  3.720E-04 2.441E-02
    6254 2.3928E+00 3.7198E-04  ( 0.311    ,  1.953E-03,   0.00    ) |  3.720E-04 2.441E-02
    6255 2.3932E+00 3.7198E-04  ( 0.311    , -1.953E-03,   0.00    ) |  3.720E-04 2.441E-02
    6256 2.3935E+00 3.7199E-04  ( 0.311    , -1.953E-03,   0.00    ) |  3.720E-04 2.441E-02
    6257 2.3939E+00 3.7199E-04  ( 0.311    , -1.953E-03,   0.00    ) |  3.720E-04 2.441E-02
    6258 2.3943E+00 3.7199E-04  ( 0.311    , -1.953E-03,   0.00    ) |  3.720E-04 2.441E-02
    6259 2.3946E+00 3.7200E-04  ( 0.311    , -1.953E-03,   0.00    ) |  3.720E-04 2.441E-02
    6260 2.3950E+00 3.7200E-04  ( 0.311    , -1.953E-03,   0.00    ) |  3.720E-04 2.441E-02
    6261 2.3954E+00 3.7200E-04  ( 0.311    , -1.953E-03,   0.00    ) |  3.720E-04 2.441E-02
    6262 2.3958E+00 3.7201E-04  ( 0.311    , -1.953E-03,   0.00    ) |  3.720E-04 2.441E-02
    6263 2.3961E+00 3.7201E-04  ( 0.311    , -1.953E-03,   0.00    ) |  3.720E-04 2.441E-02
    6264 2.3965E+00 3.7201E-04  ( 0.311    , -1.953E-03,   0.00    ) |  3.720E-04 2.441E-02
    6265 2.3969E+00 3.7202E-04  ( 0.311    , -1.953E-03,   0.00    ) |  3.720E-04 2.441E-02
    6266 2.3972E+00 3.7202E-04  ( 0.311    , -1.953E-03,   0.00    ) |  3.720E-04 2.441E-02
    6267 2.3976E+00 3.7202E-04  ( 0.311    , -1.953E-03,   0.00    ) |  3.720E-04 2.441E-02
    6268 2.3980E+00 3.7203E-04  ( 0.311    , -1.953E-03,   0.00    ) |  3.720E-04 2.441E-02
    6269 2.3984E+00 3.7203E-04  ( 0.311    , -1.953E-03,   0.00    ) |  3.720E-04 2.441E-02
    6270 2.3987E+00 3.7204E-04  ( 0.311    , -1.953E-03,   0.00    ) |  3.720E-04 2.441E-02
    6271 2.3991E+00 3.7204E-04  ( 0.311    , -1.953E-03,   0.00    ) |  3.720E-04 2.441E-02
    6272 2.3995E+00 3.7204E-04  ( 0.311    , -1.953E-03,   0.00    ) |  3.720E-04 2.441E-02
    6273 2.3998E+00 3.7205E-04  ( 0.311    , -1.953E-03,   0.00    ) |  3.720E-04 2.441E-02
 *** Wrote plotfile to flash_run_hdf5_plt_cnt_0096 ****
    6274 2.4002E+00 3.7205E-04  ( 0.311    , -1.953E-03,   0.00    ) |  3.721E-04 2.441E-02
    6275 2.4006E+00 3.7206E-04  ( 0.311    ,  1.953E-03,   0.00    ) |  3.721E-04 2.441E-02
    6276 2.4010E+00 3.7206E-04  ( 0.311    ,  1.953E-03,   0.00    ) |  3.721E-04 2.441E-02
    6277 2.4013E+00 3.7207E-04  ( 0.311    , -1.953E-03,   0.00    ) |  3.721E-04 2.441E-02
    6278 2.4017E+00 3.7207E-04  ( 0.311    ,  1.953E-03,   0.00    ) |  3.721E-04 2.441E-02
    6279 2.4021E+00 3.7207E-04  ( 0.311    , -1.953E-03,   0.00    ) |  3.721E-04 2.441E-02
    6280 2.4025E+00 3.7208E-04  ( 0.311    , -1.953E-03,   0.00    ) |  3.721E-04 2.441E-02
    6281 2.4028E+00 3.7208E-04  ( 0.311    , -1.953E-03,   0.00    ) |  3.721E-04 2.441E-02
    6282 2.4032E+00 3.7209E-04  ( 0.311    , -1.953E-03,   0.00    ) |  3.721E-04 2.441E-02
    6283 2.4036E+00 3.7209E-04  ( 0.311    , -1.953E-03,   0.00    ) |  3.721E-04 2.441E-02
    6284 2.4039E+00 3.7210E-04  ( 0.311    ,  1.953E-03,   0.00    ) |  3.721E-04 2.441E-02
    6285 2.4043E+00 3.7210E-04  ( 0.311    , -1.953E-03,   0.00    ) |  3.721E-04 2.441E-02
    6286 2.4047E+00 3.7211E-04  ( 0.311    , -1.953E-03,   0.00    ) |  3.721E-04 2.441E-02
    6287 2.4051E+00 3.7211E-04  ( 0.311    ,  1.953E-03,   0.00    ) |  3.721E-04 2.441E-02
    6288 2.4054E+00 3.7212E-04  ( 0.311    ,  1.953E-03,   0.00    ) |  3.721E-04 2.441E-02
    6289 2.4058E+00 3.7212E-04  ( 0.311    ,  1.953E-03,   0.00    ) |  3.721E-04 2.441E-02
    6290 2.4062E+00 3.7213E-04  ( 0.311    , -1.953E-03,   0.00    ) |  3.721E-04 2.441E-02
    6291 2.4065E+00 3.7213E-04  ( 0.311    ,  1.953E-03,   0.00    ) |  3.721E-04 2.441E-02
    6292 2.4069E+00 3.7214E-04  ( 0.311    , -1.953E-03,   0.00    ) |  3.721E-04 2.441E-02
    6293 2.4073E+00 3.7214E-04  ( 0.311    , -1.953E-03,   0.00    ) |  3.721E-04 2.441E-02
    6294 2.4077E+00 3.7215E-04  ( 0.311    , -1.953E-03,   0.00    ) |  3.721E-04 2.441E-02
    6295 2.4080E+00 3.7216E-04  ( 0.311    ,  1.953E-03,   0.00    ) |  3.722E-04 2.441E-02
    6296 2.4084E+00 3.7216E-04  ( 0.311    ,  1.953E-03,   0.00    ) |  3.722E-04 2.441E-02
    6297 2.4088E+00 3.7217E-04  ( 0.311    ,  1.953E-03,   0.00    ) |  3.722E-04 2.441E-02
    6298 2.4091E+00 3.7217E-04  ( 0.311    , -1.953E-03,   0.00    ) |  3.722E-04 2.441E-02
    6299 2.4095E+00 3.7218E-04  ( 0.311    , -1.953E-03,   0.00    ) |  3.722E-04 2.441E-02
    6300 2.4099E+00 3.7218E-04  ( 0.311    , -1.953E-03,   0.00    ) |  3.722E-04 2.441E-02
    6301 2.4103E+00 3.7219E-04  ( 0.311    , -1.953E-03,   0.00    ) |  3.722E-04 2.441E-02
    6302 2.4106E+00 3.7219E-04  ( 0.311    , -1.953E-03,   0.00    ) |  3.722E-04 2.441E-02
    6303 2.4110E+00 3.7220E-04  ( 0.311    , -1.953E-03,   0.00    ) |  3.722E-04 2.441E-02
    6304 2.4114E+00 3.7221E-04  ( 0.311    , -1.953E-03,   0.00    ) |  3.722E-04 2.441E-02
    6305 2.4118E+00 3.7221E-04  ( 0.311    , -1.953E-03,   0.00    ) |  3.722E-04 2.441E-02
    6306 2.4121E+00 3.7222E-04  ( 0.311    , -1.953E-03,   0.00    ) |  3.722E-04 2.441E-02
    6307 2.4125E+00 3.7222E-04  ( 0.311    , -1.953E-03,   0.00    ) |  3.722E-04 2.441E-02
    6308 2.4129E+00 3.7223E-04  ( 0.311    , -1.953E-03,   0.00    ) |  3.722E-04 2.441E-02
    6309 2.4132E+00 3.7224E-04  ( 0.311    , -1.953E-03,   0.00    ) |  3.722E-04 2.441E-02
    6310 2.4136E+00 3.7224E-04  ( 0.311    , -1.953E-03,   0.00    ) |  3.722E-04 2.441E-02
    6311 2.4140E+00 3.7225E-04  ( 0.311    , -1.953E-03,   0.00    ) |  3.722E-04 2.441E-02
    6312 2.4144E+00 3.7226E-04  ( 0.311    , -1.953E-03,   0.00    ) |  3.723E-04 2.441E-02
    6313 2.4147E+00 3.7226E-04  ( 0.311    , -1.953E-03,   0.00    ) |  3.723E-04 2.441E-02
    6314 2.4151E+00 3.7227E-04  ( 0.311    , -1.953E-03,   0.00    ) |  3.723E-04 2.441E-02
    6315 2.4155E+00 3.7227E-04  ( 0.311    , -1.953E-03,   0.00    ) |  3.723E-04 2.441E-02
    6316 2.4158E+00 3.7228E-04  ( 0.311    , -1.953E-03,   0.00    ) |  3.723E-04 2.441E-02
    6317 2.4162E+00 3.7229E-04  ( 0.311    , -1.953E-03,   0.00    ) |  3.723E-04 2.441E-02
    6318 2.4166E+00 3.7229E-04  ( 0.311    , -1.953E-03,   0.00    ) |  3.723E-04 2.441E-02
    6319 2.4170E+00 3.7230E-04  ( 0.311    , -1.953E-03,   0.00    ) |  3.723E-04 2.441E-02
    6320 2.4173E+00 3.7231E-04  ( 0.311    , -1.953E-03,   0.00    ) |  3.723E-04 2.441E-02
    6321 2.4177E+00 3.7231E-04  ( 0.311    , -1.953E-03,   0.00    ) |  3.723E-04 2.441E-02
    6322 2.4181E+00 3.7232E-04  ( 0.311    , -1.953E-03,   0.00    ) |  3.723E-04 2.441E-02
    6323 2.4185E+00 3.7232E-04  ( 0.311    , -1.953E-03,   0.00    ) |  3.723E-04 2.441E-02
    6324 2.4188E+00 3.7233E-04  ( 0.311    , -1.953E-03,   0.00    ) |  3.723E-04 2.441E-02
    6325 2.4192E+00 3.7234E-04  ( 0.311    , -1.953E-03,   0.00    ) |  3.723E-04 2.441E-02
    6326 2.4196E+00 3.7234E-04  ( 0.311    , -1.953E-03,   0.00    ) |  3.723E-04 2.441E-02
    6327 2.4199E+00 3.7235E-04  ( 0.311    , -1.953E-03,   0.00    ) |  3.724E-04 2.441E-02
    6328 2.4203E+00 3.7236E-04  ( 0.311    , -1.953E-03,   0.00    ) |  3.724E-04 2.441E-02
    6329 2.4207E+00 3.7236E-04  ( 0.311    , -1.953E-03,   0.00    ) |  3.724E-04 2.441E-02
    6330 2.4211E+00 3.7237E-04  ( 0.311    , -1.953E-03,   0.00    ) |  3.724E-04 2.441E-02
    6331 2.4214E+00 3.7238E-04  ( 0.311    , -1.953E-03,   0.00    ) |  3.724E-04 2.441E-02
    6332 2.4218E+00 3.7238E-04  ( 0.311    , -1.953E-03,   0.00    ) |  3.724E-04 2.441E-02
    6333 2.4222E+00 3.7239E-04  ( 0.311    , -1.953E-03,   0.00    ) |  3.724E-04 2.441E-02
    6334 2.4226E+00 3.7240E-04  ( 0.311    , -1.953E-03,   0.00    ) |  3.724E-04 2.441E-02
    6335 2.4229E+00 3.7240E-04  ( 0.311    , -1.953E-03,   0.00    ) |  3.724E-04 2.441E-02
    6336 2.4233E+00 3.7241E-04  ( 0.311    , -1.953E-03,   0.00    ) |  3.724E-04 2.441E-02
    6337 2.4237E+00 3.7242E-04  ( 0.311    , -1.953E-03,   0.00    ) |  3.724E-04 2.441E-02
    6338 2.4240E+00 3.7243E-04  ( 0.311    , -1.953E-03,   0.00    ) |  3.724E-04 2.441E-02
    6339 2.4244E+00 3.7243E-04  ( 0.311    , -1.953E-03,   0.00    ) |  3.724E-04 2.441E-02
    6340 2.4248E+00 3.7244E-04  ( 0.311    , -1.953E-03,   0.00    ) |  3.724E-04 2.441E-02
 *** Wrote plotfile to flash_run_hdf5_plt_cnt_0097 ****
    6341 2.4252E+00 3.7245E-04  ( 0.311    , -1.953E-03,   0.00    ) |  3.724E-04 2.441E-02
    6342 2.4255E+00 3.7245E-04  ( 0.311    , -1.953E-03,   0.00    ) |  3.725E-04 2.441E-02
    6343 2.4259E+00 3.7246E-04  ( 0.311    , -1.953E-03,   0.00    ) |  3.725E-04 2.441E-02
    6344 2.4263E+00 3.7247E-04  ( 0.311    , -1.953E-03,   0.00    ) |  3.725E-04 2.441E-02
    6345 2.4266E+00 3.7248E-04  ( 0.311    , -1.953E-03,   0.00    ) |  3.725E-04 2.441E-02
    6346 2.4270E+00 3.7248E-04  ( 0.311    , -1.953E-03,   0.00    ) |  3.725E-04 2.441E-02
    6347 2.4274E+00 3.7249E-04  ( 0.311    , -1.953E-03,   0.00    ) |  3.725E-04 2.441E-02
    6348 2.4278E+00 3.7250E-04  ( 0.311    , -1.953E-03,   0.00    ) |  3.725E-04 2.441E-02
    6349 2.4281E+00 3.7251E-04  ( 0.311    , -1.953E-03,   0.00    ) |  3.725E-04 2.441E-02
    6350 2.4285E+00 3.7251E-04  ( 0.311    , -1.953E-03,   0.00    ) |  3.725E-04 2.441E-02
    6351 2.4289E+00 3.7252E-04  ( 0.311    , -1.953E-03,   0.00    ) |  3.725E-04 2.441E-02
    6352 2.4293E+00 3.7253E-04  ( 0.311    , -1.953E-03,   0.00    ) |  3.725E-04 2.441E-02
    6353 2.4296E+00 3.7254E-04  ( 0.311    , -1.953E-03,   0.00    ) |  3.725E-04 2.441E-02
    6354 2.4300E+00 3.7254E-04  ( 0.311    , -1.953E-03,   0.00    ) |  3.725E-04 2.441E-02
    6355 2.4304E+00 3.7255E-04  ( 0.311    , -1.953E-03,   0.00    ) |  3.726E-04 2.441E-02
    6356 2.4307E+00 3.7256E-04  ( 0.311    , -1.953E-03,   0.00    ) |  3.726E-04 2.441E-02
    6357 2.4311E+00 3.7257E-04  ( 0.311    , -1.953E-03,   0.00    ) |  3.726E-04 2.441E-02
    6358 2.4315E+00 3.7258E-04  ( 0.311    , -1.953E-03,   0.00    ) |  3.726E-04 2.441E-02
    6359 2.4319E+00 3.7258E-04  ( 0.311    , -1.953E-03,   0.00    ) |  3.726E-04 2.441E-02
    6360 2.4322E+00 3.7259E-04  ( 0.311    , -1.953E-03,   0.00    ) |  3.726E-04 2.441E-02
    6361 2.4326E+00 3.7260E-04  ( 0.311    , -1.953E-03,   0.00    ) |  3.726E-04 2.441E-02
    6362 2.4330E+00 3.7261E-04  ( 0.311    , -1.953E-03,   0.00    ) |  3.726E-04 2.441E-02
    6363 2.4334E+00 3.7262E-04  ( 0.311    , -1.953E-03,   0.00    ) |  3.726E-04 2.441E-02
    6364 2.4337E+00 3.7262E-04  ( 0.311    , -1.953E-03,   0.00    ) |  3.726E-04 2.441E-02
    6365 2.4341E+00 3.7263E-04  ( 0.311    , -1.953E-03,   0.00    ) |  3.726E-04 2.441E-02
    6366 2.4345E+00 3.7264E-04  ( 0.311    , -1.953E-03,   0.00    ) |  3.726E-04 2.441E-02
    6367 2.4348E+00 3.7265E-04  ( 0.311    , -1.953E-03,   0.00    ) |  3.726E-04 2.441E-02
    6368 2.4352E+00 3.7266E-04  ( 0.311    , -1.953E-03,   0.00    ) |  3.727E-04 2.441E-02
    6369 2.4356E+00 3.7266E-04  ( 0.311    , -1.953E-03,   0.00    ) |  3.727E-04 2.441E-02
    6370 2.4360E+00 3.7267E-04  ( 0.311    , -1.953E-03,   0.00    ) |  3.727E-04 2.441E-02
    6371 2.4363E+00 3.7268E-04  ( 0.311    , -1.953E-03,   0.00    ) |  3.727E-04 2.441E-02
    6372 2.4367E+00 3.7269E-04  ( 0.311    , -1.953E-03,   0.00    ) |  3.727E-04 2.441E-02
    6373 2.4371E+00 3.7270E-04  ( 0.311    , -1.953E-03,   0.00    ) |  3.727E-04 2.441E-02
    6374 2.4375E+00 3.7270E-04  ( 0.311    , -1.953E-03,   0.00    ) |  3.727E-04 2.441E-02
    6375 2.4378E+00 3.7271E-04  ( 0.311    , -1.953E-03,   0.00    ) |  3.727E-04 2.441E-02
    6376 2.4382E+00 3.7272E-04  ( 0.311    , -1.953E-03,   0.00    ) |  3.727E-04 2.441E-02
    6377 2.4386E+00 3.7273E-04  ( 0.311    , -1.953E-03,   0.00    ) |  3.727E-04 2.441E-02
    6378 2.4389E+00 3.7273E-04  ( 0.311    , -1.953E-03,   0.00    ) |  3.727E-04 2.441E-02
    6379 2.4393E+00 3.7274E-04  ( 0.311    , -1.953E-03,   0.00    ) |  3.727E-04 2.441E-02
    6380 2.4397E+00 3.7275E-04  ( 0.311    , -1.953E-03,   0.00    ) |  3.727E-04 2.441E-02
    6381 2.4401E+00 3.7276E-04  ( 0.311    , -1.953E-03,   0.00    ) |  3.728E-04 2.441E-02
    6382 2.4404E+00 3.7276E-04  ( 0.311    , -1.953E-03,   0.00    ) |  3.728E-04 2.441E-02
    6383 2.4408E+00 3.7277E-04  ( 0.311    , -1.953E-03,   0.00    ) |  3.728E-04 2.441E-02
    6384 2.4412E+00 3.7278E-04  ( 0.311    , -1.953E-03,   0.00    ) |  3.728E-04 2.441E-02
    6385 2.4416E+00 3.7279E-04  ( 0.311    , -1.953E-03,   0.00    ) |  3.728E-04 2.441E-02
    6386 2.4419E+00 3.7279E-04  ( 0.311    , -1.953E-03,   0.00    ) |  3.728E-04 2.441E-02
    6387 2.4423E+00 3.7280E-04  ( 0.311    , -1.953E-03,   0.00    ) |  3.728E-04 2.441E-02
    6388 2.4427E+00 3.7281E-04  ( 0.311    , -1.953E-03,   0.00    ) |  3.728E-04 2.441E-02
    6389 2.4430E+00 3.7282E-04  ( 0.311    , -1.953E-03,   0.00    ) |  3.728E-04 2.441E-02
    6390 2.4434E+00 3.7282E-04  ( 0.311    , -1.953E-03,   0.00    ) |  3.728E-04 2.441E-02
    6391 2.4438E+00 3.7283E-04  ( 0.311    , -1.953E-03,   0.00    ) |  3.728E-04 2.441E-02
    6392 2.4442E+00 3.7284E-04  ( 0.311    , -1.953E-03,   0.00    ) |  3.728E-04 2.441E-02
    6393 2.4445E+00 3.7285E-04  ( 0.311    , -1.953E-03,   0.00    ) |  3.728E-04 2.441E-02
    6394 2.4449E+00 3.7285E-04  ( 0.311    , -1.953E-03,   0.00    ) |  3.729E-04 2.441E-02
    6395 2.4453E+00 3.7286E-04  ( 0.311    , -1.953E-03,   0.00    ) |  3.729E-04 2.441E-02
    6396 2.4457E+00 3.7287E-04  ( 0.311    , -1.953E-03,   0.00    ) |  3.729E-04 2.441E-02
    6397 2.4460E+00 3.7288E-04  ( 0.311    , -1.953E-03,   0.00    ) |  3.729E-04 2.441E-02
    6398 2.4464E+00 3.7288E-04  ( 0.311    , -1.953E-03,   0.00    ) |  3.729E-04 2.441E-02
    6399 2.4468E+00 3.7289E-04  ( 0.311    , -1.953E-03,   0.00    ) |  3.729E-04 2.441E-02
    6400 2.4471E+00 3.7290E-04  ( 0.311    , -1.953E-03,   0.00    ) |  3.729E-04 2.441E-02
    6401 2.4475E+00 3.7291E-04  ( 0.311    , -1.953E-03,   0.00    ) |  3.729E-04 2.441E-02
    6402 2.4479E+00 3.7292E-04  ( 0.311    , -1.953E-03,   0.00    ) |  3.729E-04 2.441E-02
    6403 2.4483E+00 3.7292E-04  ( 0.311    ,  1.953E-03,   0.00    ) |  3.729E-04 2.441E-02
    6404 2.4486E+00 3.7293E-04  ( 0.311    ,  1.953E-03,   0.00    ) |  3.729E-04 2.441E-02
    6405 2.4490E+00 3.7294E-04  ( 0.311    , -1.953E-03,   0.00    ) |  3.729E-04 2.441E-02
    6406 2.4494E+00 3.7295E-04  ( 0.311    , -1.953E-03,   0.00    ) |  3.729E-04 2.441E-02
    6407 2.4498E+00 3.7296E-04  ( 0.311    , -1.953E-03,   0.00    ) |  3.730E-04 2.441E-02
 *** Wrote plotfile to flash_run_hdf5_plt_cnt_0098 ****
    6408 2.4501E+00 3.7296E-04  ( 0.311    , -1.953E-03,   0.00    ) |  3.730E-04 2.441E-02
    6409 2.4505E+00 3.7297E-04  ( 0.311    , -1.953E-03,   0.00    ) |  3.730E-04 2.441E-02
    6410 2.4509E+00 3.7298E-04  ( 0.311    ,  1.953E-03,   0.00    ) |  3.730E-04 2.441E-02
    6411 2.4512E+00 3.7299E-04  ( 0.311    ,  1.953E-03,   0.00    ) |  3.730E-04 2.441E-02
    6412 2.4516E+00 3.7300E-04  ( 0.311    , -1.953E-03,   0.00    ) |  3.730E-04 2.441E-02
    6413 2.4520E+00 3.7300E-04  ( 0.311    ,  1.953E-03,   0.00    ) |  3.730E-04 2.441E-02
    6414 2.4524E+00 3.7301E-04  ( 0.311    ,  1.953E-03,   0.00    ) |  3.730E-04 2.441E-02
    6415 2.4527E+00 3.7302E-04  ( 0.311    ,  1.953E-03,   0.00    ) |  3.730E-04 2.441E-02
    6416 2.4531E+00 3.7303E-04  ( 0.311    ,  1.953E-03,   0.00    ) |  3.730E-04 2.441E-02
    6417 2.4535E+00 3.7303E-04  ( 0.311    , -1.953E-03,   0.00    ) |  3.730E-04 2.441E-02
    6418 2.4539E+00 3.7304E-04  ( 0.311    ,  1.953E-03,   0.00    ) |  3.730E-04 2.441E-02
    6419 2.4542E+00 3.7305E-04  ( 0.311    , -1.953E-03,   0.00    ) |  3.731E-04 2.441E-02
    6420 2.4546E+00 3.7306E-04  ( 0.311    ,  1.953E-03,   0.00    ) |  3.731E-04 2.441E-02
    6421 2.4550E+00 3.7307E-04  ( 0.311    ,  1.953E-03,   0.00    ) |  3.731E-04 2.441E-02
    6422 2.4554E+00 3.7307E-04  ( 0.311    ,  1.953E-03,   0.00    ) |  3.731E-04 2.441E-02
    6423 2.4557E+00 3.7308E-04  ( 0.311    ,  1.953E-03,   0.00    ) |  3.731E-04 2.441E-02
    6424 2.4561E+00 3.7309E-04  ( 0.311    ,  1.953E-03,   0.00    ) |  3.731E-04 2.441E-02
    6425 2.4565E+00 3.7310E-04  ( 0.311    ,  1.953E-03,   0.00    ) |  3.731E-04 2.441E-02
    6426 2.4568E+00 3.7311E-04  ( 0.311    ,  1.953E-03,   0.00    ) |  3.731E-04 2.441E-02
    6427 2.4572E+00 3.7312E-04  ( 0.311    ,  1.953E-03,   0.00    ) |  3.731E-04 2.441E-02
    6428 2.4576E+00 3.7312E-04  ( 0.311    ,  1.953E-03,   0.00    ) |  3.731E-04 2.441E-02
    6429 2.4580E+00 3.7313E-04  ( 0.311    ,  1.953E-03,   0.00    ) |  3.731E-04 2.441E-02
    6430 2.4583E+00 3.7314E-04  ( 0.311    ,  1.953E-03,   0.00    ) |  3.731E-04 2.441E-02
    6431 2.4587E+00 3.7315E-04  ( 0.311    ,  1.953E-03,   0.00    ) |  3.731E-04 2.441E-02
    6432 2.4591E+00 3.7316E-04  ( 0.311    ,  1.953E-03,   0.00    ) |  3.732E-04 2.441E-02
    6433 2.4595E+00 3.7316E-04  ( 0.311    ,  1.953E-03,   0.00    ) |  3.732E-04 2.441E-02
    6434 2.4598E+00 3.7317E-04  ( 0.311    ,  1.953E-03,   0.00    ) |  3.732E-04 2.441E-02
    6435 2.4602E+00 3.7318E-04  ( 0.311    ,  1.953E-03,   0.00    ) |  3.732E-04 2.441E-02
    6436 2.4606E+00 3.7319E-04  ( 0.311    , -1.953E-03,   0.00    ) |  3.732E-04 2.441E-02
    6437 2.4609E+00 3.7320E-04  ( 0.311    ,  1.953E-03,   0.00    ) |  3.732E-04 2.441E-02
    6438 2.4613E+00 3.7321E-04  ( 0.311    , -1.953E-03,   0.00    ) |  3.732E-04 2.441E-02
    6439 2.4617E+00 3.7321E-04  ( 0.311    ,  1.953E-03,   0.00    ) |  3.732E-04 2.441E-02
    6440 2.4621E+00 3.7322E-04  ( 0.311    ,  1.953E-03,   0.00    ) |  3.732E-04 2.441E-02
    6441 2.4624E+00 3.7323E-04  ( 0.311    , -1.953E-03,   0.00    ) |  3.732E-04 2.441E-02
    6442 2.4628E+00 3.7324E-04  ( 0.311    , -1.953E-03,   0.00    ) |  3.732E-04 2.441E-02
    6443 2.4632E+00 3.7325E-04  ( 0.311    , -1.953E-03,   0.00    ) |  3.732E-04 2.441E-02
    6444 2.4636E+00 3.7326E-04  ( 0.311    , -1.953E-03,   0.00    ) |  3.733E-04 2.441E-02
    6445 2.4639E+00 3.7326E-04  ( 0.311    , -1.953E-03,   0.00    ) |  3.733E-04 2.441E-02
    6446 2.4643E+00 3.7327E-04  ( 0.311    , -1.953E-03,   0.00    ) |  3.733E-04 2.441E-02
    6447 2.4647E+00 3.7328E-04  ( 0.311    , -1.953E-03,   0.00    ) |  3.733E-04 2.441E-02
    6448 2.4651E+00 3.7329E-04  ( 0.311    , -1.953E-03,   0.00    ) |  3.733E-04 2.441E-02
    6449 2.4654E+00 3.7330E-04  ( 0.311    , -1.953E-03,   0.00    ) |  3.733E-04 2.441E-02
    6450 2.4658E+00 3.7331E-04  ( 0.311    , -1.953E-03,   0.00    ) |  3.733E-04 2.441E-02
    6451 2.4662E+00 3.7331E-04  ( 0.311    , -1.953E-03,   0.00    ) |  3.733E-04 2.441E-02
    6452 2.4665E+00 3.7332E-04  ( 0.311    , -1.953E-03,   0.00    ) |  3.733E-04 2.441E-02
    6453 2.4669E+00 3.7333E-04  ( 0.311    , -1.953E-03,   0.00    ) |  3.733E-04 2.441E-02
    6454 2.4673E+00 3.7334E-04  ( 0.311    , -1.953E-03,   0.00    ) |  3.733E-04 2.441E-02
    6455 2.4677E+00 3.7335E-04  ( 0.311    , -1.953E-03,   0.00    ) |  3.733E-04 2.441E-02
    6456 2.4680E+00 3.7336E-04  ( 0.311    , -1.953E-03,   0.00    ) |  3.734E-04 2.441E-02
    6457 2.4684E+00 3.7337E-04  ( 0.311    , -1.953E-03,   0.00    ) |  3.734E-04 2.441E-02
    6458 2.4688E+00 3.7337E-04  ( 0.311    , -1.953E-03,   0.00    ) |  3.734E-04 2.441E-02
    6459 2.4692E+00 3.7338E-04  ( 0.311    , -1.953E-03,   0.00    ) |  3.734E-04 2.441E-02
    6460 2.4695E+00 3.7339E-04  ( 0.311    , -1.953E-03,   0.00    ) |  3.734E-04 2.441E-02
    6461 2.4699E+00 3.7340E-04  ( 0.311    , -1.953E-03,   0.00    ) |  3.734E-04 2.441E-02
    6462 2.4703E+00 3.7341E-04  ( 0.311    , -1.953E-03,   0.00    ) |  3.734E-04 2.441E-02
    6463 2.4707E+00 3.7342E-04  ( 0.311    , -1.953E-03,   0.00    ) |  3.734E-04 2.441E-02
    6464 2.4710E+00 3.7343E-04  ( 0.311    , -1.953E-03,   0.00    ) |  3.734E-04 2.441E-02
    6465 2.4714E+00 3.7343E-04  ( 0.311    , -1.953E-03,   0.00    ) |  3.734E-04 2.441E-02
    6466 2.4718E+00 3.7344E-04  ( 0.311    , -1.953E-03,   0.00    ) |  3.734E-04 2.441E-02
    6467 2.4721E+00 3.7345E-04  ( 0.311    , -1.953E-03,   0.00    ) |  3.735E-04 2.441E-02
    6468 2.4725E+00 3.7346E-04  ( 0.311    , -1.953E-03,   0.00    ) |  3.735E-04 2.441E-02
    6469 2.4729E+00 3.7347E-04  ( 0.311    , -1.953E-03,   0.00    ) |  3.735E-04 2.441E-02
    6470 2.4733E+00 3.7348E-04  ( 0.311    , -1.953E-03,   0.00    ) |  3.735E-04 2.441E-02
    6471 2.4736E+00 3.7349E-04  ( 0.311    , -1.953E-03,   0.00    ) |  3.735E-04 2.441E-02
    6472 2.4740E+00 3.7350E-04  ( 0.311    , -1.953E-03,   0.00    ) |  3.735E-04 2.441E-02
    6473 2.4744E+00 3.7350E-04  ( 0.311    , -1.953E-03,   0.00    ) |  3.735E-04 2.441E-02
    6474 2.4748E+00 3.7351E-04  ( 0.311    , -1.953E-03,   0.00    ) |  3.735E-04 2.441E-02
 *** Wrote plotfile to flash_run_hdf5_plt_cnt_0099 ****
    6475 2.4751E+00 3.7352E-04  ( 0.311    , -1.953E-03,   0.00    ) |  3.735E-04 2.441E-02
    6476 2.4755E+00 3.7353E-04  ( 0.311    , -1.953E-03,   0.00    ) |  3.735E-04 2.441E-02
    6477 2.4759E+00 3.7354E-04  ( 0.311    , -1.953E-03,   0.00    ) |  3.735E-04 2.441E-02
    6478 2.4763E+00 3.7355E-04  ( 0.311    , -1.953E-03,   0.00    ) |  3.735E-04 2.441E-02
    6479 2.4766E+00 3.7356E-04  ( 0.311    , -1.953E-03,   0.00    ) |  3.736E-04 2.441E-02
    6480 2.4770E+00 3.7357E-04  ( 0.311    , -1.953E-03,   0.00    ) |  3.736E-04 2.441E-02
    6481 2.4774E+00 3.7358E-04  ( 0.311    , -1.953E-03,   0.00    ) |  3.736E-04 2.441E-02
    6482 2.4778E+00 3.7358E-04  ( 0.311    , -1.953E-03,   0.00    ) |  3.736E-04 2.441E-02
    6483 2.4781E+00 3.7359E-04  ( 0.311    , -1.953E-03,   0.00    ) |  3.736E-04 2.441E-02
    6484 2.4785E+00 3.7360E-04  ( 0.311    , -1.953E-03,   0.00    ) |  3.736E-04 2.441E-02
    6485 2.4789E+00 3.7361E-04  ( 0.311    , -1.953E-03,   0.00    ) |  3.736E-04 2.441E-02
    6486 2.4792E+00 3.7362E-04  ( 0.311    , -1.953E-03,   0.00    ) |  3.736E-04 2.441E-02
    6487 2.4796E+00 3.7363E-04  ( 0.311    , -1.953E-03,   0.00    ) |  3.736E-04 2.441E-02
    6488 2.4800E+00 3.7364E-04  ( 0.311    , -1.953E-03,   0.00    ) |  3.736E-04 2.441E-02
    6489 2.4804E+00 3.7365E-04  ( 0.307    , -1.953E-03,   0.00    ) |  3.736E-04 2.441E-02
    6490 2.4807E+00 3.7366E-04  ( 0.307    ,  1.953E-03,   0.00    ) |  3.737E-04 2.441E-02
    6491 2.4811E+00 3.7367E-04  ( 0.307    ,  1.953E-03,   0.00    ) |  3.737E-04 2.441E-02
    6492 2.4815E+00 3.7368E-04  ( 0.307    ,  1.953E-03,   0.00    ) |  3.737E-04 2.441E-02
    6493 2.4819E+00 3.7369E-04  ( 0.307    ,  1.953E-03,   0.00    ) |  3.737E-04 2.441E-02
    6494 2.4822E+00 3.7370E-04  ( 0.307    ,  1.953E-03,   0.00    ) |  3.737E-04 2.441E-02
    6495 2.4826E+00 3.7371E-04  ( 0.307    ,  1.953E-03,   0.00    ) |  3.737E-04 2.441E-02
    6496 2.4830E+00 3.7371E-04  ( 0.307    , -1.953E-03,   0.00    ) |  3.737E-04 2.441E-02
    6497 2.4834E+00 3.7372E-04  ( 0.307    ,  1.953E-03,   0.00    ) |  3.737E-04 2.441E-02
    6498 2.4837E+00 3.7373E-04  ( 0.307    ,  1.953E-03,   0.00    ) |  3.737E-04 2.441E-02
    6499 2.4841E+00 3.7374E-04  ( 0.307    ,  1.953E-03,   0.00    ) |  3.737E-04 2.441E-02
    6500 2.4845E+00 3.7375E-04  ( 0.307    ,  1.953E-03,   0.00    ) |  3.738E-04 2.441E-02
    6501 2.4849E+00 3.7376E-04  ( 0.307    ,  1.953E-03,   0.00    ) |  3.738E-04 2.441E-02
    6502 2.4852E+00 3.7377E-04  ( 0.307    ,  1.953E-03,   0.00    ) |  3.738E-04 2.441E-02
    6503 2.4856E+00 3.7378E-04  ( 0.307    ,  1.953E-03,   0.00    ) |  3.738E-04 2.441E-02
    6504 2.4860E+00 3.7379E-04  ( 0.307    ,  1.953E-03,   0.00    ) |  3.738E-04 2.441E-02
    6505 2.4863E+00 3.7380E-04  ( 0.307    ,  1.953E-03,   0.00    ) |  3.738E-04 2.441E-02
    6506 2.4867E+00 3.7381E-04  ( 0.307    ,  1.953E-03,   0.00    ) |  3.738E-04 2.441E-02
    6507 2.4871E+00 3.7382E-04  ( 0.307    ,  1.953E-03,   0.00    ) |  3.738E-04 2.441E-02
    6508 2.4875E+00 3.7382E-04  ( 0.307    ,  1.953E-03,   0.00    ) |  3.738E-04 2.441E-02
    6509 2.4878E+00 3.7383E-04  ( 0.307    ,  1.953E-03,   0.00    ) |  3.738E-04 2.441E-02
    6510 2.4882E+00 3.7384E-04  ( 0.307    ,  1.953E-03,   0.00    ) |  3.738E-04 2.441E-02
    6511 2.4886E+00 3.7385E-04  ( 0.307    ,  1.953E-03,   0.00    ) |  3.739E-04 2.441E-02
    6512 2.4890E+00 3.7386E-04  ( 0.307    ,  1.953E-03,   0.00    ) |  3.739E-04 2.441E-02
    6513 2.4893E+00 3.7387E-04  ( 0.307    ,  1.953E-03,   0.00    ) |  3.739E-04 2.441E-02
    6514 2.4897E+00 3.7388E-04  ( 0.307    ,  1.953E-03,   0.00    ) |  3.739E-04 2.441E-02
    6515 2.4901E+00 3.7389E-04  ( 0.307    ,  1.953E-03,   0.00    ) |  3.739E-04 2.441E-02
    6516 2.4905E+00 3.7389E-04  ( 0.307    ,  1.953E-03,   0.00    ) |  3.739E-04 2.441E-02
    6517 2.4908E+00 3.7390E-04  ( 0.307    ,  1.953E-03,   0.00    ) |  3.739E-04 2.441E-02
    6518 2.4912E+00 3.7391E-04  ( 0.307    ,  1.953E-03,   0.00    ) |  3.739E-04 2.441E-02
    6519 2.4916E+00 3.7392E-04  ( 0.307    ,  1.953E-03,   0.00    ) |  3.739E-04 2.441E-02
    6520 2.4920E+00 3.7393E-04  ( 0.307    ,  1.953E-03,   0.00    ) |  3.739E-04 2.441E-02
    6521 2.4923E+00 3.7394E-04  ( 0.307    ,  1.953E-03,   0.00    ) |  3.739E-04 2.441E-02
    6522 2.4927E+00 3.7395E-04  ( 0.307    ,  1.953E-03,   0.00    ) |  3.739E-04 2.441E-02
    6523 2.4931E+00 3.7395E-04  ( 0.307    ,  1.953E-03,   0.00    ) |  3.740E-04 2.441E-02
    6524 2.4934E+00 3.7396E-04  ( 0.307    ,  1.953E-03,   0.00    ) |  3.740E-04 2.441E-02
    6525 2.4938E+00 3.7397E-04  ( 0.307    ,  1.953E-03,   0.00    ) |  3.740E-04 2.441E-02
    6526 2.4942E+00 3.7398E-04  ( 0.307    ,  1.953E-03,   0.00    ) |  3.740E-04 2.441E-02
    6527 2.4946E+00 3.7399E-04  ( 0.307    ,  1.953E-03,   0.00    ) |  3.740E-04 2.441E-02
    6528 2.4949E+00 3.7400E-04  ( 0.307    ,  1.953E-03,   0.00    ) |  3.740E-04 2.441E-02
    6529 2.4953E+00 3.7401E-04  ( 0.307    ,  1.953E-03,   0.00    ) |  3.740E-04 2.441E-02
    6530 2.4957E+00 3.7402E-04  ( 0.307    ,  1.953E-03,   0.00    ) |  3.740E-04 2.441E-02
    6531 2.4961E+00 3.7402E-04  ( 0.307    ,  1.953E-03,   0.00    ) |  3.740E-04 2.441E-02
    6532 2.4964E+00 3.7403E-04  ( 0.307    ,  1.953E-03,   0.00    ) |  3.740E-04 2.441E-02
    6533 2.4968E+00 3.7404E-04  ( 0.307    ,  1.953E-03,   0.00    ) |  3.740E-04 2.441E-02
    6534 2.4972E+00 3.7405E-04  ( 0.307    ,  1.953E-03,   0.00    ) |  3.741E-04 2.441E-02
    6535 2.4976E+00 3.7406E-04  ( 0.307    ,  1.953E-03,   0.00    ) |  3.741E-04 2.441E-02
    6536 2.4979E+00 3.7407E-04  ( 0.307    ,  1.953E-03,   0.00    ) |  3.741E-04 2.441E-02
    6537 2.4983E+00 3.7408E-04  ( 0.307    ,  1.953E-03,   0.00    ) |  3.741E-04 2.441E-02
    6538 2.4987E+00 3.7409E-04  ( 0.307    ,  1.953E-03,   0.00    ) |  3.741E-04 2.441E-02
    6539 2.4991E+00 3.7410E-04  ( 0.307    ,  1.953E-03,   0.00    ) |  3.741E-04 2.441E-02
    6540 2.4994E+00 3.7411E-04  ( 0.307    ,  1.953E-03,   0.00    ) |  3.741E-04 2.441E-02
    6541 2.4998E+00 3.7412E-04  ( 0.307    ,  1.953E-03,   0.00    ) |  3.741E-04 2.441E-02
 *** Wrote plotfile to flash_run_hdf5_plt_cnt_0100 ****
    6542 2.5002E+00 3.7413E-04  ( 0.307    ,  1.953E-03,   0.00    ) |  3.741E-04 2.441E-02
    6543 2.5006E+00 3.7413E-04  ( 0.307    ,  1.953E-03,   0.00    ) |  3.741E-04 2.441E-02
    6544 2.5009E+00 3.7414E-04  ( 0.307    ,  1.953E-03,   0.00    ) |  3.741E-04 2.441E-02
    6545 2.5013E+00 3.7415E-04  ( 0.307    ,  1.953E-03,   0.00    ) |  3.742E-04 2.441E-02
    6546 2.5017E+00 3.7416E-04  ( 0.307    ,  1.953E-03,   0.00    ) |  3.742E-04 2.441E-02
    6547 2.5021E+00 3.7417E-04  ( 0.307    ,  1.953E-03,   0.00    ) |  3.742E-04 2.441E-02
    6548 2.5024E+00 3.7418E-04  ( 0.307    ,  1.953E-03,   0.00    ) |  3.742E-04 2.441E-02
    6549 2.5028E+00 3.7419E-04  ( 0.307    ,  1.953E-03,   0.00    ) |  3.742E-04 2.441E-02
    6550 2.5032E+00 3.7420E-04  ( 0.307    ,  1.953E-03,   0.00    ) |  3.742E-04 2.441E-02
    6551 2.5035E+00 3.7421E-04  ( 0.307    ,  1.953E-03,   0.00    ) |  3.742E-04 2.441E-02
    6552 2.5039E+00 3.7421E-04  ( 0.307    ,  1.953E-03,   0.00    ) |  3.742E-04 2.441E-02
    6553 2.5043E+00 3.7422E-04  ( 0.307    ,  1.953E-03,   0.00    ) |  3.742E-04 2.441E-02
    6554 2.5047E+00 3.7423E-04  ( 0.307    ,  1.953E-03,   0.00    ) |  3.742E-04 2.441E-02
    6555 2.5050E+00 3.7424E-04  ( 0.307    , -1.953E-03,   0.00    ) |  3.742E-04 2.441E-02
    6556 2.5054E+00 3.7425E-04  ( 0.307    , -1.953E-03,   0.00    ) |  3.742E-04 2.441E-02
    6557 2.5058E+00 3.7426E-04  ( 0.307    , -1.953E-03,   0.00    ) |  3.743E-04 2.441E-02
    6558 2.5062E+00 3.7426E-04  ( 0.307    ,  1.953E-03,   0.00    ) |  3.743E-04 2.441E-02
    6559 2.5065E+00 3.7427E-04  ( 0.307    ,  1.953E-03,   0.00    ) |  3.743E-04 2.441E-02
    6560 2.5069E+00 3.7428E-04  ( 0.307    ,  1.953E-03,   0.00    ) |  3.743E-04 2.441E-02
    6561 2.5073E+00 3.7429E-04  ( 0.307    , -1.953E-03,   0.00    ) |  3.743E-04 2.441E-02
    6562 2.5077E+00 3.7429E-04  ( 0.307    ,  1.953E-03,   0.00    ) |  3.743E-04 2.441E-02
    6563 2.5080E+00 3.7430E-04  ( 0.307    ,  1.953E-03,   0.00    ) |  3.743E-04 2.441E-02
    6564 2.5084E+00 3.7431E-04  ( 0.307    ,  1.953E-03,   0.00    ) |  3.743E-04 2.441E-02
    6565 2.5088E+00 3.7432E-04  ( 0.307    , -1.953E-03,   0.00    ) |  3.743E-04 2.441E-02
    6566 2.5092E+00 3.7432E-04  ( 0.307    , -1.953E-03,   0.00    ) |  3.743E-04 2.441E-02
    6567 2.5095E+00 3.7433E-04  ( 0.307    , -1.953E-03,   0.00    ) |  3.743E-04 2.441E-02
    6568 2.5099E+00 3.7434E-04  ( 0.307    , -1.953E-03,   0.00    ) |  3.743E-04 2.441E-02
    6569 2.5103E+00 3.7434E-04  ( 0.307    , -1.953E-03,   0.00    ) |  3.743E-04 2.441E-02
    6570 2.5107E+00 3.7435E-04  ( 0.307    , -1.953E-03,   0.00    ) |  3.744E-04 2.441E-02
    6571 2.5110E+00 3.7436E-04  ( 0.307    , -1.953E-03,   0.00    ) |  3.744E-04 2.441E-02
    6572 2.5114E+00 3.7436E-04  ( 0.307    , -1.953E-03,   0.00    ) |  3.744E-04 2.441E-02
    6573 2.5118E+00 3.7437E-04  ( 0.307    ,  1.953E-03,   0.00    ) |  3.744E-04 2.441E-02
    6574 2.5122E+00 3.7438E-04  ( 0.307    , -1.953E-03,   0.00    ) |  3.744E-04 2.441E-02
    6575 2.5125E+00 3.7438E-04  ( 0.307    , -1.953E-03,   0.00    ) |  3.744E-04 2.441E-02
    6576 2.5129E+00 3.7439E-04  ( 0.307    , -1.953E-03,   0.00    ) |  3.744E-04 2.441E-02
    6577 2.5133E+00 3.7440E-04  ( 0.307    , -1.953E-03,   0.00    ) |  3.744E-04 2.441E-02
    6578 2.5137E+00 3.7440E-04  ( 0.307    , -1.953E-03,   0.00    ) |  3.744E-04 2.441E-02
    6579 2.5140E+00 3.7441E-04  ( 0.307    , -1.953E-03,   0.00    ) |  3.744E-04 2.441E-02
    6580 2.5144E+00 3.7441E-04  ( 0.307    , -1.953E-03,   0.00    ) |  3.744E-04 2.441E-02
    6581 2.5148E+00 3.7442E-04  ( 0.307    , -1.953E-03,   0.00    ) |  3.744E-04 2.441E-02
    6582 2.5152E+00 3.7443E-04  ( 0.307    , -1.953E-03,   0.00    ) |  3.744E-04 2.441E-02
    6583 2.5155E+00 3.7443E-04  ( 0.307    , -1.953E-03,   0.00    ) |  3.744E-04 2.441E-02
    6584 2.5159E+00 3.7444E-04  ( 0.307    , -1.953E-03,   0.00    ) |  3.744E-04 2.441E-02
    6585 2.5163E+00 3.7445E-04  ( 0.307    , -1.953E-03,   0.00    ) |  3.744E-04 2.441E-02
    6586 2.5167E+00 3.7445E-04  ( 0.307    , -1.953E-03,   0.00    ) |  3.745E-04 2.441E-02
    6587 2.5170E+00 3.7446E-04  ( 0.307    , -1.953E-03,   0.00    ) |  3.745E-04 2.441E-02
    6588 2.5174E+00 3.7447E-04  ( 0.307    , -1.953E-03,   0.00    ) |  3.745E-04 2.441E-02
    6589 2.5178E+00 3.7447E-04  ( 0.307    , -1.953E-03,   0.00    ) |  3.745E-04 2.441E-02
    6590 2.5181E+00 3.7448E-04  ( 0.307    , -1.953E-03,   0.00    ) |  3.745E-04 2.441E-02
    6591 2.5185E+00 3.7449E-04  ( 0.307    , -1.953E-03,   0.00    ) |  3.745E-04 2.441E-02
    6592 2.5189E+00 3.7449E-04  ( 0.307    , -1.953E-03,   0.00    ) |  3.745E-04 2.441E-02
    6593 2.5193E+00 3.7450E-04  ( 0.307    , -1.953E-03,   0.00    ) |  3.745E-04 2.441E-02
    6594 2.5196E+00 3.7451E-04  ( 0.307    , -1.953E-03,   0.00    ) |  3.745E-04 2.441E-02
    6595 2.5200E+00 3.7451E-04  ( 0.307    , -1.953E-03,   0.00    ) |  3.745E-04 2.441E-02
    6596 2.5204E+00 3.7452E-04  ( 0.307    , -1.953E-03,   0.00    ) |  3.745E-04 2.441E-02
    6597 2.5208E+00 3.7453E-04  ( 0.307    , -1.953E-03,   0.00    ) |  3.745E-04 2.441E-02
    6598 2.5211E+00 3.7453E-04  ( 0.307    , -1.953E-03,   0.00    ) |  3.745E-04 2.441E-02
    6599 2.5215E+00 3.7454E-04  ( 0.307    , -1.953E-03,   0.00    ) |  3.745E-04 2.441E-02
    6600 2.5219E+00 3.7455E-04  ( 0.307    , -1.953E-03,   0.00    ) |  3.745E-04 2.441E-02
    6601 2.5223E+00 3.7455E-04  ( 0.307    , -1.953E-03,   0.00    ) |  3.746E-04 2.441E-02
    6602 2.5226E+00 3.7456E-04  ( 0.307    , -1.953E-03,   0.00    ) |  3.746E-04 2.441E-02
    6603 2.5230E+00 3.7457E-04  ( 0.307    , -1.953E-03,   0.00    ) |  3.746E-04 2.441E-02
    6604 2.5234E+00 3.7457E-04  ( 0.307    , -1.953E-03,   0.00    ) |  3.746E-04 2.441E-02
    6605 2.5238E+00 3.7458E-04  ( 0.307    , -1.953E-03,   0.00    ) |  3.746E-04 2.441E-02
    6606 2.5241E+00 3.7459E-04  ( 0.307    , -1.953E-03,   0.00    ) |  3.746E-04 2.441E-02
    6607 2.5245E+00 3.7460E-04  ( 0.307    ,  1.953E-03,   0.00    ) |  3.746E-04 2.441E-02
    6608 2.5249E+00 3.7460E-04  ( 0.307    , -1.953E-03,   0.00    ) |  3.746E-04 2.441E-02
 *** Wrote plotfile to flash_run_hdf5_plt_cnt_0101 ****
    6609 2.5253E+00 3.7461E-04  ( 0.307    , -1.953E-03,   0.00    ) |  3.746E-04 2.441E-02
    6610 2.5256E+00 3.7462E-04  ( 0.307    , -1.953E-03,   0.00    ) |  3.746E-04 2.441E-02
    6611 2.5260E+00 3.7463E-04  ( 0.307    , -1.953E-03,   0.00    ) |  3.746E-04 2.441E-02
    6612 2.5264E+00 3.7464E-04  ( 0.307    , -1.953E-03,   0.00    ) |  3.746E-04 2.441E-02
    6613 2.5268E+00 3.7464E-04  ( 0.307    , -1.953E-03,   0.00    ) |  3.746E-04 2.441E-02
    6614 2.5271E+00 3.7465E-04  ( 0.307    , -1.953E-03,   0.00    ) |  3.747E-04 2.441E-02
    6615 2.5275E+00 3.7466E-04  ( 0.307    , -1.953E-03,   0.00    ) |  3.747E-04 2.441E-02
    6616 2.5279E+00 3.7467E-04  ( 0.307    , -1.953E-03,   0.00    ) |  3.747E-04 2.441E-02
    6617 2.5283E+00 3.7468E-04  ( 0.307    , -1.953E-03,   0.00    ) |  3.747E-04 2.441E-02
    6618 2.5286E+00 3.7469E-04  ( 0.307    , -1.953E-03,   0.00    ) |  3.747E-04 2.441E-02
    6619 2.5290E+00 3.7470E-04  ( 0.307    , -1.953E-03,   0.00    ) |  3.747E-04 2.441E-02
    6620 2.5294E+00 3.7471E-04  ( 0.307    , -1.953E-03,   0.00    ) |  3.747E-04 2.441E-02
    6621 2.5298E+00 3.7471E-04  ( 0.307    , -1.953E-03,   0.00    ) |  3.747E-04 2.441E-02
    6622 2.5301E+00 3.7472E-04  ( 0.307    , -1.953E-03,   0.00    ) |  3.747E-04 2.441E-02
    6623 2.5305E+00 3.7473E-04  ( 0.307    , -1.953E-03,   0.00    ) |  3.747E-04 2.441E-02
    6624 2.5309E+00 3.7474E-04  ( 0.307    , -1.953E-03,   0.00    ) |  3.747E-04 2.441E-02
    6625 2.5313E+00 3.7475E-04  ( 0.307    , -1.953E-03,   0.00    ) |  3.748E-04 2.441E-02
    6626 2.5316E+00 3.7476E-04  ( 0.307    , -1.953E-03,   0.00    ) |  3.748E-04 2.441E-02
    6627 2.5320E+00 3.7477E-04  ( 0.307    , -1.953E-03,   0.00    ) |  3.748E-04 2.441E-02
    6628 2.5324E+00 3.7478E-04  ( 0.307    , -1.953E-03,   0.00    ) |  3.748E-04 2.441E-02
    6629 2.5328E+00 3.7479E-04  ( 0.307    , -1.953E-03,   0.00    ) |  3.748E-04 2.441E-02
    6630 2.5331E+00 3.7480E-04  ( 0.307    , -1.953E-03,   0.00    ) |  3.748E-04 2.441E-02
    6631 2.5335E+00 3.7481E-04  ( 0.307    , -1.953E-03,   0.00    ) |  3.748E-04 2.441E-02
    6632 2.5339E+00 3.7482E-04  ( 0.307    , -1.953E-03,   0.00    ) |  3.748E-04 2.441E-02
    6633 2.5343E+00 3.7483E-04  ( 0.307    , -1.953E-03,   0.00    ) |  3.748E-04 2.441E-02
    6634 2.5346E+00 3.7484E-04  ( 0.307    , -1.953E-03,   0.00    ) |  3.748E-04 2.441E-02
    6635 2.5350E+00 3.7484E-04  ( 0.307    , -1.953E-03,   0.00    ) |  3.748E-04 2.441E-02
    6636 2.5354E+00 3.7485E-04  ( 0.307    , -1.953E-03,   0.00    ) |  3.749E-04 2.441E-02
    6637 2.5358E+00 3.7486E-04  ( 0.307    ,  1.953E-03,   0.00    ) |  3.749E-04 2.441E-02
    6638 2.5361E+00 3.7487E-04  ( 0.307    , -1.953E-03,   0.00    ) |  3.749E-04 2.441E-02
    6639 2.5365E+00 3.7488E-04  ( 0.307    ,  1.953E-03,   0.00    ) |  3.749E-04 2.441E-02
    6640 2.5369E+00 3.7489E-04  ( 0.307    ,  1.953E-03,   0.00    ) |  3.749E-04 2.441E-02
    6641 2.5373E+00 3.7490E-04  ( 0.307    , -1.953E-03,   0.00    ) |  3.749E-04 2.441E-02
    6642 2.5376E+00 3.7491E-04  ( 0.307    ,  1.953E-03,   0.00    ) |  3.749E-04 2.441E-02
    6643 2.5380E+00 3.7492E-04  ( 0.307    ,  1.953E-03,   0.00    ) |  3.749E-04 2.441E-02
    6644 2.5384E+00 3.7493E-04  ( 0.307    ,  1.953E-03,   0.00    ) |  3.749E-04 2.441E-02
    6645 2.5388E+00 3.7494E-04  ( 0.307    ,  1.953E-03,   0.00    ) |  3.749E-04 2.441E-02
    6646 2.5391E+00 3.7495E-04  ( 0.307    ,  1.953E-03,   0.00    ) |  3.750E-04 2.441E-02
    6647 2.5395E+00 3.7496E-04  ( 0.307    ,  1.953E-03,   0.00    ) |  3.750E-04 2.441E-02
    6648 2.5399E+00 3.7497E-04  ( 0.307    ,  1.953E-03,   0.00    ) |  3.750E-04 2.441E-02
    6649 2.5403E+00 3.7498E-04  ( 0.307    ,  1.953E-03,   0.00    ) |  3.750E-04 2.441E-02
    6650 2.5406E+00 3.7499E-04  ( 0.307    ,  1.953E-03,   0.00    ) |  3.750E-04 2.441E-02
    6651 2.5410E+00 3.7500E-04  ( 0.307    ,  1.953E-03,   0.00    ) |  3.750E-04 2.441E-02
    6652 2.5414E+00 3.7501E-04  ( 0.307    ,  1.953E-03,   0.00    ) |  3.750E-04 2.441E-02
    6653 2.5418E+00 3.7502E-04  ( 0.307    ,  1.953E-03,   0.00    ) |  3.750E-04 2.441E-02
    6654 2.5421E+00 3.7503E-04  ( 0.307    , -1.953E-03,   0.00    ) |  3.750E-04 2.441E-02
    6655 2.5425E+00 3.7504E-04  ( 0.307    ,  1.953E-03,   0.00    ) |  3.750E-04 2.441E-02
    6656 2.5429E+00 3.7505E-04  ( 0.307    , -1.953E-03,   0.00    ) |  3.751E-04 2.441E-02
    6657 2.5433E+00 3.7506E-04  ( 0.307    ,  1.953E-03,   0.00    ) |  3.751E-04 2.441E-02
    6658 2.5436E+00 3.7507E-04  ( 0.307    ,  1.953E-03,   0.00    ) |  3.751E-04 2.441E-02
    6659 2.5440E+00 3.7508E-04  ( 0.307    ,  1.953E-03,   0.00    ) |  3.751E-04 2.441E-02
    6660 2.5444E+00 3.7509E-04  ( 0.303    ,  1.953E-03,   0.00    ) |  3.751E-04 2.441E-02
    6661 2.5448E+00 3.7510E-04  ( 0.303    ,  1.953E-03,   0.00    ) |  3.751E-04 2.441E-02
    6662 2.5451E+00 3.7511E-04  ( 0.303    ,  1.953E-03,   0.00    ) |  3.751E-04 2.441E-02
    6663 2.5455E+00 3.7512E-04  ( 0.303    ,  1.953E-03,   0.00    ) |  3.751E-04 2.441E-02
    6664 2.5459E+00 3.7513E-04  ( 0.303    ,  1.953E-03,   0.00    ) |  3.751E-04 2.441E-02
    6665 2.5463E+00 3.7514E-04  ( 0.303    ,  1.953E-03,   0.00    ) |  3.751E-04 2.441E-02
    6666 2.5466E+00 3.7515E-04  ( 0.303    ,  1.953E-03,   0.00    ) |  3.752E-04 2.441E-02
    6667 2.5470E+00 3.7516E-04  ( 0.303    ,  1.953E-03,   0.00    ) |  3.752E-04 2.441E-02
    6668 2.5474E+00 3.7517E-04  ( 0.303    ,  1.953E-03,   0.00    ) |  3.752E-04 2.441E-02
    6669 2.5478E+00 3.7518E-04  ( 0.303    ,  1.953E-03,   0.00    ) |  3.752E-04 2.441E-02
    6670 2.5481E+00 3.7519E-04  ( 0.303    ,  1.953E-03,   0.00    ) |  3.752E-04 2.441E-02
    6671 2.5485E+00 3.7520E-04  ( 0.303    ,  1.953E-03,   0.00    ) |  3.752E-04 2.441E-02
    6672 2.5489E+00 3.7521E-04  ( 0.303    ,  1.953E-03,   0.00    ) |  3.752E-04 2.441E-02
    6673 2.5493E+00 3.7522E-04  ( 0.303    ,  1.953E-03,   0.00    ) |  3.752E-04 2.441E-02
    6674 2.5496E+00 3.7523E-04  ( 0.303    ,  1.953E-03,   0.00    ) |  3.752E-04 2.441E-02
 *** Wrote plotfile to flash_run_hdf5_plt_cnt_0102 ****
    6675 2.5500E+00 3.7524E-04  ( 0.303    ,  1.953E-03,   0.00    ) |  3.752E-04 2.441E-02
    6676 2.5504E+00 3.7525E-04  ( 0.303    ,  1.953E-03,   0.00    ) |  3.752E-04 2.441E-02
    6677 2.5508E+00 3.7526E-04  ( 0.303    ,  1.953E-03,   0.00    ) |  3.753E-04 2.441E-02
    6678 2.5511E+00 3.7526E-04  ( 0.303    ,  1.953E-03,   0.00    ) |  3.753E-04 2.441E-02
    6679 2.5515E+00 3.7527E-04  ( 0.303    ,  1.953E-03,   0.00    ) |  3.753E-04 2.441E-02
    6680 2.5519E+00 3.7528E-04  ( 0.303    ,  1.953E-03,   0.00    ) |  3.753E-04 2.441E-02
    6681 2.5523E+00 3.7529E-04  ( 0.303    ,  1.953E-03,   0.00    ) |  3.753E-04 2.441E-02
    6682 2.5526E+00 3.7530E-04  ( 0.303    ,  1.953E-03,   0.00    ) |  3.753E-04 2.441E-02
    6683 2.5530E+00 3.7531E-04  ( 0.303    ,  1.953E-03,   0.00    ) |  3.753E-04 2.441E-02
    6684 2.5534E+00 3.7532E-04  ( 0.303    ,  1.953E-03,   0.00    ) |  3.753E-04 2.441E-02
    6685 2.5538E+00 3.7533E-04  ( 0.303    ,  1.953E-03,   0.00    ) |  3.753E-04 2.441E-02
    6686 2.5541E+00 3.7533E-04  ( 0.303    ,  1.953E-03,   0.00    ) |  3.753E-04 2.441E-02
    6687 2.5545E+00 3.7534E-04  ( 0.303    ,  1.953E-03,   0.00    ) |  3.753E-04 2.441E-02
    6688 2.5549E+00 3.7535E-04  ( 0.303    ,  1.953E-03,   0.00    ) |  3.754E-04 2.441E-02
    6689 2.5553E+00 3.7536E-04  ( 0.303    ,  1.953E-03,   0.00    ) |  3.754E-04 2.441E-02
    6690 2.5556E+00 3.7537E-04  ( 0.303    ,  1.953E-03,   0.00    ) |  3.754E-04 2.441E-02
    6691 2.5560E+00 3.7538E-04  ( 0.303    ,  1.953E-03,   0.00    ) |  3.754E-04 2.441E-02
    6692 2.5564E+00 3.7538E-04  ( 0.303    ,  1.953E-03,   0.00    ) |  3.754E-04 2.441E-02
    6693 2.5568E+00 3.7539E-04  ( 0.303    ,  1.953E-03,   0.00    ) |  3.754E-04 2.441E-02
    6694 2.5571E+00 3.7540E-04  ( 0.303    ,  1.953E-03,   0.00    ) |  3.754E-04 2.441E-02
    6695 2.5575E+00 3.7541E-04  ( 0.303    ,  1.953E-03,   0.00    ) |  3.754E-04 2.441E-02
    6696 2.5579E+00 3.7542E-04  ( 0.303    ,  1.953E-03,   0.00    ) |  3.754E-04 2.441E-02
    6697 2.5583E+00 3.7542E-04  ( 0.303    ,  1.953E-03,   0.00    ) |  3.754E-04 2.441E-02
    6698 2.5586E+00 3.7543E-04  ( 0.303    ,  1.953E-03,   0.00    ) |  3.754E-04 2.441E-02
    6699 2.5590E+00 3.7544E-04  ( 0.303    ,  1.953E-03,   0.00    ) |  3.754E-04 2.441E-02
    6700 2.5594E+00 3.7545E-04  ( 0.303    ,  1.953E-03,   0.00    ) |  3.754E-04 2.441E-02
    6701 2.5598E+00 3.7545E-04  ( 0.303    ,  1.953E-03,   0.00    ) |  3.755E-04 2.441E-02
    6702 2.5601E+00 3.7546E-04  ( 0.303    ,  1.953E-03,   0.00    ) |  3.755E-04 2.441E-02
    6703 2.5605E+00 3.7547E-04  ( 0.303    ,  1.953E-03,   0.00    ) |  3.755E-04 2.441E-02
    6704 2.5609E+00 3.7547E-04  ( 0.303    ,  1.953E-03,   0.00    ) |  3.755E-04 2.441E-02
    6705 2.5613E+00 3.7548E-04  ( 0.303    ,  1.953E-03,   0.00    ) |  3.755E-04 2.441E-02
    6706 2.5616E+00 3.7549E-04  ( 0.303    ,  1.953E-03,   0.00    ) |  3.755E-04 2.441E-02
    6707 2.5620E+00 3.7550E-04  ( 0.303    ,  1.953E-03,   0.00    ) |  3.755E-04 2.441E-02
    6708 2.5624E+00 3.7550E-04  ( 0.303    ,  1.953E-03,   0.00    ) |  3.755E-04 2.441E-02
    6709 2.5628E+00 3.7551E-04  ( 0.303    ,  1.953E-03,   0.00    ) |  3.755E-04 2.441E-02
    6710 2.5631E+00 3.7552E-04  ( 0.303    ,  1.953E-03,   0.00    ) |  3.755E-04 2.441E-02
    6711 2.5635E+00 3.7552E-04  ( 0.303    ,  1.953E-03,   0.00    ) |  3.755E-04 2.441E-02
    6712 2.5639E+00 3.7553E-04  ( 0.303    ,  1.953E-03,   0.00    ) |  3.755E-04 2.441E-02
    6713 2.5643E+00 3.7554E-04  ( 0.303    ,  1.953E-03,   0.00    ) |  3.755E-04 2.441E-02
    6714 2.5646E+00 3.7554E-04  ( 0.303    ,  1.953E-03,   0.00    ) |  3.755E-04 2.441E-02
    6715 2.5650E+00 3.7555E-04  ( 0.303    ,  1.953E-03,   0.00    ) |  3.756E-04 2.441E-02
    6716 2.5654E+00 3.7556E-04  ( 0.303    ,  1.953E-03,   0.00    ) |  3.756E-04 2.441E-02
    6717 2.5658E+00 3.7557E-04  ( 0.303    ,  1.953E-03,   0.00    ) |  3.756E-04 2.441E-02
    6718 2.5662E+00 3.7557E-04  ( 0.303    ,  1.953E-03,   0.00    ) |  3.756E-04 2.441E-02
    6719 2.5665E+00 3.7558E-04  ( 0.303    ,  1.953E-03,   0.00    ) |  3.756E-04 2.441E-02
    6720 2.5669E+00 3.7559E-04  ( 0.303    ,  1.953E-03,   0.00    ) |  3.756E-04 2.441E-02
    6721 2.5673E+00 3.7559E-04  ( 0.303    ,  1.953E-03,   0.00    ) |  3.756E-04 2.441E-02
    6722 2.5677E+00 3.7560E-04  ( 0.303    ,  1.953E-03,   0.00    ) |  3.756E-04 2.441E-02
    6723 2.5680E+00 3.7561E-04  ( 0.303    ,  1.953E-03,   0.00    ) |  3.756E-04 2.441E-02
    6724 2.5684E+00 3.7562E-04  ( 0.303    , -1.953E-03,   0.00    ) |  3.756E-04 2.441E-02
    6725 2.5688E+00 3.7562E-04  ( 0.303    ,  1.953E-03,   0.00    ) |  3.756E-04 2.441E-02
    6726 2.5692E+00 3.7563E-04  ( 0.303    ,  1.953E-03,   0.00    ) |  3.756E-04 2.441E-02
    6727 2.5695E+00 3.7564E-04  ( 0.303    , -1.953E-03,   0.00    ) |  3.756E-04 2.441E-02
    6728 2.5699E+00 3.7564E-04  ( 0.303    ,  1.953E-03,   0.00    ) |  3.756E-04 2.441E-02
    6729 2.5703E+00 3.7565E-04  ( 0.303    ,  1.953E-03,   0.00    ) |  3.757E-04 2.441E-02
    6730 2.5707E+00 3.7566E-04  ( 0.303    , -1.953E-03,   0.00    ) |  3.757E-04 2.441E-02
    6731 2.5710E+00 3.7567E-04  ( 0.303    ,  1.953E-03,   0.00    ) |  3.757E-04 2.441E-02
    6732 2.5714E+00 3.7567E-04  ( 0.303    ,  1.953E-03,   0.00    ) |  3.757E-04 2.441E-02
    6733 2.5718E+00 3.7568E-04  ( 0.303    , -1.953E-03,   0.00    ) |  3.757E-04 2.441E-02
    6734 2.5722E+00 3.7569E-04  ( 0.303    ,  1.953E-03,   0.00    ) |  3.757E-04 2.441E-02
    6735 2.5725E+00 3.7570E-04  ( 0.303    ,  1.953E-03,   0.00    ) |  3.757E-04 2.441E-02
    6736 2.5729E+00 3.7570E-04  ( 0.303    ,  1.953E-03,   0.00    ) |  3.757E-04 2.441E-02
    6737 2.5733E+00 3.7571E-04  ( 0.303    ,  1.953E-03,   0.00    ) |  3.757E-04 2.441E-02
    6738 2.5737E+00 3.7572E-04  ( 0.303    ,  1.953E-03,   0.00    ) |  3.757E-04 2.441E-02
    6739 2.5740E+00 3.7573E-04  ( 0.303    ,  1.953E-03,   0.00    ) |  3.757E-04 2.441E-02
    6740 2.5744E+00 3.7574E-04  ( 0.303    ,  1.953E-03,   0.00    ) |  3.757E-04 2.441E-02
    6741 2.5748E+00 3.7574E-04  ( 0.303    ,  1.953E-03,   0.00    ) |  3.757E-04 2.441E-02
 *** Wrote plotfile to flash_run_hdf5_plt_cnt_0103 ****
    6742 2.5752E+00 3.7575E-04  ( 0.303    ,  1.953E-03,   0.00    ) |  3.758E-04 2.441E-02
    6743 2.5755E+00 3.7576E-04  ( 0.303    ,  1.953E-03,   0.00    ) |  3.758E-04 2.441E-02
    6744 2.5759E+00 3.7577E-04  ( 0.303    ,  1.953E-03,   0.00    ) |  3.758E-04 2.441E-02
    6745 2.5763E+00 3.7578E-04  ( 0.303    ,  1.953E-03,   0.00    ) |  3.758E-04 2.441E-02
    6746 2.5767E+00 3.7578E-04  ( 0.303    ,  1.953E-03,   0.00    ) |  3.758E-04 2.441E-02
    6747 2.5770E+00 3.7579E-04  ( 0.303    ,  1.953E-03,   0.00    ) |  3.758E-04 2.441E-02
    6748 2.5774E+00 3.7580E-04  ( 0.303    ,  1.953E-03,   0.00    ) |  3.758E-04 2.441E-02
    6749 2.5778E+00 3.7581E-04  ( 0.303    ,  1.953E-03,   0.00    ) |  3.758E-04 2.441E-02
    6750 2.5782E+00 3.7582E-04  ( 0.303    ,  1.953E-03,   0.00    ) |  3.758E-04 2.441E-02
    6751 2.5785E+00 3.7582E-04  ( 0.303    ,  1.953E-03,   0.00    ) |  3.758E-04 2.441E-02
    6752 2.5789E+00 3.7583E-04  ( 0.303    ,  1.953E-03,   0.00    ) |  3.758E-04 2.441E-02
    6753 2.5793E+00 3.7584E-04  ( 0.303    , -1.953E-03,   0.00    ) |  3.758E-04 2.441E-02
    6754 2.5797E+00 3.7585E-04  ( 0.303    ,  1.953E-03,   0.00    ) |  3.758E-04 2.441E-02
    6755 2.5801E+00 3.7586E-04  ( 0.303    ,  1.953E-03,   0.00    ) |  3.759E-04 2.441E-02
    6756 2.5804E+00 3.7586E-04  ( 0.303    , -1.953E-03,   0.00    ) |  3.759E-04 2.441E-02
    6757 2.5808E+00 3.7587E-04  ( 0.303    , -1.953E-03,   0.00    ) |  3.759E-04 2.441E-02
    6758 2.5812E+00 3.7588E-04  ( 0.303    , -1.953E-03,   0.00    ) |  3.759E-04 2.441E-02
    6759 2.5816E+00 3.7589E-04  ( 0.303    ,  1.953E-03,   0.00    ) |  3.759E-04 2.441E-02
    6760 2.5819E+00 3.7589E-04  ( 0.303    ,  1.953E-03,   0.00    ) |  3.759E-04 2.441E-02
    6761 2.5823E+00 3.7590E-04  ( 0.303    , -1.953E-03,   0.00    ) |  3.759E-04 2.441E-02
    6762 2.5827E+00 3.7591E-04  ( 0.303    , -1.953E-03,   0.00    ) |  3.759E-04 2.441E-02
    6763 2.5831E+00 3.7591E-04  ( 0.303    ,  1.953E-03,   0.00    ) |  3.759E-04 2.441E-02
    6764 2.5834E+00 3.7592E-04  ( 0.303    , -1.953E-03,   0.00    ) |  3.759E-04 2.441E-02
    6765 2.5838E+00 3.7593E-04  ( 0.303    , -1.953E-03,   0.00    ) |  3.759E-04 2.441E-02
    6766 2.5842E+00 3.7594E-04  ( 0.303    , -1.953E-03,   0.00    ) |  3.759E-04 2.441E-02
    6767 2.5846E+00 3.7594E-04  ( 0.303    , -1.953E-03,   0.00    ) |  3.759E-04 2.441E-02
    6768 2.5849E+00 3.7595E-04  ( 0.303    , -1.953E-03,   0.00    ) |  3.760E-04 2.441E-02
    6769 2.5853E+00 3.7596E-04  ( 0.303    , -1.953E-03,   0.00    ) |  3.760E-04 2.441E-02
    6770 2.5857E+00 3.7597E-04  ( 0.303    , -1.953E-03,   0.00    ) |  3.760E-04 2.441E-02
    6771 2.5861E+00 3.7597E-04  ( 0.303    , -1.953E-03,   0.00    ) |  3.760E-04 2.441E-02
    6772 2.5864E+00 3.7598E-04  ( 0.303    ,  1.953E-03,   0.00    ) |  3.760E-04 2.441E-02
    6773 2.5868E+00 3.7599E-04  ( 0.303    , -1.953E-03,   0.00    ) |  3.760E-04 2.441E-02
    6774 2.5872E+00 3.7599E-04  ( 0.303    , -1.953E-03,   0.00    ) |  3.760E-04 2.441E-02
    6775 2.5876E+00 3.7600E-04  ( 0.303    , -1.953E-03,   0.00    ) |  3.760E-04 2.441E-02
    6776 2.5879E+00 3.7601E-04  ( 0.303    ,  1.953E-03,   0.00    ) |  3.760E-04 2.441E-02
    6777 2.5883E+00 3.7602E-04  ( 0.303    ,  1.953E-03,   0.00    ) |  3.760E-04 2.441E-02
    6778 2.5887E+00 3.7602E-04  ( 0.303    ,  1.953E-03,   0.00    ) |  3.760E-04 2.441E-02
    6779 2.5891E+00 3.7603E-04  ( 0.303    ,  1.953E-03,   0.00    ) |  3.760E-04 2.441E-02
    6780 2.5895E+00 3.7604E-04  ( 0.303    , -1.953E-03,   0.00    ) |  3.760E-04 2.441E-02
    6781 2.5898E+00 3.7605E-04  ( 0.303    , -1.953E-03,   0.00    ) |  3.760E-04 2.441E-02
    6782 2.5902E+00 3.7605E-04  ( 0.303    ,  1.953E-03,   0.00    ) |  3.761E-04 2.441E-02
    6783 2.5906E+00 3.7606E-04  ( 0.299    ,  1.953E-03,   0.00    ) |  3.761E-04 2.441E-02
    6784 2.5910E+00 3.7607E-04  ( 0.299    ,  1.953E-03,   0.00    ) |  3.761E-04 2.441E-02
    6785 2.5913E+00 3.7607E-04  ( 0.299    ,  1.953E-03,   0.00    ) |  3.761E-04 2.441E-02
    6786 2.5917E+00 3.7608E-04  ( 0.299    ,  1.953E-03,   0.00    ) |  3.761E-04 2.441E-02
    6787 2.5921E+00 3.7609E-04  ( 0.299    ,  1.953E-03,   0.00    ) |  3.761E-04 2.441E-02
    6788 2.5925E+00 3.7609E-04  ( 0.299    ,  1.953E-03,   0.00    ) |  3.761E-04 2.441E-02
    6789 2.5928E+00 3.7610E-04  ( 0.299    ,  1.953E-03,   0.00    ) |  3.761E-04 2.441E-02
    6790 2.5932E+00 3.7611E-04  ( 0.299    ,  1.953E-03,   0.00    ) |  3.761E-04 2.441E-02
    6791 2.5936E+00 3.7611E-04  ( 0.299    ,  1.953E-03,   0.00    ) |  3.761E-04 2.441E-02
    6792 2.5940E+00 3.7612E-04  ( 0.299    ,  1.953E-03,   0.00    ) |  3.761E-04 2.441E-02
    6793 2.5943E+00 3.7613E-04  ( 0.299    ,  1.953E-03,   0.00    ) |  3.761E-04 2.441E-02
    6794 2.5947E+00 3.7613E-04  ( 0.299    ,  1.953E-03,   0.00    ) |  3.761E-04 2.441E-02
    6795 2.5951E+00 3.7614E-04  ( 0.299    ,  1.953E-03,   0.00    ) |  3.761E-04 2.441E-02
    6796 2.5955E+00 3.7615E-04  ( 0.299    ,  1.953E-03,   0.00    ) |  3.761E-04 2.441E-02
    6797 2.5958E+00 3.7615E-04  ( 0.299    ,  1.953E-03,   0.00    ) |  3.762E-04 2.441E-02
    6798 2.5962E+00 3.7616E-04  ( 0.299    ,  1.953E-03,   0.00    ) |  3.762E-04 2.441E-02
    6799 2.5966E+00 3.7617E-04  ( 0.299    ,  1.953E-03,   0.00    ) |  3.762E-04 2.441E-02
    6800 2.5970E+00 3.7617E-04  ( 0.299    ,  1.953E-03,   0.00    ) |  3.762E-04 2.441E-02
    6801 2.5974E+00 3.7618E-04  ( 0.299    ,  1.953E-03,   0.00    ) |  3.762E-04 2.441E-02
    6802 2.5977E+00 3.7619E-04  ( 0.299    ,  1.953E-03,   0.00    ) |  3.762E-04 2.441E-02
    6803 2.5981E+00 3.7619E-04  ( 0.299    ,  1.953E-03,   0.00    ) |  3.762E-04 2.441E-02
    6804 2.5985E+00 3.7620E-04  ( 0.299    ,  1.953E-03,   0.00    ) |  3.762E-04 2.441E-02
    6805 2.5989E+00 3.7621E-04  ( 0.299    ,  1.953E-03,   0.00    ) |  3.762E-04 2.441E-02
    6806 2.5992E+00 3.7621E-04  ( 0.299    ,  1.953E-03,   0.00    ) |  3.762E-04 2.441E-02
    6807 2.5996E+00 3.7622E-04  ( 0.299    ,  1.953E-03,   0.00    ) |  3.762E-04 2.441E-02
    6808 2.6000E+00 3.7623E-04  ( 0.299    ,  1.953E-03,   0.00    ) |  3.762E-04 2.441E-02
 *** Wrote plotfile to flash_run_hdf5_plt_cnt_0104 ****
    6809 2.6004E+00 3.7623E-04  ( 0.299    ,  1.953E-03,   0.00    ) |  3.762E-04 2.441E-02
    6810 2.6007E+00 3.7624E-04  ( 0.299    ,  1.953E-03,   0.00    ) |  3.762E-04 2.441E-02
    6811 2.6011E+00 3.7625E-04  ( 0.299    ,  1.953E-03,   0.00    ) |  3.762E-04 2.441E-02
    6812 2.6015E+00 3.7625E-04  ( 0.299    ,  1.953E-03,   0.00    ) |  3.763E-04 2.441E-02
    6813 2.6019E+00 3.7626E-04  ( 0.299    ,  1.953E-03,   0.00    ) |  3.763E-04 2.441E-02
    6814 2.6022E+00 3.7627E-04  ( 0.299    ,  1.953E-03,   0.00    ) |  3.763E-04 2.441E-02
    6815 2.6026E+00 3.7627E-04  ( 0.299    ,  1.953E-03,   0.00    ) |  3.763E-04 2.441E-02
    6816 2.6030E+00 3.7628E-04  ( 0.299    ,  1.953E-03,   0.00    ) |  3.763E-04 2.441E-02
    6817 2.6034E+00 3.7628E-04  ( 0.299    ,  1.953E-03,   0.00    ) |  3.763E-04 2.441E-02
    6818 2.6037E+00 3.7629E-04  ( 0.299    ,  1.953E-03,   0.00    ) |  3.763E-04 2.441E-02
    6819 2.6041E+00 3.7630E-04  ( 0.299    ,  1.953E-03,   0.00    ) |  3.763E-04 2.441E-02
    6820 2.6045E+00 3.7630E-04  ( 0.299    ,  1.953E-03,   0.00    ) |  3.763E-04 2.441E-02
    6821 2.6049E+00 3.7631E-04  ( 0.299    ,  1.953E-03,   0.00    ) |  3.763E-04 2.441E-02
    6822 2.6053E+00 3.7631E-04  ( 0.299    ,  1.953E-03,   0.00    ) |  3.763E-04 2.441E-02
    6823 2.6056E+00 3.7632E-04  ( 0.299    ,  1.953E-03,   0.00    ) |  3.763E-04 2.441E-02
    6824 2.6060E+00 3.7633E-04  ( 0.299    ,  1.953E-03,   0.00    ) |  3.763E-04 2.441E-02
    6825 2.6064E+00 3.7633E-04  ( 0.299    ,  1.953E-03,   0.00    ) |  3.763E-04 2.441E-02
    6826 2.6068E+00 3.7634E-04  ( 0.299    ,  1.953E-03,   0.00    ) |  3.763E-04 2.441E-02
    6827 2.6071E+00 3.7635E-04  ( 0.299    ,  1.953E-03,   0.00    ) |  3.763E-04 2.441E-02
    6828 2.6075E+00 3.7635E-04  ( 0.299    ,  1.953E-03,   0.00    ) |  3.764E-04 2.441E-02
    6829 2.6079E+00 3.7636E-04  ( 0.299    ,  1.953E-03,   0.00    ) |  3.764E-04 2.441E-02
    6830 2.6083E+00 3.7637E-04  ( 0.299    ,  1.953E-03,   0.00    ) |  3.764E-04 2.441E-02
    6831 2.6086E+00 3.7637E-04  ( 0.299    ,  1.953E-03,   0.00    ) |  3.764E-04 2.441E-02
    6832 2.6090E+00 3.7638E-04  ( 0.299    ,  1.953E-03,   0.00    ) |  3.764E-04 2.441E-02
    6833 2.6094E+00 3.7639E-04  ( 0.299    ,  1.953E-03,   0.00    ) |  3.764E-04 2.441E-02
    6834 2.6098E+00 3.7639E-04  ( 0.299    ,  1.953E-03,   0.00    ) |  3.764E-04 2.441E-02
    6835 2.6101E+00 3.7640E-04  ( 0.299    ,  1.953E-03,   0.00    ) |  3.764E-04 2.441E-02
    6836 2.6105E+00 3.7641E-04  ( 0.299    ,  1.953E-03,   0.00    ) |  3.764E-04 2.441E-02
    6837 2.6109E+00 3.7641E-04  ( 0.299    ,  1.953E-03,   0.00    ) |  3.764E-04 2.441E-02
    6838 2.6113E+00 3.7642E-04  ( 0.299    ,  1.953E-03,   0.00    ) |  3.764E-04 2.441E-02
    6839 2.6116E+00 3.7643E-04  ( 0.299    ,  1.953E-03,   0.00    ) |  3.764E-04 2.441E-02
    6840 2.6120E+00 3.7643E-04  ( 0.299    ,  1.953E-03,   0.00    ) |  3.764E-04 2.441E-02
    6841 2.6124E+00 3.7644E-04  ( 0.299    ,  1.953E-03,   0.00    ) |  3.764E-04 2.441E-02
    6842 2.6128E+00 3.7645E-04  ( 0.299    ,  1.953E-03,   0.00    ) |  3.764E-04 2.441E-02
    6843 2.6132E+00 3.7645E-04  ( 0.299    ,  1.953E-03,   0.00    ) |  3.765E-04 2.441E-02
    6844 2.6135E+00 3.7646E-04  ( 0.299    ,  1.953E-03,   0.00    ) |  3.765E-04 2.441E-02
    6845 2.6139E+00 3.7647E-04  ( 0.299    ,  1.953E-03,   0.00    ) |  3.765E-04 2.441E-02
    6846 2.6143E+00 3.7648E-04  ( 0.299    ,  1.953E-03,   0.00    ) |  3.765E-04 2.441E-02
    6847 2.6147E+00 3.7648E-04  ( 0.299    ,  1.953E-03,   0.00    ) |  3.765E-04 2.441E-02
    6848 2.6150E+00 3.7649E-04  ( 0.299    ,  1.953E-03,   0.00    ) |  3.765E-04 2.441E-02
    6849 2.6154E+00 3.7650E-04  ( 0.299    ,  1.953E-03,   0.00    ) |  3.765E-04 2.441E-02
    6850 2.6158E+00 3.7651E-04  ( 0.299    ,  1.953E-03,   0.00    ) |  3.765E-04 2.441E-02
    6851 2.6162E+00 3.7651E-04  ( 0.299    ,  1.953E-03,   0.00    ) |  3.765E-04 2.441E-02
    6852 2.6165E+00 3.7652E-04  ( 0.299    ,  1.953E-03,   0.00    ) |  3.765E-04 2.441E-02
    6853 2.6169E+00 3.7653E-04  ( 0.299    ,  1.953E-03,   0.00    ) |  3.765E-04 2.441E-02
    6854 2.6173E+00 3.7653E-04  ( 0.299    ,  1.953E-03,   0.00    ) |  3.765E-04 2.441E-02
    6855 2.6177E+00 3.7654E-04  ( 0.299    ,  1.953E-03,   0.00    ) |  3.765E-04 2.441E-02
    6856 2.6180E+00 3.7655E-04  ( 0.299    ,  1.953E-03,   0.00    ) |  3.765E-04 2.441E-02
    6857 2.6184E+00 3.7656E-04  ( 0.299    ,  1.953E-03,   0.00    ) |  3.766E-04 2.441E-02
    6858 2.6188E+00 3.7656E-04  ( 0.299    ,  1.953E-03,   0.00    ) |  3.766E-04 2.441E-02
    6859 2.6192E+00 3.7657E-04  ( 0.299    ,  1.953E-03,   0.00    ) |  3.766E-04 2.441E-02
    6860 2.6196E+00 3.7658E-04  ( 0.299    ,  1.953E-03,   0.00    ) |  3.766E-04 2.441E-02
    6861 2.6199E+00 3.7659E-04  ( 0.299    ,  1.953E-03,   0.00    ) |  3.766E-04 2.441E-02
    6862 2.6203E+00 3.7659E-04  ( 0.299    ,  1.953E-03,   0.00    ) |  3.766E-04 2.441E-02
    6863 2.6207E+00 3.7660E-04  ( 0.299    ,  1.953E-03,   0.00    ) |  3.766E-04 2.441E-02
    6864 2.6211E+00 3.7661E-04  ( 0.299    ,  1.953E-03,   0.00    ) |  3.766E-04 2.441E-02
    6865 2.6214E+00 3.7661E-04  ( 0.299    ,  1.953E-03,   0.00    ) |  3.766E-04 2.441E-02
    6866 2.6218E+00 3.7662E-04  ( 0.299    ,  1.953E-03,   0.00    ) |  3.766E-04 2.441E-02
    6867 2.6222E+00 3.7663E-04  ( 0.299    ,  1.953E-03,   0.00    ) |  3.766E-04 2.441E-02
    6868 2.6226E+00 3.7664E-04  ( 0.299    ,  1.953E-03,   0.00    ) |  3.766E-04 2.441E-02
    6869 2.6229E+00 3.7664E-04  ( 0.299    ,  1.953E-03,   0.00    ) |  3.766E-04 2.441E-02
    6870 2.6233E+00 3.7665E-04  ( 0.299    ,  1.953E-03,   0.00    ) |  3.767E-04 2.441E-02
    6871 2.6237E+00 3.7666E-04  ( 0.299    ,  1.953E-03,   0.00    ) |  3.767E-04 2.441E-02
    6872 2.6241E+00 3.7667E-04  ( 0.299    ,  1.953E-03,   0.00    ) |  3.767E-04 2.441E-02
    6873 2.6245E+00 3.7667E-04  ( 0.299    ,  1.953E-03,   0.00    ) |  3.767E-04 2.441E-02
    6874 2.6248E+00 3.7668E-04  ( 0.299    ,  1.953E-03,   0.00    ) |  3.767E-04 2.441E-02
 *** Wrote plotfile to flash_run_hdf5_plt_cnt_0105 ****
    6875 2.6252E+00 3.7669E-04  ( 0.299    ,  1.953E-03,   0.00    ) |  3.767E-04 2.441E-02
    6876 2.6256E+00 3.7670E-04  ( 0.299    ,  1.953E-03,   0.00    ) |  3.767E-04 2.441E-02
    6877 2.6260E+00 3.7670E-04  ( 0.299    ,  1.953E-03,   0.00    ) |  3.767E-04 2.441E-02
    6878 2.6263E+00 3.7671E-04  ( 0.299    ,  1.953E-03,   0.00    ) |  3.767E-04 2.441E-02
    6879 2.6267E+00 3.7672E-04  ( 0.299    ,  1.953E-03,   0.00    ) |  3.767E-04 2.441E-02
    6880 2.6271E+00 3.7673E-04  ( 0.299    ,  1.953E-03,   0.00    ) |  3.767E-04 2.441E-02
    6881 2.6275E+00 3.7674E-04  ( 0.299    ,  1.953E-03,   0.00    ) |  3.767E-04 2.441E-02
    6882 2.6278E+00 3.7674E-04  ( 0.299    ,  1.953E-03,   0.00    ) |  3.767E-04 2.441E-02
    6883 2.6282E+00 3.7675E-04  ( 0.299    ,  1.953E-03,   0.00    ) |  3.768E-04 2.441E-02
    6884 2.6286E+00 3.7676E-04  ( 0.299    ,  1.953E-03,   0.00    ) |  3.768E-04 2.441E-02
    6885 2.6290E+00 3.7677E-04  ( 0.299    ,  1.953E-03,   0.00    ) |  3.768E-04 2.441E-02
    6886 2.6293E+00 3.7677E-04  ( 0.299    ,  1.953E-03,   0.00    ) |  3.768E-04 2.441E-02
    6887 2.6297E+00 3.7678E-04  ( 0.299    ,  1.953E-03,   0.00    ) |  3.768E-04 2.441E-02
    6888 2.6301E+00 3.7679E-04  ( 0.299    ,  1.953E-03,   0.00    ) |  3.768E-04 2.441E-02
    6889 2.6305E+00 3.7680E-04  ( 0.299    ,  1.953E-03,   0.00    ) |  3.768E-04 2.441E-02
    6890 2.6309E+00 3.7681E-04  ( 0.299    ,  1.953E-03,   0.00    ) |  3.768E-04 2.441E-02
    6891 2.6312E+00 3.7681E-04  ( 0.299    ,  1.953E-03,   0.00    ) |  3.768E-04 2.441E-02
    6892 2.6316E+00 3.7682E-04  ( 0.299    ,  1.953E-03,   0.00    ) |  3.768E-04 2.441E-02
    6893 2.6320E+00 3.7683E-04  ( 0.299    ,  1.953E-03,   0.00    ) |  3.768E-04 2.441E-02
    6894 2.6324E+00 3.7684E-04  ( 0.299    ,  1.953E-03,   0.00    ) |  3.768E-04 2.441E-02
    6895 2.6327E+00 3.7684E-04  ( 0.299    ,  1.953E-03,   0.00    ) |  3.768E-04 2.441E-02
    6896 2.6331E+00 3.7685E-04  ( 0.299    ,  1.953E-03,   0.00    ) |  3.769E-04 2.441E-02
    6897 2.6335E+00 3.7686E-04  ( 0.299    ,  1.953E-03,   0.00    ) |  3.769E-04 2.441E-02
    6898 2.6339E+00 3.7686E-04  ( 0.299    ,  1.953E-03,   0.00    ) |  3.769E-04 2.441E-02
    6899 2.6342E+00 3.7687E-04  ( 0.299    ,  1.953E-03,   0.00    ) |  3.769E-04 2.441E-02
    6900 2.6346E+00 3.7688E-04  ( 0.299    ,  1.953E-03,   0.00    ) |  3.769E-04 2.441E-02
    6901 2.6350E+00 3.7689E-04  ( 0.299    ,  1.953E-03,   0.00    ) |  3.769E-04 2.441E-02
    6902 2.6354E+00 3.7689E-04  ( 0.299    ,  1.953E-03,   0.00    ) |  3.769E-04 2.441E-02
    6903 2.6358E+00 3.7690E-04  ( 0.299    ,  1.953E-03,   0.00    ) |  3.769E-04 2.441E-02
    6904 2.6361E+00 3.7690E-04  ( 0.299    ,  1.953E-03,   0.00    ) |  3.769E-04 2.441E-02
    6905 2.6365E+00 3.7691E-04  ( 0.299    ,  1.953E-03,   0.00    ) |  3.769E-04 2.441E-02
    6906 2.6369E+00 3.7692E-04  ( 0.299    ,  1.953E-03,   0.00    ) |  3.769E-04 2.441E-02
    6907 2.6373E+00 3.7692E-04  ( 0.299    ,  1.953E-03,   0.00    ) |  3.769E-04 2.441E-02
    6908 2.6376E+00 3.7693E-04  ( 0.299    ,  1.953E-03,   0.00    ) |  3.769E-04 2.441E-02
    6909 2.6380E+00 3.7693E-04  ( 0.295    ,  1.953E-03,   0.00    ) |  3.769E-04 2.441E-02
    6910 2.6384E+00 3.7694E-04  ( 0.295    ,  1.953E-03,   0.00    ) |  3.769E-04 2.441E-02
    6911 2.6388E+00 3.7694E-04  ( 0.295    ,  1.953E-03,   0.00    ) |  3.769E-04 2.441E-02
    6912 2.6391E+00 3.7695E-04  ( 0.295    ,  1.953E-03,   0.00    ) |  3.769E-04 2.441E-02
    6913 2.6395E+00 3.7695E-04  ( 0.295    ,  1.953E-03,   0.00    ) |  3.770E-04 2.441E-02
    6914 2.6399E+00 3.7696E-04  ( 0.295    ,  1.953E-03,   0.00    ) |  3.770E-04 2.441E-02
    6915 2.6403E+00 3.7696E-04  ( 0.295    ,  1.953E-03,   0.00    ) |  3.770E-04 2.441E-02
    6916 2.6407E+00 3.7697E-04  ( 0.295    ,  1.953E-03,   0.00    ) |  3.770E-04 2.441E-02
    6917 2.6410E+00 3.7697E-04  ( 0.295    ,  1.953E-03,   0.00    ) |  3.770E-04 2.441E-02
    6918 2.6414E+00 3.7698E-04  ( 0.295    ,  1.953E-03,   0.00    ) |  3.770E-04 2.441E-02
    6919 2.6418E+00 3.7698E-04  ( 0.295    ,  1.953E-03,   0.00    ) |  3.770E-04 2.441E-02
    6920 2.6422E+00 3.7699E-04  ( 0.295    ,  1.953E-03,   0.00    ) |  3.770E-04 2.441E-02
    6921 2.6425E+00 3.7699E-04  ( 0.295    ,  1.953E-03,   0.00    ) |  3.770E-04 2.441E-02
    6922 2.6429E+00 3.7700E-04  ( 0.295    ,  1.953E-03,   0.00    ) |  3.770E-04 2.441E-02
    6923 2.6433E+00 3.7700E-04  ( 0.295    ,  1.953E-03,   0.00    ) |  3.770E-04 2.441E-02
    6924 2.6437E+00 3.7701E-04  ( 0.295    ,  1.953E-03,   0.00    ) |  3.770E-04 2.441E-02
    6925 2.6440E+00 3.7701E-04  ( 0.295    ,  1.953E-03,   0.00    ) |  3.770E-04 2.441E-02
    6926 2.6444E+00 3.7702E-04  ( 0.295    ,  1.953E-03,   0.00    ) |  3.770E-04 2.441E-02
    6927 2.6448E+00 3.7702E-04  ( 0.295    ,  1.953E-03,   0.00    ) |  3.770E-04 2.441E-02
    6928 2.6452E+00 3.7703E-04  ( 0.295    ,  1.953E-03,   0.00    ) |  3.770E-04 2.441E-02
    6929 2.6456E+00 3.7703E-04  ( 0.295    ,  1.953E-03,   0.00    ) |  3.770E-04 2.441E-02
    6930 2.6459E+00 3.7704E-04  ( 0.295    ,  1.953E-03,   0.00    ) |  3.770E-04 2.441E-02
    6931 2.6463E+00 3.7704E-04  ( 0.295    ,  1.953E-03,   0.00    ) |  3.770E-04 2.441E-02
    6932 2.6467E+00 3.7705E-04  ( 0.295    ,  1.953E-03,   0.00    ) |  3.770E-04 2.441E-02
    6933 2.6471E+00 3.7705E-04  ( 0.295    ,  1.953E-03,   0.00    ) |  3.771E-04 2.441E-02
    6934 2.6474E+00 3.7706E-04  ( 0.295    ,  1.953E-03,   0.00    ) |  3.771E-04 2.441E-02
    6935 2.6478E+00 3.7706E-04  ( 0.295    ,  1.953E-03,   0.00    ) |  3.771E-04 2.441E-02
    6936 2.6482E+00 3.7707E-04  ( 0.295    ,  1.953E-03,   0.00    ) |  3.771E-04 2.441E-02
    6937 2.6486E+00 3.7707E-04  ( 0.295    ,  1.953E-03,   0.00    ) |  3.771E-04 2.441E-02
    6938 2.6490E+00 3.7708E-04  ( 0.295    ,  1.953E-03,   0.00    ) |  3.771E-04 2.441E-02
    6939 2.6493E+00 3.7708E-04  ( 0.295    ,  1.953E-03,   0.00    ) |  3.771E-04 2.441E-02
    6940 2.6497E+00 3.7709E-04  ( 0.295    ,  1.953E-03,   0.00    ) |  3.771E-04 2.441E-02
 *** Wrote plotfile to flash_run_hdf5_plt_cnt_0106 ****
    6941 2.6501E+00 3.7709E-04  ( 0.295    ,  1.953E-03,   0.00    ) |  3.771E-04 2.441E-02
    6942 2.6505E+00 3.7710E-04  ( 0.295    ,  1.953E-03,   0.00    ) |  3.771E-04 2.441E-02
    6943 2.6508E+00 3.7710E-04  ( 0.295    ,  1.953E-03,   0.00    ) |  3.771E-04 2.441E-02
    6944 2.6512E+00 3.7711E-04  ( 0.295    ,  1.953E-03,   0.00    ) |  3.771E-04 2.441E-02
    6945 2.6516E+00 3.7711E-04  ( 0.295    ,  1.953E-03,   0.00    ) |  3.771E-04 2.441E-02
    6946 2.6520E+00 3.7712E-04  ( 0.295    ,  1.953E-03,   0.00    ) |  3.771E-04 2.441E-02
    6947 2.6523E+00 3.7712E-04  ( 0.295    ,  1.953E-03,   0.00    ) |  3.771E-04 2.441E-02
    6948 2.6527E+00 3.7713E-04  ( 0.295    ,  1.953E-03,   0.00    ) |  3.771E-04 2.441E-02
    6949 2.6531E+00 3.7713E-04  ( 0.295    ,  1.953E-03,   0.00    ) |  3.771E-04 2.441E-02
    6950 2.6535E+00 3.7714E-04  ( 0.295    ,  1.953E-03,   0.00    ) |  3.771E-04 2.441E-02
    6951 2.6539E+00 3.7714E-04  ( 0.295    ,  1.953E-03,   0.00    ) |  3.771E-04 2.441E-02
    6952 2.6542E+00 3.7715E-04  ( 0.295    ,  1.953E-03,   0.00    ) |  3.771E-04 2.441E-02
    6953 2.6546E+00 3.7715E-04  ( 0.295    ,  1.953E-03,   0.00    ) |  3.771E-04 2.441E-02
    6954 2.6550E+00 3.7715E-04  ( 0.295    ,  1.953E-03,   0.00    ) |  3.772E-04 2.441E-02
    6955 2.6554E+00 3.7716E-04  ( 0.295    ,  1.953E-03,   0.00    ) |  3.772E-04 2.441E-02
    6956 2.6557E+00 3.7716E-04  ( 0.295    ,  1.953E-03,   0.00    ) |  3.772E-04 2.441E-02
    6957 2.6561E+00 3.7717E-04  ( 0.295    ,  1.953E-03,   0.00    ) |  3.772E-04 2.441E-02
    6958 2.6565E+00 3.7717E-04  ( 0.295    ,  1.953E-03,   0.00    ) |  3.772E-04 2.441E-02
    6959 2.6569E+00 3.7718E-04  ( 0.295    ,  1.953E-03,   0.00    ) |  3.772E-04 2.441E-02
    6960 2.6572E+00 3.7718E-04  ( 0.295    ,  1.953E-03,   0.00    ) |  3.772E-04 2.441E-02
    6961 2.6576E+00 3.7719E-04  ( 0.295    ,  1.953E-03,   0.00    ) |  3.772E-04 2.441E-02
    6962 2.6580E+00 3.7719E-04  ( 0.295    ,  1.953E-03,   0.00    ) |  3.772E-04 2.441E-02
    6963 2.6584E+00 3.7719E-04  ( 0.295    ,  1.953E-03,   0.00    ) |  3.772E-04 2.441E-02
    6964 2.6588E+00 3.7720E-04  ( 0.295    ,  1.953E-03,   0.00    ) |  3.772E-04 2.441E-02
    6965 2.6591E+00 3.7720E-04  ( 0.295    ,  1.953E-03,   0.00    ) |  3.772E-04 2.441E-02
    6966 2.6595E+00 3.7721E-04  ( 0.295    ,  1.953E-03,   0.00    ) |  3.772E-04 2.441E-02
    6967 2.6599E+00 3.7721E-04  ( 0.295    ,  1.953E-03,   0.00    ) |  3.772E-04 2.441E-02
    6968 2.6603E+00 3.7721E-04  ( 0.295    ,  1.953E-03,   0.00    ) |  3.772E-04 2.441E-02
    6969 2.6606E+00 3.7722E-04  ( 0.295    ,  1.953E-03,   0.00    ) |  3.772E-04 2.441E-02
    6970 2.6610E+00 3.7722E-04  ( 0.295    ,  1.953E-03,   0.00    ) |  3.772E-04 2.441E-02
    6971 2.6614E+00 3.7723E-04  ( 0.295    ,  1.953E-03,   0.00    ) |  3.772E-04 2.441E-02
    6972 2.6618E+00 3.7723E-04  ( 0.295    ,  1.953E-03,   0.00    ) |  3.772E-04 2.441E-02
    6973 2.6622E+00 3.7723E-04  ( 0.295    ,  1.953E-03,   0.00    ) |  3.772E-04 2.441E-02
    6974 2.6625E+00 3.7724E-04  ( 0.295    ,  1.953E-03,   0.00    ) |  3.772E-04 2.441E-02
    6975 2.6629E+00 3.7724E-04  ( 0.295    ,  1.953E-03,   0.00    ) |  3.772E-04 2.441E-02
    6976 2.6633E+00 3.7725E-04  ( 0.295    ,  1.953E-03,   0.00    ) |  3.772E-04 2.441E-02
    6977 2.6637E+00 3.7725E-04  ( 0.295    ,  1.953E-03,   0.00    ) |  3.772E-04 2.441E-02
    6978 2.6640E+00 3.7725E-04  ( 0.295    ,  1.953E-03,   0.00    ) |  3.773E-04 2.441E-02
    6979 2.6644E+00 3.7726E-04  ( 0.295    ,  1.953E-03,   0.00    ) |  3.773E-04 2.441E-02
    6980 2.6648E+00 3.7726E-04  ( 0.295    ,  1.953E-03,   0.00    ) |  3.773E-04 2.441E-02
    6981 2.6652E+00 3.7726E-04  ( 0.295    , -1.953E-03,   0.00    ) |  3.773E-04 2.441E-02
    6982 2.6655E+00 3.7727E-04  ( 0.295    ,  1.953E-03,   0.00    ) |  3.773E-04 2.441E-02
    6983 2.6659E+00 3.7727E-04  ( 0.295    ,  1.953E-03,   0.00    ) |  3.773E-04 2.441E-02
    6984 2.6663E+00 3.7728E-04  ( 0.295    , -1.953E-03,   0.00    ) |  3.773E-04 2.441E-02
    6985 2.6667E+00 3.7728E-04  ( 0.295    , -1.953E-03,   0.00    ) |  3.773E-04 2.441E-02
    6986 2.6671E+00 3.7728E-04  ( 0.295    , -1.953E-03,   0.00    ) |  3.773E-04 2.441E-02
    6987 2.6674E+00 3.7729E-04  ( 0.295    , -1.953E-03,   0.00    ) |  3.773E-04 2.441E-02
    6988 2.6678E+00 3.7729E-04  ( 0.295    ,  1.953E-03,   0.00    ) |  3.773E-04 2.441E-02
    6989 2.6682E+00 3.7729E-04  ( 0.295    ,  1.953E-03,   0.00    ) |  3.773E-04 2.441E-02
    6990 2.6686E+00 3.7730E-04  ( 0.295    , -1.953E-03,   0.00    ) |  3.773E-04 2.441E-02
    6991 2.6689E+00 3.7730E-04  ( 0.295    , -1.953E-03,   0.00    ) |  3.773E-04 2.441E-02
    6992 2.6693E+00 3.7730E-04  ( 0.295    , -1.953E-03,   0.00    ) |  3.773E-04 2.441E-02
    6993 2.6697E+00 3.7731E-04  ( 0.295    , -1.953E-03,   0.00    ) |  3.773E-04 2.441E-02
    6994 2.6701E+00 3.7731E-04  ( 0.295    , -1.953E-03,   0.00    ) |  3.773E-04 2.441E-02
    6995 2.6705E+00 3.7731E-04  ( 0.295    , -1.953E-03,   0.00    ) |  3.773E-04 2.441E-02
    6996 2.6708E+00 3.7732E-04  ( 0.295    , -1.953E-03,   0.00    ) |  3.773E-04 2.441E-02
    6997 2.6712E+00 3.7732E-04  ( 0.295    , -1.953E-03,   0.00    ) |  3.773E-04 2.441E-02
    6998 2.6716E+00 3.7733E-04  ( 0.295    , -1.953E-03,   0.00    ) |  3.773E-04 2.441E-02
    6999 2.6720E+00 3.7733E-04  ( 0.295    , -1.953E-03,   0.00    ) |  3.773E-04 2.441E-02
    7000 2.6723E+00 3.7733E-04  ( 0.295    , -1.953E-03,   0.00    ) |  3.773E-04 2.441E-02
    7001 2.6727E+00 3.7734E-04  ( 0.295    , -1.953E-03,   0.00    ) |  3.773E-04 2.441E-02
    7002 2.6731E+00 3.7734E-04  ( 0.295    , -1.953E-03,   0.00    ) |  3.773E-04 2.441E-02
    7003 2.6735E+00 3.7734E-04  ( 0.295    , -1.953E-03,   0.00    ) |  3.773E-04 2.441E-02
    7004 2.6738E+00 3.7735E-04  ( 0.295    , -1.953E-03,   0.00    ) |  3.773E-04 2.441E-02
    7005 2.6742E+00 3.7735E-04  ( 0.295    , -1.953E-03,   0.00    ) |  3.773E-04 2.441E-02
    7006 2.6746E+00 3.7735E-04  ( 0.295    , -1.953E-03,   0.00    ) |  3.774E-04 2.441E-02
    7007 2.6750E+00 3.7736E-04  ( 0.295    , -1.953E-03,   0.00    ) |  3.774E-04 2.441E-02
 *** Wrote plotfile to flash_run_hdf5_plt_cnt_0107 ****
    7008 2.6754E+00 3.7736E-04  ( 0.295    , -1.953E-03,   0.00    ) |  3.774E-04 2.441E-02
    7009 2.6757E+00 3.7736E-04  ( 0.295    , -1.953E-03,   0.00    ) |  3.774E-04 2.441E-02
    7010 2.6761E+00 3.7737E-04  ( 0.295    , -1.953E-03,   0.00    ) |  3.774E-04 2.441E-02
    7011 2.6765E+00 3.7737E-04  ( 0.295    , -1.953E-03,   0.00    ) |  3.774E-04 2.441E-02
    7012 2.6769E+00 3.7738E-04  ( 0.295    , -1.953E-03,   0.00    ) |  3.774E-04 2.441E-02
    7013 2.6772E+00 3.7738E-04  ( 0.295    , -1.953E-03,   0.00    ) |  3.774E-04 2.441E-02
    7014 2.6776E+00 3.7738E-04  ( 0.295    , -1.953E-03,   0.00    ) |  3.774E-04 2.441E-02
    7015 2.6780E+00 3.7739E-04  ( 0.295    , -1.953E-03,   0.00    ) |  3.774E-04 2.441E-02
    7016 2.6784E+00 3.7739E-04  ( 0.295    , -1.953E-03,   0.00    ) |  3.774E-04 2.441E-02
    7017 2.6788E+00 3.7740E-04  ( 0.295    , -1.953E-03,   0.00    ) |  3.774E-04 2.441E-02
    7018 2.6791E+00 3.7740E-04  ( 0.295    , -1.953E-03,   0.00    ) |  3.774E-04 2.441E-02
    7019 2.6795E+00 3.7741E-04  ( 0.295    , -1.953E-03,   0.00    ) |  3.774E-04 2.441E-02
    7020 2.6799E+00 3.7742E-04  ( 0.295    , -1.953E-03,   0.00    ) |  3.774E-04 2.441E-02
    7021 2.6803E+00 3.7742E-04  ( 0.295    , -1.953E-03,   0.00    ) |  3.774E-04 2.441E-02
    7022 2.6806E+00 3.7743E-04  ( 0.295    , -1.953E-03,   0.00    ) |  3.774E-04 2.441E-02
    7023 2.6810E+00 3.7743E-04  ( 0.295    , -1.953E-03,   0.00    ) |  3.774E-04 2.441E-02
    7024 2.6814E+00 3.7744E-04  ( 0.295    , -1.953E-03,   0.00    ) |  3.774E-04 2.441E-02
    7025 2.6818E+00 3.7744E-04  ( 0.295    , -1.953E-03,   0.00    ) |  3.774E-04 2.441E-02
    7026 2.6821E+00 3.7745E-04  ( 0.295    , -1.953E-03,   0.00    ) |  3.774E-04 2.441E-02
    7027 2.6825E+00 3.7745E-04  ( 0.295    , -1.953E-03,   0.00    ) |  3.775E-04 2.441E-02
    7028 2.6829E+00 3.7746E-04  ( 0.295    , -1.953E-03,   0.00    ) |  3.775E-04 2.441E-02
    7029 2.6833E+00 3.7746E-04  ( 0.295    , -1.953E-03,   0.00    ) |  3.775E-04 2.441E-02
    7030 2.6837E+00 3.7747E-04  ( 0.295    , -1.953E-03,   0.00    ) |  3.775E-04 2.441E-02
    7031 2.6840E+00 3.7747E-04  ( 0.295    , -1.953E-03,   0.00    ) |  3.775E-04 2.441E-02
    7032 2.6844E+00 3.7748E-04  ( 0.295    , -1.953E-03,   0.00    ) |  3.775E-04 2.441E-02
    7033 2.6848E+00 3.7748E-04  ( 0.295    , -1.953E-03,   0.00    ) |  3.775E-04 2.441E-02
    7034 2.6852E+00 3.7749E-04  ( 0.295    , -1.953E-03,   0.00    ) |  3.775E-04 2.441E-02
    7035 2.6855E+00 3.7749E-04  ( 0.295    , -1.953E-03,   0.00    ) |  3.775E-04 2.441E-02
    7036 2.6859E+00 3.7750E-04  ( 0.295    , -1.953E-03,   0.00    ) |  3.775E-04 2.441E-02
    7037 2.6863E+00 3.7750E-04  ( 0.295    , -1.953E-03,   0.00    ) |  3.775E-04 2.441E-02
    7038 2.6867E+00 3.7751E-04  ( 0.295    , -1.953E-03,   0.00    ) |  3.775E-04 2.441E-02
    7039 2.6871E+00 3.7751E-04  ( 0.295    , -1.953E-03,   0.00    ) |  3.775E-04 2.441E-02
    7040 2.6874E+00 3.7752E-04  ( 0.295    , -1.953E-03,   0.00    ) |  3.775E-04 2.441E-02
    7041 2.6878E+00 3.7752E-04  ( 0.295    , -1.953E-03,   0.00    ) |  3.775E-04 2.441E-02
    7042 2.6882E+00 3.7753E-04  ( 0.295    , -1.953E-03,   0.00    ) |  3.775E-04 2.441E-02
    7043 2.6886E+00 3.7753E-04  ( 0.295    , -1.953E-03,   0.00    ) |  3.775E-04 2.441E-02
    7044 2.6889E+00 3.7754E-04  ( 0.295    , -1.953E-03,   0.00    ) |  3.775E-04 2.441E-02
    7045 2.6893E+00 3.7755E-04  ( 0.295    , -1.953E-03,   0.00    ) |  3.775E-04 2.441E-02
    7046 2.6897E+00 3.7755E-04  ( 0.295    , -1.953E-03,   0.00    ) |  3.776E-04 2.441E-02
    7047 2.6901E+00 3.7756E-04  ( 0.295    , -1.953E-03,   0.00    ) |  3.776E-04 2.441E-02
    7048 2.6905E+00 3.7757E-04  ( 0.295    , -1.953E-03,   0.00    ) |  3.776E-04 2.441E-02
    7049 2.6908E+00 3.7757E-04  ( 0.295    , -1.953E-03,   0.00    ) |  3.776E-04 2.441E-02
    7050 2.6912E+00 3.7758E-04  ( 0.295    , -1.953E-03,   0.00    ) |  3.776E-04 2.441E-02
    7051 2.6916E+00 3.7759E-04  ( 0.295    , -1.953E-03,   0.00    ) |  3.776E-04 2.441E-02
    7052 2.6920E+00 3.7760E-04  ( 0.295    , -1.953E-03,   0.00    ) |  3.776E-04 2.441E-02
    7053 2.6923E+00 3.7760E-04  ( 0.295    , -1.953E-03,   0.00    ) |  3.776E-04 2.441E-02
    7054 2.6927E+00 3.7761E-04  ( 0.295    , -1.953E-03,   0.00    ) |  3.776E-04 2.441E-02
    7055 2.6931E+00 3.7762E-04  ( 0.295    , -1.953E-03,   0.00    ) |  3.776E-04 2.441E-02
    7056 2.6935E+00 3.7763E-04  ( 0.295    , -1.953E-03,   0.00    ) |  3.776E-04 2.441E-02
    7057 2.6939E+00 3.7763E-04  ( 0.295    , -1.953E-03,   0.00    ) |  3.776E-04 2.441E-02
    7058 2.6942E+00 3.7764E-04  ( 0.291    ,  1.953E-03,   0.00    ) |  3.776E-04 2.441E-02
    7059 2.6946E+00 3.7765E-04  ( 0.291    , -1.953E-03,   0.00    ) |  3.776E-04 2.441E-02
    7060 2.6950E+00 3.7766E-04  ( 0.291    ,  1.953E-03,   0.00    ) |  3.777E-04 2.441E-02
    7061 2.6954E+00 3.7767E-04  ( 0.291    , -1.953E-03,   0.00    ) |  3.777E-04 2.441E-02
    7062 2.6957E+00 3.7767E-04  ( 0.291    , -1.953E-03,   0.00    ) |  3.777E-04 2.441E-02
    7063 2.6961E+00 3.7768E-04  ( 0.291    , -1.953E-03,   0.00    ) |  3.777E-04 2.441E-02
    7064 2.6965E+00 3.7769E-04  ( 0.291    , -1.953E-03,   0.00    ) |  3.777E-04 2.441E-02
    7065 2.6969E+00 3.7770E-04  ( 0.291    , -1.953E-03,   0.00    ) |  3.777E-04 2.441E-02
    7066 2.6973E+00 3.7771E-04  ( 0.291    , -1.953E-03,   0.00    ) |  3.777E-04 2.441E-02
    7067 2.6976E+00 3.7772E-04  ( 0.291    , -1.953E-03,   0.00    ) |  3.777E-04 2.441E-02
    7068 2.6980E+00 3.7772E-04  ( 0.291    , -1.953E-03,   0.00    ) |  3.777E-04 2.441E-02
    7069 2.6984E+00 3.7773E-04  ( 0.291    , -1.953E-03,   0.00    ) |  3.777E-04 2.441E-02
    7070 2.6988E+00 3.7774E-04  ( 0.291    , -1.953E-03,   0.00    ) |  3.777E-04 2.441E-02
    7071 2.6991E+00 3.7775E-04  ( 0.291    , -1.953E-03,   0.00    ) |  3.777E-04 2.441E-02
    7072 2.6995E+00 3.7776E-04  ( 0.291    , -1.953E-03,   0.00    ) |  3.778E-04 2.441E-02
    7073 2.6999E+00 3.7777E-04  ( 0.291    , -1.953E-03,   0.00    ) |  3.778E-04 2.441E-02
 *** Wrote plotfile to flash_run_hdf5_plt_cnt_0108 ****
    7074 2.7003E+00 3.7777E-04  ( 0.291    , -1.953E-03,   0.00    ) |  3.778E-04 2.441E-02
    7075 2.7007E+00 3.7778E-04  ( 0.291    , -1.953E-03,   0.00    ) |  3.778E-04 2.441E-02
    7076 2.7010E+00 3.7779E-04  ( 0.291    , -1.953E-03,   0.00    ) |  3.778E-04 2.441E-02
    7077 2.7014E+00 3.7780E-04  ( 0.291    , -1.953E-03,   0.00    ) |  3.778E-04 2.441E-02
    7078 2.7018E+00 3.7781E-04  ( 0.291    ,  1.953E-03,   0.00    ) |  3.778E-04 2.441E-02
    7079 2.7022E+00 3.7782E-04  ( 0.291    , -1.953E-03,   0.00    ) |  3.778E-04 2.441E-02
    7080 2.7025E+00 3.7783E-04  ( 0.291    , -1.953E-03,   0.00    ) |  3.778E-04 2.441E-02
    7081 2.7029E+00 3.7783E-04  ( 0.291    , -1.953E-03,   0.00    ) |  3.778E-04 2.441E-02
    7082 2.7033E+00 3.7784E-04  ( 0.291    , -1.953E-03,   0.00    ) |  3.778E-04 2.441E-02
    7083 2.7037E+00 3.7785E-04  ( 0.291    , -1.953E-03,   0.00    ) |  3.779E-04 2.441E-02
    7084 2.7041E+00 3.7786E-04  ( 0.291    ,  1.953E-03,   0.00    ) |  3.779E-04 2.441E-02
    7085 2.7044E+00 3.7787E-04  ( 0.291    , -1.953E-03,   0.00    ) |  3.779E-04 2.441E-02
    7086 2.7048E+00 3.7788E-04  ( 0.291    , -1.953E-03,   0.00    ) |  3.779E-04 2.441E-02
    7087 2.7052E+00 3.7789E-04  ( 0.291    , -1.953E-03,   0.00    ) |  3.779E-04 2.441E-02
    7088 2.7056E+00 3.7789E-04  ( 0.291    , -1.953E-03,   0.00    ) |  3.779E-04 2.441E-02
    7089 2.7059E+00 3.7790E-04  ( 0.291    ,  1.953E-03,   0.00    ) |  3.779E-04 2.441E-02
    7090 2.7063E+00 3.7791E-04  ( 0.291    , -1.953E-03,   0.00    ) |  3.779E-04 2.441E-02
    7091 2.7067E+00 3.7792E-04  ( 0.291    ,  1.953E-03,   0.00    ) |  3.779E-04 2.441E-02
    7092 2.7071E+00 3.7793E-04  ( 0.291    , -1.953E-03,   0.00    ) |  3.779E-04 2.441E-02
    7093 2.7075E+00 3.7794E-04  ( 0.291    , -1.953E-03,   0.00    ) |  3.779E-04 2.441E-02
    7094 2.7078E+00 3.7795E-04  ( 0.291    , -1.953E-03,   0.00    ) |  3.779E-04 2.441E-02
    7095 2.7082E+00 3.7795E-04  ( 0.291    ,  1.953E-03,   0.00    ) |  3.780E-04 2.441E-02
    7096 2.7086E+00 3.7796E-04  ( 0.291    , -1.953E-03,   0.00    ) |  3.780E-04 2.441E-02
    7097 2.7090E+00 3.7797E-04  ( 0.291    , -1.953E-03,   0.00    ) |  3.780E-04 2.441E-02
    7098 2.7093E+00 3.7798E-04  ( 0.291    , -1.953E-03,   0.00    ) |  3.780E-04 2.441E-02
    7099 2.7097E+00 3.7799E-04  ( 0.291    ,  1.953E-03,   0.00    ) |  3.780E-04 2.441E-02
    7100 2.7101E+00 3.7800E-04  ( 0.291    , -1.953E-03,   0.00    ) |  3.780E-04 2.441E-02
    7101 2.7105E+00 3.7801E-04  ( 0.291    ,  1.953E-03,   0.00    ) |  3.780E-04 2.441E-02
    7102 2.7109E+00 3.7801E-04  ( 0.291    ,  1.953E-03,   0.00    ) |  3.780E-04 2.441E-02
    7103 2.7112E+00 3.7802E-04  ( 0.291    ,  1.953E-03,   0.00    ) |  3.780E-04 2.441E-02
    7104 2.7116E+00 3.7803E-04  ( 0.291    ,  1.953E-03,   0.00    ) |  3.780E-04 2.441E-02
    7105 2.7120E+00 3.7804E-04  ( 0.291    , -1.953E-03,   0.00    ) |  3.780E-04 2.441E-02
    7106 2.7124E+00 3.7805E-04  ( 0.291    , -1.953E-03,   0.00    ) |  3.780E-04 2.441E-02
    7107 2.7127E+00 3.7806E-04  ( 0.291    , -1.953E-03,   0.00    ) |  3.781E-04 2.441E-02
    7108 2.7131E+00 3.7806E-04  ( 0.291    ,  1.953E-03,   0.00    ) |  3.781E-04 2.441E-02
    7109 2.7135E+00 3.7807E-04  ( 0.291    , -1.953E-03,   0.00    ) |  3.781E-04 2.441E-02
    7110 2.7139E+00 3.7808E-04  ( 0.291    ,  1.953E-03,   0.00    ) |  3.781E-04 2.441E-02
    7111 2.7143E+00 3.7809E-04  ( 0.291    , -1.953E-03,   0.00    ) |  3.781E-04 2.441E-02
    7112 2.7146E+00 3.7810E-04  ( 0.291    ,  1.953E-03,   0.00    ) |  3.781E-04 2.441E-02
    7113 2.7150E+00 3.7810E-04  ( 0.291    , -1.953E-03,   0.00    ) |  3.781E-04 2.441E-02
    7114 2.7154E+00 3.7811E-04  ( 0.291    , -1.953E-03,   0.00    ) |  3.781E-04 2.441E-02
    7115 2.7158E+00 3.7812E-04  ( 0.291    , -1.953E-03,   0.00    ) |  3.781E-04 2.441E-02
    7116 2.7161E+00 3.7813E-04  ( 0.291    ,  1.953E-03,   0.00    ) |  3.781E-04 2.441E-02
    7117 2.7165E+00 3.7814E-04  ( 0.291    , -1.953E-03,   0.00    ) |  3.781E-04 2.441E-02
    7118 2.7169E+00 3.7814E-04  ( 0.291    , -1.953E-03,   0.00    ) |  3.781E-04 2.441E-02
    7119 2.7173E+00 3.7815E-04  ( 0.291    , -1.953E-03,   0.00    ) |  3.782E-04 2.441E-02
    7120 2.7177E+00 3.7816E-04  ( 0.291    , -1.953E-03,   0.00    ) |  3.782E-04 2.441E-02
    7121 2.7180E+00 3.7817E-04  ( 0.291    ,  1.953E-03,   0.00    ) |  3.782E-04 2.441E-02
    7122 2.7184E+00 3.7817E-04  ( 0.291    ,  1.953E-03,   0.00    ) |  3.782E-04 2.441E-02
    7123 2.7188E+00 3.7818E-04  ( 0.291    , -1.953E-03,   0.00    ) |  3.782E-04 2.441E-02
    7124 2.7192E+00 3.7819E-04  ( 0.291    , -1.953E-03,   0.00    ) |  3.782E-04 2.441E-02
    7125 2.7196E+00 3.7820E-04  ( 0.291    , -1.953E-03,   0.00    ) |  3.782E-04 2.441E-02
    7126 2.7199E+00 3.7821E-04  ( 0.291    ,  1.953E-03,   0.00    ) |  3.782E-04 2.441E-02
    7127 2.7203E+00 3.7821E-04  ( 0.291    , -1.953E-03,   0.00    ) |  3.782E-04 2.441E-02
    7128 2.7207E+00 3.7822E-04  ( 0.291    , -1.953E-03,   0.00    ) |  3.782E-04 2.441E-02
    7129 2.7211E+00 3.7823E-04  ( 0.291    ,  1.953E-03,   0.00    ) |  3.782E-04 2.441E-02
    7130 2.7214E+00 3.7824E-04  ( 0.291    ,  1.953E-03,   0.00    ) |  3.782E-04 2.441E-02
    7131 2.7218E+00 3.7825E-04  ( 0.291    ,  1.953E-03,   0.00    ) |  3.782E-04 2.441E-02
    7132 2.7222E+00 3.7825E-04  ( 0.291    ,  1.953E-03,   0.00    ) |  3.783E-04 2.441E-02
    7133 2.7226E+00 3.7826E-04  ( 0.291    ,  1.953E-03,   0.00    ) |  3.783E-04 2.441E-02
    7134 2.7230E+00 3.7827E-04  ( 0.291    , -1.953E-03,   0.00    ) |  3.783E-04 2.441E-02
    7135 2.7233E+00 3.7828E-04  ( 0.291    , -1.953E-03,   0.00    ) |  3.783E-04 2.441E-02
    7136 2.7237E+00 3.7828E-04  ( 0.291    , -1.953E-03,   0.00    ) |  3.783E-04 2.441E-02
    7137 2.7241E+00 3.7829E-04  ( 0.291    ,  1.953E-03,   0.00    ) |  3.783E-04 2.441E-02
    7138 2.7245E+00 3.7830E-04  ( 0.291    ,  1.953E-03,   0.00    ) |  3.783E-04 2.441E-02
    7139 2.7248E+00 3.7831E-04  ( 0.291    , -1.953E-03,   0.00    ) |  3.783E-04 2.441E-02
 *** Wrote plotfile to flash_run_hdf5_plt_cnt_0109 ****
    7140 2.7252E+00 3.7832E-04  ( 0.291    ,  1.953E-03,   0.00    ) |  3.783E-04 2.441E-02
    7141 2.7256E+00 3.7832E-04  ( 0.291    , -1.953E-03,   0.00    ) |  3.783E-04 2.441E-02
    7142 2.7260E+00 3.7833E-04  ( 0.291    , -1.953E-03,   0.00    ) |  3.783E-04 2.441E-02
    7143 2.7264E+00 3.7834E-04  ( 0.291    ,  1.953E-03,   0.00    ) |  3.783E-04 2.441E-02
    7144 2.7267E+00 3.7835E-04  ( 0.291    , -1.953E-03,   0.00    ) |  3.783E-04 2.441E-02
    7145 2.7271E+00 3.7835E-04  ( 0.291    , -1.953E-03,   0.00    ) |  3.784E-04 2.441E-02
    7146 2.7275E+00 3.7836E-04  ( 0.291    ,  1.953E-03,   0.00    ) |  3.784E-04 2.441E-02
    7147 2.7279E+00 3.7837E-04  ( 0.291    ,  1.953E-03,   0.00    ) |  3.784E-04 2.441E-02
    7148 2.7283E+00 3.7838E-04  ( 0.291    ,  1.953E-03,   0.00    ) |  3.784E-04 2.441E-02
    7149 2.7286E+00 3.7838E-04  ( 0.291    ,  1.953E-03,   0.00    ) |  3.784E-04 2.441E-02
    7150 2.7290E+00 3.7839E-04  ( 0.291    ,  1.953E-03,   0.00    ) |  3.784E-04 2.441E-02
    7151 2.7294E+00 3.7840E-04  ( 0.291    ,  1.953E-03,   0.00    ) |  3.784E-04 2.441E-02
    7152 2.7298E+00 3.7840E-04  ( 0.291    ,  1.953E-03,   0.00    ) |  3.784E-04 2.441E-02
    7153 2.7301E+00 3.7841E-04  ( 0.291    ,  1.953E-03,   0.00    ) |  3.784E-04 2.441E-02
    7154 2.7305E+00 3.7842E-04  ( 0.291    ,  1.953E-03,   0.00    ) |  3.784E-04 2.441E-02
    7155 2.7309E+00 3.7842E-04  ( 0.291    ,  1.953E-03,   0.00    ) |  3.784E-04 2.441E-02
    7156 2.7313E+00 3.7843E-04  ( 0.291    ,  1.953E-03,   0.00    ) |  3.784E-04 2.441E-02
    7157 2.7317E+00 3.7844E-04  ( 0.291    ,  1.953E-03,   0.00    ) |  3.784E-04 2.441E-02
    7158 2.7320E+00 3.7844E-04  ( 0.291    ,  1.953E-03,   0.00    ) |  3.784E-04 2.441E-02
    7159 2.7324E+00 3.7845E-04  ( 0.291    ,  1.953E-03,   0.00    ) |  3.784E-04 2.441E-02
    7160 2.7328E+00 3.7845E-04  ( 0.291    ,  1.953E-03,   0.00    ) |  3.785E-04 2.441E-02
    7161 2.7332E+00 3.7846E-04  ( 0.291    ,  1.953E-03,   0.00    ) |  3.785E-04 2.441E-02
    7162 2.7335E+00 3.7847E-04  ( 0.291    ,  1.953E-03,   0.00    ) |  3.785E-04 2.441E-02
    7163 2.7339E+00 3.7847E-04  ( 0.291    ,  1.953E-03,   0.00    ) |  3.785E-04 2.441E-02
    7164 2.7343E+00 3.7848E-04  ( 0.291    ,  1.953E-03,   0.00    ) |  3.785E-04 2.441E-02
    7165 2.7347E+00 3.7848E-04  ( 0.291    ,  1.953E-03,   0.00    ) |  3.785E-04 2.441E-02
    7166 2.7351E+00 3.7849E-04  ( 0.291    ,  1.953E-03,   0.00    ) |  3.785E-04 2.441E-02
    7167 2.7354E+00 3.7849E-04  ( 0.291    ,  1.953E-03,   0.00    ) |  3.785E-04 2.441E-02
    7168 2.7358E+00 3.7850E-04  ( 0.291    ,  1.953E-03,   0.00    ) |  3.785E-04 2.441E-02
    7169 2.7362E+00 3.7851E-04  ( 0.291    ,  1.953E-03,   0.00    ) |  3.785E-04 2.441E-02
    7170 2.7366E+00 3.7851E-04  ( 0.291    ,  1.953E-03,   0.00    ) |  3.785E-04 2.441E-02
    7171 2.7370E+00 3.7852E-04  ( 0.291    ,  1.953E-03,   0.00    ) |  3.785E-04 2.441E-02
    7172 2.7373E+00 3.7853E-04  ( 0.291    ,  1.953E-03,   0.00    ) |  3.785E-04 2.441E-02
    7173 2.7377E+00 3.7853E-04  ( 0.291    ,  1.953E-03,   0.00    ) |  3.785E-04 2.441E-02
    7174 2.7381E+00 3.7854E-04  ( 0.291    ,  1.953E-03,   0.00    ) |  3.785E-04 2.441E-02
    7175 2.7385E+00 3.7855E-04  ( 0.291    ,  1.953E-03,   0.00    ) |  3.785E-04 2.441E-02
    7176 2.7388E+00 3.7855E-04  ( 0.291    ,  1.953E-03,   0.00    ) |  3.786E-04 2.441E-02
    7177 2.7392E+00 3.7856E-04  ( 0.291    ,  1.953E-03,   0.00    ) |  3.786E-04 2.441E-02
    7178 2.7396E+00 3.7856E-04  ( 0.291    ,  1.953E-03,   0.00    ) |  3.786E-04 2.441E-02
    7179 2.7400E+00 3.7857E-04  ( 0.291    ,  1.953E-03,   0.00    ) |  3.786E-04 2.441E-02
    7180 2.7404E+00 3.7858E-04  ( 0.291    ,  1.953E-03,   0.00    ) |  3.786E-04 2.441E-02
    7181 2.7407E+00 3.7858E-04  ( 0.291    , -1.953E-03,   0.00    ) |  3.786E-04 2.441E-02
    7182 2.7411E+00 3.7859E-04  ( 0.291    ,  1.953E-03,   0.00    ) |  3.786E-04 2.441E-02
    7183 2.7415E+00 3.7859E-04  ( 0.291    ,  1.953E-03,   0.00    ) |  3.786E-04 2.441E-02
    7184 2.7419E+00 3.7860E-04  ( 0.291    ,  1.953E-03,   0.00    ) |  3.786E-04 2.441E-02
    7185 2.7423E+00 3.7860E-04  ( 0.291    ,  1.953E-03,   0.00    ) |  3.786E-04 2.441E-02
    7186 2.7426E+00 3.7861E-04  ( 0.291    , -1.953E-03,   0.00    ) |  3.786E-04 2.441E-02
    7187 2.7430E+00 3.7862E-04  ( 0.291    , -1.953E-03,   0.00    ) |  3.786E-04 2.441E-02
    7188 2.7434E+00 3.7862E-04  ( 0.291    ,  1.953E-03,   0.00    ) |  3.786E-04 2.441E-02
    7189 2.7438E+00 3.7863E-04  ( 0.291    ,  1.953E-03,   0.00    ) |  3.786E-04 2.441E-02
    7190 2.7441E+00 3.7863E-04  ( 0.291    ,  1.953E-03,   0.00    ) |  3.786E-04 2.441E-02
    7191 2.7445E+00 3.7864E-04  ( 0.291    ,  1.953E-03,   0.00    ) |  3.786E-04 2.441E-02
    7192 2.7449E+00 3.7865E-04  ( 0.291    ,  1.953E-03,   0.00    ) |  3.786E-04 2.441E-02
    7193 2.7453E+00 3.7865E-04  ( 0.291    ,  1.953E-03,   0.00    ) |  3.787E-04 2.441E-02
    7194 2.7457E+00 3.7866E-04  ( 0.291    ,  1.953E-03,   0.00    ) |  3.787E-04 2.441E-02
    7195 2.7460E+00 3.7866E-04  ( 0.291    ,  1.953E-03,   0.00    ) |  3.787E-04 2.441E-02
    7196 2.7464E+00 3.7867E-04  ( 0.291    ,  1.953E-03,   0.00    ) |  3.787E-04 2.441E-02
    7197 2.7468E+00 3.7868E-04  ( 0.291    ,  1.953E-03,   0.00    ) |  3.787E-04 2.441E-02
    7198 2.7472E+00 3.7868E-04  ( 0.291    ,  1.953E-03,   0.00    ) |  3.787E-04 2.441E-02
    7199 2.7476E+00 3.7869E-04  ( 0.291    ,  1.953E-03,   0.00    ) |  3.787E-04 2.441E-02
    7200 2.7479E+00 3.7870E-04  ( 0.291    ,  1.953E-03,   0.00    ) |  3.787E-04 2.441E-02
    7201 2.7483E+00 3.7870E-04  ( 0.291    ,  1.953E-03,   0.00    ) |  3.787E-04 2.441E-02
    7202 2.7487E+00 3.7871E-04  ( 0.291    ,  1.953E-03,   0.00    ) |  3.787E-04 2.441E-02
    7203 2.7491E+00 3.7871E-04  ( 0.291    ,  1.953E-03,   0.00    ) |  3.787E-04 2.441E-02
    7204 2.7495E+00 3.7872E-04  ( 0.291    ,  1.953E-03,   0.00    ) |  3.787E-04 2.441E-02
    7205 2.7498E+00 3.7873E-04  ( 0.291    ,  1.953E-03,   0.00    ) |  3.787E-04 2.441E-02
 *** Wrote plotfile to flash_run_hdf5_plt_cnt_0110 ****
    7206 2.7502E+00 3.7873E-04  ( 0.291    ,  1.953E-03,   0.00    ) |  3.787E-04 2.441E-02
    7207 2.7506E+00 3.7874E-04  ( 0.291    ,  1.953E-03,   0.00    ) |  3.787E-04 2.441E-02
    7208 2.7510E+00 3.7875E-04  ( 0.291    ,  1.953E-03,   0.00    ) |  3.787E-04 2.441E-02
    7209 2.7513E+00 3.7875E-04  ( 0.287    ,  1.953E-03,   0.00    ) |  3.788E-04 2.441E-02
    7210 2.7517E+00 3.7876E-04  ( 0.287    ,  1.953E-03,   0.00    ) |  3.788E-04 2.441E-02
    7211 2.7521E+00 3.7877E-04  ( 0.287    ,  1.953E-03,   0.00    ) |  3.788E-04 2.441E-02
    7212 2.7525E+00 3.7877E-04  ( 0.287    , -1.953E-03,   0.00    ) |  3.788E-04 2.441E-02
    7213 2.7529E+00 3.7878E-04  ( 0.287    ,  1.953E-03,   0.00    ) |  3.788E-04 2.441E-02
    7214 2.7532E+00 3.7878E-04  ( 0.287    , -1.953E-03,   0.00    ) |  3.788E-04 2.441E-02
    7215 2.7536E+00 3.7879E-04  ( 0.287    ,  1.953E-03,   0.00    ) |  3.788E-04 2.441E-02
    7216 2.7540E+00 3.7879E-04  ( 0.287    ,  1.953E-03,   0.00    ) |  3.788E-04 2.441E-02
    7217 2.7544E+00 3.7880E-04  ( 0.287    ,  1.953E-03,   0.00    ) |  3.788E-04 2.441E-02
    7218 2.7548E+00 3.7880E-04  ( 0.287    , -1.953E-03,   0.00    ) |  3.788E-04 2.441E-02
    7219 2.7551E+00 3.7881E-04  ( 0.287    , -1.953E-03,   0.00    ) |  3.788E-04 2.441E-02
    7220 2.7555E+00 3.7881E-04  ( 0.287    ,  1.953E-03,   0.00    ) |  3.788E-04 2.441E-02
    7221 2.7559E+00 3.7882E-04  ( 0.287    , -1.953E-03,   0.00    ) |  3.788E-04 2.441E-02
    7222 2.7563E+00 3.7882E-04  ( 0.287    , -1.953E-03,   0.00    ) |  3.788E-04 2.441E-02
    7223 2.7566E+00 3.7883E-04  ( 0.287    , -1.953E-03,   0.00    ) |  3.788E-04 2.441E-02
    7224 2.7570E+00 3.7883E-04  ( 0.287    , -1.953E-03,   0.00    ) |  3.788E-04 2.441E-02
    7225 2.7574E+00 3.7884E-04  ( 0.287    , -1.953E-03,   0.00    ) |  3.788E-04 2.441E-02
    7226 2.7578E+00 3.7884E-04  ( 0.287    , -1.953E-03,   0.00    ) |  3.788E-04 2.441E-02
    7227 2.7582E+00 3.7885E-04  ( 0.287    , -1.953E-03,   0.00    ) |  3.788E-04 2.441E-02
    7228 2.7585E+00 3.7885E-04  ( 0.287    , -1.953E-03,   0.00    ) |  3.789E-04 2.441E-02
    7229 2.7589E+00 3.7886E-04  ( 0.287    , -1.953E-03,   0.00    ) |  3.789E-04 2.441E-02
    7230 2.7593E+00 3.7887E-04  ( 0.287    , -1.953E-03,   0.00    ) |  3.789E-04 2.441E-02
    7231 2.7597E+00 3.7887E-04  ( 0.287    , -1.953E-03,   0.00    ) |  3.789E-04 2.441E-02
    7232 2.7601E+00 3.7888E-04  ( 0.287    , -1.953E-03,   0.00    ) |  3.789E-04 2.441E-02
    7233 2.7604E+00 3.7888E-04  ( 0.287    , -1.953E-03,   0.00    ) |  3.789E-04 2.441E-02
    7234 2.7608E+00 3.7889E-04  ( 0.287    , -1.953E-03,   0.00    ) |  3.789E-04 2.441E-02
    7235 2.7612E+00 3.7889E-04  ( 0.287    , -1.953E-03,   0.00    ) |  3.789E-04 2.441E-02
    7236 2.7616E+00 3.7890E-04  ( 0.287    , -1.953E-03,   0.00    ) |  3.789E-04 2.441E-02
    7237 2.7620E+00 3.7890E-04  ( 0.287    , -1.953E-03,   0.00    ) |  3.789E-04 2.441E-02
    7238 2.7623E+00 3.7891E-04  ( 0.287    , -1.953E-03,   0.00    ) |  3.789E-04 2.441E-02
    7239 2.7627E+00 3.7891E-04  ( 0.287    , -1.953E-03,   0.00    ) |  3.789E-04 2.441E-02
    7240 2.7631E+00 3.7892E-04  ( 0.287    , -1.953E-03,   0.00    ) |  3.789E-04 2.441E-02
    7241 2.7635E+00 3.7892E-04  ( 0.287    , -1.953E-03,   0.00    ) |  3.789E-04 2.441E-02
    7242 2.7638E+00 3.7893E-04  ( 0.287    , -1.953E-03,   0.00    ) |  3.789E-04 2.441E-02
    7243 2.7642E+00 3.7894E-04  ( 0.287    , -1.953E-03,   0.00    ) |  3.789E-04 2.441E-02
    7244 2.7646E+00 3.7894E-04  ( 0.287    , -1.953E-03,   0.00    ) |  3.789E-04 2.441E-02
    7245 2.7650E+00 3.7895E-04  ( 0.287    , -1.953E-03,   0.00    ) |  3.789E-04 2.441E-02
    7246 2.7654E+00 3.7895E-04  ( 0.287    , -1.953E-03,   0.00    ) |  3.790E-04 2.441E-02
    7247 2.7657E+00 3.7896E-04  ( 0.287    , -1.953E-03,   0.00    ) |  3.790E-04 2.441E-02
    7248 2.7661E+00 3.7896E-04  ( 0.287    , -1.953E-03,   0.00    ) |  3.790E-04 2.441E-02
    7249 2.7665E+00 3.7897E-04  ( 0.287    , -1.953E-03,   0.00    ) |  3.790E-04 2.441E-02
    7250 2.7669E+00 3.7898E-04  ( 0.287    , -1.953E-03,   0.00    ) |  3.790E-04 2.441E-02
    7251 2.7673E+00 3.7898E-04  ( 0.287    , -1.953E-03,   0.00    ) |  3.790E-04 2.441E-02
    7252 2.7676E+00 3.7899E-04  ( 0.287    , -1.953E-03,   0.00    ) |  3.790E-04 2.441E-02
    7253 2.7680E+00 3.7899E-04  ( 0.287    , -1.953E-03,   0.00    ) |  3.790E-04 2.441E-02
    7254 2.7684E+00 3.7900E-04  ( 0.287    , -1.953E-03,   0.00    ) |  3.790E-04 2.441E-02
    7255 2.7688E+00 3.7901E-04  ( 0.287    , -1.953E-03,   0.00    ) |  3.790E-04 2.441E-02
    7256 2.7692E+00 3.7901E-04  ( 0.287    , -1.953E-03,   0.00    ) |  3.790E-04 2.441E-02
    7257 2.7695E+00 3.7902E-04  ( 0.287    , -1.953E-03,   0.00    ) |  3.790E-04 2.441E-02
    7258 2.7699E+00 3.7903E-04  ( 0.287    , -1.953E-03,   0.00    ) |  3.790E-04 2.441E-02
    7259 2.7703E+00 3.7903E-04  ( 0.287    , -1.953E-03,   0.00    ) |  3.790E-04 2.441E-02
    7260 2.7707E+00 3.7904E-04  ( 0.287    , -1.953E-03,   0.00    ) |  3.790E-04 2.441E-02
    7261 2.7710E+00 3.7904E-04  ( 0.287    , -1.953E-03,   0.00    ) |  3.790E-04 2.441E-02
    7262 2.7714E+00 3.7905E-04  ( 0.287    , -1.953E-03,   0.00    ) |  3.791E-04 2.441E-02
    7263 2.7718E+00 3.7906E-04  ( 0.287    , -1.953E-03,   0.00    ) |  3.791E-04 2.441E-02
    7264 2.7722E+00 3.7907E-04  ( 0.287    , -1.953E-03,   0.00    ) |  3.791E-04 2.441E-02
    7265 2.7726E+00 3.7907E-04  ( 0.287    , -1.953E-03,   0.00    ) |  3.791E-04 2.441E-02
    7266 2.7729E+00 3.7908E-04  ( 0.287    , -1.953E-03,   0.00    ) |  3.791E-04 2.441E-02
    7267 2.7733E+00 3.7909E-04  ( 0.287    , -1.953E-03,   0.00    ) |  3.791E-04 2.441E-02
    7268 2.7737E+00 3.7909E-04  ( 0.287    , -1.953E-03,   0.00    ) |  3.791E-04 2.441E-02
    7269 2.7741E+00 3.7910E-04  ( 0.287    , -1.953E-03,   0.00    ) |  3.791E-04 2.441E-02
    7270 2.7745E+00 3.7911E-04  ( 0.287    , -1.953E-03,   0.00    ) |  3.791E-04 2.441E-02
    7271 2.7748E+00 3.7911E-04  ( 0.287    , -1.953E-03,   0.00    ) |  3.791E-04 2.441E-02
 *** Wrote plotfile to flash_run_hdf5_plt_cnt_0111 ****
    7272 2.7752E+00 3.7912E-04  ( 0.287    , -1.953E-03,   0.00    ) |  3.791E-04 2.441E-02
    7273 2.7756E+00 3.7913E-04  ( 0.287    , -1.953E-03,   0.00    ) |  3.791E-04 2.441E-02
    7274 2.7760E+00 3.7914E-04  ( 0.287    , -1.953E-03,   0.00    ) |  3.791E-04 2.441E-02
    7275 2.7764E+00 3.7914E-04  ( 0.287    , -1.953E-03,   0.00    ) |  3.791E-04 2.441E-02
    7276 2.7767E+00 3.7915E-04  ( 0.287    , -1.953E-03,   0.00    ) |  3.792E-04 2.441E-02
    7277 2.7771E+00 3.7916E-04  ( 0.287    , -1.953E-03,   0.00    ) |  3.792E-04 2.441E-02
    7278 2.7775E+00 3.7917E-04  ( 0.287    , -1.953E-03,   0.00    ) |  3.792E-04 2.441E-02
    7279 2.7779E+00 3.7917E-04  ( 0.287    , -1.953E-03,   0.00    ) |  3.792E-04 2.441E-02
    7280 2.7782E+00 3.7918E-04  ( 0.287    , -1.953E-03,   0.00    ) |  3.792E-04 2.441E-02
    7281 2.7786E+00 3.7919E-04  ( 0.287    , -1.953E-03,   0.00    ) |  3.792E-04 2.441E-02
    7282 2.7790E+00 3.7920E-04  ( 0.287    , -1.953E-03,   0.00    ) |  3.792E-04 2.441E-02
    7283 2.7794E+00 3.7921E-04  ( 0.287    , -1.953E-03,   0.00    ) |  3.792E-04 2.441E-02
    7284 2.7798E+00 3.7921E-04  ( 0.287    , -1.953E-03,   0.00    ) |  3.792E-04 2.441E-02
    7285 2.7801E+00 3.7922E-04  ( 0.287    , -1.953E-03,   0.00    ) |  3.792E-04 2.441E-02
    7286 2.7805E+00 3.7923E-04  ( 0.287    , -1.953E-03,   0.00    ) |  3.792E-04 2.441E-02
    7287 2.7809E+00 3.7924E-04  ( 0.287    , -1.953E-03,   0.00    ) |  3.792E-04 2.441E-02
    7288 2.7813E+00 3.7924E-04  ( 0.287    , -1.953E-03,   0.00    ) |  3.792E-04 2.441E-02
    7289 2.7817E+00 3.7925E-04  ( 0.287    , -1.953E-03,   0.00    ) |  3.793E-04 2.441E-02
    7290 2.7820E+00 3.7926E-04  ( 0.287    , -1.953E-03,   0.00    ) |  3.793E-04 2.441E-02
    7291 2.7824E+00 3.7927E-04  ( 0.287    , -1.953E-03,   0.00    ) |  3.793E-04 2.441E-02
    7292 2.7828E+00 3.7927E-04  ( 0.287    , -1.953E-03,   0.00    ) |  3.793E-04 2.441E-02
    7293 2.7832E+00 3.7928E-04  ( 0.287    , -1.953E-03,   0.00    ) |  3.793E-04 2.441E-02
    7294 2.7836E+00 3.7929E-04  ( 0.287    , -1.953E-03,   0.00    ) |  3.793E-04 2.441E-02
    7295 2.7839E+00 3.7930E-04  ( 0.287    , -1.953E-03,   0.00    ) |  3.793E-04 2.441E-02
    7296 2.7843E+00 3.7930E-04  ( 0.287    , -1.953E-03,   0.00    ) |  3.793E-04 2.441E-02
    7297 2.7847E+00 3.7931E-04  ( 0.287    , -1.953E-03,   0.00    ) |  3.793E-04 2.441E-02
    7298 2.7851E+00 3.7932E-04  ( 0.287    , -1.953E-03,   0.00    ) |  3.793E-04 2.441E-02
    7299 2.7855E+00 3.7932E-04  ( 0.287    , -1.953E-03,   0.00    ) |  3.793E-04 2.441E-02
    7300 2.7858E+00 3.7933E-04  ( 0.287    , -1.953E-03,   0.00    ) |  3.793E-04 2.441E-02
    7301 2.7862E+00 3.7934E-04  ( 0.287    , -1.953E-03,   0.00    ) |  3.793E-04 2.441E-02
    7302 2.7866E+00 3.7935E-04  ( 0.287    , -1.953E-03,   0.00    ) |  3.793E-04 2.441E-02
    7303 2.7870E+00 3.7935E-04  ( 0.287    , -1.953E-03,   0.00    ) |  3.794E-04 2.441E-02
    7304 2.7874E+00 3.7936E-04  ( 0.287    , -1.953E-03,   0.00    ) |  3.794E-04 2.441E-02
    7305 2.7877E+00 3.7937E-04  ( 0.287    , -1.953E-03,   0.00    ) |  3.794E-04 2.441E-02
    7306 2.7881E+00 3.7938E-04  ( 0.287    , -1.953E-03,   0.00    ) |  3.794E-04 2.441E-02
    7307 2.7885E+00 3.7938E-04  ( 0.287    , -1.953E-03,   0.00    ) |  3.794E-04 2.441E-02
    7308 2.7889E+00 3.7939E-04  ( 0.287    , -1.953E-03,   0.00    ) |  3.794E-04 2.441E-02
    7309 2.7892E+00 3.7940E-04  ( 0.287    , -1.953E-03,   0.00    ) |  3.794E-04 2.441E-02
    7310 2.7896E+00 3.7941E-04  ( 0.287    , -1.953E-03,   0.00    ) |  3.794E-04 2.441E-02
    7311 2.7900E+00 3.7941E-04  ( 0.287    , -1.953E-03,   0.00    ) |  3.794E-04 2.441E-02
    7312 2.7904E+00 3.7942E-04  ( 0.287    , -1.953E-03,   0.00    ) |  3.794E-04 2.441E-02
    7313 2.7908E+00 3.7943E-04  ( 0.287    , -1.953E-03,   0.00    ) |  3.794E-04 2.441E-02
    7314 2.7911E+00 3.7943E-04  ( 0.287    , -1.953E-03,   0.00    ) |  3.794E-04 2.441E-02
    7315 2.7915E+00 3.7944E-04  ( 0.287    , -1.953E-03,   0.00    ) |  3.794E-04 2.441E-02
    7316 2.7919E+00 3.7945E-04  ( 0.287    , -1.953E-03,   0.00    ) |  3.794E-04 2.441E-02
    7317 2.7923E+00 3.7945E-04  ( 0.287    , -1.953E-03,   0.00    ) |  3.795E-04 2.441E-02
    7318 2.7927E+00 3.7946E-04  ( 0.287    , -1.953E-03,   0.00    ) |  3.795E-04 2.441E-02
    7319 2.7930E+00 3.7947E-04  ( 0.287    , -1.953E-03,   0.00    ) |  3.795E-04 2.441E-02
    7320 2.7934E+00 3.7948E-04  ( 0.287    , -1.953E-03,   0.00    ) |  3.795E-04 2.441E-02
    7321 2.7938E+00 3.7948E-04  ( 0.287    , -1.953E-03,   0.00    ) |  3.795E-04 2.441E-02
    7322 2.7942E+00 3.7949E-04  ( 0.287    , -1.953E-03,   0.00    ) |  3.795E-04 2.441E-02
    7323 2.7946E+00 3.7950E-04  ( 0.287    , -1.953E-03,   0.00    ) |  3.795E-04 2.441E-02
    7324 2.7949E+00 3.7950E-04  ( 0.287    , -1.953E-03,   0.00    ) |  3.795E-04 2.441E-02
    7325 2.7953E+00 3.7951E-04  ( 0.287    , -1.953E-03,   0.00    ) |  3.795E-04 2.441E-02
    7326 2.7957E+00 3.7952E-04  ( 0.287    , -1.953E-03,   0.00    ) |  3.795E-04 2.441E-02
    7327 2.7961E+00 3.7953E-04  ( 0.287    , -1.953E-03,   0.00    ) |  3.795E-04 2.441E-02
    7328 2.7965E+00 3.7954E-04  ( 0.287    , -1.953E-03,   0.00    ) |  3.795E-04 2.441E-02
    7329 2.7968E+00 3.7954E-04  ( 0.287    , -1.953E-03,   0.00    ) |  3.795E-04 2.441E-02
    7330 2.7972E+00 3.7955E-04  ( 0.287    , -1.953E-03,   0.00    ) |  3.796E-04 2.441E-02
    7331 2.7976E+00 3.7956E-04  ( 0.287    , -1.953E-03,   0.00    ) |  3.796E-04 2.441E-02
    7332 2.7980E+00 3.7957E-04  ( 0.287    , -1.953E-03,   0.00    ) |  3.796E-04 2.441E-02
    7333 2.7984E+00 3.7958E-04  ( 0.287    , -1.953E-03,   0.00    ) |  3.796E-04 2.441E-02
    7334 2.7987E+00 3.7958E-04  ( 0.287    , -1.953E-03,   0.00    ) |  3.796E-04 2.441E-02
    7335 2.7991E+00 3.7959E-04  ( 0.287    , -1.953E-03,   0.00    ) |  3.796E-04 2.441E-02
    7336 2.7995E+00 3.7960E-04  ( 0.287    , -1.953E-03,   0.00    ) |  3.796E-04 2.441E-02
    7337 2.7999E+00 3.7961E-04  ( 0.287    , -1.953E-03,   0.00    ) |  3.796E-04 2.441E-02
 *** Wrote plotfile to flash_run_hdf5_plt_cnt_0112 ****
    7338 2.8003E+00 3.7962E-04  ( 0.287    , -1.953E-03,   0.00    ) |  3.796E-04 2.441E-02
    7339 2.8006E+00 3.7963E-04  ( 0.287    , -1.953E-03,   0.00    ) |  3.796E-04 2.441E-02
    7340 2.8010E+00 3.7964E-04  ( 0.287    , -1.953E-03,   0.00    ) |  3.796E-04 2.441E-02
    7341 2.8014E+00 3.7964E-04  ( 0.287    , -1.953E-03,   0.00    ) |  3.796E-04 2.441E-02
    7342 2.8018E+00 3.7965E-04  ( 0.287    , -1.953E-03,   0.00    ) |  3.797E-04 2.441E-02
    7343 2.8022E+00 3.7966E-04  ( 0.287    , -1.953E-03,   0.00    ) |  3.797E-04 2.441E-02
    7344 2.8025E+00 3.7967E-04  ( 0.287    , -1.953E-03,   0.00    ) |  3.797E-04 2.441E-02
    7345 2.8029E+00 3.7968E-04  ( 0.287    , -1.953E-03,   0.00    ) |  3.797E-04 2.441E-02
    7346 2.8033E+00 3.7969E-04  ( 0.287    , -1.953E-03,   0.00    ) |  3.797E-04 2.441E-02
    7347 2.8037E+00 3.7970E-04  ( 0.287    , -1.953E-03,   0.00    ) |  3.797E-04 2.441E-02
    7348 2.8041E+00 3.7970E-04  ( 0.287    , -1.953E-03,   0.00    ) |  3.797E-04 2.441E-02
    7349 2.8044E+00 3.7971E-04  ( 0.287    , -1.953E-03,   0.00    ) |  3.797E-04 2.441E-02
    7350 2.8048E+00 3.7972E-04  ( 0.287    , -1.953E-03,   0.00    ) |  3.797E-04 2.441E-02
    7351 2.8052E+00 3.7973E-04  ( 0.287    , -1.953E-03,   0.00    ) |  3.797E-04 2.441E-02
    7352 2.8056E+00 3.7974E-04  ( 0.287    , -1.953E-03,   0.00    ) |  3.797E-04 2.441E-02
    7353 2.8059E+00 3.7975E-04  ( 0.287    , -1.953E-03,   0.00    ) |  3.797E-04 2.441E-02
    7354 2.8063E+00 3.7975E-04  ( 0.287    , -1.953E-03,   0.00    ) |  3.798E-04 2.441E-02
    7355 2.8067E+00 3.7976E-04  ( 0.287    , -1.953E-03,   0.00    ) |  3.798E-04 2.441E-02
    7356 2.8071E+00 3.7977E-04  ( 0.287    , -1.953E-03,   0.00    ) |  3.798E-04 2.441E-02
    7357 2.8075E+00 3.7978E-04  ( 0.287    , -1.953E-03,   0.00    ) |  3.798E-04 2.441E-02
    7358 2.8078E+00 3.7979E-04  ( 0.287    , -1.953E-03,   0.00    ) |  3.798E-04 2.441E-02
    7359 2.8082E+00 3.7980E-04  ( 0.287    , -1.953E-03,   0.00    ) |  3.798E-04 2.441E-02
    7360 2.8086E+00 3.7980E-04  ( 0.287    , -1.953E-03,   0.00    ) |  3.798E-04 2.441E-02
    7361 2.8090E+00 3.7981E-04  ( 0.287    , -1.953E-03,   0.00    ) |  3.798E-04 2.441E-02
    7362 2.8094E+00 3.7982E-04  ( 0.287    , -1.953E-03,   0.00    ) |  3.798E-04 2.441E-02
    7363 2.8097E+00 3.7983E-04  ( 0.287    , -1.953E-03,   0.00    ) |  3.798E-04 2.441E-02
    7364 2.8101E+00 3.7984E-04  ( 0.287    , -1.953E-03,   0.00    ) |  3.798E-04 2.441E-02
    7365 2.8105E+00 3.7985E-04  ( 0.287    , -1.953E-03,   0.00    ) |  3.798E-04 2.441E-02
    7366 2.8109E+00 3.7985E-04  ( 0.287    , -1.953E-03,   0.00    ) |  3.799E-04 2.441E-02
    7367 2.8113E+00 3.7986E-04  ( 0.287    , -1.953E-03,   0.00    ) |  3.799E-04 2.441E-02
    7368 2.8116E+00 3.7987E-04  ( 0.287    , -1.953E-03,   0.00    ) |  3.799E-04 2.441E-02
    7369 2.8120E+00 3.7988E-04  ( 0.287    , -1.953E-03,   0.00    ) |  3.799E-04 2.441E-02
    7370 2.8124E+00 3.7989E-04  ( 0.287    , -1.953E-03,   0.00    ) |  3.799E-04 2.441E-02
    7371 2.8128E+00 3.7990E-04  ( 0.287    , -1.953E-03,   0.00    ) |  3.799E-04 2.441E-02
    7372 2.8132E+00 3.7991E-04  ( 0.287    , -1.953E-03,   0.00    ) |  3.799E-04 2.441E-02
    7373 2.8135E+00 3.7991E-04  ( 0.287    , -1.953E-03,   0.00    ) |  3.799E-04 2.441E-02
    7374 2.8139E+00 3.7992E-04  ( 0.287    , -1.953E-03,   0.00    ) |  3.799E-04 2.441E-02
    7375 2.8143E+00 3.7993E-04  ( 0.287    , -1.953E-03,   0.00    ) |  3.799E-04 2.441E-02
    7376 2.8147E+00 3.7994E-04  ( 0.287    , -1.953E-03,   0.00    ) |  3.799E-04 2.441E-02
    7377 2.8151E+00 3.7995E-04  ( 0.287    , -1.953E-03,   0.00    ) |  3.800E-04 2.441E-02
    7378 2.8154E+00 3.7996E-04  ( 0.287    , -1.953E-03,   0.00    ) |  3.800E-04 2.441E-02
    7379 2.8158E+00 3.7997E-04  ( 0.287    , -1.953E-03,   0.00    ) |  3.800E-04 2.441E-02
    7380 2.8162E+00 3.7998E-04  ( 0.287    , -1.953E-03,   0.00    ) |  3.800E-04 2.441E-02
    7381 2.8166E+00 3.7999E-04  ( 0.287    , -1.953E-03,   0.00    ) |  3.800E-04 2.441E-02
    7382 2.8170E+00 3.8000E-04  ( 0.287    , -1.953E-03,   0.00    ) |  3.800E-04 2.441E-02
    7383 2.8173E+00 3.8000E-04  ( 0.283    , -1.953E-03,   0.00    ) |  3.800E-04 2.441E-02
    7384 2.8177E+00 3.8001E-04  ( 0.283    , -1.953E-03,   0.00    ) |  3.800E-04 2.441E-02
    7385 2.8181E+00 3.8002E-04  ( 0.283    , -1.953E-03,   0.00    ) |  3.800E-04 2.441E-02
    7386 2.8185E+00 3.8003E-04  ( 0.283    , -1.953E-03,   0.00    ) |  3.800E-04 2.441E-02
    7387 2.8189E+00 3.8004E-04  ( 0.283    , -1.953E-03,   0.00    ) |  3.800E-04 2.441E-02
    7388 2.8192E+00 3.8005E-04  ( 0.283    , -1.953E-03,   0.00    ) |  3.800E-04 2.441E-02
    7389 2.8196E+00 3.8006E-04  ( 0.283    , -1.953E-03,   0.00    ) |  3.801E-04 2.441E-02
    7390 2.8200E+00 3.8006E-04  ( 0.283    , -1.953E-03,   0.00    ) |  3.801E-04 2.441E-02
    7391 2.8204E+00 3.8007E-04  ( 0.283    , -1.953E-03,   0.00    ) |  3.801E-04 2.441E-02
    7392 2.8208E+00 3.8008E-04  ( 0.283    , -1.953E-03,   0.00    ) |  3.801E-04 2.441E-02
    7393 2.8211E+00 3.8009E-04  ( 0.283    , -1.953E-03,   0.00    ) |  3.801E-04 2.441E-02
    7394 2.8215E+00 3.8010E-04  ( 0.283    , -1.953E-03,   0.00    ) |  3.801E-04 2.441E-02
    7395 2.8219E+00 3.8010E-04  ( 0.283    , -1.953E-03,   0.00    ) |  3.801E-04 2.441E-02
    7396 2.8223E+00 3.8011E-04  ( 0.283    , -1.953E-03,   0.00    ) |  3.801E-04 2.441E-02
    7397 2.8227E+00 3.8012E-04  ( 0.283    , -1.953E-03,   0.00    ) |  3.801E-04 2.441E-02
    7398 2.8230E+00 3.8013E-04  ( 0.283    , -1.953E-03,   0.00    ) |  3.801E-04 2.441E-02
    7399 2.8234E+00 3.8014E-04  ( 0.283    , -1.953E-03,   0.00    ) |  3.801E-04 2.441E-02
    7400 2.8238E+00 3.8015E-04  ( 0.283    , -1.953E-03,   0.00    ) |  3.801E-04 2.441E-02
    7401 2.8242E+00 3.8015E-04  ( 0.283    , -1.953E-03,   0.00    ) |  3.802E-04 2.441E-02
    7402 2.8246E+00 3.8016E-04  ( 0.283    , -1.953E-03,   0.00    ) |  3.802E-04 2.441E-02
    7403 2.8249E+00 3.8017E-04  ( 0.283    , -1.953E-03,   0.00    ) |  3.802E-04 2.441E-02
 *** Wrote plotfile to flash_run_hdf5_plt_cnt_0113 ****
    7404 2.8253E+00 3.8018E-04  ( 0.283    , -1.953E-03,   0.00    ) |  3.802E-04 2.441E-02
    7405 2.8257E+00 3.8019E-04  ( 0.283    , -1.953E-03,   0.00    ) |  3.802E-04 2.441E-02
    7406 2.8261E+00 3.8020E-04  ( 0.283    , -1.953E-03,   0.00    ) |  3.802E-04 2.441E-02
    7407 2.8265E+00 3.8020E-04  ( 0.283    , -1.953E-03,   0.00    ) |  3.802E-04 2.441E-02
    7408 2.8268E+00 3.8021E-04  ( 0.283    , -1.953E-03,   0.00    ) |  3.802E-04 2.441E-02
    7409 2.8272E+00 3.8022E-04  ( 0.283    , -1.953E-03,   0.00    ) |  3.802E-04 2.441E-02
    7410 2.8276E+00 3.8023E-04  ( 0.283    , -1.953E-03,   0.00    ) |  3.802E-04 2.441E-02
    7411 2.8280E+00 3.8024E-04  ( 0.283    , -1.953E-03,   0.00    ) |  3.802E-04 2.441E-02
    7412 2.8284E+00 3.8024E-04  ( 0.283    , -1.953E-03,   0.00    ) |  3.802E-04 2.441E-02
    7413 2.8287E+00 3.8025E-04  ( 0.283    , -1.953E-03,   0.00    ) |  3.803E-04 2.441E-02
    7414 2.8291E+00 3.8026E-04  ( 0.283    , -1.953E-03,   0.00    ) |  3.803E-04 2.441E-02
    7415 2.8295E+00 3.8027E-04  ( 0.283    , -1.953E-03,   0.00    ) |  3.803E-04 2.441E-02
    7416 2.8299E+00 3.8028E-04  ( 0.283    , -1.953E-03,   0.00    ) |  3.803E-04 2.441E-02
    7417 2.8303E+00 3.8029E-04  ( 0.283    , -1.953E-03,   0.00    ) |  3.803E-04 2.441E-02
    7418 2.8307E+00 3.8029E-04  ( 0.283    , -1.953E-03,   0.00    ) |  3.803E-04 2.441E-02
    7419 2.8310E+00 3.8030E-04  ( 0.283    , -1.953E-03,   0.00    ) |  3.803E-04 2.441E-02
    7420 2.8314E+00 3.8031E-04  ( 0.283    , -1.953E-03,   0.00    ) |  3.803E-04 2.441E-02
    7421 2.8318E+00 3.8032E-04  ( 0.283    , -1.953E-03,   0.00    ) |  3.803E-04 2.441E-02
    7422 2.8322E+00 3.8033E-04  ( 0.283    , -1.953E-03,   0.00    ) |  3.803E-04 2.441E-02
    7423 2.8326E+00 3.8034E-04  ( 0.283    , -1.953E-03,   0.00    ) |  3.803E-04 2.441E-02
    7424 2.8329E+00 3.8035E-04  ( 0.283    , -1.953E-03,   0.00    ) |  3.803E-04 2.441E-02
    7425 2.8333E+00 3.8036E-04  ( 0.283    , -1.953E-03,   0.00    ) |  3.804E-04 2.441E-02
    7426 2.8337E+00 3.8037E-04  ( 0.283    , -1.953E-03,   0.00    ) |  3.804E-04 2.441E-02
    7427 2.8341E+00 3.8038E-04  ( 0.283    , -1.953E-03,   0.00    ) |  3.804E-04 2.441E-02
    7428 2.8345E+00 3.8039E-04  ( 0.283    , -1.953E-03,   0.00    ) |  3.804E-04 2.441E-02
    7429 2.8348E+00 3.8040E-04  ( 0.283    , -1.953E-03,   0.00    ) |  3.804E-04 2.441E-02
    7430 2.8352E+00 3.8041E-04  ( 0.283    , -1.953E-03,   0.00    ) |  3.804E-04 2.441E-02
    7431 2.8356E+00 3.8042E-04  ( 0.283    , -1.953E-03,   0.00    ) |  3.804E-04 2.441E-02
    7432 2.8360E+00 3.8043E-04  ( 0.283    , -1.953E-03,   0.00    ) |  3.804E-04 2.441E-02
    7433 2.8364E+00 3.8044E-04  ( 0.283    , -1.953E-03,   0.00    ) |  3.804E-04 2.441E-02
    7434 2.8367E+00 3.8045E-04  ( 0.283    , -1.953E-03,   0.00    ) |  3.804E-04 2.441E-02
    7435 2.8371E+00 3.8046E-04  ( 0.283    , -1.953E-03,   0.00    ) |  3.805E-04 2.441E-02
    7436 2.8375E+00 3.8047E-04  ( 0.283    , -1.953E-03,   0.00    ) |  3.805E-04 2.441E-02
    7437 2.8379E+00 3.8048E-04  ( 0.283    , -1.953E-03,   0.00    ) |  3.805E-04 2.441E-02
    7438 2.8383E+00 3.8049E-04  ( 0.283    , -1.953E-03,   0.00    ) |  3.805E-04 2.441E-02
    7439 2.8386E+00 3.8050E-04  ( 0.283    , -1.953E-03,   0.00    ) |  3.805E-04 2.441E-02
    7440 2.8390E+00 3.8051E-04  ( 0.283    , -1.953E-03,   0.00    ) |  3.805E-04 2.441E-02
    7441 2.8394E+00 3.8052E-04  ( 0.283    , -1.953E-03,   0.00    ) |  3.805E-04 2.441E-02
    7442 2.8398E+00 3.8053E-04  ( 0.283    , -1.953E-03,   0.00    ) |  3.805E-04 2.441E-02
    7443 2.8402E+00 3.8055E-04  ( 0.283    , -1.953E-03,   0.00    ) |  3.805E-04 2.441E-02
    7444 2.8405E+00 3.8056E-04  ( 0.283    , -1.953E-03,   0.00    ) |  3.806E-04 2.441E-02
    7445 2.8409E+00 3.8057E-04  ( 0.283    , -1.953E-03,   0.00    ) |  3.806E-04 2.441E-02
