hwloc/linux: failed to find sysfs cpu topology directory, aborting linux discovery.
hwloc/linux: failed to find sysfs cpu topology directory, aborting linux discovery.
hwloc/linux: failed to find sysfs cpu topology directory, aborting linux discovery.
hwloc/linux: failed to find sysfs cpu topology directory, aborting linux discovery.
hwloc/linux: failed to find sysfs cpu topology directory, aborting linux discovery.
hwloc/linux: failed to find sysfs cpu topology directory, aborting linux discovery.
hwloc/linux: failed to find sysfs cpu topology directory, aborting linux discovery.
hwloc/linux: failed to find sysfs cpu topology directory, aborting linux discovery.
hwloc/linux: failed to find sysfs cpu topology directory, aborting linux discovery.
hwloc/linux: failed to find sysfs cpu topology directory, aborting linux discovery.
[1791438798.924239] [Rog-GA401:7    :0]       tcp_iface.c:893  UCX  ERROR scandir(/sys/class/net) failed: No such file or directory
[1791438798.924389] [Rog-GA401:8    :0]       tcp_iface.c:893  UCX  ERROR scandir(/sys/class/net) failed: No such file or directory
[1791438798.924413] [Rog-GA401:9    :0]       tcp_iface.c:893  UCX  ERROR scandir(/sys/class/net) failed: No such file or directory
[1791438798.924412] [Rog-GA401:10   :0]       tcp_iface.c:893  UCX  ERROR scandir(/sys/class/net) failed: No such file or directory
 MaterialProperties initialized
 Cosmology initialized
 Source terms initialized
  Finished with Grid_initDomain, no restart
 Ready to call Hydro_init
 Hydro initialized
 Gravity initialized
 Initial dt verified
 *** Wrote checkpoint file to flash_run_hdf5_chk_0000 ****
 *** Wrote plotfile to flash_run_hdf5_plt_cnt_0000 ****
 Initial plotfile written
 Driver init all done
       n          t         dt  (         x,          y,          z) |  dt_hydro  dt_Diff  
       1 1.0000E-06 1.2000E-06  (-1.953E-03, -5.273E-02,   0.00    ) |  9.284E-04 2.441E-02
       2 2.2000E-06 1.4400E-06  (-1.953E-03, -5.273E-02,   0.00    ) |  9.284E-04 2.441E-02
       3 3.6400E-06 1.7280E-06  (-1.953E-03, -5.273E-02,   0.00    ) |  9.284E-04 2.441E-02
       4 5.3680E-06 2.0736E-06  (-1.953E-03, -5.273E-02,   0.00    ) |  9.284E-04 2.441E-02
       5 7.4416E-06 2.4883E-06  (-1.953E-03, -5.273E-02,   0.00    ) |  9.284E-04 2.441E-02
       6 9.9299E-06 2.9860E-06  (-1.953E-03, -5.273E-02,   0.00    ) |  9.284E-04 2.441E-02
       7 1.2916E-05 3.5832E-06  (-1.953E-03, -5.273E-02,   0.00    ) |  9.284E-04 2.441E-02
       8 1.6499E-05 4.2998E-06  (-1.953E-03, -5.273E-02,   0.00    ) |  9.284E-04 2.441E-02
       9 2.0799E-05 5.1598E-06  (-1.953E-03, -5.273E-02,   0.00    ) |  9.284E-04 2.441E-02
      10 2.5959E-05 6.1917E-06  (-1.953E-03, -5.273E-02,   0.00    ) |  9.284E-04 2.441E-02
      11 3.2150E-05 7.4301E-06  (-1.953E-03, -5.273E-02,   0.00    ) |  9.284E-04 2.441E-02
      12 3.9581E-05 8.9161E-06  (-1.953E-03, -5.273E-02,   0.00    ) |  9.284E-04 2.441E-02
      13 4.8497E-05 1.0699E-05  (-1.953E-03, -5.273E-02,   0.00    ) |  9.284E-04 2.441E-02
      14 5.9196E-05 1.2839E-05  (-1.953E-03, -5.273E-02,   0.00    ) |  9.284E-04 2.441E-02
      15 7.2035E-05 1.5407E-05  (-1.953E-03, -5.273E-02,   0.00    ) |  9.284E-04 2.441E-02
      16 8.7442E-05 1.8488E-05  (-1.953E-03, -5.273E-02,   0.00    ) |  9.284E-04 2.441E-02
      17 1.0593E-04 2.2186E-05  (-1.953E-03, -5.273E-02,   0.00    ) |  9.284E-04 2.441E-02
      18 1.2812E-04 2.6623E-05  (-1.953E-03, -5.273E-02,   0.00    ) |  9.284E-04 2.441E-02
      19 1.5474E-04 3.1948E-05  (-1.953E-03, -5.273E-02,   0.00    ) |  9.284E-04 2.441E-02
      20 1.8669E-04 3.8338E-05  (-1.953E-03, -5.273E-02,   0.00    ) |  9.284E-04 2.441E-02
      21 2.2503E-04 4.6005E-05  (-1.953E-03, -5.273E-02,   0.00    ) |  9.284E-04 2.441E-02
      22 2.7103E-04 5.5206E-05  (-1.953E-03, -5.273E-02,   0.00    ) |  9.284E-04 2.441E-02
      23 3.2624E-04 6.6247E-05  (-1.953E-03, -5.273E-02,   0.00    ) |  9.284E-04 2.441E-02
      24 3.9248E-04 7.9497E-05  ( 1.953E-03, -5.273E-02,   0.00    ) |  9.284E-04 2.441E-02
      25 4.7198E-04 9.5396E-05  (-1.953E-03, -5.273E-02,   0.00    ) |  9.284E-04 2.441E-02
      26 5.6738E-04 1.1448E-04  (-1.953E-03, -5.273E-02,   0.00    ) |  9.284E-04 2.441E-02
      27 6.8185E-04 1.3737E-04  ( 1.953E-03, -5.273E-02,   0.00    ) |  9.284E-04 2.441E-02
      28 8.1922E-04 1.6484E-04  ( 1.953E-03, -5.273E-02,   0.00    ) |  9.284E-04 2.441E-02
      29 9.8407E-04 1.9781E-04  ( 1.953E-03, -5.273E-02,   0.00    ) |  9.284E-04 2.441E-02
      30 1.1819E-03 2.3738E-04  ( 1.953E-03, -5.273E-02,   0.00    ) |  9.284E-04 2.441E-02
      31 1.4193E-03 2.8485E-04  (-1.953E-03, -5.273E-02,   0.00    ) |  9.284E-04 2.441E-02
      32 1.7041E-03 3.4182E-04  (-1.953E-03, -5.273E-02,   0.00    ) |  9.284E-04 2.441E-02
      33 2.0459E-03 4.1019E-04  ( 1.953E-03,  5.273E-02,   0.00    ) |  9.284E-04 2.441E-02
      34 2.4561E-03 4.9222E-04  ( 1.953E-03,  5.273E-02,   0.00    ) |  9.284E-04 2.441E-02
      35 2.9483E-03 5.9067E-04  ( 1.953E-03,  5.273E-02,   0.00    ) |  9.284E-04 2.441E-02
      36 3.5390E-03 7.0880E-04  ( 1.953E-03,  5.273E-02,   0.00    ) |  9.284E-04 2.441E-02
      37 4.2478E-03 8.5056E-04  ( 1.953E-03,  5.273E-02,   0.00    ) |  9.284E-04 2.441E-02
      38 5.0984E-03 9.2838E-04  ( 1.953E-03,  5.273E-02,   0.00    ) |  9.284E-04 2.441E-02
      39 6.0267E-03 9.2837E-04  ( 1.953E-03,  5.273E-02,   0.00    ) |  9.284E-04 2.441E-02
      40 6.9551E-03 9.2836E-04  ( 1.953E-03,  5.273E-02,   0.00    ) |  9.284E-04 2.441E-02
      41 7.8835E-03 9.2836E-04  ( 1.953E-03,  5.273E-02,   0.00    ) |  9.284E-04 2.441E-02
      42 8.8118E-03 9.2835E-04  ( 1.953E-03,  5.273E-02,   0.00    ) |  9.284E-04 2.441E-02
      43 9.7402E-03 9.2835E-04  ( 1.953E-03,  5.273E-02,   0.00    ) |  9.283E-04 2.441E-02
      44 1.0669E-02 9.2834E-04  ( 1.953E-03,  5.273E-02,   0.00    ) |  9.283E-04 2.441E-02
      45 1.1597E-02 9.2832E-04  ( 1.953E-03,  5.273E-02,   0.00    ) |  9.283E-04 2.441E-02
      46 1.2525E-02 9.2831E-04  ( 1.953E-03,  5.273E-02,   0.00    ) |  9.283E-04 2.441E-02
      47 1.3454E-02 9.2829E-04  ( 1.953E-03,  5.273E-02,   0.00    ) |  9.283E-04 2.441E-02
      48 1.4382E-02 9.2827E-04  ( 1.953E-03,  5.273E-02,   0.00    ) |  9.283E-04 2.441E-02
      49 1.5310E-02 9.2825E-04  ( 1.953E-03,  5.273E-02,   0.00    ) |  9.282E-04 2.441E-02
      50 1.6238E-02 9.2822E-04  ( 1.953E-03,  5.273E-02,   0.00    ) |  9.282E-04 2.441E-02
      51 1.7167E-02 9.2819E-04  ( 1.953E-03,  5.273E-02,   0.00    ) |  9.282E-04 2.441E-02
      52 1.8095E-02 9.2815E-04  ( 1.953E-03,  5.273E-02,   0.00    ) |  9.282E-04 2.441E-02
      53 1.9023E-02 9.2811E-04  ( 1.953E-03,  5.273E-02,   0.00    ) |  9.281E-04 2.441E-02
      54 1.9951E-02 9.2807E-04  ( 1.953E-03,  5.273E-02,   0.00    ) |  9.281E-04 2.441E-02
      55 2.0879E-02 9.2802E-04  ( 1.953E-03,  5.273E-02,   0.00    ) |  9.280E-04 2.441E-02
      56 2.1807E-02 9.2797E-04  ( 1.953E-03,  5.273E-02,   0.00    ) |  9.280E-04 2.441E-02
      57 2.2735E-02 9.2792E-04  ( 1.953E-03,  5.273E-02,   0.00    ) |  9.279E-04 2.441E-02
      58 2.3663E-02 9.2786E-04  ( 1.953E-03,  5.273E-02,   0.00    ) |  9.279E-04 2.441E-02
      59 2.4591E-02 9.2780E-04  ( 1.953E-03,  5.273E-02,   0.00    ) |  9.278E-04 2.441E-02
 *** Wrote plotfile to flash_run_hdf5_plt_cnt_0001 ****
      60 2.5519E-02 9.2773E-04  ( 1.953E-03,  5.273E-02,   0.00    ) |  9.277E-04 2.441E-02
      61 2.6446E-02 9.2767E-04  ( 1.953E-03,  5.273E-02,   0.00    ) |  9.277E-04 2.441E-02
      62 2.7374E-02 9.2760E-04  ( 1.953E-03,  5.273E-02,   0.00    ) |  9.276E-04 2.441E-02
      63 2.8302E-02 9.2753E-04  ( 1.953E-03,  5.273E-02,   0.00    ) |  9.275E-04 2.441E-02
      64 2.9229E-02 9.2747E-04  ( 1.953E-03,  5.273E-02,   0.00    ) |  9.275E-04 2.441E-02
      65 3.0157E-02 9.2740E-04  ( 1.953E-03,  5.273E-02,   0.00    ) |  9.274E-04 2.441E-02
      66 3.1084E-02 9.2733E-04  ( 1.953E-03,  5.273E-02,   0.00    ) |  9.273E-04 2.441E-02
      67 3.2011E-02 9.2726E-04  ( 1.953E-03,  5.273E-02,   0.00    ) |  9.273E-04 2.441E-02
      68 3.2939E-02 9.2719E-04  (-1.953E-03, -5.273E-02,   0.00    ) |  9.272E-04 2.441E-02
      69 3.3866E-02 9.2712E-04  ( 1.953E-03,  5.273E-02,   0.00    ) |  9.271E-04 2.441E-02
      70 3.4793E-02 9.2705E-04  ( 1.953E-03,  5.273E-02,   0.00    ) |  9.270E-04 2.441E-02
      71 3.5720E-02 9.2698E-04  ( 1.953E-03,  5.273E-02,   0.00    ) |  9.270E-04 2.441E-02
      72 3.6647E-02 9.2691E-04  ( 1.953E-03,  5.273E-02,   0.00    ) |  9.269E-04 2.441E-02
      73 3.7574E-02 9.2684E-04  ( 1.953E-03,  5.273E-02,   0.00    ) |  9.268E-04 2.441E-02
      74 3.8501E-02 9.2677E-04  ( 1.953E-03,  5.273E-02,   0.00    ) |  9.268E-04 2.441E-02
      75 3.9427E-02 9.2670E-04  (-1.953E-03, -5.273E-02,   0.00    ) |  9.267E-04 2.441E-02
      76 4.0354E-02 9.2663E-04  ( 1.953E-03, -5.273E-02,   0.00    ) |  9.266E-04 2.441E-02
      77 4.1281E-02 9.2657E-04  ( 1.953E-03,  5.273E-02,   0.00    ) |  9.266E-04 2.441E-02
      78 4.2207E-02 9.2650E-04  ( 1.953E-03, -5.273E-02,   0.00    ) |  9.265E-04 2.441E-02
      79 4.3134E-02 9.2644E-04  ( 1.953E-03, -5.273E-02,   0.00    ) |  9.264E-04 2.441E-02
      80 4.4060E-02 9.2638E-04  ( 1.953E-03, -5.273E-02,   0.00    ) |  9.264E-04 2.441E-02
      81 4.4987E-02 9.2632E-04  (-1.953E-03, -5.273E-02,   0.00    ) |  9.263E-04 2.441E-02
      82 4.5913E-02 9.2626E-04  ( 1.953E-03, -5.273E-02,   0.00    ) |  9.263E-04 2.441E-02
      83 4.6839E-02 9.2620E-04  ( 1.953E-03, -5.273E-02,   0.00    ) |  9.262E-04 2.441E-02
      84 4.7765E-02 9.2614E-04  ( 1.953E-03,  5.273E-02,   0.00    ) |  9.261E-04 2.441E-02
      85 4.8692E-02 9.2609E-04  ( 1.953E-03,  5.273E-02,   0.00    ) |  9.261E-04 2.441E-02
      86 4.9618E-02 9.2603E-04  ( 1.953E-03,  5.273E-02,   0.00    ) |  9.260E-04 2.441E-02
 *** Wrote plotfile to flash_run_hdf5_plt_cnt_0002 ****
      87 5.0544E-02 9.2598E-04  ( 1.953E-03,  5.273E-02,   0.00    ) |  9.260E-04 2.441E-02
      88 5.1470E-02 9.2593E-04  ( 1.953E-03,  5.273E-02,   0.00    ) |  9.259E-04 2.441E-02
      89 5.2396E-02 9.2588E-04  ( 1.953E-03,  5.273E-02,   0.00    ) |  9.259E-04 2.441E-02
      90 5.3321E-02 9.2583E-04  ( 1.953E-03, -5.273E-02,   0.00    ) |  9.258E-04 2.441E-02
      91 5.4247E-02 9.2578E-04  ( 1.953E-03,  5.273E-02,   0.00    ) |  9.258E-04 2.441E-02
      92 5.5173E-02 9.2573E-04  ( 1.953E-03,  5.273E-02,   0.00    ) |  9.257E-04 2.441E-02
      93 5.6099E-02 9.2568E-04  ( 1.953E-03,  5.273E-02,   0.00    ) |  9.257E-04 2.441E-02
      94 5.7025E-02 9.2564E-04  ( 1.953E-03, -5.273E-02,   0.00    ) |  9.256E-04 2.441E-02
      95 5.7950E-02 9.2559E-04  ( 1.953E-03, -5.273E-02,   0.00    ) |  9.256E-04 2.441E-02
      96 5.8876E-02 9.2555E-04  ( 1.953E-03,  5.273E-02,   0.00    ) |  9.256E-04 2.441E-02
      97 5.9801E-02 9.2551E-04  ( 1.953E-03,  5.273E-02,   0.00    ) |  9.255E-04 2.441E-02
      98 6.0727E-02 9.2547E-04  ( 1.953E-03, -5.273E-02,   0.00    ) |  9.255E-04 2.441E-02
      99 6.1652E-02 9.2543E-04  ( 1.953E-03,  5.273E-02,   0.00    ) |  9.254E-04 2.441E-02
     100 6.2578E-02 9.2539E-04  ( 1.953E-03, -5.273E-02,   0.00    ) |  9.254E-04 2.441E-02
     101 6.3503E-02 9.2535E-04  ( 1.953E-03, -5.273E-02,   0.00    ) |  9.254E-04 2.441E-02
     102 6.4428E-02 9.2531E-04  ( 1.953E-03, -5.273E-02,   0.00    ) |  9.253E-04 2.441E-02
     103 6.5354E-02 9.2527E-04  ( 1.953E-03, -5.273E-02,   0.00    ) |  9.253E-04 2.441E-02
     104 6.6279E-02 9.2523E-04  ( 1.953E-03, -5.273E-02,   0.00    ) |  9.252E-04 2.441E-02
     105 6.7204E-02 9.2519E-04  ( 1.953E-03,  5.273E-02,   0.00    ) |  9.252E-04 2.441E-02
     106 6.8129E-02 9.2516E-04  ( 1.953E-03, -5.273E-02,   0.00    ) |  9.252E-04 2.441E-02
     107 6.9055E-02 9.2512E-04  ( 1.953E-03, -5.273E-02,   0.00    ) |  9.251E-04 2.441E-02
     108 6.9980E-02 9.2509E-04  ( 1.953E-03, -5.273E-02,   0.00    ) |  9.251E-04 2.441E-02
     109 7.0905E-02 9.2506E-04  ( 1.953E-03, -5.273E-02,   0.00    ) |  9.251E-04 2.441E-02
     110 7.1830E-02 9.2502E-04  ( 1.953E-03, -5.273E-02,   0.00    ) |  9.250E-04 2.441E-02
     111 7.2755E-02 9.2499E-04  ( 1.953E-03, -5.273E-02,   0.00    ) |  9.250E-04 2.441E-02
     112 7.3680E-02 9.2496E-04  ( 1.953E-03, -5.273E-02,   0.00    ) |  9.250E-04 2.441E-02
     113 7.4605E-02 9.2492E-04  ( 1.953E-03, -5.273E-02,   0.00    ) |  9.249E-04 2.441E-02
 *** Wrote plotfile to flash_run_hdf5_plt_cnt_0003 ****
     114 7.5530E-02 9.2489E-04  ( 1.953E-03, -5.273E-02,   0.00    ) |  9.249E-04 2.441E-02
     115 7.6455E-02 9.2486E-04  ( 1.953E-03, -5.273E-02,   0.00    ) |  9.249E-04 2.441E-02
     116 7.7380E-02 9.2483E-04  ( 1.953E-03, -5.273E-02,   0.00    ) |  9.248E-04 2.441E-02
     117 7.8304E-02 9.2480E-04  ( 1.953E-03, -5.273E-02,   0.00    ) |  9.248E-04 2.441E-02
     118 7.9229E-02 9.2477E-04  ( 1.953E-03, -5.273E-02,   0.00    ) |  9.248E-04 2.441E-02
     119 8.0154E-02 9.2474E-04  ( 1.953E-03, -5.273E-02,   0.00    ) |  9.247E-04 2.441E-02
     120 8.1079E-02 9.2471E-04  ( 1.953E-03, -5.273E-02,   0.00    ) |  9.247E-04 2.441E-02
     121 8.2003E-02 9.2468E-04  ( 1.953E-03, -5.273E-02,   0.00    ) |  9.247E-04 2.441E-02
     122 8.2928E-02 9.2465E-04  ( 1.953E-03, -5.273E-02,   0.00    ) |  9.247E-04 2.441E-02
     123 8.3853E-02 9.2463E-04  ( 1.953E-03, -5.273E-02,   0.00    ) |  9.246E-04 2.441E-02
     124 8.4777E-02 9.2460E-04  ( 1.953E-03, -5.273E-02,   0.00    ) |  9.246E-04 2.441E-02
     125 8.5702E-02 9.2457E-04  ( 1.953E-03, -5.273E-02,   0.00    ) |  9.246E-04 2.441E-02
     126 8.6626E-02 9.2455E-04  ( 1.953E-03, -5.273E-02,   0.00    ) |  9.245E-04 2.441E-02
     127 8.7551E-02 9.2452E-04  ( 1.953E-03, -5.273E-02,   0.00    ) |  9.245E-04 2.441E-02
     128 8.8476E-02 9.2450E-04  ( 1.953E-03, -5.273E-02,   0.00    ) |  9.245E-04 2.441E-02
     129 8.9400E-02 9.2447E-04  ( 1.953E-03, -5.273E-02,   0.00    ) |  9.245E-04 2.441E-02
     130 9.0325E-02 9.2445E-04  ( 1.953E-03, -5.273E-02,   0.00    ) |  9.244E-04 2.441E-02
     131 9.1249E-02 9.2442E-04  ( 1.953E-03, -5.273E-02,   0.00    ) |  9.244E-04 2.441E-02
     132 9.2173E-02 9.2440E-04  ( 1.953E-03, -5.273E-02,   0.00    ) |  9.244E-04 2.441E-02
     133 9.3098E-02 9.2437E-04  ( 1.953E-03, -5.273E-02,   0.00    ) |  9.244E-04 2.441E-02
     134 9.4022E-02 9.2435E-04  ( 1.953E-03, -5.273E-02,   0.00    ) |  9.244E-04 2.441E-02
     135 9.4947E-02 9.2433E-04  ( 1.953E-03, -5.273E-02,   0.00    ) |  9.243E-04 2.441E-02
     136 9.5871E-02 9.2431E-04  ( 1.953E-03, -5.273E-02,   0.00    ) |  9.243E-04 2.441E-02
     137 9.6795E-02 9.2429E-04  ( 1.953E-03, -5.273E-02,   0.00    ) |  9.243E-04 2.441E-02
     138 9.7719E-02 9.2427E-04  ( 1.953E-03, -5.273E-02,   0.00    ) |  9.243E-04 2.441E-02
     139 9.8644E-02 9.2425E-04  ( 1.953E-03, -5.273E-02,   0.00    ) |  9.243E-04 2.441E-02
     140 9.9568E-02 9.2423E-04  ( 1.953E-03, -5.273E-02,   0.00    ) |  9.242E-04 2.441E-02
 *** Wrote plotfile to flash_run_hdf5_plt_cnt_0004 ****
     141 1.0049E-01 9.2421E-04  ( 1.953E-03, -5.273E-02,   0.00    ) |  9.242E-04 2.441E-02
     142 1.0142E-01 9.2419E-04  ( 1.953E-03, -5.273E-02,   0.00    ) |  9.242E-04 2.441E-02
     143 1.0234E-01 9.2417E-04  ( 1.953E-03, -5.273E-02,   0.00    ) |  9.242E-04 2.441E-02
     144 1.0326E-01 9.2416E-04  ( 1.953E-03, -5.273E-02,   0.00    ) |  9.242E-04 2.441E-02
     145 1.0419E-01 9.2414E-04  ( 1.953E-03, -5.273E-02,   0.00    ) |  9.241E-04 2.441E-02
     146 1.0511E-01 9.2412E-04  ( 1.953E-03, -5.273E-02,   0.00    ) |  9.241E-04 2.441E-02
     147 1.0604E-01 9.2411E-04  ( 1.953E-03, -5.273E-02,   0.00    ) |  9.241E-04 2.441E-02
     148 1.0696E-01 9.2409E-04  ( 1.953E-03, -5.273E-02,   0.00    ) |  9.241E-04 2.441E-02
     149 1.0789E-01 9.2408E-04  ( 1.953E-03, -5.273E-02,   0.00    ) |  9.241E-04 2.441E-02
     150 1.0881E-01 9.2406E-04  ( 1.953E-03, -4.883E-02,   0.00    ) |  9.241E-04 2.441E-02
     151 1.0973E-01 9.2404E-04  ( 1.953E-03,  4.883E-02,   0.00    ) |  9.240E-04 2.441E-02
     152 1.1066E-01 9.2402E-04  ( 1.953E-03, -4.883E-02,   0.00    ) |  9.240E-04 2.441E-02
     153 1.1158E-01 9.2399E-04  ( 1.953E-03, -4.883E-02,   0.00    ) |  9.240E-04 2.441E-02
     154 1.1251E-01 9.2397E-04  ( 1.953E-03, -4.883E-02,   0.00    ) |  9.240E-04 2.441E-02
     155 1.1343E-01 9.2395E-04  ( 1.953E-03, -4.883E-02,   0.00    ) |  9.240E-04 2.441E-02
     156 1.1435E-01 9.2393E-04  ( 1.953E-03, -4.883E-02,   0.00    ) |  9.239E-04 2.441E-02
     157 1.1528E-01 9.2391E-04  ( 1.953E-03, -4.883E-02,   0.00    ) |  9.239E-04 2.441E-02
     158 1.1620E-01 9.2389E-04  ( 1.953E-03, -4.883E-02,   0.00    ) |  9.239E-04 2.441E-02
     159 1.1713E-01 9.2387E-04  ( 1.953E-03, -4.883E-02,   0.00    ) |  9.239E-04 2.441E-02
     160 1.1805E-01 9.2386E-04  ( 1.953E-03, -4.883E-02,   0.00    ) |  9.239E-04 2.441E-02
     161 1.1897E-01 9.2384E-04  ( 1.953E-03, -4.883E-02,   0.00    ) |  9.238E-04 2.441E-02
     162 1.1990E-01 9.2382E-04  ( 1.953E-03, -4.883E-02,   0.00    ) |  9.238E-04 2.441E-02
     163 1.2082E-01 9.2380E-04  ( 1.953E-03, -4.883E-02,   0.00    ) |  9.238E-04 2.441E-02
     164 1.2174E-01 9.2379E-04  ( 1.953E-03, -4.883E-02,   0.00    ) |  9.238E-04 2.441E-02
     165 1.2267E-01 9.2377E-04  ( 1.953E-03, -4.883E-02,   0.00    ) |  9.238E-04 2.441E-02
     166 1.2359E-01 9.2376E-04  ( 1.953E-03, -4.883E-02,   0.00    ) |  9.238E-04 2.441E-02
     167 1.2452E-01 9.2374E-04  ( 1.953E-03, -4.883E-02,   0.00    ) |  9.237E-04 2.441E-02
 *** Wrote plotfile to flash_run_hdf5_plt_cnt_0005 ****
     168 1.2544E-01 9.2373E-04  ( 1.953E-03, -4.883E-02,   0.00    ) |  9.237E-04 2.441E-02
     169 1.2636E-01 9.2371E-04  ( 1.953E-03,  4.883E-02,   0.00    ) |  9.237E-04 2.441E-02
     170 1.2729E-01 9.2370E-04  (-1.953E-03,  4.883E-02,   0.00    ) |  9.237E-04 2.441E-02
     171 1.2821E-01 9.2369E-04  ( 1.953E-03, -4.883E-02,   0.00    ) |  9.237E-04 2.441E-02
     172 1.2913E-01 9.2367E-04  ( 1.953E-03, -4.883E-02,   0.00    ) |  9.237E-04 2.441E-02
     173 1.3006E-01 9.2366E-04  (-1.953E-03,  4.883E-02,   0.00    ) |  9.237E-04 2.441E-02
     174 1.3098E-01 9.2365E-04  ( 1.953E-03, -4.883E-02,   0.00    ) |  9.237E-04 2.441E-02
     175 1.3191E-01 9.2364E-04  ( 1.953E-03, -4.883E-02,   0.00    ) |  9.236E-04 2.441E-02
     176 1.3283E-01 9.2363E-04  ( 1.953E-03, -4.883E-02,   0.00    ) |  9.236E-04 2.441E-02
     177 1.3375E-01 9.2362E-04  ( 1.953E-03, -4.883E-02,   0.00    ) |  9.236E-04 2.441E-02
     178 1.3468E-01 9.2361E-04  ( 1.953E-03, -4.883E-02,   0.00    ) |  9.236E-04 2.441E-02
     179 1.3560E-01 9.2360E-04  ( 1.953E-03, -4.883E-02,   0.00    ) |  9.236E-04 2.441E-02
     180 1.3652E-01 9.2359E-04  ( 1.953E-03, -4.883E-02,   0.00    ) |  9.236E-04 2.441E-02
     181 1.3745E-01 9.2358E-04  ( 1.953E-03, -4.883E-02,   0.00    ) |  9.236E-04 2.441E-02
     182 1.3837E-01 9.2358E-04  ( 1.953E-03, -4.883E-02,   0.00    ) |  9.236E-04 2.441E-02
     183 1.3929E-01 9.2357E-04  (-1.953E-03,  4.883E-02,   0.00    ) |  9.236E-04 2.441E-02
     184 1.4022E-01 9.2356E-04  (-1.953E-03,  4.883E-02,   0.00    ) |  9.236E-04 2.441E-02
     185 1.4114E-01 9.2356E-04  ( 1.953E-03, -4.883E-02,   0.00    ) |  9.236E-04 2.441E-02
     186 1.4206E-01 9.2355E-04  (-1.953E-03,  4.883E-02,   0.00    ) |  9.235E-04 2.441E-02
     187 1.4299E-01 9.2354E-04  ( 1.953E-03,  4.883E-02,   0.00    ) |  9.235E-04 2.441E-02
     188 1.4391E-01 9.2354E-04  ( 1.953E-03, -4.883E-02,   0.00    ) |  9.235E-04 2.441E-02
     189 1.4484E-01 9.2354E-04  ( 1.953E-03, -4.883E-02,   0.00    ) |  9.235E-04 2.441E-02
     190 1.4576E-01 9.2353E-04  ( 1.953E-03, -4.883E-02,   0.00    ) |  9.235E-04 2.441E-02
     191 1.4668E-01 9.2353E-04  ( 1.953E-03, -4.883E-02,   0.00    ) |  9.235E-04 2.441E-02
     192 1.4761E-01 9.2352E-04  ( 1.953E-03, -4.883E-02,   0.00    ) |  9.235E-04 2.441E-02
     193 1.4853E-01 9.2352E-04  ( 1.953E-03, -4.883E-02,   0.00    ) |  9.235E-04 2.441E-02
     194 1.4945E-01 9.2352E-04  ( 1.953E-03, -4.883E-02,   0.00    ) |  9.235E-04 2.441E-02
 *** Wrote plotfile to flash_run_hdf5_plt_cnt_0006 ****
     195 1.5038E-01 9.2319E-04  ( 0.260    ,  1.953E-03,   0.00    ) |  9.232E-04 2.441E-02
     196 1.5130E-01 9.2282E-04  ( 0.260    ,  1.953E-03,   0.00    ) |  9.228E-04 2.441E-02
     197 1.5222E-01 9.2244E-04  ( 0.260    ,  1.953E-03,   0.00    ) |  9.224E-04 2.441E-02
     198 1.5315E-01 9.2207E-04  ( 0.260    ,  1.953E-03,   0.00    ) |  9.221E-04 2.441E-02
     199 1.5407E-01 9.2169E-04  ( 0.260    ,  1.953E-03,   0.00    ) |  9.217E-04 2.441E-02
     200 1.5499E-01 9.2132E-04  ( 0.260    , -1.953E-03,   0.00    ) |  9.213E-04 2.441E-02
     201 1.5591E-01 9.2095E-04  ( 0.260    , -1.953E-03,   0.00    ) |  9.209E-04 2.441E-02
     202 1.5683E-01 9.2058E-04  (-0.260    , -1.953E-03,   0.00    ) |  9.206E-04 2.441E-02
     203 1.5775E-01 9.2021E-04  (-0.260    , -1.953E-03,   0.00    ) |  9.202E-04 2.441E-02
     204 1.5867E-01 9.1984E-04  (-0.260    , -1.953E-03,   0.00    ) |  9.198E-04 2.441E-02
     205 1.5959E-01 9.1947E-04  (-0.260    , -1.953E-03,   0.00    ) |  9.195E-04 2.441E-02
     206 1.6051E-01 9.1910E-04  (-0.260    , -1.953E-03,   0.00    ) |  9.191E-04 2.441E-02
     207 1.6143E-01 9.1873E-04  (-0.260    , -1.953E-03,   0.00    ) |  9.187E-04 2.441E-02
     208 1.6235E-01 9.1837E-04  (-0.260    , -1.953E-03,   0.00    ) |  9.184E-04 2.441E-02
     209 1.6327E-01 9.1800E-04  ( 0.260    ,  1.953E-03,   0.00    ) |  9.180E-04 2.441E-02
     210 1.6419E-01 9.1763E-04  ( 0.260    ,  1.953E-03,   0.00    ) |  9.176E-04 2.441E-02
     211 1.6510E-01 9.1727E-04  (-0.260    , -1.953E-03,   0.00    ) |  9.173E-04 2.441E-02
     212 1.6602E-01 9.1690E-04  (-0.260    , -1.953E-03,   0.00    ) |  9.169E-04 2.441E-02
     213 1.6694E-01 9.1654E-04  ( 0.260    ,  1.953E-03,   0.00    ) |  9.165E-04 2.441E-02
     214 1.6785E-01 9.1618E-04  ( 0.260    ,  1.953E-03,   0.00    ) |  9.162E-04 2.441E-02
     215 1.6877E-01 9.1582E-04  (-0.260    , -1.953E-03,   0.00    ) |  9.158E-04 2.441E-02
     216 1.6969E-01 9.1545E-04  ( 0.260    ,  1.953E-03,   0.00    ) |  9.155E-04 2.441E-02
     217 1.7060E-01 9.1509E-04  ( 0.260    ,  1.953E-03,   0.00    ) |  9.151E-04 2.441E-02
     218 1.7152E-01 9.1473E-04  ( 0.260    ,  1.953E-03,   0.00    ) |  9.147E-04 2.441E-02
     219 1.7243E-01 9.1437E-04  ( 0.260    , -1.953E-03,   0.00    ) |  9.144E-04 2.441E-02
     220 1.7335E-01 9.1402E-04  (-0.260    , -1.953E-03,   0.00    ) |  9.140E-04 2.441E-02
     221 1.7426E-01 9.1366E-04  (-0.260    , -1.953E-03,   0.00    ) |  9.137E-04 2.441E-02
 *** Wrote plotfile to flash_run_hdf5_plt_cnt_0007 ****
     222 1.7517E-01 9.1330E-04  (-0.260    , -1.953E-03,   0.00    ) |  9.133E-04 2.441E-02
     223 1.7609E-01 9.1295E-04  (-0.260    , -1.953E-03,   0.00    ) |  9.129E-04 2.441E-02
     224 1.7700E-01 9.1259E-04  (-0.260    , -1.953E-03,   0.00    ) |  9.126E-04 2.441E-02
     225 1.7791E-01 9.1223E-04  ( 0.260    ,  1.953E-03,   0.00    ) |  9.122E-04 2.441E-02
     226 1.7882E-01 9.1188E-04  ( 0.260    ,  1.953E-03,   0.00    ) |  9.119E-04 2.441E-02
     227 1.7974E-01 9.1153E-04  ( 0.260    ,  1.953E-03,   0.00    ) |  9.115E-04 2.441E-02
     228 1.8065E-01 9.1117E-04  ( 0.260    ,  1.953E-03,   0.00    ) |  9.112E-04 2.441E-02
     229 1.8156E-01 9.1082E-04  ( 0.260    ,  1.953E-03,   0.00    ) |  9.108E-04 2.441E-02
     230 1.8247E-01 9.1047E-04  ( 0.260    ,  1.953E-03,   0.00    ) |  9.105E-04 2.441E-02
     231 1.8338E-01 9.1012E-04  ( 0.260    ,  1.953E-03,   0.00    ) |  9.101E-04 2.441E-02
     232 1.8429E-01 9.0977E-04  ( 0.260    ,  1.953E-03,   0.00    ) |  9.098E-04 2.441E-02
     233 1.8520E-01 9.0942E-04  ( 0.260    ,  1.953E-03,   0.00    ) |  9.094E-04 2.441E-02
     234 1.8611E-01 9.0907E-04  ( 0.260    ,  1.953E-03,   0.00    ) |  9.091E-04 2.441E-02
     235 1.8702E-01 9.0872E-04  ( 0.260    ,  1.953E-03,   0.00    ) |  9.087E-04 2.441E-02
     236 1.8793E-01 9.0838E-04  ( 0.260    ,  1.953E-03,   0.00    ) |  9.084E-04 2.441E-02
     237 1.8884E-01 9.0803E-04  ( 0.260    ,  1.953E-03,   0.00    ) |  9.080E-04 2.441E-02
     238 1.8974E-01 9.0768E-04  ( 0.260    ,  1.953E-03,   0.00    ) |  9.077E-04 2.441E-02
     239 1.9065E-01 9.0734E-04  ( 0.260    ,  1.953E-03,   0.00    ) |  9.073E-04 2.441E-02
     240 1.9156E-01 9.0699E-04  ( 0.260    ,  1.953E-03,   0.00    ) |  9.070E-04 2.441E-02
     241 1.9247E-01 9.0665E-04  ( 0.260    ,  1.953E-03,   0.00    ) |  9.066E-04 2.441E-02
     242 1.9337E-01 9.0631E-04  ( 0.264    ,  1.953E-03,   0.00    ) |  9.063E-04 2.441E-02
     243 1.9428E-01 9.0596E-04  ( 0.264    ,  1.953E-03,   0.00    ) |  9.060E-04 2.441E-02
     244 1.9518E-01 9.0562E-04  ( 0.264    ,  1.953E-03,   0.00    ) |  9.056E-04 2.441E-02
     245 1.9609E-01 9.0528E-04  ( 0.264    ,  1.953E-03,   0.00    ) |  9.053E-04 2.441E-02
     246 1.9700E-01 9.0494E-04  ( 0.264    ,  1.953E-03,   0.00    ) |  9.049E-04 2.441E-02
     247 1.9790E-01 9.0460E-04  ( 0.264    ,  1.953E-03,   0.00    ) |  9.046E-04 2.441E-02
     248 1.9880E-01 9.0426E-04  ( 0.264    ,  1.953E-03,   0.00    ) |  9.043E-04 2.441E-02
     249 1.9971E-01 9.0392E-04  ( 0.264    ,  1.953E-03,   0.00    ) |  9.039E-04 2.441E-02
 *** Wrote plotfile to flash_run_hdf5_plt_cnt_0008 ****
     250 2.0061E-01 9.0358E-04  ( 0.264    ,  1.953E-03,   0.00    ) |  9.036E-04 2.441E-02
     251 2.0152E-01 9.0324E-04  ( 0.264    ,  1.953E-03,   0.00    ) |  9.032E-04 2.441E-02
     252 2.0242E-01 9.0290E-04  ( 0.264    ,  1.953E-03,   0.00    ) |  9.029E-04 2.441E-02
     253 2.0332E-01 9.0257E-04  ( 0.264    ,  1.953E-03,   0.00    ) |  9.026E-04 2.441E-02
     254 2.0423E-01 9.0223E-04  ( 0.264    ,  1.953E-03,   0.00    ) |  9.022E-04 2.441E-02
     255 2.0513E-01 9.0189E-04  ( 0.264    ,  1.953E-03,   0.00    ) |  9.019E-04 2.441E-02
     256 2.0603E-01 9.0156E-04  ( 0.264    ,  1.953E-03,   0.00    ) |  9.016E-04 2.441E-02
     257 2.0693E-01 9.0123E-04  ( 0.264    ,  1.953E-03,   0.00    ) |  9.012E-04 2.441E-02
     258 2.0783E-01 9.0089E-04  ( 0.264    ,  1.953E-03,   0.00    ) |  9.009E-04 2.441E-02
     259 2.0873E-01 9.0056E-04  ( 0.264    ,  1.953E-03,   0.00    ) |  9.006E-04 2.441E-02
     260 2.0963E-01 9.0023E-04  ( 0.264    ,  1.953E-03,   0.00    ) |  9.002E-04 2.441E-02
     261 2.1053E-01 8.9989E-04  ( 0.264    ,  1.953E-03,   0.00    ) |  8.999E-04 2.441E-02
     262 2.1143E-01 8.9956E-04  ( 0.264    ,  1.953E-03,   0.00    ) |  8.996E-04 2.441E-02
     263 2.1233E-01 8.9923E-04  ( 0.264    ,  1.953E-03,   0.00    ) |  8.992E-04 2.441E-02
     264 2.1323E-01 8.9890E-04  ( 0.264    ,  1.953E-03,   0.00    ) |  8.989E-04 2.441E-02
     265 2.1413E-01 8.9857E-04  ( 0.264    ,  1.953E-03,   0.00    ) |  8.986E-04 2.441E-02
     266 2.1503E-01 8.9825E-04  ( 0.264    ,  1.953E-03,   0.00    ) |  8.982E-04 2.441E-02
     267 2.1593E-01 8.9792E-04  ( 0.264    ,  1.953E-03,   0.00    ) |  8.979E-04 2.441E-02
     268 2.1683E-01 8.9759E-04  (-0.264    , -1.953E-03,   0.00    ) |  8.976E-04 2.441E-02
     269 2.1772E-01 8.9726E-04  (-0.264    , -1.953E-03,   0.00    ) |  8.973E-04 2.441E-02
     270 2.1862E-01 8.9694E-04  ( 0.264    ,  1.953E-03,   0.00    ) |  8.969E-04 2.441E-02
     271 2.1952E-01 8.9661E-04  ( 0.264    ,  1.953E-03,   0.00    ) |  8.966E-04 2.441E-02
     272 2.2041E-01 8.9629E-04  ( 0.264    ,  1.953E-03,   0.00    ) |  8.963E-04 2.441E-02
     273 2.2131E-01 8.9596E-04  ( 0.264    ,  1.953E-03,   0.00    ) |  8.960E-04 2.441E-02
     274 2.2221E-01 8.9564E-04  ( 0.264    ,  1.953E-03,   0.00    ) |  8.956E-04 2.441E-02
     275 2.2310E-01 8.9531E-04  ( 0.264    ,  1.953E-03,   0.00    ) |  8.953E-04 2.441E-02
     276 2.2400E-01 8.9499E-04  ( 0.264    ,  1.953E-03,   0.00    ) |  8.950E-04 2.441E-02
     277 2.2489E-01 8.9467E-04  ( 0.264    ,  1.953E-03,   0.00    ) |  8.947E-04 2.441E-02
 *** Wrote plotfile to flash_run_hdf5_plt_cnt_0009 ****
     278 2.2579E-01 8.9435E-04  ( 0.264    , -1.953E-03,   0.00    ) |  8.943E-04 2.441E-02
     279 2.2668E-01 8.9402E-04  ( 0.264    ,  1.953E-03,   0.00    ) |  8.940E-04 2.441E-02
     280 2.2758E-01 8.9370E-04  ( 0.264    ,  1.953E-03,   0.00    ) |  8.937E-04 2.441E-02
     281 2.2847E-01 8.9338E-04  (-0.264    ,  1.953E-03,   0.00    ) |  8.934E-04 2.441E-02
     282 2.2936E-01 8.9306E-04  (-0.264    ,  1.953E-03,   0.00    ) |  8.931E-04 2.441E-02
     283 2.3026E-01 8.9274E-04  (-0.264    ,  1.953E-03,   0.00    ) |  8.927E-04 2.441E-02
     284 2.3115E-01 8.9243E-04  (-0.264    ,  1.953E-03,   0.00    ) |  8.924E-04 2.441E-02
     285 2.3204E-01 8.9211E-04  (-0.264    ,  1.953E-03,   0.00    ) |  8.921E-04 2.441E-02
     286 2.3293E-01 8.9179E-04  (-0.264    ,  1.953E-03,   0.00    ) |  8.918E-04 2.441E-02
     287 2.3383E-01 8.9147E-04  (-0.264    ,  1.953E-03,   0.00    ) |  8.915E-04 2.441E-02
     288 2.3472E-01 8.9116E-04  (-0.264    ,  1.953E-03,   0.00    ) |  8.912E-04 2.441E-02
     289 2.3561E-01 8.9084E-04  (-0.264    ,  1.953E-03,   0.00    ) |  8.908E-04 2.441E-02
     290 2.3650E-01 8.9053E-04  (-0.264    ,  1.953E-03,   0.00    ) |  8.905E-04 2.441E-02
     291 2.3739E-01 8.9021E-04  (-0.264    ,  1.953E-03,   0.00    ) |  8.902E-04 2.441E-02
     292 2.3828E-01 8.8990E-04  (-0.268    ,  1.953E-03,   0.00    ) |  8.899E-04 2.441E-02
     293 2.3917E-01 8.8958E-04  (-0.268    ,  1.953E-03,   0.00    ) |  8.896E-04 2.441E-02
     294 2.4006E-01 8.8927E-04  (-0.268    ,  1.953E-03,   0.00    ) |  8.893E-04 2.441E-02
     295 2.4095E-01 8.8895E-04  (-0.268    ,  1.953E-03,   0.00    ) |  8.890E-04 2.441E-02
     296 2.4184E-01 8.8864E-04  (-0.268    ,  1.953E-03,   0.00    ) |  8.886E-04 2.441E-02
     297 2.4273E-01 8.8832E-04  (-0.268    ,  1.953E-03,   0.00    ) |  8.883E-04 2.441E-02
     298 2.4361E-01 8.8801E-04  (-0.268    ,  1.953E-03,   0.00    ) |  8.880E-04 2.441E-02
     299 2.4450E-01 8.8770E-04  (-0.268    ,  1.953E-03,   0.00    ) |  8.877E-04 2.441E-02
     300 2.4539E-01 8.8739E-04  (-0.268    ,  1.953E-03,   0.00    ) |  8.874E-04 2.441E-02
     301 2.4628E-01 8.8707E-04  (-0.268    ,  1.953E-03,   0.00    ) |  8.871E-04 2.441E-02
     302 2.4716E-01 8.8676E-04  (-0.268    ,  1.953E-03,   0.00    ) |  8.868E-04 2.441E-02
     303 2.4805E-01 8.8645E-04  ( 0.268    , -1.953E-03,   0.00    ) |  8.865E-04 2.441E-02
     304 2.4894E-01 8.8614E-04  (-0.268    ,  1.953E-03,   0.00    ) |  8.861E-04 2.441E-02
     305 2.4982E-01 8.8583E-04  (-0.268    ,  1.953E-03,   0.00    ) |  8.858E-04 2.441E-02
 *** Wrote plotfile to flash_run_hdf5_plt_cnt_0010 ****
     306 2.5071E-01 8.8552E-04  (-0.268    ,  1.953E-03,   0.00    ) |  8.855E-04 2.441E-02
     307 2.5159E-01 8.8521E-04  (-0.268    ,  1.953E-03,   0.00    ) |  8.852E-04 2.441E-02
     308 2.5248E-01 8.8490E-04  (-0.268    ,  1.953E-03,   0.00    ) |  8.849E-04 2.441E-02
     309 2.5336E-01 8.8460E-04  (-0.268    ,  1.953E-03,   0.00    ) |  8.846E-04 2.441E-02
     310 2.5425E-01 8.8429E-04  (-0.268    ,  1.953E-03,   0.00    ) |  8.843E-04 2.441E-02
     311 2.5513E-01 8.8398E-04  (-0.268    ,  1.953E-03,   0.00    ) |  8.840E-04 2.441E-02
     312 2.5602E-01 8.8367E-04  (-0.268    ,  1.953E-03,   0.00    ) |  8.837E-04 2.441E-02
     313 2.5690E-01 8.8336E-04  (-0.268    ,  1.953E-03,   0.00    ) |  8.834E-04 2.441E-02
     314 2.5778E-01 8.8306E-04  (-0.268    ,  1.953E-03,   0.00    ) |  8.831E-04 2.441E-02
     315 2.5867E-01 8.8275E-04  (-0.268    ,  1.953E-03,   0.00    ) |  8.828E-04 2.441E-02
     316 2.5955E-01 8.8244E-04  (-0.268    ,  1.953E-03,   0.00    ) |  8.824E-04 2.441E-02
     317 2.6043E-01 8.8214E-04  (-0.268    ,  1.953E-03,   0.00    ) |  8.821E-04 2.441E-02
     318 2.6132E-01 8.8183E-04  ( 0.268    , -1.953E-03,   0.00    ) |  8.818E-04 2.441E-02
     319 2.6220E-01 8.8153E-04  ( 0.268    , -1.953E-03,   0.00    ) |  8.815E-04 2.441E-02
     320 2.6308E-01 8.8122E-04  ( 0.268    , -1.953E-03,   0.00    ) |  8.812E-04 2.441E-02
     321 2.6396E-01 8.8091E-04  ( 0.268    , -1.953E-03,   0.00    ) |  8.809E-04 2.441E-02
     322 2.6484E-01 8.8061E-04  (-0.268    ,  1.953E-03,   0.00    ) |  8.806E-04 2.441E-02
     323 2.6572E-01 8.8030E-04  ( 0.268    , -1.953E-03,   0.00    ) |  8.803E-04 2.441E-02
     324 2.6660E-01 8.8000E-04  ( 0.268    , -1.953E-03,   0.00    ) |  8.800E-04 2.441E-02
     325 2.6748E-01 8.7969E-04  (-0.268    ,  1.953E-03,   0.00    ) |  8.797E-04 2.441E-02
     326 2.6836E-01 8.7939E-04  (-0.268    ,  1.953E-03,   0.00    ) |  8.794E-04 2.441E-02
     327 2.6924E-01 8.7908E-04  (-0.268    ,  1.953E-03,   0.00    ) |  8.791E-04 2.441E-02
     328 2.7012E-01 8.7878E-04  (-0.268    ,  1.953E-03,   0.00    ) |  8.788E-04 2.441E-02
     329 2.7100E-01 8.7847E-04  (-0.268    ,  1.953E-03,   0.00    ) |  8.785E-04 2.441E-02
     330 2.7188E-01 8.7817E-04  (-0.268    ,  1.953E-03,   0.00    ) |  8.782E-04 2.441E-02
     331 2.7276E-01 8.7786E-04  (-0.268    ,  1.953E-03,   0.00    ) |  8.779E-04 2.441E-02
     332 2.7363E-01 8.7756E-04  (-0.268    ,  1.953E-03,   0.00    ) |  8.776E-04 2.441E-02
     333 2.7451E-01 8.7725E-04  (-0.268    ,  1.953E-03,   0.00    ) |  8.773E-04 2.441E-02
 *** Wrote plotfile to flash_run_hdf5_plt_cnt_0011 ****
     334 2.7539E-01 8.7695E-04  (-0.268    ,  1.953E-03,   0.00    ) |  8.769E-04 2.441E-02
     335 2.7626E-01 8.7664E-04  (-0.268    ,  1.953E-03,   0.00    ) |  8.766E-04 2.441E-02
     336 2.7714E-01 8.7634E-04  (-0.268    ,  1.953E-03,   0.00    ) |  8.763E-04 2.441E-02
     337 2.7802E-01 8.7603E-04  (-0.268    ,  1.953E-03,   0.00    ) |  8.760E-04 2.441E-02
     338 2.7889E-01 8.7573E-04  (-0.268    ,  1.953E-03,   0.00    ) |  8.757E-04 2.441E-02
     339 2.7977E-01 8.7542E-04  (-0.268    ,  1.953E-03,   0.00    ) |  8.754E-04 2.441E-02
     340 2.8065E-01 8.7512E-04  (-0.268    ,  1.953E-03,   0.00    ) |  8.751E-04 2.441E-02
     341 2.8152E-01 8.7481E-04  (-0.268    ,  1.953E-03,   0.00    ) |  8.748E-04 2.441E-02
     342 2.8239E-01 8.7450E-04  (-0.268    ,  1.953E-03,   0.00    ) |  8.745E-04 2.441E-02
     343 2.8327E-01 8.7420E-04  (-0.268    , -1.953E-03,   0.00    ) |  8.742E-04 2.441E-02
     344 2.8414E-01 8.7389E-04  ( 0.268    , -1.953E-03,   0.00    ) |  8.739E-04 2.441E-02
     345 2.8502E-01 8.7358E-04  ( 0.268    , -1.953E-03,   0.00    ) |  8.736E-04 2.441E-02
     346 2.8589E-01 8.7328E-04  ( 0.268    ,  1.953E-03,   0.00    ) |  8.733E-04 2.441E-02
     347 2.8676E-01 8.7297E-04  ( 0.268    , -1.953E-03,   0.00    ) |  8.730E-04 2.441E-02
     348 2.8764E-01 8.7266E-04  (-0.268    , -1.953E-03,   0.00    ) |  8.727E-04 2.441E-02
     349 2.8851E-01 8.7236E-04  (-0.268    , -1.953E-03,   0.00    ) |  8.724E-04 2.441E-02
     350 2.8938E-01 8.7205E-04  (-0.271    ,  1.953E-03,   0.00    ) |  8.721E-04 2.441E-02
     351 2.9025E-01 8.7174E-04  (-0.271    ,  1.953E-03,   0.00    ) |  8.717E-04 2.441E-02
     352 2.9113E-01 8.7144E-04  (-0.271    ,  1.953E-03,   0.00    ) |  8.714E-04 2.441E-02
     353 2.9200E-01 8.7113E-04  (-0.271    ,  1.953E-03,   0.00    ) |  8.711E-04 2.441E-02
     354 2.9287E-01 8.7082E-04  ( 0.271    ,  1.953E-03,   0.00    ) |  8.708E-04 2.441E-02
     355 2.9374E-01 8.7052E-04  (-0.271    ,  1.953E-03,   0.00    ) |  8.705E-04 2.441E-02
     356 2.9461E-01 8.7021E-04  (-0.271    ,  1.953E-03,   0.00    ) |  8.702E-04 2.441E-02
     357 2.9548E-01 8.6991E-04  (-0.271    ,  1.953E-03,   0.00    ) |  8.699E-04 2.441E-02
     358 2.9635E-01 8.6960E-04  (-0.271    ,  1.953E-03,   0.00    ) |  8.696E-04 2.441E-02
     359 2.9722E-01 8.6930E-04  ( 0.271    , -1.953E-03,   0.00    ) |  8.693E-04 2.441E-02
     360 2.9809E-01 8.6899E-04  ( 0.271    , -1.953E-03,   0.00    ) |  8.690E-04 2.441E-02
     361 2.9896E-01 8.6869E-04  ( 0.271    , -1.953E-03,   0.00    ) |  8.687E-04 2.441E-02
     362 2.9983E-01 8.6839E-04  ( 0.271    , -1.953E-03,   0.00    ) |  8.684E-04 2.441E-02
 *** Wrote plotfile to flash_run_hdf5_plt_cnt_0012 ****
     363 3.0070E-01 8.6809E-04  ( 0.271    , -1.953E-03,   0.00    ) |  8.681E-04 2.441E-02
     364 3.0156E-01 8.6779E-04  ( 0.271    , -1.953E-03,   0.00    ) |  8.678E-04 2.441E-02
     365 3.0243E-01 8.6749E-04  ( 0.271    , -1.953E-03,   0.00    ) |  8.675E-04 2.441E-02
     366 3.0330E-01 8.6718E-04  ( 0.271    , -1.953E-03,   0.00    ) |  8.672E-04 2.441E-02
     367 3.0417E-01 8.6688E-04  ( 0.271    , -1.953E-03,   0.00    ) |  8.669E-04 2.441E-02
     368 3.0503E-01 8.6658E-04  ( 0.271    , -1.953E-03,   0.00    ) |  8.666E-04 2.441E-02
     369 3.0590E-01 8.6627E-04  ( 0.271    , -1.953E-03,   0.00    ) |  8.663E-04 2.441E-02
     370 3.0677E-01 8.6597E-04  ( 0.271    , -1.953E-03,   0.00    ) |  8.660E-04 2.441E-02
     371 3.0763E-01 8.6566E-04  ( 0.271    , -1.953E-03,   0.00    ) |  8.657E-04 2.441E-02
     372 3.0850E-01 8.6536E-04  ( 0.271    ,  1.953E-03,   0.00    ) |  8.654E-04 2.441E-02
     373 3.0936E-01 8.6505E-04  ( 0.271    , -1.953E-03,   0.00    ) |  8.651E-04 2.441E-02
     374 3.1023E-01 8.6474E-04  ( 0.271    , -1.953E-03,   0.00    ) |  8.647E-04 2.441E-02
     375 3.1109E-01 8.6444E-04  ( 0.271    , -1.953E-03,   0.00    ) |  8.644E-04 2.441E-02
     376 3.1196E-01 8.6413E-04  ( 0.271    , -1.953E-03,   0.00    ) |  8.641E-04 2.441E-02
     377 3.1282E-01 8.6383E-04  ( 0.271    , -1.953E-03,   0.00    ) |  8.638E-04 2.441E-02
     378 3.1368E-01 8.6352E-04  ( 0.271    , -1.953E-03,   0.00    ) |  8.635E-04 2.441E-02
     379 3.1455E-01 8.6322E-04  ( 0.271    , -1.953E-03,   0.00    ) |  8.632E-04 2.441E-02
     380 3.1541E-01 8.6291E-04  ( 0.271    , -1.953E-03,   0.00    ) |  8.629E-04 2.441E-02
     381 3.1627E-01 8.6261E-04  ( 0.271    , -1.953E-03,   0.00    ) |  8.626E-04 2.441E-02
     382 3.1714E-01 8.6231E-04  ( 0.271    , -1.953E-03,   0.00    ) |  8.623E-04 2.441E-02
     383 3.1800E-01 8.6201E-04  ( 0.271    , -1.953E-03,   0.00    ) |  8.620E-04 2.441E-02
     384 3.1886E-01 8.6171E-04  ( 0.271    , -1.953E-03,   0.00    ) |  8.617E-04 2.441E-02
     385 3.1972E-01 8.6141E-04  ( 0.271    , -1.953E-03,   0.00    ) |  8.614E-04 2.441E-02
     386 3.2058E-01 8.6111E-04  ( 0.271    , -1.953E-03,   0.00    ) |  8.611E-04 2.441E-02
     387 3.2145E-01 8.6082E-04  ( 0.271    , -1.953E-03,   0.00    ) |  8.608E-04 2.441E-02
     388 3.2231E-01 8.6052E-04  ( 0.271    , -1.953E-03,   0.00    ) |  8.605E-04 2.441E-02
     389 3.2317E-01 8.6023E-04  ( 0.271    , -1.953E-03,   0.00    ) |  8.602E-04 2.441E-02
     390 3.2403E-01 8.5993E-04  ( 0.271    , -1.953E-03,   0.00    ) |  8.599E-04 2.441E-02
     391 3.2489E-01 8.5964E-04  ( 0.271    , -1.953E-03,   0.00    ) |  8.596E-04 2.441E-02
 *** Wrote plotfile to flash_run_hdf5_plt_cnt_0013 ****
     392 3.2575E-01 8.5935E-04  ( 0.271    , -1.953E-03,   0.00    ) |  8.594E-04 2.441E-02
     393 3.2661E-01 8.5906E-04  ( 0.271    , -1.953E-03,   0.00    ) |  8.591E-04 2.441E-02
     394 3.2747E-01 8.5877E-04  ( 0.271    , -1.953E-03,   0.00    ) |  8.588E-04 2.441E-02
     395 3.2832E-01 8.5848E-04  ( 0.271    , -1.953E-03,   0.00    ) |  8.585E-04 2.441E-02
     396 3.2918E-01 8.5819E-04  ( 0.271    , -1.953E-03,   0.00    ) |  8.582E-04 2.441E-02
     397 3.3004E-01 8.5791E-04  ( 0.271    , -1.953E-03,   0.00    ) |  8.579E-04 2.441E-02
     398 3.3090E-01 8.5762E-04  (-0.271    ,  1.953E-03,   0.00    ) |  8.576E-04 2.441E-02
     399 3.3176E-01 8.5733E-04  (-0.271    ,  1.953E-03,   0.00    ) |  8.573E-04 2.441E-02
     400 3.3261E-01 8.5705E-04  (-0.271    ,  1.953E-03,   0.00    ) |  8.570E-04 2.441E-02
     401 3.3347E-01 8.5676E-04  (-0.271    ,  1.953E-03,   0.00    ) |  8.568E-04 2.441E-02
     402 3.3433E-01 8.5648E-04  ( 0.275    , -1.953E-03,   0.00    ) |  8.565E-04 2.441E-02
     403 3.3518E-01 8.5619E-04  ( 0.275    , -1.953E-03,   0.00    ) |  8.562E-04 2.441E-02
     404 3.3604E-01 8.5591E-04  ( 0.275    , -1.953E-03,   0.00    ) |  8.559E-04 2.441E-02
     405 3.3690E-01 8.5562E-04  ( 0.275    , -1.953E-03,   0.00    ) |  8.556E-04 2.441E-02
     406 3.3775E-01 8.5534E-04  ( 0.275    , -1.953E-03,   0.00    ) |  8.553E-04 2.441E-02
     407 3.3861E-01 8.5505E-04  (-0.275    ,  1.953E-03,   0.00    ) |  8.551E-04 2.441E-02
     408 3.3946E-01 8.5477E-04  (-0.275    ,  1.953E-03,   0.00    ) |  8.548E-04 2.441E-02
     409 3.4032E-01 8.5448E-04  ( 0.275    ,  1.953E-03,   0.00    ) |  8.545E-04 2.441E-02
     410 3.4117E-01 8.5420E-04  ( 0.275    ,  1.953E-03,   0.00    ) |  8.542E-04 2.441E-02
     411 3.4203E-01 8.5391E-04  ( 0.275    ,  1.953E-03,   0.00    ) |  8.539E-04 2.441E-02
     412 3.4288E-01 8.5363E-04  (-0.275    ,  1.953E-03,   0.00    ) |  8.536E-04 2.441E-02
     413 3.4373E-01 8.5334E-04  ( 0.275    ,  1.953E-03,   0.00    ) |  8.533E-04 2.441E-02
     414 3.4459E-01 8.5306E-04  ( 0.275    ,  1.953E-03,   0.00    ) |  8.531E-04 2.441E-02
     415 3.4544E-01 8.5277E-04  ( 0.275    ,  1.953E-03,   0.00    ) |  8.528E-04 2.441E-02
     416 3.4629E-01 8.5248E-04  ( 0.275    ,  1.953E-03,   0.00    ) |  8.525E-04 2.441E-02
     417 3.4714E-01 8.5220E-04  ( 0.275    ,  1.953E-03,   0.00    ) |  8.522E-04 2.441E-02
     418 3.4800E-01 8.5191E-04  ( 0.275    ,  1.953E-03,   0.00    ) |  8.519E-04 2.441E-02
     419 3.4885E-01 8.5162E-04  ( 0.275    ,  1.953E-03,   0.00    ) |  8.516E-04 2.441E-02
     420 3.4970E-01 8.5133E-04  ( 0.275    ,  1.953E-03,   0.00    ) |  8.513E-04 2.441E-02
 *** Wrote plotfile to flash_run_hdf5_plt_cnt_0014 ****
     421 3.5055E-01 8.5104E-04  ( 0.275    ,  1.953E-03,   0.00    ) |  8.510E-04 2.441E-02
     422 3.5140E-01 8.5076E-04  ( 0.275    ,  1.953E-03,   0.00    ) |  8.508E-04 2.441E-02
     423 3.5225E-01 8.5047E-04  ( 0.275    ,  1.953E-03,   0.00    ) |  8.505E-04 2.441E-02
     424 3.5310E-01 8.5018E-04  ( 0.275    ,  1.953E-03,   0.00    ) |  8.502E-04 2.441E-02
     425 3.5395E-01 8.4988E-04  ( 0.275    ,  1.953E-03,   0.00    ) |  8.499E-04 2.441E-02
     426 3.5480E-01 8.4959E-04  ( 0.275    ,  1.953E-03,   0.00    ) |  8.496E-04 2.441E-02
     427 3.5565E-01 8.4930E-04  ( 0.275    ,  1.953E-03,   0.00    ) |  8.493E-04 2.441E-02
     428 3.5650E-01 8.4901E-04  ( 0.275    ,  1.953E-03,   0.00    ) |  8.490E-04 2.441E-02
     429 3.5735E-01 8.4872E-04  ( 0.275    ,  1.953E-03,   0.00    ) |  8.487E-04 2.441E-02
     430 3.5820E-01 8.4842E-04  ( 0.275    ,  1.953E-03,   0.00    ) |  8.484E-04 2.441E-02
     431 3.5905E-01 8.4813E-04  ( 0.275    ,  1.953E-03,   0.00    ) |  8.481E-04 2.441E-02
     432 3.5990E-01 8.4784E-04  ( 0.275    ,  1.953E-03,   0.00    ) |  8.478E-04 2.441E-02
     433 3.6074E-01 8.4754E-04  ( 0.275    ,  1.953E-03,   0.00    ) |  8.475E-04 2.441E-02
     434 3.6159E-01 8.4725E-04  ( 0.275    ,  1.953E-03,   0.00    ) |  8.472E-04 2.441E-02
     435 3.6244E-01 8.4695E-04  ( 0.275    ,  1.953E-03,   0.00    ) |  8.470E-04 2.441E-02
     436 3.6329E-01 8.4665E-04  ( 0.275    ,  1.953E-03,   0.00    ) |  8.467E-04 2.441E-02
     437 3.6413E-01 8.4636E-04  ( 0.275    ,  1.953E-03,   0.00    ) |  8.464E-04 2.441E-02
     438 3.6498E-01 8.4606E-04  ( 0.275    ,  1.953E-03,   0.00    ) |  8.461E-04 2.441E-02
     439 3.6583E-01 8.4576E-04  ( 0.275    ,  1.953E-03,   0.00    ) |  8.458E-04 2.441E-02
     440 3.6667E-01 8.4547E-04  ( 0.275    ,  1.953E-03,   0.00    ) |  8.455E-04 2.441E-02
     441 3.6752E-01 8.4517E-04  ( 0.275    ,  1.953E-03,   0.00    ) |  8.452E-04 2.441E-02
     442 3.6836E-01 8.4487E-04  ( 0.275    ,  1.953E-03,   0.00    ) |  8.449E-04 2.441E-02
     443 3.6921E-01 8.4457E-04  ( 0.275    ,  1.953E-03,   0.00    ) |  8.446E-04 2.441E-02
     444 3.7005E-01 8.4427E-04  (-0.275    ,  1.953E-03,   0.00    ) |  8.443E-04 2.441E-02
     445 3.7090E-01 8.4397E-04  (-0.275    ,  1.953E-03,   0.00    ) |  8.440E-04 2.441E-02
     446 3.7174E-01 8.4367E-04  (-0.275    ,  1.953E-03,   0.00    ) |  8.437E-04 2.441E-02
     447 3.7258E-01 8.4337E-04  (-0.275    ,  1.953E-03,   0.00    ) |  8.434E-04 2.441E-02
     448 3.7343E-01 8.4307E-04  (-0.275    ,  1.953E-03,   0.00    ) |  8.431E-04 2.441E-02
     449 3.7427E-01 8.4277E-04  (-0.275    ,  1.953E-03,   0.00    ) |  8.428E-04 2.441E-02
 *** Wrote plotfile to flash_run_hdf5_plt_cnt_0015 ****
     450 3.7511E-01 8.4247E-04  (-0.275    ,  1.953E-03,   0.00    ) |  8.425E-04 2.441E-02
     451 3.7596E-01 8.4217E-04  (-0.275    ,  1.953E-03,   0.00    ) |  8.422E-04 2.441E-02
     452 3.7680E-01 8.4187E-04  (-0.275    ,  1.953E-03,   0.00    ) |  8.419E-04 2.441E-02
     453 3.7764E-01 8.4156E-04  (-0.275    ,  1.953E-03,   0.00    ) |  8.416E-04 2.441E-02
     454 3.7848E-01 8.4126E-04  (-0.275    ,  1.953E-03,   0.00    ) |  8.413E-04 2.441E-02
     455 3.7932E-01 8.4096E-04  (-0.275    ,  1.953E-03,   0.00    ) |  8.410E-04 2.441E-02
     456 3.8016E-01 8.4066E-04  (-0.275    ,  1.953E-03,   0.00    ) |  8.407E-04 2.441E-02
     457 3.8100E-01 8.4035E-04  (-0.275    ,  1.953E-03,   0.00    ) |  8.404E-04 2.441E-02
     458 3.8184E-01 8.4005E-04  (-0.275    ,  1.953E-03,   0.00    ) |  8.401E-04 2.441E-02
     459 3.8268E-01 8.3975E-04  (-0.275    ,  1.953E-03,   0.00    ) |  8.397E-04 2.441E-02
     460 3.8352E-01 8.3944E-04  (-0.275    ,  1.953E-03,   0.00    ) |  8.394E-04 2.441E-02
     461 3.8436E-01 8.3914E-04  (-0.275    ,  1.953E-03,   0.00    ) |  8.391E-04 2.441E-02
     462 3.8520E-01 8.3884E-04  ( 0.275    , -1.953E-03,   0.00    ) |  8.388E-04 2.441E-02
     463 3.8604E-01 8.3853E-04  (-0.275    ,  1.953E-03,   0.00    ) |  8.385E-04 2.441E-02
     464 3.8688E-01 8.3823E-04  (-0.275    ,  1.953E-03,   0.00    ) |  8.382E-04 2.441E-02
     465 3.8772E-01 8.3792E-04  (-0.275    ,  1.953E-03,   0.00    ) |  8.379E-04 2.441E-02
     466 3.8856E-01 8.3762E-04  ( 0.275    , -1.953E-03,   0.00    ) |  8.376E-04 2.441E-02
     467 3.8939E-01 8.3731E-04  (-0.279    ,  1.953E-03,   0.00    ) |  8.373E-04 2.441E-02
     468 3.9023E-01 8.3701E-04  ( 0.279    , -1.953E-03,   0.00    ) |  8.370E-04 2.441E-02
     469 3.9107E-01 8.3670E-04  ( 0.279    , -1.953E-03,   0.00    ) |  8.367E-04 2.441E-02
     470 3.9190E-01 8.3639E-04  ( 0.279    , -1.953E-03,   0.00    ) |  8.364E-04 2.441E-02
     471 3.9274E-01 8.3609E-04  ( 0.279    , -1.953E-03,   0.00    ) |  8.361E-04 2.441E-02
     472 3.9358E-01 8.3578E-04  (-0.279    ,  1.953E-03,   0.00    ) |  8.358E-04 2.441E-02
     473 3.9441E-01 8.3547E-04  (-0.279    ,  1.953E-03,   0.00    ) |  8.355E-04 2.441E-02
     474 3.9525E-01 8.3516E-04  (-0.279    ,  1.953E-03,   0.00    ) |  8.352E-04 2.441E-02
     475 3.9608E-01 8.3486E-04  (-0.279    ,  1.953E-03,   0.00    ) |  8.349E-04 2.441E-02
     476 3.9692E-01 8.3455E-04  (-0.279    ,  1.953E-03,   0.00    ) |  8.345E-04 2.441E-02
     477 3.9775E-01 8.3424E-04  (-0.279    ,  1.953E-03,   0.00    ) |  8.342E-04 2.441E-02
     478 3.9859E-01 8.3393E-04  (-0.279    ,  1.953E-03,   0.00    ) |  8.339E-04 2.441E-02
     479 3.9942E-01 8.3362E-04  (-0.279    ,  1.953E-03,   0.00    ) |  8.336E-04 2.441E-02
 *** Wrote plotfile to flash_run_hdf5_plt_cnt_0016 ****
     480 4.0025E-01 8.3331E-04  (-0.279    ,  1.953E-03,   0.00    ) |  8.333E-04 2.441E-02
     481 4.0109E-01 8.3301E-04  (-0.279    ,  1.953E-03,   0.00    ) |  8.330E-04 2.441E-02
     482 4.0192E-01 8.3270E-04  (-0.279    ,  1.953E-03,   0.00    ) |  8.327E-04 2.441E-02
     483 4.0275E-01 8.3239E-04  (-0.279    ,  1.953E-03,   0.00    ) |  8.324E-04 2.441E-02
     484 4.0359E-01 8.3208E-04  (-0.279    ,  1.953E-03,   0.00    ) |  8.321E-04 2.441E-02
     485 4.0442E-01 8.3178E-04  (-0.279    ,  1.953E-03,   0.00    ) |  8.318E-04 2.441E-02
     486 4.0525E-01 8.3147E-04  (-0.279    ,  1.953E-03,   0.00    ) |  8.315E-04 2.441E-02
     487 4.0608E-01 8.3116E-04  (-0.279    ,  1.953E-03,   0.00    ) |  8.312E-04 2.441E-02
     488 4.0691E-01 8.3085E-04  (-0.279    ,  1.953E-03,   0.00    ) |  8.309E-04 2.441E-02
     489 4.0774E-01 8.3055E-04  (-0.279    ,  1.953E-03,   0.00    ) |  8.305E-04 2.441E-02
     490 4.0857E-01 8.3024E-04  (-0.279    ,  1.953E-03,   0.00    ) |  8.302E-04 2.441E-02
     491 4.0940E-01 8.2993E-04  (-0.279    ,  1.953E-03,   0.00    ) |  8.299E-04 2.441E-02
     492 4.1023E-01 8.2962E-04  (-0.279    ,  1.953E-03,   0.00    ) |  8.296E-04 2.441E-02
     493 4.1106E-01 8.2932E-04  (-0.279    ,  1.953E-03,   0.00    ) |  8.293E-04 2.441E-02
     494 4.1189E-01 8.2901E-04  (-0.279    ,  1.953E-03,   0.00    ) |  8.290E-04 2.441E-02
     495 4.1272E-01 8.2870E-04  (-0.279    ,  1.953E-03,   0.00    ) |  8.287E-04 2.441E-02
     496 4.1355E-01 8.2839E-04  (-0.279    ,  1.953E-03,   0.00    ) |  8.284E-04 2.441E-02
     497 4.1438E-01 8.2808E-04  (-0.279    ,  1.953E-03,   0.00    ) |  8.281E-04 2.441E-02
     498 4.1521E-01 8.2778E-04  (-0.279    ,  1.953E-03,   0.00    ) |  8.278E-04 2.441E-02
     499 4.1603E-01 8.2747E-04  (-0.279    ,  1.953E-03,   0.00    ) |  8.275E-04 2.441E-02
     500 4.1686E-01 8.2716E-04  (-0.279    ,  1.953E-03,   0.00    ) |  8.272E-04 2.441E-02
     501 4.1769E-01 8.2685E-04  (-0.283    ,  1.953E-03,   0.00    ) |  8.269E-04 2.441E-02
     502 4.1852E-01 8.2654E-04  (-0.283    ,  1.953E-03,   0.00    ) |  8.265E-04 2.441E-02
     503 4.1934E-01 8.2623E-04  (-0.283    ,  1.953E-03,   0.00    ) |  8.262E-04 2.441E-02
     504 4.2017E-01 8.2592E-04  (-0.283    ,  1.953E-03,   0.00    ) |  8.259E-04 2.441E-02
     505 4.2100E-01 8.2561E-04  (-0.283    ,  1.953E-03,   0.00    ) |  8.256E-04 2.441E-02
     506 4.2182E-01 8.2530E-04  (-0.283    ,  1.953E-03,   0.00    ) |  8.253E-04 2.441E-02
     507 4.2265E-01 8.2499E-04  (-0.283    ,  1.953E-03,   0.00    ) |  8.250E-04 2.441E-02
     508 4.2347E-01 8.2468E-04  (-0.283    ,  1.953E-03,   0.00    ) |  8.247E-04 2.441E-02
     509 4.2430E-01 8.2437E-04  (-0.283    ,  1.953E-03,   0.00    ) |  8.244E-04 2.441E-02
 *** Wrote plotfile to flash_run_hdf5_plt_cnt_0017 ****
     510 4.2512E-01 8.2406E-04  (-0.283    ,  1.953E-03,   0.00    ) |  8.241E-04 2.441E-02
     511 4.2594E-01 8.2375E-04  (-0.283    ,  1.953E-03,   0.00    ) |  8.238E-04 2.441E-02
     512 4.2677E-01 8.2344E-04  (-0.283    ,  1.953E-03,   0.00    ) |  8.234E-04 2.441E-02
     513 4.2759E-01 8.2313E-04  (-0.283    ,  1.953E-03,   0.00    ) |  8.231E-04 2.441E-02
     514 4.2841E-01 8.2282E-04  (-0.283    ,  1.953E-03,   0.00    ) |  8.228E-04 2.441E-02
     515 4.2924E-01 8.2251E-04  (-0.283    ,  1.953E-03,   0.00    ) |  8.225E-04 2.441E-02
     516 4.3006E-01 8.2220E-04  (-0.283    ,  1.953E-03,   0.00    ) |  8.222E-04 2.441E-02
     517 4.3088E-01 8.2189E-04  (-0.283    ,  1.953E-03,   0.00    ) |  8.219E-04 2.441E-02
     518 4.3170E-01 8.2158E-04  (-0.283    ,  1.953E-03,   0.00    ) |  8.216E-04 2.441E-02
     519 4.3253E-01 8.2128E-04  ( 0.283    , -1.953E-03,   0.00    ) |  8.213E-04 2.441E-02
     520 4.3335E-01 8.2097E-04  (-0.283    ,  1.953E-03,   0.00    ) |  8.210E-04 2.441E-02
     521 4.3417E-01 8.2066E-04  (-0.283    ,  1.953E-03,   0.00    ) |  8.207E-04 2.441E-02
     522 4.3499E-01 8.2035E-04  (-0.283    ,  1.953E-03,   0.00    ) |  8.203E-04 2.441E-02
     523 4.3581E-01 8.2004E-04  (-0.283    ,  1.953E-03,   0.00    ) |  8.200E-04 2.441E-02
     524 4.3663E-01 8.1973E-04  (-0.283    ,  1.953E-03,   0.00    ) |  8.197E-04 2.441E-02
     525 4.3745E-01 8.1942E-04  (-0.283    ,  1.953E-03,   0.00    ) |  8.194E-04 2.441E-02
     526 4.3827E-01 8.1911E-04  (-0.283    ,  1.953E-03,   0.00    ) |  8.191E-04 2.441E-02
     527 4.3909E-01 8.1880E-04  (-0.283    ,  1.953E-03,   0.00    ) |  8.188E-04 2.441E-02
     528 4.3991E-01 8.1849E-04  (-0.283    ,  1.953E-03,   0.00    ) |  8.185E-04 2.441E-02
     529 4.4072E-01 8.1818E-04  (-0.283    ,  1.953E-03,   0.00    ) |  8.182E-04 2.441E-02
     530 4.4154E-01 8.1787E-04  (-0.287    ,  1.953E-03,   0.00    ) |  8.179E-04 2.441E-02
     531 4.4236E-01 8.1756E-04  (-0.287    ,  1.953E-03,   0.00    ) |  8.176E-04 2.441E-02
     532 4.4318E-01 8.1725E-04  (-0.287    ,  1.953E-03,   0.00    ) |  8.172E-04 2.441E-02
     533 4.4400E-01 8.1694E-04  (-0.287    ,  1.953E-03,   0.00    ) |  8.169E-04 2.441E-02
     534 4.4481E-01 8.1662E-04  (-0.287    ,  1.953E-03,   0.00    ) |  8.166E-04 2.441E-02
     535 4.4563E-01 8.1631E-04  (-0.287    ,  1.953E-03,   0.00    ) |  8.163E-04 2.441E-02
     536 4.4644E-01 8.1600E-04  (-0.287    ,  1.953E-03,   0.00    ) |  8.160E-04 2.441E-02
     537 4.4726E-01 8.1569E-04  (-0.287    ,  1.953E-03,   0.00    ) |  8.157E-04 2.441E-02
     538 4.4808E-01 8.1537E-04  (-0.287    ,  1.953E-03,   0.00    ) |  8.154E-04 2.441E-02
     539 4.4889E-01 8.1506E-04  (-0.287    ,  1.953E-03,   0.00    ) |  8.151E-04 2.441E-02
     540 4.4971E-01 8.1475E-04  (-0.287    ,  1.953E-03,   0.00    ) |  8.147E-04 2.441E-02
 *** Wrote plotfile to flash_run_hdf5_plt_cnt_0018 ****
     541 4.5052E-01 8.1444E-04  (-0.287    ,  1.953E-03,   0.00    ) |  8.144E-04 2.441E-02
     542 4.5134E-01 8.1412E-04  (-0.287    ,  1.953E-03,   0.00    ) |  8.141E-04 2.441E-02
     543 4.5215E-01 8.1381E-04  (-0.287    ,  1.953E-03,   0.00    ) |  8.138E-04 2.441E-02
     544 4.5296E-01 8.1350E-04  (-0.287    ,  1.953E-03,   0.00    ) |  8.135E-04 2.441E-02
     545 4.5378E-01 8.1319E-04  (-0.287    ,  1.953E-03,   0.00    ) |  8.132E-04 2.441E-02
     546 4.5459E-01 8.1288E-04  (-0.287    ,  1.953E-03,   0.00    ) |  8.129E-04 2.441E-02
     547 4.5540E-01 8.1257E-04  (-0.287    ,  1.953E-03,   0.00    ) |  8.126E-04 2.441E-02
     548 4.5622E-01 8.1225E-04  (-0.287    ,  1.953E-03,   0.00    ) |  8.123E-04 2.441E-02
     549 4.5703E-01 8.1194E-04  (-0.287    , -1.953E-03,   0.00    ) |  8.119E-04 2.441E-02
     550 4.5784E-01 8.1163E-04  (-0.287    ,  1.953E-03,   0.00    ) |  8.116E-04 2.441E-02
     551 4.5865E-01 8.1132E-04  (-0.287    ,  1.953E-03,   0.00    ) |  8.113E-04 2.441E-02
     552 4.5946E-01 8.1101E-04  (-0.287    , -1.953E-03,   0.00    ) |  8.110E-04 2.441E-02
     553 4.6027E-01 8.1070E-04  (-0.287    , -1.953E-03,   0.00    ) |  8.107E-04 2.441E-02
     554 4.6109E-01 8.1038E-04  (-0.291    ,  1.953E-03,   0.00    ) |  8.104E-04 2.441E-02
     555 4.6190E-01 8.1007E-04  (-0.291    , -1.953E-03,   0.00    ) |  8.101E-04 2.441E-02
     556 4.6271E-01 8.0975E-04  (-0.291    ,  1.953E-03,   0.00    ) |  8.098E-04 2.441E-02
     557 4.6352E-01 8.0944E-04  (-0.291    , -1.953E-03,   0.00    ) |  8.094E-04 2.441E-02
     558 4.6432E-01 8.0912E-04  (-0.291    ,  1.953E-03,   0.00    ) |  8.091E-04 2.441E-02
     559 4.6513E-01 8.0881E-04  (-0.291    ,  1.953E-03,   0.00    ) |  8.088E-04 2.441E-02
     560 4.6594E-01 8.0849E-04  (-0.291    ,  1.953E-03,   0.00    ) |  8.085E-04 2.441E-02
     561 4.6675E-01 8.0818E-04  (-0.291    , -1.953E-03,   0.00    ) |  8.082E-04 2.441E-02
     562 4.6756E-01 8.0786E-04  (-0.291    , -1.953E-03,   0.00    ) |  8.079E-04 2.441E-02
     563 4.6837E-01 8.0755E-04  (-0.291    , -1.953E-03,   0.00    ) |  8.075E-04 2.441E-02
     564 4.6917E-01 8.0723E-04  (-0.291    , -1.953E-03,   0.00    ) |  8.072E-04 2.441E-02
     565 4.6998E-01 8.0692E-04  (-0.291    , -1.953E-03,   0.00    ) |  8.069E-04 2.441E-02
     566 4.7079E-01 8.0661E-04  (-0.291    , -1.953E-03,   0.00    ) |  8.066E-04 2.441E-02
     567 4.7160E-01 8.0629E-04  (-0.291    , -1.953E-03,   0.00    ) |  8.063E-04 2.441E-02
     568 4.7240E-01 8.0598E-04  (-0.291    , -1.953E-03,   0.00    ) |  8.060E-04 2.441E-02
     569 4.7321E-01 8.0567E-04  (-0.291    , -1.953E-03,   0.00    ) |  8.057E-04 2.441E-02
     570 4.7401E-01 8.0535E-04  (-0.291    , -1.953E-03,   0.00    ) |  8.054E-04 2.441E-02
     571 4.7482E-01 8.0504E-04  (-0.291    , -1.953E-03,   0.00    ) |  8.050E-04 2.441E-02
 *** Wrote plotfile to flash_run_hdf5_plt_cnt_0019 ****
     572 4.7562E-01 8.0473E-04  (-0.291    , -1.953E-03,   0.00    ) |  8.047E-04 2.441E-02
     573 4.7643E-01 8.0442E-04  (-0.291    , -1.953E-03,   0.00    ) |  8.044E-04 2.441E-02
     574 4.7723E-01 8.0410E-04  (-0.291    , -1.953E-03,   0.00    ) |  8.041E-04 2.441E-02
     575 4.7804E-01 8.0379E-04  (-0.295    , -1.953E-03,   0.00    ) |  8.038E-04 2.441E-02
     576 4.7884E-01 8.0347E-04  (-0.295    , -1.953E-03,   0.00    ) |  8.035E-04 2.441E-02
     577 4.7964E-01 8.0316E-04  (-0.295    , -1.953E-03,   0.00    ) |  8.032E-04 2.441E-02
     578 4.8045E-01 8.0284E-04  (-0.295    , -1.953E-03,   0.00    ) |  8.028E-04 2.441E-02
     579 4.8125E-01 8.0252E-04  (-0.295    , -1.953E-03,   0.00    ) |  8.025E-04 2.441E-02
     580 4.8205E-01 8.0221E-04  (-0.295    , -1.953E-03,   0.00    ) |  8.022E-04 2.441E-02
     581 4.8286E-01 8.0189E-04  (-0.295    , -1.953E-03,   0.00    ) |  8.019E-04 2.441E-02
     582 4.8366E-01 8.0158E-04  (-0.295    , -1.953E-03,   0.00    ) |  8.016E-04 2.441E-02
     583 4.8446E-01 8.0127E-04  (-0.295    , -1.953E-03,   0.00    ) |  8.013E-04 2.441E-02
     584 4.8526E-01 8.0095E-04  (-0.295    , -1.953E-03,   0.00    ) |  8.010E-04 2.441E-02
     585 4.8606E-01 8.0064E-04  (-0.295    , -1.953E-03,   0.00    ) |  8.006E-04 2.441E-02
     586 4.8686E-01 8.0033E-04  (-0.295    , -1.953E-03,   0.00    ) |  8.003E-04 2.441E-02
     587 4.8766E-01 8.0001E-04  (-0.295    , -1.953E-03,   0.00    ) |  8.000E-04 2.441E-02
     588 4.8846E-01 7.9970E-04  (-0.295    , -1.953E-03,   0.00    ) |  7.997E-04 2.441E-02
     589 4.8926E-01 7.9939E-04  (-0.295    , -1.953E-03,   0.00    ) |  7.994E-04 2.441E-02
     590 4.9006E-01 7.9908E-04  (-0.295    , -1.953E-03,   0.00    ) |  7.991E-04 2.441E-02
     591 4.9086E-01 7.9877E-04  (-0.295    , -1.953E-03,   0.00    ) |  7.988E-04 2.441E-02
     592 4.9166E-01 7.9846E-04  (-0.295    , -1.953E-03,   0.00    ) |  7.985E-04 2.441E-02
     593 4.9246E-01 7.9815E-04  (-0.295    , -1.953E-03,   0.00    ) |  7.982E-04 2.441E-02
     594 4.9326E-01 7.9784E-04  (-0.295    , -1.953E-03,   0.00    ) |  7.978E-04 2.441E-02
     595 4.9405E-01 7.9753E-04  (-0.299    , -1.953E-03,   0.00    ) |  7.975E-04 2.441E-02
     596 4.9485E-01 7.9722E-04  (-0.299    , -1.953E-03,   0.00    ) |  7.972E-04 2.441E-02
     597 4.9565E-01 7.9691E-04  (-0.299    , -1.953E-03,   0.00    ) |  7.969E-04 2.441E-02
     598 4.9644E-01 7.9660E-04  (-0.299    ,  1.953E-03,   0.00    ) |  7.966E-04 2.441E-02
     599 4.9724E-01 7.9629E-04  (-0.299    ,  1.953E-03,   0.00    ) |  7.963E-04 2.441E-02
     600 4.9804E-01 7.9598E-04  (-0.299    ,  1.953E-03,   0.00    ) |  7.960E-04 2.441E-02
     601 4.9883E-01 7.9567E-04  (-0.299    , -1.953E-03,   0.00    ) |  7.957E-04 2.441E-02
     602 4.9963E-01 7.9536E-04  (-0.299    ,  1.953E-03,   0.00    ) |  7.954E-04 2.441E-02
 *** Wrote plotfile to flash_run_hdf5_plt_cnt_0020 ****
     603 5.0042E-01 7.9505E-04  ( 0.299    , -1.953E-03,   0.00    ) |  7.950E-04 2.441E-02
     604 5.0122E-01 7.9474E-04  ( 0.299    , -1.953E-03,   0.00    ) |  7.947E-04 2.441E-02
     605 5.0201E-01 7.9444E-04  ( 0.299    , -1.953E-03,   0.00    ) |  7.944E-04 2.441E-02
     606 5.0281E-01 7.9413E-04  ( 0.299    , -1.953E-03,   0.00    ) |  7.941E-04 2.441E-02
     607 5.0360E-01 7.9382E-04  ( 0.299    , -1.953E-03,   0.00    ) |  7.938E-04 2.441E-02
     608 5.0440E-01 7.9352E-04  ( 0.299    , -1.953E-03,   0.00    ) |  7.935E-04 2.441E-02
     609 5.0519E-01 7.9321E-04  ( 0.299    ,  1.953E-03,   0.00    ) |  7.932E-04 2.441E-02
     610 5.0598E-01 7.9291E-04  ( 0.299    ,  1.953E-03,   0.00    ) |  7.929E-04 2.441E-02
     611 5.0678E-01 7.9261E-04  (-0.299    ,  1.953E-03,   0.00    ) |  7.926E-04 2.441E-02
     612 5.0757E-01 7.9231E-04  (-0.303    ,  1.953E-03,   0.00    ) |  7.923E-04 2.441E-02
     613 5.0836E-01 7.9200E-04  (-0.303    ,  1.953E-03,   0.00    ) |  7.920E-04 2.441E-02
     614 5.0915E-01 7.9169E-04  (-0.303    ,  1.953E-03,   0.00    ) |  7.917E-04 2.441E-02
     615 5.0995E-01 7.9139E-04  (-0.303    ,  1.953E-03,   0.00    ) |  7.914E-04 2.441E-02
     616 5.1074E-01 7.9108E-04  (-0.303    ,  1.953E-03,   0.00    ) |  7.911E-04 2.441E-02
     617 5.1153E-01 7.9078E-04  (-0.303    ,  1.953E-03,   0.00    ) |  7.908E-04 2.441E-02
     618 5.1232E-01 7.9047E-04  (-0.303    ,  1.953E-03,   0.00    ) |  7.905E-04 2.441E-02
     619 5.1311E-01 7.9017E-04  ( 0.303    , -1.953E-03,   0.00    ) |  7.902E-04 2.441E-02
     620 5.1390E-01 7.8987E-04  (-0.303    ,  1.953E-03,   0.00    ) |  7.899E-04 2.441E-02
     621 5.1469E-01 7.8957E-04  ( 0.303    ,  1.953E-03,   0.00    ) |  7.896E-04 2.441E-02
     622 5.1548E-01 7.8927E-04  ( 0.303    ,  1.953E-03,   0.00    ) |  7.893E-04 2.441E-02
     623 5.1627E-01 7.8897E-04  ( 0.303    ,  1.953E-03,   0.00    ) |  7.890E-04 2.441E-02
     624 5.1706E-01 7.8868E-04  ( 0.303    ,  1.953E-03,   0.00    ) |  7.887E-04 2.441E-02
     625 5.1785E-01 7.8838E-04  (-0.303    ,  1.953E-03,   0.00    ) |  7.884E-04 2.441E-02
     626 5.1863E-01 7.8809E-04  (-0.303    ,  1.953E-03,   0.00    ) |  7.881E-04 2.441E-02
     627 5.1942E-01 7.8779E-04  (-0.303    ,  1.953E-03,   0.00    ) |  7.878E-04 2.441E-02
     628 5.2021E-01 7.8749E-04  (-0.307    ,  1.953E-03,   0.00    ) |  7.875E-04 2.441E-02
     629 5.2100E-01 7.8719E-04  (-0.307    ,  1.953E-03,   0.00    ) |  7.872E-04 2.441E-02
     630 5.2178E-01 7.8690E-04  (-0.307    ,  1.953E-03,   0.00    ) |  7.869E-04 2.441E-02
     631 5.2257E-01 7.8660E-04  (-0.307    ,  1.953E-03,   0.00    ) |  7.866E-04 2.441E-02
     632 5.2336E-01 7.8630E-04  (-0.307    ,  1.953E-03,   0.00    ) |  7.863E-04 2.441E-02
     633 5.2414E-01 7.8601E-04  (-0.307    ,  1.953E-03,   0.00    ) |  7.860E-04 2.441E-02
     634 5.2493E-01 7.8571E-04  ( 0.307    ,  1.953E-03,   0.00    ) |  7.857E-04 2.441E-02
 *** Wrote plotfile to flash_run_hdf5_plt_cnt_0021 ****
     635 5.2572E-01 7.8542E-04  ( 0.307    ,  1.953E-03,   0.00    ) |  7.854E-04 2.441E-02
     636 5.2650E-01 7.8513E-04  ( 0.307    ,  1.953E-03,   0.00    ) |  7.851E-04 2.441E-02
     637 5.2729E-01 7.8484E-04  (-0.307    ,  1.953E-03,   0.00    ) |  7.848E-04 2.441E-02
     638 5.2807E-01 7.8455E-04  ( 0.307    ,  1.953E-03,   0.00    ) |  7.846E-04 2.441E-02
     639 5.2886E-01 7.8426E-04  ( 0.307    ,  1.953E-03,   0.00    ) |  7.843E-04 2.441E-02
     640 5.2964E-01 7.8398E-04  (-0.307    ,  1.953E-03,   0.00    ) |  7.840E-04 2.441E-02
     641 5.3042E-01 7.8369E-04  ( 0.307    ,  1.953E-03,   0.00    ) |  7.837E-04 2.441E-02
     642 5.3121E-01 7.8340E-04  (-0.311    ,  1.953E-03,   0.00    ) |  7.834E-04 2.441E-02
     643 5.3199E-01 7.8311E-04  ( 0.311    ,  1.953E-03,   0.00    ) |  7.831E-04 2.441E-02
     644 5.3277E-01 7.8282E-04  ( 0.311    ,  1.953E-03,   0.00    ) |  7.828E-04 2.441E-02
     645 5.3356E-01 7.8253E-04  ( 0.311    ,  1.953E-03,   0.00    ) |  7.825E-04 2.441E-02
     646 5.3434E-01 7.8224E-04  ( 0.311    ,  1.953E-03,   0.00    ) |  7.822E-04 2.441E-02
     647 5.3512E-01 7.8196E-04  ( 0.311    ,  1.953E-03,   0.00    ) |  7.820E-04 2.441E-02
     648 5.3590E-01 7.8167E-04  ( 0.311    ,  1.953E-03,   0.00    ) |  7.817E-04 2.441E-02
     649 5.3669E-01 7.8139E-04  (-0.311    ,  1.953E-03,   0.00    ) |  7.814E-04 2.441E-02
     650 5.3747E-01 7.8111E-04  (-0.311    ,  1.953E-03,   0.00    ) |  7.811E-04 2.441E-02
     651 5.3825E-01 7.8083E-04  (-0.311    ,  1.953E-03,   0.00    ) |  7.808E-04 2.441E-02
     652 5.3903E-01 7.8055E-04  (-0.311    ,  1.953E-03,   0.00    ) |  7.805E-04 2.441E-02
     653 5.3981E-01 7.8027E-04  (-0.311    , -1.953E-03,   0.00    ) |  7.803E-04 2.441E-02
     654 5.4059E-01 7.8000E-04  (-0.311    , -1.953E-03,   0.00    ) |  7.800E-04 2.441E-02
     655 5.4137E-01 7.7972E-04  (-0.314    ,  1.953E-03,   0.00    ) |  7.797E-04 2.441E-02
     656 5.4215E-01 7.7943E-04  (-0.314    ,  1.953E-03,   0.00    ) |  7.794E-04 2.441E-02
     657 5.4293E-01 7.7915E-04  (-0.314    ,  1.953E-03,   0.00    ) |  7.792E-04 2.441E-02
     658 5.4371E-01 7.7887E-04  (-0.314    , -1.953E-03,   0.00    ) |  7.789E-04 2.441E-02
     659 5.4449E-01 7.7859E-04  (-0.314    , -1.953E-03,   0.00    ) |  7.786E-04 2.441E-02
     660 5.4527E-01 7.7832E-04  (-0.314    , -1.953E-03,   0.00    ) |  7.783E-04 2.441E-02
     661 5.4604E-01 7.7804E-04  (-0.314    , -1.953E-03,   0.00    ) |  7.780E-04 2.441E-02
     662 5.4682E-01 7.7777E-04  (-0.314    , -1.953E-03,   0.00    ) |  7.778E-04 2.441E-02
     663 5.4760E-01 7.7750E-04  (-0.314    , -1.953E-03,   0.00    ) |  7.775E-04 2.441E-02
     664 5.4838E-01 7.7723E-04  (-0.314    , -1.953E-03,   0.00    ) |  7.772E-04 2.441E-02
     665 5.4915E-01 7.7696E-04  (-0.314    ,  1.953E-03,   0.00    ) |  7.770E-04 2.441E-02
     666 5.4993E-01 7.7669E-04  (-0.314    ,  1.953E-03,   0.00    ) |  7.767E-04 2.441E-02
 *** Wrote plotfile to flash_run_hdf5_plt_cnt_0022 ****
     667 5.5071E-01 7.7642E-04  ( 0.314    , -1.953E-03,   0.00    ) |  7.764E-04 2.441E-02
     668 5.5148E-01 7.7615E-04  (-0.318    ,  1.953E-03,   0.00    ) |  7.762E-04 2.441E-02
     669 5.5226E-01 7.7588E-04  (-0.318    ,  1.953E-03,   0.00    ) |  7.759E-04 2.441E-02
     670 5.5304E-01 7.7561E-04  (-0.318    ,  1.953E-03,   0.00    ) |  7.756E-04 2.441E-02
     671 5.5381E-01 7.7534E-04  (-0.318    , -1.953E-03,   0.00    ) |  7.753E-04 2.441E-02
     672 5.5459E-01 7.7507E-04  (-0.318    ,  1.953E-03,   0.00    ) |  7.751E-04 2.441E-02
     673 5.5536E-01 7.7481E-04  ( 0.318    , -1.953E-03,   0.00    ) |  7.748E-04 2.441E-02
     674 5.5614E-01 7.7454E-04  (-0.318    , -1.953E-03,   0.00    ) |  7.745E-04 2.441E-02
     675 5.5691E-01 7.7428E-04  (-0.318    , -1.953E-03,   0.00    ) |  7.743E-04 2.441E-02
     676 5.5769E-01 7.7402E-04  ( 0.318    , -1.953E-03,   0.00    ) |  7.740E-04 2.441E-02
     677 5.5846E-01 7.7376E-04  ( 0.318    , -1.953E-03,   0.00    ) |  7.738E-04 2.441E-02
     678 5.5923E-01 7.7350E-04  ( 0.318    , -1.953E-03,   0.00    ) |  7.735E-04 2.441E-02
     679 5.6001E-01 7.7324E-04  ( 0.318    , -1.953E-03,   0.00    ) |  7.732E-04 2.441E-02
     680 5.6078E-01 7.7299E-04  ( 0.318    , -1.953E-03,   0.00    ) |  7.730E-04 2.441E-02
     681 5.6155E-01 7.7272E-04  ( 0.322    , -1.953E-03,   0.00    ) |  7.727E-04 2.441E-02
     682 5.6233E-01 7.7246E-04  ( 0.322    , -1.953E-03,   0.00    ) |  7.725E-04 2.441E-02
     683 5.6310E-01 7.7220E-04  ( 0.322    , -1.953E-03,   0.00    ) |  7.722E-04 2.441E-02
     684 5.6387E-01 7.7194E-04  ( 0.322    , -1.953E-03,   0.00    ) |  7.719E-04 2.441E-02
     685 5.6464E-01 7.7169E-04  ( 0.322    , -1.953E-03,   0.00    ) |  7.717E-04 2.441E-02
     686 5.6541E-01 7.7144E-04  ( 0.322    , -1.953E-03,   0.00    ) |  7.714E-04 2.441E-02
     687 5.6619E-01 7.7119E-04  ( 0.322    , -1.953E-03,   0.00    ) |  7.712E-04 2.441E-02
     688 5.6696E-01 7.7094E-04  ( 0.322    , -1.953E-03,   0.00    ) |  7.709E-04 2.441E-02
     689 5.6773E-01 7.7069E-04  ( 0.322    , -1.953E-03,   0.00    ) |  7.707E-04 2.441E-02
     690 5.6850E-01 7.7044E-04  ( 0.322    , -1.953E-03,   0.00    ) |  7.704E-04 2.441E-02
     691 5.6927E-01 7.7019E-04  ( 0.322    , -1.953E-03,   0.00    ) |  7.702E-04 2.441E-02
     692 5.7004E-01 7.6994E-04  ( 0.326    , -1.953E-03,   0.00    ) |  7.699E-04 2.441E-02
     693 5.7081E-01 7.6969E-04  ( 0.326    , -1.953E-03,   0.00    ) |  7.697E-04 2.441E-02
     694 5.7158E-01 7.6944E-04  ( 0.326    , -1.953E-03,   0.00    ) |  7.694E-04 2.441E-02
     695 5.7235E-01 7.6919E-04  ( 0.326    , -1.953E-03,   0.00    ) |  7.692E-04 2.441E-02
     696 5.7312E-01 7.6894E-04  ( 0.326    , -1.953E-03,   0.00    ) |  7.689E-04 2.441E-02
     697 5.7389E-01 7.6870E-04  ( 0.326    , -1.953E-03,   0.00    ) |  7.687E-04 2.441E-02
     698 5.7466E-01 7.6845E-04  ( 0.326    , -1.953E-03,   0.00    ) |  7.685E-04 2.441E-02
 *** Wrote plotfile to flash_run_hdf5_plt_cnt_0023 ****
     699 5.7542E-01 7.6821E-04  ( 0.326    , -1.953E-03,   0.00    ) |  7.682E-04 2.441E-02
     700 5.7619E-01 7.6797E-04  ( 0.326    , -1.953E-03,   0.00    ) |  7.680E-04 2.441E-02
     701 5.7696E-01 7.6773E-04  ( 0.326    , -1.953E-03,   0.00    ) |  7.677E-04 2.441E-02
     702 5.7773E-01 7.6749E-04  ( 0.326    , -1.953E-03,   0.00    ) |  7.675E-04 2.441E-02
     703 5.7850E-01 7.6725E-04  ( 0.330    , -1.953E-03,   0.00    ) |  7.672E-04 2.441E-02
     704 5.7926E-01 7.6700E-04  ( 0.330    , -1.953E-03,   0.00    ) |  7.670E-04 2.441E-02
     705 5.8003E-01 7.6676E-04  ( 0.330    , -1.953E-03,   0.00    ) |  7.668E-04 2.441E-02
     706 5.8080E-01 7.6651E-04  ( 0.330    , -1.953E-03,   0.00    ) |  7.665E-04 2.441E-02
     707 5.8156E-01 7.6627E-04  ( 0.330    , -1.953E-03,   0.00    ) |  7.663E-04 2.441E-02
     708 5.8233E-01 7.6604E-04  ( 0.330    , -1.953E-03,   0.00    ) |  7.660E-04 2.441E-02
     709 5.8310E-01 7.6580E-04  ( 0.330    , -1.953E-03,   0.00    ) |  7.658E-04 2.441E-02
     710 5.8386E-01 7.6557E-04  (-0.330    , -1.953E-03,   0.00    ) |  7.656E-04 2.441E-02
     711 5.8463E-01 7.6533E-04  (-0.330    , -1.953E-03,   0.00    ) |  7.653E-04 2.441E-02
     712 5.8539E-01 7.6510E-04  (-0.330    , -1.953E-03,   0.00    ) |  7.651E-04 2.441E-02
     713 5.8616E-01 7.6487E-04  (-0.334    , -1.953E-03,   0.00    ) |  7.649E-04 2.441E-02
     714 5.8692E-01 7.6463E-04  (-0.334    , -1.953E-03,   0.00    ) |  7.646E-04 2.441E-02
     715 5.8769E-01 7.6439E-04  (-0.334    , -1.953E-03,   0.00    ) |  7.644E-04 2.441E-02
     716 5.8845E-01 7.6415E-04  ( 0.334    , -1.953E-03,   0.00    ) |  7.642E-04 2.441E-02
     717 5.8921E-01 7.6392E-04  ( 0.334    , -1.953E-03,   0.00    ) |  7.639E-04 2.441E-02
     718 5.8998E-01 7.6369E-04  ( 0.334    , -1.953E-03,   0.00    ) |  7.637E-04 2.441E-02
     719 5.9074E-01 7.6346E-04  ( 0.334    , -1.953E-03,   0.00    ) |  7.635E-04 2.441E-02
     720 5.9151E-01 7.6323E-04  ( 0.334    , -1.953E-03,   0.00    ) |  7.632E-04 2.441E-02
     721 5.9227E-01 7.6300E-04  ( 0.334    , -1.953E-03,   0.00    ) |  7.630E-04 2.441E-02
     722 5.9303E-01 7.6277E-04  ( 0.334    , -1.953E-03,   0.00    ) |  7.628E-04 2.441E-02
     723 5.9379E-01 7.6255E-04  (-0.334    , -1.953E-03,   0.00    ) |  7.625E-04 2.441E-02
     724 5.9456E-01 7.6232E-04  ( 0.338    , -1.953E-03,   0.00    ) |  7.623E-04 2.441E-02
     725 5.9532E-01 7.6209E-04  ( 0.338    , -1.953E-03,   0.00    ) |  7.621E-04 2.441E-02
     726 5.9608E-01 7.6186E-04  ( 0.338    , -1.953E-03,   0.00    ) |  7.619E-04 2.441E-02
     727 5.9684E-01 7.6163E-04  ( 0.338    , -1.953E-03,   0.00    ) |  7.616E-04 2.441E-02
     728 5.9761E-01 7.6140E-04  ( 0.338    , -1.953E-03,   0.00    ) |  7.614E-04 2.441E-02
     729 5.9837E-01 7.6118E-04  ( 0.338    , -1.953E-03,   0.00    ) |  7.612E-04 2.441E-02
     730 5.9913E-01 7.6096E-04  ( 0.338    , -1.953E-03,   0.00    ) |  7.610E-04 2.441E-02
     731 5.9989E-01 7.6074E-04  ( 0.338    , -1.953E-03,   0.00    ) |  7.607E-04 2.441E-02
 *** Wrote plotfile to flash_run_hdf5_plt_cnt_0024 ****
     732 6.0065E-01 7.6052E-04  ( 0.338    , -1.953E-03,   0.00    ) |  7.605E-04 2.441E-02
     733 6.0141E-01 7.6030E-04  ( 0.338    , -1.953E-03,   0.00    ) |  7.603E-04 2.441E-02
     734 6.0217E-01 7.6009E-04  ( 0.342    , -1.953E-03,   0.00    ) |  7.601E-04 2.441E-02
     735 6.0293E-01 7.5986E-04  ( 0.342    , -1.953E-03,   0.00    ) |  7.599E-04 2.441E-02
     736 6.0369E-01 7.5965E-04  ( 0.342    , -1.953E-03,   0.00    ) |  7.596E-04 2.441E-02
     737 6.0445E-01 7.5943E-04  ( 0.342    , -1.953E-03,   0.00    ) |  7.594E-04 2.441E-02
     738 6.0521E-01 7.5921E-04  ( 0.342    , -1.953E-03,   0.00    ) |  7.592E-04 2.441E-02
     739 6.0597E-01 7.5899E-04  (-0.342    , -1.953E-03,   0.00    ) |  7.590E-04 2.441E-02
     740 6.0673E-01 7.5878E-04  ( 0.342    , -1.953E-03,   0.00    ) |  7.588E-04 2.441E-02
     741 6.0749E-01 7.5857E-04  ( 0.342    , -1.953E-03,   0.00    ) |  7.586E-04 2.441E-02
     742 6.0825E-01 7.5837E-04  (-0.342    , -1.953E-03,   0.00    ) |  7.584E-04 2.441E-02
     743 6.0900E-01 7.5816E-04  (-0.342    , -1.953E-03,   0.00    ) |  7.582E-04 2.441E-02
     744 6.0976E-01 7.5796E-04  ( 0.346    , -1.953E-03,   0.00    ) |  7.580E-04 2.441E-02
     745 6.1052E-01 7.5775E-04  ( 0.346    , -1.953E-03,   0.00    ) |  7.578E-04 2.441E-02
     746 6.1128E-01 7.5755E-04  ( 0.346    , -1.953E-03,   0.00    ) |  7.575E-04 2.441E-02
     747 6.1203E-01 7.5734E-04  ( 0.346    , -1.953E-03,   0.00    ) |  7.573E-04 2.441E-02
     748 6.1279E-01 7.5714E-04  ( 0.346    , -1.953E-03,   0.00    ) |  7.571E-04 2.441E-02
     749 6.1355E-01 7.5694E-04  ( 0.346    , -1.953E-03,   0.00    ) |  7.569E-04 2.441E-02
     750 6.1431E-01 7.5674E-04  (-0.346    , -1.953E-03,   0.00    ) |  7.567E-04 2.441E-02
     751 6.1506E-01 7.5655E-04  ( 0.346    , -1.953E-03,   0.00    ) |  7.565E-04 2.441E-02
     752 6.1582E-01 7.5635E-04  (-0.346    , -1.953E-03,   0.00    ) |  7.564E-04 2.441E-02
     753 6.1658E-01 7.5617E-04  (-0.346    , -1.953E-03,   0.00    ) |  7.562E-04 2.441E-02
     754 6.1733E-01 7.5597E-04  (-0.350    , -1.953E-03,   0.00    ) |  7.560E-04 2.441E-02
     755 6.1809E-01 7.5578E-04  (-0.350    , -1.953E-03,   0.00    ) |  7.558E-04 2.441E-02
     756 6.1884E-01 7.5559E-04  (-0.350    , -1.953E-03,   0.00    ) |  7.556E-04 2.441E-02
     757 6.1960E-01 7.5540E-04  (-0.350    , -1.953E-03,   0.00    ) |  7.554E-04 2.441E-02
     758 6.2035E-01 7.5520E-04  (-0.350    , -1.953E-03,   0.00    ) |  7.552E-04 2.441E-02
     759 6.2111E-01 7.5501E-04  (-0.350    , -1.953E-03,   0.00    ) |  7.550E-04 2.441E-02
     760 6.2187E-01 7.5482E-04  (-0.350    , -1.953E-03,   0.00    ) |  7.548E-04 2.441E-02
     761 6.2262E-01 7.5464E-04  (-0.350    , -1.953E-03,   0.00    ) |  7.546E-04 2.441E-02
     762 6.2337E-01 7.5445E-04  ( 0.350    ,  1.953E-03,   0.00    ) |  7.545E-04 2.441E-02
     763 6.2413E-01 7.5427E-04  ( 0.350    ,  1.953E-03,   0.00    ) |  7.543E-04 2.441E-02
     764 6.2488E-01 7.5409E-04  ( 0.354    , -1.953E-03,   0.00    ) |  7.541E-04 2.441E-02
 *** Wrote plotfile to flash_run_hdf5_plt_cnt_0025 ****
     765 6.2564E-01 7.5390E-04  ( 0.354    ,  1.953E-03,   0.00    ) |  7.539E-04 2.441E-02
     766 6.2639E-01 7.5372E-04  ( 0.354    ,  1.953E-03,   0.00    ) |  7.537E-04 2.441E-02
     767 6.2714E-01 7.5353E-04  ( 0.354    , -1.953E-03,   0.00    ) |  7.535E-04 2.441E-02
     768 6.2790E-01 7.5335E-04  ( 0.354    ,  1.953E-03,   0.00    ) |  7.534E-04 2.441E-02
     769 6.2865E-01 7.5318E-04  ( 0.354    ,  1.953E-03,   0.00    ) |  7.532E-04 2.441E-02
     770 6.2940E-01 7.5300E-04  ( 0.354    , -1.953E-03,   0.00    ) |  7.530E-04 2.441E-02
     771 6.3016E-01 7.5283E-04  ( 0.354    , -1.953E-03,   0.00    ) |  7.528E-04 2.441E-02
     772 6.3091E-01 7.5266E-04  ( 0.354    , -1.953E-03,   0.00    ) |  7.527E-04 2.441E-02
     773 6.3166E-01 7.5249E-04  (-0.357    , -1.953E-03,   0.00    ) |  7.525E-04 2.441E-02
     774 6.3242E-01 7.5231E-04  (-0.357    , -1.953E-03,   0.00    ) |  7.523E-04 2.441E-02
     775 6.3317E-01 7.5214E-04  (-0.357    , -1.953E-03,   0.00    ) |  7.521E-04 2.441E-02
     776 6.3392E-01 7.5197E-04  ( 0.357    , -1.953E-03,   0.00    ) |  7.520E-04 2.441E-02
     777 6.3467E-01 7.5180E-04  (-0.357    , -1.953E-03,   0.00    ) |  7.518E-04 2.441E-02
     778 6.3542E-01 7.5164E-04  ( 0.357    , -1.953E-03,   0.00    ) |  7.516E-04 2.441E-02
     779 6.3618E-01 7.5148E-04  ( 0.357    , -1.953E-03,   0.00    ) |  7.515E-04 2.441E-02
     780 6.3693E-01 7.5132E-04  ( 0.357    , -1.953E-03,   0.00    ) |  7.513E-04 2.441E-02
     781 6.3768E-01 7.5117E-04  ( 0.357    , -1.953E-03,   0.00    ) |  7.512E-04 2.441E-02
     782 6.3843E-01 7.5101E-04  ( 0.361    ,  1.953E-03,   0.00    ) |  7.510E-04 2.441E-02
     783 6.3918E-01 7.5085E-04  ( 0.361    ,  1.953E-03,   0.00    ) |  7.508E-04 2.441E-02
     784 6.3993E-01 7.5069E-04  ( 0.361    , -1.953E-03,   0.00    ) |  7.507E-04 2.441E-02
     785 6.4068E-01 7.5054E-04  ( 0.361    , -1.953E-03,   0.00    ) |  7.505E-04 2.441E-02
     786 6.4143E-01 7.5038E-04  ( 0.361    ,  1.953E-03,   0.00    ) |  7.504E-04 2.441E-02
     787 6.4218E-01 7.5024E-04  ( 0.361    , -1.953E-03,   0.00    ) |  7.502E-04 2.441E-02
     788 6.4293E-01 7.5009E-04  ( 0.361    , -1.953E-03,   0.00    ) |  7.501E-04 2.441E-02
     789 6.4368E-01 7.4995E-04  ( 0.361    , -1.953E-03,   0.00    ) |  7.500E-04 2.441E-02
     790 6.4443E-01 7.4981E-04  ( 0.361    , -1.953E-03,   0.00    ) |  7.498E-04 2.441E-02
     791 6.4518E-01 7.4967E-04  ( 0.365    , -1.953E-03,   0.00    ) |  7.497E-04 2.441E-02
     792 6.4593E-01 7.4952E-04  ( 0.365    , -1.953E-03,   0.00    ) |  7.495E-04 2.441E-02
     793 6.4668E-01 7.4938E-04  (-0.365    , -1.953E-03,   0.00    ) |  7.494E-04 2.441E-02
     794 6.4743E-01 7.4924E-04  (-0.365    , -1.953E-03,   0.00    ) |  7.492E-04 2.441E-02
     795 6.4818E-01 7.4911E-04  (-0.365    , -1.953E-03,   0.00    ) |  7.491E-04 2.441E-02
     796 6.4893E-01 7.4898E-04  (-0.365    , -1.953E-03,   0.00    ) |  7.490E-04 2.441E-02
     797 6.4968E-01 7.4885E-04  (-0.365    , -1.953E-03,   0.00    ) |  7.489E-04 2.441E-02
 *** Wrote plotfile to flash_run_hdf5_plt_cnt_0026 ****
     798 6.5043E-01 7.4873E-04  (-0.365    , -1.953E-03,   0.00    ) |  7.487E-04 2.441E-02
     799 6.5118E-01 7.4861E-04  (-0.365    , -1.953E-03,   0.00    ) |  7.486E-04 2.441E-02
     800 6.5193E-01 7.4848E-04  (-0.369    , -1.953E-03,   0.00    ) |  7.485E-04 2.441E-02
     801 6.5267E-01 7.4834E-04  (-0.369    , -1.953E-03,   0.00    ) |  7.483E-04 2.441E-02
     802 6.5342E-01 7.4821E-04  (-0.369    , -1.953E-03,   0.00    ) |  7.482E-04 2.441E-02
     803 6.5417E-01 7.4809E-04  (-0.369    , -1.953E-03,   0.00    ) |  7.481E-04 2.441E-02
     804 6.5492E-01 7.4797E-04  (-0.369    , -1.953E-03,   0.00    ) |  7.480E-04 2.441E-02
     805 6.5567E-01 7.4785E-04  (-0.369    , -1.953E-03,   0.00    ) |  7.479E-04 2.441E-02
     806 6.5641E-01 7.4774E-04  (-0.369    , -1.953E-03,   0.00    ) |  7.477E-04 2.441E-02
     807 6.5716E-01 7.4763E-04  (-0.369    , -1.953E-03,   0.00    ) |  7.476E-04 2.441E-02
     808 6.5791E-01 7.4753E-04  (-0.369    , -1.953E-03,   0.00    ) |  7.475E-04 2.441E-02
     809 6.5866E-01 7.4741E-04  (-0.373    , -1.953E-03,   0.00    ) |  7.474E-04 2.441E-02
     810 6.5940E-01 7.4728E-04  (-0.373    , -1.953E-03,   0.00    ) |  7.473E-04 2.441E-02
     811 6.6015E-01 7.4717E-04  (-0.373    , -1.953E-03,   0.00    ) |  7.472E-04 2.441E-02
     812 6.6090E-01 7.4705E-04  (-0.373    , -1.953E-03,   0.00    ) |  7.471E-04 2.441E-02
     813 6.6165E-01 7.4694E-04  (-0.373    , -1.953E-03,   0.00    ) |  7.469E-04 2.441E-02
     814 6.6239E-01 7.4684E-04  (-0.373    , -1.953E-03,   0.00    ) |  7.468E-04 2.441E-02
     815 6.6314E-01 7.4673E-04  (-0.373    , -1.953E-03,   0.00    ) |  7.467E-04 2.441E-02
     816 6.6389E-01 7.4664E-04  (-0.373    , -1.953E-03,   0.00    ) |  7.466E-04 2.441E-02
     817 6.6463E-01 7.4654E-04  (-0.377    , -1.953E-03,   0.00    ) |  7.465E-04 2.441E-02
     818 6.6538E-01 7.4643E-04  (-0.377    , -1.953E-03,   0.00    ) |  7.464E-04 2.441E-02
     819 6.6613E-01 7.4632E-04  (-0.377    , -1.953E-03,   0.00    ) |  7.463E-04 2.441E-02
     820 6.6687E-01 7.4621E-04  (-0.377    , -1.953E-03,   0.00    ) |  7.462E-04 2.441E-02
     821 6.6762E-01 7.4611E-04  (-0.377    , -1.953E-03,   0.00    ) |  7.461E-04 2.441E-02
     822 6.6836E-01 7.4601E-04  (-0.377    , -1.953E-03,   0.00    ) |  7.460E-04 2.441E-02
     823 6.6911E-01 7.4591E-04  (-0.377    , -1.953E-03,   0.00    ) |  7.459E-04 2.441E-02
     824 6.6986E-01 7.4582E-04  (-0.377    , -1.953E-03,   0.00    ) |  7.458E-04 2.441E-02
     825 6.7060E-01 7.4573E-04  ( 0.381    , -1.953E-03,   0.00    ) |  7.457E-04 2.441E-02
     826 6.7135E-01 7.4562E-04  (-0.381    , -1.953E-03,   0.00    ) |  7.456E-04 2.441E-02
     827 6.7209E-01 7.4552E-04  (-0.381    , -1.953E-03,   0.00    ) |  7.455E-04 2.441E-02
     828 6.7284E-01 7.4542E-04  (-0.381    , -1.953E-03,   0.00    ) |  7.454E-04 2.441E-02
     829 6.7358E-01 7.4533E-04  (-0.381    , -1.953E-03,   0.00    ) |  7.453E-04 2.441E-02
     830 6.7433E-01 7.4524E-04  (-0.381    , -1.953E-03,   0.00    ) |  7.452E-04 2.441E-02
 *** Wrote plotfile to flash_run_hdf5_plt_cnt_0027 ****
     831 6.7508E-01 7.4515E-04  (-0.381    , -1.953E-03,   0.00    ) |  7.451E-04 2.441E-02
     832 6.7582E-01 7.4506E-04  (-0.381    , -1.953E-03,   0.00    ) |  7.451E-04 2.441E-02
     833 6.7657E-01 7.4498E-04  (-0.385    , -1.953E-03,   0.00    ) |  7.450E-04 2.441E-02
     834 6.7731E-01 7.4488E-04  (-0.385    , -1.953E-03,   0.00    ) |  7.449E-04 2.441E-02
     835 6.7806E-01 7.4478E-04  (-0.385    , -1.953E-03,   0.00    ) |  7.448E-04 2.441E-02
     836 6.7880E-01 7.4468E-04  (-0.385    , -1.953E-03,   0.00    ) |  7.447E-04 2.441E-02
     837 6.7955E-01 7.4460E-04  (-0.385    , -1.953E-03,   0.00    ) |  7.446E-04 2.441E-02
     838 6.8029E-01 7.4451E-04  (-0.385    , -1.953E-03,   0.00    ) |  7.445E-04 2.441E-02
     839 6.8103E-01 7.4443E-04  (-0.385    , -1.953E-03,   0.00    ) |  7.444E-04 2.441E-02
     840 6.8178E-01 7.4435E-04  (-0.385    , -1.953E-03,   0.00    ) |  7.444E-04 2.441E-02
     841 6.8252E-01 7.4428E-04  (-0.389    , -1.953E-03,   0.00    ) |  7.443E-04 2.441E-02
     842 6.8327E-01 7.4419E-04  (-0.389    , -1.953E-03,   0.00    ) |  7.442E-04 2.441E-02
     843 6.8401E-01 7.4410E-04  (-0.389    , -1.953E-03,   0.00    ) |  7.441E-04 2.441E-02
     844 6.8476E-01 7.4401E-04  (-0.389    , -1.953E-03,   0.00    ) |  7.440E-04 2.441E-02
     845 6.8550E-01 7.4393E-04  (-0.389    , -1.953E-03,   0.00    ) |  7.439E-04 2.441E-02
     846 6.8624E-01 7.4385E-04  ( 0.389    ,  1.953E-03,   0.00    ) |  7.439E-04 2.441E-02
     847 6.8699E-01 7.4378E-04  ( 0.389    ,  1.953E-03,   0.00    ) |  7.438E-04 2.441E-02
     848 6.8773E-01 7.4371E-04  ( 0.389    ,  1.953E-03,   0.00    ) |  7.437E-04 2.441E-02
     849 6.8847E-01 7.4363E-04  (-0.393    , -1.953E-03,   0.00    ) |  7.436E-04 2.441E-02
     850 6.8922E-01 7.4355E-04  (-0.393    , -1.953E-03,   0.00    ) |  7.435E-04 2.441E-02
     851 6.8996E-01 7.4347E-04  (-0.393    , -1.953E-03,   0.00    ) |  7.435E-04 2.441E-02
     852 6.9071E-01 7.4340E-04  (-0.393    , -1.953E-03,   0.00    ) |  7.434E-04 2.441E-02
     853 6.9145E-01 7.4333E-04  (-0.393    , -1.953E-03,   0.00    ) |  7.433E-04 2.441E-02
     854 6.9219E-01 7.4326E-04  (-0.393    , -1.953E-03,   0.00    ) |  7.433E-04 2.441E-02
     855 6.9294E-01 7.4319E-04  (-0.393    , -1.953E-03,   0.00    ) |  7.432E-04 2.441E-02
     856 6.9368E-01 7.4313E-04  (-0.396    , -1.953E-03,   0.00    ) |  7.431E-04 2.441E-02
     857 6.9442E-01 7.4305E-04  (-0.396    , -1.953E-03,   0.00    ) |  7.431E-04 2.441E-02
     858 6.9516E-01 7.4298E-04  (-0.396    , -1.953E-03,   0.00    ) |  7.430E-04 2.441E-02
     859 6.9591E-01 7.4291E-04  (-0.396    , -1.953E-03,   0.00    ) |  7.429E-04 2.441E-02
     860 6.9665E-01 7.4285E-04  (-0.396    , -1.953E-03,   0.00    ) |  7.429E-04 2.441E-02
     861 6.9739E-01 7.4280E-04  (-0.396    , -1.953E-03,   0.00    ) |  7.428E-04 2.441E-02
     862 6.9814E-01 7.4275E-04  (-0.396    , -1.953E-03,   0.00    ) |  7.427E-04 2.441E-02
     863 6.9888E-01 7.4270E-04  (-0.396    , -1.953E-03,   0.00    ) |  7.427E-04 2.441E-02
     864 6.9962E-01 7.4263E-04  (-0.400    , -1.953E-03,   0.00    ) |  7.426E-04 2.441E-02
 *** Wrote plotfile to flash_run_hdf5_plt_cnt_0028 ****
     865 7.0036E-01 7.4256E-04  (-0.400    , -1.953E-03,   0.00    ) |  7.426E-04 2.441E-02
     866 7.0111E-01 7.4250E-04  (-0.400    , -1.953E-03,   0.00    ) |  7.425E-04 2.441E-02
     867 7.0185E-01 7.4244E-04  (-0.400    , -1.953E-03,   0.00    ) |  7.424E-04 2.441E-02
     868 7.0259E-01 7.4239E-04  (-0.400    , -1.953E-03,   0.00    ) |  7.424E-04 2.441E-02
     869 7.0333E-01 7.4235E-04  (-0.400    , -1.953E-03,   0.00    ) |  7.423E-04 2.441E-02
     870 7.0408E-01 7.4231E-04  (-0.400    , -1.953E-03,   0.00    ) |  7.423E-04 2.441E-02
     871 7.0482E-01 7.4227E-04  (-0.400    , -1.953E-03,   0.00    ) |  7.423E-04 2.441E-02
     872 7.0556E-01 7.4223E-04  ( 0.404    ,  1.953E-03,   0.00    ) |  7.422E-04 2.441E-02
     873 7.0630E-01 7.4217E-04  ( 0.404    ,  1.953E-03,   0.00    ) |  7.422E-04 2.441E-02
     874 7.0705E-01 7.4211E-04  ( 0.404    ,  1.953E-03,   0.00    ) |  7.421E-04 2.441E-02
     875 7.0779E-01 7.4206E-04  ( 0.404    ,  1.953E-03,   0.00    ) |  7.421E-04 2.441E-02
     876 7.0853E-01 7.4202E-04  ( 0.404    ,  1.953E-03,   0.00    ) |  7.420E-04 2.441E-02
     877 7.0927E-01 7.4199E-04  ( 0.404    ,  1.953E-03,   0.00    ) |  7.420E-04 2.441E-02
     878 7.1001E-01 7.4196E-04  ( 0.404    ,  1.953E-03,   0.00    ) |  7.420E-04 2.441E-02
     879 7.1076E-01 7.4193E-04  ( 0.404    ,  1.953E-03,   0.00    ) |  7.419E-04 2.441E-02
     880 7.1150E-01 7.4189E-04  (-0.408    , -1.953E-03,   0.00    ) |  7.419E-04 2.441E-02
     881 7.1224E-01 7.4184E-04  ( 0.408    ,  1.953E-03,   0.00    ) |  7.418E-04 2.441E-02
     882 7.1298E-01 7.4180E-04  ( 0.408    ,  1.953E-03,   0.00    ) |  7.418E-04 2.441E-02
     883 7.1372E-01 7.4177E-04  (-0.408    , -1.953E-03,   0.00    ) |  7.418E-04 2.441E-02
     884 7.1447E-01 7.4174E-04  (-0.408    , -1.953E-03,   0.00    ) |  7.417E-04 2.441E-02
     885 7.1521E-01 7.4172E-04  (-0.408    , -1.953E-03,   0.00    ) |  7.417E-04 2.441E-02
     886 7.1595E-01 7.4170E-04  ( 0.408    ,  1.953E-03,   0.00    ) |  7.417E-04 2.441E-02
     887 7.1669E-01 7.4168E-04  ( 0.412    ,  1.953E-03,   0.00    ) |  7.417E-04 2.441E-02
     888 7.1743E-01 7.4164E-04  ( 0.412    ,  1.953E-03,   0.00    ) |  7.416E-04 2.441E-02
     889 7.1817E-01 7.4160E-04  ( 0.412    ,  1.953E-03,   0.00    ) |  7.416E-04 2.441E-02
     890 7.1892E-01 7.4156E-04  ( 0.412    ,  1.953E-03,   0.00    ) |  7.416E-04 2.441E-02
     891 7.1966E-01 7.4154E-04  ( 0.412    ,  1.953E-03,   0.00    ) |  7.415E-04 2.441E-02
     892 7.2040E-01 7.4152E-04  ( 0.412    ,  1.953E-03,   0.00    ) |  7.415E-04 2.441E-02
     893 7.2114E-01 7.4150E-04  ( 0.412    ,  1.953E-03,   0.00    ) |  7.415E-04 2.441E-02
     894 7.2188E-01 7.4150E-04  ( 0.412    ,  1.953E-03,   0.00    ) |  7.415E-04 2.441E-02
     895 7.2262E-01 7.4150E-04  ( 0.412    ,  1.953E-03,   0.00    ) |  7.415E-04 2.441E-02
     896 7.2336E-01 7.4149E-04  ( 0.416    ,  1.953E-03,   0.00    ) |  7.415E-04 2.441E-02
     897 7.2411E-01 7.4146E-04  ( 0.416    ,  1.953E-03,   0.00    ) |  7.415E-04 2.441E-02
     898 7.2485E-01 7.4144E-04  ( 0.416    ,  1.953E-03,   0.00    ) |  7.414E-04 2.441E-02
 *** Wrote plotfile to flash_run_hdf5_plt_cnt_0029 ****
     899 7.2559E-01 7.4142E-04  ( 0.416    ,  1.953E-03,   0.00    ) |  7.414E-04 2.441E-02
     900 7.2633E-01 7.4141E-04  ( 0.416    ,  1.953E-03,   0.00    ) |  7.414E-04 2.441E-02
     901 7.2707E-01 7.4140E-04  ( 0.416    ,  1.953E-03,   0.00    ) |  7.414E-04 2.441E-02
     902 7.2781E-01 7.4140E-04  (-0.416    ,  1.953E-03,   0.00    ) |  7.414E-04 2.441E-02
     903 7.2855E-01 7.4140E-04  (-0.416    ,  1.953E-03,   0.00    ) |  7.414E-04 2.441E-02
     904 7.2930E-01 7.4141E-04  (-0.416    ,  1.953E-03,   0.00    ) |  7.414E-04 2.441E-02
     905 7.3004E-01 7.4141E-04  (-0.420    ,  1.953E-03,   0.00    ) |  7.414E-04 2.441E-02
     906 7.3078E-01 7.4140E-04  (-0.420    ,  1.953E-03,   0.00    ) |  7.414E-04 2.441E-02
     907 7.3152E-01 7.4139E-04  (-0.420    ,  1.953E-03,   0.00    ) |  7.414E-04 2.441E-02
     908 7.3226E-01 7.4139E-04  (-0.420    ,  1.953E-03,   0.00    ) |  7.414E-04 2.441E-02
     909 7.3300E-01 7.4139E-04  (-0.420    ,  1.953E-03,   0.00    ) |  7.414E-04 2.441E-02
     910 7.3374E-01 7.4140E-04  (-0.420    ,  1.953E-03,   0.00    ) |  7.414E-04 2.441E-02
     911 7.3449E-01 7.4141E-04  (-0.420    ,  1.953E-03,   0.00    ) |  7.414E-04 2.441E-02
     912 7.3523E-01 7.4143E-04  (-0.420    ,  1.953E-03,   0.00    ) |  7.414E-04 2.441E-02
     913 7.3597E-01 7.4145E-04  ( 0.420    , -1.953E-03,   0.00    ) |  7.414E-04 2.441E-02
     914 7.3671E-01 7.4145E-04  ( 0.424    ,  1.953E-03,   0.00    ) |  7.415E-04 2.441E-02
     915 7.3745E-01 7.4146E-04  (-0.424    ,  1.953E-03,   0.00    ) |  7.415E-04 2.441E-02
     916 7.3819E-01 7.4148E-04  (-0.424    ,  1.953E-03,   0.00    ) |  7.415E-04 2.441E-02
     917 7.3893E-01 7.4150E-04  (-0.424    ,  1.953E-03,   0.00    ) |  7.415E-04 2.441E-02
     918 7.3968E-01 7.4151E-04  (-0.424    ,  1.953E-03,   0.00    ) |  7.415E-04 2.441E-02
     919 7.4042E-01 7.4153E-04  (-0.424    ,  1.953E-03,   0.00    ) |  7.415E-04 2.441E-02
     920 7.4116E-01 7.4156E-04  (-0.424    ,  1.953E-03,   0.00    ) |  7.416E-04 2.441E-02
     921 7.4190E-01 7.4159E-04  (-0.424    ,  1.953E-03,   0.00    ) |  7.416E-04 2.441E-02
     922 7.4264E-01 7.4162E-04  (-0.424    ,  1.953E-03,   0.00    ) |  7.416E-04 2.441E-02
     923 7.4338E-01 7.4166E-04  (-0.424    ,  1.953E-03,   0.00    ) |  7.417E-04 2.441E-02
     924 7.4413E-01 7.4168E-04  (-0.428    ,  1.953E-03,   0.00    ) |  7.417E-04 2.441E-02
     925 7.4487E-01 7.4170E-04  (-0.428    ,  1.953E-03,   0.00    ) |  7.417E-04 2.441E-02
     926 7.4561E-01 7.4174E-04  (-0.428    ,  1.953E-03,   0.00    ) |  7.417E-04 2.441E-02
     927 7.4635E-01 7.4178E-04  (-0.428    ,  1.953E-03,   0.00    ) |  7.418E-04 2.441E-02
     928 7.4709E-01 7.4182E-04  (-0.428    ,  1.953E-03,   0.00    ) |  7.418E-04 2.441E-02
     929 7.4783E-01 7.4185E-04  (-0.428    ,  1.953E-03,   0.00    ) |  7.419E-04 2.441E-02
     930 7.4858E-01 7.4189E-04  (-0.428    ,  1.953E-03,   0.00    ) |  7.419E-04 2.441E-02
     931 7.4932E-01 7.4193E-04  (-0.428    ,  1.953E-03,   0.00    ) |  7.419E-04 2.441E-02
 *** Wrote plotfile to flash_run_hdf5_plt_cnt_0030 ****
     932 7.5006E-01 7.4198E-04  (-0.428    ,  1.953E-03,   0.00    ) |  7.420E-04 2.441E-02
     933 7.5080E-01 7.4203E-04  (-0.428    ,  1.953E-03,   0.00    ) |  7.420E-04 2.441E-02
     934 7.5154E-01 7.4210E-04  (-0.428    ,  1.953E-03,   0.00    ) |  7.421E-04 2.441E-02
     935 7.5229E-01 7.4215E-04  (-0.432    ,  1.953E-03,   0.00    ) |  7.422E-04 2.441E-02
     936 7.5303E-01 7.4219E-04  (-0.432    ,  1.953E-03,   0.00    ) |  7.422E-04 2.441E-02
     937 7.5377E-01 7.4224E-04  ( 0.432    ,  1.953E-03,   0.00    ) |  7.422E-04 2.441E-02
     938 7.5451E-01 7.4230E-04  (-0.432    ,  1.953E-03,   0.00    ) |  7.423E-04 2.441E-02
     939 7.5525E-01 7.4236E-04  (-0.432    ,  1.953E-03,   0.00    ) |  7.424E-04 2.441E-02
     940 7.5600E-01 7.4243E-04  (-0.432    ,  1.953E-03,   0.00    ) |  7.424E-04 2.441E-02
     941 7.5674E-01 7.4249E-04  (-0.432    ,  1.953E-03,   0.00    ) |  7.425E-04 2.441E-02
     942 7.5748E-01 7.4255E-04  (-0.432    , -1.953E-03,   0.00    ) |  7.426E-04 2.441E-02
     943 7.5822E-01 7.4262E-04  (-0.432    ,  1.953E-03,   0.00    ) |  7.426E-04 2.441E-02
     944 7.5897E-01 7.4268E-04  (-0.432    , -1.953E-03,   0.00    ) |  7.427E-04 2.441E-02
     945 7.5971E-01 7.4276E-04  ( 0.432    , -1.953E-03,   0.00    ) |  7.428E-04 2.441E-02
     946 7.6045E-01 7.4283E-04  ( 0.432    , -1.953E-03,   0.00    ) |  7.428E-04 2.441E-02
     947 7.6120E-01 7.4292E-04  ( 0.432    , -1.953E-03,   0.00    ) |  7.429E-04 2.441E-02
     948 7.6194E-01 7.4300E-04  ( 0.432    , -1.953E-03,   0.00    ) |  7.430E-04 2.441E-02
     949 7.6268E-01 7.4308E-04  ( 0.436    , -1.953E-03,   0.00    ) |  7.431E-04 2.441E-02
     950 7.6342E-01 7.4315E-04  ( 0.436    , -1.953E-03,   0.00    ) |  7.432E-04 2.441E-02
     951 7.6417E-01 7.4323E-04  ( 0.436    , -1.953E-03,   0.00    ) |  7.432E-04 2.441E-02
     952 7.6491E-01 7.4331E-04  ( 0.436    , -1.953E-03,   0.00    ) |  7.433E-04 2.441E-02
     953 7.6565E-01 7.4339E-04  ( 0.436    ,  1.953E-03,   0.00    ) |  7.434E-04 2.441E-02
     954 7.6640E-01 7.4348E-04  ( 0.436    ,  1.953E-03,   0.00    ) |  7.435E-04 2.441E-02
     955 7.6714E-01 7.4357E-04  ( 0.436    ,  1.953E-03,   0.00    ) |  7.436E-04 2.441E-02
     956 7.6788E-01 7.4366E-04  (-0.436    , -1.953E-03,   0.00    ) |  7.437E-04 2.441E-02
     957 7.6863E-01 7.4376E-04  (-0.436    ,  1.953E-03,   0.00    ) |  7.438E-04 2.441E-02
     958 7.6937E-01 7.4386E-04  (-0.436    ,  1.953E-03,   0.00    ) |  7.439E-04 2.441E-02
     959 7.7012E-01 7.4395E-04  (-0.436    ,  1.953E-03,   0.00    ) |  7.440E-04 2.441E-02
     960 7.7086E-01 7.4405E-04  (-0.436    , -1.953E-03,   0.00    ) |  7.441E-04 2.441E-02
     961 7.7160E-01 7.4416E-04  (-0.436    ,  1.953E-03,   0.00    ) |  7.442E-04 2.441E-02
     962 7.7235E-01 7.4422E-04  (-0.365    ,  1.953E-03,   0.00    ) |  7.442E-04 2.441E-02
     963 7.7309E-01 7.4422E-04  (-0.365    ,  1.953E-03,   0.00    ) |  7.442E-04 2.441E-02
     964 7.7384E-01 7.4422E-04  ( 0.365    , -1.953E-03,   0.00    ) |  7.442E-04 2.441E-02
     965 7.7458E-01 7.4422E-04  ( 0.365    , -1.953E-03,   0.00    ) |  7.442E-04 2.441E-02
 *** Wrote plotfile to flash_run_hdf5_plt_cnt_0031 ****
     966 7.7532E-01 7.4423E-04  ( 0.365    , -1.953E-03,   0.00    ) |  7.442E-04 2.441E-02
     967 7.7607E-01 7.4423E-04  ( 0.365    , -1.953E-03,   0.00    ) |  7.442E-04 2.441E-02
     968 7.7681E-01 7.4423E-04  ( 0.365    , -1.953E-03,   0.00    ) |  7.442E-04 2.441E-02
     969 7.7756E-01 7.4423E-04  ( 0.365    , -1.953E-03,   0.00    ) |  7.442E-04 2.441E-02
     970 7.7830E-01 7.4423E-04  ( 0.365    , -1.953E-03,   0.00    ) |  7.442E-04 2.441E-02
     971 7.7905E-01 7.4424E-04  ( 0.365    , -1.953E-03,   0.00    ) |  7.442E-04 2.441E-02
     972 7.7979E-01 7.4424E-04  (-0.365    , -1.953E-03,   0.00    ) |  7.442E-04 2.441E-02
     973 7.8053E-01 7.4424E-04  (-0.365    , -1.953E-03,   0.00    ) |  7.442E-04 2.441E-02
     974 7.8128E-01 7.4425E-04  (-0.365    , -1.953E-03,   0.00    ) |  7.442E-04 2.441E-02
     975 7.8202E-01 7.4425E-04  (-0.365    ,  1.953E-03,   0.00    ) |  7.442E-04 2.441E-02
     976 7.8277E-01 7.4425E-04  (-0.365    ,  1.953E-03,   0.00    ) |  7.443E-04 2.441E-02
     977 7.8351E-01 7.4425E-04  (-0.365    , -1.953E-03,   0.00    ) |  7.443E-04 2.441E-02
     978 7.8426E-01 7.4426E-04  (-0.365    , -1.953E-03,   0.00    ) |  7.443E-04 2.441E-02
     979 7.8500E-01 7.4426E-04  (-0.365    , -1.953E-03,   0.00    ) |  7.443E-04 2.441E-02
     980 7.8574E-01 7.4426E-04  (-0.365    , -1.953E-03,   0.00    ) |  7.443E-04 2.441E-02
     981 7.8649E-01 7.4426E-04  (-0.365    , -1.953E-03,   0.00    ) |  7.443E-04 2.441E-02
     982 7.8723E-01 7.4426E-04  (-0.365    , -1.953E-03,   0.00    ) |  7.443E-04 2.441E-02
     983 7.8798E-01 7.4427E-04  (-0.365    , -1.953E-03,   0.00    ) |  7.443E-04 2.441E-02
     984 7.8872E-01 7.4427E-04  (-0.361    , -1.953E-03,   0.00    ) |  7.443E-04 2.441E-02
     985 7.8947E-01 7.4427E-04  ( 0.361    ,  1.953E-03,   0.00    ) |  7.443E-04 2.441E-02
     986 7.9021E-01 7.4427E-04  ( 0.361    ,  1.953E-03,   0.00    ) |  7.443E-04 2.441E-02
     987 7.9095E-01 7.4428E-04  ( 0.361    ,  1.953E-03,   0.00    ) |  7.443E-04 2.441E-02
     988 7.9170E-01 7.4428E-04  ( 0.361    ,  1.953E-03,   0.00    ) |  7.443E-04 2.441E-02
     989 7.9244E-01 7.4429E-04  ( 0.361    ,  1.953E-03,   0.00    ) |  7.443E-04 2.441E-02
     990 7.9319E-01 7.4429E-04  ( 0.361    ,  1.953E-03,   0.00    ) |  7.443E-04 2.441E-02
     991 7.9393E-01 7.4430E-04  ( 0.361    ,  1.953E-03,   0.00    ) |  7.443E-04 2.441E-02
     992 7.9468E-01 7.4430E-04  ( 0.361    ,  1.953E-03,   0.00    ) |  7.443E-04 2.441E-02
     993 7.9542E-01 7.4431E-04  (-0.361    , -1.953E-03,   0.00    ) |  7.443E-04 2.441E-02
     994 7.9616E-01 7.4431E-04  (-0.361    , -1.953E-03,   0.00    ) |  7.443E-04 2.441E-02
     995 7.9691E-01 7.4432E-04  (-0.361    , -1.953E-03,   0.00    ) |  7.443E-04 2.441E-02
     996 7.9765E-01 7.4432E-04  (-0.361    , -1.953E-03,   0.00    ) |  7.443E-04 2.441E-02
     997 7.9840E-01 7.4433E-04  (-0.361    , -1.953E-03,   0.00    ) |  7.443E-04 2.441E-02
     998 7.9914E-01 7.4433E-04  (-0.361    , -1.953E-03,   0.00    ) |  7.443E-04 2.441E-02
     999 7.9989E-01 7.4434E-04  (-0.361    ,  1.953E-03,   0.00    ) |  7.443E-04 2.441E-02
 *** Wrote plotfile to flash_run_hdf5_plt_cnt_0032 ****
    1000 8.0063E-01 7.4435E-04  (-0.361    , -1.953E-03,   0.00    ) |  7.443E-04 2.441E-02
    1001 8.0137E-01 7.4435E-04  (-0.361    , -1.953E-03,   0.00    ) |  7.444E-04 2.441E-02
    1002 8.0212E-01 7.4436E-04  ( 0.361    , -1.953E-03,   0.00    ) |  7.444E-04 2.441E-02
    1003 8.0286E-01 7.4437E-04  ( 0.361    , -1.953E-03,   0.00    ) |  7.444E-04 2.441E-02
    1004 8.0361E-01 7.4438E-04  ( 0.361    , -1.953E-03,   0.00    ) |  7.444E-04 2.441E-02
    1005 8.0435E-01 7.4439E-04  ( 0.361    , -1.953E-03,   0.00    ) |  7.444E-04 2.441E-02
    1006 8.0510E-01 7.4439E-04  ( 0.361    , -1.953E-03,   0.00    ) |  7.444E-04 2.441E-02
    1007 8.0584E-01 7.4440E-04  ( 0.361    , -1.953E-03,   0.00    ) |  7.444E-04 2.441E-02
    1008 8.0658E-01 7.4441E-04  (-0.361    ,  1.953E-03,   0.00    ) |  7.444E-04 2.441E-02
    1009 8.0733E-01 7.4442E-04  (-0.361    ,  1.953E-03,   0.00    ) |  7.444E-04 2.441E-02
    1010 8.0807E-01 7.4443E-04  (-0.361    ,  1.953E-03,   0.00    ) |  7.444E-04 2.441E-02
    1011 8.0882E-01 7.4444E-04  (-0.361    ,  1.953E-03,   0.00    ) |  7.444E-04 2.441E-02
    1012 8.0956E-01 7.4445E-04  ( 0.361    , -1.953E-03,   0.00    ) |  7.444E-04 2.441E-02
    1013 8.1031E-01 7.4446E-04  ( 0.361    , -1.953E-03,   0.00    ) |  7.445E-04 2.441E-02
    1014 8.1105E-01 7.4447E-04  ( 0.361    , -1.953E-03,   0.00    ) |  7.445E-04 2.441E-02
    1015 8.1180E-01 7.4448E-04  ( 0.361    , -1.953E-03,   0.00    ) |  7.445E-04 2.441E-02
    1016 8.1254E-01 7.4449E-04  ( 0.361    , -1.953E-03,   0.00    ) |  7.445E-04 2.441E-02
    1017 8.1328E-01 7.4450E-04  ( 0.361    , -1.953E-03,   0.00    ) |  7.445E-04 2.441E-02
    1018 8.1403E-01 7.4451E-04  ( 0.361    , -1.953E-03,   0.00    ) |  7.445E-04 2.441E-02
    1019 8.1477E-01 7.4452E-04  ( 0.361    , -1.953E-03,   0.00    ) |  7.445E-04 2.441E-02
    1020 8.1552E-01 7.4453E-04  ( 0.361    , -1.953E-03,   0.00    ) |  7.445E-04 2.441E-02
    1021 8.1626E-01 7.4455E-04  ( 0.361    ,  1.953E-03,   0.00    ) |  7.445E-04 2.441E-02
    1022 8.1701E-01 7.4456E-04  (-0.361    ,  1.953E-03,   0.00    ) |  7.446E-04 2.441E-02
    1023 8.1775E-01 7.4457E-04  (-0.361    ,  1.953E-03,   0.00    ) |  7.446E-04 2.441E-02
    1024 8.1850E-01 7.4459E-04  (-0.361    , -1.953E-03,   0.00    ) |  7.446E-04 2.441E-02
    1025 8.1924E-01 7.4460E-04  (-0.361    ,  1.953E-03,   0.00    ) |  7.446E-04 2.441E-02
    1026 8.1999E-01 7.4461E-04  (-0.361    ,  1.953E-03,   0.00    ) |  7.446E-04 2.441E-02
    1027 8.2073E-01 7.4463E-04  (-0.361    , -1.953E-03,   0.00    ) |  7.446E-04 2.441E-02
    1028 8.2148E-01 7.4464E-04  ( 0.361    , -1.953E-03,   0.00    ) |  7.446E-04 2.441E-02
    1029 8.2222E-01 7.4466E-04  ( 0.361    ,  1.953E-03,   0.00    ) |  7.447E-04 2.441E-02
    1030 8.2296E-01 7.4467E-04  ( 0.361    , -1.953E-03,   0.00    ) |  7.447E-04 2.441E-02
    1031 8.2371E-01 7.4469E-04  ( 0.361    ,  1.953E-03,   0.00    ) |  7.447E-04 2.441E-02
    1032 8.2445E-01 7.4470E-04  ( 0.361    ,  1.953E-03,   0.00    ) |  7.447E-04 2.441E-02
 *** Wrote plotfile to flash_run_hdf5_plt_cnt_0033 ****
    1033 8.2520E-01 7.4472E-04  ( 0.361    ,  1.953E-03,   0.00    ) |  7.447E-04 2.441E-02
    1034 8.2594E-01 7.4474E-04  ( 0.357    ,  1.953E-03,   0.00    ) |  7.447E-04 2.441E-02
    1035 8.2669E-01 7.4475E-04  ( 0.357    ,  1.953E-03,   0.00    ) |  7.448E-04 2.441E-02
    1036 8.2743E-01 7.4477E-04  ( 0.357    ,  1.953E-03,   0.00    ) |  7.448E-04 2.441E-02
    1037 8.2818E-01 7.4478E-04  (-0.357    , -1.953E-03,   0.00    ) |  7.448E-04 2.441E-02
    1038 8.2892E-01 7.4480E-04  (-0.357    , -1.953E-03,   0.00    ) |  7.448E-04 2.441E-02
    1039 8.2967E-01 7.4481E-04  (-0.357    , -1.953E-03,   0.00    ) |  7.448E-04 2.441E-02
    1040 8.3041E-01 7.4483E-04  (-0.357    , -1.953E-03,   0.00    ) |  7.448E-04 2.441E-02
    1041 8.3116E-01 7.4485E-04  (-0.357    , -1.953E-03,   0.00    ) |  7.448E-04 2.441E-02
    1042 8.3190E-01 7.4487E-04  (-0.357    , -1.953E-03,   0.00    ) |  7.449E-04 2.441E-02
    1043 8.3265E-01 7.4488E-04  (-0.357    , -1.953E-03,   0.00    ) |  7.449E-04 2.441E-02
    1044 8.3339E-01 7.4490E-04  (-0.357    , -1.953E-03,   0.00    ) |  7.449E-04 2.441E-02
    1045 8.3414E-01 7.4492E-04  (-0.357    , -1.953E-03,   0.00    ) |  7.449E-04 2.441E-02
    1046 8.3488E-01 7.4494E-04  ( 0.357    ,  1.953E-03,   0.00    ) |  7.449E-04 2.441E-02
    1047 8.3563E-01 7.4496E-04  ( 0.357    ,  1.953E-03,   0.00    ) |  7.450E-04 2.441E-02
    1048 8.3637E-01 7.4498E-04  ( 0.357    , -1.953E-03,   0.00    ) |  7.450E-04 2.441E-02
    1049 8.3712E-01 7.4500E-04  ( 0.357    , -1.953E-03,   0.00    ) |  7.450E-04 2.441E-02
    1050 8.3786E-01 7.4502E-04  ( 0.357    , -1.953E-03,   0.00    ) |  7.450E-04 2.441E-02
    1051 8.3861E-01 7.4504E-04  ( 0.357    , -1.953E-03,   0.00    ) |  7.450E-04 2.441E-02
    1052 8.3935E-01 7.4506E-04  ( 0.357    , -1.953E-03,   0.00    ) |  7.451E-04 2.441E-02
    1053 8.4010E-01 7.4508E-04  ( 0.357    , -1.953E-03,   0.00    ) |  7.451E-04 2.441E-02
    1054 8.4084E-01 7.4510E-04  (-0.357    , -1.953E-03,   0.00    ) |  7.451E-04 2.441E-02
    1055 8.4159E-01 7.4512E-04  (-0.357    , -1.953E-03,   0.00    ) |  7.451E-04 2.441E-02
    1056 8.4233E-01 7.4514E-04  (-0.357    , -1.953E-03,   0.00    ) |  7.451E-04 2.441E-02
    1057 8.4308E-01 7.4516E-04  (-0.357    , -1.953E-03,   0.00    ) |  7.452E-04 2.441E-02
    1058 8.4382E-01 7.4519E-04  (-0.357    , -1.953E-03,   0.00    ) |  7.452E-04 2.441E-02
    1059 8.4457E-01 7.4521E-04  (-0.357    , -1.953E-03,   0.00    ) |  7.452E-04 2.441E-02
    1060 8.4531E-01 7.4523E-04  (-0.357    , -1.953E-03,   0.00    ) |  7.452E-04 2.441E-02
    1061 8.4606E-01 7.4525E-04  ( 0.357    , -1.953E-03,   0.00    ) |  7.453E-04 2.441E-02
    1062 8.4680E-01 7.4527E-04  ( 0.357    , -1.953E-03,   0.00    ) |  7.453E-04 2.441E-02
    1063 8.4755E-01 7.4530E-04  ( 0.357    , -1.953E-03,   0.00    ) |  7.453E-04 2.441E-02
    1064 8.4829E-01 7.4532E-04  ( 0.357    , -1.953E-03,   0.00    ) |  7.453E-04 2.441E-02
    1065 8.4904E-01 7.4534E-04  ( 0.357    , -1.953E-03,   0.00    ) |  7.453E-04 2.441E-02
    1066 8.4978E-01 7.4536E-04  ( 0.357    , -1.953E-03,   0.00    ) |  7.454E-04 2.441E-02
 *** Wrote plotfile to flash_run_hdf5_plt_cnt_0034 ****
    1067 8.5053E-01 7.4539E-04  ( 0.357    , -1.953E-03,   0.00    ) |  7.454E-04 2.441E-02
    1068 8.5127E-01 7.4541E-04  ( 0.357    , -1.953E-03,   0.00    ) |  7.454E-04 2.441E-02
    1069 8.5202E-01 7.4544E-04  (-0.357    , -1.953E-03,   0.00    ) |  7.454E-04 2.441E-02
    1070 8.5277E-01 7.4546E-04  (-0.357    , -1.953E-03,   0.00    ) |  7.455E-04 2.441E-02
    1071 8.5351E-01 7.4549E-04  (-0.357    , -1.953E-03,   0.00    ) |  7.455E-04 2.441E-02
    1072 8.5426E-01 7.4551E-04  (-0.357    , -1.953E-03,   0.00    ) |  7.455E-04 2.441E-02
    1073 8.5500E-01 7.4554E-04  (-0.357    , -1.953E-03,   0.00    ) |  7.455E-04 2.441E-02
    1074 8.5575E-01 7.4557E-04  (-0.357    , -1.953E-03,   0.00    ) |  7.456E-04 2.441E-02
    1075 8.5649E-01 7.4560E-04  (-0.357    , -1.953E-03,   0.00    ) |  7.456E-04 2.441E-02
    1076 8.5724E-01 7.4562E-04  (-0.357    , -1.953E-03,   0.00    ) |  7.456E-04 2.441E-02
    1077 8.5798E-01 7.4565E-04  (-0.357    , -1.953E-03,   0.00    ) |  7.456E-04 2.441E-02
    1078 8.5873E-01 7.4568E-04  (-0.357    , -1.953E-03,   0.00    ) |  7.457E-04 2.441E-02
    1079 8.5948E-01 7.4570E-04  (-0.357    , -1.953E-03,   0.00    ) |  7.457E-04 2.441E-02
    1080 8.6022E-01 7.4573E-04  ( 0.357    ,  1.953E-03,   0.00    ) |  7.457E-04 2.441E-02
    1081 8.6097E-01 7.4576E-04  (-0.357    , -1.953E-03,   0.00    ) |  7.458E-04 2.441E-02
    1082 8.6171E-01 7.4578E-04  (-0.357    , -1.953E-03,   0.00    ) |  7.458E-04 2.441E-02
    1083 8.6246E-01 7.4581E-04  ( 0.357    ,  1.953E-03,   0.00    ) |  7.458E-04 2.441E-02
    1084 8.6320E-01 7.4583E-04  ( 0.357    ,  1.953E-03,   0.00    ) |  7.458E-04 2.441E-02
    1085 8.6395E-01 7.4586E-04  ( 0.357    ,  1.953E-03,   0.00    ) |  7.459E-04 2.441E-02
    1086 8.6470E-01 7.4588E-04  ( 0.354    ,  1.953E-03,   0.00    ) |  7.459E-04 2.441E-02
    1087 8.6544E-01 7.4591E-04  ( 0.354    ,  1.953E-03,   0.00    ) |  7.459E-04 2.441E-02
    1088 8.6619E-01 7.4593E-04  ( 0.354    ,  1.953E-03,   0.00    ) |  7.459E-04 2.441E-02
    1089 8.6693E-01 7.4595E-04  ( 0.354    ,  1.953E-03,   0.00    ) |  7.460E-04 2.441E-02
    1090 8.6768E-01 7.4598E-04  ( 0.354    ,  1.953E-03,   0.00    ) |  7.460E-04 2.441E-02
    1091 8.6843E-01 7.4600E-04  (-0.354    ,  1.953E-03,   0.00    ) |  7.460E-04 2.441E-02
    1092 8.6917E-01 7.4603E-04  (-0.354    ,  1.953E-03,   0.00    ) |  7.460E-04 2.441E-02
    1093 8.6992E-01 7.4606E-04  (-0.354    ,  1.953E-03,   0.00    ) |  7.461E-04 2.441E-02
    1094 8.7066E-01 7.4608E-04  (-0.354    ,  1.953E-03,   0.00    ) |  7.461E-04 2.441E-02
    1095 8.7141E-01 7.4611E-04  (-0.354    ,  1.953E-03,   0.00    ) |  7.461E-04 2.441E-02
    1096 8.7216E-01 7.4614E-04  (-0.354    ,  1.953E-03,   0.00    ) |  7.461E-04 2.441E-02
    1097 8.7290E-01 7.4617E-04  (-0.354    ,  1.953E-03,   0.00    ) |  7.462E-04 2.441E-02
    1098 8.7365E-01 7.4619E-04  (-0.354    ,  1.953E-03,   0.00    ) |  7.462E-04 2.441E-02
    1099 8.7439E-01 7.4622E-04  (-0.354    ,  1.953E-03,   0.00    ) |  7.462E-04 2.441E-02
 *** Wrote plotfile to flash_run_hdf5_plt_cnt_0035 ****
    1100 8.7514E-01 7.4625E-04  (-0.354    ,  1.953E-03,   0.00    ) |  7.462E-04 2.441E-02
    1101 8.7589E-01 7.4627E-04  (-0.354    , -1.953E-03,   0.00    ) |  7.463E-04 2.441E-02
    1102 8.7663E-01 7.4630E-04  (-0.354    ,  1.953E-03,   0.00    ) |  7.463E-04 2.441E-02
    1103 8.7738E-01 7.4633E-04  (-0.354    ,  1.953E-03,   0.00    ) |  7.463E-04 2.441E-02
    1104 8.7813E-01 7.4635E-04  (-0.354    ,  1.953E-03,   0.00    ) |  7.464E-04 2.441E-02
    1105 8.7887E-01 7.4638E-04  (-0.354    , -1.953E-03,   0.00    ) |  7.464E-04 2.441E-02
    1106 8.7962E-01 7.4640E-04  (-0.354    , -1.953E-03,   0.00    ) |  7.464E-04 2.441E-02
    1107 8.8036E-01 7.4643E-04  (-0.354    , -1.953E-03,   0.00    ) |  7.464E-04 2.441E-02
    1108 8.8111E-01 7.4646E-04  (-0.354    ,  1.953E-03,   0.00    ) |  7.465E-04 2.441E-02
    1109 8.8186E-01 7.4649E-04  ( 0.354    ,  1.953E-03,   0.00    ) |  7.465E-04 2.441E-02
    1110 8.8260E-01 7.4652E-04  ( 0.354    ,  1.953E-03,   0.00    ) |  7.465E-04 2.441E-02
    1111 8.8335E-01 7.4654E-04  ( 0.354    ,  1.953E-03,   0.00    ) |  7.465E-04 2.441E-02
    1112 8.8410E-01 7.4657E-04  ( 0.354    ,  1.953E-03,   0.00    ) |  7.466E-04 2.441E-02
    1113 8.8484E-01 7.4660E-04  ( 0.354    ,  1.953E-03,   0.00    ) |  7.466E-04 2.441E-02
    1114 8.8559E-01 7.4663E-04  ( 0.354    ,  1.953E-03,   0.00    ) |  7.466E-04 2.441E-02
    1115 8.8634E-01 7.4665E-04  ( 0.354    ,  1.953E-03,   0.00    ) |  7.467E-04 2.441E-02
    1116 8.8708E-01 7.4668E-04  ( 0.354    ,  1.953E-03,   0.00    ) |  7.467E-04 2.441E-02
    1117 8.8783E-01 7.4671E-04  ( 0.354    ,  1.953E-03,   0.00    ) |  7.467E-04 2.441E-02
    1118 8.8858E-01 7.4673E-04  ( 0.354    ,  1.953E-03,   0.00    ) |  7.467E-04 2.441E-02
    1119 8.8932E-01 7.4676E-04  ( 0.354    ,  1.953E-03,   0.00    ) |  7.468E-04 2.441E-02
    1120 8.9007E-01 7.4679E-04  ( 0.354    ,  1.953E-03,   0.00    ) |  7.468E-04 2.441E-02
    1121 8.9082E-01 7.4682E-04  ( 0.354    , -1.953E-03,   0.00    ) |  7.468E-04 2.441E-02
    1122 8.9156E-01 7.4684E-04  ( 0.354    , -1.953E-03,   0.00    ) |  7.468E-04 2.441E-02
    1123 8.9231E-01 7.4687E-04  ( 0.354    ,  1.953E-03,   0.00    ) |  7.469E-04 2.441E-02
    1124 8.9306E-01 7.4690E-04  ( 0.354    ,  1.953E-03,   0.00    ) |  7.469E-04 2.441E-02
    1125 8.9380E-01 7.4693E-04  ( 0.354    ,  1.953E-03,   0.00    ) |  7.469E-04 2.441E-02
    1126 8.9455E-01 7.4695E-04  ( 0.354    ,  1.953E-03,   0.00    ) |  7.470E-04 2.441E-02
    1127 8.9530E-01 7.4698E-04  ( 0.354    ,  1.953E-03,   0.00    ) |  7.470E-04 2.441E-02
    1128 8.9605E-01 7.4701E-04  ( 0.354    ,  1.953E-03,   0.00    ) |  7.470E-04 2.441E-02
    1129 8.9679E-01 7.4704E-04  ( 0.354    ,  1.953E-03,   0.00    ) |  7.470E-04 2.441E-02
    1130 8.9754E-01 7.4706E-04  ( 0.354    , -1.953E-03,   0.00    ) |  7.471E-04 2.441E-02
    1131 8.9829E-01 7.4709E-04  ( 0.354    ,  1.953E-03,   0.00    ) |  7.471E-04 2.441E-02
    1132 8.9903E-01 7.4711E-04  ( 0.354    ,  1.953E-03,   0.00    ) |  7.471E-04 2.441E-02
    1133 8.9978E-01 7.4714E-04  ( 0.354    ,  1.953E-03,   0.00    ) |  7.471E-04 2.441E-02
 *** Wrote plotfile to flash_run_hdf5_plt_cnt_0036 ****
    1134 9.0053E-01 7.4717E-04  (-0.354    , -1.953E-03,   0.00    ) |  7.472E-04 2.441E-02
    1135 9.0128E-01 7.4719E-04  (-0.354    , -1.953E-03,   0.00    ) |  7.472E-04 2.441E-02
    1136 9.0202E-01 7.4722E-04  (-0.354    , -1.953E-03,   0.00    ) |  7.472E-04 2.441E-02
    1137 9.0277E-01 7.4725E-04  (-0.354    , -1.953E-03,   0.00    ) |  7.472E-04 2.441E-02
    1138 9.0352E-01 7.4727E-04  (-0.354    , -1.953E-03,   0.00    ) |  7.473E-04 2.441E-02
    1139 9.0426E-01 7.4730E-04  (-0.354    , -1.953E-03,   0.00    ) |  7.473E-04 2.441E-02
    1140 9.0501E-01 7.4733E-04  (-0.354    , -1.953E-03,   0.00    ) |  7.473E-04 2.441E-02
    1141 9.0576E-01 7.4736E-04  (-0.354    , -1.953E-03,   0.00    ) |  7.474E-04 2.441E-02
    1142 9.0651E-01 7.4738E-04  ( 0.354    ,  1.953E-03,   0.00    ) |  7.474E-04 2.441E-02
    1143 9.0725E-01 7.4741E-04  ( 0.354    ,  1.953E-03,   0.00    ) |  7.474E-04 2.441E-02
    1144 9.0800E-01 7.4744E-04  ( 0.354    ,  1.953E-03,   0.00    ) |  7.474E-04 2.441E-02
    1145 9.0875E-01 7.4746E-04  ( 0.350    ,  1.953E-03,   0.00    ) |  7.475E-04 2.441E-02
    1146 9.0950E-01 7.4749E-04  ( 0.350    ,  1.953E-03,   0.00    ) |  7.475E-04 2.441E-02
    1147 9.1024E-01 7.4752E-04  ( 0.350    ,  1.953E-03,   0.00    ) |  7.475E-04 2.441E-02
    1148 9.1099E-01 7.4754E-04  ( 0.350    ,  1.953E-03,   0.00    ) |  7.475E-04 2.441E-02
    1149 9.1174E-01 7.4757E-04  ( 0.350    ,  1.953E-03,   0.00    ) |  7.476E-04 2.441E-02
    1150 9.1249E-01 7.4759E-04  ( 0.350    ,  1.953E-03,   0.00    ) |  7.476E-04 2.441E-02
    1151 9.1323E-01 7.4762E-04  ( 0.350    ,  1.953E-03,   0.00    ) |  7.476E-04 2.441E-02
    1152 9.1398E-01 7.4765E-04  ( 0.350    ,  1.953E-03,   0.00    ) |  7.476E-04 2.441E-02
    1153 9.1473E-01 7.4767E-04  ( 0.350    ,  1.953E-03,   0.00    ) |  7.477E-04 2.441E-02
    1154 9.1548E-01 7.4770E-04  ( 0.350    ,  1.953E-03,   0.00    ) |  7.477E-04 2.441E-02
    1155 9.1622E-01 7.4773E-04  ( 0.350    , -1.953E-03,   0.00    ) |  7.477E-04 2.441E-02
    1156 9.1697E-01 7.4775E-04  ( 0.350    , -1.953E-03,   0.00    ) |  7.478E-04 2.441E-02
    1157 9.1772E-01 7.4778E-04  ( 0.350    , -1.953E-03,   0.00    ) |  7.478E-04 2.441E-02
    1158 9.1847E-01 7.4781E-04  ( 0.350    , -1.953E-03,   0.00    ) |  7.478E-04 2.441E-02
    1159 9.1922E-01 7.4784E-04  ( 0.350    , -1.953E-03,   0.00    ) |  7.478E-04 2.441E-02
    1160 9.1996E-01 7.4787E-04  ( 0.350    , -1.953E-03,   0.00    ) |  7.479E-04 2.441E-02
    1161 9.2071E-01 7.4790E-04  ( 0.350    , -1.953E-03,   0.00    ) |  7.479E-04 2.441E-02
    1162 9.2146E-01 7.4793E-04  ( 0.350    , -1.953E-03,   0.00    ) |  7.479E-04 2.441E-02
    1163 9.2221E-01 7.4796E-04  ( 0.350    , -1.953E-03,   0.00    ) |  7.480E-04 2.441E-02
    1164 9.2295E-01 7.4799E-04  (-0.350    , -1.953E-03,   0.00    ) |  7.480E-04 2.441E-02
    1165 9.2370E-01 7.4802E-04  (-0.350    , -1.953E-03,   0.00    ) |  7.480E-04 2.441E-02
    1166 9.2445E-01 7.4806E-04  (-0.350    , -1.953E-03,   0.00    ) |  7.481E-04 2.441E-02
 *** Wrote plotfile to flash_run_hdf5_plt_cnt_0037 ****
    1167 9.2520E-01 7.4809E-04  ( 0.350    , -1.953E-03,   0.00    ) |  7.481E-04 2.441E-02
    1168 9.2595E-01 7.4812E-04  ( 0.350    , -1.953E-03,   0.00    ) |  7.481E-04 2.441E-02
    1169 9.2670E-01 7.4816E-04  ( 0.350    , -1.953E-03,   0.00    ) |  7.482E-04 2.441E-02
    1170 9.2744E-01 7.4819E-04  ( 0.350    , -1.953E-03,   0.00    ) |  7.482E-04 2.441E-02
    1171 9.2819E-01 7.4822E-04  ( 0.350    , -1.953E-03,   0.00    ) |  7.482E-04 2.441E-02
    1172 9.2894E-01 7.4826E-04  ( 0.350    , -1.953E-03,   0.00    ) |  7.483E-04 2.441E-02
    1173 9.2969E-01 7.4829E-04  ( 0.350    , -1.953E-03,   0.00    ) |  7.483E-04 2.441E-02
    1174 9.3044E-01 7.4832E-04  ( 0.350    , -1.953E-03,   0.00    ) |  7.483E-04 2.441E-02
    1175 9.3118E-01 7.4835E-04  ( 0.350    , -1.953E-03,   0.00    ) |  7.484E-04 2.441E-02
    1176 9.3193E-01 7.4839E-04  ( 0.350    , -1.953E-03,   0.00    ) |  7.484E-04 2.441E-02
    1177 9.3268E-01 7.4842E-04  ( 0.350    ,  1.953E-03,   0.00    ) |  7.484E-04 2.441E-02
    1178 9.3343E-01 7.4845E-04  ( 0.350    ,  1.953E-03,   0.00    ) |  7.485E-04 2.441E-02
    1179 9.3418E-01 7.4848E-04  (-0.350    ,  1.953E-03,   0.00    ) |  7.485E-04 2.441E-02
    1180 9.3493E-01 7.4851E-04  ( 0.350    ,  1.953E-03,   0.00    ) |  7.485E-04 2.441E-02
    1181 9.3568E-01 7.4855E-04  (-0.350    , -1.953E-03,   0.00    ) |  7.485E-04 2.441E-02
    1182 9.3642E-01 7.4858E-04  (-0.350    ,  1.953E-03,   0.00    ) |  7.486E-04 2.441E-02
    1183 9.3717E-01 7.4861E-04  (-0.350    ,  1.953E-03,   0.00    ) |  7.486E-04 2.441E-02
    1184 9.3792E-01 7.4864E-04  ( 0.350    ,  1.953E-03,   0.00    ) |  7.486E-04 2.441E-02
    1185 9.3867E-01 7.4867E-04  ( 0.350    , -1.953E-03,   0.00    ) |  7.487E-04 2.441E-02
    1186 9.3942E-01 7.4870E-04  ( 0.350    ,  1.953E-03,   0.00    ) |  7.487E-04 2.441E-02
    1187 9.4017E-01 7.4873E-04  ( 0.350    , -1.953E-03,   0.00    ) |  7.487E-04 2.441E-02
    1188 9.4092E-01 7.4877E-04  ( 0.350    , -1.953E-03,   0.00    ) |  7.488E-04 2.441E-02
    1189 9.4166E-01 7.4880E-04  ( 0.350    ,  1.953E-03,   0.00    ) |  7.488E-04 2.441E-02
    1190 9.4241E-01 7.4883E-04  ( 0.350    , -1.953E-03,   0.00    ) |  7.488E-04 2.441E-02
    1191 9.4316E-01 7.4886E-04  ( 0.350    , -1.953E-03,   0.00    ) |  7.489E-04 2.441E-02
    1192 9.4391E-01 7.4889E-04  ( 0.350    , -1.953E-03,   0.00    ) |  7.489E-04 2.441E-02
    1193 9.4466E-01 7.4892E-04  ( 0.350    , -1.953E-03,   0.00    ) |  7.489E-04 2.441E-02
    1194 9.4541E-01 7.4895E-04  ( 0.350    , -1.953E-03,   0.00    ) |  7.490E-04 2.441E-02
    1195 9.4616E-01 7.4898E-04  ( 0.350    , -1.953E-03,   0.00    ) |  7.490E-04 2.441E-02
    1196 9.4691E-01 7.4902E-04  ( 0.350    ,  1.953E-03,   0.00    ) |  7.490E-04 2.441E-02
    1197 9.4766E-01 7.4905E-04  ( 0.350    ,  1.953E-03,   0.00    ) |  7.490E-04 2.441E-02
    1198 9.4840E-01 7.4908E-04  ( 0.350    , -1.953E-03,   0.00    ) |  7.491E-04 2.441E-02
    1199 9.4915E-01 7.4911E-04  ( 0.350    , -1.953E-03,   0.00    ) |  7.491E-04 2.441E-02
    1200 9.4990E-01 7.4914E-04  ( 0.350    , -1.953E-03,   0.00    ) |  7.491E-04 2.441E-02
 *** Wrote plotfile to flash_run_hdf5_plt_cnt_0038 ****
    1201 9.5065E-01 7.4917E-04  ( 0.350    , -1.953E-03,   0.00    ) |  7.492E-04 2.441E-02
    1202 9.5140E-01 7.4919E-04  ( 0.350    , -1.953E-03,   0.00    ) |  7.492E-04 2.441E-02
    1203 9.5215E-01 7.4922E-04  ( 0.350    , -1.953E-03,   0.00    ) |  7.492E-04 2.441E-02
    1204 9.5290E-01 7.4925E-04  (-0.350    ,  1.953E-03,   0.00    ) |  7.493E-04 2.441E-02
    1205 9.5365E-01 7.4928E-04  (-0.350    , -1.953E-03,   0.00    ) |  7.493E-04 2.441E-02
    1206 9.5440E-01 7.4931E-04  (-0.350    , -1.953E-03,   0.00    ) |  7.493E-04 2.441E-02
    1207 9.5515E-01 7.4933E-04  (-0.350    , -1.953E-03,   0.00    ) |  7.493E-04 2.441E-02
    1208 9.5590E-01 7.4936E-04  (-0.350    , -1.953E-03,   0.00    ) |  7.494E-04 2.441E-02
    1209 9.5665E-01 7.4939E-04  (-0.350    , -1.953E-03,   0.00    ) |  7.494E-04 2.441E-02
    1210 9.5740E-01 7.4941E-04  (-0.350    , -1.953E-03,   0.00    ) |  7.494E-04 2.441E-02
    1211 9.5815E-01 7.4944E-04  ( 0.350    ,  1.953E-03,   0.00    ) |  7.494E-04 2.441E-02
    1212 9.5889E-01 7.4947E-04  ( 0.350    ,  1.953E-03,   0.00    ) |  7.495E-04 2.441E-02
    1213 9.5964E-01 7.4949E-04  ( 0.346    , -1.953E-03,   0.00    ) |  7.495E-04 2.441E-02
    1214 9.6039E-01 7.4952E-04  ( 0.346    ,  1.953E-03,   0.00    ) |  7.495E-04 2.441E-02
    1215 9.6114E-01 7.4954E-04  ( 0.346    ,  1.953E-03,   0.00    ) |  7.495E-04 2.441E-02
    1216 9.6189E-01 7.4956E-04  ( 0.346    ,  1.953E-03,   0.00    ) |  7.496E-04 2.441E-02
    1217 9.6264E-01 7.4959E-04  ( 0.346    ,  1.953E-03,   0.00    ) |  7.496E-04 2.441E-02
    1218 9.6339E-01 7.4961E-04  ( 0.346    ,  1.953E-03,   0.00    ) |  7.496E-04 2.441E-02
    1219 9.6414E-01 7.4963E-04  ( 0.346    ,  1.953E-03,   0.00    ) |  7.496E-04 2.441E-02
    1220 9.6489E-01 7.4965E-04  ( 0.346    ,  1.953E-03,   0.00    ) |  7.497E-04 2.441E-02
    1221 9.6564E-01 7.4967E-04  ( 0.346    ,  1.953E-03,   0.00    ) |  7.497E-04 2.441E-02
    1222 9.6639E-01 7.4970E-04  ( 0.346    ,  1.953E-03,   0.00    ) |  7.497E-04 2.441E-02
    1223 9.6714E-01 7.4972E-04  ( 0.346    ,  1.953E-03,   0.00    ) |  7.497E-04 2.441E-02
    1224 9.6789E-01 7.4974E-04  (-0.346    , -1.953E-03,   0.00    ) |  7.497E-04 2.441E-02
    1225 9.6864E-01 7.4976E-04  (-0.346    , -1.953E-03,   0.00    ) |  7.498E-04 2.441E-02
    1226 9.6939E-01 7.4978E-04  (-0.346    , -1.953E-03,   0.00    ) |  7.498E-04 2.441E-02
    1227 9.7014E-01 7.4980E-04  (-0.346    , -1.953E-03,   0.00    ) |  7.498E-04 2.441E-02
    1228 9.7089E-01 7.4982E-04  (-0.346    , -1.953E-03,   0.00    ) |  7.498E-04 2.441E-02
    1229 9.7164E-01 7.4984E-04  (-0.346    , -1.953E-03,   0.00    ) |  7.498E-04 2.441E-02
    1230 9.7239E-01 7.4986E-04  (-0.346    , -1.953E-03,   0.00    ) |  7.499E-04 2.441E-02
    1231 9.7314E-01 7.4987E-04  ( 0.346    ,  1.953E-03,   0.00    ) |  7.499E-04 2.441E-02
    1232 9.7389E-01 7.4989E-04  ( 0.346    ,  1.953E-03,   0.00    ) |  7.499E-04 2.441E-02
    1233 9.7464E-01 7.4991E-04  ( 0.346    ,  1.953E-03,   0.00    ) |  7.499E-04 2.441E-02
 *** Wrote plotfile to flash_run_hdf5_plt_cnt_0039 ****
    1234 9.7539E-01 7.4993E-04  ( 0.346    ,  1.953E-03,   0.00    ) |  7.499E-04 2.441E-02
    1235 9.7614E-01 7.4994E-04  ( 0.346    ,  1.953E-03,   0.00    ) |  7.499E-04 2.441E-02
    1236 9.7689E-01 7.4996E-04  (-0.346    , -1.953E-03,   0.00    ) |  7.500E-04 2.441E-02
    1237 9.7764E-01 7.4998E-04  (-0.346    , -1.953E-03,   0.00    ) |  7.500E-04 2.441E-02
    1238 9.7839E-01 7.4999E-04  (-0.346    , -1.953E-03,   0.00    ) |  7.500E-04 2.441E-02
    1239 9.7914E-01 7.5001E-04  (-0.346    , -1.953E-03,   0.00    ) |  7.500E-04 2.441E-02
    1240 9.7989E-01 7.5002E-04  (-0.346    , -1.953E-03,   0.00    ) |  7.500E-04 2.441E-02
    1241 9.8064E-01 7.5003E-04  ( 0.346    ,  1.953E-03,   0.00    ) |  7.500E-04 2.441E-02
    1242 9.8139E-01 7.5005E-04  ( 0.346    ,  1.953E-03,   0.00    ) |  7.500E-04 2.441E-02
    1243 9.8214E-01 7.5006E-04  ( 0.346    ,  1.953E-03,   0.00    ) |  7.501E-04 2.441E-02
    1244 9.8289E-01 7.5007E-04  ( 0.346    ,  1.953E-03,   0.00    ) |  7.501E-04 2.441E-02
    1245 9.8364E-01 7.5008E-04  ( 0.346    ,  1.953E-03,   0.00    ) |  7.501E-04 2.441E-02
    1246 9.8439E-01 7.5009E-04  ( 0.346    ,  1.953E-03,   0.00    ) |  7.501E-04 2.441E-02
    1247 9.8514E-01 7.5010E-04  ( 0.346    ,  1.953E-03,   0.00    ) |  7.501E-04 2.441E-02
    1248 9.8589E-01 7.5011E-04  ( 0.346    ,  1.953E-03,   0.00    ) |  7.501E-04 2.441E-02
    1249 9.8664E-01 7.5012E-04  (-0.346    , -1.953E-03,   0.00    ) |  7.501E-04 2.441E-02
    1250 9.8739E-01 7.5013E-04  (-0.346    , -1.953E-03,   0.00    ) |  7.501E-04 2.441E-02
    1251 9.8814E-01 7.5014E-04  (-0.346    , -1.953E-03,   0.00    ) |  7.501E-04 2.441E-02
    1252 9.8889E-01 7.5015E-04  (-0.346    , -1.953E-03,   0.00    ) |  7.501E-04 2.441E-02
    1253 9.8964E-01 7.5015E-04  (-0.346    , -1.953E-03,   0.00    ) |  7.502E-04 2.441E-02
    1254 9.9039E-01 7.5016E-04  (-0.346    , -1.953E-03,   0.00    ) |  7.502E-04 2.441E-02
    1255 9.9114E-01 7.5017E-04  (-0.346    , -1.953E-03,   0.00    ) |  7.502E-04 2.441E-02
    1256 9.9189E-01 7.5018E-04  (-0.346    , -1.953E-03,   0.00    ) |  7.502E-04 2.441E-02
    1257 9.9264E-01 7.5018E-04  (-0.346    , -1.953E-03,   0.00    ) |  7.502E-04 2.441E-02
    1258 9.9339E-01 7.5019E-04  (-0.346    , -1.953E-03,   0.00    ) |  7.502E-04 2.441E-02
    1259 9.9414E-01 7.5020E-04  (-0.346    , -1.953E-03,   0.00    ) |  7.502E-04 2.441E-02
    1260 9.9489E-01 7.5021E-04  (-0.346    , -1.953E-03,   0.00    ) |  7.502E-04 2.441E-02
    1261 9.9564E-01 7.5021E-04  (-0.346    , -1.953E-03,   0.00    ) |  7.502E-04 2.441E-02
    1262 9.9639E-01 7.5022E-04  (-0.346    , -1.953E-03,   0.00    ) |  7.502E-04 2.441E-02
    1263 9.9714E-01 7.5023E-04  (-0.346    , -1.953E-03,   0.00    ) |  7.502E-04 2.441E-02
    1264 9.9789E-01 7.5023E-04  (-0.346    , -1.953E-03,   0.00    ) |  7.502E-04 2.441E-02
    1265 9.9864E-01 7.5024E-04  (-0.346    , -1.953E-03,   0.00    ) |  7.502E-04 2.441E-02
    1266 9.9939E-01 7.5025E-04  (-0.346    , -1.953E-03,   0.00    ) |  7.502E-04 2.441E-02
 *** Wrote plotfile to flash_run_hdf5_plt_cnt_0040 ****
    1267 1.0001E+00 7.5025E-04  (-0.346    , -1.953E-03,   0.00    ) |  7.503E-04 2.441E-02
    1268 1.0009E+00 7.5026E-04  (-0.346    , -1.953E-03,   0.00    ) |  7.503E-04 2.441E-02
    1269 1.0016E+00 7.5027E-04  (-0.346    , -1.953E-03,   0.00    ) |  7.503E-04 2.441E-02
    1270 1.0024E+00 7.5027E-04  (-0.346    , -1.953E-03,   0.00    ) |  7.503E-04 2.441E-02
    1271 1.0031E+00 7.5028E-04  (-0.346    , -1.953E-03,   0.00    ) |  7.503E-04 2.441E-02
    1272 1.0039E+00 7.5029E-04  (-0.346    , -1.953E-03,   0.00    ) |  7.503E-04 2.441E-02
    1273 1.0046E+00 7.5029E-04  (-0.346    , -1.953E-03,   0.00    ) |  7.503E-04 2.441E-02
    1274 1.0054E+00 7.5030E-04  (-0.346    , -1.953E-03,   0.00    ) |  7.503E-04 2.441E-02
    1275 1.0061E+00 7.5031E-04  ( 0.346    ,  1.953E-03,   0.00    ) |  7.503E-04 2.441E-02
    1276 1.0069E+00 7.5032E-04  ( 0.346    ,  1.953E-03,   0.00    ) |  7.503E-04 2.441E-02
    1277 1.0076E+00 7.5032E-04  ( 0.346    , -1.953E-03,   0.00    ) |  7.503E-04 2.441E-02
    1278 1.0084E+00 7.5033E-04  ( 0.346    , -1.953E-03,   0.00    ) |  7.503E-04 2.441E-02
    1279 1.0091E+00 7.5034E-04  ( 0.346    ,  1.953E-03,   0.00    ) |  7.503E-04 2.441E-02
    1280 1.0099E+00 7.5035E-04  ( 0.346    ,  1.953E-03,   0.00    ) |  7.503E-04 2.441E-02
    1281 1.0106E+00 7.5035E-04  (-0.346    , -1.953E-03,   0.00    ) |  7.504E-04 2.441E-02
    1282 1.0114E+00 7.5036E-04  (-0.346    , -1.953E-03,   0.00    ) |  7.504E-04 2.441E-02
    1283 1.0121E+00 7.5037E-04  (-0.346    , -1.953E-03,   0.00    ) |  7.504E-04 2.441E-02
    1284 1.0129E+00 7.5038E-04  (-0.346    , -1.953E-03,   0.00    ) |  7.504E-04 2.441E-02
    1285 1.0136E+00 7.5039E-04  (-0.346    , -1.953E-03,   0.00    ) |  7.504E-04 2.441E-02
    1286 1.0144E+00 7.5040E-04  (-0.346    , -1.953E-03,   0.00    ) |  7.504E-04 2.441E-02
    1287 1.0151E+00 7.5041E-04  (-0.346    , -1.953E-03,   0.00    ) |  7.504E-04 2.441E-02
    1288 1.0159E+00 7.5042E-04  (-0.346    , -1.953E-03,   0.00    ) |  7.504E-04 2.441E-02
    1289 1.0166E+00 7.5043E-04  (-0.346    , -1.953E-03,   0.00    ) |  7.504E-04 2.441E-02
    1290 1.0174E+00 7.5044E-04  (-0.346    , -1.953E-03,   0.00    ) |  7.504E-04 2.441E-02
    1291 1.0181E+00 7.5045E-04  (-0.346    , -1.953E-03,   0.00    ) |  7.505E-04 2.441E-02
    1292 1.0189E+00 7.5046E-04  ( 0.346    ,  1.953E-03,   0.00    ) |  7.505E-04 2.441E-02
    1293 1.0197E+00 7.5047E-04  ( 0.346    ,  1.953E-03,   0.00    ) |  7.505E-04 2.441E-02
    1294 1.0204E+00 7.5048E-04  ( 0.346    ,  1.953E-03,   0.00    ) |  7.505E-04 2.441E-02
    1295 1.0212E+00 7.5049E-04  ( 0.346    ,  1.953E-03,   0.00    ) |  7.505E-04 2.441E-02
    1296 1.0219E+00 7.5050E-04  ( 0.346    ,  1.953E-03,   0.00    ) |  7.505E-04 2.441E-02
    1297 1.0227E+00 7.5051E-04  ( 0.346    ,  1.953E-03,   0.00    ) |  7.505E-04 2.441E-02
    1298 1.0234E+00 7.5052E-04  ( 0.346    ,  1.953E-03,   0.00    ) |  7.505E-04 2.441E-02
    1299 1.0242E+00 7.5053E-04  ( 0.346    ,  1.953E-03,   0.00    ) |  7.505E-04 2.441E-02
    1300 1.0249E+00 7.5054E-04  ( 0.342    ,  1.953E-03,   0.00    ) |  7.505E-04 2.441E-02
 *** Wrote plotfile to flash_run_hdf5_plt_cnt_0041 ****
    1301 1.0257E+00 7.5055E-04  ( 0.342    ,  1.953E-03,   0.00    ) |  7.505E-04 2.441E-02
    1302 1.0264E+00 7.5056E-04  (-0.342    ,  1.953E-03,   0.00    ) |  7.506E-04 2.441E-02
    1303 1.0272E+00 7.5057E-04  (-0.342    ,  1.953E-03,   0.00    ) |  7.506E-04 2.441E-02
    1304 1.0279E+00 7.5058E-04  (-0.342    ,  1.953E-03,   0.00    ) |  7.506E-04 2.441E-02
    1305 1.0287E+00 7.5059E-04  (-0.342    , -1.953E-03,   0.00    ) |  7.506E-04 2.441E-02
    1306 1.0294E+00 7.5060E-04  (-0.342    , -1.953E-03,   0.00    ) |  7.506E-04 2.441E-02
    1307 1.0302E+00 7.5061E-04  (-0.342    ,  1.953E-03,   0.00    ) |  7.506E-04 2.441E-02
    1308 1.0309E+00 7.5062E-04  (-0.342    , -1.953E-03,   0.00    ) |  7.506E-04 2.441E-02
    1309 1.0317E+00 7.5062E-04  (-0.342    , -1.953E-03,   0.00    ) |  7.506E-04 2.441E-02
    1310 1.0324E+00 7.5063E-04  (-0.342    , -1.953E-03,   0.00    ) |  7.506E-04 2.441E-02
    1311 1.0332E+00 7.5064E-04  ( 0.342    ,  1.953E-03,   0.00    ) |  7.506E-04 2.441E-02
    1312 1.0339E+00 7.5065E-04  ( 0.342    ,  1.953E-03,   0.00    ) |  7.506E-04 2.441E-02
    1313 1.0347E+00 7.5066E-04  ( 0.342    ,  1.953E-03,   0.00    ) |  7.507E-04 2.441E-02
    1314 1.0354E+00 7.5066E-04  ( 0.342    ,  1.953E-03,   0.00    ) |  7.507E-04 2.441E-02
    1315 1.0362E+00 7.5067E-04  ( 0.342    ,  1.953E-03,   0.00    ) |  7.507E-04 2.441E-02
    1316 1.0369E+00 7.5068E-04  ( 0.342    ,  1.953E-03,   0.00    ) |  7.507E-04 2.441E-02
    1317 1.0377E+00 7.5069E-04  ( 0.342    ,  1.953E-03,   0.00    ) |  7.507E-04 2.441E-02
    1318 1.0384E+00 7.5069E-04  ( 0.342    ,  1.953E-03,   0.00    ) |  7.507E-04 2.441E-02
    1319 1.0392E+00 7.5070E-04  ( 0.342    ,  1.953E-03,   0.00    ) |  7.507E-04 2.441E-02
    1320 1.0399E+00 7.5071E-04  ( 0.342    , -1.953E-03,   0.00    ) |  7.507E-04 2.441E-02
    1321 1.0407E+00 7.5071E-04  ( 0.342    ,  1.953E-03,   0.00    ) |  7.507E-04 2.441E-02
    1322 1.0414E+00 7.5072E-04  (-0.342    , -1.953E-03,   0.00    ) |  7.507E-04 2.441E-02
    1323 1.0422E+00 7.5072E-04  (-0.342    , -1.953E-03,   0.00    ) |  7.507E-04 2.441E-02
    1324 1.0429E+00 7.5073E-04  (-0.342    ,  1.953E-03,   0.00    ) |  7.507E-04 2.441E-02
    1325 1.0437E+00 7.5073E-04  (-0.342    , -1.953E-03,   0.00    ) |  7.507E-04 2.441E-02
    1326 1.0444E+00 7.5074E-04  (-0.342    , -1.953E-03,   0.00    ) |  7.507E-04 2.441E-02
    1327 1.0452E+00 7.5074E-04  (-0.342    , -1.953E-03,   0.00    ) |  7.507E-04 2.441E-02
    1328 1.0459E+00 7.5075E-04  (-0.342    , -1.953E-03,   0.00    ) |  7.507E-04 2.441E-02
    1329 1.0467E+00 7.5075E-04  (-0.342    , -1.953E-03,   0.00    ) |  7.507E-04 2.441E-02
    1330 1.0474E+00 7.5075E-04  (-0.342    ,  1.953E-03,   0.00    ) |  7.508E-04 2.441E-02
    1331 1.0482E+00 7.5076E-04  (-0.342    , -1.953E-03,   0.00    ) |  7.508E-04 2.441E-02
    1332 1.0489E+00 7.5076E-04  (-0.342    , -1.953E-03,   0.00    ) |  7.508E-04 2.441E-02
    1333 1.0497E+00 7.5076E-04  (-0.342    , -1.953E-03,   0.00    ) |  7.508E-04 2.441E-02
 *** Wrote plotfile to flash_run_hdf5_plt_cnt_0042 ****
    1334 1.0504E+00 7.5077E-04  (-0.342    , -1.953E-03,   0.00    ) |  7.508E-04 2.441E-02
    1335 1.0512E+00 7.5077E-04  (-0.342    , -1.953E-03,   0.00    ) |  7.508E-04 2.441E-02
    1336 1.0519E+00 7.5078E-04  ( 0.342    , -1.953E-03,   0.00    ) |  7.508E-04 2.441E-02
    1337 1.0527E+00 7.5078E-04  ( 0.342    , -1.953E-03,   0.00    ) |  7.508E-04 2.441E-02
    1338 1.0534E+00 7.5079E-04  ( 0.342    , -1.953E-03,   0.00    ) |  7.508E-04 2.441E-02
    1339 1.0542E+00 7.5079E-04  ( 0.342    , -1.953E-03,   0.00    ) |  7.508E-04 2.441E-02
    1340 1.0549E+00 7.5080E-04  ( 0.342    , -1.953E-03,   0.00    ) |  7.508E-04 2.441E-02
    1341 1.0557E+00 7.5081E-04  ( 0.342    , -1.953E-03,   0.00    ) |  7.508E-04 2.441E-02
    1342 1.0564E+00 7.5081E-04  ( 0.342    , -1.953E-03,   0.00    ) |  7.508E-04 2.441E-02
    1343 1.0572E+00 7.5082E-04  ( 0.342    , -1.953E-03,   0.00    ) |  7.508E-04 2.441E-02
    1344 1.0579E+00 7.5082E-04  (-0.342    , -1.953E-03,   0.00    ) |  7.508E-04 2.441E-02
    1345 1.0587E+00 7.5083E-04  (-0.342    , -1.953E-03,   0.00    ) |  7.508E-04 2.441E-02
    1346 1.0594E+00 7.5083E-04  (-0.342    , -1.953E-03,   0.00    ) |  7.508E-04 2.441E-02
    1347 1.0602E+00 7.5084E-04  (-0.342    , -1.953E-03,   0.00    ) |  7.508E-04 2.441E-02
    1348 1.0609E+00 7.5085E-04  (-0.342    , -1.953E-03,   0.00    ) |  7.508E-04 2.441E-02
    1349 1.0617E+00 7.5085E-04  (-0.342    , -1.953E-03,   0.00    ) |  7.509E-04 2.441E-02
    1350 1.0624E+00 7.5086E-04  ( 0.342    , -1.953E-03,   0.00    ) |  7.509E-04 2.441E-02
    1351 1.0632E+00 7.5086E-04  ( 0.342    , -1.953E-03,   0.00    ) |  7.509E-04 2.441E-02
    1352 1.0639E+00 7.5086E-04  (-0.342    , -1.953E-03,   0.00    ) |  7.509E-04 2.441E-02
    1353 1.0647E+00 7.5087E-04  (-0.342    , -1.953E-03,   0.00    ) |  7.509E-04 2.441E-02
    1354 1.0654E+00 7.5087E-04  (-0.342    , -1.953E-03,   0.00    ) |  7.509E-04 2.441E-02
    1355 1.0662E+00 7.5087E-04  (-0.342    , -1.953E-03,   0.00    ) |  7.509E-04 2.441E-02
    1356 1.0669E+00 7.5088E-04  (-0.342    , -1.953E-03,   0.00    ) |  7.509E-04 2.441E-02
    1357 1.0677E+00 7.5088E-04  (-0.342    , -1.953E-03,   0.00    ) |  7.509E-04 2.441E-02
    1358 1.0684E+00 7.5088E-04  (-0.342    , -1.953E-03,   0.00    ) |  7.509E-04 2.441E-02
    1359 1.0692E+00 7.5088E-04  (-0.342    , -1.953E-03,   0.00    ) |  7.509E-04 2.441E-02
    1360 1.0699E+00 7.5088E-04  (-0.342    , -1.953E-03,   0.00    ) |  7.509E-04 2.441E-02
    1361 1.0707E+00 7.5088E-04  (-0.342    , -1.953E-03,   0.00    ) |  7.509E-04 2.441E-02
    1362 1.0715E+00 7.5088E-04  ( 0.342    , -1.953E-03,   0.00    ) |  7.509E-04 2.441E-02
    1363 1.0722E+00 7.5088E-04  ( 0.342    , -1.953E-03,   0.00    ) |  7.509E-04 2.441E-02
    1364 1.0730E+00 7.5088E-04  ( 0.342    , -1.953E-03,   0.00    ) |  7.509E-04 2.441E-02
    1365 1.0737E+00 7.5088E-04  ( 0.342    , -1.953E-03,   0.00    ) |  7.509E-04 2.441E-02
    1366 1.0745E+00 7.5088E-04  ( 0.342    , -1.953E-03,   0.00    ) |  7.509E-04 2.441E-02
 *** Wrote plotfile to flash_run_hdf5_plt_cnt_0043 ****
    1367 1.0752E+00 7.5087E-04  ( 0.342    , -1.953E-03,   0.00    ) |  7.509E-04 2.441E-02
    1368 1.0760E+00 7.5087E-04  ( 0.342    , -1.953E-03,   0.00    ) |  7.509E-04 2.441E-02
    1369 1.0767E+00 7.5087E-04  ( 0.342    , -1.953E-03,   0.00    ) |  7.509E-04 2.441E-02
    1370 1.0775E+00 7.5086E-04  ( 0.342    , -1.953E-03,   0.00    ) |  7.509E-04 2.441E-02
    1371 1.0782E+00 7.5086E-04  ( 0.342    , -1.953E-03,   0.00    ) |  7.509E-04 2.441E-02
    1372 1.0790E+00 7.5085E-04  ( 0.342    , -1.953E-03,   0.00    ) |  7.509E-04 2.441E-02
    1373 1.0797E+00 7.5085E-04  ( 0.342    , -1.953E-03,   0.00    ) |  7.508E-04 2.441E-02
    1374 1.0805E+00 7.5084E-04  (-0.342    , -1.953E-03,   0.00    ) |  7.508E-04 2.441E-02
    1375 1.0812E+00 7.5083E-04  (-0.342    , -1.953E-03,   0.00    ) |  7.508E-04 2.441E-02
    1376 1.0820E+00 7.5083E-04  (-0.342    , -1.953E-03,   0.00    ) |  7.508E-04 2.441E-02
    1377 1.0827E+00 7.5082E-04  (-0.342    , -1.953E-03,   0.00    ) |  7.508E-04 2.441E-02
    1378 1.0835E+00 7.5081E-04  (-0.342    , -1.953E-03,   0.00    ) |  7.508E-04 2.441E-02
    1379 1.0842E+00 7.5080E-04  (-0.342    , -1.953E-03,   0.00    ) |  7.508E-04 2.441E-02
    1380 1.0850E+00 7.5079E-04  (-0.342    , -1.953E-03,   0.00    ) |  7.508E-04 2.441E-02
    1381 1.0857E+00 7.5079E-04  (-0.342    , -1.953E-03,   0.00    ) |  7.508E-04 2.441E-02
    1382 1.0865E+00 7.5078E-04  (-0.342    , -1.953E-03,   0.00    ) |  7.508E-04 2.441E-02
    1383 1.0872E+00 7.5077E-04  ( 0.342    ,  1.953E-03,   0.00    ) |  7.508E-04 2.441E-02
    1384 1.0880E+00 7.5076E-04  ( 0.342    , -1.953E-03,   0.00    ) |  7.508E-04 2.441E-02
    1385 1.0887E+00 7.5075E-04  ( 0.342    , -1.953E-03,   0.00    ) |  7.507E-04 2.441E-02
    1386 1.0895E+00 7.5074E-04  ( 0.342    , -1.953E-03,   0.00    ) |  7.507E-04 2.441E-02
    1387 1.0902E+00 7.5073E-04  ( 0.342    , -1.953E-03,   0.00    ) |  7.507E-04 2.441E-02
    1388 1.0910E+00 7.5072E-04  ( 0.342    , -1.953E-03,   0.00    ) |  7.507E-04 2.441E-02
    1389 1.0917E+00 7.5071E-04  (-0.342    , -1.953E-03,   0.00    ) |  7.507E-04 2.441E-02
    1390 1.0925E+00 7.5070E-04  ( 0.342    , -1.953E-03,   0.00    ) |  7.507E-04 2.441E-02
    1391 1.0932E+00 7.5069E-04  ( 0.342    , -1.953E-03,   0.00    ) |  7.507E-04 2.441E-02
    1392 1.0940E+00 7.5068E-04  ( 0.342    , -1.953E-03,   0.00    ) |  7.507E-04 2.441E-02
    1393 1.0947E+00 7.5067E-04  ( 0.342    , -1.953E-03,   0.00    ) |  7.507E-04 2.441E-02
    1394 1.0955E+00 7.5066E-04  ( 0.342    , -1.953E-03,   0.00    ) |  7.507E-04 2.441E-02
    1395 1.0962E+00 7.5065E-04  ( 0.342    , -1.953E-03,   0.00    ) |  7.507E-04 2.441E-02
    1396 1.0970E+00 7.5064E-04  ( 0.342    , -1.953E-03,   0.00    ) |  7.506E-04 2.441E-02
    1397 1.0977E+00 7.5063E-04  ( 0.342    , -1.953E-03,   0.00    ) |  7.506E-04 2.441E-02
    1398 1.0985E+00 7.5062E-04  ( 0.342    , -1.953E-03,   0.00    ) |  7.506E-04 2.441E-02
    1399 1.0992E+00 7.5061E-04  ( 0.342    , -1.953E-03,   0.00    ) |  7.506E-04 2.441E-02
    1400 1.1000E+00 7.5060E-04  ( 0.342    , -1.953E-03,   0.00    ) |  7.506E-04 2.441E-02
 *** Wrote plotfile to flash_run_hdf5_plt_cnt_0044 ****
    1401 1.1007E+00 7.5059E-04  ( 0.342    , -1.953E-03,   0.00    ) |  7.506E-04 2.441E-02
    1402 1.1015E+00 7.5058E-04  ( 0.342    , -1.953E-03,   0.00    ) |  7.506E-04 2.441E-02
    1403 1.1022E+00 7.5057E-04  ( 0.338    , -1.953E-03,   0.00    ) |  7.506E-04 2.441E-02
    1404 1.1030E+00 7.5056E-04  (-0.338    ,  1.953E-03,   0.00    ) |  7.506E-04 2.441E-02
    1405 1.1037E+00 7.5054E-04  (-0.338    ,  1.953E-03,   0.00    ) |  7.505E-04 2.441E-02
    1406 1.1045E+00 7.5053E-04  (-0.338    ,  1.953E-03,   0.00    ) |  7.505E-04 2.441E-02
    1407 1.1052E+00 7.5052E-04  (-0.338    ,  1.953E-03,   0.00    ) |  7.505E-04 2.441E-02
    1408 1.1060E+00 7.5051E-04  (-0.338    ,  1.953E-03,   0.00    ) |  7.505E-04 2.441E-02
    1409 1.1067E+00 7.5050E-04  (-0.338    ,  1.953E-03,   0.00    ) |  7.505E-04 2.441E-02
    1410 1.1075E+00 7.5048E-04  (-0.338    ,  1.953E-03,   0.00    ) |  7.505E-04 2.441E-02
    1411 1.1082E+00 7.5047E-04  (-0.338    ,  1.953E-03,   0.00    ) |  7.505E-04 2.441E-02
    1412 1.1090E+00 7.5046E-04  (-0.338    ,  1.953E-03,   0.00    ) |  7.505E-04 2.441E-02
    1413 1.1097E+00 7.5045E-04  ( 0.338    , -1.953E-03,   0.00    ) |  7.504E-04 2.441E-02
    1414 1.1105E+00 7.5043E-04  (-0.338    ,  1.953E-03,   0.00    ) |  7.504E-04 2.441E-02
    1415 1.1112E+00 7.5042E-04  ( 0.338    , -1.953E-03,   0.00    ) |  7.504E-04 2.441E-02
    1416 1.1120E+00 7.5041E-04  ( 0.338    , -1.953E-03,   0.00    ) |  7.504E-04 2.441E-02
    1417 1.1127E+00 7.5039E-04  ( 0.338    , -1.953E-03,   0.00    ) |  7.504E-04 2.441E-02
    1418 1.1135E+00 7.5038E-04  ( 0.338    ,  1.953E-03,   0.00    ) |  7.504E-04 2.441E-02
    1419 1.1142E+00 7.5037E-04  ( 0.338    ,  1.953E-03,   0.00    ) |  7.504E-04 2.441E-02
    1420 1.1150E+00 7.5035E-04  ( 0.338    ,  1.953E-03,   0.00    ) |  7.504E-04 2.441E-02
    1421 1.1157E+00 7.5034E-04  ( 0.338    ,  1.953E-03,   0.00    ) |  7.503E-04 2.441E-02
    1422 1.1165E+00 7.5032E-04  ( 0.338    ,  1.953E-03,   0.00    ) |  7.503E-04 2.441E-02
    1423 1.1172E+00 7.5031E-04  ( 0.338    ,  1.953E-03,   0.00    ) |  7.503E-04 2.441E-02
    1424 1.1180E+00 7.5029E-04  ( 0.338    ,  1.953E-03,   0.00    ) |  7.503E-04 2.441E-02
    1425 1.1187E+00 7.5027E-04  ( 0.338    ,  1.953E-03,   0.00    ) |  7.503E-04 2.441E-02
    1426 1.1195E+00 7.5026E-04  ( 0.338    ,  1.953E-03,   0.00    ) |  7.503E-04 2.441E-02
    1427 1.1202E+00 7.5024E-04  ( 0.338    ,  1.953E-03,   0.00    ) |  7.502E-04 2.441E-02
    1428 1.1210E+00 7.5023E-04  (-0.338    , -1.953E-03,   0.00    ) |  7.502E-04 2.441E-02
    1429 1.1217E+00 7.5021E-04  ( 0.338    ,  1.953E-03,   0.00    ) |  7.502E-04 2.441E-02
    1430 1.1225E+00 7.5020E-04  ( 0.338    ,  1.953E-03,   0.00    ) |  7.502E-04 2.441E-02
    1431 1.1232E+00 7.5019E-04  (-0.338    , -1.953E-03,   0.00    ) |  7.502E-04 2.441E-02
    1432 1.1240E+00 7.5017E-04  (-0.338    , -1.953E-03,   0.00    ) |  7.502E-04 2.441E-02
    1433 1.1247E+00 7.5016E-04  ( 0.338    ,  1.953E-03,   0.00    ) |  7.502E-04 2.441E-02
 *** Wrote plotfile to flash_run_hdf5_plt_cnt_0045 ****
    1434 1.1255E+00 7.5014E-04  (-0.338    , -1.953E-03,   0.00    ) |  7.501E-04 2.441E-02
    1435 1.1262E+00 7.5013E-04  (-0.338    , -1.953E-03,   0.00    ) |  7.501E-04 2.441E-02
    1436 1.1270E+00 7.5011E-04  (-0.338    , -1.953E-03,   0.00    ) |  7.501E-04 2.441E-02
    1437 1.1277E+00 7.5010E-04  (-0.338    , -1.953E-03,   0.00    ) |  7.501E-04 2.441E-02
    1438 1.1285E+00 7.5008E-04  ( 0.338    ,  1.953E-03,   0.00    ) |  7.501E-04 2.441E-02
    1439 1.1292E+00 7.5006E-04  ( 0.338    ,  1.953E-03,   0.00    ) |  7.501E-04 2.441E-02
    1440 1.1300E+00 7.5005E-04  ( 0.338    ,  1.953E-03,   0.00    ) |  7.500E-04 2.441E-02
    1441 1.1307E+00 7.5003E-04  ( 0.338    ,  1.953E-03,   0.00    ) |  7.500E-04 2.441E-02
    1442 1.1315E+00 7.5001E-04  ( 0.338    ,  1.953E-03,   0.00    ) |  7.500E-04 2.441E-02
    1443 1.1322E+00 7.4999E-04  ( 0.338    ,  1.953E-03,   0.00    ) |  7.500E-04 2.441E-02
    1444 1.1330E+00 7.4998E-04  ( 0.338    ,  1.953E-03,   0.00    ) |  7.500E-04 2.441E-02
    1445 1.1337E+00 7.4996E-04  ( 0.338    ,  1.953E-03,   0.00    ) |  7.500E-04 2.441E-02
    1446 1.1345E+00 7.4994E-04  ( 0.338    ,  1.953E-03,   0.00    ) |  7.499E-04 2.441E-02
    1447 1.1352E+00 7.4992E-04  ( 0.338    ,  1.953E-03,   0.00    ) |  7.499E-04 2.441E-02
    1448 1.1360E+00 7.4990E-04  (-0.338    , -1.953E-03,   0.00    ) |  7.499E-04 2.441E-02
    1449 1.1367E+00 7.4989E-04  (-0.338    , -1.953E-03,   0.00    ) |  7.499E-04 2.441E-02
    1450 1.1375E+00 7.4987E-04  (-0.338    , -1.953E-03,   0.00    ) |  7.499E-04 2.441E-02
    1451 1.1382E+00 7.4985E-04  ( 0.338    ,  1.953E-03,   0.00    ) |  7.499E-04 2.441E-02
    1452 1.1390E+00 7.4983E-04  ( 0.338    ,  1.953E-03,   0.00    ) |  7.498E-04 2.441E-02
    1453 1.1397E+00 7.4981E-04  ( 0.338    , -1.953E-03,   0.00    ) |  7.498E-04 2.441E-02
    1454 1.1405E+00 7.4980E-04  ( 0.338    , -1.953E-03,   0.00    ) |  7.498E-04 2.441E-02
    1455 1.1412E+00 7.4978E-04  ( 0.338    , -1.953E-03,   0.00    ) |  7.498E-04 2.441E-02
    1456 1.1420E+00 7.4976E-04  ( 0.338    , -1.953E-03,   0.00    ) |  7.498E-04 2.441E-02
    1457 1.1427E+00 7.4974E-04  ( 0.338    , -1.953E-03,   0.00    ) |  7.497E-04 2.441E-02
    1458 1.1435E+00 7.4972E-04  ( 0.338    , -1.953E-03,   0.00    ) |  7.497E-04 2.441E-02
    1459 1.1442E+00 7.4970E-04  ( 0.338    , -1.953E-03,   0.00    ) |  7.497E-04 2.441E-02
    1460 1.1450E+00 7.4968E-04  ( 0.338    , -1.953E-03,   0.00    ) |  7.497E-04 2.441E-02
    1461 1.1457E+00 7.4966E-04  ( 0.338    , -1.953E-03,   0.00    ) |  7.497E-04 2.441E-02
    1462 1.1465E+00 7.4964E-04  ( 0.338    , -1.953E-03,   0.00    ) |  7.496E-04 2.441E-02
    1463 1.1472E+00 7.4962E-04  ( 0.338    , -1.953E-03,   0.00    ) |  7.496E-04 2.441E-02
    1464 1.1480E+00 7.4960E-04  ( 0.338    , -1.953E-03,   0.00    ) |  7.496E-04 2.441E-02
    1465 1.1487E+00 7.4958E-04  (-0.338    , -1.953E-03,   0.00    ) |  7.496E-04 2.441E-02
    1466 1.1495E+00 7.4955E-04  (-0.338    , -1.953E-03,   0.00    ) |  7.496E-04 2.441E-02
 *** Wrote plotfile to flash_run_hdf5_plt_cnt_0046 ****
    1467 1.1502E+00 7.4953E-04  (-0.338    , -1.953E-03,   0.00    ) |  7.495E-04 2.441E-02
    1468 1.1510E+00 7.4951E-04  (-0.338    , -1.953E-03,   0.00    ) |  7.495E-04 2.441E-02
    1469 1.1517E+00 7.4949E-04  (-0.338    , -1.953E-03,   0.00    ) |  7.495E-04 2.441E-02
    1470 1.1525E+00 7.4947E-04  (-0.338    ,  1.953E-03,   0.00    ) |  7.495E-04 2.441E-02
    1471 1.1532E+00 7.4945E-04  ( 0.338    , -1.953E-03,   0.00    ) |  7.494E-04 2.441E-02
    1472 1.1540E+00 7.4943E-04  ( 0.338    , -1.953E-03,   0.00    ) |  7.494E-04 2.441E-02
    1473 1.1547E+00 7.4941E-04  ( 0.338    , -1.953E-03,   0.00    ) |  7.494E-04 2.441E-02
    1474 1.1555E+00 7.4939E-04  ( 0.338    , -1.953E-03,   0.00    ) |  7.494E-04 2.441E-02
    1475 1.1562E+00 7.4937E-04  ( 0.338    , -1.953E-03,   0.00    ) |  7.494E-04 2.441E-02
    1476 1.1570E+00 7.4935E-04  ( 0.338    , -1.953E-03,   0.00    ) |  7.494E-04 2.441E-02
    1477 1.1577E+00 7.4933E-04  ( 0.338    , -1.953E-03,   0.00    ) |  7.493E-04 2.441E-02
    1478 1.1585E+00 7.4931E-04  ( 0.338    , -1.953E-03,   0.00    ) |  7.493E-04 2.441E-02
    1479 1.1592E+00 7.4930E-04  ( 0.338    , -1.953E-03,   0.00    ) |  7.493E-04 2.441E-02
    1480 1.1600E+00 7.4928E-04  ( 0.338    , -1.953E-03,   0.00    ) |  7.493E-04 2.441E-02
    1481 1.1607E+00 7.4926E-04  ( 0.338    , -1.953E-03,   0.00    ) |  7.493E-04 2.441E-02
    1482 1.1615E+00 7.4924E-04  ( 0.338    , -1.953E-03,   0.00    ) |  7.492E-04 2.441E-02
    1483 1.1622E+00 7.4922E-04  (-0.338    ,  1.953E-03,   0.00    ) |  7.492E-04 2.441E-02
    1484 1.1630E+00 7.4920E-04  (-0.338    ,  1.953E-03,   0.00    ) |  7.492E-04 2.441E-02
    1485 1.1637E+00 7.4918E-04  (-0.338    ,  1.953E-03,   0.00    ) |  7.492E-04 2.441E-02
    1486 1.1645E+00 7.4916E-04  (-0.338    , -1.953E-03,   0.00    ) |  7.492E-04 2.441E-02
    1487 1.1652E+00 7.4914E-04  (-0.338    ,  1.953E-03,   0.00    ) |  7.491E-04 2.441E-02
    1488 1.1660E+00 7.4912E-04  (-0.338    ,  1.953E-03,   0.00    ) |  7.491E-04 2.441E-02
    1489 1.1667E+00 7.4910E-04  (-0.338    ,  1.953E-03,   0.00    ) |  7.491E-04 2.441E-02
    1490 1.1675E+00 7.4908E-04  (-0.338    ,  1.953E-03,   0.00    ) |  7.491E-04 2.441E-02
    1491 1.1682E+00 7.4906E-04  ( 0.338    ,  1.953E-03,   0.00    ) |  7.491E-04 2.441E-02
    1492 1.1690E+00 7.4904E-04  ( 0.338    , -1.953E-03,   0.00    ) |  7.490E-04 2.441E-02
    1493 1.1697E+00 7.4903E-04  ( 0.338    , -1.953E-03,   0.00    ) |  7.490E-04 2.441E-02
    1494 1.1705E+00 7.4901E-04  ( 0.338    , -1.953E-03,   0.00    ) |  7.490E-04 2.441E-02
    1495 1.1712E+00 7.4899E-04  ( 0.338    , -1.953E-03,   0.00    ) |  7.490E-04 2.441E-02
    1496 1.1720E+00 7.4897E-04  ( 0.338    , -1.953E-03,   0.00    ) |  7.490E-04 2.441E-02
    1497 1.1727E+00 7.4895E-04  ( 0.338    , -1.953E-03,   0.00    ) |  7.490E-04 2.441E-02
    1498 1.1735E+00 7.4893E-04  ( 0.338    , -1.953E-03,   0.00    ) |  7.489E-04 2.441E-02
    1499 1.1742E+00 7.4891E-04  ( 0.338    , -1.953E-03,   0.00    ) |  7.489E-04 2.441E-02
    1500 1.1750E+00 7.4889E-04  ( 0.338    , -1.953E-03,   0.00    ) |  7.489E-04 2.441E-02
 *** Wrote plotfile to flash_run_hdf5_plt_cnt_0047 ****
    1501 1.1757E+00 7.4887E-04  (-0.334    , -1.953E-03,   0.00    ) |  7.489E-04 2.441E-02
    1502 1.1765E+00 7.4885E-04  (-0.334    , -1.953E-03,   0.00    ) |  7.489E-04 2.441E-02
    1503 1.1772E+00 7.4883E-04  (-0.334    , -1.953E-03,   0.00    ) |  7.488E-04 2.441E-02
    1504 1.1780E+00 7.4881E-04  (-0.334    , -1.953E-03,   0.00    ) |  7.488E-04 2.441E-02
    1505 1.1787E+00 7.4879E-04  (-0.334    , -1.953E-03,   0.00    ) |  7.488E-04 2.441E-02
    1506 1.1795E+00 7.4877E-04  (-0.334    , -1.953E-03,   0.00    ) |  7.488E-04 2.441E-02
    1507 1.1802E+00 7.4875E-04  (-0.334    , -1.953E-03,   0.00    ) |  7.488E-04 2.441E-02
    1508 1.1810E+00 7.4873E-04  (-0.334    , -1.953E-03,   0.00    ) |  7.487E-04 2.441E-02
    1509 1.1817E+00 7.4871E-04  ( 0.334    , -1.953E-03,   0.00    ) |  7.487E-04 2.441E-02
    1510 1.1825E+00 7.4869E-04  ( 0.334    , -1.953E-03,   0.00    ) |  7.487E-04 2.441E-02
    1511 1.1832E+00 7.4867E-04  ( 0.334    , -1.953E-03,   0.00    ) |  7.487E-04 2.441E-02
    1512 1.1839E+00 7.4865E-04  ( 0.334    , -1.953E-03,   0.00    ) |  7.486E-04 2.441E-02
    1513 1.1847E+00 7.4863E-04  ( 0.334    , -1.953E-03,   0.00    ) |  7.486E-04 2.441E-02
    1514 1.1854E+00 7.4861E-04  ( 0.334    , -1.953E-03,   0.00    ) |  7.486E-04 2.441E-02
    1515 1.1862E+00 7.4859E-04  ( 0.334    , -1.953E-03,   0.00    ) |  7.486E-04 2.441E-02
    1516 1.1869E+00 7.4856E-04  ( 0.334    , -1.953E-03,   0.00    ) |  7.486E-04 2.441E-02
    1517 1.1877E+00 7.4854E-04  ( 0.334    , -1.953E-03,   0.00    ) |  7.485E-04 2.441E-02
    1518 1.1884E+00 7.4852E-04  ( 0.334    , -1.953E-03,   0.00    ) |  7.485E-04 2.441E-02
    1519 1.1892E+00 7.4850E-04  ( 0.334    , -1.953E-03,   0.00    ) |  7.485E-04 2.441E-02
    1520 1.1899E+00 7.4848E-04  ( 0.334    , -1.953E-03,   0.00    ) |  7.485E-04 2.441E-02
    1521 1.1907E+00 7.4846E-04  ( 0.334    , -1.953E-03,   0.00    ) |  7.485E-04 2.441E-02
    1522 1.1914E+00 7.4844E-04  ( 0.334    , -1.953E-03,   0.00    ) |  7.484E-04 2.441E-02
    1523 1.1922E+00 7.4841E-04  ( 0.334    , -1.953E-03,   0.00    ) |  7.484E-04 2.441E-02
    1524 1.1929E+00 7.4839E-04  ( 0.334    , -1.953E-03,   0.00    ) |  7.484E-04 2.441E-02
    1525 1.1937E+00 7.4837E-04  ( 0.334    , -1.953E-03,   0.00    ) |  7.484E-04 2.441E-02
    1526 1.1944E+00 7.4835E-04  ( 0.334    , -1.953E-03,   0.00    ) |  7.483E-04 2.441E-02
    1527 1.1952E+00 7.4833E-04  ( 0.334    , -1.953E-03,   0.00    ) |  7.483E-04 2.441E-02
    1528 1.1959E+00 7.4830E-04  ( 0.334    , -1.953E-03,   0.00    ) |  7.483E-04 2.441E-02
    1529 1.1967E+00 7.4828E-04  ( 0.334    , -1.953E-03,   0.00    ) |  7.483E-04 2.441E-02
    1530 1.1974E+00 7.4826E-04  ( 0.334    , -1.953E-03,   0.00    ) |  7.483E-04 2.441E-02
    1531 1.1982E+00 7.4823E-04  ( 0.334    , -1.953E-03,   0.00    ) |  7.482E-04 2.441E-02
    1532 1.1989E+00 7.4821E-04  ( 0.334    , -1.953E-03,   0.00    ) |  7.482E-04 2.441E-02
    1533 1.1997E+00 7.4819E-04  ( 0.334    , -1.953E-03,   0.00    ) |  7.482E-04 2.441E-02
 *** Wrote plotfile to flash_run_hdf5_plt_cnt_0048 ****
    1534 1.2004E+00 7.4816E-04  ( 0.334    , -1.953E-03,   0.00    ) |  7.482E-04 2.441E-02
    1535 1.2012E+00 7.4814E-04  (-0.334    , -1.953E-03,   0.00    ) |  7.481E-04 2.441E-02
    1536 1.2019E+00 7.4811E-04  (-0.334    , -1.953E-03,   0.00    ) |  7.481E-04 2.441E-02
    1537 1.2027E+00 7.4809E-04  (-0.334    , -1.953E-03,   0.00    ) |  7.481E-04 2.441E-02
    1538 1.2034E+00 7.4806E-04  (-0.334    , -1.953E-03,   0.00    ) |  7.481E-04 2.441E-02
    1539 1.2042E+00 7.4804E-04  (-0.334    , -1.953E-03,   0.00    ) |  7.480E-04 2.441E-02
    1540 1.2049E+00 7.4801E-04  (-0.334    , -1.953E-03,   0.00    ) |  7.480E-04 2.441E-02
    1541 1.2057E+00 7.4798E-04  (-0.334    , -1.953E-03,   0.00    ) |  7.480E-04 2.441E-02
    1542 1.2064E+00 7.4795E-04  (-0.334    , -1.953E-03,   0.00    ) |  7.480E-04 2.441E-02
    1543 1.2071E+00 7.4792E-04  (-0.334    , -1.953E-03,   0.00    ) |  7.479E-04 2.441E-02
    1544 1.2079E+00 7.4789E-04  (-0.334    , -1.953E-03,   0.00    ) |  7.479E-04 2.441E-02
    1545 1.2086E+00 7.4786E-04  (-0.334    , -1.953E-03,   0.00    ) |  7.479E-04 2.441E-02
    1546 1.2094E+00 7.4783E-04  (-0.334    , -1.953E-03,   0.00    ) |  7.478E-04 2.441E-02
    1547 1.2101E+00 7.4781E-04  (-0.334    , -1.953E-03,   0.00    ) |  7.478E-04 2.441E-02
    1548 1.2109E+00 7.4778E-04  ( 0.334    , -1.953E-03,   0.00    ) |  7.478E-04 2.441E-02
    1549 1.2116E+00 7.4775E-04  ( 0.334    , -1.953E-03,   0.00    ) |  7.477E-04 2.441E-02
    1550 1.2124E+00 7.4772E-04  ( 0.334    , -1.953E-03,   0.00    ) |  7.477E-04 2.441E-02
    1551 1.2131E+00 7.4769E-04  ( 0.334    , -1.953E-03,   0.00    ) |  7.477E-04 2.441E-02
    1552 1.2139E+00 7.4767E-04  ( 0.334    , -1.953E-03,   0.00    ) |  7.477E-04 2.441E-02
    1553 1.2146E+00 7.4764E-04  ( 0.334    , -1.953E-03,   0.00    ) |  7.476E-04 2.441E-02
    1554 1.2154E+00 7.4761E-04  ( 0.334    , -1.953E-03,   0.00    ) |  7.476E-04 2.441E-02
    1555 1.2161E+00 7.4758E-04  ( 0.334    , -1.953E-03,   0.00    ) |  7.476E-04 2.441E-02
    1556 1.2169E+00 7.4755E-04  (-0.334    , -1.953E-03,   0.00    ) |  7.476E-04 2.441E-02
    1557 1.2176E+00 7.4752E-04  (-0.334    , -1.953E-03,   0.00    ) |  7.475E-04 2.441E-02
    1558 1.2184E+00 7.4749E-04  ( 0.334    ,  1.953E-03,   0.00    ) |  7.475E-04 2.441E-02
    1559 1.2191E+00 7.4746E-04  ( 0.334    , -1.953E-03,   0.00    ) |  7.475E-04 2.441E-02
    1560 1.2199E+00 7.4743E-04  (-0.334    , -1.953E-03,   0.00    ) |  7.474E-04 2.441E-02
    1561 1.2206E+00 7.4740E-04  ( 0.334    , -1.953E-03,   0.00    ) |  7.474E-04 2.441E-02
    1562 1.2214E+00 7.4737E-04  ( 0.334    , -1.953E-03,   0.00    ) |  7.474E-04 2.441E-02
    1563 1.2221E+00 7.4734E-04  (-0.334    , -1.953E-03,   0.00    ) |  7.473E-04 2.441E-02
    1564 1.2228E+00 7.4731E-04  ( 0.334    , -1.953E-03,   0.00    ) |  7.473E-04 2.441E-02
    1565 1.2236E+00 7.4728E-04  ( 0.334    , -1.953E-03,   0.00    ) |  7.473E-04 2.441E-02
    1566 1.2243E+00 7.4725E-04  ( 0.334    , -1.953E-03,   0.00    ) |  7.473E-04 2.441E-02
 *** Wrote plotfile to flash_run_hdf5_plt_cnt_0049 ****
    1567 1.2251E+00 7.4722E-04  ( 0.334    , -1.953E-03,   0.00    ) |  7.472E-04 2.441E-02
    1568 1.2258E+00 7.4720E-04  ( 0.334    , -1.953E-03,   0.00    ) |  7.472E-04 2.441E-02
    1569 1.2266E+00 7.4717E-04  ( 0.334    , -1.953E-03,   0.00    ) |  7.472E-04 2.441E-02
    1570 1.2273E+00 7.4714E-04  ( 0.334    , -1.953E-03,   0.00    ) |  7.471E-04 2.441E-02
    1571 1.2281E+00 7.4711E-04  ( 0.334    , -1.953E-03,   0.00    ) |  7.471E-04 2.441E-02
    1572 1.2288E+00 7.4709E-04  ( 0.334    , -1.953E-03,   0.00    ) |  7.471E-04 2.441E-02
    1573 1.2296E+00 7.4706E-04  ( 0.334    , -1.953E-03,   0.00    ) |  7.471E-04 2.441E-02
    1574 1.2303E+00 7.4704E-04  ( 0.334    , -1.953E-03,   0.00    ) |  7.470E-04 2.441E-02
    1575 1.2311E+00 7.4701E-04  ( 0.334    , -1.953E-03,   0.00    ) |  7.470E-04 2.441E-02
    1576 1.2318E+00 7.4699E-04  (-0.334    , -1.953E-03,   0.00    ) |  7.470E-04 2.441E-02
    1577 1.2326E+00 7.4697E-04  (-0.334    , -1.953E-03,   0.00    ) |  7.470E-04 2.441E-02
    1578 1.2333E+00 7.4695E-04  (-0.334    , -1.953E-03,   0.00    ) |  7.469E-04 2.441E-02
    1579 1.2341E+00 7.4692E-04  ( 0.334    , -1.953E-03,   0.00    ) |  7.469E-04 2.441E-02
    1580 1.2348E+00 7.4690E-04  (-0.334    , -1.953E-03,   0.00    ) |  7.469E-04 2.441E-02
    1581 1.2355E+00 7.4688E-04  ( 0.334    , -1.953E-03,   0.00    ) |  7.469E-04 2.441E-02
    1582 1.2363E+00 7.4686E-04  (-0.334    , -1.953E-03,   0.00    ) |  7.469E-04 2.441E-02
    1583 1.2370E+00 7.4684E-04  ( 0.334    , -1.953E-03,   0.00    ) |  7.468E-04 2.441E-02
    1584 1.2378E+00 7.4681E-04  (-0.334    , -1.953E-03,   0.00    ) |  7.468E-04 2.441E-02
    1585 1.2385E+00 7.4679E-04  ( 0.334    , -1.953E-03,   0.00    ) |  7.468E-04 2.441E-02
    1586 1.2393E+00 7.4677E-04  ( 0.334    , -1.953E-03,   0.00    ) |  7.468E-04 2.441E-02
    1587 1.2400E+00 7.4675E-04  ( 0.334    , -1.953E-03,   0.00    ) |  7.467E-04 2.441E-02
    1588 1.2408E+00 7.4672E-04  ( 0.334    , -1.953E-03,   0.00    ) |  7.467E-04 2.441E-02
    1589 1.2415E+00 7.4670E-04  ( 0.334    , -1.953E-03,   0.00    ) |  7.467E-04 2.441E-02
    1590 1.2423E+00 7.4668E-04  ( 0.334    , -1.953E-03,   0.00    ) |  7.467E-04 2.441E-02
    1591 1.2430E+00 7.4666E-04  ( 0.334    , -1.953E-03,   0.00    ) |  7.467E-04 2.441E-02
    1592 1.2438E+00 7.4664E-04  ( 0.334    , -1.953E-03,   0.00    ) |  7.466E-04 2.441E-02
    1593 1.2445E+00 7.4662E-04  ( 0.334    , -1.953E-03,   0.00    ) |  7.466E-04 2.441E-02
    1594 1.2453E+00 7.4660E-04  ( 0.334    , -1.953E-03,   0.00    ) |  7.466E-04 2.441E-02
    1595 1.2460E+00 7.4658E-04  ( 0.334    , -1.953E-03,   0.00    ) |  7.466E-04 2.441E-02
    1596 1.2467E+00 7.4656E-04  ( 0.334    , -1.953E-03,   0.00    ) |  7.466E-04 2.441E-02
    1597 1.2475E+00 7.4654E-04  ( 0.334    , -1.953E-03,   0.00    ) |  7.465E-04 2.441E-02
    1598 1.2482E+00 7.4651E-04  ( 0.334    , -1.953E-03,   0.00    ) |  7.465E-04 2.441E-02
    1599 1.2490E+00 7.4649E-04  ( 0.334    , -1.953E-03,   0.00    ) |  7.465E-04 2.441E-02
    1600 1.2497E+00 7.4647E-04  ( 0.334    , -1.953E-03,   0.00    ) |  7.465E-04 2.441E-02
 *** Wrote plotfile to flash_run_hdf5_plt_cnt_0050 ****
    1601 1.2505E+00 7.4645E-04  ( 0.334    , -1.953E-03,   0.00    ) |  7.464E-04 2.441E-02
    1602 1.2512E+00 7.4642E-04  ( 0.334    , -1.953E-03,   0.00    ) |  7.464E-04 2.441E-02
    1603 1.2520E+00 7.4640E-04  ( 0.334    , -1.953E-03,   0.00    ) |  7.464E-04 2.441E-02
    1604 1.2527E+00 7.4638E-04  ( 0.334    , -1.953E-03,   0.00    ) |  7.464E-04 2.441E-02
    1605 1.2535E+00 7.4636E-04  ( 0.334    , -1.953E-03,   0.00    ) |  7.464E-04 2.441E-02
    1606 1.2542E+00 7.4634E-04  (-0.334    , -1.953E-03,   0.00    ) |  7.463E-04 2.441E-02
    1607 1.2550E+00 7.4631E-04  (-0.334    , -1.953E-03,   0.00    ) |  7.463E-04 2.441E-02
    1608 1.2557E+00 7.4629E-04  (-0.334    , -1.953E-03,   0.00    ) |  7.463E-04 2.441E-02
    1609 1.2565E+00 7.4627E-04  (-0.334    , -1.953E-03,   0.00    ) |  7.463E-04 2.441E-02
    1610 1.2572E+00 7.4625E-04  (-0.334    , -1.953E-03,   0.00    ) |  7.462E-04 2.441E-02
    1611 1.2579E+00 7.4622E-04  (-0.334    , -1.953E-03,   0.00    ) |  7.462E-04 2.441E-02
    1612 1.2587E+00 7.4620E-04  (-0.334    , -1.953E-03,   0.00    ) |  7.462E-04 2.441E-02
    1613 1.2594E+00 7.4618E-04  (-0.334    , -1.953E-03,   0.00    ) |  7.462E-04 2.441E-02
    1614 1.2602E+00 7.4615E-04  (-0.334    , -1.953E-03,   0.00    ) |  7.462E-04 2.441E-02
    1615 1.2609E+00 7.4613E-04  (-0.334    , -1.953E-03,   0.00    ) |  7.461E-04 2.441E-02
    1616 1.2617E+00 7.4610E-04  (-0.334    , -1.953E-03,   0.00    ) |  7.461E-04 2.441E-02
    1617 1.2624E+00 7.4608E-04  (-0.334    , -1.953E-03,   0.00    ) |  7.461E-04 2.441E-02
    1618 1.2632E+00 7.4605E-04  (-0.334    , -1.953E-03,   0.00    ) |  7.461E-04 2.441E-02
    1619 1.2639E+00 7.4602E-04  (-0.334    , -1.953E-03,   0.00    ) |  7.460E-04 2.441E-02
    1620 1.2647E+00 7.4600E-04  (-0.334    , -1.953E-03,   0.00    ) |  7.460E-04 2.441E-02
    1621 1.2654E+00 7.4597E-04  (-0.334    , -1.953E-03,   0.00    ) |  7.460E-04 2.441E-02
    1622 1.2662E+00 7.4594E-04  (-0.334    , -1.953E-03,   0.00    ) |  7.459E-04 2.441E-02
    1623 1.2669E+00 7.4591E-04  (-0.334    , -1.953E-03,   0.00    ) |  7.459E-04 2.441E-02
    1624 1.2676E+00 7.4588E-04  (-0.334    , -1.953E-03,   0.00    ) |  7.459E-04 2.441E-02
    1625 1.2684E+00 7.4585E-04  (-0.334    , -1.953E-03,   0.00    ) |  7.459E-04 2.441E-02
    1626 1.2691E+00 7.4582E-04  (-0.334    , -1.953E-03,   0.00    ) |  7.458E-04 2.441E-02
    1627 1.2699E+00 7.4579E-04  (-0.334    , -1.953E-03,   0.00    ) |  7.458E-04 2.441E-02
    1628 1.2706E+00 7.4576E-04  (-0.334    , -1.953E-03,   0.00    ) |  7.458E-04 2.441E-02
    1629 1.2714E+00 7.4573E-04  (-0.334    , -1.953E-03,   0.00    ) |  7.457E-04 2.441E-02
    1630 1.2721E+00 7.4570E-04  (-0.334    , -1.953E-03,   0.00    ) |  7.457E-04 2.441E-02
    1631 1.2729E+00 7.4567E-04  (-0.334    , -1.953E-03,   0.00    ) |  7.457E-04 2.441E-02
    1632 1.2736E+00 7.4563E-04  (-0.330    , -1.953E-03,   0.00    ) |  7.456E-04 2.441E-02
    1633 1.2744E+00 7.4560E-04  (-0.330    , -1.953E-03,   0.00    ) |  7.456E-04 2.441E-02
 *** Wrote plotfile to flash_run_hdf5_plt_cnt_0051 ****
    1634 1.2751E+00 7.4557E-04  (-0.330    , -1.953E-03,   0.00    ) |  7.456E-04 2.441E-02
    1635 1.2758E+00 7.4554E-04  (-0.330    , -1.953E-03,   0.00    ) |  7.455E-04 2.441E-02
    1636 1.2766E+00 7.4551E-04  (-0.330    , -1.953E-03,   0.00    ) |  7.455E-04 2.441E-02
    1637 1.2773E+00 7.4547E-04  (-0.330    , -1.953E-03,   0.00    ) |  7.455E-04 2.441E-02
    1638 1.2781E+00 7.4544E-04  (-0.330    , -1.953E-03,   0.00    ) |  7.454E-04 2.441E-02
    1639 1.2788E+00 7.4541E-04  (-0.330    , -1.953E-03,   0.00    ) |  7.454E-04 2.441E-02
    1640 1.2796E+00 7.4538E-04  (-0.330    , -1.953E-03,   0.00    ) |  7.454E-04 2.441E-02
    1641 1.2803E+00 7.4535E-04  (-0.330    , -1.953E-03,   0.00    ) |  7.453E-04 2.441E-02
    1642 1.2811E+00 7.4532E-04  (-0.330    , -1.953E-03,   0.00    ) |  7.453E-04 2.441E-02
    1643 1.2818E+00 7.4529E-04  (-0.330    , -1.953E-03,   0.00    ) |  7.453E-04 2.441E-02
    1644 1.2826E+00 7.4526E-04  (-0.330    , -1.953E-03,   0.00    ) |  7.453E-04 2.441E-02
    1645 1.2833E+00 7.4523E-04  (-0.330    , -1.953E-03,   0.00    ) |  7.452E-04 2.441E-02
    1646 1.2840E+00 7.4520E-04  (-0.330    , -1.953E-03,   0.00    ) |  7.452E-04 2.441E-02
    1647 1.2848E+00 7.4517E-04  (-0.330    , -1.953E-03,   0.00    ) |  7.452E-04 2.441E-02
    1648 1.2855E+00 7.4514E-04  (-0.330    , -1.953E-03,   0.00    ) |  7.451E-04 2.441E-02
    1649 1.2863E+00 7.4511E-04  (-0.330    , -1.953E-03,   0.00    ) |  7.451E-04 2.441E-02
    1650 1.2870E+00 7.4508E-04  (-0.330    , -1.953E-03,   0.00    ) |  7.451E-04 2.441E-02
    1651 1.2878E+00 7.4505E-04  (-0.330    , -1.953E-03,   0.00    ) |  7.450E-04 2.441E-02
    1652 1.2885E+00 7.4502E-04  (-0.330    , -1.953E-03,   0.00    ) |  7.450E-04 2.441E-02
    1653 1.2893E+00 7.4499E-04  (-0.330    , -1.953E-03,   0.00    ) |  7.450E-04 2.441E-02
    1654 1.2900E+00 7.4496E-04  (-0.330    , -1.953E-03,   0.00    ) |  7.450E-04 2.441E-02
    1655 1.2908E+00 7.4493E-04  (-0.330    , -1.953E-03,   0.00    ) |  7.449E-04 2.441E-02
    1656 1.2915E+00 7.4490E-04  (-0.330    , -1.953E-03,   0.00    ) |  7.449E-04 2.441E-02
    1657 1.2922E+00 7.4488E-04  (-0.330    , -1.953E-03,   0.00    ) |  7.449E-04 2.441E-02
    1658 1.2930E+00 7.4485E-04  (-0.330    , -1.953E-03,   0.00    ) |  7.448E-04 2.441E-02
    1659 1.2937E+00 7.4482E-04  (-0.330    , -1.953E-03,   0.00    ) |  7.448E-04 2.441E-02
    1660 1.2945E+00 7.4479E-04  ( 0.330    , -1.953E-03,   0.00    ) |  7.448E-04 2.441E-02
    1661 1.2952E+00 7.4476E-04  ( 0.330    , -1.953E-03,   0.00    ) |  7.448E-04 2.441E-02
    1662 1.2960E+00 7.4473E-04  ( 0.330    , -1.953E-03,   0.00    ) |  7.447E-04 2.441E-02
    1663 1.2967E+00 7.4471E-04  ( 0.330    , -1.953E-03,   0.00    ) |  7.447E-04 2.441E-02
    1664 1.2975E+00 7.4468E-04  ( 0.330    , -1.953E-03,   0.00    ) |  7.447E-04 2.441E-02
    1665 1.2982E+00 7.4465E-04  ( 0.330    , -1.953E-03,   0.00    ) |  7.447E-04 2.441E-02
    1666 1.2989E+00 7.4463E-04  ( 0.330    , -1.953E-03,   0.00    ) |  7.446E-04 2.441E-02
    1667 1.2997E+00 7.4460E-04  (-0.330    ,  1.953E-03,   0.00    ) |  7.446E-04 2.441E-02
 *** Wrote plotfile to flash_run_hdf5_plt_cnt_0052 ****
    1668 1.3004E+00 7.4457E-04  (-0.330    ,  1.953E-03,   0.00    ) |  7.446E-04 2.441E-02
    1669 1.3012E+00 7.4455E-04  (-0.330    ,  1.953E-03,   0.00    ) |  7.445E-04 2.441E-02
    1670 1.3019E+00 7.4452E-04  (-0.330    ,  1.953E-03,   0.00    ) |  7.445E-04 2.441E-02
    1671 1.3027E+00 7.4450E-04  (-0.330    ,  1.953E-03,   0.00    ) |  7.445E-04 2.441E-02
    1672 1.3034E+00 7.4447E-04  (-0.330    ,  1.953E-03,   0.00    ) |  7.445E-04 2.441E-02
    1673 1.3042E+00 7.4444E-04  (-0.330    ,  1.953E-03,   0.00    ) |  7.444E-04 2.441E-02
    1674 1.3049E+00 7.4442E-04  (-0.330    , -1.953E-03,   0.00    ) |  7.444E-04 2.441E-02
    1675 1.3056E+00 7.4439E-04  (-0.330    , -1.953E-03,   0.00    ) |  7.444E-04 2.441E-02
    1676 1.3064E+00 7.4437E-04  (-0.330    , -1.953E-03,   0.00    ) |  7.444E-04 2.441E-02
    1677 1.3071E+00 7.4434E-04  (-0.330    , -1.953E-03,   0.00    ) |  7.443E-04 2.441E-02
    1678 1.3079E+00 7.4432E-04  (-0.330    , -1.953E-03,   0.00    ) |  7.443E-04 2.441E-02
    1679 1.3086E+00 7.4430E-04  ( 0.330    , -1.953E-03,   0.00    ) |  7.443E-04 2.441E-02
    1680 1.3094E+00 7.4427E-04  ( 0.330    ,  1.953E-03,   0.00    ) |  7.443E-04 2.441E-02
    1681 1.3101E+00 7.4425E-04  ( 0.330    ,  1.953E-03,   0.00    ) |  7.443E-04 2.441E-02
    1682 1.3109E+00 7.4423E-04  ( 0.330    ,  1.953E-03,   0.00    ) |  7.442E-04 2.441E-02
    1683 1.3116E+00 7.4421E-04  ( 0.330    ,  1.953E-03,   0.00    ) |  7.442E-04 2.441E-02
    1684 1.3123E+00 7.4418E-04  ( 0.330    ,  1.953E-03,   0.00    ) |  7.442E-04 2.441E-02
    1685 1.3131E+00 7.4416E-04  ( 0.330    ,  1.953E-03,   0.00    ) |  7.442E-04 2.441E-02
    1686 1.3138E+00 7.4414E-04  ( 0.330    ,  1.953E-03,   0.00    ) |  7.441E-04 2.441E-02
    1687 1.3146E+00 7.4412E-04  ( 0.330    ,  1.953E-03,   0.00    ) |  7.441E-04 2.441E-02
    1688 1.3153E+00 7.4410E-04  (-0.330    ,  1.953E-03,   0.00    ) |  7.441E-04 2.441E-02
    1689 1.3161E+00 7.4408E-04  (-0.330    ,  1.953E-03,   0.00    ) |  7.441E-04 2.441E-02
    1690 1.3168E+00 7.4406E-04  (-0.330    ,  1.953E-03,   0.00    ) |  7.441E-04 2.441E-02
    1691 1.3176E+00 7.4404E-04  (-0.330    ,  1.953E-03,   0.00    ) |  7.440E-04 2.441E-02
    1692 1.3183E+00 7.4402E-04  (-0.330    ,  1.953E-03,   0.00    ) |  7.440E-04 2.441E-02
    1693 1.3190E+00 7.4400E-04  (-0.330    , -1.953E-03,   0.00    ) |  7.440E-04 2.441E-02
    1694 1.3198E+00 7.4398E-04  (-0.330    , -1.953E-03,   0.00    ) |  7.440E-04 2.441E-02
    1695 1.3205E+00 7.4396E-04  (-0.330    , -1.953E-03,   0.00    ) |  7.440E-04 2.441E-02
    1696 1.3213E+00 7.4395E-04  (-0.330    , -1.953E-03,   0.00    ) |  7.439E-04 2.441E-02
    1697 1.3220E+00 7.4393E-04  (-0.330    , -1.953E-03,   0.00    ) |  7.439E-04 2.441E-02
    1698 1.3228E+00 7.4391E-04  (-0.330    , -1.953E-03,   0.00    ) |  7.439E-04 2.441E-02
    1699 1.3235E+00 7.4389E-04  (-0.330    , -1.953E-03,   0.00    ) |  7.439E-04 2.441E-02
    1700 1.3242E+00 7.4388E-04  (-0.330    , -1.953E-03,   0.00    ) |  7.439E-04 2.441E-02
    1701 1.3250E+00 7.4386E-04  (-0.330    , -1.953E-03,   0.00    ) |  7.439E-04 2.441E-02
 *** Wrote plotfile to flash_run_hdf5_plt_cnt_0053 ****
    1702 1.3257E+00 7.4384E-04  (-0.330    , -1.953E-03,   0.00    ) |  7.438E-04 2.441E-02
    1703 1.3265E+00 7.4383E-04  (-0.330    , -1.953E-03,   0.00    ) |  7.438E-04 2.441E-02
    1704 1.3272E+00 7.4381E-04  (-0.330    , -1.953E-03,   0.00    ) |  7.438E-04 2.441E-02
    1705 1.3280E+00 7.4379E-04  (-0.330    , -1.953E-03,   0.00    ) |  7.438E-04 2.441E-02
    1706 1.3287E+00 7.4378E-04  (-0.330    , -1.953E-03,   0.00    ) |  7.438E-04 2.441E-02
    1707 1.3295E+00 7.4376E-04  (-0.330    , -1.953E-03,   0.00    ) |  7.438E-04 2.441E-02
    1708 1.3302E+00 7.4374E-04  (-0.330    , -1.953E-03,   0.00    ) |  7.437E-04 2.441E-02
    1709 1.3309E+00 7.4372E-04  (-0.330    , -1.953E-03,   0.00    ) |  7.437E-04 2.441E-02
    1710 1.3317E+00 7.4370E-04  (-0.330    , -1.953E-03,   0.00    ) |  7.437E-04 2.441E-02
    1711 1.3324E+00 7.4369E-04  (-0.330    , -1.953E-03,   0.00    ) |  7.437E-04 2.441E-02
    1712 1.3332E+00 7.4367E-04  ( 0.330    ,  1.953E-03,   0.00    ) |  7.437E-04 2.441E-02
    1713 1.3339E+00 7.4365E-04  ( 0.330    ,  1.953E-03,   0.00    ) |  7.436E-04 2.441E-02
    1714 1.3347E+00 7.4363E-04  ( 0.330    ,  1.953E-03,   0.00    ) |  7.436E-04 2.441E-02
    1715 1.3354E+00 7.4361E-04  ( 0.330    ,  1.953E-03,   0.00    ) |  7.436E-04 2.441E-02
    1716 1.3361E+00 7.4359E-04  ( 0.330    ,  1.953E-03,   0.00    ) |  7.436E-04 2.441E-02
    1717 1.3369E+00 7.4357E-04  ( 0.330    , -1.953E-03,   0.00    ) |  7.436E-04 2.441E-02
    1718 1.3376E+00 7.4355E-04  ( 0.330    ,  1.953E-03,   0.00    ) |  7.436E-04 2.441E-02
    1719 1.3384E+00 7.4353E-04  ( 0.330    ,  1.953E-03,   0.00    ) |  7.435E-04 2.441E-02
    1720 1.3391E+00 7.4351E-04  ( 0.330    ,  1.953E-03,   0.00    ) |  7.435E-04 2.441E-02
    1721 1.3399E+00 7.4349E-04  ( 0.330    ,  1.953E-03,   0.00    ) |  7.435E-04 2.441E-02
    1722 1.3406E+00 7.4347E-04  ( 0.330    ,  1.953E-03,   0.00    ) |  7.435E-04 2.441E-02
    1723 1.3414E+00 7.4344E-04  (-0.330    ,  1.953E-03,   0.00    ) |  7.434E-04 2.441E-02
    1724 1.3421E+00 7.4342E-04  (-0.330    ,  1.953E-03,   0.00    ) |  7.434E-04 2.441E-02
    1725 1.3428E+00 7.4340E-04  (-0.330    ,  1.953E-03,   0.00    ) |  7.434E-04 2.441E-02
    1726 1.3436E+00 7.4337E-04  (-0.330    ,  1.953E-03,   0.00    ) |  7.434E-04 2.441E-02
    1727 1.3443E+00 7.4335E-04  (-0.330    ,  1.953E-03,   0.00    ) |  7.433E-04 2.441E-02
    1728 1.3451E+00 7.4332E-04  (-0.330    ,  1.953E-03,   0.00    ) |  7.433E-04 2.441E-02
    1729 1.3458E+00 7.4330E-04  (-0.330    , -1.953E-03,   0.00    ) |  7.433E-04 2.441E-02
    1730 1.3466E+00 7.4327E-04  (-0.330    ,  1.953E-03,   0.00    ) |  7.433E-04 2.441E-02
    1731 1.3473E+00 7.4324E-04  (-0.330    ,  1.953E-03,   0.00    ) |  7.432E-04 2.441E-02
    1732 1.3480E+00 7.4322E-04  (-0.330    , -1.953E-03,   0.00    ) |  7.432E-04 2.441E-02
    1733 1.3488E+00 7.4319E-04  (-0.330    ,  1.953E-03,   0.00    ) |  7.432E-04 2.441E-02
    1734 1.3495E+00 7.4316E-04  (-0.330    , -1.953E-03,   0.00    ) |  7.432E-04 2.441E-02
 *** Wrote plotfile to flash_run_hdf5_plt_cnt_0054 ****
    1735 1.3503E+00 7.4314E-04  (-0.330    ,  1.953E-03,   0.00    ) |  7.431E-04 2.441E-02
    1736 1.3510E+00 7.4311E-04  (-0.330    ,  1.953E-03,   0.00    ) |  7.431E-04 2.441E-02
    1737 1.3518E+00 7.4308E-04  (-0.330    ,  1.953E-03,   0.00    ) |  7.431E-04 2.441E-02
    1738 1.3525E+00 7.4306E-04  (-0.330    ,  1.953E-03,   0.00    ) |  7.431E-04 2.441E-02
    1739 1.3532E+00 7.4303E-04  (-0.330    ,  1.953E-03,   0.00    ) |  7.430E-04 2.441E-02
    1740 1.3540E+00 7.4300E-04  (-0.330    ,  1.953E-03,   0.00    ) |  7.430E-04 2.441E-02
    1741 1.3547E+00 7.4297E-04  (-0.330    ,  1.953E-03,   0.00    ) |  7.430E-04 2.441E-02
    1742 1.3555E+00 7.4294E-04  (-0.330    ,  1.953E-03,   0.00    ) |  7.429E-04 2.441E-02
    1743 1.3562E+00 7.4292E-04  (-0.330    ,  1.953E-03,   0.00    ) |  7.429E-04 2.441E-02
    1744 1.3570E+00 7.4289E-04  (-0.330    ,  1.953E-03,   0.00    ) |  7.429E-04 2.441E-02
    1745 1.3577E+00 7.4286E-04  (-0.330    ,  1.953E-03,   0.00    ) |  7.429E-04 2.441E-02
    1746 1.3584E+00 7.4283E-04  (-0.330    ,  1.953E-03,   0.00    ) |  7.428E-04 2.441E-02
    1747 1.3592E+00 7.4280E-04  (-0.330    ,  1.953E-03,   0.00    ) |  7.428E-04 2.441E-02
    1748 1.3599E+00 7.4277E-04  (-0.330    ,  1.953E-03,   0.00    ) |  7.428E-04 2.441E-02
    1749 1.3607E+00 7.4274E-04  (-0.330    ,  1.953E-03,   0.00    ) |  7.427E-04 2.441E-02
    1750 1.3614E+00 7.4271E-04  (-0.330    ,  1.953E-03,   0.00    ) |  7.427E-04 2.441E-02
    1751 1.3622E+00 7.4268E-04  (-0.330    , -1.953E-03,   0.00    ) |  7.427E-04 2.441E-02
    1752 1.3629E+00 7.4265E-04  (-0.330    ,  1.953E-03,   0.00    ) |  7.427E-04 2.441E-02
    1753 1.3636E+00 7.4263E-04  (-0.330    ,  1.953E-03,   0.00    ) |  7.426E-04 2.441E-02
    1754 1.3644E+00 7.4260E-04  (-0.330    , -1.953E-03,   0.00    ) |  7.426E-04 2.441E-02
    1755 1.3651E+00 7.4257E-04  (-0.330    ,  1.953E-03,   0.00    ) |  7.426E-04 2.441E-02
    1756 1.3659E+00 7.4255E-04  (-0.330    ,  1.953E-03,   0.00    ) |  7.425E-04 2.441E-02
    1757 1.3666E+00 7.4252E-04  (-0.330    ,  1.953E-03,   0.00    ) |  7.425E-04 2.441E-02
    1758 1.3674E+00 7.4249E-04  (-0.330    ,  1.953E-03,   0.00    ) |  7.425E-04 2.441E-02
    1759 1.3681E+00 7.4247E-04  (-0.330    ,  1.953E-03,   0.00    ) |  7.425E-04 2.441E-02
    1760 1.3688E+00 7.4244E-04  (-0.330    ,  1.953E-03,   0.00    ) |  7.424E-04 2.441E-02
    1761 1.3696E+00 7.4242E-04  (-0.330    ,  1.953E-03,   0.00    ) |  7.424E-04 2.441E-02
    1762 1.3703E+00 7.4239E-04  (-0.326    ,  1.953E-03,   0.00    ) |  7.424E-04 2.441E-02
    1763 1.3711E+00 7.4236E-04  (-0.326    ,  1.953E-03,   0.00    ) |  7.424E-04 2.441E-02
    1764 1.3718E+00 7.4233E-04  ( 0.326    , -1.953E-03,   0.00    ) |  7.423E-04 2.441E-02
    1765 1.3726E+00 7.4231E-04  ( 0.326    , -1.953E-03,   0.00    ) |  7.423E-04 2.441E-02
    1766 1.3733E+00 7.4228E-04  ( 0.326    , -1.953E-03,   0.00    ) |  7.423E-04 2.441E-02
    1767 1.3740E+00 7.4225E-04  ( 0.326    , -1.953E-03,   0.00    ) |  7.422E-04 2.441E-02
    1768 1.3748E+00 7.4222E-04  ( 0.326    , -1.953E-03,   0.00    ) |  7.422E-04 2.441E-02
 *** Wrote plotfile to flash_run_hdf5_plt_cnt_0055 ****
    1769 1.3755E+00 7.4219E-04  ( 0.326    , -1.953E-03,   0.00    ) |  7.422E-04 2.441E-02
    1770 1.3763E+00 7.4216E-04  ( 0.326    , -1.953E-03,   0.00    ) |  7.422E-04 2.441E-02
    1771 1.3770E+00 7.4213E-04  (-0.326    ,  1.953E-03,   0.00    ) |  7.421E-04 2.441E-02
    1772 1.3777E+00 7.4210E-04  (-0.326    ,  1.953E-03,   0.00    ) |  7.421E-04 2.441E-02
    1773 1.3785E+00 7.4207E-04  (-0.326    ,  1.953E-03,   0.00    ) |  7.421E-04 2.441E-02
    1774 1.3792E+00 7.4204E-04  (-0.326    ,  1.953E-03,   0.00    ) |  7.420E-04 2.441E-02
    1775 1.3800E+00 7.4201E-04  (-0.326    ,  1.953E-03,   0.00    ) |  7.420E-04 2.441E-02
    1776 1.3807E+00 7.4198E-04  (-0.326    ,  1.953E-03,   0.00    ) |  7.420E-04 2.441E-02
    1777 1.3815E+00 7.4195E-04  (-0.326    ,  1.953E-03,   0.00    ) |  7.419E-04 2.441E-02
    1778 1.3822E+00 7.4192E-04  (-0.326    , -1.953E-03,   0.00    ) |  7.419E-04 2.441E-02
    1779 1.3829E+00 7.4188E-04  (-0.326    , -1.953E-03,   0.00    ) |  7.419E-04 2.441E-02
    1780 1.3837E+00 7.4185E-04  (-0.326    , -1.953E-03,   0.00    ) |  7.418E-04 2.441E-02
    1781 1.3844E+00 7.4181E-04  (-0.326    , -1.953E-03,   0.00    ) |  7.418E-04 2.441E-02
    1782 1.3852E+00 7.4178E-04  ( 0.326    , -1.953E-03,   0.00    ) |  7.418E-04 2.441E-02
    1783 1.3859E+00 7.4174E-04  ( 0.326    , -1.953E-03,   0.00    ) |  7.417E-04 2.441E-02
    1784 1.3867E+00 7.4171E-04  ( 0.326    , -1.953E-03,   0.00    ) |  7.417E-04 2.441E-02
    1785 1.3874E+00 7.4167E-04  ( 0.326    , -1.953E-03,   0.00    ) |  7.417E-04 2.441E-02
    1786 1.3881E+00 7.4164E-04  ( 0.326    , -1.953E-03,   0.00    ) |  7.416E-04 2.441E-02
    1787 1.3889E+00 7.4160E-04  ( 0.326    ,  1.953E-03,   0.00    ) |  7.416E-04 2.441E-02
    1788 1.3896E+00 7.4157E-04  ( 0.326    ,  1.953E-03,   0.00    ) |  7.416E-04 2.441E-02
    1789 1.3904E+00 7.4153E-04  ( 0.326    ,  1.953E-03,   0.00    ) |  7.415E-04 2.441E-02
    1790 1.3911E+00 7.4150E-04  ( 0.326    ,  1.953E-03,   0.00    ) |  7.415E-04 2.441E-02
    1791 1.3918E+00 7.4146E-04  (-0.326    ,  1.953E-03,   0.00    ) |  7.415E-04 2.441E-02
    1792 1.3926E+00 7.4143E-04  (-0.326    ,  1.953E-03,   0.00    ) |  7.414E-04 2.441E-02
    1793 1.3933E+00 7.4139E-04  (-0.326    ,  1.953E-03,   0.00    ) |  7.414E-04 2.441E-02
    1794 1.3941E+00 7.4135E-04  (-0.326    ,  1.953E-03,   0.00    ) |  7.414E-04 2.441E-02
    1795 1.3948E+00 7.4132E-04  (-0.326    ,  1.953E-03,   0.00    ) |  7.413E-04 2.441E-02
    1796 1.3956E+00 7.4128E-04  (-0.326    ,  1.953E-03,   0.00    ) |  7.413E-04 2.441E-02
    1797 1.3963E+00 7.4125E-04  (-0.326    ,  1.953E-03,   0.00    ) |  7.412E-04 2.441E-02
    1798 1.3970E+00 7.4121E-04  (-0.326    ,  1.953E-03,   0.00    ) |  7.412E-04 2.441E-02
    1799 1.3978E+00 7.4117E-04  (-0.326    ,  1.953E-03,   0.00    ) |  7.412E-04 2.441E-02
    1800 1.3985E+00 7.4114E-04  (-0.326    ,  1.953E-03,   0.00    ) |  7.411E-04 2.441E-02
    1801 1.3993E+00 7.4110E-04  (-0.326    ,  1.953E-03,   0.00    ) |  7.411E-04 2.441E-02
    1802 1.4000E+00 7.4107E-04  (-0.326    ,  1.953E-03,   0.00    ) |  7.411E-04 2.441E-02
 *** Wrote plotfile to flash_run_hdf5_plt_cnt_0056 ****
    1803 1.4007E+00 7.4103E-04  (-0.326    ,  1.953E-03,   0.00    ) |  7.410E-04 2.441E-02
    1804 1.4015E+00 7.4099E-04  (-0.326    ,  1.953E-03,   0.00    ) |  7.410E-04 2.441E-02
    1805 1.4022E+00 7.4096E-04  (-0.326    ,  1.953E-03,   0.00    ) |  7.410E-04 2.441E-02
    1806 1.4030E+00 7.4092E-04  (-0.326    ,  1.953E-03,   0.00    ) |  7.409E-04 2.441E-02
    1807 1.4037E+00 7.4089E-04  (-0.326    ,  1.953E-03,   0.00    ) |  7.409E-04 2.441E-02
    1808 1.4044E+00 7.4085E-04  ( 0.326    ,  1.953E-03,   0.00    ) |  7.409E-04 2.441E-02
    1809 1.4052E+00 7.4082E-04  ( 0.326    ,  1.953E-03,   0.00    ) |  7.408E-04 2.441E-02
    1810 1.4059E+00 7.4078E-04  ( 0.326    ,  1.953E-03,   0.00    ) |  7.408E-04 2.441E-02
    1811 1.4067E+00 7.4075E-04  ( 0.326    ,  1.953E-03,   0.00    ) |  7.407E-04 2.441E-02
    1812 1.4074E+00 7.4071E-04  ( 0.326    ,  1.953E-03,   0.00    ) |  7.407E-04 2.441E-02
    1813 1.4081E+00 7.4068E-04  ( 0.326    ,  1.953E-03,   0.00    ) |  7.407E-04 2.441E-02
    1814 1.4089E+00 7.4064E-04  (-0.326    ,  1.953E-03,   0.00    ) |  7.406E-04 2.441E-02
    1815 1.4096E+00 7.4061E-04  (-0.326    ,  1.953E-03,   0.00    ) |  7.406E-04 2.441E-02
    1816 1.4104E+00 7.4057E-04  (-0.326    , -1.953E-03,   0.00    ) |  7.406E-04 2.441E-02
    1817 1.4111E+00 7.4054E-04  (-0.326    , -1.953E-03,   0.00    ) |  7.405E-04 2.441E-02
    1818 1.4119E+00 7.4051E-04  (-0.326    , -1.953E-03,   0.00    ) |  7.405E-04 2.441E-02
    1819 1.4126E+00 7.4047E-04  (-0.326    , -1.953E-03,   0.00    ) |  7.405E-04 2.441E-02
    1820 1.4133E+00 7.4044E-04  (-0.326    , -1.953E-03,   0.00    ) |  7.404E-04 2.441E-02
    1821 1.4141E+00 7.4041E-04  (-0.326    , -1.953E-03,   0.00    ) |  7.404E-04 2.441E-02
    1822 1.4148E+00 7.4038E-04  (-0.326    , -1.953E-03,   0.00    ) |  7.404E-04 2.441E-02
    1823 1.4156E+00 7.4035E-04  (-0.326    , -1.953E-03,   0.00    ) |  7.403E-04 2.441E-02
    1824 1.4163E+00 7.4031E-04  (-0.326    , -1.953E-03,   0.00    ) |  7.403E-04 2.441E-02
    1825 1.4170E+00 7.4028E-04  (-0.326    , -1.953E-03,   0.00    ) |  7.403E-04 2.441E-02
    1826 1.4178E+00 7.4025E-04  (-0.326    , -1.953E-03,   0.00    ) |  7.403E-04 2.441E-02
    1827 1.4185E+00 7.4022E-04  (-0.326    , -1.953E-03,   0.00    ) |  7.402E-04 2.441E-02
    1828 1.4193E+00 7.4019E-04  (-0.326    , -1.953E-03,   0.00    ) |  7.402E-04 2.441E-02
    1829 1.4200E+00 7.4016E-04  (-0.326    , -1.953E-03,   0.00    ) |  7.402E-04 2.441E-02
    1830 1.4207E+00 7.4013E-04  (-0.326    , -1.953E-03,   0.00    ) |  7.401E-04 2.441E-02
    1831 1.4215E+00 7.4010E-04  (-0.326    , -1.953E-03,   0.00    ) |  7.401E-04 2.441E-02
    1832 1.4222E+00 7.4007E-04  (-0.326    , -1.953E-03,   0.00    ) |  7.401E-04 2.441E-02
    1833 1.4230E+00 7.4004E-04  (-0.326    , -1.953E-03,   0.00    ) |  7.400E-04 2.441E-02
    1834 1.4237E+00 7.4001E-04  (-0.326    , -1.953E-03,   0.00    ) |  7.400E-04 2.441E-02
    1835 1.4244E+00 7.3998E-04  (-0.326    , -1.953E-03,   0.00    ) |  7.400E-04 2.441E-02
 *** Wrote plotfile to flash_run_hdf5_plt_cnt_0057 ****
    1836 1.4252E+00 7.3995E-04  (-0.326    , -1.953E-03,   0.00    ) |  7.400E-04 2.441E-02
    1837 1.4259E+00 7.3992E-04  (-0.326    , -1.953E-03,   0.00    ) |  7.399E-04 2.441E-02
    1838 1.4267E+00 7.3990E-04  (-0.326    , -1.953E-03,   0.00    ) |  7.399E-04 2.441E-02
    1839 1.4274E+00 7.3987E-04  (-0.326    , -1.953E-03,   0.00    ) |  7.399E-04 2.441E-02
    1840 1.4281E+00 7.3984E-04  (-0.326    , -1.953E-03,   0.00    ) |  7.398E-04 2.441E-02
    1841 1.4289E+00 7.3981E-04  (-0.326    , -1.953E-03,   0.00    ) |  7.398E-04 2.441E-02
    1842 1.4296E+00 7.3979E-04  (-0.326    , -1.953E-03,   0.00    ) |  7.398E-04 2.441E-02
    1843 1.4304E+00 7.3976E-04  (-0.326    , -1.953E-03,   0.00    ) |  7.398E-04 2.441E-02
    1844 1.4311E+00 7.3973E-04  (-0.326    , -1.953E-03,   0.00    ) |  7.397E-04 2.441E-02
    1845 1.4318E+00 7.3971E-04  (-0.326    , -1.953E-03,   0.00    ) |  7.397E-04 2.441E-02
    1846 1.4326E+00 7.3968E-04  (-0.326    , -1.953E-03,   0.00    ) |  7.397E-04 2.441E-02
    1847 1.4333E+00 7.3966E-04  (-0.326    , -1.953E-03,   0.00    ) |  7.397E-04 2.441E-02
    1848 1.4341E+00 7.3963E-04  (-0.326    , -1.953E-03,   0.00    ) |  7.396E-04 2.441E-02
    1849 1.4348E+00 7.3960E-04  (-0.326    , -1.953E-03,   0.00    ) |  7.396E-04 2.441E-02
    1850 1.4355E+00 7.3958E-04  (-0.326    , -1.953E-03,   0.00    ) |  7.396E-04 2.441E-02
    1851 1.4363E+00 7.3955E-04  (-0.326    , -1.953E-03,   0.00    ) |  7.396E-04 2.441E-02
    1852 1.4370E+00 7.3953E-04  (-0.326    , -1.953E-03,   0.00    ) |  7.395E-04 2.441E-02
    1853 1.4378E+00 7.3950E-04  (-0.326    , -1.953E-03,   0.00    ) |  7.395E-04 2.441E-02
    1854 1.4385E+00 7.3947E-04  (-0.326    , -1.953E-03,   0.00    ) |  7.395E-04 2.441E-02
    1855 1.4392E+00 7.3945E-04  (-0.326    , -1.953E-03,   0.00    ) |  7.394E-04 2.441E-02
    1856 1.4400E+00 7.3942E-04  (-0.326    , -1.953E-03,   0.00    ) |  7.394E-04 2.441E-02
    1857 1.4407E+00 7.3940E-04  ( 0.326    , -1.953E-03,   0.00    ) |  7.394E-04 2.441E-02
    1858 1.4414E+00 7.3938E-04  (-0.326    , -1.953E-03,   0.00    ) |  7.394E-04 2.441E-02
    1859 1.4422E+00 7.3935E-04  (-0.326    , -1.953E-03,   0.00    ) |  7.394E-04 2.441E-02
    1860 1.4429E+00 7.3933E-04  (-0.326    , -1.953E-03,   0.00    ) |  7.393E-04 2.441E-02
    1861 1.4437E+00 7.3931E-04  (-0.326    , -1.953E-03,   0.00    ) |  7.393E-04 2.441E-02
    1862 1.4444E+00 7.3928E-04  (-0.326    , -1.953E-03,   0.00    ) |  7.393E-04 2.441E-02
    1863 1.4451E+00 7.3926E-04  (-0.326    , -1.953E-03,   0.00    ) |  7.393E-04 2.441E-02
    1864 1.4459E+00 7.3924E-04  (-0.326    , -1.953E-03,   0.00    ) |  7.392E-04 2.441E-02
    1865 1.4466E+00 7.3921E-04  (-0.326    , -1.953E-03,   0.00    ) |  7.392E-04 2.441E-02
    1866 1.4474E+00 7.3919E-04  (-0.326    , -1.953E-03,   0.00    ) |  7.392E-04 2.441E-02
    1867 1.4481E+00 7.3917E-04  ( 0.326    ,  1.953E-03,   0.00    ) |  7.392E-04 2.441E-02
    1868 1.4488E+00 7.3914E-04  ( 0.326    ,  1.953E-03,   0.00    ) |  7.391E-04 2.441E-02
    1869 1.4496E+00 7.3912E-04  ( 0.326    ,  1.953E-03,   0.00    ) |  7.391E-04 2.441E-02
 *** Wrote plotfile to flash_run_hdf5_plt_cnt_0058 ****
    1870 1.4503E+00 7.3910E-04  ( 0.326    ,  1.953E-03,   0.00    ) |  7.391E-04 2.441E-02
    1871 1.4511E+00 7.3907E-04  ( 0.326    ,  1.953E-03,   0.00    ) |  7.391E-04 2.441E-02
    1872 1.4518E+00 7.3905E-04  ( 0.326    ,  1.953E-03,   0.00    ) |  7.390E-04 2.441E-02
    1873 1.4525E+00 7.3902E-04  ( 0.326    ,  1.953E-03,   0.00    ) |  7.390E-04 2.441E-02
    1874 1.4533E+00 7.3900E-04  ( 0.326    ,  1.953E-03,   0.00    ) |  7.390E-04 2.441E-02
    1875 1.4540E+00 7.3898E-04  ( 0.326    , -1.953E-03,   0.00    ) |  7.390E-04 2.441E-02
    1876 1.4548E+00 7.3895E-04  (-0.326    ,  1.953E-03,   0.00    ) |  7.390E-04 2.441E-02
    1877 1.4555E+00 7.3893E-04  (-0.326    ,  1.953E-03,   0.00    ) |  7.389E-04 2.441E-02
    1878 1.4562E+00 7.3891E-04  (-0.326    ,  1.953E-03,   0.00    ) |  7.389E-04 2.441E-02
    1879 1.4570E+00 7.3888E-04  (-0.326    ,  1.953E-03,   0.00    ) |  7.389E-04 2.441E-02
    1880 1.4577E+00 7.3886E-04  (-0.326    ,  1.953E-03,   0.00    ) |  7.389E-04 2.441E-02
    1881 1.4584E+00 7.3884E-04  (-0.326    ,  1.953E-03,   0.00    ) |  7.388E-04 2.441E-02
    1882 1.4592E+00 7.3881E-04  (-0.326    , -1.953E-03,   0.00    ) |  7.388E-04 2.441E-02
    1883 1.4599E+00 7.3879E-04  (-0.326    ,  1.953E-03,   0.00    ) |  7.388E-04 2.441E-02
    1884 1.4607E+00 7.3877E-04  (-0.326    , -1.953E-03,   0.00    ) |  7.388E-04 2.441E-02
    1885 1.4614E+00 7.3874E-04  (-0.326    , -1.953E-03,   0.00    ) |  7.387E-04 2.441E-02
    1886 1.4621E+00 7.3872E-04  (-0.326    , -1.953E-03,   0.00    ) |  7.387E-04 2.441E-02
    1887 1.4629E+00 7.3869E-04  (-0.326    ,  1.953E-03,   0.00    ) |  7.387E-04 2.441E-02
    1888 1.4636E+00 7.3867E-04  (-0.326    ,  1.953E-03,   0.00    ) |  7.387E-04 2.441E-02
    1889 1.4644E+00 7.3864E-04  (-0.326    , -1.953E-03,   0.00    ) |  7.386E-04 2.441E-02
    1890 1.4651E+00 7.3862E-04  (-0.326    ,  1.953E-03,   0.00    ) |  7.386E-04 2.441E-02
    1891 1.4658E+00 7.3859E-04  (-0.326    ,  1.953E-03,   0.00    ) |  7.386E-04 2.441E-02
    1892 1.4666E+00 7.3857E-04  (-0.326    , -1.953E-03,   0.00    ) |  7.386E-04 2.441E-02
    1893 1.4673E+00 7.3854E-04  ( 0.326    , -1.953E-03,   0.00    ) |  7.385E-04 2.441E-02
    1894 1.4681E+00 7.3852E-04  ( 0.326    , -1.953E-03,   0.00    ) |  7.385E-04 2.441E-02
    1895 1.4688E+00 7.3849E-04  (-0.326    ,  1.953E-03,   0.00    ) |  7.385E-04 2.441E-02
    1896 1.4695E+00 7.3847E-04  (-0.326    ,  1.953E-03,   0.00    ) |  7.385E-04 2.441E-02
    1897 1.4703E+00 7.3844E-04  (-0.326    ,  1.953E-03,   0.00    ) |  7.384E-04 2.441E-02
    1898 1.4710E+00 7.3842E-04  (-0.326    ,  1.953E-03,   0.00    ) |  7.384E-04 2.441E-02
    1899 1.4717E+00 7.3839E-04  (-0.326    ,  1.953E-03,   0.00    ) |  7.384E-04 2.441E-02
    1900 1.4725E+00 7.3837E-04  (-0.326    ,  1.953E-03,   0.00    ) |  7.384E-04 2.441E-02
    1901 1.4732E+00 7.3834E-04  (-0.326    ,  1.953E-03,   0.00    ) |  7.383E-04 2.441E-02
    1902 1.4740E+00 7.3832E-04  (-0.326    ,  1.953E-03,   0.00    ) |  7.383E-04 2.441E-02
    1903 1.4747E+00 7.3830E-04  (-0.326    , -1.953E-03,   0.00    ) |  7.383E-04 2.441E-02
 *** Wrote plotfile to flash_run_hdf5_plt_cnt_0059 ****
    1904 1.4754E+00 7.3827E-04  (-0.326    ,  1.953E-03,   0.00    ) |  7.383E-04 2.441E-02
    1905 1.4762E+00 7.3825E-04  ( 0.326    ,  1.953E-03,   0.00    ) |  7.383E-04 2.441E-02
    1906 1.4769E+00 7.3823E-04  ( 0.326    ,  1.953E-03,   0.00    ) |  7.382E-04 2.441E-02
    1907 1.4776E+00 7.3821E-04  ( 0.326    ,  1.953E-03,   0.00    ) |  7.382E-04 2.441E-02
    1908 1.4784E+00 7.3818E-04  ( 0.326    , -1.953E-03,   0.00    ) |  7.382E-04 2.441E-02
    1909 1.4791E+00 7.3816E-04  ( 0.326    , -1.953E-03,   0.00    ) |  7.382E-04 2.441E-02
    1910 1.4799E+00 7.3814E-04  ( 0.322    ,  1.953E-03,   0.00    ) |  7.381E-04 2.441E-02
    1911 1.4806E+00 7.3812E-04  ( 0.322    ,  1.953E-03,   0.00    ) |  7.381E-04 2.441E-02
    1912 1.4813E+00 7.3809E-04  ( 0.322    ,  1.953E-03,   0.00    ) |  7.381E-04 2.441E-02
    1913 1.4821E+00 7.3807E-04  ( 0.322    , -1.953E-03,   0.00    ) |  7.381E-04 2.441E-02
    1914 1.4828E+00 7.3805E-04  ( 0.322    , -1.953E-03,   0.00    ) |  7.381E-04 2.441E-02
    1915 1.4836E+00 7.3803E-04  ( 0.322    , -1.953E-03,   0.00    ) |  7.380E-04 2.441E-02
    1916 1.4843E+00 7.3801E-04  (-0.322    ,  1.953E-03,   0.00    ) |  7.380E-04 2.441E-02
    1917 1.4850E+00 7.3799E-04  (-0.322    ,  1.953E-03,   0.00    ) |  7.380E-04 2.441E-02
    1918 1.4858E+00 7.3797E-04  (-0.322    ,  1.953E-03,   0.00    ) |  7.380E-04 2.441E-02
    1919 1.4865E+00 7.3795E-04  (-0.322    ,  1.953E-03,   0.00    ) |  7.379E-04 2.441E-02
    1920 1.4872E+00 7.3793E-04  (-0.322    ,  1.953E-03,   0.00    ) |  7.379E-04 2.441E-02
    1921 1.4880E+00 7.3791E-04  (-0.322    ,  1.953E-03,   0.00    ) |  7.379E-04 2.441E-02
    1922 1.4887E+00 7.3789E-04  (-0.322    ,  1.953E-03,   0.00    ) |  7.379E-04 2.441E-02
    1923 1.4895E+00 7.3787E-04  (-0.322    ,  1.953E-03,   0.00    ) |  7.379E-04 2.441E-02
    1924 1.4902E+00 7.3786E-04  (-0.322    ,  1.953E-03,   0.00    ) |  7.379E-04 2.441E-02
    1925 1.4909E+00 7.3784E-04  (-0.322    ,  1.953E-03,   0.00    ) |  7.378E-04 2.441E-02
    1926 1.4917E+00 7.3782E-04  (-0.322    ,  1.953E-03,   0.00    ) |  7.378E-04 2.441E-02
    1927 1.4924E+00 7.3780E-04  (-0.322    ,  1.953E-03,   0.00    ) |  7.378E-04 2.441E-02
    1928 1.4931E+00 7.3778E-04  (-0.322    ,  1.953E-03,   0.00    ) |  7.378E-04 2.441E-02
    1929 1.4939E+00 7.3777E-04  (-0.322    ,  1.953E-03,   0.00    ) |  7.378E-04 2.441E-02
    1930 1.4946E+00 7.3775E-04  (-0.322    ,  1.953E-03,   0.00    ) |  7.377E-04 2.441E-02
    1931 1.4954E+00 7.3773E-04  (-0.322    ,  1.953E-03,   0.00    ) |  7.377E-04 2.441E-02
    1932 1.4961E+00 7.3772E-04  ( 0.322    , -1.953E-03,   0.00    ) |  7.377E-04 2.441E-02
    1933 1.4968E+00 7.3770E-04  ( 0.322    , -1.953E-03,   0.00    ) |  7.377E-04 2.441E-02
    1934 1.4976E+00 7.3768E-04  ( 0.322    , -1.953E-03,   0.00    ) |  7.377E-04 2.441E-02
    1935 1.4983E+00 7.3767E-04  ( 0.322    , -1.953E-03,   0.00    ) |  7.377E-04 2.441E-02
    1936 1.4990E+00 7.3765E-04  ( 0.322    , -1.953E-03,   0.00    ) |  7.377E-04 2.441E-02
    1937 1.4998E+00 7.3763E-04  ( 0.322    , -1.953E-03,   0.00    ) |  7.376E-04 2.441E-02
 *** Wrote plotfile to flash_run_hdf5_plt_cnt_0060 ****
    1938 1.5005E+00 7.3762E-04  ( 0.322    , -1.953E-03,   0.00    ) |  7.376E-04 2.441E-02
    1939 1.5013E+00 7.3760E-04  ( 0.322    , -1.953E-03,   0.00    ) |  7.376E-04 2.441E-02
    1940 1.5020E+00 7.3759E-04  ( 0.322    , -1.953E-03,   0.00    ) |  7.376E-04 2.441E-02
    1941 1.5027E+00 7.3757E-04  ( 0.322    , -1.953E-03,   0.00    ) |  7.376E-04 2.441E-02
    1942 1.5035E+00 7.3755E-04  ( 0.322    , -1.953E-03,   0.00    ) |  7.376E-04 2.441E-02
    1943 1.5042E+00 7.3754E-04  ( 0.322    , -1.953E-03,   0.00    ) |  7.375E-04 2.441E-02
    1944 1.5049E+00 7.3752E-04  ( 0.322    , -1.953E-03,   0.00    ) |  7.375E-04 2.441E-02
    1945 1.5057E+00 7.3751E-04  (-0.322    , -1.953E-03,   0.00    ) |  7.375E-04 2.441E-02
    1946 1.5064E+00 7.3749E-04  (-0.322    ,  1.953E-03,   0.00    ) |  7.375E-04 2.441E-02
    1947 1.5072E+00 7.3748E-04  (-0.322    ,  1.953E-03,   0.00    ) |  7.375E-04 2.441E-02
    1948 1.5079E+00 7.3746E-04  (-0.322    ,  1.953E-03,   0.00    ) |  7.375E-04 2.441E-02
    1949 1.5086E+00 7.3745E-04  (-0.322    ,  1.953E-03,   0.00    ) |  7.374E-04 2.441E-02
    1950 1.5094E+00 7.3743E-04  (-0.322    ,  1.953E-03,   0.00    ) |  7.374E-04 2.441E-02
    1951 1.5101E+00 7.3741E-04  (-0.322    , -1.953E-03,   0.00    ) |  7.374E-04 2.441E-02
    1952 1.5108E+00 7.3740E-04  (-0.322    , -1.953E-03,   0.00    ) |  7.374E-04 2.441E-02
    1953 1.5116E+00 7.3738E-04  (-0.322    , -1.953E-03,   0.00    ) |  7.374E-04 2.441E-02
    1954 1.5123E+00 7.3737E-04  (-0.322    , -1.953E-03,   0.00    ) |  7.374E-04 2.441E-02
    1955 1.5131E+00 7.3736E-04  (-0.322    , -1.953E-03,   0.00    ) |  7.374E-04 2.441E-02
    1956 1.5138E+00 7.3734E-04  (-0.322    ,  1.953E-03,   0.00    ) |  7.373E-04 2.441E-02
    1957 1.5145E+00 7.3733E-04  ( 0.322    , -1.953E-03,   0.00    ) |  7.373E-04 2.441E-02
    1958 1.5153E+00 7.3731E-04  ( 0.322    , -1.953E-03,   0.00    ) |  7.373E-04 2.441E-02
    1959 1.5160E+00 7.3730E-04  ( 0.322    , -1.953E-03,   0.00    ) |  7.373E-04 2.441E-02
    1960 1.5167E+00 7.3728E-04  ( 0.322    , -1.953E-03,   0.00    ) |  7.373E-04 2.441E-02
    1961 1.5175E+00 7.3727E-04  ( 0.322    , -1.953E-03,   0.00    ) |  7.373E-04 2.441E-02
    1962 1.5182E+00 7.3725E-04  ( 0.322    , -1.953E-03,   0.00    ) |  7.373E-04 2.441E-02
    1963 1.5190E+00 7.3724E-04  ( 0.322    , -1.953E-03,   0.00    ) |  7.372E-04 2.441E-02
    1964 1.5197E+00 7.3722E-04  ( 0.322    , -1.953E-03,   0.00    ) |  7.372E-04 2.441E-02
    1965 1.5204E+00 7.3721E-04  ( 0.322    , -1.953E-03,   0.00    ) |  7.372E-04 2.441E-02
    1966 1.5212E+00 7.3719E-04  ( 0.322    , -1.953E-03,   0.00    ) |  7.372E-04 2.441E-02
    1967 1.5219E+00 7.3718E-04  (-0.322    , -1.953E-03,   0.00    ) |  7.372E-04 2.441E-02
    1968 1.5226E+00 7.3717E-04  (-0.322    , -1.953E-03,   0.00    ) |  7.372E-04 2.441E-02
    1969 1.5234E+00 7.3715E-04  (-0.322    , -1.953E-03,   0.00    ) |  7.372E-04 2.441E-02
    1970 1.5241E+00 7.3714E-04  (-0.322    , -1.953E-03,   0.00    ) |  7.371E-04 2.441E-02
    1971 1.5249E+00 7.3713E-04  (-0.322    , -1.953E-03,   0.00    ) |  7.371E-04 2.441E-02
 *** Wrote plotfile to flash_run_hdf5_plt_cnt_0061 ****
    1972 1.5256E+00 7.3711E-04  (-0.322    , -1.953E-03,   0.00    ) |  7.371E-04 2.441E-02
    1973 1.5263E+00 7.3710E-04  (-0.322    , -1.953E-03,   0.00    ) |  7.371E-04 2.441E-02
    1974 1.5271E+00 7.3709E-04  (-0.322    , -1.953E-03,   0.00    ) |  7.371E-04 2.441E-02
    1975 1.5278E+00 7.3707E-04  (-0.322    , -1.953E-03,   0.00    ) |  7.371E-04 2.441E-02
    1976 1.5285E+00 7.3706E-04  (-0.322    , -1.953E-03,   0.00    ) |  7.371E-04 2.441E-02
    1977 1.5293E+00 7.3705E-04  ( 0.322    , -1.953E-03,   0.00    ) |  7.371E-04 2.441E-02
    1978 1.5300E+00 7.3704E-04  ( 0.322    , -1.953E-03,   0.00    ) |  7.370E-04 2.441E-02
    1979 1.5308E+00 7.3703E-04  ( 0.322    , -1.953E-03,   0.00    ) |  7.370E-04 2.441E-02
    1980 1.5315E+00 7.3702E-04  ( 0.322    , -1.953E-03,   0.00    ) |  7.370E-04 2.441E-02
    1981 1.5322E+00 7.3701E-04  ( 0.322    , -1.953E-03,   0.00    ) |  7.370E-04 2.441E-02
    1982 1.5330E+00 7.3700E-04  ( 0.322    , -1.953E-03,   0.00    ) |  7.370E-04 2.441E-02
    1983 1.5337E+00 7.3699E-04  ( 0.322    , -1.953E-03,   0.00    ) |  7.370E-04 2.441E-02
    1984 1.5344E+00 7.3699E-04  ( 0.322    , -1.953E-03,   0.00    ) |  7.370E-04 2.441E-02
    1985 1.5352E+00 7.3698E-04  ( 0.322    , -1.953E-03,   0.00    ) |  7.370E-04 2.441E-02
    1986 1.5359E+00 7.3697E-04  ( 0.322    , -1.953E-03,   0.00    ) |  7.370E-04 2.441E-02
    1987 1.5366E+00 7.3696E-04  ( 0.322    , -1.953E-03,   0.00    ) |  7.370E-04 2.441E-02
    1988 1.5374E+00 7.3695E-04  ( 0.322    ,  1.953E-03,   0.00    ) |  7.370E-04 2.441E-02
    1989 1.5381E+00 7.3695E-04  ( 0.322    ,  1.953E-03,   0.00    ) |  7.369E-04 2.441E-02
    1990 1.5389E+00 7.3694E-04  ( 0.322    ,  1.953E-03,   0.00    ) |  7.369E-04 2.441E-02
    1991 1.5396E+00 7.3694E-04  ( 0.322    ,  1.953E-03,   0.00    ) |  7.369E-04 2.441E-02
    1992 1.5403E+00 7.3693E-04  ( 0.322    ,  1.953E-03,   0.00    ) |  7.369E-04 2.441E-02
    1993 1.5411E+00 7.3693E-04  ( 0.322    ,  1.953E-03,   0.00    ) |  7.369E-04 2.441E-02
    1994 1.5418E+00 7.3693E-04  ( 0.322    ,  1.953E-03,   0.00    ) |  7.369E-04 2.441E-02
    1995 1.5425E+00 7.3693E-04  ( 0.322    ,  1.953E-03,   0.00    ) |  7.369E-04 2.441E-02
    1996 1.5433E+00 7.3692E-04  ( 0.322    ,  1.953E-03,   0.00    ) |  7.369E-04 2.441E-02
    1997 1.5440E+00 7.3692E-04  ( 0.322    ,  1.953E-03,   0.00    ) |  7.369E-04 2.441E-02
    1998 1.5448E+00 7.3692E-04  ( 0.322    ,  1.953E-03,   0.00    ) |  7.369E-04 2.441E-02
    1999 1.5455E+00 7.3693E-04  ( 0.322    ,  1.953E-03,   0.00    ) |  7.369E-04 2.441E-02
    2000 1.5462E+00 7.3693E-04  ( 0.322    ,  1.953E-03,   0.00    ) |  7.369E-04 2.441E-02
    2001 1.5470E+00 7.3693E-04  ( 0.322    ,  1.953E-03,   0.00    ) |  7.369E-04 2.441E-02
    2002 1.5477E+00 7.3693E-04  ( 0.322    ,  1.953E-03,   0.00    ) |  7.369E-04 2.441E-02
    2003 1.5484E+00 7.3693E-04  ( 0.322    ,  1.953E-03,   0.00    ) |  7.369E-04 2.441E-02
    2004 1.5492E+00 7.3694E-04  ( 0.322    ,  1.953E-03,   0.00    ) |  7.369E-04 2.441E-02
    2005 1.5499E+00 7.3694E-04  ( 0.322    ,  1.953E-03,   0.00    ) |  7.369E-04 2.441E-02
 *** Wrote plotfile to flash_run_hdf5_plt_cnt_0062 ****
    2006 1.5507E+00 7.3694E-04  ( 0.322    ,  1.953E-03,   0.00    ) |  7.369E-04 2.441E-02
    2007 1.5514E+00 7.3695E-04  ( 0.322    ,  1.953E-03,   0.00    ) |  7.369E-04 2.441E-02
    2008 1.5521E+00 7.3695E-04  ( 0.322    ,  1.953E-03,   0.00    ) |  7.370E-04 2.441E-02
    2009 1.5529E+00 7.3696E-04  ( 0.322    ,  1.953E-03,   0.00    ) |  7.370E-04 2.441E-02
    2010 1.5536E+00 7.3696E-04  (-0.322    , -1.953E-03,   0.00    ) |  7.370E-04 2.441E-02
    2011 1.5543E+00 7.3697E-04  (-0.322    , -1.953E-03,   0.00    ) |  7.370E-04 2.441E-02
    2012 1.5551E+00 7.3697E-04  (-0.322    , -1.953E-03,   0.00    ) |  7.370E-04 2.441E-02
    2013 1.5558E+00 7.3698E-04  (-0.322    , -1.953E-03,   0.00    ) |  7.370E-04 2.441E-02
    2014 1.5565E+00 7.3698E-04  (-0.322    , -1.953E-03,   0.00    ) |  7.370E-04 2.441E-02
    2015 1.5573E+00 7.3698E-04  (-0.322    , -1.953E-03,   0.00    ) |  7.370E-04 2.441E-02
    2016 1.5580E+00 7.3699E-04  (-0.322    , -1.953E-03,   0.00    ) |  7.370E-04 2.441E-02
    2017 1.5588E+00 7.3699E-04  ( 0.322    ,  1.953E-03,   0.00    ) |  7.370E-04 2.441E-02
    2018 1.5595E+00 7.3700E-04  (-0.322    , -1.953E-03,   0.00    ) |  7.370E-04 2.441E-02
    2019 1.5602E+00 7.3700E-04  ( 0.322    ,  1.953E-03,   0.00    ) |  7.370E-04 2.441E-02
    2020 1.5610E+00 7.3701E-04  ( 0.322    ,  1.953E-03,   0.00    ) |  7.370E-04 2.441E-02
    2021 1.5617E+00 7.3702E-04  ( 0.322    ,  1.953E-03,   0.00    ) |  7.370E-04 2.441E-02
    2022 1.5624E+00 7.3702E-04  ( 0.322    ,  1.953E-03,   0.00    ) |  7.370E-04 2.441E-02
    2023 1.5632E+00 7.3703E-04  ( 0.322    ,  1.953E-03,   0.00    ) |  7.370E-04 2.441E-02
    2024 1.5639E+00 7.3703E-04  ( 0.322    , -1.953E-03,   0.00    ) |  7.370E-04 2.441E-02
    2025 1.5647E+00 7.3704E-04  ( 0.322    ,  1.953E-03,   0.00    ) |  7.370E-04 2.441E-02
    2026 1.5654E+00 7.3705E-04  ( 0.322    , -1.953E-03,   0.00    ) |  7.370E-04 2.441E-02
    2027 1.5661E+00 7.3705E-04  ( 0.322    , -1.953E-03,   0.00    ) |  7.371E-04 2.441E-02
    2028 1.5669E+00 7.3706E-04  ( 0.322    , -1.953E-03,   0.00    ) |  7.371E-04 2.441E-02
    2029 1.5676E+00 7.3706E-04  ( 0.322    , -1.953E-03,   0.00    ) |  7.371E-04 2.441E-02
    2030 1.5683E+00 7.3707E-04  (-0.322    , -1.953E-03,   0.00    ) |  7.371E-04 2.441E-02
    2031 1.5691E+00 7.3707E-04  ( 0.322    , -1.953E-03,   0.00    ) |  7.371E-04 2.441E-02
    2032 1.5698E+00 7.3708E-04  ( 0.322    , -1.953E-03,   0.00    ) |  7.371E-04 2.441E-02
    2033 1.5706E+00 7.3708E-04  ( 0.322    , -1.953E-03,   0.00    ) |  7.371E-04 2.441E-02
    2034 1.5713E+00 7.3709E-04  (-0.322    , -1.953E-03,   0.00    ) |  7.371E-04 2.441E-02
    2035 1.5720E+00 7.3709E-04  (-0.322    , -1.953E-03,   0.00    ) |  7.371E-04 2.441E-02
    2036 1.5728E+00 7.3709E-04  (-0.322    , -1.953E-03,   0.00    ) |  7.371E-04 2.441E-02
    2037 1.5735E+00 7.3709E-04  (-0.322    , -1.953E-03,   0.00    ) |  7.371E-04 2.441E-02
    2038 1.5742E+00 7.3710E-04  (-0.322    , -1.953E-03,   0.00    ) |  7.371E-04 2.441E-02
    2039 1.5750E+00 7.3710E-04  (-0.322    , -1.953E-03,   0.00    ) |  7.371E-04 2.441E-02
 *** Wrote plotfile to flash_run_hdf5_plt_cnt_0063 ****
    2040 1.5757E+00 7.3710E-04  (-0.322    , -1.953E-03,   0.00    ) |  7.371E-04 2.441E-02
    2041 1.5764E+00 7.3710E-04  (-0.322    , -1.953E-03,   0.00    ) |  7.371E-04 2.441E-02
    2042 1.5772E+00 7.3710E-04  ( 0.322    , -1.953E-03,   0.00    ) |  7.371E-04 2.441E-02
    2043 1.5779E+00 7.3710E-04  ( 0.322    , -1.953E-03,   0.00    ) |  7.371E-04 2.441E-02
    2044 1.5787E+00 7.3710E-04  (-0.322    , -1.953E-03,   0.00    ) |  7.371E-04 2.441E-02
    2045 1.5794E+00 7.3710E-04  (-0.322    , -1.953E-03,   0.00    ) |  7.371E-04 2.441E-02
    2046 1.5801E+00 7.3710E-04  (-0.322    , -1.953E-03,   0.00    ) |  7.371E-04 2.441E-02
    2047 1.5809E+00 7.3710E-04  (-0.322    , -1.953E-03,   0.00    ) |  7.371E-04 2.441E-02
    2048 1.5816E+00 7.3710E-04  (-0.322    , -1.953E-03,   0.00    ) |  7.371E-04 2.441E-02
    2049 1.5823E+00 7.3709E-04  (-0.322    , -1.953E-03,   0.00    ) |  7.371E-04 2.441E-02
    2050 1.5831E+00 7.3709E-04  (-0.322    , -1.953E-03,   0.00    ) |  7.371E-04 2.441E-02
    2051 1.5838E+00 7.3709E-04  (-0.322    , -1.953E-03,   0.00    ) |  7.371E-04 2.441E-02
    2052 1.5846E+00 7.3709E-04  (-0.322    , -1.953E-03,   0.00    ) |  7.371E-04 2.441E-02
    2053 1.5853E+00 7.3709E-04  (-0.322    ,  1.953E-03,   0.00    ) |  7.371E-04 2.441E-02
    2054 1.5860E+00 7.3709E-04  (-0.322    , -1.953E-03,   0.00    ) |  7.371E-04 2.441E-02
    2055 1.5868E+00 7.3709E-04  (-0.322    , -1.953E-03,   0.00    ) |  7.371E-04 2.441E-02
    2056 1.5875E+00 7.3709E-04  (-0.322    , -1.953E-03,   0.00    ) |  7.371E-04 2.441E-02
    2057 1.5882E+00 7.3709E-04  (-0.322    , -1.953E-03,   0.00    ) |  7.371E-04 2.441E-02
    2058 1.5890E+00 7.3709E-04  (-0.322    , -1.953E-03,   0.00    ) |  7.371E-04 2.441E-02
    2059 1.5897E+00 7.3709E-04  ( 0.322    , -1.953E-03,   0.00    ) |  7.371E-04 2.441E-02
    2060 1.5905E+00 7.3709E-04  ( 0.322    , -1.953E-03,   0.00    ) |  7.371E-04 2.441E-02
    2061 1.5912E+00 7.3709E-04  ( 0.322    , -1.953E-03,   0.00    ) |  7.371E-04 2.441E-02
    2062 1.5919E+00 7.3709E-04  ( 0.322    , -1.953E-03,   0.00    ) |  7.371E-04 2.441E-02
    2063 1.5927E+00 7.3710E-04  ( 0.322    , -1.953E-03,   0.00    ) |  7.371E-04 2.441E-02
    2064 1.5934E+00 7.3710E-04  ( 0.322    , -1.953E-03,   0.00    ) |  7.371E-04 2.441E-02
    2065 1.5941E+00 7.3710E-04  ( 0.322    , -1.953E-03,   0.00    ) |  7.371E-04 2.441E-02
    2066 1.5949E+00 7.3710E-04  ( 0.322    , -1.953E-03,   0.00    ) |  7.371E-04 2.441E-02
    2067 1.5956E+00 7.3711E-04  ( 0.322    ,  1.953E-03,   0.00    ) |  7.371E-04 2.441E-02
    2068 1.5963E+00 7.3711E-04  ( 0.322    ,  1.953E-03,   0.00    ) |  7.371E-04 2.441E-02
    2069 1.5971E+00 7.3712E-04  ( 0.322    , -1.953E-03,   0.00    ) |  7.371E-04 2.441E-02
    2070 1.5978E+00 7.3713E-04  ( 0.322    ,  1.953E-03,   0.00    ) |  7.371E-04 2.441E-02
    2071 1.5986E+00 7.3713E-04  ( 0.322    ,  1.953E-03,   0.00    ) |  7.371E-04 2.441E-02
    2072 1.5993E+00 7.3714E-04  ( 0.322    ,  1.953E-03,   0.00    ) |  7.371E-04 2.441E-02
 *** Wrote plotfile to flash_run_hdf5_plt_cnt_0064 ****
    2073 1.6000E+00 7.3715E-04  (-0.322    ,  1.953E-03,   0.00    ) |  7.371E-04 2.441E-02
    2074 1.6008E+00 7.3716E-04  ( 0.322    ,  1.953E-03,   0.00    ) |  7.372E-04 2.441E-02
    2075 1.6015E+00 7.3717E-04  (-0.322    , -1.953E-03,   0.00    ) |  7.372E-04 2.441E-02
    2076 1.6022E+00 7.3718E-04  (-0.322    , -1.953E-03,   0.00    ) |  7.372E-04 2.441E-02
    2077 1.6030E+00 7.3719E-04  (-0.322    , -1.953E-03,   0.00    ) |  7.372E-04 2.441E-02
    2078 1.6037E+00 7.3720E-04  (-0.322    , -1.953E-03,   0.00    ) |  7.372E-04 2.441E-02
    2079 1.6045E+00 7.3721E-04  (-0.322    , -1.953E-03,   0.00    ) |  7.372E-04 2.441E-02
    2080 1.6052E+00 7.3722E-04  (-0.322    , -1.953E-03,   0.00    ) |  7.372E-04 2.441E-02
    2081 1.6059E+00 7.3724E-04  (-0.322    , -1.953E-03,   0.00    ) |  7.372E-04 2.441E-02
    2082 1.6067E+00 7.3725E-04  (-0.322    , -1.953E-03,   0.00    ) |  7.372E-04 2.441E-02
    2083 1.6074E+00 7.3726E-04  ( 0.322    , -1.953E-03,   0.00    ) |  7.373E-04 2.441E-02
    2084 1.6081E+00 7.3728E-04  ( 0.322    , -1.953E-03,   0.00    ) |  7.373E-04 2.441E-02
    2085 1.6089E+00 7.3729E-04  ( 0.322    , -1.953E-03,   0.00    ) |  7.373E-04 2.441E-02
    2086 1.6096E+00 7.3730E-04  ( 0.322    , -1.953E-03,   0.00    ) |  7.373E-04 2.441E-02
    2087 1.6104E+00 7.3732E-04  ( 0.322    , -1.953E-03,   0.00    ) |  7.373E-04 2.441E-02
    2088 1.6111E+00 7.3733E-04  ( 0.322    , -1.953E-03,   0.00    ) |  7.373E-04 2.441E-02
    2089 1.6118E+00 7.3735E-04  ( 0.322    , -1.953E-03,   0.00    ) |  7.373E-04 2.441E-02
    2090 1.6126E+00 7.3736E-04  ( 0.322    , -1.953E-03,   0.00    ) |  7.374E-04 2.441E-02
    2091 1.6133E+00 7.3738E-04  ( 0.322    , -1.953E-03,   0.00    ) |  7.374E-04 2.441E-02
    2092 1.6140E+00 7.3739E-04  ( 0.318    , -1.953E-03,   0.00    ) |  7.374E-04 2.441E-02
    2093 1.6148E+00 7.3740E-04  ( 0.318    , -1.953E-03,   0.00    ) |  7.374E-04 2.441E-02
    2094 1.6155E+00 7.3742E-04  ( 0.318    , -1.953E-03,   0.00    ) |  7.374E-04 2.441E-02
    2095 1.6163E+00 7.3743E-04  ( 0.318    ,  1.953E-03,   0.00    ) |  7.374E-04 2.441E-02
    2096 1.6170E+00 7.3744E-04  (-0.318    , -1.953E-03,   0.00    ) |  7.374E-04 2.441E-02
    2097 1.6177E+00 7.3745E-04  (-0.318    , -1.953E-03,   0.00    ) |  7.375E-04 2.441E-02
    2098 1.6185E+00 7.3747E-04  (-0.318    , -1.953E-03,   0.00    ) |  7.375E-04 2.441E-02
    2099 1.6192E+00 7.3748E-04  (-0.318    , -1.953E-03,   0.00    ) |  7.375E-04 2.441E-02
    2100 1.6199E+00 7.3749E-04  (-0.318    , -1.953E-03,   0.00    ) |  7.375E-04 2.441E-02
    2101 1.6207E+00 7.3750E-04  (-0.318    , -1.953E-03,   0.00    ) |  7.375E-04 2.441E-02
    2102 1.6214E+00 7.3751E-04  (-0.318    , -1.953E-03,   0.00    ) |  7.375E-04 2.441E-02
    2103 1.6222E+00 7.3752E-04  (-0.318    , -1.953E-03,   0.00    ) |  7.375E-04 2.441E-02
    2104 1.6229E+00 7.3753E-04  (-0.318    , -1.953E-03,   0.00    ) |  7.375E-04 2.441E-02
    2105 1.6236E+00 7.3754E-04  (-0.318    , -1.953E-03,   0.00    ) |  7.375E-04 2.441E-02
    2106 1.6244E+00 7.3755E-04  (-0.318    , -1.953E-03,   0.00    ) |  7.376E-04 2.441E-02
 *** Wrote plotfile to flash_run_hdf5_plt_cnt_0065 ****
    2107 1.6251E+00 7.3756E-04  (-0.318    , -1.953E-03,   0.00    ) |  7.376E-04 2.441E-02
    2108 1.6258E+00 7.3757E-04  ( 0.318    ,  1.953E-03,   0.00    ) |  7.376E-04 2.441E-02
    2109 1.6266E+00 7.3758E-04  ( 0.318    ,  1.953E-03,   0.00    ) |  7.376E-04 2.441E-02
    2110 1.6273E+00 7.3759E-04  ( 0.318    ,  1.953E-03,   0.00    ) |  7.376E-04 2.441E-02
    2111 1.6281E+00 7.3760E-04  ( 0.318    ,  1.953E-03,   0.00    ) |  7.376E-04 2.441E-02
    2112 1.6288E+00 7.3761E-04  ( 0.318    ,  1.953E-03,   0.00    ) |  7.376E-04 2.441E-02
    2113 1.6295E+00 7.3762E-04  ( 0.318    ,  1.953E-03,   0.00    ) |  7.376E-04 2.441E-02
    2114 1.6303E+00 7.3763E-04  ( 0.318    ,  1.953E-03,   0.00    ) |  7.376E-04 2.441E-02
    2115 1.6310E+00 7.3764E-04  ( 0.318    ,  1.953E-03,   0.00    ) |  7.376E-04 2.441E-02
    2116 1.6317E+00 7.3765E-04  (-0.318    , -1.953E-03,   0.00    ) |  7.376E-04 2.441E-02
    2117 1.6325E+00 7.3766E-04  (-0.318    , -1.953E-03,   0.00    ) |  7.377E-04 2.441E-02
    2118 1.6332E+00 7.3767E-04  (-0.318    , -1.953E-03,   0.00    ) |  7.377E-04 2.441E-02
    2119 1.6340E+00 7.3768E-04  (-0.318    , -1.953E-03,   0.00    ) |  7.377E-04 2.441E-02
    2120 1.6347E+00 7.3768E-04  (-0.318    , -1.953E-03,   0.00    ) |  7.377E-04 2.441E-02
    2121 1.6354E+00 7.3769E-04  (-0.318    , -1.953E-03,   0.00    ) |  7.377E-04 2.441E-02
    2122 1.6362E+00 7.3770E-04  (-0.318    , -1.953E-03,   0.00    ) |  7.377E-04 2.441E-02
    2123 1.6369E+00 7.3771E-04  (-0.318    , -1.953E-03,   0.00    ) |  7.377E-04 2.441E-02
    2124 1.6376E+00 7.3772E-04  (-0.318    , -1.953E-03,   0.00    ) |  7.377E-04 2.441E-02
    2125 1.6384E+00 7.3773E-04  (-0.318    , -1.953E-03,   0.00    ) |  7.377E-04 2.441E-02
    2126 1.6391E+00 7.3774E-04  (-0.318    , -1.953E-03,   0.00    ) |  7.377E-04 2.441E-02
    2127 1.6399E+00 7.3775E-04  (-0.318    , -1.953E-03,   0.00    ) |  7.377E-04 2.441E-02
    2128 1.6406E+00 7.3776E-04  (-0.318    , -1.953E-03,   0.00    ) |  7.378E-04 2.441E-02
    2129 1.6413E+00 7.3776E-04  ( 0.318    , -1.953E-03,   0.00    ) |  7.378E-04 2.441E-02
    2130 1.6421E+00 7.3777E-04  ( 0.318    , -1.953E-03,   0.00    ) |  7.378E-04 2.441E-02
    2131 1.6428E+00 7.3778E-04  ( 0.318    , -1.953E-03,   0.00    ) |  7.378E-04 2.441E-02
    2132 1.6435E+00 7.3778E-04  ( 0.318    , -1.953E-03,   0.00    ) |  7.378E-04 2.441E-02
    2133 1.6443E+00 7.3779E-04  ( 0.318    , -1.953E-03,   0.00    ) |  7.378E-04 2.441E-02
    2134 1.6450E+00 7.3780E-04  ( 0.318    , -1.953E-03,   0.00    ) |  7.378E-04 2.441E-02
    2135 1.6458E+00 7.3780E-04  (-0.318    ,  1.953E-03,   0.00    ) |  7.378E-04 2.441E-02
    2136 1.6465E+00 7.3781E-04  (-0.318    ,  1.953E-03,   0.00    ) |  7.378E-04 2.441E-02
    2137 1.6472E+00 7.3781E-04  (-0.318    ,  1.953E-03,   0.00    ) |  7.378E-04 2.441E-02
    2138 1.6480E+00 7.3781E-04  (-0.318    ,  1.953E-03,   0.00    ) |  7.378E-04 2.441E-02
    2139 1.6487E+00 7.3782E-04  (-0.318    ,  1.953E-03,   0.00    ) |  7.378E-04 2.441E-02
    2140 1.6494E+00 7.3782E-04  (-0.318    ,  1.953E-03,   0.00    ) |  7.378E-04 2.441E-02
 *** Wrote plotfile to flash_run_hdf5_plt_cnt_0066 ****
    2141 1.6502E+00 7.3782E-04  (-0.318    ,  1.953E-03,   0.00    ) |  7.378E-04 2.441E-02
    2142 1.6509E+00 7.3783E-04  (-0.318    ,  1.953E-03,   0.00    ) |  7.378E-04 2.441E-02
    2143 1.6517E+00 7.3783E-04  ( 0.318    , -1.953E-03,   0.00    ) |  7.378E-04 2.441E-02
    2144 1.6524E+00 7.3783E-04  ( 0.318    , -1.953E-03,   0.00    ) |  7.378E-04 2.441E-02
    2145 1.6531E+00 7.3783E-04  ( 0.318    , -1.953E-03,   0.00    ) |  7.378E-04 2.441E-02
    2146 1.6539E+00 7.3783E-04  ( 0.318    , -1.953E-03,   0.00    ) |  7.378E-04 2.441E-02
    2147 1.6546E+00 7.3783E-04  ( 0.318    , -1.953E-03,   0.00    ) |  7.378E-04 2.441E-02
    2148 1.6554E+00 7.3783E-04  ( 0.318    , -1.953E-03,   0.00    ) |  7.378E-04 2.441E-02
    2149 1.6561E+00 7.3783E-04  ( 0.318    , -1.953E-03,   0.00    ) |  7.378E-04 2.441E-02
    2150 1.6568E+00 7.3783E-04  ( 0.318    , -1.953E-03,   0.00    ) |  7.378E-04 2.441E-02
    2151 1.6576E+00 7.3783E-04  ( 0.318    , -1.953E-03,   0.00    ) |  7.378E-04 2.441E-02
    2152 1.6583E+00 7.3782E-04  ( 0.318    , -1.953E-03,   0.00    ) |  7.378E-04 2.441E-02
    2153 1.6590E+00 7.3782E-04  ( 0.318    , -1.953E-03,   0.00    ) |  7.378E-04 2.441E-02
    2154 1.6598E+00 7.3782E-04  ( 0.318    , -1.953E-03,   0.00    ) |  7.378E-04 2.441E-02
    2155 1.6605E+00 7.3782E-04  ( 0.318    , -1.953E-03,   0.00    ) |  7.378E-04 2.441E-02
    2156 1.6613E+00 7.3782E-04  (-0.318    , -1.953E-03,   0.00    ) |  7.378E-04 2.441E-02
    2157 1.6620E+00 7.3782E-04  (-0.318    , -1.953E-03,   0.00    ) |  7.378E-04 2.441E-02
    2158 1.6627E+00 7.3782E-04  (-0.318    ,  1.953E-03,   0.00    ) |  7.378E-04 2.441E-02
    2159 1.6635E+00 7.3781E-04  (-0.318    , -1.953E-03,   0.00    ) |  7.378E-04 2.441E-02
    2160 1.6642E+00 7.3781E-04  (-0.318    ,  1.953E-03,   0.00    ) |  7.378E-04 2.441E-02
    2161 1.6649E+00 7.3781E-04  (-0.318    ,  1.953E-03,   0.00    ) |  7.378E-04 2.441E-02
    2162 1.6657E+00 7.3780E-04  (-0.318    ,  1.953E-03,   0.00    ) |  7.378E-04 2.441E-02
    2163 1.6664E+00 7.3780E-04  (-0.318    ,  1.953E-03,   0.00    ) |  7.378E-04 2.441E-02
    2164 1.6672E+00 7.3780E-04  (-0.318    ,  1.953E-03,   0.00    ) |  7.378E-04 2.441E-02
    2165 1.6679E+00 7.3779E-04  (-0.318    ,  1.953E-03,   0.00    ) |  7.378E-04 2.441E-02
    2166 1.6686E+00 7.3779E-04  (-0.318    ,  1.953E-03,   0.00    ) |  7.378E-04 2.441E-02
    2167 1.6694E+00 7.3778E-04  (-0.318    , -1.953E-03,   0.00    ) |  7.378E-04 2.441E-02
    2168 1.6701E+00 7.3778E-04  (-0.318    , -1.953E-03,   0.00    ) |  7.378E-04 2.441E-02
    2169 1.6708E+00 7.3777E-04  (-0.318    , -1.953E-03,   0.00    ) |  7.378E-04 2.441E-02
    2170 1.6716E+00 7.3777E-04  (-0.318    , -1.953E-03,   0.00    ) |  7.378E-04 2.441E-02
    2171 1.6723E+00 7.3776E-04  (-0.318    , -1.953E-03,   0.00    ) |  7.378E-04 2.441E-02
    2172 1.6731E+00 7.3776E-04  (-0.318    , -1.953E-03,   0.00    ) |  7.378E-04 2.441E-02
    2173 1.6738E+00 7.3775E-04  (-0.318    , -1.953E-03,   0.00    ) |  7.378E-04 2.441E-02
    2174 1.6745E+00 7.3774E-04  (-0.318    , -1.953E-03,   0.00    ) |  7.377E-04 2.441E-02
 *** Wrote plotfile to flash_run_hdf5_plt_cnt_0067 ****
    2175 1.6753E+00 7.3774E-04  (-0.318    , -1.953E-03,   0.00    ) |  7.377E-04 2.441E-02
    2176 1.6760E+00 7.3773E-04  (-0.318    , -1.953E-03,   0.00    ) |  7.377E-04 2.441E-02
    2177 1.6767E+00 7.3773E-04  (-0.318    , -1.953E-03,   0.00    ) |  7.377E-04 2.441E-02
    2178 1.6775E+00 7.3772E-04  (-0.318    , -1.953E-03,   0.00    ) |  7.377E-04 2.441E-02
    2179 1.6782E+00 7.3771E-04  (-0.318    , -1.953E-03,   0.00    ) |  7.377E-04 2.441E-02
    2180 1.6790E+00 7.3771E-04  (-0.318    , -1.953E-03,   0.00    ) |  7.377E-04 2.441E-02
    2181 1.6797E+00 7.3770E-04  (-0.318    , -1.953E-03,   0.00    ) |  7.377E-04 2.441E-02
    2182 1.6804E+00 7.3770E-04  (-0.318    , -1.953E-03,   0.00    ) |  7.377E-04 2.441E-02
    2183 1.6812E+00 7.3769E-04  (-0.318    , -1.953E-03,   0.00    ) |  7.377E-04 2.441E-02
    2184 1.6819E+00 7.3769E-04  (-0.318    , -1.953E-03,   0.00    ) |  7.377E-04 2.441E-02
    2185 1.6826E+00 7.3768E-04  (-0.318    , -1.953E-03,   0.00    ) |  7.377E-04 2.441E-02
    2186 1.6834E+00 7.3767E-04  (-0.318    , -1.953E-03,   0.00    ) |  7.377E-04 2.441E-02
    2187 1.6841E+00 7.3767E-04  (-0.318    , -1.953E-03,   0.00    ) |  7.377E-04 2.441E-02
    2188 1.6849E+00 7.3766E-04  (-0.318    , -1.953E-03,   0.00    ) |  7.377E-04 2.441E-02
    2189 1.6856E+00 7.3766E-04  (-0.318    , -1.953E-03,   0.00    ) |  7.377E-04 2.441E-02
    2190 1.6863E+00 7.3766E-04  (-0.318    , -1.953E-03,   0.00    ) |  7.377E-04 2.441E-02
    2191 1.6871E+00 7.3765E-04  (-0.318    , -1.953E-03,   0.00    ) |  7.377E-04 2.441E-02
    2192 1.6878E+00 7.3765E-04  (-0.318    , -1.953E-03,   0.00    ) |  7.376E-04 2.441E-02
    2193 1.6886E+00 7.3765E-04  ( 0.318    ,  1.953E-03,   0.00    ) |  7.376E-04 2.441E-02
    2194 1.6893E+00 7.3764E-04  ( 0.318    ,  1.953E-03,   0.00    ) |  7.376E-04 2.441E-02
    2195 1.6900E+00 7.3764E-04  ( 0.318    ,  1.953E-03,   0.00    ) |  7.376E-04 2.441E-02
    2196 1.6908E+00 7.3764E-04  ( 0.314    ,  1.953E-03,   0.00    ) |  7.376E-04 2.441E-02
    2197 1.6915E+00 7.3763E-04  ( 0.314    ,  1.953E-03,   0.00    ) |  7.376E-04 2.441E-02
    2198 1.6922E+00 7.3763E-04  ( 0.314    ,  1.953E-03,   0.00    ) |  7.376E-04 2.441E-02
    2199 1.6930E+00 7.3763E-04  ( 0.314    ,  1.953E-03,   0.00    ) |  7.376E-04 2.441E-02
    2200 1.6937E+00 7.3762E-04  ( 0.314    ,  1.953E-03,   0.00    ) |  7.376E-04 2.441E-02
    2201 1.6945E+00 7.3762E-04  ( 0.314    ,  1.953E-03,   0.00    ) |  7.376E-04 2.441E-02
    2202 1.6952E+00 7.3762E-04  ( 0.314    ,  1.953E-03,   0.00    ) |  7.376E-04 2.441E-02
    2203 1.6959E+00 7.3761E-04  ( 0.314    ,  1.953E-03,   0.00    ) |  7.376E-04 2.441E-02
    2204 1.6967E+00 7.3761E-04  ( 0.314    ,  1.953E-03,   0.00    ) |  7.376E-04 2.441E-02
    2205 1.6974E+00 7.3760E-04  ( 0.314    ,  1.953E-03,   0.00    ) |  7.376E-04 2.441E-02
    2206 1.6981E+00 7.3760E-04  ( 0.314    ,  1.953E-03,   0.00    ) |  7.376E-04 2.441E-02
    2207 1.6989E+00 7.3760E-04  (-0.314    , -1.953E-03,   0.00    ) |  7.376E-04 2.441E-02
    2208 1.6996E+00 7.3759E-04  (-0.314    , -1.953E-03,   0.00    ) |  7.376E-04 2.441E-02
 *** Wrote plotfile to flash_run_hdf5_plt_cnt_0068 ****
    2209 1.7004E+00 7.3759E-04  (-0.314    , -1.953E-03,   0.00    ) |  7.376E-04 2.441E-02
    2210 1.7011E+00 7.3758E-04  (-0.314    , -1.953E-03,   0.00    ) |  7.376E-04 2.441E-02
    2211 1.7018E+00 7.3758E-04  (-0.314    , -1.953E-03,   0.00    ) |  7.376E-04 2.441E-02
    2212 1.7026E+00 7.3758E-04  (-0.314    ,  1.953E-03,   0.00    ) |  7.376E-04 2.441E-02
    2213 1.7033E+00 7.3757E-04  (-0.314    , -1.953E-03,   0.00    ) |  7.376E-04 2.441E-02
    2214 1.7040E+00 7.3757E-04  (-0.314    , -1.953E-03,   0.00    ) |  7.376E-04 2.441E-02
    2215 1.7048E+00 7.3757E-04  (-0.314    , -1.953E-03,   0.00    ) |  7.376E-04 2.441E-02
    2216 1.7055E+00 7.3756E-04  (-0.314    ,  1.953E-03,   0.00    ) |  7.376E-04 2.441E-02
    2217 1.7063E+00 7.3756E-04  (-0.314    ,  1.953E-03,   0.00    ) |  7.376E-04 2.441E-02
    2218 1.7070E+00 7.3756E-04  (-0.314    ,  1.953E-03,   0.00    ) |  7.376E-04 2.441E-02
    2219 1.7077E+00 7.3756E-04  (-0.314    , -1.953E-03,   0.00    ) |  7.376E-04 2.441E-02
    2220 1.7085E+00 7.3755E-04  (-0.314    , -1.953E-03,   0.00    ) |  7.376E-04 2.441E-02
    2221 1.7092E+00 7.3755E-04  (-0.314    ,  1.953E-03,   0.00    ) |  7.376E-04 2.441E-02
    2222 1.7099E+00 7.3755E-04  (-0.314    , -1.953E-03,   0.00    ) |  7.376E-04 2.441E-02
    2223 1.7107E+00 7.3755E-04  (-0.314    , -1.953E-03,   0.00    ) |  7.375E-04 2.441E-02
    2224 1.7114E+00 7.3755E-04  (-0.314    , -1.953E-03,   0.00    ) |  7.375E-04 2.441E-02
    2225 1.7122E+00 7.3755E-04  (-0.314    , -1.953E-03,   0.00    ) |  7.375E-04 2.441E-02
    2226 1.7129E+00 7.3755E-04  (-0.314    , -1.953E-03,   0.00    ) |  7.375E-04 2.441E-02
    2227 1.7136E+00 7.3755E-04  (-0.314    , -1.953E-03,   0.00    ) |  7.375E-04 2.441E-02
    2228 1.7144E+00 7.3755E-04  ( 0.314    ,  1.953E-03,   0.00    ) |  7.375E-04 2.441E-02
    2229 1.7151E+00 7.3755E-04  ( 0.314    ,  1.953E-03,   0.00    ) |  7.375E-04 2.441E-02
    2230 1.7158E+00 7.3755E-04  ( 0.314    ,  1.953E-03,   0.00    ) |  7.376E-04 2.441E-02
    2231 1.7166E+00 7.3755E-04  (-0.314    ,  1.953E-03,   0.00    ) |  7.376E-04 2.441E-02
    2232 1.7173E+00 7.3756E-04  (-0.314    ,  1.953E-03,   0.00    ) |  7.376E-04 2.441E-02
    2233 1.7181E+00 7.3756E-04  (-0.314    ,  1.953E-03,   0.00    ) |  7.376E-04 2.441E-02
    2234 1.7188E+00 7.3756E-04  (-0.314    ,  1.953E-03,   0.00    ) |  7.376E-04 2.441E-02
    2235 1.7195E+00 7.3757E-04  (-0.314    ,  1.953E-03,   0.00    ) |  7.376E-04 2.441E-02
    2236 1.7203E+00 7.3757E-04  (-0.314    ,  1.953E-03,   0.00    ) |  7.376E-04 2.441E-02
    2237 1.7210E+00 7.3758E-04  (-0.314    ,  1.953E-03,   0.00    ) |  7.376E-04 2.441E-02
    2238 1.7217E+00 7.3758E-04  (-0.314    ,  1.953E-03,   0.00    ) |  7.376E-04 2.441E-02
    2239 1.7225E+00 7.3759E-04  (-0.314    ,  1.953E-03,   0.00    ) |  7.376E-04 2.441E-02
    2240 1.7232E+00 7.3759E-04  ( 0.314    , -1.953E-03,   0.00    ) |  7.376E-04 2.441E-02
    2241 1.7240E+00 7.3760E-04  ( 0.314    , -1.953E-03,   0.00    ) |  7.376E-04 2.441E-02
    2242 1.7247E+00 7.3761E-04  ( 0.314    , -1.953E-03,   0.00    ) |  7.376E-04 2.441E-02
 *** Wrote plotfile to flash_run_hdf5_plt_cnt_0069 ****
    2243 1.7254E+00 7.3761E-04  ( 0.314    , -1.953E-03,   0.00    ) |  7.376E-04 2.441E-02
    2244 1.7262E+00 7.3762E-04  ( 0.314    , -1.953E-03,   0.00    ) |  7.376E-04 2.441E-02
    2245 1.7269E+00 7.3763E-04  ( 0.314    , -1.953E-03,   0.00    ) |  7.376E-04 2.441E-02
    2246 1.7276E+00 7.3763E-04  ( 0.314    , -1.953E-03,   0.00    ) |  7.376E-04 2.441E-02
    2247 1.7284E+00 7.3764E-04  ( 0.314    , -1.953E-03,   0.00    ) |  7.376E-04 2.441E-02
    2248 1.7291E+00 7.3765E-04  ( 0.314    , -1.953E-03,   0.00    ) |  7.376E-04 2.441E-02
    2249 1.7299E+00 7.3766E-04  ( 0.314    , -1.953E-03,   0.00    ) |  7.377E-04 2.441E-02
    2250 1.7306E+00 7.3766E-04  ( 0.314    , -1.953E-03,   0.00    ) |  7.377E-04 2.441E-02
    2251 1.7313E+00 7.3767E-04  ( 0.314    , -1.953E-03,   0.00    ) |  7.377E-04 2.441E-02
    2252 1.7321E+00 7.3768E-04  ( 0.314    , -1.953E-03,   0.00    ) |  7.377E-04 2.441E-02
    2253 1.7328E+00 7.3769E-04  ( 0.314    , -1.953E-03,   0.00    ) |  7.377E-04 2.441E-02
    2254 1.7335E+00 7.3770E-04  (-0.314    ,  1.953E-03,   0.00    ) |  7.377E-04 2.441E-02
    2255 1.7343E+00 7.3771E-04  (-0.314    ,  1.953E-03,   0.00    ) |  7.377E-04 2.441E-02
    2256 1.7350E+00 7.3772E-04  (-0.314    , -1.953E-03,   0.00    ) |  7.377E-04 2.441E-02
    2257 1.7358E+00 7.3773E-04  (-0.314    , -1.953E-03,   0.00    ) |  7.377E-04 2.441E-02
    2258 1.7365E+00 7.3775E-04  (-0.314    , -1.953E-03,   0.00    ) |  7.377E-04 2.441E-02
    2259 1.7372E+00 7.3776E-04  (-0.314    , -1.953E-03,   0.00    ) |  7.378E-04 2.441E-02
    2260 1.7380E+00 7.3777E-04  (-0.314    ,  1.953E-03,   0.00    ) |  7.378E-04 2.441E-02
    2261 1.7387E+00 7.3778E-04  (-0.314    , -1.953E-03,   0.00    ) |  7.378E-04 2.441E-02
    2262 1.7394E+00 7.3779E-04  ( 0.314    , -1.953E-03,   0.00    ) |  7.378E-04 2.441E-02
    2263 1.7402E+00 7.3780E-04  ( 0.314    , -1.953E-03,   0.00    ) |  7.378E-04 2.441E-02
    2264 1.7409E+00 7.3781E-04  ( 0.314    , -1.953E-03,   0.00    ) |  7.378E-04 2.441E-02
    2265 1.7417E+00 7.3782E-04  ( 0.314    , -1.953E-03,   0.00    ) |  7.378E-04 2.441E-02
    2266 1.7424E+00 7.3783E-04  ( 0.314    , -1.953E-03,   0.00    ) |  7.378E-04 2.441E-02
    2267 1.7431E+00 7.3784E-04  ( 0.314    , -1.953E-03,   0.00    ) |  7.378E-04 2.441E-02
    2268 1.7439E+00 7.3785E-04  ( 0.314    , -1.953E-03,   0.00    ) |  7.379E-04 2.441E-02
    2269 1.7446E+00 7.3786E-04  ( 0.314    , -1.953E-03,   0.00    ) |  7.379E-04 2.441E-02
    2270 1.7453E+00 7.3787E-04  (-0.314    ,  1.953E-03,   0.00    ) |  7.379E-04 2.441E-02
    2271 1.7461E+00 7.3788E-04  (-0.314    ,  1.953E-03,   0.00    ) |  7.379E-04 2.441E-02
    2272 1.7468E+00 7.3790E-04  (-0.314    ,  1.953E-03,   0.00    ) |  7.379E-04 2.441E-02
    2273 1.7476E+00 7.3791E-04  (-0.314    ,  1.953E-03,   0.00    ) |  7.379E-04 2.441E-02
    2274 1.7483E+00 7.3792E-04  (-0.314    ,  1.953E-03,   0.00    ) |  7.379E-04 2.441E-02
    2275 1.7490E+00 7.3793E-04  (-0.314    ,  1.953E-03,   0.00    ) |  7.379E-04 2.441E-02
    2276 1.7498E+00 7.3794E-04  (-0.314    ,  1.953E-03,   0.00    ) |  7.379E-04 2.441E-02
 *** Wrote plotfile to flash_run_hdf5_plt_cnt_0070 ****
    2277 1.7505E+00 7.3795E-04  (-0.314    ,  1.953E-03,   0.00    ) |  7.380E-04 2.441E-02
    2278 1.7513E+00 7.3796E-04  (-0.314    ,  1.953E-03,   0.00    ) |  7.380E-04 2.441E-02
    2279 1.7520E+00 7.3797E-04  (-0.314    ,  1.953E-03,   0.00    ) |  7.380E-04 2.441E-02
    2280 1.7527E+00 7.3798E-04  (-0.314    ,  1.953E-03,   0.00    ) |  7.380E-04 2.441E-02
    2281 1.7535E+00 7.3799E-04  (-0.314    , -1.953E-03,   0.00    ) |  7.380E-04 2.441E-02
    2282 1.7542E+00 7.3800E-04  (-0.314    , -1.953E-03,   0.00    ) |  7.380E-04 2.441E-02
    2283 1.7549E+00 7.3801E-04  (-0.314    ,  1.953E-03,   0.00    ) |  7.380E-04 2.441E-02
    2284 1.7557E+00 7.3802E-04  (-0.314    , -1.953E-03,   0.00    ) |  7.380E-04 2.441E-02
    2285 1.7564E+00 7.3803E-04  ( 0.314    , -1.953E-03,   0.00    ) |  7.380E-04 2.441E-02
    2286 1.7572E+00 7.3804E-04  ( 0.314    , -1.953E-03,   0.00    ) |  7.380E-04 2.441E-02
    2287 1.7579E+00 7.3805E-04  ( 0.314    , -1.953E-03,   0.00    ) |  7.380E-04 2.441E-02
    2288 1.7586E+00 7.3805E-04  ( 0.314    , -1.953E-03,   0.00    ) |  7.381E-04 2.441E-02
    2289 1.7594E+00 7.3806E-04  ( 0.314    , -1.953E-03,   0.00    ) |  7.381E-04 2.441E-02
    2290 1.7601E+00 7.3807E-04  ( 0.314    , -1.953E-03,   0.00    ) |  7.381E-04 2.441E-02
    2291 1.7608E+00 7.3807E-04  ( 0.314    , -1.953E-03,   0.00    ) |  7.381E-04 2.441E-02
    2292 1.7616E+00 7.3808E-04  ( 0.314    , -1.953E-03,   0.00    ) |  7.381E-04 2.441E-02
    2293 1.7623E+00 7.3808E-04  (-0.314    , -1.953E-03,   0.00    ) |  7.381E-04 2.441E-02
    2294 1.7631E+00 7.3808E-04  ( 0.314    , -1.953E-03,   0.00    ) |  7.381E-04 2.441E-02
    2295 1.7638E+00 7.3809E-04  ( 0.314    , -1.953E-03,   0.00    ) |  7.381E-04 2.441E-02
    2296 1.7645E+00 7.3809E-04  ( 0.314    , -1.953E-03,   0.00    ) |  7.381E-04 2.441E-02
    2297 1.7653E+00 7.3810E-04  ( 0.314    , -1.953E-03,   0.00    ) |  7.381E-04 2.441E-02
    2298 1.7660E+00 7.3810E-04  (-0.314    , -1.953E-03,   0.00    ) |  7.381E-04 2.441E-02
    2299 1.7668E+00 7.3810E-04  (-0.314    , -1.953E-03,   0.00    ) |  7.381E-04 2.441E-02
    2300 1.7675E+00 7.3811E-04  (-0.314    , -1.953E-03,   0.00    ) |  7.381E-04 2.441E-02
    2301 1.7682E+00 7.3811E-04  (-0.314    , -1.953E-03,   0.00    ) |  7.381E-04 2.441E-02
    2302 1.7690E+00 7.3811E-04  (-0.314    , -1.953E-03,   0.00    ) |  7.381E-04 2.441E-02
    2303 1.7697E+00 7.3812E-04  (-0.314    , -1.953E-03,   0.00    ) |  7.381E-04 2.441E-02
    2304 1.7704E+00 7.3812E-04  (-0.314    , -1.953E-03,   0.00    ) |  7.381E-04 2.441E-02
    2305 1.7712E+00 7.3812E-04  (-0.314    , -1.953E-03,   0.00    ) |  7.381E-04 2.441E-02
    2306 1.7719E+00 7.3813E-04  (-0.314    , -1.953E-03,   0.00    ) |  7.381E-04 2.441E-02
    2307 1.7727E+00 7.3813E-04  (-0.314    , -1.953E-03,   0.00    ) |  7.381E-04 2.441E-02
    2308 1.7734E+00 7.3813E-04  (-0.314    , -1.953E-03,   0.00    ) |  7.381E-04 2.441E-02
    2309 1.7741E+00 7.3813E-04  (-0.314    , -1.953E-03,   0.00    ) |  7.381E-04 2.441E-02
    2310 1.7749E+00 7.3814E-04  (-0.314    , -1.953E-03,   0.00    ) |  7.381E-04 2.441E-02
 *** Wrote plotfile to flash_run_hdf5_plt_cnt_0071 ****
    2311 1.7756E+00 7.3814E-04  (-0.314    , -1.953E-03,   0.00    ) |  7.381E-04 2.441E-02
    2312 1.7763E+00 7.3814E-04  (-0.314    , -1.953E-03,   0.00    ) |  7.381E-04 2.441E-02
    2313 1.7771E+00 7.3814E-04  (-0.314    , -1.953E-03,   0.00    ) |  7.381E-04 2.441E-02
    2314 1.7778E+00 7.3814E-04  (-0.314    , -1.953E-03,   0.00    ) |  7.381E-04 2.441E-02
    2315 1.7786E+00 7.3814E-04  (-0.314    , -1.953E-03,   0.00    ) |  7.381E-04 2.441E-02
    2316 1.7793E+00 7.3814E-04  (-0.314    , -1.953E-03,   0.00    ) |  7.381E-04 2.441E-02
    2317 1.7800E+00 7.3814E-04  (-0.314    , -1.953E-03,   0.00    ) |  7.381E-04 2.441E-02
    2318 1.7808E+00 7.3814E-04  ( 0.314    ,  1.953E-03,   0.00    ) |  7.381E-04 2.441E-02
    2319 1.7815E+00 7.3814E-04  ( 0.314    ,  1.953E-03,   0.00    ) |  7.381E-04 2.441E-02
    2320 1.7823E+00 7.3814E-04  (-0.314    , -1.953E-03,   0.00    ) |  7.381E-04 2.441E-02
    2321 1.7830E+00 7.3814E-04  ( 0.314    ,  1.953E-03,   0.00    ) |  7.381E-04 2.441E-02
    2322 1.7837E+00 7.3814E-04  ( 0.314    ,  1.953E-03,   0.00    ) |  7.381E-04 2.441E-02
    2323 1.7845E+00 7.3814E-04  ( 0.314    ,  1.953E-03,   0.00    ) |  7.381E-04 2.441E-02
    2324 1.7852E+00 7.3814E-04  ( 0.314    ,  1.953E-03,   0.00    ) |  7.381E-04 2.441E-02
    2325 1.7859E+00 7.3814E-04  ( 0.314    ,  1.953E-03,   0.00    ) |  7.381E-04 2.441E-02
    2326 1.7867E+00 7.3815E-04  ( 0.314    ,  1.953E-03,   0.00    ) |  7.381E-04 2.441E-02
    2327 1.7874E+00 7.3815E-04  ( 0.314    ,  1.953E-03,   0.00    ) |  7.381E-04 2.441E-02
    2328 1.7882E+00 7.3815E-04  ( 0.314    ,  1.953E-03,   0.00    ) |  7.382E-04 2.441E-02
    2329 1.7889E+00 7.3815E-04  (-0.314    , -1.953E-03,   0.00    ) |  7.382E-04 2.441E-02
    2330 1.7896E+00 7.3816E-04  (-0.314    , -1.953E-03,   0.00    ) |  7.382E-04 2.441E-02
    2331 1.7904E+00 7.3816E-04  (-0.314    , -1.953E-03,   0.00    ) |  7.382E-04 2.441E-02
    2332 1.7911E+00 7.3817E-04  (-0.314    , -1.953E-03,   0.00    ) |  7.382E-04 2.441E-02
    2333 1.7918E+00 7.3817E-04  (-0.314    , -1.953E-03,   0.00    ) |  7.382E-04 2.441E-02
    2334 1.7926E+00 7.3818E-04  (-0.314    , -1.953E-03,   0.00    ) |  7.382E-04 2.441E-02
    2335 1.7933E+00 7.3818E-04  (-0.314    , -1.953E-03,   0.00    ) |  7.382E-04 2.441E-02
    2336 1.7941E+00 7.3819E-04  (-0.314    , -1.953E-03,   0.00    ) |  7.382E-04 2.441E-02
    2337 1.7948E+00 7.3819E-04  (-0.314    , -1.953E-03,   0.00    ) |  7.382E-04 2.441E-02
    2338 1.7955E+00 7.3820E-04  (-0.314    , -1.953E-03,   0.00    ) |  7.382E-04 2.441E-02
    2339 1.7963E+00 7.3821E-04  (-0.314    , -1.953E-03,   0.00    ) |  7.382E-04 2.441E-02
    2340 1.7970E+00 7.3821E-04  (-0.314    , -1.953E-03,   0.00    ) |  7.382E-04 2.441E-02
    2341 1.7978E+00 7.3822E-04  (-0.314    , -1.953E-03,   0.00    ) |  7.382E-04 2.441E-02
    2342 1.7985E+00 7.3823E-04  (-0.314    , -1.953E-03,   0.00    ) |  7.382E-04 2.441E-02
    2343 1.7992E+00 7.3824E-04  (-0.314    , -1.953E-03,   0.00    ) |  7.382E-04 2.441E-02
    2344 1.8000E+00 7.3824E-04  (-0.314    , -1.953E-03,   0.00    ) |  7.382E-04 2.441E-02
 *** Wrote plotfile to flash_run_hdf5_plt_cnt_0072 ****
    2345 1.8007E+00 7.3825E-04  (-0.314    , -1.953E-03,   0.00    ) |  7.383E-04 2.441E-02
    2346 1.8014E+00 7.3826E-04  (-0.314    , -1.953E-03,   0.00    ) |  7.383E-04 2.441E-02
    2347 1.8022E+00 7.3827E-04  ( 0.314    ,  1.953E-03,   0.00    ) |  7.383E-04 2.441E-02
    2348 1.8029E+00 7.3827E-04  ( 0.314    ,  1.953E-03,   0.00    ) |  7.383E-04 2.441E-02
    2349 1.8037E+00 7.3828E-04  (-0.314    , -1.953E-03,   0.00    ) |  7.383E-04 2.441E-02
    2350 1.8044E+00 7.3829E-04  (-0.314    , -1.953E-03,   0.00    ) |  7.383E-04 2.441E-02
    2351 1.8051E+00 7.3830E-04  (-0.314    , -1.953E-03,   0.00    ) |  7.383E-04 2.441E-02
    2352 1.8059E+00 7.3831E-04  (-0.314    , -1.953E-03,   0.00    ) |  7.383E-04 2.441E-02
    2353 1.8066E+00 7.3831E-04  (-0.314    , -1.953E-03,   0.00    ) |  7.383E-04 2.441E-02
    2354 1.8074E+00 7.3832E-04  (-0.314    , -1.953E-03,   0.00    ) |  7.383E-04 2.441E-02
    2355 1.8081E+00 7.3833E-04  (-0.314    , -1.953E-03,   0.00    ) |  7.383E-04 2.441E-02
    2356 1.8088E+00 7.3834E-04  (-0.314    , -1.953E-03,   0.00    ) |  7.383E-04 2.441E-02
    2357 1.8096E+00 7.3835E-04  (-0.314    , -1.953E-03,   0.00    ) |  7.384E-04 2.441E-02
    2358 1.8103E+00 7.3836E-04  (-0.311    , -1.953E-03,   0.00    ) |  7.384E-04 2.441E-02
    2359 1.8110E+00 7.3837E-04  (-0.311    , -1.953E-03,   0.00    ) |  7.384E-04 2.441E-02
    2360 1.8118E+00 7.3838E-04  (-0.311    , -1.953E-03,   0.00    ) |  7.384E-04 2.441E-02
    2361 1.8125E+00 7.3839E-04  (-0.311    , -1.953E-03,   0.00    ) |  7.384E-04 2.441E-02
    2362 1.8133E+00 7.3839E-04  ( 0.311    , -1.953E-03,   0.00    ) |  7.384E-04 2.441E-02
    2363 1.8140E+00 7.3840E-04  ( 0.311    , -1.953E-03,   0.00    ) |  7.384E-04 2.441E-02
    2364 1.8147E+00 7.3841E-04  ( 0.311    ,  1.953E-03,   0.00    ) |  7.384E-04 2.441E-02
    2365 1.8155E+00 7.3842E-04  (-0.311    , -1.953E-03,   0.00    ) |  7.384E-04 2.441E-02
    2366 1.8162E+00 7.3843E-04  (-0.311    , -1.953E-03,   0.00    ) |  7.384E-04 2.441E-02
    2367 1.8169E+00 7.3844E-04  (-0.311    , -1.953E-03,   0.00    ) |  7.384E-04 2.441E-02
    2368 1.8177E+00 7.3844E-04  (-0.311    , -1.953E-03,   0.00    ) |  7.384E-04 2.441E-02
    2369 1.8184E+00 7.3845E-04  (-0.311    , -1.953E-03,   0.00    ) |  7.385E-04 2.441E-02
    2370 1.8192E+00 7.3846E-04  (-0.311    , -1.953E-03,   0.00    ) |  7.385E-04 2.441E-02
    2371 1.8199E+00 7.3847E-04  ( 0.311    , -1.953E-03,   0.00    ) |  7.385E-04 2.441E-02
    2372 1.8206E+00 7.3848E-04  ( 0.311    , -1.953E-03,   0.00    ) |  7.385E-04 2.441E-02
    2373 1.8214E+00 7.3849E-04  ( 0.311    , -1.953E-03,   0.00    ) |  7.385E-04 2.441E-02
    2374 1.8221E+00 7.3850E-04  ( 0.311    , -1.953E-03,   0.00    ) |  7.385E-04 2.441E-02
    2375 1.8229E+00 7.3851E-04  (-0.311    ,  1.953E-03,   0.00    ) |  7.385E-04 2.441E-02
    2376 1.8236E+00 7.3852E-04  (-0.311    ,  1.953E-03,   0.00    ) |  7.385E-04 2.441E-02
    2377 1.8243E+00 7.3853E-04  (-0.311    ,  1.953E-03,   0.00    ) |  7.385E-04 2.441E-02
 *** Wrote plotfile to flash_run_hdf5_plt_cnt_0073 ****
    2378 1.8251E+00 7.3854E-04  (-0.311    ,  1.953E-03,   0.00    ) |  7.385E-04 2.441E-02
    2379 1.8258E+00 7.3855E-04  (-0.311    ,  1.953E-03,   0.00    ) |  7.386E-04 2.441E-02
    2380 1.8265E+00 7.3856E-04  (-0.311    ,  1.953E-03,   0.00    ) |  7.386E-04 2.441E-02
    2381 1.8273E+00 7.3857E-04  (-0.311    ,  1.953E-03,   0.00    ) |  7.386E-04 2.441E-02
    2382 1.8280E+00 7.3857E-04  (-0.311    ,  1.953E-03,   0.00    ) |  7.386E-04 2.441E-02
    2383 1.8288E+00 7.3858E-04  (-0.311    ,  1.953E-03,   0.00    ) |  7.386E-04 2.441E-02
    2384 1.8295E+00 7.3859E-04  (-0.311    ,  1.953E-03,   0.00    ) |  7.386E-04 2.441E-02
    2385 1.8302E+00 7.3860E-04  (-0.311    ,  1.953E-03,   0.00    ) |  7.386E-04 2.441E-02
    2386 1.8310E+00 7.3860E-04  (-0.311    ,  1.953E-03,   0.00    ) |  7.386E-04 2.441E-02
    2387 1.8317E+00 7.3861E-04  (-0.311    ,  1.953E-03,   0.00    ) |  7.386E-04 2.441E-02
    2388 1.8325E+00 7.3862E-04  (-0.311    ,  1.953E-03,   0.00    ) |  7.386E-04 2.441E-02
    2389 1.8332E+00 7.3862E-04  (-0.311    ,  1.953E-03,   0.00    ) |  7.386E-04 2.441E-02
    2390 1.8339E+00 7.3863E-04  (-0.311    ,  1.953E-03,   0.00    ) |  7.386E-04 2.441E-02
    2391 1.8347E+00 7.3864E-04  (-0.311    ,  1.953E-03,   0.00    ) |  7.386E-04 2.441E-02
    2392 1.8354E+00 7.3864E-04  (-0.311    ,  1.953E-03,   0.00    ) |  7.386E-04 2.441E-02
    2393 1.8362E+00 7.3865E-04  (-0.311    ,  1.953E-03,   0.00    ) |  7.387E-04 2.441E-02
    2394 1.8369E+00 7.3866E-04  (-0.311    ,  1.953E-03,   0.00    ) |  7.387E-04 2.441E-02
    2395 1.8376E+00 7.3867E-04  (-0.311    ,  1.953E-03,   0.00    ) |  7.387E-04 2.441E-02
    2396 1.8384E+00 7.3867E-04  (-0.311    ,  1.953E-03,   0.00    ) |  7.387E-04 2.441E-02
    2397 1.8391E+00 7.3868E-04  (-0.311    ,  1.953E-03,   0.00    ) |  7.387E-04 2.441E-02
    2398 1.8398E+00 7.3869E-04  (-0.311    ,  1.953E-03,   0.00    ) |  7.387E-04 2.441E-02
    2399 1.8406E+00 7.3870E-04  (-0.311    ,  1.953E-03,   0.00    ) |  7.387E-04 2.441E-02
    2400 1.8413E+00 7.3871E-04  (-0.311    ,  1.953E-03,   0.00    ) |  7.387E-04 2.441E-02
    2401 1.8421E+00 7.3872E-04  (-0.311    ,  1.953E-03,   0.00    ) |  7.387E-04 2.441E-02
    2402 1.8428E+00 7.3873E-04  (-0.311    ,  1.953E-03,   0.00    ) |  7.387E-04 2.441E-02
    2403 1.8435E+00 7.3874E-04  (-0.311    ,  1.953E-03,   0.00    ) |  7.387E-04 2.441E-02
    2404 1.8443E+00 7.3875E-04  (-0.311    ,  1.953E-03,   0.00    ) |  7.387E-04 2.441E-02
    2405 1.8450E+00 7.3876E-04  (-0.311    ,  1.953E-03,   0.00    ) |  7.388E-04 2.441E-02
    2406 1.8458E+00 7.3877E-04  (-0.311    ,  1.953E-03,   0.00    ) |  7.388E-04 2.441E-02
    2407 1.8465E+00 7.3878E-04  (-0.311    ,  1.953E-03,   0.00    ) |  7.388E-04 2.441E-02
    2408 1.8472E+00 7.3880E-04  (-0.311    ,  1.953E-03,   0.00    ) |  7.388E-04 2.441E-02
    2409 1.8480E+00 7.3881E-04  (-0.311    ,  1.953E-03,   0.00    ) |  7.388E-04 2.441E-02
    2410 1.8487E+00 7.3882E-04  (-0.311    ,  1.953E-03,   0.00    ) |  7.388E-04 2.441E-02
    2411 1.8494E+00 7.3883E-04  (-0.311    ,  1.953E-03,   0.00    ) |  7.388E-04 2.441E-02
 *** Wrote plotfile to flash_run_hdf5_plt_cnt_0074 ****
    2412 1.8502E+00 7.3885E-04  (-0.311    ,  1.953E-03,   0.00    ) |  7.388E-04 2.441E-02
    2413 1.8509E+00 7.3886E-04  (-0.311    ,  1.953E-03,   0.00    ) |  7.389E-04 2.441E-02
    2414 1.8517E+00 7.3888E-04  (-0.311    ,  1.953E-03,   0.00    ) |  7.389E-04 2.441E-02
    2415 1.8524E+00 7.3889E-04  (-0.311    ,  1.953E-03,   0.00    ) |  7.389E-04 2.441E-02
    2416 1.8531E+00 7.3891E-04  (-0.311    ,  1.953E-03,   0.00    ) |  7.389E-04 2.441E-02
    2417 1.8539E+00 7.3892E-04  (-0.311    ,  1.953E-03,   0.00    ) |  7.389E-04 2.441E-02
    2418 1.8546E+00 7.3894E-04  (-0.311    ,  1.953E-03,   0.00    ) |  7.389E-04 2.441E-02
    2419 1.8554E+00 7.3896E-04  (-0.311    ,  1.953E-03,   0.00    ) |  7.390E-04 2.441E-02
    2420 1.8561E+00 7.3897E-04  (-0.311    ,  1.953E-03,   0.00    ) |  7.390E-04 2.441E-02
    2421 1.8568E+00 7.3899E-04  (-0.311    ,  1.953E-03,   0.00    ) |  7.390E-04 2.441E-02
    2422 1.8576E+00 7.3901E-04  (-0.311    ,  1.953E-03,   0.00    ) |  7.390E-04 2.441E-02
    2423 1.8583E+00 7.3903E-04  (-0.311    ,  1.953E-03,   0.00    ) |  7.390E-04 2.441E-02
    2424 1.8591E+00 7.3905E-04  (-0.311    ,  1.953E-03,   0.00    ) |  7.390E-04 2.441E-02
    2425 1.8598E+00 7.3907E-04  (-0.311    ,  1.953E-03,   0.00    ) |  7.391E-04 2.441E-02
    2426 1.8605E+00 7.3909E-04  (-0.311    ,  1.953E-03,   0.00    ) |  7.391E-04 2.441E-02
    2427 1.8613E+00 7.3910E-04  (-0.311    ,  1.953E-03,   0.00    ) |  7.391E-04 2.441E-02
    2428 1.8620E+00 7.3912E-04  (-0.311    ,  1.953E-03,   0.00    ) |  7.391E-04 2.441E-02
    2429 1.8628E+00 7.3914E-04  (-0.311    ,  1.953E-03,   0.00    ) |  7.391E-04 2.441E-02
    2430 1.8635E+00 7.3916E-04  (-0.311    ,  1.953E-03,   0.00    ) |  7.392E-04 2.441E-02
    2431 1.8642E+00 7.3918E-04  (-0.311    ,  1.953E-03,   0.00    ) |  7.392E-04 2.441E-02
    2432 1.8650E+00 7.3920E-04  (-0.311    ,  1.953E-03,   0.00    ) |  7.392E-04 2.441E-02
    2433 1.8657E+00 7.3922E-04  (-0.311    ,  1.953E-03,   0.00    ) |  7.392E-04 2.441E-02
    2434 1.8664E+00 7.3924E-04  (-0.311    ,  1.953E-03,   0.00    ) |  7.392E-04 2.441E-02
    2435 1.8672E+00 7.3926E-04  (-0.311    ,  1.953E-03,   0.00    ) |  7.393E-04 2.441E-02
    2436 1.8679E+00 7.3928E-04  (-0.311    ,  1.953E-03,   0.00    ) |  7.393E-04 2.441E-02
    2437 1.8687E+00 7.3930E-04  (-0.311    ,  1.953E-03,   0.00    ) |  7.393E-04 2.441E-02
    2438 1.8694E+00 7.3932E-04  (-0.311    ,  1.953E-03,   0.00    ) |  7.393E-04 2.441E-02
    2439 1.8701E+00 7.3934E-04  (-0.311    ,  1.953E-03,   0.00    ) |  7.393E-04 2.441E-02
    2440 1.8709E+00 7.3936E-04  (-0.311    ,  1.953E-03,   0.00    ) |  7.394E-04 2.441E-02
    2441 1.8716E+00 7.3938E-04  (-0.311    ,  1.953E-03,   0.00    ) |  7.394E-04 2.441E-02
    2442 1.8724E+00 7.3940E-04  (-0.311    ,  1.953E-03,   0.00    ) |  7.394E-04 2.441E-02
    2443 1.8731E+00 7.3942E-04  (-0.311    ,  1.953E-03,   0.00    ) |  7.394E-04 2.441E-02
    2444 1.8738E+00 7.3944E-04  (-0.311    ,  1.953E-03,   0.00    ) |  7.394E-04 2.441E-02
    2445 1.8746E+00 7.3946E-04  (-0.311    ,  1.953E-03,   0.00    ) |  7.395E-04 2.441E-02
 *** Wrote plotfile to flash_run_hdf5_plt_cnt_0075 ****
    2446 1.8753E+00 7.3949E-04  (-0.311    ,  1.953E-03,   0.00    ) |  7.395E-04 2.441E-02
    2447 1.8761E+00 7.3951E-04  (-0.311    ,  1.953E-03,   0.00    ) |  7.395E-04 2.441E-02
    2448 1.8768E+00 7.3953E-04  (-0.311    ,  1.953E-03,   0.00    ) |  7.395E-04 2.441E-02
    2449 1.8775E+00 7.3955E-04  (-0.311    ,  1.953E-03,   0.00    ) |  7.395E-04 2.441E-02
    2450 1.8783E+00 7.3957E-04  (-0.311    ,  1.953E-03,   0.00    ) |  7.396E-04 2.441E-02
    2451 1.8790E+00 7.3958E-04  ( 0.311    ,  1.953E-03,   0.00    ) |  7.396E-04 2.441E-02
    2452 1.8798E+00 7.3960E-04  ( 0.311    ,  1.953E-03,   0.00    ) |  7.396E-04 2.441E-02
    2453 1.8805E+00 7.3962E-04  ( 0.311    ,  1.953E-03,   0.00    ) |  7.396E-04 2.441E-02
    2454 1.8812E+00 7.3964E-04  ( 0.311    ,  1.953E-03,   0.00    ) |  7.396E-04 2.441E-02
    2455 1.8820E+00 7.3965E-04  ( 0.311    ,  1.953E-03,   0.00    ) |  7.397E-04 2.441E-02
    2456 1.8827E+00 7.3967E-04  ( 0.311    ,  1.953E-03,   0.00    ) |  7.397E-04 2.441E-02
    2457 1.8835E+00 7.3968E-04  ( 0.311    ,  1.953E-03,   0.00    ) |  7.397E-04 2.441E-02
    2458 1.8842E+00 7.3970E-04  ( 0.311    ,  1.953E-03,   0.00    ) |  7.397E-04 2.441E-02
    2459 1.8849E+00 7.3971E-04  ( 0.311    ,  1.953E-03,   0.00    ) |  7.397E-04 2.441E-02
    2460 1.8857E+00 7.3972E-04  (-0.311    , -1.953E-03,   0.00    ) |  7.397E-04 2.441E-02
    2461 1.8864E+00 7.3973E-04  (-0.311    , -1.953E-03,   0.00    ) |  7.397E-04 2.441E-02
    2462 1.8872E+00 7.3974E-04  (-0.311    ,  1.953E-03,   0.00    ) |  7.397E-04 2.441E-02
    2463 1.8879E+00 7.3975E-04  (-0.311    ,  1.953E-03,   0.00    ) |  7.398E-04 2.441E-02
    2464 1.8886E+00 7.3976E-04  (-0.311    , -1.953E-03,   0.00    ) |  7.398E-04 2.441E-02
    2465 1.8894E+00 7.3977E-04  (-0.311    , -1.953E-03,   0.00    ) |  7.398E-04 2.441E-02
    2466 1.8901E+00 7.3978E-04  (-0.311    , -1.953E-03,   0.00    ) |  7.398E-04 2.441E-02
    2467 1.8909E+00 7.3979E-04  (-0.311    ,  1.953E-03,   0.00    ) |  7.398E-04 2.441E-02
    2468 1.8916E+00 7.3980E-04  (-0.311    , -1.953E-03,   0.00    ) |  7.398E-04 2.441E-02
    2469 1.8923E+00 7.3981E-04  (-0.311    , -1.953E-03,   0.00    ) |  7.398E-04 2.441E-02
    2470 1.8931E+00 7.3981E-04  (-0.311    , -1.953E-03,   0.00    ) |  7.398E-04 2.441E-02
    2471 1.8938E+00 7.3982E-04  (-0.311    , -1.953E-03,   0.00    ) |  7.398E-04 2.441E-02
    2472 1.8946E+00 7.3983E-04  (-0.311    , -1.953E-03,   0.00    ) |  7.398E-04 2.441E-02
    2473 1.8953E+00 7.3983E-04  (-0.311    , -1.953E-03,   0.00    ) |  7.398E-04 2.441E-02
    2474 1.8960E+00 7.3984E-04  (-0.311    , -1.953E-03,   0.00    ) |  7.398E-04 2.441E-02
    2475 1.8968E+00 7.3984E-04  ( 0.311    ,  1.953E-03,   0.00    ) |  7.398E-04 2.441E-02
    2476 1.8975E+00 7.3985E-04  ( 0.311    ,  1.953E-03,   0.00    ) |  7.398E-04 2.441E-02
    2477 1.8982E+00 7.3985E-04  ( 0.311    ,  1.953E-03,   0.00    ) |  7.399E-04 2.441E-02
    2478 1.8990E+00 7.3986E-04  ( 0.311    ,  1.953E-03,   0.00    ) |  7.399E-04 2.441E-02
    2479 1.8997E+00 7.3987E-04  ( 0.311    ,  1.953E-03,   0.00    ) |  7.399E-04 2.441E-02
 *** Wrote plotfile to flash_run_hdf5_plt_cnt_0076 ****
    2480 1.9005E+00 7.3987E-04  ( 0.311    ,  1.953E-03,   0.00    ) |  7.399E-04 2.441E-02
    2481 1.9012E+00 7.3988E-04  ( 0.311    ,  1.953E-03,   0.00    ) |  7.399E-04 2.441E-02
    2482 1.9019E+00 7.3988E-04  ( 0.311    ,  1.953E-03,   0.00    ) |  7.399E-04 2.441E-02
    2483 1.9027E+00 7.3989E-04  ( 0.311    ,  1.953E-03,   0.00    ) |  7.399E-04 2.441E-02
    2484 1.9034E+00 7.3989E-04  ( 0.311    ,  1.953E-03,   0.00    ) |  7.399E-04 2.441E-02
    2485 1.9042E+00 7.3990E-04  ( 0.311    ,  1.953E-03,   0.00    ) |  7.399E-04 2.441E-02
    2486 1.9049E+00 7.3991E-04  ( 0.311    ,  1.953E-03,   0.00    ) |  7.399E-04 2.441E-02
    2487 1.9056E+00 7.3992E-04  ( 0.311    ,  1.953E-03,   0.00    ) |  7.399E-04 2.441E-02
    2488 1.9064E+00 7.3993E-04  (-0.311    ,  1.953E-03,   0.00    ) |  7.399E-04 2.441E-02
    2489 1.9071E+00 7.3994E-04  (-0.311    ,  1.953E-03,   0.00    ) |  7.399E-04 2.441E-02
    2490 1.9079E+00 7.3995E-04  (-0.311    ,  1.953E-03,   0.00    ) |  7.399E-04 2.441E-02
    2491 1.9086E+00 7.3996E-04  (-0.311    ,  1.953E-03,   0.00    ) |  7.400E-04 2.441E-02
    2492 1.9093E+00 7.3998E-04  (-0.311    ,  1.953E-03,   0.00    ) |  7.400E-04 2.441E-02
    2493 1.9101E+00 7.3999E-04  (-0.311    ,  1.953E-03,   0.00    ) |  7.400E-04 2.441E-02
    2494 1.9108E+00 7.4000E-04  (-0.311    ,  1.953E-03,   0.00    ) |  7.400E-04 2.441E-02
    2495 1.9116E+00 7.4002E-04  (-0.311    ,  1.953E-03,   0.00    ) |  7.400E-04 2.441E-02
    2496 1.9123E+00 7.4003E-04  (-0.311    ,  1.953E-03,   0.00    ) |  7.400E-04 2.441E-02
    2497 1.9130E+00 7.4004E-04  (-0.311    ,  1.953E-03,   0.00    ) |  7.400E-04 2.441E-02
    2498 1.9138E+00 7.4006E-04  (-0.311    ,  1.953E-03,   0.00    ) |  7.401E-04 2.441E-02
    2499 1.9145E+00 7.4007E-04  ( 0.311    ,  1.953E-03,   0.00    ) |  7.401E-04 2.441E-02
    2500 1.9153E+00 7.4009E-04  (-0.311    ,  1.953E-03,   0.00    ) |  7.401E-04 2.441E-02
    2501 1.9160E+00 7.4010E-04  ( 0.311    ,  1.953E-03,   0.00    ) |  7.401E-04 2.441E-02
    2502 1.9167E+00 7.4011E-04  ( 0.311    ,  1.953E-03,   0.00    ) |  7.401E-04 2.441E-02
    2503 1.9175E+00 7.4013E-04  ( 0.311    ,  1.953E-03,   0.00    ) |  7.401E-04 2.441E-02
    2504 1.9182E+00 7.4014E-04  ( 0.311    ,  1.953E-03,   0.00    ) |  7.401E-04 2.441E-02
    2505 1.9190E+00 7.4016E-04  ( 0.311    ,  1.953E-03,   0.00    ) |  7.402E-04 2.441E-02
    2506 1.9197E+00 7.4017E-04  (-0.311    ,  1.953E-03,   0.00    ) |  7.402E-04 2.441E-02
    2507 1.9204E+00 7.4018E-04  (-0.311    ,  1.953E-03,   0.00    ) |  7.402E-04 2.441E-02
    2508 1.9212E+00 7.4020E-04  (-0.311    ,  1.953E-03,   0.00    ) |  7.402E-04 2.441E-02
    2509 1.9219E+00 7.4021E-04  (-0.311    ,  1.953E-03,   0.00    ) |  7.402E-04 2.441E-02
    2510 1.9227E+00 7.4022E-04  (-0.311    ,  1.953E-03,   0.00    ) |  7.402E-04 2.441E-02
    2511 1.9234E+00 7.4024E-04  (-0.311    ,  1.953E-03,   0.00    ) |  7.402E-04 2.441E-02
    2512 1.9241E+00 7.4025E-04  (-0.311    ,  1.953E-03,   0.00    ) |  7.403E-04 2.441E-02
    2513 1.9249E+00 7.4027E-04  (-0.311    ,  1.953E-03,   0.00    ) |  7.403E-04 2.441E-02
 *** Wrote plotfile to flash_run_hdf5_plt_cnt_0077 ****
    2514 1.9256E+00 7.4028E-04  (-0.311    ,  1.953E-03,   0.00    ) |  7.403E-04 2.441E-02
    2515 1.9264E+00 7.4029E-04  (-0.311    ,  1.953E-03,   0.00    ) |  7.403E-04 2.441E-02
    2516 1.9271E+00 7.4031E-04  (-0.311    ,  1.953E-03,   0.00    ) |  7.403E-04 2.441E-02
    2517 1.9279E+00 7.4032E-04  (-0.311    ,  1.953E-03,   0.00    ) |  7.403E-04 2.441E-02
    2518 1.9286E+00 7.4033E-04  (-0.311    , -1.953E-03,   0.00    ) |  7.403E-04 2.441E-02
    2519 1.9293E+00 7.4035E-04  (-0.311    ,  1.953E-03,   0.00    ) |  7.403E-04 2.441E-02
    2520 1.9301E+00 7.4036E-04  (-0.311    ,  1.953E-03,   0.00    ) |  7.404E-04 2.441E-02
    2521 1.9308E+00 7.4037E-04  (-0.311    ,  1.953E-03,   0.00    ) |  7.404E-04 2.441E-02
    2522 1.9316E+00 7.4038E-04  (-0.311    ,  1.953E-03,   0.00    ) |  7.404E-04 2.441E-02
    2523 1.9323E+00 7.4039E-04  (-0.311    ,  1.953E-03,   0.00    ) |  7.404E-04 2.441E-02
    2524 1.9330E+00 7.4040E-04  (-0.311    ,  1.953E-03,   0.00    ) |  7.404E-04 2.441E-02
    2525 1.9338E+00 7.4041E-04  (-0.311    ,  1.953E-03,   0.00    ) |  7.404E-04 2.441E-02
    2526 1.9345E+00 7.4042E-04  (-0.311    , -1.953E-03,   0.00    ) |  7.404E-04 2.441E-02
    2527 1.9353E+00 7.4043E-04  (-0.311    , -1.953E-03,   0.00    ) |  7.404E-04 2.441E-02
    2528 1.9360E+00 7.4044E-04  ( 0.311    ,  1.953E-03,   0.00    ) |  7.404E-04 2.441E-02
    2529 1.9367E+00 7.4045E-04  ( 0.311    , -1.953E-03,   0.00    ) |  7.405E-04 2.441E-02
    2530 1.9375E+00 7.4046E-04  ( 0.311    , -1.953E-03,   0.00    ) |  7.405E-04 2.441E-02
    2531 1.9382E+00 7.4047E-04  ( 0.311    , -1.953E-03,   0.00    ) |  7.405E-04 2.441E-02
    2532 1.9390E+00 7.4048E-04  ( 0.311    , -1.953E-03,   0.00    ) |  7.405E-04 2.441E-02
    2533 1.9397E+00 7.4049E-04  ( 0.311    , -1.953E-03,   0.00    ) |  7.405E-04 2.441E-02
    2534 1.9404E+00 7.4050E-04  ( 0.311    , -1.953E-03,   0.00    ) |  7.405E-04 2.441E-02
    2535 1.9412E+00 7.4051E-04  ( 0.311    , -1.953E-03,   0.00    ) |  7.405E-04 2.441E-02
    2536 1.9419E+00 7.4052E-04  ( 0.311    , -1.953E-03,   0.00    ) |  7.405E-04 2.441E-02
    2537 1.9427E+00 7.4053E-04  (-0.311    , -1.953E-03,   0.00    ) |  7.405E-04 2.441E-02
    2538 1.9434E+00 7.4054E-04  (-0.311    , -1.953E-03,   0.00    ) |  7.405E-04 2.441E-02
    2539 1.9441E+00 7.4055E-04  (-0.311    , -1.953E-03,   0.00    ) |  7.405E-04 2.441E-02
    2540 1.9449E+00 7.4056E-04  (-0.311    , -1.953E-03,   0.00    ) |  7.406E-04 2.441E-02
    2541 1.9456E+00 7.4056E-04  (-0.311    , -1.953E-03,   0.00    ) |  7.406E-04 2.441E-02
    2542 1.9464E+00 7.4057E-04  (-0.311    , -1.953E-03,   0.00    ) |  7.406E-04 2.441E-02
    2543 1.9471E+00 7.4058E-04  (-0.311    , -1.953E-03,   0.00    ) |  7.406E-04 2.441E-02
    2544 1.9478E+00 7.4059E-04  (-0.311    , -1.953E-03,   0.00    ) |  7.406E-04 2.441E-02
    2545 1.9486E+00 7.4060E-04  (-0.311    , -1.953E-03,   0.00    ) |  7.406E-04 2.441E-02
    2546 1.9493E+00 7.4061E-04  (-0.311    , -1.953E-03,   0.00    ) |  7.406E-04 2.441E-02
 *** Wrote plotfile to flash_run_hdf5_plt_cnt_0078 ****
    2547 1.9501E+00 7.4061E-04  (-0.311    , -1.953E-03,   0.00    ) |  7.406E-04 2.441E-02
    2548 1.9508E+00 7.4062E-04  (-0.311    , -1.953E-03,   0.00    ) |  7.406E-04 2.441E-02
    2549 1.9515E+00 7.4063E-04  (-0.311    , -1.953E-03,   0.00    ) |  7.406E-04 2.441E-02
    2550 1.9523E+00 7.4063E-04  (-0.311    , -1.953E-03,   0.00    ) |  7.406E-04 2.441E-02
    2551 1.9530E+00 7.4064E-04  (-0.311    , -1.953E-03,   0.00    ) |  7.406E-04 2.441E-02
    2552 1.9538E+00 7.4064E-04  (-0.311    , -1.953E-03,   0.00    ) |  7.406E-04 2.441E-02
    2553 1.9545E+00 7.4065E-04  (-0.307    , -1.953E-03,   0.00    ) |  7.406E-04 2.441E-02
    2554 1.9552E+00 7.4065E-04  (-0.307    , -1.953E-03,   0.00    ) |  7.407E-04 2.441E-02
    2555 1.9560E+00 7.4066E-04  (-0.307    , -1.953E-03,   0.00    ) |  7.407E-04 2.441E-02
    2556 1.9567E+00 7.4066E-04  (-0.307    , -1.953E-03,   0.00    ) |  7.407E-04 2.441E-02
    2557 1.9575E+00 7.4067E-04  (-0.307    , -1.953E-03,   0.00    ) |  7.407E-04 2.441E-02
    2558 1.9582E+00 7.4067E-04  (-0.307    , -1.953E-03,   0.00    ) |  7.407E-04 2.441E-02
    2559 1.9590E+00 7.4068E-04  (-0.307    , -1.953E-03,   0.00    ) |  7.407E-04 2.441E-02
    2560 1.9597E+00 7.4068E-04  (-0.307    , -1.953E-03,   0.00    ) |  7.407E-04 2.441E-02
    2561 1.9604E+00 7.4068E-04  ( 0.307    , -1.953E-03,   0.00    ) |  7.407E-04 2.441E-02
    2562 1.9612E+00 7.4069E-04  ( 0.307    , -1.953E-03,   0.00    ) |  7.407E-04 2.441E-02
    2563 1.9619E+00 7.4069E-04  ( 0.307    ,  1.953E-03,   0.00    ) |  7.407E-04 2.441E-02
    2564 1.9627E+00 7.4069E-04  ( 0.307    ,  1.953E-03,   0.00    ) |  7.407E-04 2.441E-02
    2565 1.9634E+00 7.4069E-04  ( 0.307    ,  1.953E-03,   0.00    ) |  7.407E-04 2.441E-02
    2566 1.9641E+00 7.4070E-04  ( 0.307    ,  1.953E-03,   0.00    ) |  7.407E-04 2.441E-02
    2567 1.9649E+00 7.4070E-04  ( 0.307    ,  1.953E-03,   0.00    ) |  7.407E-04 2.441E-02
    2568 1.9656E+00 7.4070E-04  ( 0.307    ,  1.953E-03,   0.00    ) |  7.407E-04 2.441E-02
    2569 1.9664E+00 7.4070E-04  (-0.307    , -1.953E-03,   0.00    ) |  7.407E-04 2.441E-02
    2570 1.9671E+00 7.4071E-04  (-0.307    , -1.953E-03,   0.00    ) |  7.407E-04 2.441E-02
    2571 1.9678E+00 7.4071E-04  (-0.307    , -1.953E-03,   0.00    ) |  7.407E-04 2.441E-02
    2572 1.9686E+00 7.4071E-04  (-0.307    , -1.953E-03,   0.00    ) |  7.407E-04 2.441E-02
    2573 1.9693E+00 7.4071E-04  (-0.307    , -1.953E-03,   0.00    ) |  7.407E-04 2.441E-02
    2574 1.9701E+00 7.4071E-04  (-0.307    , -1.953E-03,   0.00    ) |  7.407E-04 2.441E-02
    2575 1.9708E+00 7.4071E-04  (-0.307    , -1.953E-03,   0.00    ) |  7.407E-04 2.441E-02
    2576 1.9715E+00 7.4071E-04  (-0.307    , -1.953E-03,   0.00    ) |  7.407E-04 2.441E-02
    2577 1.9723E+00 7.4071E-04  (-0.307    , -1.953E-03,   0.00    ) |  7.407E-04 2.441E-02
    2578 1.9730E+00 7.4071E-04  (-0.307    , -1.953E-03,   0.00    ) |  7.407E-04 2.441E-02
    2579 1.9738E+00 7.4071E-04  (-0.307    , -1.953E-03,   0.00    ) |  7.407E-04 2.441E-02
    2580 1.9745E+00 7.4071E-04  ( 0.307    ,  1.953E-03,   0.00    ) |  7.407E-04 2.441E-02
 *** Wrote plotfile to flash_run_hdf5_plt_cnt_0079 ****
    2581 1.9752E+00 7.4071E-04  ( 0.307    ,  1.953E-03,   0.00    ) |  7.407E-04 2.441E-02
    2582 1.9760E+00 7.4071E-04  ( 0.307    ,  1.953E-03,   0.00    ) |  7.407E-04 2.441E-02
    2583 1.9767E+00 7.4071E-04  ( 0.307    ,  1.953E-03,   0.00    ) |  7.407E-04 2.441E-02
    2584 1.9775E+00 7.4071E-04  ( 0.307    ,  1.953E-03,   0.00    ) |  7.407E-04 2.441E-02
    2585 1.9782E+00 7.4071E-04  ( 0.307    ,  1.953E-03,   0.00    ) |  7.407E-04 2.441E-02
    2586 1.9790E+00 7.4071E-04  ( 0.307    ,  1.953E-03,   0.00    ) |  7.407E-04 2.441E-02
    2587 1.9797E+00 7.4071E-04  ( 0.307    ,  1.953E-03,   0.00    ) |  7.407E-04 2.441E-02
    2588 1.9804E+00 7.4071E-04  ( 0.307    ,  1.953E-03,   0.00    ) |  7.407E-04 2.441E-02
    2589 1.9812E+00 7.4071E-04  ( 0.307    ,  1.953E-03,   0.00    ) |  7.407E-04 2.441E-02
    2590 1.9819E+00 7.4071E-04  ( 0.307    ,  1.953E-03,   0.00    ) |  7.407E-04 2.441E-02
    2591 1.9827E+00 7.4070E-04  ( 0.307    ,  1.953E-03,   0.00    ) |  7.407E-04 2.441E-02
    2592 1.9834E+00 7.4070E-04  (-0.307    , -1.953E-03,   0.00    ) |  7.407E-04 2.441E-02
    2593 1.9841E+00 7.4070E-04  (-0.307    , -1.953E-03,   0.00    ) |  7.407E-04 2.441E-02
    2594 1.9849E+00 7.4070E-04  (-0.307    , -1.953E-03,   0.00    ) |  7.407E-04 2.441E-02
    2595 1.9856E+00 7.4070E-04  (-0.307    , -1.953E-03,   0.00    ) |  7.407E-04 2.441E-02
    2596 1.9864E+00 7.4070E-04  (-0.307    , -1.953E-03,   0.00    ) |  7.407E-04 2.441E-02
    2597 1.9871E+00 7.4070E-04  (-0.307    , -1.953E-03,   0.00    ) |  7.407E-04 2.441E-02
    2598 1.9878E+00 7.4070E-04  (-0.307    , -1.953E-03,   0.00    ) |  7.407E-04 2.441E-02
    2599 1.9886E+00 7.4070E-04  (-0.307    , -1.953E-03,   0.00    ) |  7.407E-04 2.441E-02
    2600 1.9893E+00 7.4070E-04  (-0.307    , -1.953E-03,   0.00    ) |  7.407E-04 2.441E-02
    2601 1.9901E+00 7.4070E-04  (-0.307    , -1.953E-03,   0.00    ) |  7.407E-04 2.441E-02
    2602 1.9908E+00 7.4070E-04  (-0.307    , -1.953E-03,   0.00    ) |  7.407E-04 2.441E-02
    2603 1.9915E+00 7.4070E-04  (-0.307    , -1.953E-03,   0.00    ) |  7.407E-04 2.441E-02
    2604 1.9923E+00 7.4070E-04  (-0.307    , -1.953E-03,   0.00    ) |  7.407E-04 2.441E-02
    2605 1.9930E+00 7.4070E-04  (-0.307    , -1.953E-03,   0.00    ) |  7.407E-04 2.441E-02
    2606 1.9938E+00 7.4070E-04  (-0.307    , -1.953E-03,   0.00    ) |  7.407E-04 2.441E-02
    2607 1.9945E+00 7.4070E-04  (-0.307    , -1.953E-03,   0.00    ) |  7.407E-04 2.441E-02
    2608 1.9952E+00 7.4070E-04  (-0.307    , -1.953E-03,   0.00    ) |  7.407E-04 2.441E-02
    2609 1.9960E+00 7.4070E-04  ( 0.307    ,  1.953E-03,   0.00    ) |  7.407E-04 2.441E-02
    2610 1.9967E+00 7.4070E-04  ( 0.307    ,  1.953E-03,   0.00    ) |  7.407E-04 2.441E-02
    2611 1.9975E+00 7.4070E-04  ( 0.307    ,  1.953E-03,   0.00    ) |  7.407E-04 2.441E-02
    2612 1.9982E+00 7.4071E-04  ( 0.307    ,  1.953E-03,   0.00    ) |  7.407E-04 2.441E-02
    2613 1.9990E+00 7.4071E-04  ( 0.307    ,  1.953E-03,   0.00    ) |  7.407E-04 2.441E-02
    2614 1.9997E+00 7.4071E-04  ( 0.307    ,  1.953E-03,   0.00    ) |  7.407E-04 2.441E-02
 *** Wrote plotfile to flash_run_hdf5_plt_cnt_0080 ****
    2615 2.0004E+00 7.4072E-04  ( 0.307    ,  1.953E-03,   0.00    ) |  7.407E-04 2.441E-02
    2616 2.0012E+00 7.4073E-04  ( 0.307    ,  1.953E-03,   0.00    ) |  7.407E-04 2.441E-02
    2617 2.0019E+00 7.4073E-04  ( 0.307    ,  1.953E-03,   0.00    ) |  7.407E-04 2.441E-02
    2618 2.0027E+00 7.4074E-04  (-0.307    , -1.953E-03,   0.00    ) |  7.407E-04 2.441E-02
    2619 2.0034E+00 7.4075E-04  (-0.307    , -1.953E-03,   0.00    ) |  7.407E-04 2.441E-02
    2620 2.0041E+00 7.4075E-04  (-0.307    , -1.953E-03,   0.00    ) |  7.408E-04 2.441E-02
    2621 2.0049E+00 7.4076E-04  (-0.307    , -1.953E-03,   0.00    ) |  7.408E-04 2.441E-02
    2622 2.0056E+00 7.4077E-04  (-0.307    , -1.953E-03,   0.00    ) |  7.408E-04 2.441E-02
    2623 2.0064E+00 7.4078E-04  (-0.307    , -1.953E-03,   0.00    ) |  7.408E-04 2.441E-02
    2624 2.0071E+00 7.4079E-04  ( 0.307    ,  1.953E-03,   0.00    ) |  7.408E-04 2.441E-02
    2625 2.0078E+00 7.4080E-04  ( 0.307    ,  1.953E-03,   0.00    ) |  7.408E-04 2.441E-02
    2626 2.0086E+00 7.4081E-04  ( 0.307    ,  1.953E-03,   0.00    ) |  7.408E-04 2.441E-02
    2627 2.0093E+00 7.4082E-04  ( 0.307    ,  1.953E-03,   0.00    ) |  7.408E-04 2.441E-02
    2628 2.0101E+00 7.4083E-04  ( 0.307    ,  1.953E-03,   0.00    ) |  7.408E-04 2.441E-02
    2629 2.0108E+00 7.4084E-04  ( 0.307    ,  1.953E-03,   0.00    ) |  7.408E-04 2.441E-02
    2630 2.0115E+00 7.4085E-04  ( 0.307    ,  1.953E-03,   0.00    ) |  7.408E-04 2.441E-02
    2631 2.0123E+00 7.4085E-04  ( 0.307    ,  1.953E-03,   0.00    ) |  7.409E-04 2.441E-02
    2632 2.0130E+00 7.4086E-04  ( 0.307    ,  1.953E-03,   0.00    ) |  7.409E-04 2.441E-02
    2633 2.0138E+00 7.4087E-04  ( 0.307    ,  1.953E-03,   0.00    ) |  7.409E-04 2.441E-02
    2634 2.0145E+00 7.4088E-04  (-0.307    , -1.953E-03,   0.00    ) |  7.409E-04 2.441E-02
    2635 2.0152E+00 7.4089E-04  (-0.307    , -1.953E-03,   0.00    ) |  7.409E-04 2.441E-02
    2636 2.0160E+00 7.4090E-04  (-0.307    , -1.953E-03,   0.00    ) |  7.409E-04 2.441E-02
    2637 2.0167E+00 7.4091E-04  ( 0.307    ,  1.953E-03,   0.00    ) |  7.409E-04 2.441E-02
    2638 2.0175E+00 7.4091E-04  ( 0.307    ,  1.953E-03,   0.00    ) |  7.409E-04 2.441E-02
    2639 2.0182E+00 7.4092E-04  ( 0.307    ,  1.953E-03,   0.00    ) |  7.409E-04 2.441E-02
    2640 2.0190E+00 7.4093E-04  ( 0.307    ,  1.953E-03,   0.00    ) |  7.409E-04 2.441E-02
    2641 2.0197E+00 7.4094E-04  ( 0.307    ,  1.953E-03,   0.00    ) |  7.409E-04 2.441E-02
    2642 2.0204E+00 7.4095E-04  ( 0.307    ,  1.953E-03,   0.00    ) |  7.409E-04 2.441E-02
    2643 2.0212E+00 7.4095E-04  ( 0.307    ,  1.953E-03,   0.00    ) |  7.410E-04 2.441E-02
    2644 2.0219E+00 7.4096E-04  ( 0.307    ,  1.953E-03,   0.00    ) |  7.410E-04 2.441E-02
    2645 2.0227E+00 7.4097E-04  ( 0.307    ,  1.953E-03,   0.00    ) |  7.410E-04 2.441E-02
    2646 2.0234E+00 7.4098E-04  (-0.307    , -1.953E-03,   0.00    ) |  7.410E-04 2.441E-02
    2647 2.0241E+00 7.4099E-04  (-0.307    , -1.953E-03,   0.00    ) |  7.410E-04 2.441E-02
    2648 2.0249E+00 7.4100E-04  (-0.307    , -1.953E-03,   0.00    ) |  7.410E-04 2.441E-02
 *** Wrote plotfile to flash_run_hdf5_plt_cnt_0081 ****
    2649 2.0256E+00 7.4101E-04  (-0.307    , -1.953E-03,   0.00    ) |  7.410E-04 2.441E-02
    2650 2.0264E+00 7.4101E-04  (-0.307    , -1.953E-03,   0.00    ) |  7.410E-04 2.441E-02
    2651 2.0271E+00 7.4102E-04  (-0.307    , -1.953E-03,   0.00    ) |  7.410E-04 2.441E-02
    2652 2.0278E+00 7.4103E-04  (-0.307    , -1.953E-03,   0.00    ) |  7.410E-04 2.441E-02
    2653 2.0286E+00 7.4104E-04  (-0.307    , -1.953E-03,   0.00    ) |  7.410E-04 2.441E-02
    2654 2.0293E+00 7.4105E-04  (-0.307    , -1.953E-03,   0.00    ) |  7.411E-04 2.441E-02
    2655 2.0301E+00 7.4106E-04  (-0.307    , -1.953E-03,   0.00    ) |  7.411E-04 2.441E-02
    2656 2.0308E+00 7.4107E-04  (-0.307    , -1.953E-03,   0.00    ) |  7.411E-04 2.441E-02
    2657 2.0315E+00 7.4108E-04  (-0.307    , -1.953E-03,   0.00    ) |  7.411E-04 2.441E-02
    2658 2.0323E+00 7.4109E-04  (-0.307    ,  1.953E-03,   0.00    ) |  7.411E-04 2.441E-02
    2659 2.0330E+00 7.4111E-04  (-0.307    ,  1.953E-03,   0.00    ) |  7.411E-04 2.441E-02
    2660 2.0338E+00 7.4112E-04  (-0.307    ,  1.953E-03,   0.00    ) |  7.411E-04 2.441E-02
    2661 2.0345E+00 7.4113E-04  (-0.307    ,  1.953E-03,   0.00    ) |  7.411E-04 2.441E-02
    2662 2.0353E+00 7.4114E-04  (-0.307    ,  1.953E-03,   0.00    ) |  7.411E-04 2.441E-02
    2663 2.0360E+00 7.4115E-04  (-0.307    , -1.953E-03,   0.00    ) |  7.412E-04 2.441E-02
    2664 2.0367E+00 7.4116E-04  (-0.307    , -1.953E-03,   0.00    ) |  7.412E-04 2.441E-02
    2665 2.0375E+00 7.4117E-04  (-0.307    , -1.953E-03,   0.00    ) |  7.412E-04 2.441E-02
    2666 2.0382E+00 7.4119E-04  (-0.307    , -1.953E-03,   0.00    ) |  7.412E-04 2.441E-02
    2667 2.0390E+00 7.4120E-04  (-0.307    , -1.953E-03,   0.00    ) |  7.412E-04 2.441E-02
    2668 2.0397E+00 7.4121E-04  (-0.307    , -1.953E-03,   0.00    ) |  7.412E-04 2.441E-02
    2669 2.0404E+00 7.4122E-04  ( 0.307    ,  1.953E-03,   0.00    ) |  7.412E-04 2.441E-02
    2670 2.0412E+00 7.4123E-04  ( 0.307    ,  1.953E-03,   0.00    ) |  7.412E-04 2.441E-02
    2671 2.0419E+00 7.4124E-04  ( 0.307    ,  1.953E-03,   0.00    ) |  7.412E-04 2.441E-02
    2672 2.0427E+00 7.4124E-04  ( 0.307    ,  1.953E-03,   0.00    ) |  7.412E-04 2.441E-02
    2673 2.0434E+00 7.4125E-04  ( 0.307    ,  1.953E-03,   0.00    ) |  7.413E-04 2.441E-02
    2674 2.0441E+00 7.4126E-04  ( 0.307    ,  1.953E-03,   0.00    ) |  7.413E-04 2.441E-02
    2675 2.0449E+00 7.4126E-04  ( 0.307    ,  1.953E-03,   0.00    ) |  7.413E-04 2.441E-02
    2676 2.0456E+00 7.4127E-04  ( 0.307    ,  1.953E-03,   0.00    ) |  7.413E-04 2.441E-02
    2677 2.0464E+00 7.4127E-04  ( 0.307    ,  1.953E-03,   0.00    ) |  7.413E-04 2.441E-02
    2678 2.0471E+00 7.4127E-04  ( 0.307    ,  1.953E-03,   0.00    ) |  7.413E-04 2.441E-02
    2679 2.0479E+00 7.4128E-04  ( 0.307    ,  1.953E-03,   0.00    ) |  7.413E-04 2.441E-02
    2680 2.0486E+00 7.4128E-04  ( 0.307    ,  1.953E-03,   0.00    ) |  7.413E-04 2.441E-02
    2681 2.0493E+00 7.4128E-04  (-0.307    ,  1.953E-03,   0.00    ) |  7.413E-04 2.441E-02
 *** Wrote plotfile to flash_run_hdf5_plt_cnt_0082 ****
    2682 2.0501E+00 7.4128E-04  (-0.307    ,  1.953E-03,   0.00    ) |  7.413E-04 2.441E-02
    2683 2.0508E+00 7.4128E-04  (-0.307    ,  1.953E-03,   0.00    ) |  7.413E-04 2.441E-02
    2684 2.0516E+00 7.4127E-04  (-0.307    ,  1.953E-03,   0.00    ) |  7.413E-04 2.441E-02
    2685 2.0523E+00 7.4127E-04  (-0.307    , -1.953E-03,   0.00    ) |  7.413E-04 2.441E-02
    2686 2.0530E+00 7.4127E-04  (-0.307    , -1.953E-03,   0.00    ) |  7.413E-04 2.441E-02
    2687 2.0538E+00 7.4126E-04  (-0.307    , -1.953E-03,   0.00    ) |  7.413E-04 2.441E-02
    2688 2.0545E+00 7.4126E-04  (-0.307    , -1.953E-03,   0.00    ) |  7.413E-04 2.441E-02
    2689 2.0553E+00 7.4125E-04  (-0.307    , -1.953E-03,   0.00    ) |  7.413E-04 2.441E-02
    2690 2.0560E+00 7.4125E-04  (-0.307    , -1.953E-03,   0.00    ) |  7.412E-04 2.441E-02
    2691 2.0568E+00 7.4124E-04  (-0.307    , -1.953E-03,   0.00    ) |  7.412E-04 2.441E-02
    2692 2.0575E+00 7.4124E-04  (-0.307    , -1.953E-03,   0.00    ) |  7.412E-04 2.441E-02
    2693 2.0582E+00 7.4123E-04  (-0.307    , -1.953E-03,   0.00    ) |  7.412E-04 2.441E-02
    2694 2.0590E+00 7.4123E-04  ( 0.307    ,  1.953E-03,   0.00    ) |  7.412E-04 2.441E-02
    2695 2.0597E+00 7.4122E-04  ( 0.307    ,  1.953E-03,   0.00    ) |  7.412E-04 2.441E-02
    2696 2.0605E+00 7.4122E-04  ( 0.307    ,  1.953E-03,   0.00    ) |  7.412E-04 2.441E-02
    2697 2.0612E+00 7.4122E-04  ( 0.307    ,  1.953E-03,   0.00    ) |  7.412E-04 2.441E-02
    2698 2.0619E+00 7.4121E-04  ( 0.307    ,  1.953E-03,   0.00    ) |  7.412E-04 2.441E-02
    2699 2.0627E+00 7.4121E-04  ( 0.307    ,  1.953E-03,   0.00    ) |  7.412E-04 2.441E-02
    2700 2.0634E+00 7.4120E-04  ( 0.307    ,  1.953E-03,   0.00    ) |  7.412E-04 2.441E-02
    2701 2.0642E+00 7.4120E-04  ( 0.307    ,  1.953E-03,   0.00    ) |  7.412E-04 2.441E-02
    2702 2.0649E+00 7.4119E-04  ( 0.307    ,  1.953E-03,   0.00    ) |  7.412E-04 2.441E-02
    2703 2.0656E+00 7.4119E-04  ( 0.307    ,  1.953E-03,   0.00    ) |  7.412E-04 2.441E-02
    2704 2.0664E+00 7.4118E-04  ( 0.307    ,  1.953E-03,   0.00    ) |  7.412E-04 2.441E-02
    2705 2.0671E+00 7.4118E-04  ( 0.307    ,  1.953E-03,   0.00    ) |  7.412E-04 2.441E-02
    2706 2.0679E+00 7.4117E-04  ( 0.307    ,  1.953E-03,   0.00    ) |  7.412E-04 2.441E-02
    2707 2.0686E+00 7.4117E-04  ( 0.307    ,  1.953E-03,   0.00    ) |  7.412E-04 2.441E-02
    2708 2.0694E+00 7.4116E-04  (-0.307    , -1.953E-03,   0.00    ) |  7.412E-04 2.441E-02
    2709 2.0701E+00 7.4115E-04  (-0.307    , -1.953E-03,   0.00    ) |  7.412E-04 2.441E-02
    2710 2.0708E+00 7.4115E-04  (-0.307    , -1.953E-03,   0.00    ) |  7.411E-04 2.441E-02
    2711 2.0716E+00 7.4114E-04  ( 0.307    ,  1.953E-03,   0.00    ) |  7.411E-04 2.441E-02
    2712 2.0723E+00 7.4113E-04  ( 0.307    ,  1.953E-03,   0.00    ) |  7.411E-04 2.441E-02
    2713 2.0731E+00 7.4112E-04  ( 0.307    ,  1.953E-03,   0.00    ) |  7.411E-04 2.441E-02
    2714 2.0738E+00 7.4112E-04  ( 0.307    ,  1.953E-03,   0.00    ) |  7.411E-04 2.441E-02
    2715 2.0745E+00 7.4111E-04  ( 0.307    ,  1.953E-03,   0.00    ) |  7.411E-04 2.441E-02
 *** Wrote plotfile to flash_run_hdf5_plt_cnt_0083 ****
    2716 2.0753E+00 7.4110E-04  (-0.307    ,  1.953E-03,   0.00    ) |  7.411E-04 2.441E-02
    2717 2.0760E+00 7.4109E-04  (-0.307    ,  1.953E-03,   0.00    ) |  7.411E-04 2.441E-02
    2718 2.0768E+00 7.4109E-04  (-0.307    ,  1.953E-03,   0.00    ) |  7.411E-04 2.441E-02
    2719 2.0775E+00 7.4108E-04  (-0.307    , -1.953E-03,   0.00    ) |  7.411E-04 2.441E-02
    2720 2.0782E+00 7.4107E-04  (-0.307    , -1.953E-03,   0.00    ) |  7.411E-04 2.441E-02
    2721 2.0790E+00 7.4106E-04  (-0.307    , -1.953E-03,   0.00    ) |  7.411E-04 2.441E-02
    2722 2.0797E+00 7.4105E-04  (-0.307    ,  1.953E-03,   0.00    ) |  7.410E-04 2.441E-02
    2723 2.0805E+00 7.4104E-04  (-0.307    , -1.953E-03,   0.00    ) |  7.410E-04 2.441E-02
    2724 2.0812E+00 7.4103E-04  (-0.307    ,  1.953E-03,   0.00    ) |  7.410E-04 2.441E-02
    2725 2.0820E+00 7.4101E-04  (-0.307    , -1.953E-03,   0.00    ) |  7.410E-04 2.441E-02
    2726 2.0827E+00 7.4100E-04  (-0.307    ,  1.953E-03,   0.00    ) |  7.410E-04 2.441E-02
    2727 2.0834E+00 7.4099E-04  ( 0.307    ,  1.953E-03,   0.00    ) |  7.410E-04 2.441E-02
    2728 2.0842E+00 7.4098E-04  ( 0.307    ,  1.953E-03,   0.00    ) |  7.410E-04 2.441E-02
    2729 2.0849E+00 7.4097E-04  ( 0.307    ,  1.953E-03,   0.00    ) |  7.410E-04 2.441E-02
    2730 2.0857E+00 7.4096E-04  ( 0.307    ,  1.953E-03,   0.00    ) |  7.410E-04 2.441E-02
    2731 2.0864E+00 7.4095E-04  ( 0.307    ,  1.953E-03,   0.00    ) |  7.410E-04 2.441E-02
    2732 2.0871E+00 7.4094E-04  ( 0.307    ,  1.953E-03,   0.00    ) |  7.409E-04 2.441E-02
    2733 2.0879E+00 7.4093E-04  ( 0.307    ,  1.953E-03,   0.00    ) |  7.409E-04 2.441E-02
    2734 2.0886E+00 7.4092E-04  ( 0.307    ,  1.953E-03,   0.00    ) |  7.409E-04 2.441E-02
    2735 2.0894E+00 7.4091E-04  ( 0.307    ,  1.953E-03,   0.00    ) |  7.409E-04 2.441E-02
    2736 2.0901E+00 7.4090E-04  ( 0.307    ,  1.953E-03,   0.00    ) |  7.409E-04 2.441E-02
    2737 2.0908E+00 7.4089E-04  ( 0.307    ,  1.953E-03,   0.00    ) |  7.409E-04 2.441E-02
    2738 2.0916E+00 7.4088E-04  ( 0.307    ,  1.953E-03,   0.00    ) |  7.409E-04 2.441E-02
    2739 2.0923E+00 7.4087E-04  (-0.307    ,  1.953E-03,   0.00    ) |  7.409E-04 2.441E-02
    2740 2.0931E+00 7.4086E-04  (-0.307    ,  1.953E-03,   0.00    ) |  7.409E-04 2.441E-02
    2741 2.0938E+00 7.4086E-04  (-0.307    ,  1.953E-03,   0.00    ) |  7.409E-04 2.441E-02
    2742 2.0945E+00 7.4085E-04  (-0.307    ,  1.953E-03,   0.00    ) |  7.408E-04 2.441E-02
    2743 2.0953E+00 7.4084E-04  (-0.307    ,  1.953E-03,   0.00    ) |  7.408E-04 2.441E-02
    2744 2.0960E+00 7.4083E-04  (-0.307    ,  1.953E-03,   0.00    ) |  7.408E-04 2.441E-02
    2745 2.0968E+00 7.4082E-04  (-0.307    ,  1.953E-03,   0.00    ) |  7.408E-04 2.441E-02
    2746 2.0975E+00 7.4082E-04  (-0.307    , -1.953E-03,   0.00    ) |  7.408E-04 2.441E-02
    2747 2.0983E+00 7.4081E-04  ( 0.307    , -1.953E-03,   0.00    ) |  7.408E-04 2.441E-02
    2748 2.0990E+00 7.4080E-04  ( 0.307    ,  1.953E-03,   0.00    ) |  7.408E-04 2.441E-02
    2749 2.0997E+00 7.4080E-04  ( 0.307    ,  1.953E-03,   0.00    ) |  7.408E-04 2.441E-02
 *** Wrote plotfile to flash_run_hdf5_plt_cnt_0084 ****
    2750 2.1005E+00 7.4079E-04  ( 0.307    ,  1.953E-03,   0.00    ) |  7.408E-04 2.441E-02
    2751 2.1012E+00 7.4079E-04  ( 0.307    ,  1.953E-03,   0.00    ) |  7.408E-04 2.441E-02
    2752 2.1020E+00 7.4078E-04  ( 0.307    ,  1.953E-03,   0.00    ) |  7.408E-04 2.441E-02
    2753 2.1027E+00 7.4078E-04  ( 0.307    ,  1.953E-03,   0.00    ) |  7.408E-04 2.441E-02
    2754 2.1034E+00 7.4077E-04  ( 0.307    ,  1.953E-03,   0.00    ) |  7.408E-04 2.441E-02
    2755 2.1042E+00 7.4077E-04  (-0.307    , -1.953E-03,   0.00    ) |  7.408E-04 2.441E-02
    2756 2.1049E+00 7.4077E-04  (-0.307    , -1.953E-03,   0.00    ) |  7.408E-04 2.441E-02
    2757 2.1057E+00 7.4076E-04  (-0.307    , -1.953E-03,   0.00    ) |  7.408E-04 2.441E-02
    2758 2.1064E+00 7.4076E-04  (-0.307    , -1.953E-03,   0.00    ) |  7.408E-04 2.441E-02
    2759 2.1071E+00 7.4076E-04  ( 0.307    ,  1.953E-03,   0.00    ) |  7.408E-04 2.441E-02
    2760 2.1079E+00 7.4076E-04  ( 0.307    ,  1.953E-03,   0.00    ) |  7.408E-04 2.441E-02
    2761 2.1086E+00 7.4075E-04  ( 0.307    ,  1.953E-03,   0.00    ) |  7.408E-04 2.441E-02
    2762 2.1094E+00 7.4075E-04  ( 0.307    ,  1.953E-03,   0.00    ) |  7.407E-04 2.441E-02
    2763 2.1101E+00 7.4075E-04  ( 0.307    ,  1.953E-03,   0.00    ) |  7.407E-04 2.441E-02
    2764 2.1108E+00 7.4074E-04  (-0.307    , -1.953E-03,   0.00    ) |  7.407E-04 2.441E-02
    2765 2.1116E+00 7.4074E-04  (-0.307    , -1.953E-03,   0.00    ) |  7.407E-04 2.441E-02
    2766 2.1123E+00 7.4074E-04  (-0.307    , -1.953E-03,   0.00    ) |  7.407E-04 2.441E-02
    2767 2.1131E+00 7.4074E-04  (-0.307    , -1.953E-03,   0.00    ) |  7.407E-04 2.441E-02
    2768 2.1138E+00 7.4073E-04  (-0.307    , -1.953E-03,   0.00    ) |  7.407E-04 2.441E-02
    2769 2.1145E+00 7.4073E-04  (-0.307    , -1.953E-03,   0.00    ) |  7.407E-04 2.441E-02
    2770 2.1153E+00 7.4073E-04  (-0.307    , -1.953E-03,   0.00    ) |  7.407E-04 2.441E-02
    2771 2.1160E+00 7.4072E-04  (-0.307    , -1.953E-03,   0.00    ) |  7.407E-04 2.441E-02
    2772 2.1168E+00 7.4072E-04  (-0.307    , -1.953E-03,   0.00    ) |  7.407E-04 2.441E-02
    2773 2.1175E+00 7.4072E-04  (-0.307    , -1.953E-03,   0.00    ) |  7.407E-04 2.441E-02
    2774 2.1183E+00 7.4072E-04  (-0.307    , -1.953E-03,   0.00    ) |  7.407E-04 2.441E-02
    2775 2.1190E+00 7.4072E-04  (-0.307    , -1.953E-03,   0.00    ) |  7.407E-04 2.441E-02
    2776 2.1197E+00 7.4072E-04  (-0.307    , -1.953E-03,   0.00    ) |  7.407E-04 2.441E-02
    2777 2.1205E+00 7.4071E-04  (-0.307    , -1.953E-03,   0.00    ) |  7.407E-04 2.441E-02
    2778 2.1212E+00 7.4071E-04  (-0.307    , -1.953E-03,   0.00    ) |  7.407E-04 2.441E-02
    2779 2.1220E+00 7.4071E-04  (-0.307    , -1.953E-03,   0.00    ) |  7.407E-04 2.441E-02
    2780 2.1227E+00 7.4071E-04  (-0.307    , -1.953E-03,   0.00    ) |  7.407E-04 2.441E-02
    2781 2.1234E+00 7.4071E-04  (-0.307    , -1.953E-03,   0.00    ) |  7.407E-04 2.441E-02
    2782 2.1242E+00 7.4071E-04  (-0.307    , -1.953E-03,   0.00    ) |  7.407E-04 2.441E-02
    2783 2.1249E+00 7.4071E-04  (-0.307    , -1.953E-03,   0.00    ) |  7.407E-04 2.441E-02
 *** Wrote plotfile to flash_run_hdf5_plt_cnt_0085 ****
    2784 2.1257E+00 7.4071E-04  (-0.307    , -1.953E-03,   0.00    ) |  7.407E-04 2.441E-02
    2785 2.1264E+00 7.4072E-04  (-0.307    , -1.953E-03,   0.00    ) |  7.407E-04 2.441E-02
    2786 2.1271E+00 7.4072E-04  ( 0.307    ,  1.953E-03,   0.00    ) |  7.407E-04 2.441E-02
    2787 2.1279E+00 7.4072E-04  ( 0.307    ,  1.953E-03,   0.00    ) |  7.407E-04 2.441E-02
    2788 2.1286E+00 7.4072E-04  ( 0.307    ,  1.953E-03,   0.00    ) |  7.407E-04 2.441E-02
    2789 2.1294E+00 7.4072E-04  ( 0.307    ,  1.953E-03,   0.00    ) |  7.407E-04 2.441E-02
    2790 2.1301E+00 7.4072E-04  ( 0.307    ,  1.953E-03,   0.00    ) |  7.407E-04 2.441E-02
    2791 2.1308E+00 7.4073E-04  ( 0.307    ,  1.953E-03,   0.00    ) |  7.407E-04 2.441E-02
    2792 2.1316E+00 7.4073E-04  ( 0.307    ,  1.953E-03,   0.00    ) |  7.407E-04 2.441E-02
    2793 2.1323E+00 7.4073E-04  ( 0.307    ,  1.953E-03,   0.00    ) |  7.407E-04 2.441E-02
    2794 2.1331E+00 7.4073E-04  ( 0.307    ,  1.953E-03,   0.00    ) |  7.407E-04 2.441E-02
    2795 2.1338E+00 7.4073E-04  ( 0.307    ,  1.953E-03,   0.00    ) |  7.407E-04 2.441E-02
    2796 2.1345E+00 7.4074E-04  ( 0.307    ,  1.953E-03,   0.00    ) |  7.407E-04 2.441E-02
    2797 2.1353E+00 7.4074E-04  ( 0.307    ,  1.953E-03,   0.00    ) |  7.407E-04 2.441E-02
    2798 2.1360E+00 7.4074E-04  ( 0.307    ,  1.953E-03,   0.00    ) |  7.407E-04 2.441E-02
    2799 2.1368E+00 7.4074E-04  ( 0.307    ,  1.953E-03,   0.00    ) |  7.407E-04 2.441E-02
    2800 2.1375E+00 7.4075E-04  ( 0.307    ,  1.953E-03,   0.00    ) |  7.407E-04 2.441E-02
    2801 2.1383E+00 7.4075E-04  ( 0.307    ,  1.953E-03,   0.00    ) |  7.407E-04 2.441E-02
    2802 2.1390E+00 7.4075E-04  ( 0.307    ,  1.953E-03,   0.00    ) |  7.408E-04 2.441E-02
    2803 2.1397E+00 7.4075E-04  ( 0.307    ,  1.953E-03,   0.00    ) |  7.408E-04 2.441E-02
    2804 2.1405E+00 7.4076E-04  ( 0.307    ,  1.953E-03,   0.00    ) |  7.408E-04 2.441E-02
    2805 2.1412E+00 7.4076E-04  ( 0.307    , -1.953E-03,   0.00    ) |  7.408E-04 2.441E-02
    2806 2.1420E+00 7.4076E-04  ( 0.307    ,  1.953E-03,   0.00    ) |  7.408E-04 2.441E-02
    2807 2.1427E+00 7.4077E-04  ( 0.307    ,  1.953E-03,   0.00    ) |  7.408E-04 2.441E-02
    2808 2.1434E+00 7.4077E-04  (-0.307    ,  1.953E-03,   0.00    ) |  7.408E-04 2.441E-02
    2809 2.1442E+00 7.4077E-04  (-0.307    ,  1.953E-03,   0.00    ) |  7.408E-04 2.441E-02
    2810 2.1449E+00 7.4078E-04  (-0.307    ,  1.953E-03,   0.00    ) |  7.408E-04 2.441E-02
    2811 2.1457E+00 7.4078E-04  (-0.307    ,  1.953E-03,   0.00    ) |  7.408E-04 2.441E-02
    2812 2.1464E+00 7.4078E-04  (-0.307    ,  1.953E-03,   0.00    ) |  7.408E-04 2.441E-02
    2813 2.1471E+00 7.4079E-04  (-0.307    ,  1.953E-03,   0.00    ) |  7.408E-04 2.441E-02
    2814 2.1479E+00 7.4079E-04  (-0.307    , -1.953E-03,   0.00    ) |  7.408E-04 2.441E-02
    2815 2.1486E+00 7.4079E-04  (-0.307    ,  1.953E-03,   0.00    ) |  7.408E-04 2.441E-02
    2816 2.1494E+00 7.4080E-04  (-0.307    , -1.953E-03,   0.00    ) |  7.408E-04 2.441E-02
Shortening dt from 7.4079813412065433856E-04 to 6.3783284027785214221E-04 for reaching tmax=  2.149999999999999911    
 *** Wrote plotfile to flash_run_hdf5_plt_cnt_0086 ****
    2817 2.1500E+00 7.4080E-04  (-0.307    , -1.953E-03,   0.00    ) |  7.408E-04 2.441E-02
 *** Wrote checkpoint file to flash_run_hdf5_chk_0001 ****
 *** Wrote plotfile to flash_run_forced_hdf5_plt_cnt_0000 ****
