hwloc/linux: failed to find sysfs cpu topology directory, aborting linux discovery.
hwloc/linux: failed to find sysfs cpu topology directory, aborting linux discovery.
hwloc/linux: failed to find sysfs cpu topology directory, aborting linux discovery.
hwloc/linux: failed to find sysfs cpu topology directory, aborting linux discovery.
hwloc/linux: failed to find sysfs cpu topology directory, aborting linux discovery.
hwloc/linux: failed to find sysfs cpu topology directory, aborting linux discovery.
hwloc/linux: failed to find sysfs cpu topology directory, aborting linux discovery.
hwloc/linux: failed to find sysfs cpu topology directory, aborting linux discovery.
hwloc/linux: failed to find sysfs cpu topology directory, aborting linux discovery.
hwloc/linux: failed to find sysfs cpu topology directory, aborting linux discovery.
[1791437575.167287] [Rog-GA401:7    :0]       tcp_iface.c:893  UCX  ERROR scandir(/sys/class/net) failed: No such file or directory
[1791437575.167485] [Rog-GA401:10   :0]       tcp_iface.c:893  UCX  ERROR scandir(/sys/class/net) failed: No such file or directory
[1791437575.167738] [Rog-GA401:8    :0]       tcp_iface.c:893  UCX  ERROR scandir(/sys/class/net) failed: No such file or directory
[1791437575.168126] [Rog-GA401:9    :0]       tcp_iface.c:893  UCX  ERROR scandir(/sys/class/net) failed: No such file or directory
 MaterialProperties initialized
 Cosmology initialized
 Source terms initialized
  Finished with Grid_initDomain, no restart
 Ready to call Hydro_init
 Hydro initialized
 Gravity initialized
 Initial dt verified
 *** Wrote checkpoint file to flash_run_hdf5_chk_0000 ****
 *** Wrote plotfile to flash_run_hdf5_plt_cnt_0000 ****
 Initial plotfile written
 Driver init all done
       n          t         dt  (         x,          y,          z) |  dt_hydro  dt_Diff  
       1 1.0000E-06 1.2000E-06  (-1.953E-03, -5.273E-02,   0.00    ) |  9.284E-04 6.104E-03
       2 2.2000E-06 1.4400E-06  (-1.953E-03, -5.273E-02,   0.00    ) |  9.284E-04 6.104E-03
       3 3.6400E-06 1.7280E-06  (-1.953E-03, -5.273E-02,   0.00    ) |  9.284E-04 6.104E-03
       4 5.3680E-06 2.0736E-06  (-1.953E-03, -5.273E-02,   0.00    ) |  9.284E-04 6.104E-03
       5 7.4416E-06 2.4883E-06  (-1.953E-03, -5.273E-02,   0.00    ) |  9.284E-04 6.104E-03
       6 9.9299E-06 2.9860E-06  (-1.953E-03, -5.273E-02,   0.00    ) |  9.284E-04 6.104E-03
       7 1.2916E-05 3.5832E-06  (-1.953E-03, -5.273E-02,   0.00    ) |  9.284E-04 6.104E-03
       8 1.6499E-05 4.2998E-06  (-1.953E-03, -5.273E-02,   0.00    ) |  9.284E-04 6.104E-03
       9 2.0799E-05 5.1598E-06  (-1.953E-03, -5.273E-02,   0.00    ) |  9.284E-04 6.104E-03
      10 2.5959E-05 6.1917E-06  (-1.953E-03, -5.273E-02,   0.00    ) |  9.284E-04 6.104E-03
      11 3.2150E-05 7.4301E-06  (-1.953E-03, -5.273E-02,   0.00    ) |  9.284E-04 6.104E-03
      12 3.9581E-05 8.9161E-06  (-1.953E-03, -5.273E-02,   0.00    ) |  9.284E-04 6.104E-03
      13 4.8497E-05 1.0699E-05  (-1.953E-03, -5.273E-02,   0.00    ) |  9.284E-04 6.104E-03
      14 5.9196E-05 1.2839E-05  (-1.953E-03, -5.273E-02,   0.00    ) |  9.284E-04 6.104E-03
      15 7.2035E-05 1.5407E-05  (-1.953E-03, -5.273E-02,   0.00    ) |  9.284E-04 6.104E-03
      16 8.7442E-05 1.8488E-05  (-1.953E-03, -5.273E-02,   0.00    ) |  9.284E-04 6.104E-03
      17 1.0593E-04 2.2186E-05  (-1.953E-03, -5.273E-02,   0.00    ) |  9.284E-04 6.104E-03
      18 1.2812E-04 2.6623E-05  (-1.953E-03, -5.273E-02,   0.00    ) |  9.284E-04 6.104E-03
      19 1.5474E-04 3.1948E-05  (-1.953E-03, -5.273E-02,   0.00    ) |  9.284E-04 6.104E-03
      20 1.8669E-04 3.8338E-05  (-1.953E-03, -5.273E-02,   0.00    ) |  9.284E-04 6.104E-03
      21 2.2503E-04 4.6005E-05  (-1.953E-03, -5.273E-02,   0.00    ) |  9.284E-04 6.104E-03
      22 2.7103E-04 5.5206E-05  ( 1.953E-03, -5.273E-02,   0.00    ) |  9.284E-04 6.104E-03
      23 3.2624E-04 6.6247E-05  (-1.953E-03, -5.273E-02,   0.00    ) |  9.284E-04 6.104E-03
      24 3.9248E-04 7.9497E-05  ( 1.953E-03, -5.273E-02,   0.00    ) |  9.284E-04 6.104E-03
      25 4.7198E-04 9.5396E-05  (-1.953E-03, -5.273E-02,   0.00    ) |  9.284E-04 6.104E-03
      26 5.6738E-04 1.1448E-04  (-1.953E-03, -5.273E-02,   0.00    ) |  9.284E-04 6.104E-03
      27 6.8185E-04 1.3737E-04  (-1.953E-03, -5.273E-02,   0.00    ) |  9.284E-04 6.104E-03
      28 8.1922E-04 1.6484E-04  (-1.953E-03, -5.273E-02,   0.00    ) |  9.284E-04 6.104E-03
      29 9.8407E-04 1.9781E-04  (-1.953E-03, -5.273E-02,   0.00    ) |  9.284E-04 6.104E-03
      30 1.1819E-03 2.3738E-04  (-1.953E-03,  5.273E-02,   0.00    ) |  9.284E-04 6.104E-03
      31 1.4193E-03 2.8485E-04  (-1.953E-03, -5.273E-02,   0.00    ) |  9.284E-04 6.104E-03
      32 1.7041E-03 3.4182E-04  (-1.953E-03, -5.273E-02,   0.00    ) |  9.284E-04 6.104E-03
      33 2.0459E-03 4.1019E-04  (-1.953E-03, -5.273E-02,   0.00    ) |  9.284E-04 6.104E-03
      34 2.4561E-03 4.9222E-04  (-1.953E-03, -5.273E-02,   0.00    ) |  9.285E-04 6.104E-03
      35 2.9483E-03 5.9067E-04  (-1.953E-03, -5.273E-02,   0.00    ) |  9.285E-04 6.104E-03
      36 3.5390E-03 7.0880E-04  (-1.953E-03, -5.273E-02,   0.00    ) |  9.285E-04 6.104E-03
      37 4.2478E-03 8.5056E-04  (-1.953E-03, -5.273E-02,   0.00    ) |  9.285E-04 6.104E-03
      38 5.0984E-03 9.2850E-04  (-1.953E-03, -5.273E-02,   0.00    ) |  9.285E-04 6.104E-03
      39 6.0269E-03 9.2851E-04  ( 1.953E-03, -5.273E-02,   0.00    ) |  9.285E-04 6.104E-03
      40 6.9554E-03 9.2852E-04  (-1.953E-03, -5.273E-02,   0.00    ) |  9.285E-04 6.104E-03
      41 7.8839E-03 9.2853E-04  (-1.953E-03, -5.273E-02,   0.00    ) |  9.285E-04 6.104E-03
      42 8.8124E-03 9.2854E-04  (-1.953E-03, -5.273E-02,   0.00    ) |  9.285E-04 6.104E-03
      43 9.7410E-03 9.2855E-04  ( 1.953E-03, -5.273E-02,   0.00    ) |  9.285E-04 6.104E-03
      44 1.0670E-02 9.2856E-04  ( 1.953E-03, -5.273E-02,   0.00    ) |  9.286E-04 6.104E-03
      45 1.1598E-02 9.2857E-04  (-1.953E-03,  5.273E-02,   0.00    ) |  9.286E-04 6.104E-03
      46 1.2527E-02 9.2858E-04  (-1.953E-03,  5.273E-02,   0.00    ) |  9.286E-04 6.104E-03
      47 1.3455E-02 9.2859E-04  ( 1.953E-03, -5.273E-02,   0.00    ) |  9.286E-04 6.104E-03
      48 1.4384E-02 9.2860E-04  (-1.953E-03,  5.273E-02,   0.00    ) |  9.286E-04 6.104E-03
      49 1.5312E-02 9.2862E-04  (-1.953E-03,  5.273E-02,   0.00    ) |  9.286E-04 6.104E-03
      50 1.6241E-02 9.2862E-04  (-1.953E-03,  5.273E-02,   0.00    ) |  9.286E-04 6.104E-03
      51 1.7170E-02 9.2863E-04  (-1.953E-03, -5.273E-02,   0.00    ) |  9.286E-04 6.104E-03
      52 1.8098E-02 9.2863E-04  (-1.953E-03, -5.273E-02,   0.00    ) |  9.286E-04 6.104E-03
      53 1.9027E-02 9.2862E-04  (-1.953E-03, -5.273E-02,   0.00    ) |  9.286E-04 6.104E-03
      54 1.9956E-02 9.2861E-04  (-1.953E-03, -5.273E-02,   0.00    ) |  9.286E-04 6.104E-03
      55 2.0884E-02 9.2859E-04  (-1.953E-03, -5.273E-02,   0.00    ) |  9.286E-04 6.104E-03
      56 2.1813E-02 9.2856E-04  (-1.953E-03, -5.273E-02,   0.00    ) |  9.286E-04 6.104E-03
      57 2.2741E-02 9.2853E-04  (-1.953E-03, -5.273E-02,   0.00    ) |  9.285E-04 6.104E-03
      58 2.3670E-02 9.2849E-04  (-1.953E-03, -5.273E-02,   0.00    ) |  9.285E-04 6.104E-03
      59 2.4598E-02 9.2844E-04  (-1.953E-03, -5.273E-02,   0.00    ) |  9.284E-04 6.104E-03
 *** Wrote plotfile to flash_run_hdf5_plt_cnt_0001 ****
      60 2.5527E-02 9.2839E-04  (-1.953E-03, -5.273E-02,   0.00    ) |  9.284E-04 6.104E-03
      61 2.6455E-02 9.2833E-04  (-1.953E-03, -5.273E-02,   0.00    ) |  9.283E-04 6.104E-03
      62 2.7383E-02 9.2827E-04  (-1.953E-03, -5.273E-02,   0.00    ) |  9.283E-04 6.104E-03
      63 2.8312E-02 9.2821E-04  (-1.953E-03, -5.273E-02,   0.00    ) |  9.282E-04 6.104E-03
      64 2.9240E-02 9.2815E-04  (-1.953E-03, -5.273E-02,   0.00    ) |  9.281E-04 6.104E-03
      65 3.0168E-02 9.2808E-04  (-1.953E-03, -5.273E-02,   0.00    ) |  9.281E-04 6.104E-03
      66 3.1096E-02 9.2802E-04  (-1.953E-03, -5.273E-02,   0.00    ) |  9.280E-04 6.104E-03
      67 3.2024E-02 9.2796E-04  (-1.953E-03, -5.273E-02,   0.00    ) |  9.280E-04 6.104E-03
      68 3.2952E-02 9.2790E-04  (-1.953E-03, -5.273E-02,   0.00    ) |  9.279E-04 6.104E-03
      69 3.3880E-02 9.2784E-04  (-1.953E-03, -5.273E-02,   0.00    ) |  9.278E-04 6.104E-03
      70 3.4808E-02 9.2778E-04  (-1.953E-03, -5.273E-02,   0.00    ) |  9.278E-04 6.104E-03
      71 3.5736E-02 9.2772E-04  (-1.953E-03, -5.273E-02,   0.00    ) |  9.277E-04 6.104E-03
      72 3.6663E-02 9.2766E-04  (-1.953E-03, -5.273E-02,   0.00    ) |  9.277E-04 6.104E-03
      73 3.7591E-02 9.2761E-04  (-1.953E-03, -5.273E-02,   0.00    ) |  9.276E-04 6.104E-03
      74 3.8519E-02 9.2755E-04  (-1.953E-03, -5.273E-02,   0.00    ) |  9.276E-04 6.104E-03
      75 3.9446E-02 9.2750E-04  (-1.953E-03, -5.273E-02,   0.00    ) |  9.275E-04 6.104E-03
      76 4.0374E-02 9.2745E-04  (-1.953E-03, -5.273E-02,   0.00    ) |  9.275E-04 6.104E-03
      77 4.1301E-02 9.2740E-04  (-1.953E-03, -5.273E-02,   0.00    ) |  9.274E-04 6.104E-03
      78 4.2229E-02 9.2735E-04  (-1.953E-03, -5.273E-02,   0.00    ) |  9.274E-04 6.104E-03
      79 4.3156E-02 9.2731E-04  (-1.953E-03, -5.273E-02,   0.00    ) |  9.273E-04 6.104E-03
      80 4.4083E-02 9.2726E-04  (-1.953E-03, -5.273E-02,   0.00    ) |  9.273E-04 6.104E-03
      81 4.5010E-02 9.2722E-04  (-1.953E-03, -5.273E-02,   0.00    ) |  9.272E-04 6.104E-03
      82 4.5938E-02 9.2718E-04  (-1.953E-03, -5.273E-02,   0.00    ) |  9.272E-04 6.104E-03
      83 4.6865E-02 9.2714E-04  (-1.953E-03, -5.273E-02,   0.00    ) |  9.271E-04 6.104E-03
      84 4.7792E-02 9.2710E-04  (-1.953E-03, -5.273E-02,   0.00    ) |  9.271E-04 6.104E-03
      85 4.8719E-02 9.2706E-04  ( 1.953E-03, -5.273E-02,   0.00    ) |  9.271E-04 6.104E-03
      86 4.9646E-02 9.2703E-04  (-1.953E-03,  5.273E-02,   0.00    ) |  9.270E-04 6.104E-03
 *** Wrote plotfile to flash_run_hdf5_plt_cnt_0002 ****
      87 5.0573E-02 9.2699E-04  (-1.953E-03, -5.273E-02,   0.00    ) |  9.270E-04 6.104E-03
      88 5.1500E-02 9.2696E-04  (-1.953E-03, -5.273E-02,   0.00    ) |  9.270E-04 6.104E-03
      89 5.2427E-02 9.2692E-04  (-1.953E-03,  5.273E-02,   0.00    ) |  9.269E-04 6.104E-03
      90 5.3354E-02 9.2689E-04  ( 1.953E-03, -5.273E-02,   0.00    ) |  9.269E-04 6.104E-03
      91 5.4281E-02 9.2685E-04  ( 1.953E-03, -5.273E-02,   0.00    ) |  9.269E-04 6.104E-03
      92 5.5208E-02 9.2682E-04  (-1.953E-03,  5.273E-02,   0.00    ) |  9.268E-04 6.104E-03
      93 5.6135E-02 9.2679E-04  (-1.953E-03,  5.273E-02,   0.00    ) |  9.268E-04 6.104E-03
      94 5.7061E-02 9.2676E-04  (-1.953E-03, -5.273E-02,   0.00    ) |  9.268E-04 6.104E-03
      95 5.7988E-02 9.2673E-04  (-1.953E-03, -5.273E-02,   0.00    ) |  9.267E-04 6.104E-03
      96 5.8915E-02 9.2671E-04  (-1.953E-03, -5.273E-02,   0.00    ) |  9.267E-04 6.104E-03
      97 5.9842E-02 9.2668E-04  (-1.953E-03, -5.273E-02,   0.00    ) |  9.267E-04 6.104E-03
      98 6.0768E-02 9.2666E-04  (-1.953E-03, -5.273E-02,   0.00    ) |  9.267E-04 6.104E-03
      99 6.1695E-02 9.2663E-04  (-1.953E-03, -5.273E-02,   0.00    ) |  9.266E-04 6.104E-03
     100 6.2622E-02 9.2661E-04  (-1.953E-03, -5.273E-02,   0.00    ) |  9.266E-04 6.104E-03
     101 6.3548E-02 9.2658E-04  (-1.953E-03, -5.273E-02,   0.00    ) |  9.266E-04 6.104E-03
     102 6.4475E-02 9.2656E-04  (-1.953E-03, -5.273E-02,   0.00    ) |  9.266E-04 6.104E-03
     103 6.5401E-02 9.2653E-04  (-1.953E-03, -5.273E-02,   0.00    ) |  9.265E-04 6.104E-03
     104 6.6328E-02 9.2650E-04  (-1.953E-03, -5.273E-02,   0.00    ) |  9.265E-04 6.104E-03
     105 6.7254E-02 9.2648E-04  (-1.953E-03, -5.273E-02,   0.00    ) |  9.265E-04 6.104E-03
     106 6.8181E-02 9.2646E-04  (-1.953E-03, -5.273E-02,   0.00    ) |  9.265E-04 6.104E-03
     107 6.9107E-02 9.2643E-04  ( 1.953E-03, -5.273E-02,   0.00    ) |  9.264E-04 6.104E-03
     108 7.0034E-02 9.2641E-04  (-1.953E-03, -5.273E-02,   0.00    ) |  9.264E-04 6.104E-03
     109 7.0960E-02 9.2639E-04  (-1.953E-03, -5.273E-02,   0.00    ) |  9.264E-04 6.104E-03
     110 7.1887E-02 9.2637E-04  (-1.953E-03, -5.273E-02,   0.00    ) |  9.264E-04 6.104E-03
     111 7.2813E-02 9.2635E-04  (-1.953E-03, -5.273E-02,   0.00    ) |  9.264E-04 6.104E-03
     112 7.3739E-02 9.2633E-04  (-1.953E-03, -5.273E-02,   0.00    ) |  9.263E-04 6.104E-03
     113 7.4666E-02 9.2631E-04  (-1.953E-03, -5.273E-02,   0.00    ) |  9.263E-04 6.104E-03
 *** Wrote plotfile to flash_run_hdf5_plt_cnt_0003 ****
     114 7.5592E-02 9.2629E-04  (-1.953E-03, -5.273E-02,   0.00    ) |  9.263E-04 6.104E-03
     115 7.6518E-02 9.2628E-04  (-1.953E-03, -5.273E-02,   0.00    ) |  9.263E-04 6.104E-03
     116 7.7445E-02 9.2626E-04  (-1.953E-03,  5.273E-02,   0.00    ) |  9.263E-04 6.104E-03
     117 7.8371E-02 9.2624E-04  (-1.953E-03, -5.273E-02,   0.00    ) |  9.262E-04 6.104E-03
     118 7.9297E-02 9.2622E-04  (-1.953E-03, -5.273E-02,   0.00    ) |  9.262E-04 6.104E-03
     119 8.0223E-02 9.2620E-04  (-1.953E-03, -5.273E-02,   0.00    ) |  9.262E-04 6.104E-03
     120 8.1149E-02 9.2619E-04  (-1.953E-03, -5.273E-02,   0.00    ) |  9.262E-04 6.104E-03
     121 8.2076E-02 9.2617E-04  (-1.953E-03, -5.273E-02,   0.00    ) |  9.262E-04 6.104E-03
     122 8.3002E-02 9.2615E-04  (-1.953E-03, -5.273E-02,   0.00    ) |  9.262E-04 6.104E-03
     123 8.3928E-02 9.2614E-04  (-1.953E-03, -5.273E-02,   0.00    ) |  9.261E-04 6.104E-03
     124 8.4854E-02 9.2612E-04  (-1.953E-03, -5.273E-02,   0.00    ) |  9.261E-04 6.104E-03
     125 8.5780E-02 9.2611E-04  (-1.953E-03, -5.273E-02,   0.00    ) |  9.261E-04 6.104E-03
     126 8.6706E-02 9.2609E-04  (-1.953E-03, -5.273E-02,   0.00    ) |  9.261E-04 6.104E-03
     127 8.7632E-02 9.2608E-04  (-1.953E-03, -5.273E-02,   0.00    ) |  9.261E-04 6.104E-03
     128 8.8558E-02 9.2606E-04  (-1.953E-03, -5.273E-02,   0.00    ) |  9.261E-04 6.104E-03
     129 8.9485E-02 9.2605E-04  (-1.953E-03, -5.273E-02,   0.00    ) |  9.260E-04 6.104E-03
     130 9.0411E-02 9.2603E-04  (-1.953E-03, -5.273E-02,   0.00    ) |  9.260E-04 6.104E-03
     131 9.1337E-02 9.2602E-04  ( 1.953E-03, -5.273E-02,   0.00    ) |  9.260E-04 6.104E-03
     132 9.2263E-02 9.2600E-04  ( 1.953E-03, -5.273E-02,   0.00    ) |  9.260E-04 6.104E-03
     133 9.3189E-02 9.2599E-04  ( 1.953E-03, -5.273E-02,   0.00    ) |  9.260E-04 6.104E-03
     134 9.4115E-02 9.2598E-04  ( 1.953E-03, -5.273E-02,   0.00    ) |  9.260E-04 6.104E-03
     135 9.5041E-02 9.2597E-04  ( 1.953E-03, -5.273E-02,   0.00    ) |  9.260E-04 6.104E-03
     136 9.5967E-02 9.2596E-04  ( 1.953E-03, -5.273E-02,   0.00    ) |  9.260E-04 6.104E-03
     137 9.6893E-02 9.2594E-04  ( 1.953E-03, -5.273E-02,   0.00    ) |  9.259E-04 6.104E-03
     138 9.7818E-02 9.2594E-04  ( 1.953E-03, -5.273E-02,   0.00    ) |  9.259E-04 6.104E-03
     139 9.8744E-02 9.2593E-04  ( 1.953E-03, -5.273E-02,   0.00    ) |  9.259E-04 6.104E-03
     140 9.9670E-02 9.2592E-04  ( 1.953E-03, -5.273E-02,   0.00    ) |  9.259E-04 6.104E-03
 *** Wrote plotfile to flash_run_hdf5_plt_cnt_0004 ****
     141 1.0060E-01 9.2591E-04  ( 1.953E-03, -5.273E-02,   0.00    ) |  9.259E-04 6.104E-03
     142 1.0152E-01 9.2590E-04  ( 1.953E-03, -5.273E-02,   0.00    ) |  9.259E-04 6.104E-03
     143 1.0245E-01 9.2589E-04  ( 1.953E-03, -5.273E-02,   0.00    ) |  9.259E-04 6.104E-03
     144 1.0337E-01 9.2588E-04  ( 1.953E-03, -5.273E-02,   0.00    ) |  9.259E-04 6.104E-03
     145 1.0430E-01 9.2587E-04  ( 1.953E-03, -5.273E-02,   0.00    ) |  9.259E-04 6.104E-03
     146 1.0523E-01 9.2586E-04  ( 1.953E-03, -5.273E-02,   0.00    ) |  9.259E-04 6.104E-03
     147 1.0615E-01 9.2585E-04  ( 1.953E-03, -5.273E-02,   0.00    ) |  9.259E-04 6.104E-03
     148 1.0708E-01 9.2584E-04  ( 1.953E-03, -5.273E-02,   0.00    ) |  9.258E-04 6.104E-03
     149 1.0800E-01 9.2584E-04  ( 1.953E-03, -5.273E-02,   0.00    ) |  9.258E-04 6.104E-03
     150 1.0893E-01 9.2583E-04  ( 1.953E-03, -5.273E-02,   0.00    ) |  9.258E-04 6.104E-03
     151 1.0985E-01 9.2582E-04  ( 1.953E-03, -5.273E-02,   0.00    ) |  9.258E-04 6.104E-03
     152 1.1078E-01 9.2581E-04  ( 1.953E-03, -5.273E-02,   0.00    ) |  9.258E-04 6.104E-03
     153 1.1171E-01 9.2581E-04  ( 1.953E-03, -5.273E-02,   0.00    ) |  9.258E-04 6.104E-03
     154 1.1263E-01 9.2580E-04  ( 1.953E-03, -5.273E-02,   0.00    ) |  9.258E-04 6.104E-03
     155 1.1356E-01 9.2580E-04  ( 1.953E-03, -5.273E-02,   0.00    ) |  9.258E-04 6.104E-03
     156 1.1448E-01 9.2579E-04  ( 1.953E-03, -5.273E-02,   0.00    ) |  9.258E-04 6.104E-03
     157 1.1541E-01 9.2579E-04  ( 1.953E-03, -5.273E-02,   0.00    ) |  9.258E-04 6.104E-03
     158 1.1634E-01 9.2578E-04  ( 1.953E-03, -5.273E-02,   0.00    ) |  9.258E-04 6.104E-03
     159 1.1726E-01 9.2578E-04  ( 1.953E-03, -5.273E-02,   0.00    ) |  9.258E-04 6.104E-03
     160 1.1819E-01 9.2578E-04  ( 1.953E-03, -5.273E-02,   0.00    ) |  9.258E-04 6.104E-03
     161 1.1911E-01 9.2577E-04  ( 1.953E-03, -5.273E-02,   0.00    ) |  9.258E-04 6.104E-03
     162 1.2004E-01 9.2577E-04  ( 1.953E-03, -5.273E-02,   0.00    ) |  9.258E-04 6.104E-03
     163 1.2096E-01 9.2577E-04  ( 1.953E-03, -5.273E-02,   0.00    ) |  9.258E-04 6.104E-03
     164 1.2189E-01 9.2576E-04  ( 1.953E-03, -5.273E-02,   0.00    ) |  9.258E-04 6.104E-03
     165 1.2282E-01 9.2576E-04  ( 1.953E-03, -5.273E-02,   0.00    ) |  9.258E-04 6.104E-03
     166 1.2374E-01 9.2576E-04  ( 1.953E-03, -5.273E-02,   0.00    ) |  9.258E-04 6.104E-03
     167 1.2467E-01 9.2576E-04  ( 1.953E-03, -5.273E-02,   0.00    ) |  9.258E-04 6.104E-03
 *** Wrote plotfile to flash_run_hdf5_plt_cnt_0005 ****
     168 1.2559E-01 9.2576E-04  ( 1.953E-03, -5.273E-02,   0.00    ) |  9.258E-04 6.104E-03
     169 1.2652E-01 9.2575E-04  ( 1.953E-03, -5.273E-02,   0.00    ) |  9.258E-04 6.104E-03
     170 1.2744E-01 9.2575E-04  ( 1.953E-03, -5.273E-02,   0.00    ) |  9.258E-04 6.104E-03
     171 1.2837E-01 9.2575E-04  ( 1.953E-03, -5.273E-02,   0.00    ) |  9.258E-04 6.104E-03
     172 1.2930E-01 9.2575E-04  ( 1.953E-03, -5.273E-02,   0.00    ) |  9.258E-04 6.104E-03
     173 1.3022E-01 9.2575E-04  ( 1.953E-03, -5.273E-02,   0.00    ) |  9.258E-04 6.104E-03
     174 1.3115E-01 9.2575E-04  ( 1.953E-03, -5.273E-02,   0.00    ) |  9.258E-04 6.104E-03
     175 1.3207E-01 9.2575E-04  ( 1.953E-03, -5.273E-02,   0.00    ) |  9.258E-04 6.104E-03
     176 1.3300E-01 9.2575E-04  ( 1.953E-03, -5.273E-02,   0.00    ) |  9.258E-04 6.104E-03
     177 1.3392E-01 9.2575E-04  ( 1.953E-03, -5.273E-02,   0.00    ) |  9.258E-04 6.104E-03
     178 1.3485E-01 9.2544E-04  (-0.252    ,  1.953E-03,   0.00    ) |  9.254E-04 6.104E-03
     179 1.3578E-01 9.2502E-04  (-0.252    ,  1.953E-03,   0.00    ) |  9.250E-04 6.104E-03
     180 1.3670E-01 9.2461E-04  (-0.252    ,  1.953E-03,   0.00    ) |  9.246E-04 6.104E-03
     181 1.3763E-01 9.2420E-04  (-0.252    ,  1.953E-03,   0.00    ) |  9.242E-04 6.104E-03
     182 1.3855E-01 9.2379E-04  (-0.252    ,  1.953E-03,   0.00    ) |  9.238E-04 6.104E-03
     183 1.3947E-01 9.2338E-04  (-0.252    ,  1.953E-03,   0.00    ) |  9.234E-04 6.104E-03
     184 1.4040E-01 9.2297E-04  (-0.252    ,  1.953E-03,   0.00    ) |  9.230E-04 6.104E-03
     185 1.4132E-01 9.2256E-04  (-0.252    ,  1.953E-03,   0.00    ) |  9.226E-04 6.104E-03
     186 1.4224E-01 9.2215E-04  (-0.256    ,  1.953E-03,   0.00    ) |  9.222E-04 6.104E-03
     187 1.4316E-01 9.2175E-04  (-0.256    ,  1.953E-03,   0.00    ) |  9.217E-04 6.104E-03
     188 1.4409E-01 9.2134E-04  (-0.256    ,  1.953E-03,   0.00    ) |  9.213E-04 6.104E-03
     189 1.4501E-01 9.2093E-04  (-0.256    ,  1.953E-03,   0.00    ) |  9.209E-04 6.104E-03
     190 1.4593E-01 9.2053E-04  (-0.256    ,  1.953E-03,   0.00    ) |  9.205E-04 6.104E-03
     191 1.4685E-01 9.2012E-04  (-0.256    ,  1.953E-03,   0.00    ) |  9.201E-04 6.104E-03
     192 1.4777E-01 9.1972E-04  (-0.256    ,  1.953E-03,   0.00    ) |  9.197E-04 6.104E-03
     193 1.4869E-01 9.1932E-04  (-0.256    ,  1.953E-03,   0.00    ) |  9.193E-04 6.104E-03
     194 1.4961E-01 9.1892E-04  (-0.256    ,  1.953E-03,   0.00    ) |  9.189E-04 6.104E-03
 *** Wrote plotfile to flash_run_hdf5_plt_cnt_0006 ****
     195 1.5053E-01 9.1852E-04  (-0.256    ,  1.953E-03,   0.00    ) |  9.185E-04 6.104E-03
     196 1.5145E-01 9.1812E-04  (-0.256    ,  1.953E-03,   0.00    ) |  9.181E-04 6.104E-03
     197 1.5236E-01 9.1772E-04  (-0.256    ,  1.953E-03,   0.00    ) |  9.177E-04 6.104E-03
     198 1.5328E-01 9.1732E-04  (-0.256    ,  1.953E-03,   0.00    ) |  9.173E-04 6.104E-03
     199 1.5420E-01 9.1692E-04  (-0.256    ,  1.953E-03,   0.00    ) |  9.169E-04 6.104E-03
     200 1.5512E-01 9.1652E-04  (-0.256    ,  1.953E-03,   0.00    ) |  9.165E-04 6.104E-03
     201 1.5603E-01 9.1613E-04  (-0.256    ,  1.953E-03,   0.00    ) |  9.161E-04 6.104E-03
     202 1.5695E-01 9.1573E-04  (-0.256    ,  1.953E-03,   0.00    ) |  9.157E-04 6.104E-03
     203 1.5786E-01 9.1534E-04  (-0.256    ,  1.953E-03,   0.00    ) |  9.153E-04 6.104E-03
     204 1.5878E-01 9.1494E-04  (-0.256    ,  1.953E-03,   0.00    ) |  9.149E-04 6.104E-03
     205 1.5969E-01 9.1455E-04  (-0.256    ,  1.953E-03,   0.00    ) |  9.145E-04 6.104E-03
     206 1.6061E-01 9.1416E-04  (-0.256    ,  1.953E-03,   0.00    ) |  9.142E-04 6.104E-03
     207 1.6152E-01 9.1377E-04  (-0.256    ,  1.953E-03,   0.00    ) |  9.138E-04 6.104E-03
     208 1.6244E-01 9.1337E-04  (-0.256    ,  1.953E-03,   0.00    ) |  9.134E-04 6.104E-03
     209 1.6335E-01 9.1298E-04  (-0.256    ,  1.953E-03,   0.00    ) |  9.130E-04 6.104E-03
     210 1.6426E-01 9.1260E-04  (-0.256    ,  1.953E-03,   0.00    ) |  9.126E-04 6.104E-03
     211 1.6518E-01 9.1221E-04  ( 0.256    , -1.953E-03,   0.00    ) |  9.122E-04 6.104E-03
     212 1.6609E-01 9.1182E-04  ( 0.256    , -1.953E-03,   0.00    ) |  9.118E-04 6.104E-03
     213 1.6700E-01 9.1143E-04  ( 0.256    , -1.953E-03,   0.00    ) |  9.114E-04 6.104E-03
     214 1.6791E-01 9.1105E-04  ( 0.256    , -1.953E-03,   0.00    ) |  9.110E-04 6.104E-03
     215 1.6882E-01 9.1066E-04  ( 0.256    , -1.953E-03,   0.00    ) |  9.107E-04 6.104E-03
     216 1.6973E-01 9.1028E-04  ( 0.256    , -1.953E-03,   0.00    ) |  9.103E-04 6.104E-03
     217 1.7064E-01 9.0989E-04  ( 0.256    , -1.953E-03,   0.00    ) |  9.099E-04 6.104E-03
     218 1.7155E-01 9.0951E-04  ( 0.256    , -1.953E-03,   0.00    ) |  9.095E-04 6.104E-03
     219 1.7246E-01 9.0913E-04  ( 0.256    , -1.953E-03,   0.00    ) |  9.091E-04 6.104E-03
     220 1.7337E-01 9.0874E-04  ( 0.256    , -1.953E-03,   0.00    ) |  9.087E-04 6.104E-03
     221 1.7428E-01 9.0836E-04  ( 0.256    , -1.953E-03,   0.00    ) |  9.084E-04 6.104E-03
 *** Wrote plotfile to flash_run_hdf5_plt_cnt_0007 ****
     222 1.7519E-01 9.0798E-04  ( 0.256    , -1.953E-03,   0.00    ) |  9.080E-04 6.104E-03
     223 1.7610E-01 9.0760E-04  ( 0.256    , -1.953E-03,   0.00    ) |  9.076E-04 6.104E-03
     224 1.7700E-01 9.0723E-04  ( 0.256    , -1.953E-03,   0.00    ) |  9.072E-04 6.104E-03
     225 1.7791E-01 9.0685E-04  ( 0.256    , -1.953E-03,   0.00    ) |  9.068E-04 6.104E-03
     226 1.7882E-01 9.0647E-04  ( 0.256    , -1.953E-03,   0.00    ) |  9.065E-04 6.104E-03
     227 1.7973E-01 9.0609E-04  ( 0.256    , -1.953E-03,   0.00    ) |  9.061E-04 6.104E-03
     228 1.8063E-01 9.0572E-04  ( 0.256    , -1.953E-03,   0.00    ) |  9.057E-04 6.104E-03
     229 1.8154E-01 9.0534E-04  ( 0.256    , -1.953E-03,   0.00    ) |  9.053E-04 6.104E-03
     230 1.8244E-01 9.0497E-04  ( 0.256    , -1.953E-03,   0.00    ) |  9.050E-04 6.104E-03
     231 1.8335E-01 9.0459E-04  ( 0.256    , -1.953E-03,   0.00    ) |  9.046E-04 6.104E-03
     232 1.8425E-01 9.0422E-04  ( 0.256    , -1.953E-03,   0.00    ) |  9.042E-04 6.104E-03
     233 1.8516E-01 9.0385E-04  ( 0.256    , -1.953E-03,   0.00    ) |  9.038E-04 6.104E-03
     234 1.8606E-01 9.0348E-04  ( 0.256    , -1.953E-03,   0.00    ) |  9.035E-04 6.104E-03
     235 1.8696E-01 9.0311E-04  ( 0.256    , -1.953E-03,   0.00    ) |  9.031E-04 6.104E-03
     236 1.8787E-01 9.0274E-04  (-0.256    ,  1.953E-03,   0.00    ) |  9.027E-04 6.104E-03
     237 1.8877E-01 9.0237E-04  (-0.256    , -1.953E-03,   0.00    ) |  9.024E-04 6.104E-03
     238 1.8967E-01 9.0200E-04  (-0.256    , -1.953E-03,   0.00    ) |  9.020E-04 6.104E-03
     239 1.9057E-01 9.0163E-04  ( 0.256    ,  1.953E-03,   0.00    ) |  9.016E-04 6.104E-03
     240 1.9148E-01 9.0126E-04  ( 0.256    ,  1.953E-03,   0.00    ) |  9.013E-04 6.104E-03
     241 1.9238E-01 9.0089E-04  ( 0.256    ,  1.953E-03,   0.00    ) |  9.009E-04 6.104E-03
     242 1.9328E-01 9.0053E-04  ( 0.256    ,  1.953E-03,   0.00    ) |  9.005E-04 6.104E-03
     243 1.9418E-01 9.0016E-04  ( 0.256    ,  1.953E-03,   0.00    ) |  9.002E-04 6.104E-03
     244 1.9508E-01 8.9980E-04  ( 0.256    ,  1.953E-03,   0.00    ) |  8.998E-04 6.104E-03
     245 1.9598E-01 8.9943E-04  ( 0.256    ,  1.953E-03,   0.00    ) |  8.994E-04 6.104E-03
     246 1.9688E-01 8.9907E-04  ( 0.256    ,  1.953E-03,   0.00    ) |  8.991E-04 6.104E-03
     247 1.9778E-01 8.9870E-04  ( 0.256    ,  1.953E-03,   0.00    ) |  8.987E-04 6.104E-03
     248 1.9868E-01 8.9834E-04  ( 0.256    ,  1.953E-03,   0.00    ) |  8.983E-04 6.104E-03
     249 1.9957E-01 8.9798E-04  ( 0.256    ,  1.953E-03,   0.00    ) |  8.980E-04 6.104E-03
 *** Wrote plotfile to flash_run_hdf5_plt_cnt_0008 ****
     250 2.0047E-01 8.9762E-04  ( 0.256    ,  1.953E-03,   0.00    ) |  8.976E-04 6.104E-03
     251 2.0137E-01 8.9726E-04  ( 0.256    ,  1.953E-03,   0.00    ) |  8.973E-04 6.104E-03
     252 2.0227E-01 8.9690E-04  ( 0.256    ,  1.953E-03,   0.00    ) |  8.969E-04 6.104E-03
     253 2.0316E-01 8.9654E-04  ( 0.256    ,  1.953E-03,   0.00    ) |  8.965E-04 6.104E-03
     254 2.0406E-01 8.9618E-04  ( 0.256    ,  1.953E-03,   0.00    ) |  8.962E-04 6.104E-03
     255 2.0496E-01 8.9582E-04  ( 0.260    , -1.953E-03,   0.00    ) |  8.958E-04 6.104E-03
     256 2.0585E-01 8.9546E-04  (-0.260    ,  1.953E-03,   0.00    ) |  8.955E-04 6.104E-03
     257 2.0675E-01 8.9510E-04  ( 0.260    ,  1.953E-03,   0.00    ) |  8.951E-04 6.104E-03
     258 2.0764E-01 8.9475E-04  ( 0.260    ,  1.953E-03,   0.00    ) |  8.947E-04 6.104E-03
     259 2.0854E-01 8.9439E-04  ( 0.260    ,  1.953E-03,   0.00    ) |  8.944E-04 6.104E-03
     260 2.0943E-01 8.9403E-04  ( 0.260    ,  1.953E-03,   0.00    ) |  8.940E-04 6.104E-03
     261 2.1033E-01 8.9368E-04  ( 0.260    ,  1.953E-03,   0.00    ) |  8.937E-04 6.104E-03
     262 2.1122E-01 8.9332E-04  ( 0.260    ,  1.953E-03,   0.00    ) |  8.933E-04 6.104E-03
     263 2.1211E-01 8.9297E-04  ( 0.260    ,  1.953E-03,   0.00    ) |  8.930E-04 6.104E-03
     264 2.1301E-01 8.9262E-04  ( 0.260    ,  1.953E-03,   0.00    ) |  8.926E-04 6.104E-03
     265 2.1390E-01 8.9226E-04  ( 0.260    ,  1.953E-03,   0.00    ) |  8.923E-04 6.104E-03
     266 2.1479E-01 8.9191E-04  ( 0.260    ,  1.953E-03,   0.00    ) |  8.919E-04 6.104E-03
     267 2.1568E-01 8.9156E-04  ( 0.260    ,  1.953E-03,   0.00    ) |  8.916E-04 6.104E-03
     268 2.1657E-01 8.9120E-04  ( 0.260    ,  1.953E-03,   0.00    ) |  8.912E-04 6.104E-03
     269 2.1747E-01 8.9085E-04  ( 0.260    ,  1.953E-03,   0.00    ) |  8.909E-04 6.104E-03
     270 2.1836E-01 8.9050E-04  ( 0.260    ,  1.953E-03,   0.00    ) |  8.905E-04 6.104E-03
     271 2.1925E-01 8.9015E-04  ( 0.260    ,  1.953E-03,   0.00    ) |  8.902E-04 6.104E-03
     272 2.2014E-01 8.8980E-04  ( 0.260    ,  1.953E-03,   0.00    ) |  8.898E-04 6.104E-03
     273 2.2103E-01 8.8945E-04  ( 0.260    ,  1.953E-03,   0.00    ) |  8.895E-04 6.104E-03
     274 2.2192E-01 8.8911E-04  ( 0.260    ,  1.953E-03,   0.00    ) |  8.891E-04 6.104E-03
     275 2.2281E-01 8.8876E-04  ( 0.260    ,  1.953E-03,   0.00    ) |  8.888E-04 6.104E-03
     276 2.2369E-01 8.8841E-04  ( 0.260    ,  1.953E-03,   0.00    ) |  8.884E-04 6.104E-03
     277 2.2458E-01 8.8806E-04  ( 0.260    ,  1.953E-03,   0.00    ) |  8.881E-04 6.104E-03
 *** Wrote plotfile to flash_run_hdf5_plt_cnt_0009 ****
     278 2.2547E-01 8.8772E-04  ( 0.260    ,  1.953E-03,   0.00    ) |  8.877E-04 6.104E-03
     279 2.2636E-01 8.8737E-04  (-0.260    ,  1.953E-03,   0.00    ) |  8.874E-04 6.104E-03
     280 2.2725E-01 8.8702E-04  (-0.260    ,  1.953E-03,   0.00    ) |  8.870E-04 6.104E-03
     281 2.2813E-01 8.8668E-04  (-0.260    ,  1.953E-03,   0.00    ) |  8.867E-04 6.104E-03
     282 2.2902E-01 8.8633E-04  ( 0.260    ,  1.953E-03,   0.00    ) |  8.863E-04 6.104E-03
     283 2.2991E-01 8.8599E-04  (-0.260    ,  1.953E-03,   0.00    ) |  8.860E-04 6.104E-03
     284 2.3079E-01 8.8565E-04  ( 0.260    ,  1.953E-03,   0.00    ) |  8.856E-04 6.104E-03
     285 2.3168E-01 8.8530E-04  (-0.260    ,  1.953E-03,   0.00    ) |  8.853E-04 6.104E-03
     286 2.3256E-01 8.8496E-04  (-0.260    ,  1.953E-03,   0.00    ) |  8.850E-04 6.104E-03
     287 2.3345E-01 8.8462E-04  (-0.260    ,  1.953E-03,   0.00    ) |  8.846E-04 6.104E-03
     288 2.3433E-01 8.8428E-04  (-0.260    ,  1.953E-03,   0.00    ) |  8.843E-04 6.104E-03
     289 2.3522E-01 8.8393E-04  (-0.260    ,  1.953E-03,   0.00    ) |  8.839E-04 6.104E-03
     290 2.3610E-01 8.8359E-04  (-0.260    ,  1.953E-03,   0.00    ) |  8.836E-04 6.104E-03
     291 2.3698E-01 8.8325E-04  (-0.260    ,  1.953E-03,   0.00    ) |  8.833E-04 6.104E-03
     292 2.3787E-01 8.8291E-04  (-0.260    ,  1.953E-03,   0.00    ) |  8.829E-04 6.104E-03
     293 2.3875E-01 8.8257E-04  (-0.260    ,  1.953E-03,   0.00    ) |  8.826E-04 6.104E-03
     294 2.3963E-01 8.8223E-04  (-0.260    ,  1.953E-03,   0.00    ) |  8.822E-04 6.104E-03
     295 2.4051E-01 8.8189E-04  (-0.260    ,  1.953E-03,   0.00    ) |  8.819E-04 6.104E-03
     296 2.4140E-01 8.8155E-04  (-0.260    ,  1.953E-03,   0.00    ) |  8.816E-04 6.104E-03
     297 2.4228E-01 8.8122E-04  (-0.260    ,  1.953E-03,   0.00    ) |  8.812E-04 6.104E-03
     298 2.4316E-01 8.8088E-04  (-0.260    ,  1.953E-03,   0.00    ) |  8.809E-04 6.104E-03
     299 2.4404E-01 8.8054E-04  (-0.260    ,  1.953E-03,   0.00    ) |  8.805E-04 6.104E-03
     300 2.4492E-01 8.8020E-04  (-0.260    ,  1.953E-03,   0.00    ) |  8.802E-04 6.104E-03
     301 2.4580E-01 8.7986E-04  (-0.260    ,  1.953E-03,   0.00    ) |  8.799E-04 6.104E-03
     302 2.4668E-01 8.7953E-04  (-0.260    ,  1.953E-03,   0.00    ) |  8.795E-04 6.104E-03
     303 2.4756E-01 8.7919E-04  (-0.260    ,  1.953E-03,   0.00    ) |  8.792E-04 6.104E-03
     304 2.4844E-01 8.7886E-04  (-0.260    ,  1.953E-03,   0.00    ) |  8.789E-04 6.104E-03
     305 2.4932E-01 8.7852E-04  (-0.260    ,  1.953E-03,   0.00    ) |  8.785E-04 6.104E-03
 *** Wrote plotfile to flash_run_hdf5_plt_cnt_0010 ****
     306 2.5020E-01 8.7818E-04  (-0.260    ,  1.953E-03,   0.00    ) |  8.782E-04 6.104E-03
     307 2.5108E-01 8.7785E-04  (-0.260    ,  1.953E-03,   0.00    ) |  8.778E-04 6.104E-03
     308 2.5195E-01 8.7751E-04  (-0.260    ,  1.953E-03,   0.00    ) |  8.775E-04 6.104E-03
     309 2.5283E-01 8.7718E-04  (-0.260    ,  1.953E-03,   0.00    ) |  8.772E-04 6.104E-03
     310 2.5371E-01 8.7685E-04  (-0.260    ,  1.953E-03,   0.00    ) |  8.768E-04 6.104E-03
     311 2.5458E-01 8.7651E-04  (-0.260    ,  1.953E-03,   0.00    ) |  8.765E-04 6.104E-03
     312 2.5546E-01 8.7618E-04  (-0.260    ,  1.953E-03,   0.00    ) |  8.762E-04 6.104E-03
     313 2.5634E-01 8.7584E-04  (-0.260    ,  1.953E-03,   0.00    ) |  8.758E-04 6.104E-03
     314 2.5721E-01 8.7551E-04  (-0.260    ,  1.953E-03,   0.00    ) |  8.755E-04 6.104E-03
     315 2.5809E-01 8.7518E-04  (-0.260    ,  1.953E-03,   0.00    ) |  8.752E-04 6.104E-03
     316 2.5896E-01 8.7484E-04  (-0.260    ,  1.953E-03,   0.00    ) |  8.748E-04 6.104E-03
     317 2.5984E-01 8.7451E-04  (-0.260    ,  1.953E-03,   0.00    ) |  8.745E-04 6.104E-03
     318 2.6071E-01 8.7418E-04  (-0.260    ,  1.953E-03,   0.00    ) |  8.742E-04 6.104E-03
     319 2.6159E-01 8.7384E-04  ( 0.260    , -1.953E-03,   0.00    ) |  8.738E-04 6.104E-03
     320 2.6246E-01 8.7351E-04  (-0.260    ,  1.953E-03,   0.00    ) |  8.735E-04 6.104E-03
     321 2.6333E-01 8.7318E-04  (-0.260    ,  1.953E-03,   0.00    ) |  8.732E-04 6.104E-03
     322 2.6421E-01 8.7285E-04  (-0.260    ,  1.953E-03,   0.00    ) |  8.728E-04 6.104E-03
     323 2.6508E-01 8.7251E-04  (-0.260    ,  1.953E-03,   0.00    ) |  8.725E-04 6.104E-03
     324 2.6595E-01 8.7218E-04  (-0.260    ,  1.953E-03,   0.00    ) |  8.722E-04 6.104E-03
     325 2.6683E-01 8.7185E-04  (-0.260    ,  1.953E-03,   0.00    ) |  8.718E-04 6.104E-03
     326 2.6770E-01 8.7151E-04  (-0.260    ,  1.953E-03,   0.00    ) |  8.715E-04 6.104E-03
     327 2.6857E-01 8.7118E-04  (-0.260    ,  1.953E-03,   0.00    ) |  8.712E-04 6.104E-03
     328 2.6944E-01 8.7085E-04  (-0.260    ,  1.953E-03,   0.00    ) |  8.708E-04 6.104E-03
     329 2.7031E-01 8.7052E-04  ( 0.260    , -1.953E-03,   0.00    ) |  8.705E-04 6.104E-03
     330 2.7118E-01 8.7018E-04  ( 0.260    , -1.953E-03,   0.00    ) |  8.702E-04 6.104E-03
     331 2.7205E-01 8.6985E-04  (-0.260    ,  1.953E-03,   0.00    ) |  8.699E-04 6.104E-03
     332 2.7292E-01 8.6952E-04  ( 0.260    , -1.953E-03,   0.00    ) |  8.695E-04 6.104E-03
     333 2.7379E-01 8.6918E-04  ( 0.260    ,  1.953E-03,   0.00    ) |  8.692E-04 6.104E-03
     334 2.7466E-01 8.6885E-04  ( 0.260    , -1.953E-03,   0.00    ) |  8.689E-04 6.104E-03
 *** Wrote plotfile to flash_run_hdf5_plt_cnt_0011 ****
     335 2.7553E-01 8.6852E-04  ( 0.260    , -1.953E-03,   0.00    ) |  8.685E-04 6.104E-03
     336 2.7640E-01 8.6818E-04  ( 0.260    , -1.953E-03,   0.00    ) |  8.682E-04 6.104E-03
     337 2.7727E-01 8.6785E-04  ( 0.260    , -1.953E-03,   0.00    ) |  8.678E-04 6.104E-03
     338 2.7813E-01 8.6751E-04  (-0.260    , -1.953E-03,   0.00    ) |  8.675E-04 6.104E-03
     339 2.7900E-01 8.6718E-04  ( 0.260    , -1.953E-03,   0.00    ) |  8.672E-04 6.104E-03
     340 2.7987E-01 8.6684E-04  ( 0.260    , -1.953E-03,   0.00    ) |  8.668E-04 6.104E-03
     341 2.8073E-01 8.6651E-04  (-0.260    ,  1.953E-03,   0.00    ) |  8.665E-04 6.104E-03
     342 2.8160E-01 8.6617E-04  ( 0.260    ,  1.953E-03,   0.00    ) |  8.662E-04 6.104E-03
     343 2.8247E-01 8.6584E-04  (-0.260    ,  1.953E-03,   0.00    ) |  8.658E-04 6.104E-03
     344 2.8333E-01 8.6550E-04  (-0.260    , -1.953E-03,   0.00    ) |  8.655E-04 6.104E-03
     345 2.8420E-01 8.6516E-04  (-0.260    , -1.953E-03,   0.00    ) |  8.652E-04 6.104E-03
     346 2.8506E-01 8.6483E-04  ( 0.260    ,  1.953E-03,   0.00    ) |  8.648E-04 6.104E-03
     347 2.8593E-01 8.6449E-04  (-0.260    , -1.953E-03,   0.00    ) |  8.645E-04 6.104E-03
     348 2.8679E-01 8.6415E-04  (-0.260    , -1.953E-03,   0.00    ) |  8.642E-04 6.104E-03
     349 2.8766E-01 8.6382E-04  (-0.260    , -1.953E-03,   0.00    ) |  8.638E-04 6.104E-03
     350 2.8852E-01 8.6348E-04  (-0.260    , -1.953E-03,   0.00    ) |  8.635E-04 6.104E-03
     351 2.8938E-01 8.6314E-04  (-0.260    , -1.953E-03,   0.00    ) |  8.631E-04 6.104E-03
     352 2.9025E-01 8.6281E-04  (-0.260    , -1.953E-03,   0.00    ) |  8.628E-04 6.104E-03
     353 2.9111E-01 8.6247E-04  (-0.260    , -1.953E-03,   0.00    ) |  8.625E-04 6.104E-03
     354 2.9197E-01 8.6214E-04  (-0.260    , -1.953E-03,   0.00    ) |  8.621E-04 6.104E-03
     355 2.9284E-01 8.6181E-04  (-0.260    , -1.953E-03,   0.00    ) |  8.618E-04 6.104E-03
     356 2.9370E-01 8.6148E-04  (-0.260    , -1.953E-03,   0.00    ) |  8.615E-04 6.104E-03
     357 2.9456E-01 8.6114E-04  (-0.260    , -1.953E-03,   0.00    ) |  8.611E-04 6.104E-03
     358 2.9542E-01 8.6081E-04  (-0.260    , -1.953E-03,   0.00    ) |  8.608E-04 6.104E-03
     359 2.9628E-01 8.6049E-04  (-0.260    , -1.953E-03,   0.00    ) |  8.605E-04 6.104E-03
     360 2.9714E-01 8.6016E-04  ( 0.260    , -1.953E-03,   0.00    ) |  8.602E-04 6.104E-03
     361 2.9800E-01 8.5983E-04  (-0.260    , -1.953E-03,   0.00    ) |  8.598E-04 6.104E-03
     362 2.9886E-01 8.5951E-04  (-0.260    , -1.953E-03,   0.00    ) |  8.595E-04 6.104E-03
     363 2.9972E-01 8.5919E-04  (-0.260    , -1.953E-03,   0.00    ) |  8.592E-04 6.104E-03
 *** Wrote plotfile to flash_run_hdf5_plt_cnt_0012 ****
     364 3.0058E-01 8.5886E-04  (-0.260    , -1.953E-03,   0.00    ) |  8.589E-04 6.104E-03
     365 3.0144E-01 8.5854E-04  (-0.260    , -1.953E-03,   0.00    ) |  8.585E-04 6.104E-03
     366 3.0230E-01 8.5822E-04  (-0.260    , -1.953E-03,   0.00    ) |  8.582E-04 6.104E-03
     367 3.0316E-01 8.5789E-04  (-0.260    , -1.953E-03,   0.00    ) |  8.579E-04 6.104E-03
     368 3.0401E-01 8.5757E-04  (-0.260    , -1.953E-03,   0.00    ) |  8.576E-04 6.104E-03
     369 3.0487E-01 8.5724E-04  (-0.260    , -1.953E-03,   0.00    ) |  8.572E-04 6.104E-03
     370 3.0573E-01 8.5691E-04  (-0.260    , -1.953E-03,   0.00    ) |  8.569E-04 6.104E-03
     371 3.0659E-01 8.5658E-04  (-0.260    , -1.953E-03,   0.00    ) |  8.566E-04 6.104E-03
     372 3.0744E-01 8.5624E-04  (-0.260    , -1.953E-03,   0.00    ) |  8.562E-04 6.104E-03
     373 3.0830E-01 8.5591E-04  (-0.260    , -1.953E-03,   0.00    ) |  8.559E-04 6.104E-03
     374 3.0915E-01 8.5557E-04  (-0.260    , -1.953E-03,   0.00    ) |  8.556E-04 6.104E-03
     375 3.1001E-01 8.5523E-04  (-0.260    , -1.953E-03,   0.00    ) |  8.552E-04 6.104E-03
     376 3.1086E-01 8.5489E-04  (-0.260    , -1.953E-03,   0.00    ) |  8.549E-04 6.104E-03
     377 3.1172E-01 8.5454E-04  (-0.260    , -1.953E-03,   0.00    ) |  8.545E-04 6.104E-03
     378 3.1257E-01 8.5420E-04  (-0.260    , -1.953E-03,   0.00    ) |  8.542E-04 6.104E-03
     379 3.1343E-01 8.5386E-04  (-0.260    , -1.953E-03,   0.00    ) |  8.539E-04 6.104E-03
     380 3.1428E-01 8.5352E-04  (-0.260    , -1.953E-03,   0.00    ) |  8.535E-04 6.104E-03
     381 3.1514E-01 8.5318E-04  (-0.260    , -1.953E-03,   0.00    ) |  8.532E-04 6.104E-03
     382 3.1599E-01 8.5284E-04  (-0.260    , -1.953E-03,   0.00    ) |  8.528E-04 6.104E-03
     383 3.1684E-01 8.5250E-04  (-0.260    , -1.953E-03,   0.00    ) |  8.525E-04 6.104E-03
     384 3.1769E-01 8.5217E-04  (-0.260    , -1.953E-03,   0.00    ) |  8.522E-04 6.104E-03
     385 3.1855E-01 8.5184E-04  (-0.260    , -1.953E-03,   0.00    ) |  8.518E-04 6.104E-03
     386 3.1940E-01 8.5151E-04  (-0.260    , -1.953E-03,   0.00    ) |  8.515E-04 6.104E-03
     387 3.2025E-01 8.5118E-04  (-0.260    , -1.953E-03,   0.00    ) |  8.512E-04 6.104E-03
     388 3.2110E-01 8.5086E-04  (-0.260    , -1.953E-03,   0.00    ) |  8.509E-04 6.104E-03
     389 3.2195E-01 8.5054E-04  (-0.260    , -1.953E-03,   0.00    ) |  8.505E-04 6.104E-03
     390 3.2280E-01 8.5022E-04  (-0.260    , -1.953E-03,   0.00    ) |  8.502E-04 6.104E-03
     391 3.2365E-01 8.4991E-04  (-0.260    , -1.953E-03,   0.00    ) |  8.499E-04 6.104E-03
     392 3.2450E-01 8.4959E-04  (-0.260    , -1.953E-03,   0.00    ) |  8.496E-04 6.104E-03
 *** Wrote plotfile to flash_run_hdf5_plt_cnt_0013 ****
     393 3.2535E-01 8.4928E-04  (-0.260    , -1.953E-03,   0.00    ) |  8.493E-04 6.104E-03
     394 3.2620E-01 8.4897E-04  (-0.260    , -1.953E-03,   0.00    ) |  8.490E-04 6.104E-03
     395 3.2705E-01 8.4865E-04  (-0.260    , -1.953E-03,   0.00    ) |  8.487E-04 6.104E-03
     396 3.2790E-01 8.4834E-04  (-0.260    , -1.953E-03,   0.00    ) |  8.483E-04 6.104E-03
     397 3.2875E-01 8.4803E-04  (-0.260    , -1.953E-03,   0.00    ) |  8.480E-04 6.104E-03
     398 3.2960E-01 8.4772E-04  (-0.260    , -1.953E-03,   0.00    ) |  8.477E-04 6.104E-03
     399 3.3044E-01 8.4741E-04  (-0.260    , -1.953E-03,   0.00    ) |  8.474E-04 6.104E-03
     400 3.3129E-01 8.4709E-04  ( 0.260    , -1.953E-03,   0.00    ) |  8.471E-04 6.104E-03
     401 3.3214E-01 8.4678E-04  (-0.260    ,  1.953E-03,   0.00    ) |  8.468E-04 6.104E-03
     402 3.3298E-01 8.4647E-04  ( 0.260    , -1.953E-03,   0.00    ) |  8.465E-04 6.104E-03
     403 3.3383E-01 8.4616E-04  (-0.260    ,  1.953E-03,   0.00    ) |  8.462E-04 6.104E-03
     404 3.3468E-01 8.4584E-04  (-0.260    ,  1.953E-03,   0.00    ) |  8.458E-04 6.104E-03
     405 3.3552E-01 8.4553E-04  (-0.260    ,  1.953E-03,   0.00    ) |  8.455E-04 6.104E-03
     406 3.3637E-01 8.4522E-04  ( 0.260    , -1.953E-03,   0.00    ) |  8.452E-04 6.104E-03
     407 3.3721E-01 8.4490E-04  ( 0.260    , -1.953E-03,   0.00    ) |  8.449E-04 6.104E-03
     408 3.3806E-01 8.4459E-04  ( 0.260    , -1.953E-03,   0.00    ) |  8.446E-04 6.104E-03
     409 3.3890E-01 8.4427E-04  ( 0.260    , -1.953E-03,   0.00    ) |  8.443E-04 6.104E-03
     410 3.3975E-01 8.4396E-04  ( 0.260    , -1.953E-03,   0.00    ) |  8.440E-04 6.104E-03
     411 3.4059E-01 8.4364E-04  ( 0.260    , -1.953E-03,   0.00    ) |  8.436E-04 6.104E-03
     412 3.4143E-01 8.4332E-04  ( 0.260    , -1.953E-03,   0.00    ) |  8.433E-04 6.104E-03
     413 3.4228E-01 8.4301E-04  ( 0.260    , -1.953E-03,   0.00    ) |  8.430E-04 6.104E-03
     414 3.4312E-01 8.4269E-04  ( 0.260    , -1.953E-03,   0.00    ) |  8.427E-04 6.104E-03
     415 3.4396E-01 8.4237E-04  ( 0.260    , -1.953E-03,   0.00    ) |  8.424E-04 6.104E-03
     416 3.4481E-01 8.4206E-04  ( 0.260    , -1.953E-03,   0.00    ) |  8.421E-04 6.104E-03
     417 3.4565E-01 8.4174E-04  ( 0.260    , -1.953E-03,   0.00    ) |  8.417E-04 6.104E-03
     418 3.4649E-01 8.4143E-04  ( 0.260    , -1.953E-03,   0.00    ) |  8.414E-04 6.104E-03
     419 3.4733E-01 8.4111E-04  ( 0.260    , -1.953E-03,   0.00    ) |  8.411E-04 6.104E-03
     420 3.4817E-01 8.4079E-04  ( 0.260    , -1.953E-03,   0.00    ) |  8.408E-04 6.104E-03
     421 3.4901E-01 8.4047E-04  ( 0.260    , -1.953E-03,   0.00    ) |  8.405E-04 6.104E-03
     422 3.4985E-01 8.4015E-04  ( 0.260    , -1.953E-03,   0.00    ) |  8.402E-04 6.104E-03
 *** Wrote plotfile to flash_run_hdf5_plt_cnt_0014 ****
     423 3.5069E-01 8.3984E-04  ( 0.260    , -1.953E-03,   0.00    ) |  8.398E-04 6.104E-03
     424 3.5153E-01 8.3952E-04  ( 0.260    , -1.953E-03,   0.00    ) |  8.395E-04 6.104E-03
     425 3.5237E-01 8.3920E-04  ( 0.260    , -1.953E-03,   0.00    ) |  8.392E-04 6.104E-03
     426 3.5321E-01 8.3888E-04  ( 0.260    , -1.953E-03,   0.00    ) |  8.389E-04 6.104E-03
     427 3.5405E-01 8.3856E-04  ( 0.260    , -1.953E-03,   0.00    ) |  8.386E-04 6.104E-03
     428 3.5489E-01 8.3823E-04  ( 0.260    , -1.953E-03,   0.00    ) |  8.382E-04 6.104E-03
     429 3.5573E-01 8.3791E-04  ( 0.260    , -1.953E-03,   0.00    ) |  8.379E-04 6.104E-03
     430 3.5657E-01 8.3759E-04  ( 0.260    , -1.953E-03,   0.00    ) |  8.376E-04 6.104E-03
     431 3.5740E-01 8.3727E-04  ( 0.260    , -1.953E-03,   0.00    ) |  8.373E-04 6.104E-03
     432 3.5824E-01 8.3695E-04  ( 0.260    , -1.953E-03,   0.00    ) |  8.369E-04 6.104E-03
     433 3.5908E-01 8.3663E-04  ( 0.260    , -1.953E-03,   0.00    ) |  8.366E-04 6.104E-03
     434 3.5991E-01 8.3631E-04  ( 0.260    , -1.953E-03,   0.00    ) |  8.363E-04 6.104E-03
     435 3.6075E-01 8.3598E-04  ( 0.260    , -1.953E-03,   0.00    ) |  8.360E-04 6.104E-03
     436 3.6159E-01 8.3566E-04  ( 0.260    , -1.953E-03,   0.00    ) |  8.357E-04 6.104E-03
     437 3.6242E-01 8.3534E-04  ( 0.260    , -1.953E-03,   0.00    ) |  8.353E-04 6.104E-03
     438 3.6326E-01 8.3502E-04  ( 0.260    ,  1.953E-03,   0.00    ) |  8.350E-04 6.104E-03
     439 3.6409E-01 8.3469E-04  ( 0.260    ,  1.953E-03,   0.00    ) |  8.347E-04 6.104E-03
     440 3.6493E-01 8.3437E-04  ( 0.260    ,  1.953E-03,   0.00    ) |  8.344E-04 6.104E-03
     441 3.6576E-01 8.3405E-04  ( 0.260    ,  1.953E-03,   0.00    ) |  8.340E-04 6.104E-03
     442 3.6660E-01 8.3372E-04  ( 0.260    ,  1.953E-03,   0.00    ) |  8.337E-04 6.104E-03
     443 3.6743E-01 8.3340E-04  ( 0.260    ,  1.953E-03,   0.00    ) |  8.334E-04 6.104E-03
     444 3.6826E-01 8.3308E-04  ( 0.260    ,  1.953E-03,   0.00    ) |  8.331E-04 6.104E-03
     445 3.6910E-01 8.3275E-04  ( 0.260    ,  1.953E-03,   0.00    ) |  8.328E-04 6.104E-03
     446 3.6993E-01 8.3243E-04  ( 0.260    ,  1.953E-03,   0.00    ) |  8.324E-04 6.104E-03
     447 3.7076E-01 8.3211E-04  ( 0.260    ,  1.953E-03,   0.00    ) |  8.321E-04 6.104E-03
     448 3.7159E-01 8.3178E-04  ( 0.260    ,  1.953E-03,   0.00    ) |  8.318E-04 6.104E-03
     449 3.7243E-01 8.3146E-04  ( 0.260    ,  1.953E-03,   0.00    ) |  8.315E-04 6.104E-03
     450 3.7326E-01 8.3113E-04  ( 0.260    ,  1.953E-03,   0.00    ) |  8.311E-04 6.104E-03
     451 3.7409E-01 8.3081E-04  ( 0.260    ,  1.953E-03,   0.00    ) |  8.308E-04 6.104E-03
     452 3.7492E-01 8.3049E-04  ( 0.260    ,  1.953E-03,   0.00    ) |  8.305E-04 6.104E-03
 *** Wrote plotfile to flash_run_hdf5_plt_cnt_0015 ****
     453 3.7575E-01 8.3016E-04  ( 0.260    ,  1.953E-03,   0.00    ) |  8.302E-04 6.104E-03
     454 3.7658E-01 8.2984E-04  ( 0.260    ,  1.953E-03,   0.00    ) |  8.298E-04 6.104E-03
     455 3.7741E-01 8.2952E-04  ( 0.260    ,  1.953E-03,   0.00    ) |  8.295E-04 6.104E-03
     456 3.7824E-01 8.2919E-04  ( 0.260    ,  1.953E-03,   0.00    ) |  8.292E-04 6.104E-03
     457 3.7907E-01 8.2887E-04  ( 0.260    ,  1.953E-03,   0.00    ) |  8.289E-04 6.104E-03
     458 3.7990E-01 8.2855E-04  ( 0.260    ,  1.953E-03,   0.00    ) |  8.285E-04 6.104E-03
     459 3.8073E-01 8.2822E-04  ( 0.260    ,  1.953E-03,   0.00    ) |  8.282E-04 6.104E-03
     460 3.8155E-01 8.2790E-04  ( 0.260    ,  1.953E-03,   0.00    ) |  8.279E-04 6.104E-03
     461 3.8238E-01 8.2758E-04  ( 0.260    ,  1.953E-03,   0.00    ) |  8.276E-04 6.104E-03
     462 3.8321E-01 8.2725E-04  ( 0.264    ,  1.953E-03,   0.00    ) |  8.273E-04 6.104E-03
     463 3.8404E-01 8.2693E-04  ( 0.264    ,  1.953E-03,   0.00    ) |  8.269E-04 6.104E-03
     464 3.8486E-01 8.2660E-04  ( 0.264    ,  1.953E-03,   0.00    ) |  8.266E-04 6.104E-03
     465 3.8569E-01 8.2628E-04  ( 0.264    ,  1.953E-03,   0.00    ) |  8.263E-04 6.104E-03
     466 3.8652E-01 8.2595E-04  ( 0.264    ,  1.953E-03,   0.00    ) |  8.260E-04 6.104E-03
     467 3.8734E-01 8.2563E-04  ( 0.264    ,  1.953E-03,   0.00    ) |  8.256E-04 6.104E-03
     468 3.8817E-01 8.2531E-04  ( 0.264    ,  1.953E-03,   0.00    ) |  8.253E-04 6.104E-03
     469 3.8899E-01 8.2498E-04  ( 0.264    ,  1.953E-03,   0.00    ) |  8.250E-04 6.104E-03
     470 3.8982E-01 8.2466E-04  ( 0.264    ,  1.953E-03,   0.00    ) |  8.247E-04 6.104E-03
     471 3.9064E-01 8.2433E-04  ( 0.264    ,  1.953E-03,   0.00    ) |  8.243E-04 6.104E-03
     472 3.9147E-01 8.2401E-04  ( 0.264    ,  1.953E-03,   0.00    ) |  8.240E-04 6.104E-03
     473 3.9229E-01 8.2369E-04  ( 0.264    ,  1.953E-03,   0.00    ) |  8.237E-04 6.104E-03
     474 3.9311E-01 8.2336E-04  ( 0.264    ,  1.953E-03,   0.00    ) |  8.234E-04 6.104E-03
     475 3.9394E-01 8.2304E-04  ( 0.264    ,  1.953E-03,   0.00    ) |  8.230E-04 6.104E-03
     476 3.9476E-01 8.2272E-04  ( 0.264    , -1.953E-03,   0.00    ) |  8.227E-04 6.104E-03
     477 3.9558E-01 8.2240E-04  ( 0.264    ,  1.953E-03,   0.00    ) |  8.224E-04 6.104E-03
     478 3.9641E-01 8.2208E-04  ( 0.264    , -1.953E-03,   0.00    ) |  8.221E-04 6.104E-03
     479 3.9723E-01 8.2175E-04  ( 0.264    , -1.953E-03,   0.00    ) |  8.218E-04 6.104E-03
     480 3.9805E-01 8.2143E-04  ( 0.264    , -1.953E-03,   0.00    ) |  8.214E-04 6.104E-03
     481 3.9887E-01 8.2111E-04  ( 0.264    , -1.953E-03,   0.00    ) |  8.211E-04 6.104E-03
     482 3.9969E-01 8.2079E-04  ( 0.264    , -1.953E-03,   0.00    ) |  8.208E-04 6.104E-03
 *** Wrote plotfile to flash_run_hdf5_plt_cnt_0016 ****
     483 4.0051E-01 8.2047E-04  ( 0.264    , -1.953E-03,   0.00    ) |  8.205E-04 6.104E-03
     484 4.0133E-01 8.2015E-04  ( 0.264    , -1.953E-03,   0.00    ) |  8.202E-04 6.104E-03
     485 4.0215E-01 8.1983E-04  ( 0.264    , -1.953E-03,   0.00    ) |  8.198E-04 6.104E-03
     486 4.0297E-01 8.1951E-04  ( 0.264    , -1.953E-03,   0.00    ) |  8.195E-04 6.104E-03
     487 4.0379E-01 8.1920E-04  ( 0.264    , -1.953E-03,   0.00    ) |  8.192E-04 6.104E-03
     488 4.0461E-01 8.1888E-04  ( 0.264    , -1.953E-03,   0.00    ) |  8.189E-04 6.104E-03
     489 4.0543E-01 8.1856E-04  ( 0.264    , -1.953E-03,   0.00    ) |  8.186E-04 6.104E-03
     490 4.0625E-01 8.1825E-04  ( 0.264    , -1.953E-03,   0.00    ) |  8.182E-04 6.104E-03
     491 4.0707E-01 8.1793E-04  (-0.264    , -1.953E-03,   0.00    ) |  8.179E-04 6.104E-03
     492 4.0789E-01 8.1761E-04  ( 0.268    , -1.953E-03,   0.00    ) |  8.176E-04 6.104E-03
     493 4.0870E-01 8.1730E-04  ( 0.268    , -1.953E-03,   0.00    ) |  8.173E-04 6.104E-03
     494 4.0952E-01 8.1698E-04  ( 0.268    , -1.953E-03,   0.00    ) |  8.170E-04 6.104E-03
     495 4.1034E-01 8.1666E-04  ( 0.268    , -1.953E-03,   0.00    ) |  8.167E-04 6.104E-03
     496 4.1115E-01 8.1634E-04  (-0.268    , -1.953E-03,   0.00    ) |  8.163E-04 6.104E-03
     497 4.1197E-01 8.1602E-04  (-0.268    , -1.953E-03,   0.00    ) |  8.160E-04 6.104E-03
     498 4.1279E-01 8.1571E-04  (-0.268    , -1.953E-03,   0.00    ) |  8.157E-04 6.104E-03
     499 4.1360E-01 8.1539E-04  ( 0.268    , -1.953E-03,   0.00    ) |  8.154E-04 6.104E-03
     500 4.1442E-01 8.1507E-04  (-0.268    , -1.953E-03,   0.00    ) |  8.151E-04 6.104E-03
     501 4.1523E-01 8.1476E-04  (-0.268    , -1.953E-03,   0.00    ) |  8.148E-04 6.104E-03
     502 4.1605E-01 8.1444E-04  ( 0.268    , -1.953E-03,   0.00    ) |  8.144E-04 6.104E-03
     503 4.1686E-01 8.1413E-04  ( 0.268    , -1.953E-03,   0.00    ) |  8.141E-04 6.104E-03
     504 4.1768E-01 8.1381E-04  (-0.268    , -1.953E-03,   0.00    ) |  8.138E-04 6.104E-03
     505 4.1849E-01 8.1350E-04  (-0.268    , -1.953E-03,   0.00    ) |  8.135E-04 6.104E-03
     506 4.1930E-01 8.1319E-04  (-0.268    , -1.953E-03,   0.00    ) |  8.132E-04 6.104E-03
     507 4.2012E-01 8.1287E-04  (-0.268    , -1.953E-03,   0.00    ) |  8.129E-04 6.104E-03
     508 4.2093E-01 8.1256E-04  (-0.268    , -1.953E-03,   0.00    ) |  8.126E-04 6.104E-03
     509 4.2174E-01 8.1225E-04  (-0.268    , -1.953E-03,   0.00    ) |  8.123E-04 6.104E-03
     510 4.2255E-01 8.1194E-04  (-0.268    , -1.953E-03,   0.00    ) |  8.119E-04 6.104E-03
     511 4.2337E-01 8.1163E-04  (-0.268    , -1.953E-03,   0.00    ) |  8.116E-04 6.104E-03
     512 4.2418E-01 8.1132E-04  (-0.268    , -1.953E-03,   0.00    ) |  8.113E-04 6.104E-03
     513 4.2499E-01 8.1101E-04  (-0.268    , -1.953E-03,   0.00    ) |  8.110E-04 6.104E-03
 *** Wrote plotfile to flash_run_hdf5_plt_cnt_0017 ****
     514 4.2580E-01 8.1071E-04  (-0.268    , -1.953E-03,   0.00    ) |  8.107E-04 6.104E-03
     515 4.2661E-01 8.1040E-04  ( 0.268    , -1.953E-03,   0.00    ) |  8.104E-04 6.104E-03
     516 4.2742E-01 8.1009E-04  ( 0.268    , -1.953E-03,   0.00    ) |  8.101E-04 6.104E-03
     517 4.2823E-01 8.0979E-04  (-0.268    , -1.953E-03,   0.00    ) |  8.098E-04 6.104E-03
     518 4.2904E-01 8.0948E-04  (-0.271    , -1.953E-03,   0.00    ) |  8.095E-04 6.104E-03
     519 4.2985E-01 8.0917E-04  (-0.271    , -1.953E-03,   0.00    ) |  8.092E-04 6.104E-03
     520 4.3066E-01 8.0886E-04  (-0.271    , -1.953E-03,   0.00    ) |  8.089E-04 6.104E-03
     521 4.3147E-01 8.0855E-04  ( 0.271    , -1.953E-03,   0.00    ) |  8.085E-04 6.104E-03
     522 4.3228E-01 8.0824E-04  (-0.271    , -1.953E-03,   0.00    ) |  8.082E-04 6.104E-03
     523 4.3309E-01 8.0793E-04  (-0.271    , -1.953E-03,   0.00    ) |  8.079E-04 6.104E-03
     524 4.3389E-01 8.0762E-04  (-0.271    , -1.953E-03,   0.00    ) |  8.076E-04 6.104E-03
     525 4.3470E-01 8.0731E-04  (-0.271    , -1.953E-03,   0.00    ) |  8.073E-04 6.104E-03
     526 4.3551E-01 8.0701E-04  (-0.271    , -1.953E-03,   0.00    ) |  8.070E-04 6.104E-03
     527 4.3632E-01 8.0670E-04  (-0.271    , -1.953E-03,   0.00    ) |  8.067E-04 6.104E-03
     528 4.3712E-01 8.0639E-04  (-0.271    , -1.953E-03,   0.00    ) |  8.064E-04 6.104E-03
     529 4.3793E-01 8.0609E-04  (-0.271    , -1.953E-03,   0.00    ) |  8.061E-04 6.104E-03
     530 4.3873E-01 8.0578E-04  (-0.271    , -1.953E-03,   0.00    ) |  8.058E-04 6.104E-03
     531 4.3954E-01 8.0548E-04  (-0.271    , -1.953E-03,   0.00    ) |  8.055E-04 6.104E-03
     532 4.4035E-01 8.0518E-04  (-0.271    , -1.953E-03,   0.00    ) |  8.052E-04 6.104E-03
     533 4.4115E-01 8.0488E-04  (-0.271    , -1.953E-03,   0.00    ) |  8.049E-04 6.104E-03
     534 4.4196E-01 8.0457E-04  (-0.271    , -1.953E-03,   0.00    ) |  8.046E-04 6.104E-03
     535 4.4276E-01 8.0427E-04  (-0.271    , -1.953E-03,   0.00    ) |  8.043E-04 6.104E-03
     536 4.4356E-01 8.0397E-04  (-0.271    , -1.953E-03,   0.00    ) |  8.040E-04 6.104E-03
     537 4.4437E-01 8.0367E-04  (-0.271    , -1.953E-03,   0.00    ) |  8.037E-04 6.104E-03
     538 4.4517E-01 8.0337E-04  (-0.271    , -1.953E-03,   0.00    ) |  8.034E-04 6.104E-03
     539 4.4598E-01 8.0307E-04  (-0.271    , -1.953E-03,   0.00    ) |  8.031E-04 6.104E-03
     540 4.4678E-01 8.0277E-04  (-0.275    , -1.953E-03,   0.00    ) |  8.028E-04 6.104E-03
     541 4.4758E-01 8.0247E-04  ( 0.275    , -1.953E-03,   0.00    ) |  8.025E-04 6.104E-03
     542 4.4838E-01 8.0217E-04  ( 0.275    , -1.953E-03,   0.00    ) |  8.022E-04 6.104E-03
     543 4.4919E-01 8.0187E-04  (-0.275    , -1.953E-03,   0.00    ) |  8.019E-04 6.104E-03
     544 4.4999E-01 8.0157E-04  (-0.275    , -1.953E-03,   0.00    ) |  8.016E-04 6.104E-03
 *** Wrote plotfile to flash_run_hdf5_plt_cnt_0018 ****
     545 4.5079E-01 8.0127E-04  ( 0.275    , -1.953E-03,   0.00    ) |  8.013E-04 6.104E-03
     546 4.5159E-01 8.0097E-04  (-0.275    , -1.953E-03,   0.00    ) |  8.010E-04 6.104E-03
     547 4.5239E-01 8.0067E-04  (-0.275    , -1.953E-03,   0.00    ) |  8.007E-04 6.104E-03
     548 4.5319E-01 8.0037E-04  (-0.275    , -1.953E-03,   0.00    ) |  8.004E-04 6.104E-03
     549 4.5399E-01 8.0007E-04  (-0.275    , -1.953E-03,   0.00    ) |  8.001E-04 6.104E-03
     550 4.5479E-01 7.9978E-04  (-0.275    , -1.953E-03,   0.00    ) |  7.998E-04 6.104E-03
     551 4.5559E-01 7.9948E-04  (-0.275    , -1.953E-03,   0.00    ) |  7.995E-04 6.104E-03
     552 4.5639E-01 7.9918E-04  (-0.275    , -1.953E-03,   0.00    ) |  7.992E-04 6.104E-03
     553 4.5719E-01 7.9889E-04  (-0.275    , -1.953E-03,   0.00    ) |  7.989E-04 6.104E-03
     554 4.5799E-01 7.9860E-04  (-0.275    , -1.953E-03,   0.00    ) |  7.986E-04 6.104E-03
     555 4.5879E-01 7.9830E-04  (-0.275    , -1.953E-03,   0.00    ) |  7.983E-04 6.104E-03
     556 4.5959E-01 7.9801E-04  (-0.275    , -1.953E-03,   0.00    ) |  7.980E-04 6.104E-03
     557 4.6039E-01 7.9772E-04  (-0.275    , -1.953E-03,   0.00    ) |  7.977E-04 6.104E-03
     558 4.6118E-01 7.9743E-04  (-0.275    , -1.953E-03,   0.00    ) |  7.974E-04 6.104E-03
     559 4.6198E-01 7.9714E-04  (-0.275    , -1.953E-03,   0.00    ) |  7.971E-04 6.104E-03
     560 4.6278E-01 7.9685E-04  (-0.275    , -1.953E-03,   0.00    ) |  7.968E-04 6.104E-03
     561 4.6357E-01 7.9656E-04  (-0.275    , -1.953E-03,   0.00    ) |  7.966E-04 6.104E-03
     562 4.6437E-01 7.9627E-04  (-0.279    , -1.953E-03,   0.00    ) |  7.963E-04 6.104E-03
     563 4.6517E-01 7.9597E-04  (-0.279    , -1.953E-03,   0.00    ) |  7.960E-04 6.104E-03
     564 4.6596E-01 7.9568E-04  (-0.279    , -1.953E-03,   0.00    ) |  7.957E-04 6.104E-03
     565 4.6676E-01 7.9539E-04  (-0.279    , -1.953E-03,   0.00    ) |  7.954E-04 6.104E-03
     566 4.6755E-01 7.9510E-04  (-0.279    , -1.953E-03,   0.00    ) |  7.951E-04 6.104E-03
     567 4.6835E-01 7.9481E-04  (-0.279    , -1.953E-03,   0.00    ) |  7.948E-04 6.104E-03
     568 4.6914E-01 7.9452E-04  (-0.279    , -1.953E-03,   0.00    ) |  7.945E-04 6.104E-03
     569 4.6994E-01 7.9424E-04  (-0.279    , -1.953E-03,   0.00    ) |  7.942E-04 6.104E-03
     570 4.7073E-01 7.9395E-04  (-0.279    , -1.953E-03,   0.00    ) |  7.940E-04 6.104E-03
     571 4.7153E-01 7.9367E-04  (-0.279    , -1.953E-03,   0.00    ) |  7.937E-04 6.104E-03
     572 4.7232E-01 7.9338E-04  (-0.279    , -1.953E-03,   0.00    ) |  7.934E-04 6.104E-03
     573 4.7311E-01 7.9310E-04  (-0.279    , -1.953E-03,   0.00    ) |  7.931E-04 6.104E-03
     574 4.7391E-01 7.9282E-04  (-0.279    , -1.953E-03,   0.00    ) |  7.928E-04 6.104E-03
     575 4.7470E-01 7.9254E-04  (-0.279    , -1.953E-03,   0.00    ) |  7.925E-04 6.104E-03
 *** Wrote plotfile to flash_run_hdf5_plt_cnt_0019 ****
     576 4.7549E-01 7.9226E-04  (-0.279    , -1.953E-03,   0.00    ) |  7.923E-04 6.104E-03
     577 4.7628E-01 7.9198E-04  (-0.279    , -1.953E-03,   0.00    ) |  7.920E-04 6.104E-03
     578 4.7708E-01 7.9170E-04  (-0.279    , -1.953E-03,   0.00    ) |  7.917E-04 6.104E-03
     579 4.7787E-01 7.9142E-04  (-0.279    , -1.953E-03,   0.00    ) |  7.914E-04 6.104E-03
     580 4.7866E-01 7.9114E-04  (-0.279    ,  1.953E-03,   0.00    ) |  7.911E-04 6.104E-03
     581 4.7945E-01 7.9086E-04  (-0.279    , -1.953E-03,   0.00    ) |  7.909E-04 6.104E-03
     582 4.8024E-01 7.9059E-04  (-0.279    , -1.953E-03,   0.00    ) |  7.906E-04 6.104E-03
     583 4.8103E-01 7.9031E-04  ( 0.279    , -1.953E-03,   0.00    ) |  7.903E-04 6.104E-03
     584 4.8182E-01 7.9004E-04  (-0.279    ,  1.953E-03,   0.00    ) |  7.900E-04 6.104E-03
     585 4.8261E-01 7.8976E-04  ( 0.279    , -1.953E-03,   0.00    ) |  7.898E-04 6.104E-03
     586 4.8340E-01 7.8949E-04  (-0.283    , -1.953E-03,   0.00    ) |  7.895E-04 6.104E-03
     587 4.8419E-01 7.8921E-04  (-0.283    , -1.953E-03,   0.00    ) |  7.892E-04 6.104E-03
     588 4.8498E-01 7.8894E-04  (-0.283    , -1.953E-03,   0.00    ) |  7.889E-04 6.104E-03
     589 4.8577E-01 7.8866E-04  (-0.283    , -1.953E-03,   0.00    ) |  7.887E-04 6.104E-03
     590 4.8656E-01 7.8839E-04  (-0.283    ,  1.953E-03,   0.00    ) |  7.884E-04 6.104E-03
     591 4.8735E-01 7.8812E-04  (-0.283    , -1.953E-03,   0.00    ) |  7.881E-04 6.104E-03
     592 4.8814E-01 7.8785E-04  (-0.283    , -1.953E-03,   0.00    ) |  7.878E-04 6.104E-03
     593 4.8892E-01 7.8758E-04  (-0.283    , -1.953E-03,   0.00    ) |  7.876E-04 6.104E-03
     594 4.8971E-01 7.8731E-04  ( 0.283    , -1.953E-03,   0.00    ) |  7.873E-04 6.104E-03
     595 4.9050E-01 7.8704E-04  ( 0.283    , -1.953E-03,   0.00    ) |  7.870E-04 6.104E-03
     596 4.9129E-01 7.8677E-04  ( 0.283    , -1.953E-03,   0.00    ) |  7.868E-04 6.104E-03
     597 4.9207E-01 7.8650E-04  ( 0.283    , -1.953E-03,   0.00    ) |  7.865E-04 6.104E-03
     598 4.9286E-01 7.8624E-04  ( 0.283    , -1.953E-03,   0.00    ) |  7.862E-04 6.104E-03
     599 4.9364E-01 7.8597E-04  ( 0.283    , -1.953E-03,   0.00    ) |  7.860E-04 6.104E-03
     600 4.9443E-01 7.8571E-04  ( 0.283    , -1.953E-03,   0.00    ) |  7.857E-04 6.104E-03
     601 4.9522E-01 7.8544E-04  ( 0.283    , -1.953E-03,   0.00    ) |  7.854E-04 6.104E-03
     602 4.9600E-01 7.8518E-04  ( 0.283    , -1.953E-03,   0.00    ) |  7.852E-04 6.104E-03
     603 4.9679E-01 7.8492E-04  ( 0.283    , -1.953E-03,   0.00    ) |  7.849E-04 6.104E-03
     604 4.9757E-01 7.8466E-04  (-0.283    , -1.953E-03,   0.00    ) |  7.847E-04 6.104E-03
     605 4.9836E-01 7.8440E-04  (-0.283    , -1.953E-03,   0.00    ) |  7.844E-04 6.104E-03
     606 4.9914E-01 7.8414E-04  (-0.283    , -1.953E-03,   0.00    ) |  7.841E-04 6.104E-03
     607 4.9993E-01 7.8388E-04  ( 0.283    , -1.953E-03,   0.00    ) |  7.839E-04 6.104E-03
 *** Wrote plotfile to flash_run_hdf5_plt_cnt_0020 ****
     608 5.0071E-01 7.8362E-04  ( 0.283    , -1.953E-03,   0.00    ) |  7.836E-04 6.104E-03
     609 5.0149E-01 7.8336E-04  ( 0.287    , -1.953E-03,   0.00    ) |  7.834E-04 6.104E-03
     610 5.0228E-01 7.8310E-04  ( 0.287    , -1.953E-03,   0.00    ) |  7.831E-04 6.104E-03
     611 5.0306E-01 7.8284E-04  (-0.287    , -1.953E-03,   0.00    ) |  7.828E-04 6.104E-03
     612 5.0384E-01 7.8259E-04  ( 0.287    , -1.953E-03,   0.00    ) |  7.826E-04 6.104E-03
     613 5.0462E-01 7.8233E-04  ( 0.287    , -1.953E-03,   0.00    ) |  7.823E-04 6.104E-03
     614 5.0541E-01 7.8207E-04  ( 0.287    , -1.953E-03,   0.00    ) |  7.821E-04 6.104E-03
     615 5.0619E-01 7.8182E-04  ( 0.287    , -1.953E-03,   0.00    ) |  7.818E-04 6.104E-03
     616 5.0697E-01 7.8156E-04  ( 0.287    , -1.953E-03,   0.00    ) |  7.816E-04 6.104E-03
     617 5.0775E-01 7.8131E-04  ( 0.287    , -1.953E-03,   0.00    ) |  7.813E-04 6.104E-03
     618 5.0853E-01 7.8106E-04  ( 0.287    , -1.953E-03,   0.00    ) |  7.811E-04 6.104E-03
     619 5.0931E-01 7.8081E-04  ( 0.287    , -1.953E-03,   0.00    ) |  7.808E-04 6.104E-03
     620 5.1010E-01 7.8056E-04  ( 0.287    , -1.953E-03,   0.00    ) |  7.806E-04 6.104E-03
     621 5.1088E-01 7.8031E-04  ( 0.287    , -1.953E-03,   0.00    ) |  7.803E-04 6.104E-03
     622 5.1166E-01 7.8006E-04  (-0.287    , -1.953E-03,   0.00    ) |  7.801E-04 6.104E-03
     623 5.1244E-01 7.7981E-04  (-0.287    , -1.953E-03,   0.00    ) |  7.798E-04 6.104E-03
     624 5.1322E-01 7.7957E-04  (-0.287    , -1.953E-03,   0.00    ) |  7.796E-04 6.104E-03
     625 5.1400E-01 7.7932E-04  (-0.287    , -1.953E-03,   0.00    ) |  7.793E-04 6.104E-03
     626 5.1478E-01 7.7908E-04  (-0.287    ,  1.953E-03,   0.00    ) |  7.791E-04 6.104E-03
     627 5.1555E-01 7.7883E-04  (-0.287    , -1.953E-03,   0.00    ) |  7.788E-04 6.104E-03
     628 5.1633E-01 7.7859E-04  (-0.287    , -1.953E-03,   0.00    ) |  7.786E-04 6.104E-03
     629 5.1711E-01 7.7835E-04  (-0.287    , -1.953E-03,   0.00    ) |  7.784E-04 6.104E-03
     630 5.1789E-01 7.7811E-04  ( 0.287    , -1.953E-03,   0.00    ) |  7.781E-04 6.104E-03
     631 5.1867E-01 7.7787E-04  (-0.291    , -1.953E-03,   0.00    ) |  7.779E-04 6.104E-03
     632 5.1945E-01 7.7763E-04  ( 0.291    , -1.953E-03,   0.00    ) |  7.776E-04 6.104E-03
     633 5.2022E-01 7.7738E-04  (-0.291    , -1.953E-03,   0.00    ) |  7.774E-04 6.104E-03
     634 5.2100E-01 7.7714E-04  (-0.291    ,  1.953E-03,   0.00    ) |  7.771E-04 6.104E-03
     635 5.2178E-01 7.7691E-04  (-0.291    , -1.953E-03,   0.00    ) |  7.769E-04 6.104E-03
     636 5.2256E-01 7.7667E-04  (-0.291    ,  1.953E-03,   0.00    ) |  7.767E-04 6.104E-03
     637 5.2333E-01 7.7643E-04  (-0.291    ,  1.953E-03,   0.00    ) |  7.764E-04 6.104E-03
     638 5.2411E-01 7.7620E-04  (-0.291    ,  1.953E-03,   0.00    ) |  7.762E-04 6.104E-03
     639 5.2488E-01 7.7596E-04  (-0.291    ,  1.953E-03,   0.00    ) |  7.760E-04 6.104E-03
 *** Wrote plotfile to flash_run_hdf5_plt_cnt_0021 ****
     640 5.2566E-01 7.7573E-04  (-0.291    ,  1.953E-03,   0.00    ) |  7.757E-04 6.104E-03
     641 5.2644E-01 7.7549E-04  (-0.291    ,  1.953E-03,   0.00    ) |  7.755E-04 6.104E-03
     642 5.2721E-01 7.7526E-04  (-0.291    ,  1.953E-03,   0.00    ) |  7.753E-04 6.104E-03
     643 5.2799E-01 7.7503E-04  (-0.291    ,  1.953E-03,   0.00    ) |  7.750E-04 6.104E-03
     644 5.2876E-01 7.7480E-04  (-0.291    ,  1.953E-03,   0.00    ) |  7.748E-04 6.104E-03
     645 5.2954E-01 7.7457E-04  (-0.291    ,  1.953E-03,   0.00    ) |  7.746E-04 6.104E-03
     646 5.3031E-01 7.7434E-04  (-0.291    ,  1.953E-03,   0.00    ) |  7.743E-04 6.104E-03
     647 5.3109E-01 7.7412E-04  (-0.291    ,  1.953E-03,   0.00    ) |  7.741E-04 6.104E-03
     648 5.3186E-01 7.7389E-04  (-0.291    ,  1.953E-03,   0.00    ) |  7.739E-04 6.104E-03
     649 5.3263E-01 7.7367E-04  ( 0.291    ,  1.953E-03,   0.00    ) |  7.737E-04 6.104E-03
     650 5.3341E-01 7.7345E-04  (-0.291    , -1.953E-03,   0.00    ) |  7.734E-04 6.104E-03
     651 5.3418E-01 7.7322E-04  (-0.295    , -1.953E-03,   0.00    ) |  7.732E-04 6.104E-03
     652 5.3495E-01 7.7300E-04  (-0.295    ,  1.953E-03,   0.00    ) |  7.730E-04 6.104E-03
     653 5.3573E-01 7.7277E-04  (-0.295    ,  1.953E-03,   0.00    ) |  7.728E-04 6.104E-03
     654 5.3650E-01 7.7255E-04  ( 0.295    ,  1.953E-03,   0.00    ) |  7.726E-04 6.104E-03
     655 5.3727E-01 7.7233E-04  ( 0.295    ,  1.953E-03,   0.00    ) |  7.723E-04 6.104E-03
     656 5.3804E-01 7.7211E-04  (-0.295    , -1.953E-03,   0.00    ) |  7.721E-04 6.104E-03
     657 5.3882E-01 7.7189E-04  ( 0.295    ,  1.953E-03,   0.00    ) |  7.719E-04 6.104E-03
     658 5.3959E-01 7.7167E-04  ( 0.295    ,  1.953E-03,   0.00    ) |  7.717E-04 6.104E-03
     659 5.4036E-01 7.7145E-04  ( 0.295    ,  1.953E-03,   0.00    ) |  7.714E-04 6.104E-03
     660 5.4113E-01 7.7123E-04  ( 0.295    ,  1.953E-03,   0.00    ) |  7.712E-04 6.104E-03
     661 5.4190E-01 7.7101E-04  ( 0.295    ,  1.953E-03,   0.00    ) |  7.710E-04 6.104E-03
     662 5.4267E-01 7.7080E-04  ( 0.295    ,  1.953E-03,   0.00    ) |  7.708E-04 6.104E-03
     663 5.4344E-01 7.7058E-04  ( 0.295    ,  1.953E-03,   0.00    ) |  7.706E-04 6.104E-03
     664 5.4422E-01 7.7037E-04  ( 0.295    ,  1.953E-03,   0.00    ) |  7.704E-04 6.104E-03
     665 5.4499E-01 7.7016E-04  ( 0.295    ,  1.953E-03,   0.00    ) |  7.702E-04 6.104E-03
     666 5.4576E-01 7.6995E-04  ( 0.295    ,  1.953E-03,   0.00    ) |  7.700E-04 6.104E-03
     667 5.4653E-01 7.6974E-04  ( 0.295    ,  1.953E-03,   0.00    ) |  7.697E-04 6.104E-03
     668 5.4730E-01 7.6953E-04  ( 0.299    ,  1.953E-03,   0.00    ) |  7.695E-04 6.104E-03
     669 5.4807E-01 7.6932E-04  ( 0.299    ,  1.953E-03,   0.00    ) |  7.693E-04 6.104E-03
     670 5.4883E-01 7.6911E-04  ( 0.299    ,  1.953E-03,   0.00    ) |  7.691E-04 6.104E-03
     671 5.4960E-01 7.6890E-04  ( 0.299    ,  1.953E-03,   0.00    ) |  7.689E-04 6.104E-03
 *** Wrote plotfile to flash_run_hdf5_plt_cnt_0022 ****
     672 5.5037E-01 7.6869E-04  ( 0.299    ,  1.953E-03,   0.00    ) |  7.687E-04 6.104E-03
     673 5.5114E-01 7.6848E-04  ( 0.299    ,  1.953E-03,   0.00    ) |  7.685E-04 6.104E-03
     674 5.5191E-01 7.6827E-04  ( 0.299    ,  1.953E-03,   0.00    ) |  7.683E-04 6.104E-03
     675 5.5268E-01 7.6806E-04  (-0.299    , -1.953E-03,   0.00    ) |  7.681E-04 6.104E-03
     676 5.5345E-01 7.6786E-04  (-0.299    , -1.953E-03,   0.00    ) |  7.679E-04 6.104E-03
     677 5.5421E-01 7.6766E-04  ( 0.299    ,  1.953E-03,   0.00    ) |  7.677E-04 6.104E-03
     678 5.5498E-01 7.6745E-04  ( 0.299    ,  1.953E-03,   0.00    ) |  7.675E-04 6.104E-03
     679 5.5575E-01 7.6725E-04  ( 0.299    ,  1.953E-03,   0.00    ) |  7.673E-04 6.104E-03
     680 5.5652E-01 7.6705E-04  ( 0.299    ,  1.953E-03,   0.00    ) |  7.670E-04 6.104E-03
     681 5.5728E-01 7.6685E-04  ( 0.299    ,  1.953E-03,   0.00    ) |  7.668E-04 6.104E-03
     682 5.5805E-01 7.6665E-04  ( 0.299    ,  1.953E-03,   0.00    ) |  7.667E-04 6.104E-03
     683 5.5882E-01 7.6646E-04  ( 0.299    ,  1.953E-03,   0.00    ) |  7.665E-04 6.104E-03
     684 5.5958E-01 7.6626E-04  ( 0.299    ,  1.953E-03,   0.00    ) |  7.663E-04 6.104E-03
     685 5.6035E-01 7.6607E-04  (-0.303    , -1.953E-03,   0.00    ) |  7.661E-04 6.104E-03
     686 5.6112E-01 7.6587E-04  (-0.303    , -1.953E-03,   0.00    ) |  7.659E-04 6.104E-03
     687 5.6188E-01 7.6567E-04  (-0.303    , -1.953E-03,   0.00    ) |  7.657E-04 6.104E-03
     688 5.6265E-01 7.6547E-04  ( 0.303    ,  1.953E-03,   0.00    ) |  7.655E-04 6.104E-03
     689 5.6341E-01 7.6527E-04  (-0.303    , -1.953E-03,   0.00    ) |  7.653E-04 6.104E-03
     690 5.6418E-01 7.6508E-04  ( 0.303    ,  1.953E-03,   0.00    ) |  7.651E-04 6.104E-03
     691 5.6494E-01 7.6488E-04  ( 0.303    ,  1.953E-03,   0.00    ) |  7.649E-04 6.104E-03
     692 5.6571E-01 7.6469E-04  ( 0.303    ,  1.953E-03,   0.00    ) |  7.647E-04 6.104E-03
     693 5.6647E-01 7.6450E-04  ( 0.303    ,  1.953E-03,   0.00    ) |  7.645E-04 6.104E-03
     694 5.6724E-01 7.6431E-04  ( 0.303    ,  1.953E-03,   0.00    ) |  7.643E-04 6.104E-03
     695 5.6800E-01 7.6412E-04  (-0.303    , -1.953E-03,   0.00    ) |  7.641E-04 6.104E-03
     696 5.6877E-01 7.6394E-04  (-0.303    , -1.953E-03,   0.00    ) |  7.639E-04 6.104E-03
     697 5.6953E-01 7.6375E-04  (-0.303    ,  1.953E-03,   0.00    ) |  7.638E-04 6.104E-03
     698 5.7029E-01 7.6356E-04  (-0.303    , -1.953E-03,   0.00    ) |  7.636E-04 6.104E-03
     699 5.7106E-01 7.6338E-04  (-0.303    , -1.953E-03,   0.00    ) |  7.634E-04 6.104E-03
     700 5.7182E-01 7.6320E-04  (-0.303    ,  1.953E-03,   0.00    ) |  7.632E-04 6.104E-03
     701 5.7258E-01 7.6302E-04  (-0.303    , -1.953E-03,   0.00    ) |  7.630E-04 6.104E-03
     702 5.7335E-01 7.6283E-04  ( 0.307    ,  1.953E-03,   0.00    ) |  7.628E-04 6.104E-03
     703 5.7411E-01 7.6265E-04  ( 0.307    ,  1.953E-03,   0.00    ) |  7.626E-04 6.104E-03
     704 5.7487E-01 7.6246E-04  ( 0.307    ,  1.953E-03,   0.00    ) |  7.625E-04 6.104E-03
 *** Wrote plotfile to flash_run_hdf5_plt_cnt_0023 ****
     705 5.7563E-01 7.6228E-04  (-0.307    , -1.953E-03,   0.00    ) |  7.623E-04 6.104E-03
     706 5.7640E-01 7.6210E-04  (-0.307    ,  1.953E-03,   0.00    ) |  7.621E-04 6.104E-03
     707 5.7716E-01 7.6192E-04  (-0.307    ,  1.953E-03,   0.00    ) |  7.619E-04 6.104E-03
     708 5.7792E-01 7.6174E-04  (-0.307    ,  1.953E-03,   0.00    ) |  7.617E-04 6.104E-03
     709 5.7868E-01 7.6156E-04  ( 0.307    , -1.953E-03,   0.00    ) |  7.616E-04 6.104E-03
     710 5.7944E-01 7.6138E-04  (-0.307    ,  1.953E-03,   0.00    ) |  7.614E-04 6.104E-03
     711 5.8021E-01 7.6121E-04  (-0.307    ,  1.953E-03,   0.00    ) |  7.612E-04 6.104E-03
     712 5.8097E-01 7.6104E-04  (-0.307    ,  1.953E-03,   0.00    ) |  7.610E-04 6.104E-03
     713 5.8173E-01 7.6086E-04  (-0.307    ,  1.953E-03,   0.00    ) |  7.609E-04 6.104E-03
     714 5.8249E-01 7.6069E-04  (-0.307    ,  1.953E-03,   0.00    ) |  7.607E-04 6.104E-03
     715 5.8325E-01 7.6052E-04  (-0.307    ,  1.953E-03,   0.00    ) |  7.605E-04 6.104E-03
     716 5.8401E-01 7.6035E-04  (-0.307    ,  1.953E-03,   0.00    ) |  7.604E-04 6.104E-03
     717 5.8477E-01 7.6019E-04  (-0.307    ,  1.953E-03,   0.00    ) |  7.602E-04 6.104E-03
     718 5.8553E-01 7.6002E-04  (-0.307    ,  1.953E-03,   0.00    ) |  7.600E-04 6.104E-03
     719 5.8629E-01 7.5986E-04  ( 0.307    , -1.953E-03,   0.00    ) |  7.599E-04 6.104E-03
     720 5.8705E-01 7.5969E-04  (-0.311    ,  1.953E-03,   0.00    ) |  7.597E-04 6.104E-03
     721 5.8781E-01 7.5952E-04  (-0.311    ,  1.953E-03,   0.00    ) |  7.595E-04 6.104E-03
     722 5.8857E-01 7.5935E-04  (-0.311    ,  1.953E-03,   0.00    ) |  7.594E-04 6.104E-03
     723 5.8933E-01 7.5919E-04  (-0.311    ,  1.953E-03,   0.00    ) |  7.592E-04 6.104E-03
     724 5.9009E-01 7.5902E-04  (-0.311    ,  1.953E-03,   0.00    ) |  7.590E-04 6.104E-03
     725 5.9085E-01 7.5886E-04  (-0.311    ,  1.953E-03,   0.00    ) |  7.589E-04 6.104E-03
     726 5.9161E-01 7.5870E-04  (-0.311    ,  1.953E-03,   0.00    ) |  7.587E-04 6.104E-03
     727 5.9236E-01 7.5854E-04  (-0.311    ,  1.953E-03,   0.00    ) |  7.585E-04 6.104E-03
     728 5.9312E-01 7.5838E-04  (-0.311    ,  1.953E-03,   0.00    ) |  7.584E-04 6.104E-03
     729 5.9388E-01 7.5822E-04  ( 0.311    , -1.953E-03,   0.00    ) |  7.582E-04 6.104E-03
     730 5.9464E-01 7.5806E-04  ( 0.311    , -1.953E-03,   0.00    ) |  7.581E-04 6.104E-03
     731 5.9540E-01 7.5791E-04  ( 0.311    , -1.953E-03,   0.00    ) |  7.579E-04 6.104E-03
     732 5.9616E-01 7.5775E-04  ( 0.311    , -1.953E-03,   0.00    ) |  7.578E-04 6.104E-03
     733 5.9691E-01 7.5760E-04  ( 0.311    , -1.953E-03,   0.00    ) |  7.576E-04 6.104E-03
     734 5.9767E-01 7.5745E-04  ( 0.311    , -1.953E-03,   0.00    ) |  7.574E-04 6.104E-03
     735 5.9843E-01 7.5730E-04  ( 0.311    , -1.953E-03,   0.00    ) |  7.573E-04 6.104E-03
     736 5.9919E-01 7.5715E-04  (-0.311    , -1.953E-03,   0.00    ) |  7.572E-04 6.104E-03
     737 5.9994E-01 7.5701E-04  (-0.311    , -1.953E-03,   0.00    ) |  7.570E-04 6.104E-03
 *** Wrote plotfile to flash_run_hdf5_plt_cnt_0024 ****
     738 6.0070E-01 7.5686E-04  (-0.311    , -1.953E-03,   0.00    ) |  7.569E-04 6.104E-03
     739 6.0146E-01 7.5672E-04  (-0.311    , -1.953E-03,   0.00    ) |  7.567E-04 6.104E-03
     740 6.0221E-01 7.5657E-04  (-0.314    , -1.953E-03,   0.00    ) |  7.566E-04 6.104E-03
     741 6.0297E-01 7.5643E-04  (-0.314    , -1.953E-03,   0.00    ) |  7.564E-04 6.104E-03
     742 6.0373E-01 7.5629E-04  (-0.314    , -1.953E-03,   0.00    ) |  7.563E-04 6.104E-03
     743 6.0448E-01 7.5615E-04  (-0.314    , -1.953E-03,   0.00    ) |  7.561E-04 6.104E-03
     744 6.0524E-01 7.5601E-04  (-0.314    , -1.953E-03,   0.00    ) |  7.560E-04 6.104E-03
     745 6.0599E-01 7.5587E-04  (-0.314    , -1.953E-03,   0.00    ) |  7.559E-04 6.104E-03
     746 6.0675E-01 7.5574E-04  (-0.314    , -1.953E-03,   0.00    ) |  7.557E-04 6.104E-03
     747 6.0751E-01 7.5561E-04  (-0.314    , -1.953E-03,   0.00    ) |  7.556E-04 6.104E-03
     748 6.0826E-01 7.5548E-04  (-0.314    , -1.953E-03,   0.00    ) |  7.555E-04 6.104E-03
     749 6.0902E-01 7.5535E-04  (-0.314    , -1.953E-03,   0.00    ) |  7.553E-04 6.104E-03
     750 6.0977E-01 7.5522E-04  (-0.314    , -1.953E-03,   0.00    ) |  7.552E-04 6.104E-03
     751 6.1053E-01 7.5510E-04  (-0.314    , -1.953E-03,   0.00    ) |  7.551E-04 6.104E-03
     752 6.1128E-01 7.5498E-04  (-0.314    , -1.953E-03,   0.00    ) |  7.550E-04 6.104E-03
     753 6.1204E-01 7.5486E-04  (-0.314    , -1.953E-03,   0.00    ) |  7.549E-04 6.104E-03
     754 6.1279E-01 7.5474E-04  (-0.314    , -1.953E-03,   0.00    ) |  7.547E-04 6.104E-03
     755 6.1355E-01 7.5462E-04  (-0.314    , -1.953E-03,   0.00    ) |  7.546E-04 6.104E-03
     756 6.1430E-01 7.5451E-04  (-0.314    , -1.953E-03,   0.00    ) |  7.545E-04 6.104E-03
     757 6.1506E-01 7.5440E-04  (-0.314    , -1.953E-03,   0.00    ) |  7.544E-04 6.104E-03
     758 6.1581E-01 7.5428E-04  (-0.314    , -1.953E-03,   0.00    ) |  7.543E-04 6.104E-03
     759 6.1657E-01 7.5417E-04  (-0.314    , -1.953E-03,   0.00    ) |  7.542E-04 6.104E-03
     760 6.1732E-01 7.5406E-04  (-0.314    , -1.953E-03,   0.00    ) |  7.541E-04 6.104E-03
     761 6.1807E-01 7.5394E-04  (-0.318    , -1.953E-03,   0.00    ) |  7.539E-04 6.104E-03
     762 6.1883E-01 7.5382E-04  ( 0.318    ,  1.953E-03,   0.00    ) |  7.538E-04 6.104E-03
     763 6.1958E-01 7.5371E-04  ( 0.318    ,  1.953E-03,   0.00    ) |  7.537E-04 6.104E-03
     764 6.2033E-01 7.5359E-04  (-0.318    , -1.953E-03,   0.00    ) |  7.536E-04 6.104E-03
     765 6.2109E-01 7.5347E-04  ( 0.318    ,  1.953E-03,   0.00    ) |  7.535E-04 6.104E-03
     766 6.2184E-01 7.5335E-04  (-0.318    , -1.953E-03,   0.00    ) |  7.534E-04 6.104E-03
     767 6.2260E-01 7.5324E-04  (-0.318    , -1.953E-03,   0.00    ) |  7.532E-04 6.104E-03
     768 6.2335E-01 7.5312E-04  (-0.318    , -1.953E-03,   0.00    ) |  7.531E-04 6.104E-03
     769 6.2410E-01 7.5301E-04  ( 0.318    ,  1.953E-03,   0.00    ) |  7.530E-04 6.104E-03
     770 6.2485E-01 7.5289E-04  ( 0.318    ,  1.953E-03,   0.00    ) |  7.529E-04 6.104E-03
 *** Wrote plotfile to flash_run_hdf5_plt_cnt_0025 ****
     771 6.2561E-01 7.5278E-04  (-0.318    , -1.953E-03,   0.00    ) |  7.528E-04 6.104E-03
     772 6.2636E-01 7.5267E-04  ( 0.318    ,  1.953E-03,   0.00    ) |  7.527E-04 6.104E-03
     773 6.2711E-01 7.5256E-04  (-0.318    , -1.953E-03,   0.00    ) |  7.526E-04 6.104E-03
     774 6.2787E-01 7.5245E-04  (-0.318    , -1.953E-03,   0.00    ) |  7.525E-04 6.104E-03
     775 6.2862E-01 7.5235E-04  (-0.318    , -1.953E-03,   0.00    ) |  7.523E-04 6.104E-03
     776 6.2937E-01 7.5224E-04  (-0.318    , -1.953E-03,   0.00    ) |  7.522E-04 6.104E-03
     777 6.3012E-01 7.5214E-04  (-0.318    , -1.953E-03,   0.00    ) |  7.521E-04 6.104E-03
     778 6.3087E-01 7.5205E-04  (-0.318    , -1.953E-03,   0.00    ) |  7.520E-04 6.104E-03
     779 6.3163E-01 7.5195E-04  ( 0.318    ,  1.953E-03,   0.00    ) |  7.519E-04 6.104E-03
     780 6.3238E-01 7.5186E-04  (-0.318    , -1.953E-03,   0.00    ) |  7.519E-04 6.104E-03
     781 6.3313E-01 7.5177E-04  (-0.318    , -1.953E-03,   0.00    ) |  7.518E-04 6.104E-03
     782 6.3388E-01 7.5168E-04  (-0.322    , -1.953E-03,   0.00    ) |  7.517E-04 6.104E-03
     783 6.3463E-01 7.5158E-04  (-0.322    , -1.953E-03,   0.00    ) |  7.516E-04 6.104E-03
     784 6.3539E-01 7.5149E-04  (-0.322    , -1.953E-03,   0.00    ) |  7.515E-04 6.104E-03
     785 6.3614E-01 7.5141E-04  (-0.322    , -1.953E-03,   0.00    ) |  7.514E-04 6.104E-03
     786 6.3689E-01 7.5132E-04  (-0.322    , -1.953E-03,   0.00    ) |  7.513E-04 6.104E-03
     787 6.3764E-01 7.5123E-04  (-0.322    , -1.953E-03,   0.00    ) |  7.512E-04 6.104E-03
     788 6.3839E-01 7.5115E-04  (-0.322    , -1.953E-03,   0.00    ) |  7.512E-04 6.104E-03
     789 6.3914E-01 7.5107E-04  (-0.322    , -1.953E-03,   0.00    ) |  7.511E-04 6.104E-03
     790 6.3989E-01 7.5099E-04  (-0.322    , -1.953E-03,   0.00    ) |  7.510E-04 6.104E-03
     791 6.4064E-01 7.5091E-04  ( 0.322    ,  1.953E-03,   0.00    ) |  7.509E-04 6.104E-03
     792 6.4140E-01 7.5083E-04  ( 0.322    ,  1.953E-03,   0.00    ) |  7.508E-04 6.104E-03
     793 6.4215E-01 7.5076E-04  ( 0.322    ,  1.953E-03,   0.00    ) |  7.508E-04 6.104E-03
     794 6.4290E-01 7.5068E-04  ( 0.322    ,  1.953E-03,   0.00    ) |  7.507E-04 6.104E-03
     795 6.4365E-01 7.5061E-04  ( 0.322    ,  1.953E-03,   0.00    ) |  7.506E-04 6.104E-03
     796 6.4440E-01 7.5053E-04  ( 0.322    ,  1.953E-03,   0.00    ) |  7.505E-04 6.104E-03
     797 6.4515E-01 7.5046E-04  ( 0.322    ,  1.953E-03,   0.00    ) |  7.505E-04 6.104E-03
     798 6.4590E-01 7.5038E-04  ( 0.322    ,  1.953E-03,   0.00    ) |  7.504E-04 6.104E-03
     799 6.4665E-01 7.5031E-04  ( 0.322    ,  1.953E-03,   0.00    ) |  7.503E-04 6.104E-03
     800 6.4740E-01 7.5024E-04  ( 0.322    ,  1.953E-03,   0.00    ) |  7.502E-04 6.104E-03
     801 6.4815E-01 7.5017E-04  (-0.322    , -1.953E-03,   0.00    ) |  7.502E-04 6.104E-03
     802 6.4890E-01 7.5010E-04  ( 0.322    ,  1.953E-03,   0.00    ) |  7.501E-04 6.104E-03
     803 6.4965E-01 7.5003E-04  ( 0.322    ,  1.953E-03,   0.00    ) |  7.500E-04 6.104E-03
 *** Wrote plotfile to flash_run_hdf5_plt_cnt_0026 ****
     804 6.5040E-01 7.4996E-04  (-0.322    , -1.953E-03,   0.00    ) |  7.500E-04 6.104E-03
     805 6.5115E-01 7.4990E-04  (-0.322    , -1.953E-03,   0.00    ) |  7.499E-04 6.104E-03
     806 6.5190E-01 7.4983E-04  ( 0.322    ,  1.953E-03,   0.00    ) |  7.498E-04 6.104E-03
     807 6.5265E-01 7.4977E-04  ( 0.322    ,  1.953E-03,   0.00    ) |  7.498E-04 6.104E-03
     808 6.5340E-01 7.4970E-04  ( 0.322    ,  1.953E-03,   0.00    ) |  7.497E-04 6.104E-03
     809 6.5415E-01 7.4964E-04  ( 0.322    ,  1.953E-03,   0.00    ) |  7.496E-04 6.104E-03
     810 6.5490E-01 7.4958E-04  ( 0.326    ,  1.953E-03,   0.00    ) |  7.496E-04 6.104E-03
     811 6.5565E-01 7.4951E-04  ( 0.326    ,  1.953E-03,   0.00    ) |  7.495E-04 6.104E-03
     812 6.5640E-01 7.4945E-04  (-0.326    , -1.953E-03,   0.00    ) |  7.494E-04 6.104E-03
     813 6.5715E-01 7.4938E-04  ( 0.326    ,  1.953E-03,   0.00    ) |  7.494E-04 6.104E-03
     814 6.5790E-01 7.4932E-04  (-0.326    , -1.953E-03,   0.00    ) |  7.493E-04 6.104E-03
     815 6.5865E-01 7.4926E-04  (-0.326    , -1.953E-03,   0.00    ) |  7.493E-04 6.104E-03
     816 6.5940E-01 7.4919E-04  (-0.326    , -1.953E-03,   0.00    ) |  7.492E-04 6.104E-03
     817 6.6014E-01 7.4913E-04  ( 0.326    ,  1.953E-03,   0.00    ) |  7.491E-04 6.104E-03
     818 6.6089E-01 7.4907E-04  ( 0.326    ,  1.953E-03,   0.00    ) |  7.491E-04 6.104E-03
     819 6.6164E-01 7.4901E-04  ( 0.326    ,  1.953E-03,   0.00    ) |  7.490E-04 6.104E-03
     820 6.6239E-01 7.4895E-04  ( 0.326    ,  1.953E-03,   0.00    ) |  7.490E-04 6.104E-03
     821 6.6314E-01 7.4889E-04  (-0.326    ,  1.953E-03,   0.00    ) |  7.489E-04 6.104E-03
     822 6.6389E-01 7.4884E-04  ( 0.326    ,  1.953E-03,   0.00    ) |  7.488E-04 6.104E-03
     823 6.6464E-01 7.4878E-04  (-0.326    ,  1.953E-03,   0.00    ) |  7.488E-04 6.104E-03
     824 6.6539E-01 7.4872E-04  ( 0.326    , -1.953E-03,   0.00    ) |  7.487E-04 6.104E-03
     825 6.6614E-01 7.4867E-04  (-0.326    ,  1.953E-03,   0.00    ) |  7.487E-04 6.104E-03
     826 6.6688E-01 7.4861E-04  ( 0.326    ,  1.953E-03,   0.00    ) |  7.486E-04 6.104E-03
     827 6.6763E-01 7.4855E-04  ( 0.326    , -1.953E-03,   0.00    ) |  7.486E-04 6.104E-03
     828 6.6838E-01 7.4850E-04  ( 0.326    , -1.953E-03,   0.00    ) |  7.485E-04 6.104E-03
     829 6.6913E-01 7.4845E-04  ( 0.326    ,  1.953E-03,   0.00    ) |  7.484E-04 6.104E-03
     830 6.6988E-01 7.4839E-04  ( 0.326    ,  1.953E-03,   0.00    ) |  7.484E-04 6.104E-03
     831 6.7063E-01 7.4834E-04  ( 0.326    ,  1.953E-03,   0.00    ) |  7.483E-04 6.104E-03
     832 6.7138E-01 7.4829E-04  ( 0.326    ,  1.953E-03,   0.00    ) |  7.483E-04 6.104E-03
     833 6.7212E-01 7.4824E-04  ( 0.326    ,  1.953E-03,   0.00    ) |  7.482E-04 6.104E-03
     834 6.7287E-01 7.4818E-04  ( 0.326    ,  1.953E-03,   0.00    ) |  7.482E-04 6.104E-03
     835 6.7362E-01 7.4813E-04  ( 0.326    ,  1.953E-03,   0.00    ) |  7.481E-04 6.104E-03
     836 6.7437E-01 7.4808E-04  ( 0.326    ,  1.953E-03,   0.00    ) |  7.481E-04 6.104E-03
 *** Wrote plotfile to flash_run_hdf5_plt_cnt_0027 ****
     837 6.7512E-01 7.4803E-04  ( 0.326    ,  1.953E-03,   0.00    ) |  7.480E-04 6.104E-03
     838 6.7586E-01 7.4798E-04  (-0.326    ,  1.953E-03,   0.00    ) |  7.480E-04 6.104E-03
     839 6.7661E-01 7.4793E-04  (-0.326    ,  1.953E-03,   0.00    ) |  7.479E-04 6.104E-03
     840 6.7736E-01 7.4788E-04  (-0.326    ,  1.953E-03,   0.00    ) |  7.479E-04 6.104E-03
     841 6.7811E-01 7.4783E-04  (-0.326    ,  1.953E-03,   0.00    ) |  7.478E-04 6.104E-03
     842 6.7886E-01 7.4778E-04  (-0.326    ,  1.953E-03,   0.00    ) |  7.478E-04 6.104E-03
     843 6.7960E-01 7.4773E-04  (-0.326    ,  1.953E-03,   0.00    ) |  7.477E-04 6.104E-03
     844 6.8035E-01 7.4768E-04  (-0.326    ,  1.953E-03,   0.00    ) |  7.477E-04 6.104E-03
     845 6.8110E-01 7.4763E-04  (-0.326    ,  1.953E-03,   0.00    ) |  7.476E-04 6.104E-03
     846 6.8185E-01 7.4759E-04  (-0.326    ,  1.953E-03,   0.00    ) |  7.476E-04 6.104E-03
     847 6.8259E-01 7.4754E-04  ( 0.326    ,  1.953E-03,   0.00    ) |  7.475E-04 6.104E-03
     848 6.8334E-01 7.4749E-04  (-0.326    ,  1.953E-03,   0.00    ) |  7.475E-04 6.104E-03
     849 6.8409E-01 7.4745E-04  (-0.326    ,  1.953E-03,   0.00    ) |  7.474E-04 6.104E-03
     850 6.8484E-01 7.4740E-04  (-0.326    ,  1.953E-03,   0.00    ) |  7.474E-04 6.104E-03
     851 6.8558E-01 7.4736E-04  (-0.326    ,  1.953E-03,   0.00    ) |  7.474E-04 6.104E-03
     852 6.8633E-01 7.4731E-04  (-0.326    ,  1.953E-03,   0.00    ) |  7.473E-04 6.104E-03
     853 6.8708E-01 7.4727E-04  (-0.326    ,  1.953E-03,   0.00    ) |  7.473E-04 6.104E-03
     854 6.8783E-01 7.4722E-04  (-0.326    ,  1.953E-03,   0.00    ) |  7.472E-04 6.104E-03
     855 6.8857E-01 7.4718E-04  (-0.330    ,  1.953E-03,   0.00    ) |  7.472E-04 6.104E-03
     856 6.8932E-01 7.4714E-04  (-0.330    ,  1.953E-03,   0.00    ) |  7.471E-04 6.104E-03
     857 6.9007E-01 7.4709E-04  (-0.330    ,  1.953E-03,   0.00    ) |  7.471E-04 6.104E-03
     858 6.9082E-01 7.4705E-04  (-0.330    ,  1.953E-03,   0.00    ) |  7.470E-04 6.104E-03
     859 6.9156E-01 7.4701E-04  (-0.330    ,  1.953E-03,   0.00    ) |  7.470E-04 6.104E-03
     860 6.9231E-01 7.4696E-04  (-0.330    ,  1.953E-03,   0.00    ) |  7.470E-04 6.104E-03
     861 6.9306E-01 7.4692E-04  (-0.330    ,  1.953E-03,   0.00    ) |  7.469E-04 6.104E-03
     862 6.9380E-01 7.4688E-04  (-0.330    ,  1.953E-03,   0.00    ) |  7.469E-04 6.104E-03
     863 6.9455E-01 7.4684E-04  (-0.330    ,  1.953E-03,   0.00    ) |  7.468E-04 6.104E-03
     864 6.9530E-01 7.4680E-04  (-0.330    ,  1.953E-03,   0.00    ) |  7.468E-04 6.104E-03
     865 6.9604E-01 7.4676E-04  (-0.330    ,  1.953E-03,   0.00    ) |  7.468E-04 6.104E-03
     866 6.9679E-01 7.4672E-04  (-0.330    ,  1.953E-03,   0.00    ) |  7.467E-04 6.104E-03
     867 6.9754E-01 7.4669E-04  (-0.330    ,  1.953E-03,   0.00    ) |  7.467E-04 6.104E-03
     868 6.9828E-01 7.4665E-04  (-0.330    ,  1.953E-03,   0.00    ) |  7.466E-04 6.104E-03
     869 6.9903E-01 7.4661E-04  (-0.330    ,  1.953E-03,   0.00    ) |  7.466E-04 6.104E-03
     870 6.9978E-01 7.4657E-04  (-0.330    ,  1.953E-03,   0.00    ) |  7.466E-04 6.104E-03
 *** Wrote plotfile to flash_run_hdf5_plt_cnt_0028 ****
     871 7.0052E-01 7.4654E-04  (-0.330    ,  1.953E-03,   0.00    ) |  7.465E-04 6.104E-03
     872 7.0127E-01 7.4650E-04  (-0.330    ,  1.953E-03,   0.00    ) |  7.465E-04 6.104E-03
     873 7.0202E-01 7.4647E-04  (-0.330    ,  1.953E-03,   0.00    ) |  7.465E-04 6.104E-03
     874 7.0276E-01 7.4643E-04  (-0.330    ,  1.953E-03,   0.00    ) |  7.464E-04 6.104E-03
     875 7.0351E-01 7.4640E-04  ( 0.330    , -1.953E-03,   0.00    ) |  7.464E-04 6.104E-03
     876 7.0426E-01 7.4636E-04  ( 0.330    , -1.953E-03,   0.00    ) |  7.464E-04 6.104E-03
     877 7.0500E-01 7.4633E-04  ( 0.330    , -1.953E-03,   0.00    ) |  7.463E-04 6.104E-03
     878 7.0575E-01 7.4630E-04  ( 0.330    , -1.953E-03,   0.00    ) |  7.463E-04 6.104E-03
     879 7.0649E-01 7.4626E-04  ( 0.330    , -1.953E-03,   0.00    ) |  7.463E-04 6.104E-03
     880 7.0724E-01 7.4623E-04  ( 0.330    , -1.953E-03,   0.00    ) |  7.462E-04 6.104E-03
     881 7.0799E-01 7.4620E-04  ( 0.330    , -1.953E-03,   0.00    ) |  7.462E-04 6.104E-03
     882 7.0873E-01 7.4617E-04  (-0.330    ,  1.953E-03,   0.00    ) |  7.462E-04 6.104E-03
     883 7.0948E-01 7.4614E-04  (-0.330    ,  1.953E-03,   0.00    ) |  7.461E-04 6.104E-03
     884 7.1023E-01 7.4611E-04  (-0.330    ,  1.953E-03,   0.00    ) |  7.461E-04 6.104E-03
     885 7.1097E-01 7.4608E-04  (-0.330    ,  1.953E-03,   0.00    ) |  7.461E-04 6.104E-03
     886 7.1172E-01 7.4605E-04  (-0.330    ,  1.953E-03,   0.00    ) |  7.460E-04 6.104E-03
     887 7.1246E-01 7.4602E-04  (-0.330    , -1.953E-03,   0.00    ) |  7.460E-04 6.104E-03
     888 7.1321E-01 7.4599E-04  ( 0.330    , -1.953E-03,   0.00    ) |  7.460E-04 6.104E-03
     889 7.1396E-01 7.4596E-04  ( 0.330    , -1.953E-03,   0.00    ) |  7.460E-04 6.104E-03
     890 7.1470E-01 7.4594E-04  (-0.330    , -1.953E-03,   0.00    ) |  7.459E-04 6.104E-03
     891 7.1545E-01 7.4591E-04  (-0.330    ,  1.953E-03,   0.00    ) |  7.459E-04 6.104E-03
     892 7.1619E-01 7.4588E-04  (-0.330    ,  1.953E-03,   0.00    ) |  7.459E-04 6.104E-03
     893 7.1694E-01 7.4586E-04  ( 0.330    , -1.953E-03,   0.00    ) |  7.459E-04 6.104E-03
     894 7.1769E-01 7.4583E-04  ( 0.330    , -1.953E-03,   0.00    ) |  7.458E-04 6.104E-03
     895 7.1843E-01 7.4581E-04  (-0.330    ,  1.953E-03,   0.00    ) |  7.458E-04 6.104E-03
     896 7.1918E-01 7.4578E-04  (-0.330    , -1.953E-03,   0.00    ) |  7.458E-04 6.104E-03
     897 7.1992E-01 7.4576E-04  ( 0.330    , -1.953E-03,   0.00    ) |  7.458E-04 6.104E-03
     898 7.2067E-01 7.4574E-04  ( 0.330    , -1.953E-03,   0.00    ) |  7.457E-04 6.104E-03
     899 7.2141E-01 7.4571E-04  ( 0.330    , -1.953E-03,   0.00    ) |  7.457E-04 6.104E-03
     900 7.2216E-01 7.4569E-04  ( 0.330    , -1.953E-03,   0.00    ) |  7.457E-04 6.104E-03
     901 7.2291E-01 7.4567E-04  ( 0.330    , -1.953E-03,   0.00    ) |  7.457E-04 6.104E-03
     902 7.2365E-01 7.4565E-04  ( 0.330    , -1.953E-03,   0.00    ) |  7.456E-04 6.104E-03
     903 7.2440E-01 7.4563E-04  ( 0.330    , -1.953E-03,   0.00    ) |  7.456E-04 6.104E-03
 *** Wrote plotfile to flash_run_hdf5_plt_cnt_0029 ****
     904 7.2514E-01 7.4561E-04  ( 0.330    , -1.953E-03,   0.00    ) |  7.456E-04 6.104E-03
     905 7.2589E-01 7.4559E-04  (-0.330    ,  1.953E-03,   0.00    ) |  7.456E-04 6.104E-03
     906 7.2663E-01 7.4557E-04  ( 0.330    , -1.953E-03,   0.00    ) |  7.456E-04 6.104E-03
     907 7.2738E-01 7.4555E-04  (-0.330    ,  1.953E-03,   0.00    ) |  7.455E-04 6.104E-03
     908 7.2813E-01 7.4553E-04  (-0.326    ,  1.953E-03,   0.00    ) |  7.455E-04 6.104E-03
     909 7.2887E-01 7.4551E-04  (-0.326    ,  1.953E-03,   0.00    ) |  7.455E-04 6.104E-03
     910 7.2962E-01 7.4549E-04  (-0.326    ,  1.953E-03,   0.00    ) |  7.455E-04 6.104E-03
     911 7.3036E-01 7.4548E-04  (-0.326    ,  1.953E-03,   0.00    ) |  7.455E-04 6.104E-03
     912 7.3111E-01 7.4546E-04  (-0.326    ,  1.953E-03,   0.00    ) |  7.455E-04 6.104E-03
     913 7.3185E-01 7.4544E-04  (-0.326    ,  1.953E-03,   0.00    ) |  7.454E-04 6.104E-03
     914 7.3260E-01 7.4543E-04  (-0.326    ,  1.953E-03,   0.00    ) |  7.454E-04 6.104E-03
     915 7.3334E-01 7.4541E-04  (-0.326    ,  1.953E-03,   0.00    ) |  7.454E-04 6.104E-03
     916 7.3409E-01 7.4540E-04  (-0.326    ,  1.953E-03,   0.00    ) |  7.454E-04 6.104E-03
     917 7.3483E-01 7.4538E-04  (-0.326    ,  1.953E-03,   0.00    ) |  7.454E-04 6.104E-03
     918 7.3558E-01 7.4537E-04  ( 0.326    , -1.953E-03,   0.00    ) |  7.454E-04 6.104E-03
     919 7.3633E-01 7.4536E-04  (-0.326    ,  1.953E-03,   0.00    ) |  7.454E-04 6.104E-03
     920 7.3707E-01 7.4534E-04  ( 0.326    , -1.953E-03,   0.00    ) |  7.453E-04 6.104E-03
     921 7.3782E-01 7.4533E-04  ( 0.326    , -1.953E-03,   0.00    ) |  7.453E-04 6.104E-03
     922 7.3856E-01 7.4532E-04  ( 0.326    , -1.953E-03,   0.00    ) |  7.453E-04 6.104E-03
     923 7.3931E-01 7.4531E-04  ( 0.326    , -1.953E-03,   0.00    ) |  7.453E-04 6.104E-03
     924 7.4005E-01 7.4530E-04  ( 0.326    , -1.953E-03,   0.00    ) |  7.453E-04 6.104E-03
     925 7.4080E-01 7.4528E-04  ( 0.326    , -1.953E-03,   0.00    ) |  7.453E-04 6.104E-03
     926 7.4154E-01 7.4527E-04  ( 0.326    , -1.953E-03,   0.00    ) |  7.453E-04 6.104E-03
     927 7.4229E-01 7.4526E-04  ( 0.326    , -1.953E-03,   0.00    ) |  7.453E-04 6.104E-03
     928 7.4303E-01 7.4525E-04  ( 0.326    , -1.953E-03,   0.00    ) |  7.453E-04 6.104E-03
     929 7.4378E-01 7.4524E-04  (-0.326    , -1.953E-03,   0.00    ) |  7.452E-04 6.104E-03
     930 7.4452E-01 7.4523E-04  (-0.326    , -1.953E-03,   0.00    ) |  7.452E-04 6.104E-03
     931 7.4527E-01 7.4522E-04  (-0.326    , -1.953E-03,   0.00    ) |  7.452E-04 6.104E-03
     932 7.4601E-01 7.4521E-04  ( 0.326    , -1.953E-03,   0.00    ) |  7.452E-04 6.104E-03
     933 7.4676E-01 7.4520E-04  ( 0.326    , -1.953E-03,   0.00    ) |  7.452E-04 6.104E-03
     934 7.4750E-01 7.4520E-04  ( 0.326    , -1.953E-03,   0.00    ) |  7.452E-04 6.104E-03
     935 7.4825E-01 7.4519E-04  ( 0.326    , -1.953E-03,   0.00    ) |  7.452E-04 6.104E-03
     936 7.4899E-01 7.4518E-04  ( 0.326    , -1.953E-03,   0.00    ) |  7.452E-04 6.104E-03
     937 7.4974E-01 7.4517E-04  ( 0.326    , -1.953E-03,   0.00    ) |  7.452E-04 6.104E-03
 *** Wrote plotfile to flash_run_hdf5_plt_cnt_0030 ****
     938 7.5049E-01 7.4516E-04  (-0.326    ,  1.953E-03,   0.00    ) |  7.452E-04 6.104E-03
     939 7.5123E-01 7.4516E-04  (-0.326    ,  1.953E-03,   0.00    ) |  7.452E-04 6.104E-03
     940 7.5198E-01 7.4515E-04  (-0.326    ,  1.953E-03,   0.00    ) |  7.451E-04 6.104E-03
     941 7.5272E-01 7.4514E-04  (-0.326    ,  1.953E-03,   0.00    ) |  7.451E-04 6.104E-03
     942 7.5347E-01 7.4513E-04  (-0.326    ,  1.953E-03,   0.00    ) |  7.451E-04 6.104E-03
     943 7.5421E-01 7.4513E-04  (-0.326    , -1.953E-03,   0.00    ) |  7.451E-04 6.104E-03
     944 7.5496E-01 7.4512E-04  (-0.326    , -1.953E-03,   0.00    ) |  7.451E-04 6.104E-03
     945 7.5570E-01 7.4511E-04  (-0.326    , -1.953E-03,   0.00    ) |  7.451E-04 6.104E-03
     946 7.5645E-01 7.4510E-04  (-0.326    , -1.953E-03,   0.00    ) |  7.451E-04 6.104E-03
     947 7.5719E-01 7.4510E-04  (-0.326    , -1.953E-03,   0.00    ) |  7.451E-04 6.104E-03
     948 7.5794E-01 7.4509E-04  (-0.326    , -1.953E-03,   0.00    ) |  7.451E-04 6.104E-03
     949 7.5868E-01 7.4508E-04  (-0.326    , -1.953E-03,   0.00    ) |  7.451E-04 6.104E-03
     950 7.5943E-01 7.4508E-04  (-0.326    , -1.953E-03,   0.00    ) |  7.451E-04 6.104E-03
     951 7.6017E-01 7.4507E-04  (-0.326    , -1.953E-03,   0.00    ) |  7.451E-04 6.104E-03
     952 7.6092E-01 7.4506E-04  (-0.326    , -1.953E-03,   0.00    ) |  7.451E-04 6.104E-03
     953 7.6166E-01 7.4506E-04  (-0.326    , -1.953E-03,   0.00    ) |  7.451E-04 6.104E-03
     954 7.6241E-01 7.4505E-04  (-0.326    , -1.953E-03,   0.00    ) |  7.451E-04 6.104E-03
     955 7.6315E-01 7.4504E-04  (-0.326    , -1.953E-03,   0.00    ) |  7.450E-04 6.104E-03
     956 7.6390E-01 7.4504E-04  (-0.326    , -1.953E-03,   0.00    ) |  7.450E-04 6.104E-03
     957 7.6464E-01 7.4503E-04  (-0.326    , -1.953E-03,   0.00    ) |  7.450E-04 6.104E-03
     958 7.6539E-01 7.4503E-04  (-0.326    , -1.953E-03,   0.00    ) |  7.450E-04 6.104E-03
     959 7.6613E-01 7.4502E-04  (-0.326    , -1.953E-03,   0.00    ) |  7.450E-04 6.104E-03
     960 7.6688E-01 7.4501E-04  (-0.326    , -1.953E-03,   0.00    ) |  7.450E-04 6.104E-03
     961 7.6762E-01 7.4501E-04  (-0.326    , -1.953E-03,   0.00    ) |  7.450E-04 6.104E-03
     962 7.6837E-01 7.4500E-04  (-0.326    , -1.953E-03,   0.00    ) |  7.450E-04 6.104E-03
     963 7.6911E-01 7.4500E-04  (-0.326    , -1.953E-03,   0.00    ) |  7.450E-04 6.104E-03
     964 7.6986E-01 7.4499E-04  ( 0.322    , -1.953E-03,   0.00    ) |  7.450E-04 6.104E-03
     965 7.7060E-01 7.4498E-04  (-0.322    , -1.953E-03,   0.00    ) |  7.450E-04 6.104E-03
     966 7.7135E-01 7.4498E-04  (-0.322    , -1.953E-03,   0.00    ) |  7.450E-04 6.104E-03
     967 7.7209E-01 7.4497E-04  (-0.322    , -1.953E-03,   0.00    ) |  7.450E-04 6.104E-03
     968 7.7284E-01 7.4496E-04  (-0.322    , -1.953E-03,   0.00    ) |  7.450E-04 6.104E-03
     969 7.7358E-01 7.4495E-04  (-0.322    , -1.953E-03,   0.00    ) |  7.450E-04 6.104E-03
     970 7.7433E-01 7.4495E-04  (-0.322    , -1.953E-03,   0.00    ) |  7.449E-04 6.104E-03
 *** Wrote plotfile to flash_run_hdf5_plt_cnt_0031 ****
     971 7.7507E-01 7.4494E-04  (-0.322    , -1.953E-03,   0.00    ) |  7.449E-04 6.104E-03
     972 7.7582E-01 7.4493E-04  (-0.322    ,  1.953E-03,   0.00    ) |  7.449E-04 6.104E-03
     973 7.7656E-01 7.4493E-04  (-0.322    , -1.953E-03,   0.00    ) |  7.449E-04 6.104E-03
     974 7.7731E-01 7.4492E-04  (-0.322    ,  1.953E-03,   0.00    ) |  7.449E-04 6.104E-03
     975 7.7805E-01 7.4492E-04  (-0.322    ,  1.953E-03,   0.00    ) |  7.449E-04 6.104E-03
     976 7.7880E-01 7.4491E-04  (-0.322    ,  1.953E-03,   0.00    ) |  7.449E-04 6.104E-03
     977 7.7954E-01 7.4490E-04  (-0.322    ,  1.953E-03,   0.00    ) |  7.449E-04 6.104E-03
     978 7.8029E-01 7.4490E-04  (-0.322    ,  1.953E-03,   0.00    ) |  7.449E-04 6.104E-03
     979 7.8103E-01 7.4489E-04  (-0.322    ,  1.953E-03,   0.00    ) |  7.449E-04 6.104E-03
     980 7.8178E-01 7.4489E-04  (-0.322    , -1.953E-03,   0.00    ) |  7.449E-04 6.104E-03
     981 7.8252E-01 7.4488E-04  (-0.322    ,  1.953E-03,   0.00    ) |  7.449E-04 6.104E-03
     982 7.8327E-01 7.4488E-04  (-0.322    ,  1.953E-03,   0.00    ) |  7.449E-04 6.104E-03
     983 7.8401E-01 7.4487E-04  (-0.322    ,  1.953E-03,   0.00    ) |  7.449E-04 6.104E-03
     984 7.8476E-01 7.4487E-04  (-0.322    , -1.953E-03,   0.00    ) |  7.449E-04 6.104E-03
     985 7.8550E-01 7.4486E-04  (-0.322    ,  1.953E-03,   0.00    ) |  7.449E-04 6.104E-03
     986 7.8625E-01 7.4486E-04  (-0.322    , -1.953E-03,   0.00    ) |  7.449E-04 6.104E-03
     987 7.8699E-01 7.4485E-04  (-0.322    ,  1.953E-03,   0.00    ) |  7.449E-04 6.104E-03
     988 7.8774E-01 7.4485E-04  (-0.322    , -1.953E-03,   0.00    ) |  7.448E-04 6.104E-03
     989 7.8848E-01 7.4484E-04  (-0.322    , -1.953E-03,   0.00    ) |  7.448E-04 6.104E-03
     990 7.8922E-01 7.4484E-04  (-0.322    , -1.953E-03,   0.00    ) |  7.448E-04 6.104E-03
     991 7.8997E-01 7.4483E-04  (-0.322    , -1.953E-03,   0.00    ) |  7.448E-04 6.104E-03
     992 7.9071E-01 7.4483E-04  (-0.322    , -1.953E-03,   0.00    ) |  7.448E-04 6.104E-03
     993 7.9146E-01 7.4482E-04  (-0.322    , -1.953E-03,   0.00    ) |  7.448E-04 6.104E-03
     994 7.9220E-01 7.4482E-04  (-0.322    , -1.953E-03,   0.00    ) |  7.448E-04 6.104E-03
     995 7.9295E-01 7.4482E-04  (-0.322    , -1.953E-03,   0.00    ) |  7.448E-04 6.104E-03
     996 7.9369E-01 7.4481E-04  ( 0.322    ,  1.953E-03,   0.00    ) |  7.448E-04 6.104E-03
     997 7.9444E-01 7.4481E-04  ( 0.322    ,  1.953E-03,   0.00    ) |  7.448E-04 6.104E-03
     998 7.9518E-01 7.4481E-04  ( 0.322    ,  1.953E-03,   0.00    ) |  7.448E-04 6.104E-03
     999 7.9593E-01 7.4480E-04  ( 0.322    ,  1.953E-03,   0.00    ) |  7.448E-04 6.104E-03
    1000 7.9667E-01 7.4480E-04  (-0.322    , -1.953E-03,   0.00    ) |  7.448E-04 6.104E-03
    1001 7.9742E-01 7.4480E-04  ( 0.322    ,  1.953E-03,   0.00    ) |  7.448E-04 6.104E-03
    1002 7.9816E-01 7.4480E-04  (-0.322    , -1.953E-03,   0.00    ) |  7.448E-04 6.104E-03
    1003 7.9891E-01 7.4479E-04  (-0.322    , -1.953E-03,   0.00    ) |  7.448E-04 6.104E-03
    1004 7.9965E-01 7.4479E-04  (-0.322    , -1.953E-03,   0.00    ) |  7.448E-04 6.104E-03
 *** Wrote plotfile to flash_run_hdf5_plt_cnt_0032 ****
    1005 8.0040E-01 7.4479E-04  ( 0.322    ,  1.953E-03,   0.00    ) |  7.448E-04 6.104E-03
    1006 8.0114E-01 7.4479E-04  ( 0.322    ,  1.953E-03,   0.00    ) |  7.448E-04 6.104E-03
    1007 8.0189E-01 7.4478E-04  ( 0.322    ,  1.953E-03,   0.00    ) |  7.448E-04 6.104E-03
    1008 8.0263E-01 7.4478E-04  ( 0.322    ,  1.953E-03,   0.00    ) |  7.448E-04 6.104E-03
    1009 8.0338E-01 7.4478E-04  (-0.322    , -1.953E-03,   0.00    ) |  7.448E-04 6.104E-03
    1010 8.0412E-01 7.4478E-04  (-0.322    , -1.953E-03,   0.00    ) |  7.448E-04 6.104E-03
    1011 8.0487E-01 7.4478E-04  (-0.322    , -1.953E-03,   0.00    ) |  7.448E-04 6.104E-03
    1012 8.0561E-01 7.4478E-04  (-0.322    , -1.953E-03,   0.00    ) |  7.448E-04 6.104E-03
    1013 8.0636E-01 7.4478E-04  (-0.322    , -1.953E-03,   0.00    ) |  7.448E-04 6.104E-03
    1014 8.0710E-01 7.4478E-04  (-0.322    , -1.953E-03,   0.00    ) |  7.448E-04 6.104E-03
    1015 8.0784E-01 7.4478E-04  ( 0.322    ,  1.953E-03,   0.00    ) |  7.448E-04 6.104E-03
    1016 8.0859E-01 7.4478E-04  ( 0.322    ,  1.953E-03,   0.00    ) |  7.448E-04 6.104E-03
    1017 8.0933E-01 7.4478E-04  ( 0.322    ,  1.953E-03,   0.00    ) |  7.448E-04 6.104E-03
    1018 8.1008E-01 7.4478E-04  (-0.322    , -1.953E-03,   0.00    ) |  7.448E-04 6.104E-03
    1019 8.1082E-01 7.4478E-04  (-0.322    , -1.953E-03,   0.00    ) |  7.448E-04 6.104E-03
    1020 8.1157E-01 7.4478E-04  (-0.322    , -1.953E-03,   0.00    ) |  7.448E-04 6.104E-03
    1021 8.1231E-01 7.4478E-04  ( 0.322    ,  1.953E-03,   0.00    ) |  7.448E-04 6.104E-03
    1022 8.1306E-01 7.4478E-04  (-0.318    , -1.953E-03,   0.00    ) |  7.448E-04 6.104E-03
    1023 8.1380E-01 7.4478E-04  (-0.318    , -1.953E-03,   0.00    ) |  7.448E-04 6.104E-03
    1024 8.1455E-01 7.4478E-04  (-0.318    , -1.953E-03,   0.00    ) |  7.448E-04 6.104E-03
    1025 8.1529E-01 7.4478E-04  (-0.318    , -1.953E-03,   0.00    ) |  7.448E-04 6.104E-03
    1026 8.1604E-01 7.4478E-04  (-0.318    , -1.953E-03,   0.00    ) |  7.448E-04 6.104E-03
    1027 8.1678E-01 7.4478E-04  (-0.318    , -1.953E-03,   0.00    ) |  7.448E-04 6.104E-03
    1028 8.1753E-01 7.4478E-04  ( 0.318    , -1.953E-03,   0.00    ) |  7.448E-04 6.104E-03
    1029 8.1827E-01 7.4479E-04  (-0.318    , -1.953E-03,   0.00    ) |  7.448E-04 6.104E-03
    1030 8.1902E-01 7.4479E-04  (-0.318    , -1.953E-03,   0.00    ) |  7.448E-04 6.104E-03
    1031 8.1976E-01 7.4479E-04  (-0.318    , -1.953E-03,   0.00    ) |  7.448E-04 6.104E-03
    1032 8.2051E-01 7.4479E-04  ( 0.318    , -1.953E-03,   0.00    ) |  7.448E-04 6.104E-03
    1033 8.2125E-01 7.4479E-04  (-0.318    , -1.953E-03,   0.00    ) |  7.448E-04 6.104E-03
    1034 8.2200E-01 7.4479E-04  ( 0.318    , -1.953E-03,   0.00    ) |  7.448E-04 6.104E-03
    1035 8.2274E-01 7.4479E-04  ( 0.318    , -1.953E-03,   0.00    ) |  7.448E-04 6.104E-03
    1036 8.2349E-01 7.4480E-04  ( 0.318    , -1.953E-03,   0.00    ) |  7.448E-04 6.104E-03
    1037 8.2423E-01 7.4480E-04  ( 0.318    , -1.953E-03,   0.00    ) |  7.448E-04 6.104E-03
    1038 8.2497E-01 7.4480E-04  (-0.318    ,  1.953E-03,   0.00    ) |  7.448E-04 6.104E-03
 *** Wrote plotfile to flash_run_hdf5_plt_cnt_0033 ****
    1039 8.2572E-01 7.4481E-04  (-0.318    ,  1.953E-03,   0.00    ) |  7.448E-04 6.104E-03
    1040 8.2646E-01 7.4481E-04  ( 0.318    , -1.953E-03,   0.00    ) |  7.448E-04 6.104E-03
    1041 8.2721E-01 7.4481E-04  ( 0.318    , -1.953E-03,   0.00    ) |  7.448E-04 6.104E-03
    1042 8.2795E-01 7.4481E-04  (-0.318    ,  1.953E-03,   0.00    ) |  7.448E-04 6.104E-03
    1043 8.2870E-01 7.4482E-04  (-0.318    ,  1.953E-03,   0.00    ) |  7.448E-04 6.104E-03
    1044 8.2944E-01 7.4482E-04  (-0.318    ,  1.953E-03,   0.00    ) |  7.448E-04 6.104E-03
    1045 8.3019E-01 7.4483E-04  ( 0.318    , -1.953E-03,   0.00    ) |  7.448E-04 6.104E-03
    1046 8.3093E-01 7.4483E-04  ( 0.318    , -1.953E-03,   0.00    ) |  7.448E-04 6.104E-03
    1047 8.3168E-01 7.4483E-04  ( 0.318    , -1.953E-03,   0.00    ) |  7.448E-04 6.104E-03
    1048 8.3242E-01 7.4484E-04  ( 0.318    , -1.953E-03,   0.00    ) |  7.448E-04 6.104E-03
    1049 8.3317E-01 7.4484E-04  ( 0.318    , -1.953E-03,   0.00    ) |  7.448E-04 6.104E-03
    1050 8.3391E-01 7.4485E-04  ( 0.318    , -1.953E-03,   0.00    ) |  7.448E-04 6.104E-03
    1051 8.3466E-01 7.4485E-04  ( 0.318    , -1.953E-03,   0.00    ) |  7.449E-04 6.104E-03
    1052 8.3540E-01 7.4486E-04  ( 0.318    , -1.953E-03,   0.00    ) |  7.449E-04 6.104E-03
    1053 8.3615E-01 7.4486E-04  ( 0.318    , -1.953E-03,   0.00    ) |  7.449E-04 6.104E-03
    1054 8.3689E-01 7.4487E-04  ( 0.318    , -1.953E-03,   0.00    ) |  7.449E-04 6.104E-03
    1055 8.3764E-01 7.4487E-04  ( 0.318    , -1.953E-03,   0.00    ) |  7.449E-04 6.104E-03
    1056 8.3838E-01 7.4488E-04  ( 0.318    , -1.953E-03,   0.00    ) |  7.449E-04 6.104E-03
    1057 8.3913E-01 7.4489E-04  ( 0.318    , -1.953E-03,   0.00    ) |  7.449E-04 6.104E-03
    1058 8.3987E-01 7.4489E-04  ( 0.318    , -1.953E-03,   0.00    ) |  7.449E-04 6.104E-03
    1059 8.4062E-01 7.4490E-04  ( 0.318    , -1.953E-03,   0.00    ) |  7.449E-04 6.104E-03
    1060 8.4136E-01 7.4490E-04  ( 0.318    , -1.953E-03,   0.00    ) |  7.449E-04 6.104E-03
    1061 8.4211E-01 7.4491E-04  ( 0.318    , -1.953E-03,   0.00    ) |  7.449E-04 6.104E-03
    1062 8.4285E-01 7.4492E-04  ( 0.318    , -1.953E-03,   0.00    ) |  7.449E-04 6.104E-03
    1063 8.4360E-01 7.4492E-04  ( 0.318    , -1.953E-03,   0.00    ) |  7.449E-04 6.104E-03
    1064 8.4434E-01 7.4493E-04  ( 0.318    , -1.953E-03,   0.00    ) |  7.449E-04 6.104E-03
    1065 8.4509E-01 7.4494E-04  ( 0.318    , -1.953E-03,   0.00    ) |  7.449E-04 6.104E-03
    1066 8.4583E-01 7.4495E-04  ( 0.318    , -1.953E-03,   0.00    ) |  7.449E-04 6.104E-03
    1067 8.4658E-01 7.4495E-04  ( 0.318    , -1.953E-03,   0.00    ) |  7.450E-04 6.104E-03
    1068 8.4732E-01 7.4496E-04  ( 0.318    , -1.953E-03,   0.00    ) |  7.450E-04 6.104E-03
    1069 8.4807E-01 7.4497E-04  ( 0.318    , -1.953E-03,   0.00    ) |  7.450E-04 6.104E-03
    1070 8.4881E-01 7.4498E-04  ( 0.318    , -1.953E-03,   0.00    ) |  7.450E-04 6.104E-03
    1071 8.4956E-01 7.4499E-04  ( 0.318    , -1.953E-03,   0.00    ) |  7.450E-04 6.104E-03
 *** Wrote plotfile to flash_run_hdf5_plt_cnt_0034 ****
    1072 8.5030E-01 7.4500E-04  ( 0.318    , -1.953E-03,   0.00    ) |  7.450E-04 6.104E-03
    1073 8.5105E-01 7.4501E-04  ( 0.318    , -1.953E-03,   0.00    ) |  7.450E-04 6.104E-03
    1074 8.5179E-01 7.4502E-04  ( 0.318    , -1.953E-03,   0.00    ) |  7.450E-04 6.104E-03
    1075 8.5254E-01 7.4503E-04  ( 0.318    , -1.953E-03,   0.00    ) |  7.450E-04 6.104E-03
    1076 8.5328E-01 7.4504E-04  ( 0.318    , -1.953E-03,   0.00    ) |  7.450E-04 6.104E-03
    1077 8.5403E-01 7.4505E-04  ( 0.318    , -1.953E-03,   0.00    ) |  7.450E-04 6.104E-03
    1078 8.5477E-01 7.4506E-04  ( 0.318    , -1.953E-03,   0.00    ) |  7.451E-04 6.104E-03
    1079 8.5552E-01 7.4507E-04  ( 0.318    , -1.953E-03,   0.00    ) |  7.451E-04 6.104E-03
    1080 8.5626E-01 7.4508E-04  ( 0.318    , -1.953E-03,   0.00    ) |  7.451E-04 6.104E-03
    1081 8.5701E-01 7.4509E-04  ( 0.318    , -1.953E-03,   0.00    ) |  7.451E-04 6.104E-03
    1082 8.5775E-01 7.4510E-04  ( 0.318    , -1.953E-03,   0.00    ) |  7.451E-04 6.104E-03
    1083 8.5850E-01 7.4511E-04  ( 0.318    , -1.953E-03,   0.00    ) |  7.451E-04 6.104E-03
    1084 8.5924E-01 7.4512E-04  ( 0.318    , -1.953E-03,   0.00    ) |  7.451E-04 6.104E-03
    1085 8.5999E-01 7.4514E-04  ( 0.318    , -1.953E-03,   0.00    ) |  7.451E-04 6.104E-03
    1086 8.6073E-01 7.4515E-04  ( 0.318    , -1.953E-03,   0.00    ) |  7.451E-04 6.104E-03
    1087 8.6148E-01 7.4516E-04  ( 0.318    , -1.953E-03,   0.00    ) |  7.452E-04 6.104E-03
    1088 8.6222E-01 7.4517E-04  ( 0.318    , -1.953E-03,   0.00    ) |  7.452E-04 6.104E-03
    1089 8.6297E-01 7.4519E-04  ( 0.318    , -1.953E-03,   0.00    ) |  7.452E-04 6.104E-03
    1090 8.6371E-01 7.4520E-04  ( 0.318    , -1.953E-03,   0.00    ) |  7.452E-04 6.104E-03
    1091 8.6446E-01 7.4521E-04  ( 0.318    , -1.953E-03,   0.00    ) |  7.452E-04 6.104E-03
    1092 8.6520E-01 7.4522E-04  ( 0.318    , -1.953E-03,   0.00    ) |  7.452E-04 6.104E-03
    1093 8.6595E-01 7.4524E-04  ( 0.318    , -1.953E-03,   0.00    ) |  7.452E-04 6.104E-03
    1094 8.6669E-01 7.4525E-04  ( 0.318    , -1.953E-03,   0.00    ) |  7.453E-04 6.104E-03
    1095 8.6744E-01 7.4527E-04  ( 0.318    , -1.953E-03,   0.00    ) |  7.453E-04 6.104E-03
    1096 8.6818E-01 7.4528E-04  ( 0.318    , -1.953E-03,   0.00    ) |  7.453E-04 6.104E-03
    1097 8.6893E-01 7.4529E-04  ( 0.318    , -1.953E-03,   0.00    ) |  7.453E-04 6.104E-03
    1098 8.6967E-01 7.4531E-04  ( 0.318    , -1.953E-03,   0.00    ) |  7.453E-04 6.104E-03
    1099 8.7042E-01 7.4532E-04  ( 0.318    , -1.953E-03,   0.00    ) |  7.453E-04 6.104E-03
    1100 8.7116E-01 7.4534E-04  ( 0.318    , -1.953E-03,   0.00    ) |  7.453E-04 6.104E-03
    1101 8.7191E-01 7.4535E-04  ( 0.318    , -1.953E-03,   0.00    ) |  7.454E-04 6.104E-03
    1102 8.7266E-01 7.4537E-04  (-0.314    , -1.953E-03,   0.00    ) |  7.454E-04 6.104E-03
    1103 8.7340E-01 7.4538E-04  (-0.314    , -1.953E-03,   0.00    ) |  7.454E-04 6.104E-03
    1104 8.7415E-01 7.4540E-04  (-0.314    , -1.953E-03,   0.00    ) |  7.454E-04 6.104E-03
    1105 8.7489E-01 7.4541E-04  ( 0.314    , -1.953E-03,   0.00    ) |  7.454E-04 6.104E-03
 *** Wrote plotfile to flash_run_hdf5_plt_cnt_0035 ****
    1106 8.7564E-01 7.4543E-04  ( 0.314    , -1.953E-03,   0.00    ) |  7.454E-04 6.104E-03
    1107 8.7638E-01 7.4544E-04  ( 0.314    , -1.953E-03,   0.00    ) |  7.454E-04 6.104E-03
    1108 8.7713E-01 7.4546E-04  ( 0.314    , -1.953E-03,   0.00    ) |  7.455E-04 6.104E-03
    1109 8.7787E-01 7.4547E-04  ( 0.314    , -1.953E-03,   0.00    ) |  7.455E-04 6.104E-03
    1110 8.7862E-01 7.4549E-04  ( 0.314    , -1.953E-03,   0.00    ) |  7.455E-04 6.104E-03
    1111 8.7936E-01 7.4550E-04  ( 0.314    , -1.953E-03,   0.00    ) |  7.455E-04 6.104E-03
    1112 8.8011E-01 7.4552E-04  ( 0.314    , -1.953E-03,   0.00    ) |  7.455E-04 6.104E-03
    1113 8.8086E-01 7.4553E-04  ( 0.314    , -1.953E-03,   0.00    ) |  7.455E-04 6.104E-03
    1114 8.8160E-01 7.4555E-04  ( 0.314    , -1.953E-03,   0.00    ) |  7.455E-04 6.104E-03
    1115 8.8235E-01 7.4556E-04  ( 0.314    , -1.953E-03,   0.00    ) |  7.456E-04 6.104E-03
    1116 8.8309E-01 7.4558E-04  ( 0.314    , -1.953E-03,   0.00    ) |  7.456E-04 6.104E-03
    1117 8.8384E-01 7.4560E-04  (-0.314    , -1.953E-03,   0.00    ) |  7.456E-04 6.104E-03
    1118 8.8458E-01 7.4561E-04  (-0.314    , -1.953E-03,   0.00    ) |  7.456E-04 6.104E-03
    1119 8.8533E-01 7.4563E-04  (-0.314    , -1.953E-03,   0.00    ) |  7.456E-04 6.104E-03
    1120 8.8607E-01 7.4564E-04  ( 0.314    , -1.953E-03,   0.00    ) |  7.456E-04 6.104E-03
    1121 8.8682E-01 7.4566E-04  (-0.314    , -1.953E-03,   0.00    ) |  7.457E-04 6.104E-03
    1122 8.8757E-01 7.4567E-04  ( 0.314    , -1.953E-03,   0.00    ) |  7.457E-04 6.104E-03
    1123 8.8831E-01 7.4569E-04  ( 0.314    , -1.953E-03,   0.00    ) |  7.457E-04 6.104E-03
    1124 8.8906E-01 7.4571E-04  ( 0.314    , -1.953E-03,   0.00    ) |  7.457E-04 6.104E-03
    1125 8.8980E-01 7.4572E-04  ( 0.314    , -1.953E-03,   0.00    ) |  7.457E-04 6.104E-03
    1126 8.9055E-01 7.4574E-04  ( 0.314    , -1.953E-03,   0.00    ) |  7.457E-04 6.104E-03
    1127 8.9129E-01 7.4575E-04  (-0.314    , -1.953E-03,   0.00    ) |  7.458E-04 6.104E-03
    1128 8.9204E-01 7.4577E-04  (-0.314    , -1.953E-03,   0.00    ) |  7.458E-04 6.104E-03
    1129 8.9279E-01 7.4578E-04  ( 0.314    , -1.953E-03,   0.00    ) |  7.458E-04 6.104E-03
    1130 8.9353E-01 7.4580E-04  ( 0.314    , -1.953E-03,   0.00    ) |  7.458E-04 6.104E-03
    1131 8.9428E-01 7.4582E-04  (-0.314    , -1.953E-03,   0.00    ) |  7.458E-04 6.104E-03
    1132 8.9502E-01 7.4583E-04  (-0.314    , -1.953E-03,   0.00    ) |  7.458E-04 6.104E-03
    1133 8.9577E-01 7.4585E-04  (-0.314    , -1.953E-03,   0.00    ) |  7.458E-04 6.104E-03
    1134 8.9651E-01 7.4586E-04  (-0.314    , -1.953E-03,   0.00    ) |  7.459E-04 6.104E-03
    1135 8.9726E-01 7.4588E-04  (-0.314    , -1.953E-03,   0.00    ) |  7.459E-04 6.104E-03
    1136 8.9801E-01 7.4589E-04  ( 0.314    , -1.953E-03,   0.00    ) |  7.459E-04 6.104E-03
    1137 8.9875E-01 7.4591E-04  (-0.314    , -1.953E-03,   0.00    ) |  7.459E-04 6.104E-03
    1138 8.9950E-01 7.4592E-04  (-0.314    , -1.953E-03,   0.00    ) |  7.459E-04 6.104E-03
 *** Wrote plotfile to flash_run_hdf5_plt_cnt_0036 ****
    1139 9.0024E-01 7.4594E-04  (-0.314    , -1.953E-03,   0.00    ) |  7.459E-04 6.104E-03
    1140 9.0099E-01 7.4595E-04  (-0.314    , -1.953E-03,   0.00    ) |  7.460E-04 6.104E-03
    1141 9.0174E-01 7.4597E-04  ( 0.314    , -1.953E-03,   0.00    ) |  7.460E-04 6.104E-03
    1142 9.0248E-01 7.4598E-04  ( 0.314    , -1.953E-03,   0.00    ) |  7.460E-04 6.104E-03
    1143 9.0323E-01 7.4600E-04  ( 0.314    , -1.953E-03,   0.00    ) |  7.460E-04 6.104E-03
    1144 9.0397E-01 7.4601E-04  ( 0.314    , -1.953E-03,   0.00    ) |  7.460E-04 6.104E-03
    1145 9.0472E-01 7.4603E-04  ( 0.314    , -1.953E-03,   0.00    ) |  7.460E-04 6.104E-03
    1146 9.0547E-01 7.4604E-04  ( 0.314    , -1.953E-03,   0.00    ) |  7.460E-04 6.104E-03
    1147 9.0621E-01 7.4606E-04  ( 0.314    , -1.953E-03,   0.00    ) |  7.461E-04 6.104E-03
    1148 9.0696E-01 7.4607E-04  ( 0.314    , -1.953E-03,   0.00    ) |  7.461E-04 6.104E-03
    1149 9.0770E-01 7.4609E-04  ( 0.314    , -1.953E-03,   0.00    ) |  7.461E-04 6.104E-03
    1150 9.0845E-01 7.4611E-04  ( 0.314    , -1.953E-03,   0.00    ) |  7.461E-04 6.104E-03
    1151 9.0920E-01 7.4612E-04  ( 0.314    , -1.953E-03,   0.00    ) |  7.461E-04 6.104E-03
    1152 9.0994E-01 7.4614E-04  ( 0.314    , -1.953E-03,   0.00    ) |  7.461E-04 6.104E-03
    1153 9.1069E-01 7.4615E-04  ( 0.314    , -1.953E-03,   0.00    ) |  7.462E-04 6.104E-03
    1154 9.1144E-01 7.4617E-04  ( 0.314    , -1.953E-03,   0.00    ) |  7.462E-04 6.104E-03
    1155 9.1218E-01 7.4619E-04  ( 0.314    , -1.953E-03,   0.00    ) |  7.462E-04 6.104E-03
    1156 9.1293E-01 7.4621E-04  ( 0.314    , -1.953E-03,   0.00    ) |  7.462E-04 6.104E-03
    1157 9.1367E-01 7.4623E-04  ( 0.314    , -1.953E-03,   0.00    ) |  7.462E-04 6.104E-03
    1158 9.1442E-01 7.4625E-04  ( 0.314    , -1.953E-03,   0.00    ) |  7.462E-04 6.104E-03
    1159 9.1517E-01 7.4627E-04  (-0.314    , -1.953E-03,   0.00    ) |  7.463E-04 6.104E-03
    1160 9.1591E-01 7.4629E-04  (-0.314    , -1.953E-03,   0.00    ) |  7.463E-04 6.104E-03
    1161 9.1666E-01 7.4631E-04  ( 0.314    , -1.953E-03,   0.00    ) |  7.463E-04 6.104E-03
    1162 9.1740E-01 7.4633E-04  ( 0.314    , -1.953E-03,   0.00    ) |  7.463E-04 6.104E-03
    1163 9.1815E-01 7.4636E-04  ( 0.314    , -1.953E-03,   0.00    ) |  7.464E-04 6.104E-03
    1164 9.1890E-01 7.4638E-04  (-0.314    , -1.953E-03,   0.00    ) |  7.464E-04 6.104E-03
    1165 9.1964E-01 7.4641E-04  ( 0.314    , -1.953E-03,   0.00    ) |  7.464E-04 6.104E-03
    1166 9.2039E-01 7.4643E-04  ( 0.314    , -1.953E-03,   0.00    ) |  7.464E-04 6.104E-03
    1167 9.2114E-01 7.4646E-04  ( 0.314    , -1.953E-03,   0.00    ) |  7.465E-04 6.104E-03
    1168 9.2188E-01 7.4648E-04  ( 0.314    , -1.953E-03,   0.00    ) |  7.465E-04 6.104E-03
    1169 9.2263E-01 7.4651E-04  ( 0.314    , -1.953E-03,   0.00    ) |  7.465E-04 6.104E-03
    1170 9.2338E-01 7.4654E-04  (-0.314    , -1.953E-03,   0.00    ) |  7.465E-04 6.104E-03
    1171 9.2412E-01 7.4657E-04  ( 0.314    , -1.953E-03,   0.00    ) |  7.466E-04 6.104E-03
    1172 9.2487E-01 7.4659E-04  ( 0.314    , -1.953E-03,   0.00    ) |  7.466E-04 6.104E-03
 *** Wrote plotfile to flash_run_hdf5_plt_cnt_0037 ****
    1173 9.2562E-01 7.4662E-04  ( 0.314    , -1.953E-03,   0.00    ) |  7.466E-04 6.104E-03
    1174 9.2636E-01 7.4665E-04  ( 0.314    , -1.953E-03,   0.00    ) |  7.466E-04 6.104E-03
    1175 9.2711E-01 7.4667E-04  ( 0.314    , -1.953E-03,   0.00    ) |  7.467E-04 6.104E-03
    1176 9.2786E-01 7.4670E-04  ( 0.314    , -1.953E-03,   0.00    ) |  7.467E-04 6.104E-03
    1177 9.2860E-01 7.4672E-04  (-0.314    , -1.953E-03,   0.00    ) |  7.467E-04 6.104E-03
    1178 9.2935E-01 7.4675E-04  (-0.314    , -1.953E-03,   0.00    ) |  7.467E-04 6.104E-03
    1179 9.3010E-01 7.4677E-04  (-0.314    , -1.953E-03,   0.00    ) |  7.468E-04 6.104E-03
    1180 9.3084E-01 7.4679E-04  (-0.314    , -1.953E-03,   0.00    ) |  7.468E-04 6.104E-03
    1181 9.3159E-01 7.4681E-04  (-0.314    , -1.953E-03,   0.00    ) |  7.468E-04 6.104E-03
    1182 9.3234E-01 7.4683E-04  (-0.314    , -1.953E-03,   0.00    ) |  7.468E-04 6.104E-03
    1183 9.3308E-01 7.4685E-04  (-0.314    , -1.953E-03,   0.00    ) |  7.468E-04 6.104E-03
    1184 9.3383E-01 7.4686E-04  (-0.314    , -1.953E-03,   0.00    ) |  7.469E-04 6.104E-03
    1185 9.3458E-01 7.4688E-04  (-0.311    , -1.953E-03,   0.00    ) |  7.469E-04 6.104E-03
    1186 9.3532E-01 7.4689E-04  ( 0.311    ,  1.953E-03,   0.00    ) |  7.469E-04 6.104E-03
    1187 9.3607E-01 7.4691E-04  (-0.311    , -1.953E-03,   0.00    ) |  7.469E-04 6.104E-03
    1188 9.3682E-01 7.4692E-04  ( 0.311    ,  1.953E-03,   0.00    ) |  7.469E-04 6.104E-03
    1189 9.3756E-01 7.4694E-04  ( 0.311    ,  1.953E-03,   0.00    ) |  7.469E-04 6.104E-03
    1190 9.3831E-01 7.4695E-04  ( 0.311    ,  1.953E-03,   0.00    ) |  7.470E-04 6.104E-03
    1191 9.3906E-01 7.4697E-04  ( 0.311    ,  1.953E-03,   0.00    ) |  7.470E-04 6.104E-03
    1192 9.3981E-01 7.4698E-04  ( 0.311    , -1.953E-03,   0.00    ) |  7.470E-04 6.104E-03
    1193 9.4055E-01 7.4700E-04  ( 0.311    ,  1.953E-03,   0.00    ) |  7.470E-04 6.104E-03
    1194 9.4130E-01 7.4702E-04  ( 0.311    , -1.953E-03,   0.00    ) |  7.470E-04 6.104E-03
    1195 9.4205E-01 7.4703E-04  ( 0.311    , -1.953E-03,   0.00    ) |  7.470E-04 6.104E-03
    1196 9.4279E-01 7.4705E-04  ( 0.311    , -1.953E-03,   0.00    ) |  7.471E-04 6.104E-03
    1197 9.4354E-01 7.4707E-04  ( 0.311    , -1.953E-03,   0.00    ) |  7.471E-04 6.104E-03
    1198 9.4429E-01 7.4709E-04  ( 0.311    , -1.953E-03,   0.00    ) |  7.471E-04 6.104E-03
    1199 9.4503E-01 7.4711E-04  ( 0.311    ,  1.953E-03,   0.00    ) |  7.471E-04 6.104E-03
    1200 9.4578E-01 7.4713E-04  ( 0.311    , -1.953E-03,   0.00    ) |  7.471E-04 6.104E-03
    1201 9.4653E-01 7.4715E-04  ( 0.311    , -1.953E-03,   0.00    ) |  7.471E-04 6.104E-03
    1202 9.4728E-01 7.4717E-04  ( 0.311    , -1.953E-03,   0.00    ) |  7.472E-04 6.104E-03
    1203 9.4802E-01 7.4719E-04  ( 0.311    , -1.953E-03,   0.00    ) |  7.472E-04 6.104E-03
    1204 9.4877E-01 7.4721E-04  (-0.311    ,  1.953E-03,   0.00    ) |  7.472E-04 6.104E-03
    1205 9.4952E-01 7.4723E-04  (-0.311    ,  1.953E-03,   0.00    ) |  7.472E-04 6.104E-03
 *** Wrote plotfile to flash_run_hdf5_plt_cnt_0038 ****
    1206 9.5026E-01 7.4725E-04  ( 0.311    , -1.953E-03,   0.00    ) |  7.472E-04 6.104E-03
    1207 9.5101E-01 7.4727E-04  (-0.311    , -1.953E-03,   0.00    ) |  7.473E-04 6.104E-03
    1208 9.5176E-01 7.4729E-04  (-0.311    , -1.953E-03,   0.00    ) |  7.473E-04 6.104E-03
    1209 9.5251E-01 7.4730E-04  ( 0.311    , -1.953E-03,   0.00    ) |  7.473E-04 6.104E-03
    1210 9.5325E-01 7.4732E-04  ( 0.311    , -1.953E-03,   0.00    ) |  7.473E-04 6.104E-03
    1211 9.5400E-01 7.4734E-04  ( 0.311    , -1.953E-03,   0.00    ) |  7.473E-04 6.104E-03
    1212 9.5475E-01 7.4735E-04  ( 0.311    , -1.953E-03,   0.00    ) |  7.474E-04 6.104E-03
    1213 9.5550E-01 7.4737E-04  ( 0.311    , -1.953E-03,   0.00    ) |  7.474E-04 6.104E-03
    1214 9.5624E-01 7.4738E-04  ( 0.311    , -1.953E-03,   0.00    ) |  7.474E-04 6.104E-03
    1215 9.5699E-01 7.4739E-04  ( 0.311    ,  1.953E-03,   0.00    ) |  7.474E-04 6.104E-03
    1216 9.5774E-01 7.4741E-04  ( 0.311    ,  1.953E-03,   0.00    ) |  7.474E-04 6.104E-03
    1217 9.5849E-01 7.4742E-04  ( 0.311    ,  1.953E-03,   0.00    ) |  7.474E-04 6.104E-03
    1218 9.5923E-01 7.4743E-04  ( 0.311    , -1.953E-03,   0.00    ) |  7.474E-04 6.104E-03
    1219 9.5998E-01 7.4744E-04  (-0.311    , -1.953E-03,   0.00    ) |  7.474E-04 6.104E-03
    1220 9.6073E-01 7.4745E-04  (-0.311    , -1.953E-03,   0.00    ) |  7.475E-04 6.104E-03
    1221 9.6148E-01 7.4747E-04  (-0.311    , -1.953E-03,   0.00    ) |  7.475E-04 6.104E-03
    1222 9.6222E-01 7.4748E-04  (-0.311    , -1.953E-03,   0.00    ) |  7.475E-04 6.104E-03
    1223 9.6297E-01 7.4749E-04  (-0.311    , -1.953E-03,   0.00    ) |  7.475E-04 6.104E-03
    1224 9.6372E-01 7.4750E-04  (-0.311    , -1.953E-03,   0.00    ) |  7.475E-04 6.104E-03
    1225 9.6447E-01 7.4751E-04  (-0.311    , -1.953E-03,   0.00    ) |  7.475E-04 6.104E-03
    1226 9.6521E-01 7.4751E-04  (-0.311    , -1.953E-03,   0.00    ) |  7.475E-04 6.104E-03
    1227 9.6596E-01 7.4752E-04  (-0.311    , -1.953E-03,   0.00    ) |  7.475E-04 6.104E-03
    1228 9.6671E-01 7.4753E-04  (-0.311    , -1.953E-03,   0.00    ) |  7.475E-04 6.104E-03
    1229 9.6746E-01 7.4754E-04  (-0.311    , -1.953E-03,   0.00    ) |  7.475E-04 6.104E-03
    1230 9.6820E-01 7.4755E-04  (-0.311    , -1.953E-03,   0.00    ) |  7.475E-04 6.104E-03
    1231 9.6895E-01 7.4756E-04  (-0.311    , -1.953E-03,   0.00    ) |  7.476E-04 6.104E-03
    1232 9.6970E-01 7.4756E-04  (-0.311    , -1.953E-03,   0.00    ) |  7.476E-04 6.104E-03
    1233 9.7045E-01 7.4757E-04  (-0.311    , -1.953E-03,   0.00    ) |  7.476E-04 6.104E-03
    1234 9.7119E-01 7.4758E-04  (-0.311    , -1.953E-03,   0.00    ) |  7.476E-04 6.104E-03
    1235 9.7194E-01 7.4758E-04  (-0.311    , -1.953E-03,   0.00    ) |  7.476E-04 6.104E-03
    1236 9.7269E-01 7.4759E-04  (-0.311    , -1.953E-03,   0.00    ) |  7.476E-04 6.104E-03
    1237 9.7344E-01 7.4759E-04  (-0.311    , -1.953E-03,   0.00    ) |  7.476E-04 6.104E-03
    1238 9.7418E-01 7.4760E-04  (-0.311    , -1.953E-03,   0.00    ) |  7.476E-04 6.104E-03
    1239 9.7493E-01 7.4760E-04  (-0.311    , -1.953E-03,   0.00    ) |  7.476E-04 6.104E-03
 *** Wrote plotfile to flash_run_hdf5_plt_cnt_0039 ****
    1240 9.7568E-01 7.4761E-04  (-0.311    , -1.953E-03,   0.00    ) |  7.476E-04 6.104E-03
    1241 9.7643E-01 7.4761E-04  (-0.311    , -1.953E-03,   0.00    ) |  7.476E-04 6.104E-03
    1242 9.7717E-01 7.4761E-04  (-0.311    , -1.953E-03,   0.00    ) |  7.476E-04 6.104E-03
    1243 9.7792E-01 7.4761E-04  (-0.311    , -1.953E-03,   0.00    ) |  7.476E-04 6.104E-03
    1244 9.7867E-01 7.4762E-04  (-0.311    , -1.953E-03,   0.00    ) |  7.476E-04 6.104E-03
    1245 9.7942E-01 7.4762E-04  (-0.311    , -1.953E-03,   0.00    ) |  7.476E-04 6.104E-03
    1246 9.8016E-01 7.4762E-04  (-0.311    , -1.953E-03,   0.00    ) |  7.476E-04 6.104E-03
    1247 9.8091E-01 7.4762E-04  (-0.311    , -1.953E-03,   0.00    ) |  7.476E-04 6.104E-03
    1248 9.8166E-01 7.4762E-04  (-0.311    , -1.953E-03,   0.00    ) |  7.476E-04 6.104E-03
    1249 9.8241E-01 7.4762E-04  (-0.311    , -1.953E-03,   0.00    ) |  7.476E-04 6.104E-03
    1250 9.8315E-01 7.4763E-04  (-0.311    , -1.953E-03,   0.00    ) |  7.476E-04 6.104E-03
    1251 9.8390E-01 7.4763E-04  (-0.311    , -1.953E-03,   0.00    ) |  7.476E-04 6.104E-03
    1252 9.8465E-01 7.4763E-04  (-0.307    , -1.953E-03,   0.00    ) |  7.476E-04 6.104E-03
    1253 9.8540E-01 7.4762E-04  (-0.307    , -1.953E-03,   0.00    ) |  7.476E-04 6.104E-03
    1254 9.8615E-01 7.4762E-04  (-0.307    , -1.953E-03,   0.00    ) |  7.476E-04 6.104E-03
    1255 9.8689E-01 7.4762E-04  (-0.307    , -1.953E-03,   0.00    ) |  7.476E-04 6.104E-03
    1256 9.8764E-01 7.4762E-04  (-0.307    , -1.953E-03,   0.00    ) |  7.476E-04 6.104E-03
    1257 9.8839E-01 7.4761E-04  (-0.307    , -1.953E-03,   0.00    ) |  7.476E-04 6.104E-03
    1258 9.8914E-01 7.4761E-04  (-0.307    , -1.953E-03,   0.00    ) |  7.476E-04 6.104E-03
    1259 9.8988E-01 7.4761E-04  (-0.307    , -1.953E-03,   0.00    ) |  7.476E-04 6.104E-03
    1260 9.9063E-01 7.4761E-04  (-0.307    , -1.953E-03,   0.00    ) |  7.476E-04 6.104E-03
    1261 9.9138E-01 7.4760E-04  (-0.307    , -1.953E-03,   0.00    ) |  7.476E-04 6.104E-03
    1262 9.9213E-01 7.4760E-04  (-0.307    , -1.953E-03,   0.00    ) |  7.476E-04 6.104E-03
    1263 9.9287E-01 7.4760E-04  (-0.307    , -1.953E-03,   0.00    ) |  7.476E-04 6.104E-03
    1264 9.9362E-01 7.4759E-04  (-0.307    , -1.953E-03,   0.00    ) |  7.476E-04 6.104E-03
    1265 9.9437E-01 7.4759E-04  (-0.307    , -1.953E-03,   0.00    ) |  7.476E-04 6.104E-03
    1266 9.9512E-01 7.4759E-04  (-0.307    , -1.953E-03,   0.00    ) |  7.476E-04 6.104E-03
    1267 9.9586E-01 7.4758E-04  (-0.307    , -1.953E-03,   0.00    ) |  7.476E-04 6.104E-03
    1268 9.9661E-01 7.4758E-04  (-0.307    , -1.953E-03,   0.00    ) |  7.476E-04 6.104E-03
    1269 9.9736E-01 7.4758E-04  (-0.307    , -1.953E-03,   0.00    ) |  7.476E-04 6.104E-03
    1270 9.9811E-01 7.4757E-04  (-0.307    , -1.953E-03,   0.00    ) |  7.476E-04 6.104E-03
    1271 9.9885E-01 7.4757E-04  (-0.307    , -1.953E-03,   0.00    ) |  7.476E-04 6.104E-03
    1272 9.9960E-01 7.4757E-04  (-0.307    , -1.953E-03,   0.00    ) |  7.476E-04 6.104E-03
 *** Wrote plotfile to flash_run_hdf5_plt_cnt_0040 ****
    1273 1.0003E+00 7.4756E-04  (-0.307    , -1.953E-03,   0.00    ) |  7.476E-04 6.104E-03
    1274 1.0011E+00 7.4756E-04  (-0.307    , -1.953E-03,   0.00    ) |  7.476E-04 6.104E-03
    1275 1.0018E+00 7.4756E-04  (-0.307    , -1.953E-03,   0.00    ) |  7.476E-04 6.104E-03
    1276 1.0026E+00 7.4755E-04  (-0.307    , -1.953E-03,   0.00    ) |  7.476E-04 6.104E-03
    1277 1.0033E+00 7.4755E-04  (-0.307    , -1.953E-03,   0.00    ) |  7.476E-04 6.104E-03
    1278 1.0041E+00 7.4755E-04  ( 0.307    ,  1.953E-03,   0.00    ) |  7.475E-04 6.104E-03
    1279 1.0048E+00 7.4755E-04  ( 0.307    ,  1.953E-03,   0.00    ) |  7.475E-04 6.104E-03
    1280 1.0056E+00 7.4754E-04  ( 0.307    ,  1.953E-03,   0.00    ) |  7.475E-04 6.104E-03
    1281 1.0063E+00 7.4754E-04  ( 0.307    ,  1.953E-03,   0.00    ) |  7.475E-04 6.104E-03
    1282 1.0071E+00 7.4754E-04  ( 0.307    ,  1.953E-03,   0.00    ) |  7.475E-04 6.104E-03
    1283 1.0078E+00 7.4754E-04  ( 0.307    ,  1.953E-03,   0.00    ) |  7.475E-04 6.104E-03
    1284 1.0086E+00 7.4754E-04  ( 0.307    ,  1.953E-03,   0.00    ) |  7.475E-04 6.104E-03
    1285 1.0093E+00 7.4754E-04  ( 0.307    ,  1.953E-03,   0.00    ) |  7.475E-04 6.104E-03
    1286 1.0101E+00 7.4754E-04  ( 0.307    ,  1.953E-03,   0.00    ) |  7.475E-04 6.104E-03
    1287 1.0108E+00 7.4754E-04  ( 0.307    ,  1.953E-03,   0.00    ) |  7.475E-04 6.104E-03
    1288 1.0116E+00 7.4753E-04  ( 0.307    ,  1.953E-03,   0.00    ) |  7.475E-04 6.104E-03
    1289 1.0123E+00 7.4754E-04  ( 0.307    ,  1.953E-03,   0.00    ) |  7.475E-04 6.104E-03
    1290 1.0131E+00 7.4754E-04  ( 0.307    ,  1.953E-03,   0.00    ) |  7.475E-04 6.104E-03
    1291 1.0138E+00 7.4754E-04  ( 0.307    ,  1.953E-03,   0.00    ) |  7.475E-04 6.104E-03
    1292 1.0146E+00 7.4754E-04  ( 0.307    ,  1.953E-03,   0.00    ) |  7.475E-04 6.104E-03
    1293 1.0153E+00 7.4754E-04  ( 0.307    ,  1.953E-03,   0.00    ) |  7.475E-04 6.104E-03
    1294 1.0160E+00 7.4754E-04  ( 0.307    ,  1.953E-03,   0.00    ) |  7.475E-04 6.104E-03
    1295 1.0168E+00 7.4754E-04  ( 0.307    ,  1.953E-03,   0.00    ) |  7.475E-04 6.104E-03
    1296 1.0175E+00 7.4755E-04  ( 0.307    ,  1.953E-03,   0.00    ) |  7.475E-04 6.104E-03
    1297 1.0183E+00 7.4755E-04  ( 0.307    ,  1.953E-03,   0.00    ) |  7.475E-04 6.104E-03
    1298 1.0190E+00 7.4755E-04  ( 0.307    ,  1.953E-03,   0.00    ) |  7.475E-04 6.104E-03
    1299 1.0198E+00 7.4755E-04  ( 0.307    ,  1.953E-03,   0.00    ) |  7.476E-04 6.104E-03
    1300 1.0205E+00 7.4755E-04  ( 0.307    ,  1.953E-03,   0.00    ) |  7.476E-04 6.104E-03
    1301 1.0213E+00 7.4755E-04  ( 0.307    ,  1.953E-03,   0.00    ) |  7.476E-04 6.104E-03
    1302 1.0220E+00 7.4756E-04  ( 0.307    ,  1.953E-03,   0.00    ) |  7.476E-04 6.104E-03
    1303 1.0228E+00 7.4756E-04  ( 0.307    ,  1.953E-03,   0.00    ) |  7.476E-04 6.104E-03
    1304 1.0235E+00 7.4756E-04  (-0.307    ,  1.953E-03,   0.00    ) |  7.476E-04 6.104E-03
    1305 1.0243E+00 7.4756E-04  (-0.307    ,  1.953E-03,   0.00    ) |  7.476E-04 6.104E-03
 *** Wrote plotfile to flash_run_hdf5_plt_cnt_0041 ****
    1306 1.0250E+00 7.4756E-04  (-0.307    ,  1.953E-03,   0.00    ) |  7.476E-04 6.104E-03
    1307 1.0258E+00 7.4756E-04  ( 0.307    ,  1.953E-03,   0.00    ) |  7.476E-04 6.104E-03
    1308 1.0265E+00 7.4756E-04  (-0.307    ,  1.953E-03,   0.00    ) |  7.476E-04 6.104E-03
    1309 1.0273E+00 7.4756E-04  ( 0.307    ,  1.953E-03,   0.00    ) |  7.476E-04 6.104E-03
    1310 1.0280E+00 7.4756E-04  ( 0.307    ,  1.953E-03,   0.00    ) |  7.476E-04 6.104E-03
    1311 1.0288E+00 7.4756E-04  ( 0.307    ,  1.953E-03,   0.00    ) |  7.476E-04 6.104E-03
    1312 1.0295E+00 7.4756E-04  ( 0.307    ,  1.953E-03,   0.00    ) |  7.476E-04 6.104E-03
    1313 1.0303E+00 7.4755E-04  ( 0.307    ,  1.953E-03,   0.00    ) |  7.476E-04 6.104E-03
    1314 1.0310E+00 7.4755E-04  ( 0.307    ,  1.953E-03,   0.00    ) |  7.476E-04 6.104E-03
    1315 1.0317E+00 7.4755E-04  ( 0.307    , -1.953E-03,   0.00    ) |  7.475E-04 6.104E-03
    1316 1.0325E+00 7.4754E-04  ( 0.307    , -1.953E-03,   0.00    ) |  7.475E-04 6.104E-03
    1317 1.0332E+00 7.4754E-04  ( 0.307    , -1.953E-03,   0.00    ) |  7.475E-04 6.104E-03
    1318 1.0340E+00 7.4754E-04  ( 0.307    , -1.953E-03,   0.00    ) |  7.475E-04 6.104E-03
    1319 1.0347E+00 7.4753E-04  (-0.307    ,  1.953E-03,   0.00    ) |  7.475E-04 6.104E-03
    1320 1.0355E+00 7.4753E-04  (-0.307    ,  1.953E-03,   0.00    ) |  7.475E-04 6.104E-03
    1321 1.0362E+00 7.4752E-04  (-0.307    ,  1.953E-03,   0.00    ) |  7.475E-04 6.104E-03
    1322 1.0370E+00 7.4752E-04  (-0.307    ,  1.953E-03,   0.00    ) |  7.475E-04 6.104E-03
    1323 1.0377E+00 7.4751E-04  ( 0.307    , -1.953E-03,   0.00    ) |  7.475E-04 6.104E-03
    1324 1.0385E+00 7.4751E-04  ( 0.307    , -1.953E-03,   0.00    ) |  7.475E-04 6.104E-03
    1325 1.0392E+00 7.4751E-04  ( 0.307    , -1.953E-03,   0.00    ) |  7.475E-04 6.104E-03
    1326 1.0400E+00 7.4751E-04  ( 0.307    , -1.953E-03,   0.00    ) |  7.475E-04 6.104E-03
    1327 1.0407E+00 7.4750E-04  ( 0.307    , -1.953E-03,   0.00    ) |  7.475E-04 6.104E-03
    1328 1.0415E+00 7.4750E-04  ( 0.307    , -1.953E-03,   0.00    ) |  7.475E-04 6.104E-03
    1329 1.0422E+00 7.4750E-04  ( 0.307    , -1.953E-03,   0.00    ) |  7.475E-04 6.104E-03
    1330 1.0430E+00 7.4750E-04  ( 0.307    , -1.953E-03,   0.00    ) |  7.475E-04 6.104E-03
    1331 1.0437E+00 7.4750E-04  ( 0.307    , -1.953E-03,   0.00    ) |  7.475E-04 6.104E-03
    1332 1.0445E+00 7.4750E-04  ( 0.307    , -1.953E-03,   0.00    ) |  7.475E-04 6.104E-03
    1333 1.0452E+00 7.4750E-04  ( 0.307    , -1.953E-03,   0.00    ) |  7.475E-04 6.104E-03
    1334 1.0459E+00 7.4751E-04  ( 0.307    , -1.953E-03,   0.00    ) |  7.475E-04 6.104E-03
    1335 1.0467E+00 7.4751E-04  ( 0.307    , -1.953E-03,   0.00    ) |  7.475E-04 6.104E-03
    1336 1.0474E+00 7.4752E-04  ( 0.307    , -1.953E-03,   0.00    ) |  7.475E-04 6.104E-03
    1337 1.0482E+00 7.4752E-04  ( 0.307    , -1.953E-03,   0.00    ) |  7.475E-04 6.104E-03
    1338 1.0489E+00 7.4753E-04  ( 0.307    , -1.953E-03,   0.00    ) |  7.475E-04 6.104E-03
    1339 1.0497E+00 7.4753E-04  ( 0.307    , -1.953E-03,   0.00    ) |  7.475E-04 6.104E-03
 *** Wrote plotfile to flash_run_hdf5_plt_cnt_0042 ****
    1340 1.0504E+00 7.4754E-04  ( 0.303    , -1.953E-03,   0.00    ) |  7.475E-04 6.104E-03
    1341 1.0512E+00 7.4754E-04  ( 0.303    , -1.953E-03,   0.00    ) |  7.475E-04 6.104E-03
    1342 1.0519E+00 7.4755E-04  ( 0.303    , -1.953E-03,   0.00    ) |  7.475E-04 6.104E-03
    1343 1.0527E+00 7.4755E-04  ( 0.303    , -1.953E-03,   0.00    ) |  7.476E-04 6.104E-03
    1344 1.0534E+00 7.4756E-04  ( 0.303    , -1.953E-03,   0.00    ) |  7.476E-04 6.104E-03
    1345 1.0542E+00 7.4756E-04  ( 0.303    , -1.953E-03,   0.00    ) |  7.476E-04 6.104E-03
    1346 1.0549E+00 7.4756E-04  ( 0.303    , -1.953E-03,   0.00    ) |  7.476E-04 6.104E-03
    1347 1.0557E+00 7.4756E-04  ( 0.303    , -1.953E-03,   0.00    ) |  7.476E-04 6.104E-03
    1348 1.0564E+00 7.4757E-04  ( 0.303    , -1.953E-03,   0.00    ) |  7.476E-04 6.104E-03
    1349 1.0572E+00 7.4757E-04  (-0.303    , -1.953E-03,   0.00    ) |  7.476E-04 6.104E-03
    1350 1.0579E+00 7.4757E-04  (-0.303    ,  1.953E-03,   0.00    ) |  7.476E-04 6.104E-03
    1351 1.0587E+00 7.4757E-04  (-0.303    ,  1.953E-03,   0.00    ) |  7.476E-04 6.104E-03
    1352 1.0594E+00 7.4757E-04  (-0.303    , -1.953E-03,   0.00    ) |  7.476E-04 6.104E-03
    1353 1.0602E+00 7.4757E-04  (-0.303    , -1.953E-03,   0.00    ) |  7.476E-04 6.104E-03
    1354 1.0609E+00 7.4757E-04  (-0.303    , -1.953E-03,   0.00    ) |  7.476E-04 6.104E-03
    1355 1.0616E+00 7.4757E-04  (-0.303    , -1.953E-03,   0.00    ) |  7.476E-04 6.104E-03
    1356 1.0624E+00 7.4756E-04  (-0.303    , -1.953E-03,   0.00    ) |  7.476E-04 6.104E-03
    1357 1.0631E+00 7.4756E-04  (-0.303    , -1.953E-03,   0.00    ) |  7.476E-04 6.104E-03
    1358 1.0639E+00 7.4756E-04  ( 0.303    , -1.953E-03,   0.00    ) |  7.476E-04 6.104E-03
    1359 1.0646E+00 7.4755E-04  ( 0.303    , -1.953E-03,   0.00    ) |  7.476E-04 6.104E-03
    1360 1.0654E+00 7.4755E-04  ( 0.303    , -1.953E-03,   0.00    ) |  7.476E-04 6.104E-03
    1361 1.0661E+00 7.4755E-04  ( 0.303    , -1.953E-03,   0.00    ) |  7.475E-04 6.104E-03
    1362 1.0669E+00 7.4754E-04  ( 0.303    , -1.953E-03,   0.00    ) |  7.475E-04 6.104E-03
    1363 1.0676E+00 7.4754E-04  ( 0.303    , -1.953E-03,   0.00    ) |  7.475E-04 6.104E-03
    1364 1.0684E+00 7.4753E-04  (-0.303    , -1.953E-03,   0.00    ) |  7.475E-04 6.104E-03
    1365 1.0691E+00 7.4753E-04  (-0.303    , -1.953E-03,   0.00    ) |  7.475E-04 6.104E-03
    1366 1.0699E+00 7.4752E-04  (-0.303    , -1.953E-03,   0.00    ) |  7.475E-04 6.104E-03
    1367 1.0706E+00 7.4751E-04  (-0.303    , -1.953E-03,   0.00    ) |  7.475E-04 6.104E-03
    1368 1.0714E+00 7.4751E-04  (-0.303    , -1.953E-03,   0.00    ) |  7.475E-04 6.104E-03
    1369 1.0721E+00 7.4750E-04  (-0.303    , -1.953E-03,   0.00    ) |  7.475E-04 6.104E-03
    1370 1.0729E+00 7.4749E-04  (-0.303    , -1.953E-03,   0.00    ) |  7.475E-04 6.104E-03
    1371 1.0736E+00 7.4749E-04  (-0.303    , -1.953E-03,   0.00    ) |  7.475E-04 6.104E-03
    1372 1.0744E+00 7.4748E-04  (-0.303    , -1.953E-03,   0.00    ) |  7.475E-04 6.104E-03
 *** Wrote plotfile to flash_run_hdf5_plt_cnt_0043 ****
    1373 1.0751E+00 7.4747E-04  ( 0.303    , -1.953E-03,   0.00    ) |  7.475E-04 6.104E-03
    1374 1.0759E+00 7.4746E-04  (-0.303    , -1.953E-03,   0.00    ) |  7.475E-04 6.104E-03
    1375 1.0766E+00 7.4745E-04  ( 0.303    , -1.953E-03,   0.00    ) |  7.475E-04 6.104E-03
    1376 1.0773E+00 7.4745E-04  ( 0.303    , -1.953E-03,   0.00    ) |  7.474E-04 6.104E-03
    1377 1.0781E+00 7.4744E-04  ( 0.303    , -1.953E-03,   0.00    ) |  7.474E-04 6.104E-03
    1378 1.0788E+00 7.4743E-04  ( 0.303    , -1.953E-03,   0.00    ) |  7.474E-04 6.104E-03
    1379 1.0796E+00 7.4742E-04  ( 0.303    , -1.953E-03,   0.00    ) |  7.474E-04 6.104E-03
    1380 1.0803E+00 7.4741E-04  ( 0.303    , -1.953E-03,   0.00    ) |  7.474E-04 6.104E-03
    1381 1.0811E+00 7.4740E-04  ( 0.303    , -1.953E-03,   0.00    ) |  7.474E-04 6.104E-03
    1382 1.0818E+00 7.4739E-04  (-0.303    , -1.953E-03,   0.00    ) |  7.474E-04 6.104E-03
    1383 1.0826E+00 7.4738E-04  (-0.303    , -1.953E-03,   0.00    ) |  7.474E-04 6.104E-03
    1384 1.0833E+00 7.4737E-04  (-0.303    , -1.953E-03,   0.00    ) |  7.474E-04 6.104E-03
    1385 1.0841E+00 7.4736E-04  (-0.303    , -1.953E-03,   0.00    ) |  7.474E-04 6.104E-03
    1386 1.0848E+00 7.4735E-04  (-0.303    , -1.953E-03,   0.00    ) |  7.473E-04 6.104E-03
    1387 1.0856E+00 7.4734E-04  (-0.303    , -1.953E-03,   0.00    ) |  7.473E-04 6.104E-03
    1388 1.0863E+00 7.4733E-04  (-0.303    , -1.953E-03,   0.00    ) |  7.473E-04 6.104E-03
    1389 1.0871E+00 7.4732E-04  (-0.303    , -1.953E-03,   0.00    ) |  7.473E-04 6.104E-03
    1390 1.0878E+00 7.4731E-04  (-0.303    , -1.953E-03,   0.00    ) |  7.473E-04 6.104E-03
    1391 1.0886E+00 7.4730E-04  (-0.303    , -1.953E-03,   0.00    ) |  7.473E-04 6.104E-03
    1392 1.0893E+00 7.4729E-04  (-0.303    , -1.953E-03,   0.00    ) |  7.473E-04 6.104E-03
    1393 1.0901E+00 7.4728E-04  (-0.303    , -1.953E-03,   0.00    ) |  7.473E-04 6.104E-03
    1394 1.0908E+00 7.4727E-04  ( 0.303    , -1.953E-03,   0.00    ) |  7.473E-04 6.104E-03
    1395 1.0915E+00 7.4726E-04  ( 0.303    , -1.953E-03,   0.00    ) |  7.473E-04 6.104E-03
    1396 1.0923E+00 7.4725E-04  (-0.303    , -1.953E-03,   0.00    ) |  7.472E-04 6.104E-03
    1397 1.0930E+00 7.4724E-04  (-0.303    , -1.953E-03,   0.00    ) |  7.472E-04 6.104E-03
    1398 1.0938E+00 7.4722E-04  ( 0.303    , -1.953E-03,   0.00    ) |  7.472E-04 6.104E-03
    1399 1.0945E+00 7.4721E-04  (-0.303    , -1.953E-03,   0.00    ) |  7.472E-04 6.104E-03
    1400 1.0953E+00 7.4720E-04  ( 0.303    , -1.953E-03,   0.00    ) |  7.472E-04 6.104E-03
    1401 1.0960E+00 7.4719E-04  ( 0.303    , -1.953E-03,   0.00    ) |  7.472E-04 6.104E-03
    1402 1.0968E+00 7.4718E-04  ( 0.303    , -1.953E-03,   0.00    ) |  7.472E-04 6.104E-03
    1403 1.0975E+00 7.4717E-04  (-0.303    , -1.953E-03,   0.00    ) |  7.472E-04 6.104E-03
    1404 1.0983E+00 7.4716E-04  ( 0.303    , -1.953E-03,   0.00    ) |  7.472E-04 6.104E-03
    1405 1.0990E+00 7.4715E-04  (-0.303    , -1.953E-03,   0.00    ) |  7.472E-04 6.104E-03
    1406 1.0998E+00 7.4714E-04  (-0.303    , -1.953E-03,   0.00    ) |  7.471E-04 6.104E-03
 *** Wrote plotfile to flash_run_hdf5_plt_cnt_0044 ****
    1407 1.1005E+00 7.4713E-04  (-0.303    , -1.953E-03,   0.00    ) |  7.471E-04 6.104E-03
    1408 1.1013E+00 7.4712E-04  (-0.303    , -1.953E-03,   0.00    ) |  7.471E-04 6.104E-03
    1409 1.1020E+00 7.4711E-04  (-0.303    ,  1.953E-03,   0.00    ) |  7.471E-04 6.104E-03
    1410 1.1028E+00 7.4710E-04  (-0.303    , -1.953E-03,   0.00    ) |  7.471E-04 6.104E-03
    1411 1.1035E+00 7.4709E-04  ( 0.303    , -1.953E-03,   0.00    ) |  7.471E-04 6.104E-03
    1412 1.1042E+00 7.4708E-04  ( 0.303    , -1.953E-03,   0.00    ) |  7.471E-04 6.104E-03
    1413 1.1050E+00 7.4707E-04  ( 0.303    , -1.953E-03,   0.00    ) |  7.471E-04 6.104E-03
    1414 1.1057E+00 7.4706E-04  ( 0.303    , -1.953E-03,   0.00    ) |  7.471E-04 6.104E-03
    1415 1.1065E+00 7.4705E-04  ( 0.303    , -1.953E-03,   0.00    ) |  7.470E-04 6.104E-03
    1416 1.1072E+00 7.4704E-04  ( 0.303    , -1.953E-03,   0.00    ) |  7.470E-04 6.104E-03
    1417 1.1080E+00 7.4703E-04  ( 0.303    , -1.953E-03,   0.00    ) |  7.470E-04 6.104E-03
    1418 1.1087E+00 7.4702E-04  ( 0.303    , -1.953E-03,   0.00    ) |  7.470E-04 6.104E-03
    1419 1.1095E+00 7.4701E-04  ( 0.299    , -1.953E-03,   0.00    ) |  7.470E-04 6.104E-03
    1420 1.1102E+00 7.4700E-04  ( 0.299    , -1.953E-03,   0.00    ) |  7.470E-04 6.104E-03
    1421 1.1110E+00 7.4699E-04  ( 0.299    , -1.953E-03,   0.00    ) |  7.470E-04 6.104E-03
    1422 1.1117E+00 7.4698E-04  ( 0.299    , -1.953E-03,   0.00    ) |  7.470E-04 6.104E-03
    1423 1.1125E+00 7.4697E-04  ( 0.299    , -1.953E-03,   0.00    ) |  7.470E-04 6.104E-03
    1424 1.1132E+00 7.4696E-04  ( 0.299    , -1.953E-03,   0.00    ) |  7.470E-04 6.104E-03
    1425 1.1140E+00 7.4695E-04  ( 0.299    , -1.953E-03,   0.00    ) |  7.470E-04 6.104E-03
    1426 1.1147E+00 7.4694E-04  ( 0.299    , -1.953E-03,   0.00    ) |  7.469E-04 6.104E-03
    1427 1.1155E+00 7.4694E-04  ( 0.299    , -1.953E-03,   0.00    ) |  7.469E-04 6.104E-03
    1428 1.1162E+00 7.4693E-04  ( 0.299    , -1.953E-03,   0.00    ) |  7.469E-04 6.104E-03
    1429 1.1169E+00 7.4692E-04  ( 0.299    , -1.953E-03,   0.00    ) |  7.469E-04 6.104E-03
    1430 1.1177E+00 7.4691E-04  ( 0.299    , -1.953E-03,   0.00    ) |  7.469E-04 6.104E-03
    1431 1.1184E+00 7.4690E-04  ( 0.299    , -1.953E-03,   0.00    ) |  7.469E-04 6.104E-03
    1432 1.1192E+00 7.4689E-04  ( 0.299    , -1.953E-03,   0.00    ) |  7.469E-04 6.104E-03
    1433 1.1199E+00 7.4688E-04  ( 0.299    , -1.953E-03,   0.00    ) |  7.469E-04 6.104E-03
    1434 1.1207E+00 7.4688E-04  ( 0.299    , -1.953E-03,   0.00    ) |  7.469E-04 6.104E-03
    1435 1.1214E+00 7.4687E-04  ( 0.299    , -1.953E-03,   0.00    ) |  7.469E-04 6.104E-03
    1436 1.1222E+00 7.4686E-04  ( 0.299    , -1.953E-03,   0.00    ) |  7.469E-04 6.104E-03
    1437 1.1229E+00 7.4685E-04  ( 0.299    , -1.953E-03,   0.00    ) |  7.469E-04 6.104E-03
    1438 1.1237E+00 7.4684E-04  ( 0.299    , -1.953E-03,   0.00    ) |  7.468E-04 6.104E-03
    1439 1.1244E+00 7.4684E-04  ( 0.299    , -1.953E-03,   0.00    ) |  7.468E-04 6.104E-03
 *** Wrote plotfile to flash_run_hdf5_plt_cnt_0045 ****
    1440 1.1252E+00 7.4683E-04  ( 0.299    , -1.953E-03,   0.00    ) |  7.468E-04 6.104E-03
    1441 1.1259E+00 7.4682E-04  ( 0.299    , -1.953E-03,   0.00    ) |  7.468E-04 6.104E-03
    1442 1.1267E+00 7.4681E-04  ( 0.299    , -1.953E-03,   0.00    ) |  7.468E-04 6.104E-03
    1443 1.1274E+00 7.4681E-04  ( 0.299    , -1.953E-03,   0.00    ) |  7.468E-04 6.104E-03
    1444 1.1281E+00 7.4680E-04  ( 0.299    , -1.953E-03,   0.00    ) |  7.468E-04 6.104E-03
    1445 1.1289E+00 7.4679E-04  ( 0.299    , -1.953E-03,   0.00    ) |  7.468E-04 6.104E-03
    1446 1.1296E+00 7.4679E-04  ( 0.299    , -1.953E-03,   0.00    ) |  7.468E-04 6.104E-03
    1447 1.1304E+00 7.4678E-04  ( 0.299    , -1.953E-03,   0.00    ) |  7.468E-04 6.104E-03
    1448 1.1311E+00 7.4677E-04  ( 0.299    , -1.953E-03,   0.00    ) |  7.468E-04 6.104E-03
    1449 1.1319E+00 7.4677E-04  ( 0.299    , -1.953E-03,   0.00    ) |  7.468E-04 6.104E-03
    1450 1.1326E+00 7.4676E-04  ( 0.299    , -1.953E-03,   0.00    ) |  7.468E-04 6.104E-03
    1451 1.1334E+00 7.4676E-04  ( 0.299    , -1.953E-03,   0.00    ) |  7.468E-04 6.104E-03
    1452 1.1341E+00 7.4675E-04  ( 0.299    , -1.953E-03,   0.00    ) |  7.468E-04 6.104E-03
    1453 1.1349E+00 7.4675E-04  ( 0.299    , -1.953E-03,   0.00    ) |  7.467E-04 6.104E-03
    1454 1.1356E+00 7.4674E-04  ( 0.299    , -1.953E-03,   0.00    ) |  7.467E-04 6.104E-03
    1455 1.1364E+00 7.4673E-04  ( 0.299    , -1.953E-03,   0.00    ) |  7.467E-04 6.104E-03
    1456 1.1371E+00 7.4673E-04  ( 0.299    , -1.953E-03,   0.00    ) |  7.467E-04 6.104E-03
    1457 1.1379E+00 7.4672E-04  ( 0.299    , -1.953E-03,   0.00    ) |  7.467E-04 6.104E-03
    1458 1.1386E+00 7.4672E-04  ( 0.299    , -1.953E-03,   0.00    ) |  7.467E-04 6.104E-03
    1459 1.1394E+00 7.4672E-04  ( 0.299    , -1.953E-03,   0.00    ) |  7.467E-04 6.104E-03
    1460 1.1401E+00 7.4671E-04  ( 0.299    , -1.953E-03,   0.00    ) |  7.467E-04 6.104E-03
    1461 1.1408E+00 7.4671E-04  ( 0.299    , -1.953E-03,   0.00    ) |  7.467E-04 6.104E-03
    1462 1.1416E+00 7.4670E-04  ( 0.299    , -1.953E-03,   0.00    ) |  7.467E-04 6.104E-03
    1463 1.1423E+00 7.4670E-04  (-0.299    , -1.953E-03,   0.00    ) |  7.467E-04 6.104E-03
    1464 1.1431E+00 7.4669E-04  ( 0.299    , -1.953E-03,   0.00    ) |  7.467E-04 6.104E-03
    1465 1.1438E+00 7.4669E-04  (-0.299    , -1.953E-03,   0.00    ) |  7.467E-04 6.104E-03
    1466 1.1446E+00 7.4668E-04  (-0.299    , -1.953E-03,   0.00    ) |  7.467E-04 6.104E-03
    1467 1.1453E+00 7.4668E-04  (-0.299    , -1.953E-03,   0.00    ) |  7.467E-04 6.104E-03
    1468 1.1461E+00 7.4667E-04  (-0.299    ,  1.953E-03,   0.00    ) |  7.467E-04 6.104E-03
    1469 1.1468E+00 7.4667E-04  (-0.299    ,  1.953E-03,   0.00    ) |  7.467E-04 6.104E-03
    1470 1.1476E+00 7.4666E-04  (-0.299    ,  1.953E-03,   0.00    ) |  7.467E-04 6.104E-03
    1471 1.1483E+00 7.4666E-04  (-0.299    ,  1.953E-03,   0.00    ) |  7.467E-04 6.104E-03
    1472 1.1491E+00 7.4665E-04  (-0.299    , -1.953E-03,   0.00    ) |  7.466E-04 6.104E-03
    1473 1.1498E+00 7.4664E-04  (-0.299    ,  1.953E-03,   0.00    ) |  7.466E-04 6.104E-03
 *** Wrote plotfile to flash_run_hdf5_plt_cnt_0046 ****
    1474 1.1506E+00 7.4664E-04  (-0.299    ,  1.953E-03,   0.00    ) |  7.466E-04 6.104E-03
    1475 1.1513E+00 7.4663E-04  (-0.299    ,  1.953E-03,   0.00    ) |  7.466E-04 6.104E-03
    1476 1.1520E+00 7.4663E-04  (-0.299    , -1.953E-03,   0.00    ) |  7.466E-04 6.104E-03
    1477 1.1528E+00 7.4662E-04  (-0.299    ,  1.953E-03,   0.00    ) |  7.466E-04 6.104E-03
    1478 1.1535E+00 7.4661E-04  (-0.299    ,  1.953E-03,   0.00    ) |  7.466E-04 6.104E-03
    1479 1.1543E+00 7.4661E-04  (-0.299    , -1.953E-03,   0.00    ) |  7.466E-04 6.104E-03
    1480 1.1550E+00 7.4660E-04  (-0.299    , -1.953E-03,   0.00    ) |  7.466E-04 6.104E-03
    1481 1.1558E+00 7.4660E-04  (-0.299    , -1.953E-03,   0.00    ) |  7.466E-04 6.104E-03
    1482 1.1565E+00 7.4659E-04  (-0.299    , -1.953E-03,   0.00    ) |  7.466E-04 6.104E-03
    1483 1.1573E+00 7.4658E-04  (-0.299    , -1.953E-03,   0.00    ) |  7.466E-04 6.104E-03
    1484 1.1580E+00 7.4658E-04  (-0.299    , -1.953E-03,   0.00    ) |  7.466E-04 6.104E-03
    1485 1.1588E+00 7.4657E-04  (-0.299    ,  1.953E-03,   0.00    ) |  7.466E-04 6.104E-03
    1486 1.1595E+00 7.4656E-04  (-0.299    ,  1.953E-03,   0.00    ) |  7.466E-04 6.104E-03
    1487 1.1603E+00 7.4656E-04  (-0.299    , -1.953E-03,   0.00    ) |  7.466E-04 6.104E-03
    1488 1.1610E+00 7.4655E-04  (-0.299    , -1.953E-03,   0.00    ) |  7.466E-04 6.104E-03
    1489 1.1618E+00 7.4654E-04  (-0.299    ,  1.953E-03,   0.00    ) |  7.465E-04 6.104E-03
    1490 1.1625E+00 7.4654E-04  (-0.299    , -1.953E-03,   0.00    ) |  7.465E-04 6.104E-03
    1491 1.1632E+00 7.4653E-04  (-0.299    , -1.953E-03,   0.00    ) |  7.465E-04 6.104E-03
    1492 1.1640E+00 7.4653E-04  (-0.299    , -1.953E-03,   0.00    ) |  7.465E-04 6.104E-03
    1493 1.1647E+00 7.4652E-04  (-0.299    , -1.953E-03,   0.00    ) |  7.465E-04 6.104E-03
    1494 1.1655E+00 7.4652E-04  ( 0.299    ,  1.953E-03,   0.00    ) |  7.465E-04 6.104E-03
    1495 1.1662E+00 7.4651E-04  ( 0.299    ,  1.953E-03,   0.00    ) |  7.465E-04 6.104E-03
    1496 1.1670E+00 7.4651E-04  ( 0.299    ,  1.953E-03,   0.00    ) |  7.465E-04 6.104E-03
    1497 1.1677E+00 7.4650E-04  ( 0.299    ,  1.953E-03,   0.00    ) |  7.465E-04 6.104E-03
    1498 1.1685E+00 7.4650E-04  (-0.299    , -1.953E-03,   0.00    ) |  7.465E-04 6.104E-03
    1499 1.1692E+00 7.4649E-04  (-0.299    , -1.953E-03,   0.00    ) |  7.465E-04 6.104E-03
    1500 1.1700E+00 7.4649E-04  (-0.299    , -1.953E-03,   0.00    ) |  7.465E-04 6.104E-03
    1501 1.1707E+00 7.4649E-04  ( 0.299    ,  1.953E-03,   0.00    ) |  7.465E-04 6.104E-03
    1502 1.1715E+00 7.4649E-04  ( 0.299    ,  1.953E-03,   0.00    ) |  7.465E-04 6.104E-03
    1503 1.1722E+00 7.4648E-04  (-0.299    , -1.953E-03,   0.00    ) |  7.465E-04 6.104E-03
    1504 1.1729E+00 7.4648E-04  (-0.299    , -1.953E-03,   0.00    ) |  7.465E-04 6.104E-03
    1505 1.1737E+00 7.4648E-04  (-0.299    , -1.953E-03,   0.00    ) |  7.465E-04 6.104E-03
    1506 1.1744E+00 7.4648E-04  (-0.299    , -1.953E-03,   0.00    ) |  7.465E-04 6.104E-03
 *** Wrote plotfile to flash_run_hdf5_plt_cnt_0047 ****
    1507 1.1752E+00 7.4648E-04  (-0.299    , -1.953E-03,   0.00    ) |  7.465E-04 6.104E-03
    1508 1.1759E+00 7.4648E-04  (-0.299    , -1.953E-03,   0.00    ) |  7.465E-04 6.104E-03
    1509 1.1767E+00 7.4648E-04  (-0.299    , -1.953E-03,   0.00    ) |  7.465E-04 6.104E-03
    1510 1.1774E+00 7.4647E-04  (-0.299    , -1.953E-03,   0.00    ) |  7.465E-04 6.104E-03
    1511 1.1782E+00 7.4647E-04  (-0.299    , -1.953E-03,   0.00    ) |  7.465E-04 6.104E-03
    1512 1.1789E+00 7.4647E-04  (-0.299    , -1.953E-03,   0.00    ) |  7.465E-04 6.104E-03
    1513 1.1797E+00 7.4647E-04  (-0.299    , -1.953E-03,   0.00    ) |  7.465E-04 6.104E-03
    1514 1.1804E+00 7.4647E-04  (-0.299    , -1.953E-03,   0.00    ) |  7.465E-04 6.104E-03
    1515 1.1812E+00 7.4647E-04  (-0.299    , -1.953E-03,   0.00    ) |  7.465E-04 6.104E-03
    1516 1.1819E+00 7.4647E-04  (-0.299    , -1.953E-03,   0.00    ) |  7.465E-04 6.104E-03
    1517 1.1827E+00 7.4647E-04  (-0.299    , -1.953E-03,   0.00    ) |  7.465E-04 6.104E-03
    1518 1.1834E+00 7.4647E-04  (-0.295    ,  1.953E-03,   0.00    ) |  7.465E-04 6.104E-03
    1519 1.1841E+00 7.4647E-04  (-0.295    ,  1.953E-03,   0.00    ) |  7.465E-04 6.104E-03
    1520 1.1849E+00 7.4646E-04  (-0.295    ,  1.953E-03,   0.00    ) |  7.465E-04 6.104E-03
    1521 1.1856E+00 7.4646E-04  (-0.295    ,  1.953E-03,   0.00    ) |  7.465E-04 6.104E-03
    1522 1.1864E+00 7.4646E-04  ( 0.295    , -1.953E-03,   0.00    ) |  7.465E-04 6.104E-03
    1523 1.1871E+00 7.4646E-04  (-0.295    ,  1.953E-03,   0.00    ) |  7.465E-04 6.104E-03
    1524 1.1879E+00 7.4646E-04  ( 0.295    , -1.953E-03,   0.00    ) |  7.465E-04 6.104E-03
    1525 1.1886E+00 7.4646E-04  (-0.295    ,  1.953E-03,   0.00    ) |  7.465E-04 6.104E-03
    1526 1.1894E+00 7.4645E-04  ( 0.295    , -1.953E-03,   0.00    ) |  7.465E-04 6.104E-03
    1527 1.1901E+00 7.4645E-04  (-0.295    ,  1.953E-03,   0.00    ) |  7.465E-04 6.104E-03
    1528 1.1909E+00 7.4645E-04  (-0.295    ,  1.953E-03,   0.00    ) |  7.465E-04 6.104E-03
    1529 1.1916E+00 7.4645E-04  (-0.295    ,  1.953E-03,   0.00    ) |  7.464E-04 6.104E-03
    1530 1.1924E+00 7.4645E-04  (-0.295    ,  1.953E-03,   0.00    ) |  7.464E-04 6.104E-03
    1531 1.1931E+00 7.4645E-04  (-0.295    ,  1.953E-03,   0.00    ) |  7.464E-04 6.104E-03
    1532 1.1938E+00 7.4644E-04  ( 0.295    ,  1.953E-03,   0.00    ) |  7.464E-04 6.104E-03
    1533 1.1946E+00 7.4644E-04  ( 0.295    ,  1.953E-03,   0.00    ) |  7.464E-04 6.104E-03
    1534 1.1953E+00 7.4644E-04  ( 0.295    ,  1.953E-03,   0.00    ) |  7.464E-04 6.104E-03
    1535 1.1961E+00 7.4644E-04  ( 0.295    ,  1.953E-03,   0.00    ) |  7.464E-04 6.104E-03
    1536 1.1968E+00 7.4644E-04  (-0.295    ,  1.953E-03,   0.00    ) |  7.464E-04 6.104E-03
    1537 1.1976E+00 7.4644E-04  (-0.295    ,  1.953E-03,   0.00    ) |  7.464E-04 6.104E-03
    1538 1.1983E+00 7.4643E-04  ( 0.295    ,  1.953E-03,   0.00    ) |  7.464E-04 6.104E-03
    1539 1.1991E+00 7.4643E-04  ( 0.295    ,  1.953E-03,   0.00    ) |  7.464E-04 6.104E-03
    1540 1.1998E+00 7.4643E-04  ( 0.295    ,  1.953E-03,   0.00    ) |  7.464E-04 6.104E-03
Shortening dt from 7.4642950084626773048E-04 to 1.7970292806146481723E-04 for reaching tmax=  1.199999999999999956    
 *** Wrote plotfile to flash_run_hdf5_plt_cnt_0048 ****
    1541 1.2000E+00 2.1564E-04  ( 0.295    ,  1.953E-03,   0.00    ) |  7.464E-04 6.104E-03
 *** Wrote checkpoint file to flash_run_hdf5_chk_0001 ****
 *** Wrote plotfile to flash_run_forced_hdf5_plt_cnt_0000 ****
