hwloc/linux: failed to find sysfs cpu topology directory, aborting linux discovery.
hwloc/linux: failed to find sysfs cpu topology directory, aborting linux discovery.
hwloc/linux: failed to find sysfs cpu topology directory, aborting linux discovery.
hwloc/linux: failed to find sysfs cpu topology directory, aborting linux discovery.
hwloc/linux: failed to find sysfs cpu topology directory, aborting linux discovery.
hwloc/linux: failed to find sysfs cpu topology directory, aborting linux discovery.
hwloc/linux: failed to find sysfs cpu topology directory, aborting linux discovery.
hwloc/linux: failed to find sysfs cpu topology directory, aborting linux discovery.
hwloc/linux: failed to find sysfs cpu topology directory, aborting linux discovery.
hwloc/linux: failed to find sysfs cpu topology directory, aborting linux discovery.
[1791437574.992068] [Rog-GA401:9    :0]       tcp_iface.c:893  UCX  ERROR scandir(/sys/class/net) failed: No such file or directory
[1791437574.992068] [Rog-GA401:10   :0]       tcp_iface.c:893  UCX  ERROR scandir(/sys/class/net) failed: No such file or directory
[1791437574.992184] [Rog-GA401:7    :0]       tcp_iface.c:893  UCX  ERROR scandir(/sys/class/net) failed: No such file or directory
[1791437574.993141] [Rog-GA401:8    :0]       tcp_iface.c:893  UCX  ERROR scandir(/sys/class/net) failed: No such file or directory
 MaterialProperties initialized
 Cosmology initialized
 Source terms initialized
  Finished with Grid_initDomain, no restart
 Ready to call Hydro_init
 Hydro initialized
 Gravity initialized
 Initial dt verified
 *** Wrote checkpoint file to flash_run_hdf5_chk_0000 ****
 *** Wrote plotfile to flash_run_hdf5_plt_cnt_0000 ****
 Initial plotfile written
 Driver init all done
       n          t         dt  (         x,          y,          z) |  dt_hydro  dt_Diff  
       1 1.0000E-06 1.2000E-06  (-1.953E-03, -5.273E-02,   0.00    ) |  4.642E-04 6.104E-03
       2 2.2000E-06 1.4400E-06  (-1.953E-03, -5.273E-02,   0.00    ) |  4.642E-04 6.104E-03
       3 3.6400E-06 1.7280E-06  (-1.953E-03, -5.273E-02,   0.00    ) |  4.642E-04 6.104E-03
       4 5.3680E-06 2.0736E-06  (-1.953E-03, -5.273E-02,   0.00    ) |  4.642E-04 6.104E-03
       5 7.4416E-06 2.4883E-06  (-1.953E-03, -5.273E-02,   0.00    ) |  4.642E-04 6.104E-03
       6 9.9299E-06 2.9860E-06  (-1.953E-03, -5.273E-02,   0.00    ) |  4.642E-04 6.104E-03
       7 1.2916E-05 3.5832E-06  (-1.953E-03, -5.273E-02,   0.00    ) |  4.642E-04 6.104E-03
       8 1.6499E-05 4.2998E-06  (-1.953E-03, -5.273E-02,   0.00    ) |  4.642E-04 6.104E-03
       9 2.0799E-05 5.1598E-06  (-1.953E-03, -5.273E-02,   0.00    ) |  4.642E-04 6.104E-03
      10 2.5959E-05 6.1917E-06  (-1.953E-03, -5.273E-02,   0.00    ) |  4.642E-04 6.104E-03
      11 3.2150E-05 7.4301E-06  (-1.953E-03, -5.273E-02,   0.00    ) |  4.642E-04 6.104E-03
      12 3.9581E-05 8.9161E-06  (-1.953E-03, -5.273E-02,   0.00    ) |  4.642E-04 6.104E-03
      13 4.8497E-05 1.0699E-05  (-1.953E-03, -5.273E-02,   0.00    ) |  4.642E-04 6.104E-03
      14 5.9196E-05 1.2839E-05  (-1.953E-03, -5.273E-02,   0.00    ) |  4.642E-04 6.104E-03
      15 7.2035E-05 1.5407E-05  (-1.953E-03, -5.273E-02,   0.00    ) |  4.642E-04 6.104E-03
      16 8.7442E-05 1.8488E-05  (-1.953E-03, -5.273E-02,   0.00    ) |  4.642E-04 6.104E-03
      17 1.0593E-04 2.2186E-05  (-1.953E-03, -5.273E-02,   0.00    ) |  4.642E-04 6.104E-03
      18 1.2812E-04 2.6623E-05  (-1.953E-03, -5.273E-02,   0.00    ) |  4.642E-04 6.104E-03
      19 1.5474E-04 3.1948E-05  (-1.953E-03, -5.273E-02,   0.00    ) |  4.642E-04 6.104E-03
      20 1.8669E-04 3.8338E-05  (-1.953E-03, -5.273E-02,   0.00    ) |  4.642E-04 6.104E-03
      21 2.2503E-04 4.6005E-05  (-1.953E-03, -5.273E-02,   0.00    ) |  4.642E-04 6.104E-03
      22 2.7103E-04 5.5206E-05  ( 1.953E-03, -5.273E-02,   0.00    ) |  4.642E-04 6.104E-03
      23 3.2624E-04 6.6247E-05  (-1.953E-03, -5.273E-02,   0.00    ) |  4.642E-04 6.104E-03
      24 3.9248E-04 7.9497E-05  ( 1.953E-03, -5.273E-02,   0.00    ) |  4.642E-04 6.104E-03
      25 4.7198E-04 9.5396E-05  (-1.953E-03, -5.273E-02,   0.00    ) |  4.642E-04 6.104E-03
      26 5.6738E-04 1.1448E-04  (-1.953E-03, -5.273E-02,   0.00    ) |  4.642E-04 6.104E-03
      27 6.8185E-04 1.3737E-04  (-1.953E-03, -5.273E-02,   0.00    ) |  4.642E-04 6.104E-03
      28 8.1922E-04 1.6484E-04  (-1.953E-03, -5.273E-02,   0.00    ) |  4.642E-04 6.104E-03
      29 9.8407E-04 1.9781E-04  (-1.953E-03, -5.273E-02,   0.00    ) |  4.642E-04 6.104E-03
      30 1.1819E-03 2.3738E-04  (-1.953E-03,  5.273E-02,   0.00    ) |  4.642E-04 6.104E-03
      31 1.4193E-03 2.8485E-04  (-1.953E-03, -5.273E-02,   0.00    ) |  4.642E-04 6.104E-03
      32 1.7041E-03 3.4182E-04  (-1.953E-03, -5.273E-02,   0.00    ) |  4.642E-04 6.104E-03
      33 2.0459E-03 4.1019E-04  (-1.953E-03, -5.273E-02,   0.00    ) |  4.642E-04 6.104E-03
      34 2.4561E-03 4.6423E-04  (-1.953E-03, -5.273E-02,   0.00    ) |  4.642E-04 6.104E-03
      35 2.9203E-03 4.6423E-04  (-1.953E-03, -5.273E-02,   0.00    ) |  4.642E-04 6.104E-03
      36 3.3846E-03 4.6424E-04  (-1.953E-03, -5.273E-02,   0.00    ) |  4.642E-04 6.104E-03
      37 3.8488E-03 4.6424E-04  (-1.953E-03, -5.273E-02,   0.00    ) |  4.642E-04 6.104E-03
      38 4.3131E-03 4.6425E-04  (-1.953E-03, -5.273E-02,   0.00    ) |  4.642E-04 6.104E-03
      39 4.7773E-03 4.6425E-04  (-1.953E-03, -5.273E-02,   0.00    ) |  4.642E-04 6.104E-03
      40 5.2416E-03 4.6425E-04  (-1.953E-03,  5.273E-02,   0.00    ) |  4.642E-04 6.104E-03
      41 5.7058E-03 4.6425E-04  (-1.953E-03, -5.273E-02,   0.00    ) |  4.643E-04 6.104E-03
      42 6.1701E-03 4.6425E-04  (-1.953E-03,  5.273E-02,   0.00    ) |  4.643E-04 6.104E-03
      43 6.6343E-03 4.6425E-04  (-1.953E-03,  5.273E-02,   0.00    ) |  4.643E-04 6.104E-03
      44 7.0986E-03 4.6426E-04  (-1.953E-03, -5.273E-02,   0.00    ) |  4.643E-04 6.104E-03
      45 7.5628E-03 4.6426E-04  (-1.953E-03, -5.273E-02,   0.00    ) |  4.643E-04 6.104E-03
      46 8.0271E-03 4.6426E-04  (-1.953E-03, -5.273E-02,   0.00    ) |  4.643E-04 6.104E-03
      47 8.4913E-03 4.6426E-04  (-1.953E-03, -5.273E-02,   0.00    ) |  4.643E-04 6.104E-03
      48 8.9556E-03 4.6427E-04  (-1.953E-03,  5.273E-02,   0.00    ) |  4.643E-04 6.104E-03
      49 9.4199E-03 4.6427E-04  (-1.953E-03,  5.273E-02,   0.00    ) |  4.643E-04 6.104E-03
      50 9.8841E-03 4.6427E-04  (-1.953E-03,  5.273E-02,   0.00    ) |  4.643E-04 6.104E-03
      51 1.0348E-02 4.6427E-04  (-1.953E-03,  5.273E-02,   0.00    ) |  4.643E-04 6.104E-03
      52 1.0813E-02 4.6428E-04  (-1.953E-03, -5.273E-02,   0.00    ) |  4.643E-04 6.104E-03
      53 1.1277E-02 4.6428E-04  (-1.953E-03,  5.273E-02,   0.00    ) |  4.643E-04 6.104E-03
      54 1.1741E-02 4.6428E-04  (-1.953E-03, -5.273E-02,   0.00    ) |  4.643E-04 6.104E-03
      55 1.2206E-02 4.6429E-04  (-1.953E-03,  5.273E-02,   0.00    ) |  4.643E-04 6.104E-03
      56 1.2670E-02 4.6429E-04  (-1.953E-03,  5.273E-02,   0.00    ) |  4.643E-04 6.104E-03
      57 1.3134E-02 4.6429E-04  (-1.953E-03,  5.273E-02,   0.00    ) |  4.643E-04 6.104E-03
      58 1.3598E-02 4.6430E-04  (-1.953E-03, -5.273E-02,   0.00    ) |  4.643E-04 6.104E-03
      59 1.4063E-02 4.6430E-04  (-1.953E-03,  5.273E-02,   0.00    ) |  4.643E-04 6.104E-03
      60 1.4527E-02 4.6430E-04  (-1.953E-03, -5.273E-02,   0.00    ) |  4.643E-04 6.104E-03
      61 1.4991E-02 4.6431E-04  (-1.953E-03, -5.273E-02,   0.00    ) |  4.643E-04 6.104E-03
      62 1.5456E-02 4.6431E-04  (-1.953E-03, -5.273E-02,   0.00    ) |  4.643E-04 6.104E-03
      63 1.5920E-02 4.6431E-04  (-1.953E-03, -5.273E-02,   0.00    ) |  4.643E-04 6.104E-03
      64 1.6384E-02 4.6431E-04  (-1.953E-03, -5.273E-02,   0.00    ) |  4.643E-04 6.104E-03
      65 1.6849E-02 4.6431E-04  (-1.953E-03, -5.273E-02,   0.00    ) |  4.643E-04 6.104E-03
      66 1.7313E-02 4.6431E-04  (-1.953E-03,  5.273E-02,   0.00    ) |  4.643E-04 6.104E-03
      67 1.7777E-02 4.6431E-04  (-1.953E-03,  5.273E-02,   0.00    ) |  4.643E-04 6.104E-03
      68 1.8241E-02 4.6431E-04  (-1.953E-03,  5.273E-02,   0.00    ) |  4.643E-04 6.104E-03
      69 1.8706E-02 4.6431E-04  (-1.953E-03, -5.273E-02,   0.00    ) |  4.643E-04 6.104E-03
      70 1.9170E-02 4.6430E-04  (-1.953E-03, -5.273E-02,   0.00    ) |  4.643E-04 6.104E-03
      71 1.9634E-02 4.6430E-04  (-1.953E-03, -5.273E-02,   0.00    ) |  4.643E-04 6.104E-03
      72 2.0099E-02 4.6430E-04  (-1.953E-03, -5.273E-02,   0.00    ) |  4.643E-04 6.104E-03
      73 2.0563E-02 4.6429E-04  (-1.953E-03, -5.273E-02,   0.00    ) |  4.643E-04 6.104E-03
      74 2.1027E-02 4.6428E-04  (-1.953E-03, -5.273E-02,   0.00    ) |  4.643E-04 6.104E-03
      75 2.1492E-02 4.6428E-04  (-1.953E-03, -5.273E-02,   0.00    ) |  4.643E-04 6.104E-03
      76 2.1956E-02 4.6427E-04  (-1.953E-03,  5.273E-02,   0.00    ) |  4.643E-04 6.104E-03
      77 2.2420E-02 4.6426E-04  (-1.953E-03, -5.273E-02,   0.00    ) |  4.643E-04 6.104E-03
      78 2.2884E-02 4.6425E-04  (-1.953E-03,  5.273E-02,   0.00    ) |  4.643E-04 6.104E-03
      79 2.3349E-02 4.6424E-04  (-1.953E-03,  5.273E-02,   0.00    ) |  4.642E-04 6.104E-03
      80 2.3813E-02 4.6423E-04  (-1.953E-03,  5.273E-02,   0.00    ) |  4.642E-04 6.104E-03
      81 2.4277E-02 4.6422E-04  (-1.953E-03,  5.273E-02,   0.00    ) |  4.642E-04 6.104E-03
      82 2.4741E-02 4.6421E-04  (-1.953E-03,  5.273E-02,   0.00    ) |  4.642E-04 6.104E-03
 *** Wrote plotfile to flash_run_hdf5_plt_cnt_0001 ****
      83 2.5206E-02 4.6420E-04  (-1.953E-03,  5.273E-02,   0.00    ) |  4.642E-04 6.104E-03
      84 2.5670E-02 4.6418E-04  (-1.953E-03,  5.273E-02,   0.00    ) |  4.642E-04 6.104E-03
      85 2.6134E-02 4.6417E-04  (-1.953E-03,  5.273E-02,   0.00    ) |  4.642E-04 6.104E-03
      86 2.6598E-02 4.6415E-04  (-1.953E-03,  5.273E-02,   0.00    ) |  4.642E-04 6.104E-03
      87 2.7062E-02 4.6414E-04  (-1.953E-03,  5.273E-02,   0.00    ) |  4.641E-04 6.104E-03
      88 2.7526E-02 4.6413E-04  (-1.953E-03,  5.273E-02,   0.00    ) |  4.641E-04 6.104E-03
      89 2.7990E-02 4.6411E-04  (-1.953E-03, -5.273E-02,   0.00    ) |  4.641E-04 6.104E-03
      90 2.8455E-02 4.6410E-04  (-1.953E-03, -5.273E-02,   0.00    ) |  4.641E-04 6.104E-03
      91 2.8919E-02 4.6408E-04  (-1.953E-03, -5.273E-02,   0.00    ) |  4.641E-04 6.104E-03
      92 2.9383E-02 4.6407E-04  (-1.953E-03, -5.273E-02,   0.00    ) |  4.641E-04 6.104E-03
      93 2.9847E-02 4.6405E-04  (-1.953E-03,  5.273E-02,   0.00    ) |  4.641E-04 6.104E-03
      94 3.0311E-02 4.6404E-04  (-1.953E-03,  5.273E-02,   0.00    ) |  4.640E-04 6.104E-03
      95 3.0775E-02 4.6402E-04  (-1.953E-03, -5.273E-02,   0.00    ) |  4.640E-04 6.104E-03
      96 3.1239E-02 4.6401E-04  (-1.953E-03, -5.273E-02,   0.00    ) |  4.640E-04 6.104E-03
      97 3.1703E-02 4.6399E-04  (-1.953E-03, -5.273E-02,   0.00    ) |  4.640E-04 6.104E-03
      98 3.2167E-02 4.6398E-04  (-1.953E-03, -5.273E-02,   0.00    ) |  4.640E-04 6.104E-03
      99 3.2631E-02 4.6396E-04  (-1.953E-03, -5.273E-02,   0.00    ) |  4.640E-04 6.104E-03
     100 3.3095E-02 4.6395E-04  (-1.953E-03, -5.273E-02,   0.00    ) |  4.639E-04 6.104E-03
     101 3.3559E-02 4.6393E-04  (-1.953E-03, -5.273E-02,   0.00    ) |  4.639E-04 6.104E-03
     102 3.4023E-02 4.6392E-04  (-1.953E-03, -5.273E-02,   0.00    ) |  4.639E-04 6.104E-03
     103 3.4487E-02 4.6390E-04  (-1.953E-03, -5.273E-02,   0.00    ) |  4.639E-04 6.104E-03
     104 3.4951E-02 4.6389E-04  (-1.953E-03, -5.273E-02,   0.00    ) |  4.639E-04 6.104E-03
     105 3.5414E-02 4.6387E-04  (-1.953E-03, -5.273E-02,   0.00    ) |  4.639E-04 6.104E-03
     106 3.5878E-02 4.6386E-04  (-1.953E-03, -5.273E-02,   0.00    ) |  4.639E-04 6.104E-03
     107 3.6342E-02 4.6384E-04  (-1.953E-03, -5.273E-02,   0.00    ) |  4.638E-04 6.104E-03
     108 3.6806E-02 4.6383E-04  (-1.953E-03, -5.273E-02,   0.00    ) |  4.638E-04 6.104E-03
     109 3.7270E-02 4.6382E-04  (-1.953E-03, -5.273E-02,   0.00    ) |  4.638E-04 6.104E-03
     110 3.7734E-02 4.6380E-04  (-1.953E-03, -5.273E-02,   0.00    ) |  4.638E-04 6.104E-03
     111 3.8197E-02 4.6379E-04  (-1.953E-03, -5.273E-02,   0.00    ) |  4.638E-04 6.104E-03
     112 3.8661E-02 4.6378E-04  (-1.953E-03, -5.273E-02,   0.00    ) |  4.638E-04 6.104E-03
     113 3.9125E-02 4.6376E-04  (-1.953E-03, -5.273E-02,   0.00    ) |  4.638E-04 6.104E-03
     114 3.9589E-02 4.6375E-04  (-1.953E-03, -5.273E-02,   0.00    ) |  4.638E-04 6.104E-03
     115 4.0053E-02 4.6374E-04  (-1.953E-03, -5.273E-02,   0.00    ) |  4.637E-04 6.104E-03
     116 4.0516E-02 4.6372E-04  (-1.953E-03, -5.273E-02,   0.00    ) |  4.637E-04 6.104E-03
     117 4.0980E-02 4.6371E-04  (-1.953E-03, -5.273E-02,   0.00    ) |  4.637E-04 6.104E-03
     118 4.1444E-02 4.6370E-04  (-1.953E-03, -5.273E-02,   0.00    ) |  4.637E-04 6.104E-03
     119 4.1907E-02 4.6369E-04  (-1.953E-03, -5.273E-02,   0.00    ) |  4.637E-04 6.104E-03
     120 4.2371E-02 4.6368E-04  (-1.953E-03, -5.273E-02,   0.00    ) |  4.637E-04 6.104E-03
     121 4.2835E-02 4.6366E-04  (-1.953E-03, -5.273E-02,   0.00    ) |  4.637E-04 6.104E-03
     122 4.3298E-02 4.6365E-04  (-1.953E-03, -5.273E-02,   0.00    ) |  4.637E-04 6.104E-03
     123 4.3762E-02 4.6364E-04  (-1.953E-03, -5.273E-02,   0.00    ) |  4.636E-04 6.104E-03
     124 4.4226E-02 4.6363E-04  (-1.953E-03, -5.273E-02,   0.00    ) |  4.636E-04 6.104E-03
     125 4.4689E-02 4.6362E-04  (-1.953E-03, -5.273E-02,   0.00    ) |  4.636E-04 6.104E-03
     126 4.5153E-02 4.6361E-04  (-1.953E-03, -5.273E-02,   0.00    ) |  4.636E-04 6.104E-03
     127 4.5617E-02 4.6360E-04  (-1.953E-03,  5.273E-02,   0.00    ) |  4.636E-04 6.104E-03
     128 4.6080E-02 4.6359E-04  (-1.953E-03, -5.273E-02,   0.00    ) |  4.636E-04 6.104E-03
     129 4.6544E-02 4.6358E-04  (-1.953E-03, -5.273E-02,   0.00    ) |  4.636E-04 6.104E-03
     130 4.7007E-02 4.6357E-04  (-1.953E-03, -5.273E-02,   0.00    ) |  4.636E-04 6.104E-03
     131 4.7471E-02 4.6356E-04  (-1.953E-03, -5.273E-02,   0.00    ) |  4.636E-04 6.104E-03
     132 4.7935E-02 4.6355E-04  (-1.953E-03, -5.273E-02,   0.00    ) |  4.635E-04 6.104E-03
     133 4.8398E-02 4.6354E-04  (-1.953E-03, -5.273E-02,   0.00    ) |  4.635E-04 6.104E-03
     134 4.8862E-02 4.6353E-04  (-1.953E-03, -5.273E-02,   0.00    ) |  4.635E-04 6.104E-03
     135 4.9325E-02 4.6352E-04  (-1.953E-03, -5.273E-02,   0.00    ) |  4.635E-04 6.104E-03
     136 4.9789E-02 4.6351E-04  (-1.953E-03, -5.273E-02,   0.00    ) |  4.635E-04 6.104E-03
 *** Wrote plotfile to flash_run_hdf5_plt_cnt_0002 ****
     137 5.0252E-02 4.6350E-04  (-1.953E-03, -5.273E-02,   0.00    ) |  4.635E-04 6.104E-03
     138 5.0716E-02 4.6349E-04  (-1.953E-03, -5.273E-02,   0.00    ) |  4.635E-04 6.104E-03
     139 5.1179E-02 4.6348E-04  (-1.953E-03, -5.273E-02,   0.00    ) |  4.635E-04 6.104E-03
     140 5.1643E-02 4.6348E-04  (-1.953E-03, -5.273E-02,   0.00    ) |  4.635E-04 6.104E-03
     141 5.2106E-02 4.6347E-04  (-1.953E-03, -5.273E-02,   0.00    ) |  4.635E-04 6.104E-03
     142 5.2570E-02 4.6346E-04  (-1.953E-03, -5.273E-02,   0.00    ) |  4.635E-04 6.104E-03
     143 5.3033E-02 4.6345E-04  (-1.953E-03, -5.273E-02,   0.00    ) |  4.634E-04 6.104E-03
     144 5.3497E-02 4.6344E-04  (-1.953E-03, -5.273E-02,   0.00    ) |  4.634E-04 6.104E-03
     145 5.3960E-02 4.6343E-04  (-1.953E-03, -5.273E-02,   0.00    ) |  4.634E-04 6.104E-03
     146 5.4423E-02 4.6342E-04  (-1.953E-03, -5.273E-02,   0.00    ) |  4.634E-04 6.104E-03
     147 5.4887E-02 4.6342E-04  (-1.953E-03, -5.273E-02,   0.00    ) |  4.634E-04 6.104E-03
     148 5.5350E-02 4.6341E-04  (-1.953E-03, -5.273E-02,   0.00    ) |  4.634E-04 6.104E-03
     149 5.5814E-02 4.6340E-04  (-1.953E-03, -5.273E-02,   0.00    ) |  4.634E-04 6.104E-03
     150 5.6277E-02 4.6339E-04  (-1.953E-03, -5.273E-02,   0.00    ) |  4.634E-04 6.104E-03
     151 5.6740E-02 4.6339E-04  (-1.953E-03, -5.273E-02,   0.00    ) |  4.634E-04 6.104E-03
     152 5.7204E-02 4.6338E-04  (-1.953E-03, -5.273E-02,   0.00    ) |  4.634E-04 6.104E-03
     153 5.7667E-02 4.6337E-04  (-1.953E-03, -5.273E-02,   0.00    ) |  4.634E-04 6.104E-03
     154 5.8131E-02 4.6336E-04  (-1.953E-03, -5.273E-02,   0.00    ) |  4.634E-04 6.104E-03
     155 5.8594E-02 4.6336E-04  (-1.953E-03, -5.273E-02,   0.00    ) |  4.634E-04 6.104E-03
     156 5.9057E-02 4.6335E-04  (-1.953E-03, -5.273E-02,   0.00    ) |  4.634E-04 6.104E-03
     157 5.9521E-02 4.6334E-04  (-1.953E-03, -5.273E-02,   0.00    ) |  4.633E-04 6.104E-03
     158 5.9984E-02 4.6334E-04  (-1.953E-03, -5.273E-02,   0.00    ) |  4.633E-04 6.104E-03
     159 6.0447E-02 4.6333E-04  (-1.953E-03, -5.273E-02,   0.00    ) |  4.633E-04 6.104E-03
     160 6.0911E-02 4.6333E-04  (-1.953E-03, -5.273E-02,   0.00    ) |  4.633E-04 6.104E-03
     161 6.1374E-02 4.6332E-04  (-1.953E-03, -5.273E-02,   0.00    ) |  4.633E-04 6.104E-03
     162 6.1837E-02 4.6331E-04  (-1.953E-03, -5.273E-02,   0.00    ) |  4.633E-04 6.104E-03
     163 6.2301E-02 4.6331E-04  (-1.953E-03, -5.273E-02,   0.00    ) |  4.633E-04 6.104E-03
     164 6.2764E-02 4.6330E-04  (-1.953E-03, -5.273E-02,   0.00    ) |  4.633E-04 6.104E-03
     165 6.3227E-02 4.6329E-04  (-1.953E-03, -5.273E-02,   0.00    ) |  4.633E-04 6.104E-03
     166 6.3691E-02 4.6329E-04  (-1.953E-03, -5.273E-02,   0.00    ) |  4.633E-04 6.104E-03
     167 6.4154E-02 4.6328E-04  (-1.953E-03, -5.273E-02,   0.00    ) |  4.633E-04 6.104E-03
     168 6.4617E-02 4.6327E-04  (-1.953E-03, -5.273E-02,   0.00    ) |  4.633E-04 6.104E-03
     169 6.5080E-02 4.6327E-04  (-1.953E-03, -5.273E-02,   0.00    ) |  4.633E-04 6.104E-03
     170 6.5544E-02 4.6326E-04  (-1.953E-03, -5.273E-02,   0.00    ) |  4.633E-04 6.104E-03
     171 6.6007E-02 4.6326E-04  (-1.953E-03, -5.273E-02,   0.00    ) |  4.633E-04 6.104E-03
     172 6.6470E-02 4.6325E-04  (-1.953E-03, -5.273E-02,   0.00    ) |  4.632E-04 6.104E-03
     173 6.6933E-02 4.6324E-04  (-1.953E-03, -5.273E-02,   0.00    ) |  4.632E-04 6.104E-03
     174 6.7397E-02 4.6324E-04  (-1.953E-03, -5.273E-02,   0.00    ) |  4.632E-04 6.104E-03
     175 6.7860E-02 4.6323E-04  (-1.953E-03, -5.273E-02,   0.00    ) |  4.632E-04 6.104E-03
     176 6.8323E-02 4.6323E-04  (-1.953E-03, -5.273E-02,   0.00    ) |  4.632E-04 6.104E-03
     177 6.8786E-02 4.6322E-04  (-1.953E-03, -5.273E-02,   0.00    ) |  4.632E-04 6.104E-03
     178 6.9250E-02 4.6321E-04  (-1.953E-03, -5.273E-02,   0.00    ) |  4.632E-04 6.104E-03
     179 6.9713E-02 4.6321E-04  (-1.953E-03, -5.273E-02,   0.00    ) |  4.632E-04 6.104E-03
     180 7.0176E-02 4.6320E-04  (-1.953E-03, -5.273E-02,   0.00    ) |  4.632E-04 6.104E-03
     181 7.0639E-02 4.6320E-04  (-1.953E-03, -5.273E-02,   0.00    ) |  4.632E-04 6.104E-03
     182 7.1102E-02 4.6319E-04  (-1.953E-03, -5.273E-02,   0.00    ) |  4.632E-04 6.104E-03
     183 7.1566E-02 4.6319E-04  (-1.953E-03, -5.273E-02,   0.00    ) |  4.632E-04 6.104E-03
     184 7.2029E-02 4.6318E-04  (-1.953E-03, -5.273E-02,   0.00    ) |  4.632E-04 6.104E-03
     185 7.2492E-02 4.6318E-04  (-1.953E-03, -5.273E-02,   0.00    ) |  4.632E-04 6.104E-03
     186 7.2955E-02 4.6317E-04  (-1.953E-03, -5.273E-02,   0.00    ) |  4.632E-04 6.104E-03
     187 7.3418E-02 4.6317E-04  (-1.953E-03, -5.273E-02,   0.00    ) |  4.632E-04 6.104E-03
     188 7.3881E-02 4.6316E-04  (-1.953E-03, -5.273E-02,   0.00    ) |  4.632E-04 6.104E-03
     189 7.4345E-02 4.6316E-04  (-1.953E-03, -5.273E-02,   0.00    ) |  4.632E-04 6.104E-03
     190 7.4808E-02 4.6315E-04  (-1.953E-03, -5.273E-02,   0.00    ) |  4.632E-04 6.104E-03
 *** Wrote plotfile to flash_run_hdf5_plt_cnt_0003 ****
     191 7.5271E-02 4.6315E-04  (-1.953E-03, -5.273E-02,   0.00    ) |  4.631E-04 6.104E-03
     192 7.5734E-02 4.6314E-04  (-1.953E-03, -5.273E-02,   0.00    ) |  4.631E-04 6.104E-03
     193 7.6197E-02 4.6314E-04  (-1.953E-03, -5.273E-02,   0.00    ) |  4.631E-04 6.104E-03
     194 7.6660E-02 4.6314E-04  (-1.953E-03, -5.273E-02,   0.00    ) |  4.631E-04 6.104E-03
     195 7.7124E-02 4.6313E-04  (-1.953E-03, -5.273E-02,   0.00    ) |  4.631E-04 6.104E-03
     196 7.7587E-02 4.6313E-04  (-1.953E-03, -5.273E-02,   0.00    ) |  4.631E-04 6.104E-03
     197 7.8050E-02 4.6312E-04  (-1.953E-03, -5.273E-02,   0.00    ) |  4.631E-04 6.104E-03
     198 7.8513E-02 4.6312E-04  (-1.953E-03, -5.273E-02,   0.00    ) |  4.631E-04 6.104E-03
     199 7.8976E-02 4.6311E-04  (-1.953E-03, -5.273E-02,   0.00    ) |  4.631E-04 6.104E-03
     200 7.9439E-02 4.6311E-04  (-1.953E-03, -5.273E-02,   0.00    ) |  4.631E-04 6.104E-03
     201 7.9902E-02 4.6310E-04  (-1.953E-03, -5.273E-02,   0.00    ) |  4.631E-04 6.104E-03
     202 8.0365E-02 4.6310E-04  (-1.953E-03, -5.273E-02,   0.00    ) |  4.631E-04 6.104E-03
     203 8.0828E-02 4.6309E-04  (-1.953E-03, -5.273E-02,   0.00    ) |  4.631E-04 6.104E-03
     204 8.1292E-02 4.6309E-04  (-1.953E-03, -5.273E-02,   0.00    ) |  4.631E-04 6.104E-03
     205 8.1755E-02 4.6309E-04  (-1.953E-03, -5.273E-02,   0.00    ) |  4.631E-04 6.104E-03
     206 8.2218E-02 4.6308E-04  (-1.953E-03, -5.273E-02,   0.00    ) |  4.631E-04 6.104E-03
     207 8.2681E-02 4.6308E-04  (-1.953E-03, -5.273E-02,   0.00    ) |  4.631E-04 6.104E-03
     208 8.3144E-02 4.6307E-04  (-1.953E-03, -5.273E-02,   0.00    ) |  4.631E-04 6.104E-03
     209 8.3607E-02 4.6307E-04  (-1.953E-03, -5.273E-02,   0.00    ) |  4.631E-04 6.104E-03
     210 8.4070E-02 4.6306E-04  (-1.953E-03, -5.273E-02,   0.00    ) |  4.631E-04 6.104E-03
     211 8.4533E-02 4.6306E-04  (-1.953E-03, -5.273E-02,   0.00    ) |  4.631E-04 6.104E-03
     212 8.4996E-02 4.6306E-04  (-1.953E-03, -5.273E-02,   0.00    ) |  4.631E-04 6.104E-03
     213 8.5459E-02 4.6305E-04  (-1.953E-03, -5.273E-02,   0.00    ) |  4.631E-04 6.104E-03
     214 8.5922E-02 4.6305E-04  (-1.953E-03, -5.273E-02,   0.00    ) |  4.630E-04 6.104E-03
     215 8.6385E-02 4.6305E-04  (-1.953E-03, -5.273E-02,   0.00    ) |  4.630E-04 6.104E-03
     216 8.6848E-02 4.6304E-04  (-1.953E-03, -5.273E-02,   0.00    ) |  4.630E-04 6.104E-03
     217 8.7311E-02 4.6304E-04  (-1.953E-03, -5.273E-02,   0.00    ) |  4.630E-04 6.104E-03
     218 8.7774E-02 4.6303E-04  (-1.953E-03, -5.273E-02,   0.00    ) |  4.630E-04 6.104E-03
     219 8.8237E-02 4.6303E-04  (-1.953E-03, -5.273E-02,   0.00    ) |  4.630E-04 6.104E-03
     220 8.8700E-02 4.6303E-04  (-1.953E-03, -5.273E-02,   0.00    ) |  4.630E-04 6.104E-03
     221 8.9164E-02 4.6302E-04  (-1.953E-03, -5.273E-02,   0.00    ) |  4.630E-04 6.104E-03
     222 8.9627E-02 4.6302E-04  (-1.953E-03, -5.273E-02,   0.00    ) |  4.630E-04 6.104E-03
     223 9.0090E-02 4.6302E-04  (-1.953E-03, -5.273E-02,   0.00    ) |  4.630E-04 6.104E-03
     224 9.0553E-02 4.6301E-04  (-1.953E-03, -5.273E-02,   0.00    ) |  4.630E-04 6.104E-03
     225 9.1016E-02 4.6301E-04  (-1.953E-03, -5.273E-02,   0.00    ) |  4.630E-04 6.104E-03
     226 9.1479E-02 4.6301E-04  ( 1.953E-03,  5.273E-02,   0.00    ) |  4.630E-04 6.104E-03
     227 9.1942E-02 4.6300E-04  (-1.953E-03, -5.273E-02,   0.00    ) |  4.630E-04 6.104E-03
     228 9.2405E-02 4.6300E-04  (-1.953E-03, -5.273E-02,   0.00    ) |  4.630E-04 6.104E-03
     229 9.2868E-02 4.6300E-04  (-1.953E-03, -5.273E-02,   0.00    ) |  4.630E-04 6.104E-03
     230 9.3331E-02 4.6299E-04  (-1.953E-03, -5.273E-02,   0.00    ) |  4.630E-04 6.104E-03
     231 9.3794E-02 4.6299E-04  (-1.953E-03, -5.273E-02,   0.00    ) |  4.630E-04 6.104E-03
     232 9.4257E-02 4.6299E-04  (-1.953E-03, -5.273E-02,   0.00    ) |  4.630E-04 6.104E-03
     233 9.4720E-02 4.6298E-04  (-1.953E-03, -5.273E-02,   0.00    ) |  4.630E-04 6.104E-03
     234 9.5183E-02 4.6298E-04  (-1.953E-03, -5.273E-02,   0.00    ) |  4.630E-04 6.104E-03
     235 9.5646E-02 4.6298E-04  (-1.953E-03, -5.273E-02,   0.00    ) |  4.630E-04 6.104E-03
     236 9.6109E-02 4.6297E-04  (-1.953E-03, -5.273E-02,   0.00    ) |  4.630E-04 6.104E-03
     237 9.6571E-02 4.6297E-04  (-1.953E-03, -5.273E-02,   0.00    ) |  4.630E-04 6.104E-03
     238 9.7034E-02 4.6297E-04  (-1.953E-03, -5.273E-02,   0.00    ) |  4.630E-04 6.104E-03
     239 9.7497E-02 4.6297E-04  (-1.953E-03, -5.273E-02,   0.00    ) |  4.630E-04 6.104E-03
     240 9.7960E-02 4.6296E-04  (-1.953E-03, -5.273E-02,   0.00    ) |  4.630E-04 6.104E-03
     241 9.8423E-02 4.6296E-04  (-1.953E-03, -5.273E-02,   0.00    ) |  4.630E-04 6.104E-03
     242 9.8886E-02 4.6296E-04  (-1.953E-03, -5.273E-02,   0.00    ) |  4.630E-04 6.104E-03
     243 9.9349E-02 4.6296E-04  (-1.953E-03, -5.273E-02,   0.00    ) |  4.630E-04 6.104E-03
     244 9.9812E-02 4.6295E-04  (-1.953E-03, -5.273E-02,   0.00    ) |  4.630E-04 6.104E-03
 *** Wrote plotfile to flash_run_hdf5_plt_cnt_0004 ****
     245 1.0028E-01 4.6295E-04  (-1.953E-03, -5.273E-02,   0.00    ) |  4.630E-04 6.104E-03
     246 1.0074E-01 4.6295E-04  ( 1.953E-03,  5.273E-02,   0.00    ) |  4.629E-04 6.104E-03
     247 1.0120E-01 4.6295E-04  (-1.953E-03, -5.273E-02,   0.00    ) |  4.629E-04 6.104E-03
     248 1.0166E-01 4.6294E-04  (-1.953E-03, -5.273E-02,   0.00    ) |  4.629E-04 6.104E-03
     249 1.0213E-01 4.6294E-04  (-1.953E-03, -5.273E-02,   0.00    ) |  4.629E-04 6.104E-03
     250 1.0259E-01 4.6294E-04  (-1.953E-03, -5.273E-02,   0.00    ) |  4.629E-04 6.104E-03
     251 1.0305E-01 4.6294E-04  (-1.953E-03, -5.273E-02,   0.00    ) |  4.629E-04 6.104E-03
     252 1.0352E-01 4.6293E-04  (-1.953E-03, -5.273E-02,   0.00    ) |  4.629E-04 6.104E-03
     253 1.0398E-01 4.6293E-04  (-1.953E-03, -5.273E-02,   0.00    ) |  4.629E-04 6.104E-03
     254 1.0444E-01 4.6293E-04  (-1.953E-03, -5.273E-02,   0.00    ) |  4.629E-04 6.104E-03
     255 1.0490E-01 4.6293E-04  (-1.953E-03, -5.273E-02,   0.00    ) |  4.629E-04 6.104E-03
     256 1.0537E-01 4.6292E-04  (-1.953E-03, -5.273E-02,   0.00    ) |  4.629E-04 6.104E-03
     257 1.0583E-01 4.6292E-04  (-1.953E-03, -5.273E-02,   0.00    ) |  4.629E-04 6.104E-03
     258 1.0629E-01 4.6292E-04  (-1.953E-03, -5.273E-02,   0.00    ) |  4.629E-04 6.104E-03
     259 1.0676E-01 4.6292E-04  (-1.953E-03, -5.273E-02,   0.00    ) |  4.629E-04 6.104E-03
     260 1.0722E-01 4.6291E-04  (-1.953E-03, -5.273E-02,   0.00    ) |  4.629E-04 6.104E-03
     261 1.0768E-01 4.6291E-04  (-1.953E-03, -5.273E-02,   0.00    ) |  4.629E-04 6.104E-03
     262 1.0815E-01 4.6291E-04  (-1.953E-03, -5.273E-02,   0.00    ) |  4.629E-04 6.104E-03
     263 1.0861E-01 4.6291E-04  (-1.953E-03, -5.273E-02,   0.00    ) |  4.629E-04 6.104E-03
     264 1.0907E-01 4.6291E-04  (-1.953E-03, -5.273E-02,   0.00    ) |  4.629E-04 6.104E-03
     265 1.0953E-01 4.6291E-04  (-1.953E-03, -5.273E-02,   0.00    ) |  4.629E-04 6.104E-03
     266 1.1000E-01 4.6290E-04  (-1.953E-03, -5.273E-02,   0.00    ) |  4.629E-04 6.104E-03
     267 1.1046E-01 4.6290E-04  (-1.953E-03, -5.273E-02,   0.00    ) |  4.629E-04 6.104E-03
     268 1.1092E-01 4.6290E-04  (-1.953E-03, -5.273E-02,   0.00    ) |  4.629E-04 6.104E-03
     269 1.1139E-01 4.6290E-04  (-1.953E-03, -5.273E-02,   0.00    ) |  4.629E-04 6.104E-03
     270 1.1185E-01 4.6290E-04  (-1.953E-03, -5.273E-02,   0.00    ) |  4.629E-04 6.104E-03
     271 1.1231E-01 4.6290E-04  (-1.953E-03, -5.273E-02,   0.00    ) |  4.629E-04 6.104E-03
     272 1.1277E-01 4.6289E-04  (-1.953E-03, -5.273E-02,   0.00    ) |  4.629E-04 6.104E-03
     273 1.1324E-01 4.6289E-04  (-1.953E-03, -5.273E-02,   0.00    ) |  4.629E-04 6.104E-03
     274 1.1370E-01 4.6289E-04  (-1.953E-03, -5.273E-02,   0.00    ) |  4.629E-04 6.104E-03
     275 1.1416E-01 4.6289E-04  (-1.953E-03, -5.273E-02,   0.00    ) |  4.629E-04 6.104E-03
     276 1.1463E-01 4.6289E-04  (-1.953E-03, -5.273E-02,   0.00    ) |  4.629E-04 6.104E-03
     277 1.1509E-01 4.6289E-04  (-1.953E-03, -5.273E-02,   0.00    ) |  4.629E-04 6.104E-03
     278 1.1555E-01 4.6289E-04  ( 1.953E-03,  5.273E-02,   0.00    ) |  4.629E-04 6.104E-03
     279 1.1601E-01 4.6289E-04  (-1.953E-03, -5.273E-02,   0.00    ) |  4.629E-04 6.104E-03
     280 1.1648E-01 4.6289E-04  ( 1.953E-03,  5.273E-02,   0.00    ) |  4.629E-04 6.104E-03
     281 1.1694E-01 4.6288E-04  (-1.953E-03, -5.273E-02,   0.00    ) |  4.629E-04 6.104E-03
     282 1.1740E-01 4.6288E-04  (-1.953E-03, -5.273E-02,   0.00    ) |  4.629E-04 6.104E-03
     283 1.1787E-01 4.6288E-04  (-1.953E-03, -5.273E-02,   0.00    ) |  4.629E-04 6.104E-03
     284 1.1833E-01 4.6288E-04  (-1.953E-03, -5.273E-02,   0.00    ) |  4.629E-04 6.104E-03
     285 1.1879E-01 4.6288E-04  (-1.953E-03, -5.273E-02,   0.00    ) |  4.629E-04 6.104E-03
     286 1.1925E-01 4.6288E-04  (-1.953E-03, -5.273E-02,   0.00    ) |  4.629E-04 6.104E-03
     287 1.1972E-01 4.6288E-04  (-1.953E-03, -5.273E-02,   0.00    ) |  4.629E-04 6.104E-03
     288 1.2018E-01 4.6288E-04  (-1.953E-03, -5.273E-02,   0.00    ) |  4.629E-04 6.104E-03
     289 1.2064E-01 4.6288E-04  (-1.953E-03, -5.273E-02,   0.00    ) |  4.629E-04 6.104E-03
     290 1.2111E-01 4.6288E-04  (-1.953E-03, -5.273E-02,   0.00    ) |  4.629E-04 6.104E-03
     291 1.2157E-01 4.6287E-04  ( 1.953E-03,  5.273E-02,   0.00    ) |  4.629E-04 6.104E-03
     292 1.2203E-01 4.6287E-04  ( 1.953E-03,  5.273E-02,   0.00    ) |  4.629E-04 6.104E-03
     293 1.2249E-01 4.6287E-04  (-1.953E-03, -5.273E-02,   0.00    ) |  4.629E-04 6.104E-03
     294 1.2296E-01 4.6287E-04  (-1.953E-03, -5.273E-02,   0.00    ) |  4.629E-04 6.104E-03
     295 1.2342E-01 4.6287E-04  (-1.953E-03, -5.273E-02,   0.00    ) |  4.629E-04 6.104E-03
     296 1.2388E-01 4.6287E-04  (-1.953E-03, -5.273E-02,   0.00    ) |  4.629E-04 6.104E-03
     297 1.2435E-01 4.6287E-04  (-1.953E-03, -5.273E-02,   0.00    ) |  4.629E-04 6.104E-03
     298 1.2481E-01 4.6287E-04  (-1.953E-03, -5.273E-02,   0.00    ) |  4.629E-04 6.104E-03
 *** Wrote plotfile to flash_run_hdf5_plt_cnt_0005 ****
     299 1.2527E-01 4.6287E-04  (-1.953E-03, -5.273E-02,   0.00    ) |  4.629E-04 6.104E-03
     300 1.2573E-01 4.6287E-04  (-1.953E-03, -5.273E-02,   0.00    ) |  4.629E-04 6.104E-03
     301 1.2620E-01 4.6287E-04  (-1.953E-03, -5.273E-02,   0.00    ) |  4.629E-04 6.104E-03
     302 1.2666E-01 4.6287E-04  (-1.953E-03, -5.273E-02,   0.00    ) |  4.629E-04 6.104E-03
     303 1.2712E-01 4.6287E-04  (-1.953E-03, -5.273E-02,   0.00    ) |  4.629E-04 6.104E-03
     304 1.2759E-01 4.6287E-04  (-1.953E-03, -5.273E-02,   0.00    ) |  4.629E-04 6.104E-03
     305 1.2805E-01 4.6287E-04  (-1.953E-03, -5.273E-02,   0.00    ) |  4.629E-04 6.104E-03
     306 1.2851E-01 4.6287E-04  (-1.953E-03, -5.273E-02,   0.00    ) |  4.629E-04 6.104E-03
     307 1.2897E-01 4.6287E-04  (-1.953E-03, -5.273E-02,   0.00    ) |  4.629E-04 6.104E-03
     308 1.2944E-01 4.6287E-04  (-1.953E-03, -5.273E-02,   0.00    ) |  4.629E-04 6.104E-03
     309 1.2990E-01 4.6287E-04  (-1.953E-03, -5.273E-02,   0.00    ) |  4.629E-04 6.104E-03
     310 1.3036E-01 4.6287E-04  (-1.953E-03, -5.273E-02,   0.00    ) |  4.629E-04 6.104E-03
     311 1.3083E-01 4.6287E-04  (-1.953E-03, -5.273E-02,   0.00    ) |  4.629E-04 6.104E-03
     312 1.3129E-01 4.6287E-04  (-1.953E-03, -5.273E-02,   0.00    ) |  4.629E-04 6.104E-03
     313 1.3175E-01 4.6287E-04  (-1.953E-03, -5.273E-02,   0.00    ) |  4.629E-04 6.104E-03
     314 1.3221E-01 4.6287E-04  (-1.953E-03, -5.273E-02,   0.00    ) |  4.629E-04 6.104E-03
     315 1.3268E-01 4.6287E-04  (-1.953E-03, -5.273E-02,   0.00    ) |  4.629E-04 6.104E-03
     316 1.3314E-01 4.6287E-04  (-1.953E-03, -5.273E-02,   0.00    ) |  4.629E-04 6.104E-03
     317 1.3360E-01 4.6287E-04  (-1.953E-03, -5.273E-02,   0.00    ) |  4.629E-04 6.104E-03
     318 1.3407E-01 4.6287E-04  (-1.953E-03, -5.273E-02,   0.00    ) |  4.629E-04 6.104E-03
     319 1.3453E-01 4.6280E-04  ( 0.256    ,  1.953E-03,   0.00    ) |  4.628E-04 6.104E-03
     320 1.3499E-01 4.6270E-04  ( 0.256    ,  1.953E-03,   0.00    ) |  4.627E-04 6.104E-03
     321 1.3545E-01 4.6259E-04  ( 0.256    ,  1.953E-03,   0.00    ) |  4.626E-04 6.104E-03
     322 1.3592E-01 4.6249E-04  ( 0.256    ,  1.953E-03,   0.00    ) |  4.625E-04 6.104E-03
     323 1.3638E-01 4.6239E-04  ( 0.256    ,  1.953E-03,   0.00    ) |  4.624E-04 6.104E-03
     324 1.3684E-01 4.6228E-04  ( 0.256    ,  1.953E-03,   0.00    ) |  4.623E-04 6.104E-03
     325 1.3730E-01 4.6218E-04  ( 0.256    ,  1.953E-03,   0.00    ) |  4.622E-04 6.104E-03
     326 1.3777E-01 4.6208E-04  ( 0.256    ,  1.953E-03,   0.00    ) |  4.621E-04 6.104E-03
     327 1.3823E-01 4.6198E-04  ( 0.256    ,  1.953E-03,   0.00    ) |  4.620E-04 6.104E-03
     328 1.3869E-01 4.6187E-04  ( 0.256    ,  1.953E-03,   0.00    ) |  4.619E-04 6.104E-03
     329 1.3915E-01 4.6177E-04  ( 0.256    ,  1.953E-03,   0.00    ) |  4.618E-04 6.104E-03
     330 1.3961E-01 4.6167E-04  ( 0.256    ,  1.953E-03,   0.00    ) |  4.617E-04 6.104E-03
     331 1.4008E-01 4.6157E-04  ( 0.256    ,  1.953E-03,   0.00    ) |  4.616E-04 6.104E-03
     332 1.4054E-01 4.6146E-04  ( 0.256    ,  1.953E-03,   0.00    ) |  4.615E-04 6.104E-03
     333 1.4100E-01 4.6136E-04  ( 0.256    ,  1.953E-03,   0.00    ) |  4.614E-04 6.104E-03
     334 1.4146E-01 4.6126E-04  ( 0.256    ,  1.953E-03,   0.00    ) |  4.613E-04 6.104E-03
     335 1.4192E-01 4.6116E-04  ( 0.256    ,  1.953E-03,   0.00    ) |  4.612E-04 6.104E-03
     336 1.4238E-01 4.6106E-04  ( 0.256    ,  1.953E-03,   0.00    ) |  4.611E-04 6.104E-03
     337 1.4284E-01 4.6096E-04  ( 0.256    ,  1.953E-03,   0.00    ) |  4.610E-04 6.104E-03
     338 1.4330E-01 4.6085E-04  ( 0.256    ,  1.953E-03,   0.00    ) |  4.609E-04 6.104E-03
     339 1.4377E-01 4.6075E-04  ( 0.256    ,  1.953E-03,   0.00    ) |  4.608E-04 6.104E-03
     340 1.4423E-01 4.6065E-04  ( 0.256    ,  1.953E-03,   0.00    ) |  4.607E-04 6.104E-03
     341 1.4469E-01 4.6055E-04  ( 0.256    ,  1.953E-03,   0.00    ) |  4.606E-04 6.104E-03
     342 1.4515E-01 4.6045E-04  ( 0.256    ,  1.953E-03,   0.00    ) |  4.605E-04 6.104E-03
     343 1.4561E-01 4.6035E-04  ( 0.256    ,  1.953E-03,   0.00    ) |  4.603E-04 6.104E-03
     344 1.4607E-01 4.6025E-04  ( 0.256    ,  1.953E-03,   0.00    ) |  4.602E-04 6.104E-03
     345 1.4653E-01 4.6015E-04  ( 0.256    ,  1.953E-03,   0.00    ) |  4.601E-04 6.104E-03
     346 1.4699E-01 4.6005E-04  ( 0.256    ,  1.953E-03,   0.00    ) |  4.600E-04 6.104E-03
     347 1.4745E-01 4.5995E-04  ( 0.256    ,  1.953E-03,   0.00    ) |  4.599E-04 6.104E-03
     348 1.4791E-01 4.5985E-04  ( 0.256    ,  1.953E-03,   0.00    ) |  4.598E-04 6.104E-03
     349 1.4837E-01 4.5975E-04  ( 0.256    ,  1.953E-03,   0.00    ) |  4.597E-04 6.104E-03
     350 1.4883E-01 4.5965E-04  ( 0.256    ,  1.953E-03,   0.00    ) |  4.596E-04 6.104E-03
     351 1.4929E-01 4.5955E-04  ( 0.256    ,  1.953E-03,   0.00    ) |  4.595E-04 6.104E-03
     352 1.4975E-01 4.5945E-04  ( 0.256    ,  1.953E-03,   0.00    ) |  4.594E-04 6.104E-03
 *** Wrote plotfile to flash_run_hdf5_plt_cnt_0006 ****
     353 1.5021E-01 4.5935E-04  ( 0.256    ,  1.953E-03,   0.00    ) |  4.593E-04 6.104E-03
     354 1.5067E-01 4.5925E-04  ( 0.256    ,  1.953E-03,   0.00    ) |  4.592E-04 6.104E-03
     355 1.5113E-01 4.5915E-04  ( 0.256    ,  1.953E-03,   0.00    ) |  4.591E-04 6.104E-03
     356 1.5158E-01 4.5905E-04  ( 0.256    ,  1.953E-03,   0.00    ) |  4.590E-04 6.104E-03
     357 1.5204E-01 4.5895E-04  ( 0.256    ,  1.953E-03,   0.00    ) |  4.589E-04 6.104E-03
     358 1.5250E-01 4.5885E-04  ( 0.256    ,  1.953E-03,   0.00    ) |  4.588E-04 6.104E-03
     359 1.5296E-01 4.5875E-04  ( 0.256    ,  1.953E-03,   0.00    ) |  4.587E-04 6.104E-03
     360 1.5342E-01 4.5865E-04  ( 0.256    ,  1.953E-03,   0.00    ) |  4.586E-04 6.104E-03
     361 1.5388E-01 4.5855E-04  ( 0.256    ,  1.953E-03,   0.00    ) |  4.585E-04 6.104E-03
     362 1.5434E-01 4.5845E-04  ( 0.256    ,  1.953E-03,   0.00    ) |  4.585E-04 6.104E-03
     363 1.5480E-01 4.5835E-04  ( 0.256    ,  1.953E-03,   0.00    ) |  4.584E-04 6.104E-03
     364 1.5525E-01 4.5825E-04  ( 0.256    ,  1.953E-03,   0.00    ) |  4.583E-04 6.104E-03
     365 1.5571E-01 4.5815E-04  ( 0.256    ,  1.953E-03,   0.00    ) |  4.582E-04 6.104E-03
     366 1.5617E-01 4.5806E-04  ( 0.256    ,  1.953E-03,   0.00    ) |  4.581E-04 6.104E-03
     367 1.5663E-01 4.5796E-04  ( 0.256    ,  1.953E-03,   0.00    ) |  4.580E-04 6.104E-03
     368 1.5709E-01 4.5786E-04  ( 0.256    ,  1.953E-03,   0.00    ) |  4.579E-04 6.104E-03
     369 1.5754E-01 4.5776E-04  ( 0.256    ,  1.953E-03,   0.00    ) |  4.578E-04 6.104E-03
     370 1.5800E-01 4.5766E-04  ( 0.256    ,  1.953E-03,   0.00    ) |  4.577E-04 6.104E-03
     371 1.5846E-01 4.5756E-04  ( 0.256    ,  1.953E-03,   0.00    ) |  4.576E-04 6.104E-03
     372 1.5892E-01 4.5747E-04  ( 0.256    ,  1.953E-03,   0.00    ) |  4.575E-04 6.104E-03
     373 1.5938E-01 4.5737E-04  ( 0.256    ,  1.953E-03,   0.00    ) |  4.574E-04 6.104E-03
     374 1.5983E-01 4.5727E-04  ( 0.256    ,  1.953E-03,   0.00    ) |  4.573E-04 6.104E-03
     375 1.6029E-01 4.5717E-04  ( 0.256    ,  1.953E-03,   0.00    ) |  4.572E-04 6.104E-03
     376 1.6075E-01 4.5707E-04  ( 0.256    ,  1.953E-03,   0.00    ) |  4.571E-04 6.104E-03
     377 1.6120E-01 4.5698E-04  ( 0.256    ,  1.953E-03,   0.00    ) |  4.570E-04 6.104E-03
     378 1.6166E-01 4.5688E-04  ( 0.256    ,  1.953E-03,   0.00    ) |  4.569E-04 6.104E-03
     379 1.6212E-01 4.5678E-04  ( 0.256    ,  1.953E-03,   0.00    ) |  4.568E-04 6.104E-03
     380 1.6257E-01 4.5668E-04  ( 0.256    ,  1.953E-03,   0.00    ) |  4.567E-04 6.104E-03
     381 1.6303E-01 4.5659E-04  ( 0.256    , -1.953E-03,   0.00    ) |  4.566E-04 6.104E-03
     382 1.6349E-01 4.5649E-04  ( 0.256    ,  1.953E-03,   0.00    ) |  4.565E-04 6.104E-03
     383 1.6394E-01 4.5639E-04  ( 0.256    ,  1.953E-03,   0.00    ) |  4.564E-04 6.104E-03
     384 1.6440E-01 4.5630E-04  ( 0.256    ,  1.953E-03,   0.00    ) |  4.563E-04 6.104E-03
     385 1.6486E-01 4.5620E-04  (-0.256    , -1.953E-03,   0.00    ) |  4.562E-04 6.104E-03
     386 1.6531E-01 4.5610E-04  ( 0.256    ,  1.953E-03,   0.00    ) |  4.561E-04 6.104E-03
     387 1.6577E-01 4.5601E-04  ( 0.256    ,  1.953E-03,   0.00    ) |  4.560E-04 6.104E-03
     388 1.6623E-01 4.5591E-04  ( 0.256    ,  1.953E-03,   0.00    ) |  4.559E-04 6.104E-03
     389 1.6668E-01 4.5581E-04  ( 0.256    ,  1.953E-03,   0.00    ) |  4.558E-04 6.104E-03
     390 1.6714E-01 4.5572E-04  ( 0.256    ,  1.953E-03,   0.00    ) |  4.557E-04 6.104E-03
     391 1.6759E-01 4.5562E-04  ( 0.256    , -1.953E-03,   0.00    ) |  4.556E-04 6.104E-03
     392 1.6805E-01 4.5552E-04  ( 0.256    , -1.953E-03,   0.00    ) |  4.555E-04 6.104E-03
     393 1.6850E-01 4.5543E-04  ( 0.256    , -1.953E-03,   0.00    ) |  4.554E-04 6.104E-03
     394 1.6896E-01 4.5533E-04  ( 0.256    ,  1.953E-03,   0.00    ) |  4.553E-04 6.104E-03
     395 1.6941E-01 4.5524E-04  ( 0.256    ,  1.953E-03,   0.00    ) |  4.552E-04 6.104E-03
     396 1.6987E-01 4.5514E-04  ( 0.256    ,  1.953E-03,   0.00    ) |  4.551E-04 6.104E-03
     397 1.7033E-01 4.5505E-04  ( 0.256    , -1.953E-03,   0.00    ) |  4.550E-04 6.104E-03
     398 1.7078E-01 4.5495E-04  ( 0.256    ,  1.953E-03,   0.00    ) |  4.549E-04 6.104E-03
     399 1.7124E-01 4.5485E-04  ( 0.256    , -1.953E-03,   0.00    ) |  4.549E-04 6.104E-03
     400 1.7169E-01 4.5476E-04  ( 0.256    , -1.953E-03,   0.00    ) |  4.548E-04 6.104E-03
     401 1.7214E-01 4.5466E-04  ( 0.256    , -1.953E-03,   0.00    ) |  4.547E-04 6.104E-03
     402 1.7260E-01 4.5457E-04  ( 0.256    , -1.953E-03,   0.00    ) |  4.546E-04 6.104E-03
     403 1.7305E-01 4.5447E-04  ( 0.256    , -1.953E-03,   0.00    ) |  4.545E-04 6.104E-03
     404 1.7351E-01 4.5438E-04  ( 0.256    , -1.953E-03,   0.00    ) |  4.544E-04 6.104E-03
     405 1.7396E-01 4.5428E-04  ( 0.256    ,  1.953E-03,   0.00    ) |  4.543E-04 6.104E-03
     406 1.7442E-01 4.5419E-04  ( 0.256    , -1.953E-03,   0.00    ) |  4.542E-04 6.104E-03
     407 1.7487E-01 4.5409E-04  ( 0.256    , -1.953E-03,   0.00    ) |  4.541E-04 6.104E-03
 *** Wrote plotfile to flash_run_hdf5_plt_cnt_0007 ****
     408 1.7533E-01 4.5400E-04  ( 0.256    , -1.953E-03,   0.00    ) |  4.540E-04 6.104E-03
     409 1.7578E-01 4.5390E-04  ( 0.256    , -1.953E-03,   0.00    ) |  4.539E-04 6.104E-03
     410 1.7623E-01 4.5381E-04  ( 0.256    ,  1.953E-03,   0.00    ) |  4.538E-04 6.104E-03
     411 1.7669E-01 4.5372E-04  ( 0.260    ,  1.953E-03,   0.00    ) |  4.537E-04 6.104E-03
     412 1.7714E-01 4.5362E-04  ( 0.260    ,  1.953E-03,   0.00    ) |  4.536E-04 6.104E-03
     413 1.7759E-01 4.5353E-04  ( 0.260    ,  1.953E-03,   0.00    ) |  4.535E-04 6.104E-03
     414 1.7805E-01 4.5343E-04  ( 0.260    ,  1.953E-03,   0.00    ) |  4.534E-04 6.104E-03
     415 1.7850E-01 4.5334E-04  ( 0.260    ,  1.953E-03,   0.00    ) |  4.533E-04 6.104E-03
     416 1.7895E-01 4.5324E-04  ( 0.260    , -1.953E-03,   0.00    ) |  4.532E-04 6.104E-03
     417 1.7941E-01 4.5315E-04  ( 0.260    ,  1.953E-03,   0.00    ) |  4.532E-04 6.104E-03
     418 1.7986E-01 4.5306E-04  ( 0.260    ,  1.953E-03,   0.00    ) |  4.531E-04 6.104E-03
     419 1.8031E-01 4.5296E-04  ( 0.260    ,  1.953E-03,   0.00    ) |  4.530E-04 6.104E-03
     420 1.8077E-01 4.5287E-04  (-0.260    , -1.953E-03,   0.00    ) |  4.529E-04 6.104E-03
     421 1.8122E-01 4.5278E-04  (-0.260    , -1.953E-03,   0.00    ) |  4.528E-04 6.104E-03
     422 1.8167E-01 4.5268E-04  (-0.260    , -1.953E-03,   0.00    ) |  4.527E-04 6.104E-03
     423 1.8213E-01 4.5259E-04  (-0.260    , -1.953E-03,   0.00    ) |  4.526E-04 6.104E-03
     424 1.8258E-01 4.5250E-04  (-0.260    , -1.953E-03,   0.00    ) |  4.525E-04 6.104E-03
     425 1.8303E-01 4.5240E-04  (-0.260    , -1.953E-03,   0.00    ) |  4.524E-04 6.104E-03
     426 1.8348E-01 4.5231E-04  (-0.260    , -1.953E-03,   0.00    ) |  4.523E-04 6.104E-03
     427 1.8394E-01 4.5222E-04  (-0.260    , -1.953E-03,   0.00    ) |  4.522E-04 6.104E-03
     428 1.8439E-01 4.5212E-04  (-0.260    , -1.953E-03,   0.00    ) |  4.521E-04 6.104E-03
     429 1.8484E-01 4.5203E-04  ( 0.260    , -1.953E-03,   0.00    ) |  4.520E-04 6.104E-03
     430 1.8529E-01 4.5194E-04  ( 0.260    , -1.953E-03,   0.00    ) |  4.519E-04 6.104E-03
     431 1.8574E-01 4.5184E-04  ( 0.260    , -1.953E-03,   0.00    ) |  4.518E-04 6.104E-03
     432 1.8620E-01 4.5175E-04  ( 0.260    , -1.953E-03,   0.00    ) |  4.518E-04 6.104E-03
     433 1.8665E-01 4.5166E-04  ( 0.260    , -1.953E-03,   0.00    ) |  4.517E-04 6.104E-03
     434 1.8710E-01 4.5157E-04  (-0.260    , -1.953E-03,   0.00    ) |  4.516E-04 6.104E-03
     435 1.8755E-01 4.5147E-04  ( 0.260    ,  1.953E-03,   0.00    ) |  4.515E-04 6.104E-03
     436 1.8800E-01 4.5138E-04  ( 0.260    , -1.953E-03,   0.00    ) |  4.514E-04 6.104E-03
     437 1.8845E-01 4.5129E-04  ( 0.260    , -1.953E-03,   0.00    ) |  4.513E-04 6.104E-03
     438 1.8890E-01 4.5120E-04  ( 0.260    ,  1.953E-03,   0.00    ) |  4.512E-04 6.104E-03
     439 1.8936E-01 4.5111E-04  ( 0.260    , -1.953E-03,   0.00    ) |  4.511E-04 6.104E-03
     440 1.8981E-01 4.5101E-04  ( 0.260    , -1.953E-03,   0.00    ) |  4.510E-04 6.104E-03
     441 1.9026E-01 4.5092E-04  ( 0.260    , -1.953E-03,   0.00    ) |  4.509E-04 6.104E-03
     442 1.9071E-01 4.5083E-04  ( 0.260    ,  1.953E-03,   0.00    ) |  4.508E-04 6.104E-03
     443 1.9116E-01 4.5074E-04  ( 0.260    ,  1.953E-03,   0.00    ) |  4.507E-04 6.104E-03
     444 1.9161E-01 4.5065E-04  ( 0.260    , -1.953E-03,   0.00    ) |  4.506E-04 6.104E-03
     445 1.9206E-01 4.5055E-04  ( 0.260    , -1.953E-03,   0.00    ) |  4.506E-04 6.104E-03
     446 1.9251E-01 4.5046E-04  (-0.260    ,  1.953E-03,   0.00    ) |  4.505E-04 6.104E-03
     447 1.9296E-01 4.5037E-04  (-0.260    ,  1.953E-03,   0.00    ) |  4.504E-04 6.104E-03
     448 1.9341E-01 4.5028E-04  (-0.260    ,  1.953E-03,   0.00    ) |  4.503E-04 6.104E-03
     449 1.9386E-01 4.5019E-04  (-0.260    ,  1.953E-03,   0.00    ) |  4.502E-04 6.104E-03
     450 1.9431E-01 4.5010E-04  (-0.260    ,  1.953E-03,   0.00    ) |  4.501E-04 6.104E-03
     451 1.9476E-01 4.5001E-04  (-0.260    ,  1.953E-03,   0.00    ) |  4.500E-04 6.104E-03
     452 1.9521E-01 4.4992E-04  (-0.260    ,  1.953E-03,   0.00    ) |  4.499E-04 6.104E-03
     453 1.9566E-01 4.4983E-04  (-0.260    ,  1.953E-03,   0.00    ) |  4.498E-04 6.104E-03
     454 1.9611E-01 4.4973E-04  (-0.260    ,  1.953E-03,   0.00    ) |  4.497E-04 6.104E-03
     455 1.9656E-01 4.4964E-04  (-0.260    ,  1.953E-03,   0.00    ) |  4.496E-04 6.104E-03
     456 1.9701E-01 4.4955E-04  (-0.260    ,  1.953E-03,   0.00    ) |  4.496E-04 6.104E-03
     457 1.9746E-01 4.4946E-04  (-0.260    ,  1.953E-03,   0.00    ) |  4.495E-04 6.104E-03
     458 1.9791E-01 4.4937E-04  (-0.260    ,  1.953E-03,   0.00    ) |  4.494E-04 6.104E-03
     459 1.9836E-01 4.4928E-04  (-0.260    ,  1.953E-03,   0.00    ) |  4.493E-04 6.104E-03
     460 1.9881E-01 4.4919E-04  ( 0.260    ,  1.953E-03,   0.00    ) |  4.492E-04 6.104E-03
     461 1.9926E-01 4.4910E-04  (-0.260    ,  1.953E-03,   0.00    ) |  4.491E-04 6.104E-03
     462 1.9971E-01 4.4901E-04  ( 0.260    , -1.953E-03,   0.00    ) |  4.490E-04 6.104E-03
 *** Wrote plotfile to flash_run_hdf5_plt_cnt_0008 ****
     463 2.0016E-01 4.4892E-04  (-0.260    ,  1.953E-03,   0.00    ) |  4.489E-04 6.104E-03
     464 2.0061E-01 4.4883E-04  ( 0.260    ,  1.953E-03,   0.00    ) |  4.488E-04 6.104E-03
     465 2.0105E-01 4.4874E-04  ( 0.260    ,  1.953E-03,   0.00    ) |  4.487E-04 6.104E-03
     466 2.0150E-01 4.4865E-04  (-0.260    ,  1.953E-03,   0.00    ) |  4.487E-04 6.104E-03
     467 2.0195E-01 4.4856E-04  ( 0.260    ,  1.953E-03,   0.00    ) |  4.486E-04 6.104E-03
     468 2.0240E-01 4.4847E-04  (-0.260    ,  1.953E-03,   0.00    ) |  4.485E-04 6.104E-03
     469 2.0285E-01 4.4838E-04  (-0.260    ,  1.953E-03,   0.00    ) |  4.484E-04 6.104E-03
     470 2.0330E-01 4.4829E-04  (-0.260    ,  1.953E-03,   0.00    ) |  4.483E-04 6.104E-03
     471 2.0375E-01 4.4820E-04  (-0.260    ,  1.953E-03,   0.00    ) |  4.482E-04 6.104E-03
     472 2.0419E-01 4.4811E-04  (-0.260    ,  1.953E-03,   0.00    ) |  4.481E-04 6.104E-03
     473 2.0464E-01 4.4802E-04  (-0.260    ,  1.953E-03,   0.00    ) |  4.480E-04 6.104E-03
     474 2.0509E-01 4.4794E-04  (-0.260    ,  1.953E-03,   0.00    ) |  4.479E-04 6.104E-03
     475 2.0554E-01 4.4785E-04  (-0.260    ,  1.953E-03,   0.00    ) |  4.478E-04 6.104E-03
     476 2.0599E-01 4.4776E-04  (-0.260    ,  1.953E-03,   0.00    ) |  4.478E-04 6.104E-03
     477 2.0643E-01 4.4767E-04  (-0.260    ,  1.953E-03,   0.00    ) |  4.477E-04 6.104E-03
     478 2.0688E-01 4.4758E-04  (-0.260    ,  1.953E-03,   0.00    ) |  4.476E-04 6.104E-03
     479 2.0733E-01 4.4749E-04  (-0.260    ,  1.953E-03,   0.00    ) |  4.475E-04 6.104E-03
     480 2.0778E-01 4.4740E-04  (-0.260    ,  1.953E-03,   0.00    ) |  4.474E-04 6.104E-03
     481 2.0822E-01 4.4731E-04  (-0.260    ,  1.953E-03,   0.00    ) |  4.473E-04 6.104E-03
     482 2.0867E-01 4.4722E-04  (-0.260    ,  1.953E-03,   0.00    ) |  4.472E-04 6.104E-03
     483 2.0912E-01 4.4713E-04  (-0.260    ,  1.953E-03,   0.00    ) |  4.471E-04 6.104E-03
     484 2.0957E-01 4.4705E-04  (-0.260    ,  1.953E-03,   0.00    ) |  4.470E-04 6.104E-03
     485 2.1001E-01 4.4696E-04  (-0.260    ,  1.953E-03,   0.00    ) |  4.470E-04 6.104E-03
     486 2.1046E-01 4.4687E-04  ( 0.260    , -1.953E-03,   0.00    ) |  4.469E-04 6.104E-03
     487 2.1091E-01 4.4678E-04  ( 0.260    , -1.953E-03,   0.00    ) |  4.468E-04 6.104E-03
     488 2.1135E-01 4.4669E-04  ( 0.260    , -1.953E-03,   0.00    ) |  4.467E-04 6.104E-03
     489 2.1180E-01 4.4661E-04  ( 0.260    , -1.953E-03,   0.00    ) |  4.466E-04 6.104E-03
     490 2.1225E-01 4.4652E-04  ( 0.260    , -1.953E-03,   0.00    ) |  4.465E-04 6.104E-03
     491 2.1269E-01 4.4643E-04  ( 0.260    , -1.953E-03,   0.00    ) |  4.464E-04 6.104E-03
     492 2.1314E-01 4.4634E-04  ( 0.260    , -1.953E-03,   0.00    ) |  4.463E-04 6.104E-03
     493 2.1359E-01 4.4625E-04  ( 0.260    , -1.953E-03,   0.00    ) |  4.463E-04 6.104E-03
     494 2.1403E-01 4.4616E-04  ( 0.260    , -1.953E-03,   0.00    ) |  4.462E-04 6.104E-03
     495 2.1448E-01 4.4608E-04  (-0.260    ,  1.953E-03,   0.00    ) |  4.461E-04 6.104E-03
     496 2.1492E-01 4.4599E-04  (-0.260    ,  1.953E-03,   0.00    ) |  4.460E-04 6.104E-03
     497 2.1537E-01 4.4590E-04  (-0.260    ,  1.953E-03,   0.00    ) |  4.459E-04 6.104E-03
     498 2.1582E-01 4.4581E-04  (-0.260    ,  1.953E-03,   0.00    ) |  4.458E-04 6.104E-03
     499 2.1626E-01 4.4573E-04  (-0.260    ,  1.953E-03,   0.00    ) |  4.457E-04 6.104E-03
     500 2.1671E-01 4.4564E-04  (-0.260    ,  1.953E-03,   0.00    ) |  4.456E-04 6.104E-03
     501 2.1715E-01 4.4555E-04  (-0.260    ,  1.953E-03,   0.00    ) |  4.456E-04 6.104E-03
     502 2.1760E-01 4.4546E-04  (-0.260    ,  1.953E-03,   0.00    ) |  4.455E-04 6.104E-03
     503 2.1804E-01 4.4538E-04  (-0.260    ,  1.953E-03,   0.00    ) |  4.454E-04 6.104E-03
     504 2.1849E-01 4.4529E-04  (-0.260    ,  1.953E-03,   0.00    ) |  4.453E-04 6.104E-03
     505 2.1894E-01 4.4520E-04  (-0.260    ,  1.953E-03,   0.00    ) |  4.452E-04 6.104E-03
     506 2.1938E-01 4.4512E-04  (-0.260    ,  1.953E-03,   0.00    ) |  4.451E-04 6.104E-03
     507 2.1983E-01 4.4503E-04  (-0.260    ,  1.953E-03,   0.00    ) |  4.450E-04 6.104E-03
     508 2.2027E-01 4.4494E-04  (-0.260    ,  1.953E-03,   0.00    ) |  4.449E-04 6.104E-03
     509 2.2072E-01 4.4486E-04  ( 0.260    , -1.953E-03,   0.00    ) |  4.449E-04 6.104E-03
     510 2.2116E-01 4.4477E-04  ( 0.260    , -1.953E-03,   0.00    ) |  4.448E-04 6.104E-03
     511 2.2160E-01 4.4468E-04  ( 0.260    , -1.953E-03,   0.00    ) |  4.447E-04 6.104E-03
     512 2.2205E-01 4.4460E-04  ( 0.260    , -1.953E-03,   0.00    ) |  4.446E-04 6.104E-03
     513 2.2249E-01 4.4451E-04  ( 0.260    , -1.953E-03,   0.00    ) |  4.445E-04 6.104E-03
     514 2.2294E-01 4.4442E-04  ( 0.260    , -1.953E-03,   0.00    ) |  4.444E-04 6.104E-03
     515 2.2338E-01 4.4434E-04  ( 0.260    , -1.953E-03,   0.00    ) |  4.443E-04 6.104E-03
     516 2.2383E-01 4.4425E-04  ( 0.260    , -1.953E-03,   0.00    ) |  4.442E-04 6.104E-03
     517 2.2427E-01 4.4416E-04  ( 0.260    ,  1.953E-03,   0.00    ) |  4.442E-04 6.104E-03
     518 2.2472E-01 4.4408E-04  (-0.260    ,  1.953E-03,   0.00    ) |  4.441E-04 6.104E-03
 *** Wrote plotfile to flash_run_hdf5_plt_cnt_0009 ****
     519 2.2516E-01 4.4399E-04  (-0.260    ,  1.953E-03,   0.00    ) |  4.440E-04 6.104E-03
     520 2.2560E-01 4.4390E-04  (-0.260    ,  1.953E-03,   0.00    ) |  4.439E-04 6.104E-03
     521 2.2605E-01 4.4382E-04  ( 0.260    ,  1.953E-03,   0.00    ) |  4.438E-04 6.104E-03
     522 2.2649E-01 4.4373E-04  (-0.260    ,  1.953E-03,   0.00    ) |  4.437E-04 6.104E-03
     523 2.2694E-01 4.4365E-04  (-0.264    ,  1.953E-03,   0.00    ) |  4.436E-04 6.104E-03
     524 2.2738E-01 4.4356E-04  (-0.264    ,  1.953E-03,   0.00    ) |  4.436E-04 6.104E-03
     525 2.2782E-01 4.4347E-04  (-0.264    ,  1.953E-03,   0.00    ) |  4.435E-04 6.104E-03
     526 2.2827E-01 4.4339E-04  (-0.264    ,  1.953E-03,   0.00    ) |  4.434E-04 6.104E-03
     527 2.2871E-01 4.4330E-04  (-0.264    ,  1.953E-03,   0.00    ) |  4.433E-04 6.104E-03
     528 2.2915E-01 4.4322E-04  (-0.264    ,  1.953E-03,   0.00    ) |  4.432E-04 6.104E-03
     529 2.2960E-01 4.4313E-04  (-0.264    ,  1.953E-03,   0.00    ) |  4.431E-04 6.104E-03
     530 2.3004E-01 4.4304E-04  (-0.264    ,  1.953E-03,   0.00    ) |  4.430E-04 6.104E-03
     531 2.3048E-01 4.4296E-04  (-0.264    ,  1.953E-03,   0.00    ) |  4.430E-04 6.104E-03
     532 2.3093E-01 4.4287E-04  ( 0.264    ,  1.953E-03,   0.00    ) |  4.429E-04 6.104E-03
     533 2.3137E-01 4.4279E-04  (-0.264    ,  1.953E-03,   0.00    ) |  4.428E-04 6.104E-03
     534 2.3181E-01 4.4270E-04  (-0.264    ,  1.953E-03,   0.00    ) |  4.427E-04 6.104E-03
     535 2.3225E-01 4.4262E-04  (-0.264    ,  1.953E-03,   0.00    ) |  4.426E-04 6.104E-03
     536 2.3270E-01 4.4253E-04  (-0.264    ,  1.953E-03,   0.00    ) |  4.425E-04 6.104E-03
     537 2.3314E-01 4.4245E-04  (-0.264    ,  1.953E-03,   0.00    ) |  4.424E-04 6.104E-03
     538 2.3358E-01 4.4236E-04  (-0.264    ,  1.953E-03,   0.00    ) |  4.424E-04 6.104E-03
     539 2.3402E-01 4.4228E-04  (-0.264    ,  1.953E-03,   0.00    ) |  4.423E-04 6.104E-03
     540 2.3447E-01 4.4219E-04  (-0.264    ,  1.953E-03,   0.00    ) |  4.422E-04 6.104E-03
     541 2.3491E-01 4.4211E-04  (-0.264    ,  1.953E-03,   0.00    ) |  4.421E-04 6.104E-03
     542 2.3535E-01 4.4202E-04  (-0.264    ,  1.953E-03,   0.00    ) |  4.420E-04 6.104E-03
     543 2.3579E-01 4.4194E-04  (-0.264    ,  1.953E-03,   0.00    ) |  4.419E-04 6.104E-03
     544 2.3623E-01 4.4185E-04  (-0.264    ,  1.953E-03,   0.00    ) |  4.419E-04 6.104E-03
     545 2.3668E-01 4.4177E-04  (-0.264    ,  1.953E-03,   0.00    ) |  4.418E-04 6.104E-03
     546 2.3712E-01 4.4168E-04  (-0.264    ,  1.953E-03,   0.00    ) |  4.417E-04 6.104E-03
     547 2.3756E-01 4.4160E-04  (-0.264    ,  1.953E-03,   0.00    ) |  4.416E-04 6.104E-03
     548 2.3800E-01 4.4151E-04  (-0.264    ,  1.953E-03,   0.00    ) |  4.415E-04 6.104E-03
     549 2.3844E-01 4.4143E-04  (-0.264    ,  1.953E-03,   0.00    ) |  4.414E-04 6.104E-03
     550 2.3888E-01 4.4134E-04  (-0.264    ,  1.953E-03,   0.00    ) |  4.413E-04 6.104E-03
     551 2.3933E-01 4.4126E-04  (-0.264    ,  1.953E-03,   0.00    ) |  4.413E-04 6.104E-03
     552 2.3977E-01 4.4117E-04  (-0.264    ,  1.953E-03,   0.00    ) |  4.412E-04 6.104E-03
     553 2.4021E-01 4.4109E-04  (-0.264    ,  1.953E-03,   0.00    ) |  4.411E-04 6.104E-03
     554 2.4065E-01 4.4100E-04  (-0.264    ,  1.953E-03,   0.00    ) |  4.410E-04 6.104E-03
     555 2.4109E-01 4.4092E-04  (-0.264    ,  1.953E-03,   0.00    ) |  4.409E-04 6.104E-03
     556 2.4153E-01 4.4084E-04  (-0.264    ,  1.953E-03,   0.00    ) |  4.408E-04 6.104E-03
     557 2.4197E-01 4.4075E-04  ( 0.264    ,  1.953E-03,   0.00    ) |  4.408E-04 6.104E-03
     558 2.4241E-01 4.4067E-04  ( 0.264    ,  1.953E-03,   0.00    ) |  4.407E-04 6.104E-03
     559 2.4285E-01 4.4058E-04  ( 0.264    ,  1.953E-03,   0.00    ) |  4.406E-04 6.104E-03
     560 2.4329E-01 4.4050E-04  (-0.264    ,  1.953E-03,   0.00    ) |  4.405E-04 6.104E-03
     561 2.4373E-01 4.4041E-04  ( 0.264    ,  1.953E-03,   0.00    ) |  4.404E-04 6.104E-03
     562 2.4417E-01 4.4033E-04  ( 0.264    ,  1.953E-03,   0.00    ) |  4.403E-04 6.104E-03
     563 2.4461E-01 4.4025E-04  (-0.264    ,  1.953E-03,   0.00    ) |  4.402E-04 6.104E-03
     564 2.4505E-01 4.4016E-04  (-0.264    ,  1.953E-03,   0.00    ) |  4.402E-04 6.104E-03
     565 2.4550E-01 4.4008E-04  ( 0.264    ,  1.953E-03,   0.00    ) |  4.401E-04 6.104E-03
     566 2.4594E-01 4.4000E-04  ( 0.264    ,  1.953E-03,   0.00    ) |  4.400E-04 6.104E-03
     567 2.4638E-01 4.3991E-04  ( 0.264    ,  1.953E-03,   0.00    ) |  4.399E-04 6.104E-03
     568 2.4682E-01 4.3983E-04  ( 0.264    ,  1.953E-03,   0.00    ) |  4.398E-04 6.104E-03
     569 2.4725E-01 4.3974E-04  ( 0.264    ,  1.953E-03,   0.00    ) |  4.397E-04 6.104E-03
     570 2.4769E-01 4.3966E-04  ( 0.264    ,  1.953E-03,   0.00    ) |  4.397E-04 6.104E-03
     571 2.4813E-01 4.3958E-04  ( 0.264    ,  1.953E-03,   0.00    ) |  4.396E-04 6.104E-03
     572 2.4857E-01 4.3949E-04  ( 0.264    ,  1.953E-03,   0.00    ) |  4.395E-04 6.104E-03
     573 2.4901E-01 4.3941E-04  ( 0.264    ,  1.953E-03,   0.00    ) |  4.394E-04 6.104E-03
     574 2.4945E-01 4.3932E-04  ( 0.264    ,  1.953E-03,   0.00    ) |  4.393E-04 6.104E-03
     575 2.4989E-01 4.3924E-04  ( 0.264    ,  1.953E-03,   0.00    ) |  4.392E-04 6.104E-03
 *** Wrote plotfile to flash_run_hdf5_plt_cnt_0010 ****
     576 2.5033E-01 4.3916E-04  ( 0.264    ,  1.953E-03,   0.00    ) |  4.392E-04 6.104E-03
     577 2.5077E-01 4.3907E-04  ( 0.264    ,  1.953E-03,   0.00    ) |  4.391E-04 6.104E-03
     578 2.5121E-01 4.3899E-04  ( 0.264    ,  1.953E-03,   0.00    ) |  4.390E-04 6.104E-03
     579 2.5165E-01 4.3891E-04  ( 0.264    ,  1.953E-03,   0.00    ) |  4.389E-04 6.104E-03
     580 2.5209E-01 4.3882E-04  ( 0.264    ,  1.953E-03,   0.00    ) |  4.388E-04 6.104E-03
     581 2.5253E-01 4.3874E-04  ( 0.264    ,  1.953E-03,   0.00    ) |  4.387E-04 6.104E-03
     582 2.5297E-01 4.3866E-04  ( 0.264    ,  1.953E-03,   0.00    ) |  4.387E-04 6.104E-03
     583 2.5340E-01 4.3857E-04  ( 0.264    ,  1.953E-03,   0.00    ) |  4.386E-04 6.104E-03
     584 2.5384E-01 4.3849E-04  ( 0.264    ,  1.953E-03,   0.00    ) |  4.385E-04 6.104E-03
     585 2.5428E-01 4.3841E-04  ( 0.264    ,  1.953E-03,   0.00    ) |  4.384E-04 6.104E-03
     586 2.5472E-01 4.3832E-04  ( 0.264    ,  1.953E-03,   0.00    ) |  4.383E-04 6.104E-03
     587 2.5516E-01 4.3824E-04  ( 0.264    ,  1.953E-03,   0.00    ) |  4.382E-04 6.104E-03
     588 2.5560E-01 4.3816E-04  ( 0.264    ,  1.953E-03,   0.00    ) |  4.382E-04 6.104E-03
     589 2.5603E-01 4.3807E-04  ( 0.264    ,  1.953E-03,   0.00    ) |  4.381E-04 6.104E-03
     590 2.5647E-01 4.3799E-04  ( 0.264    ,  1.953E-03,   0.00    ) |  4.380E-04 6.104E-03
     591 2.5691E-01 4.3791E-04  ( 0.264    ,  1.953E-03,   0.00    ) |  4.379E-04 6.104E-03
     592 2.5735E-01 4.3783E-04  ( 0.264    ,  1.953E-03,   0.00    ) |  4.378E-04 6.104E-03
     593 2.5779E-01 4.3774E-04  ( 0.264    ,  1.953E-03,   0.00    ) |  4.377E-04 6.104E-03
     594 2.5822E-01 4.3766E-04  ( 0.264    ,  1.953E-03,   0.00    ) |  4.377E-04 6.104E-03
     595 2.5866E-01 4.3758E-04  ( 0.264    ,  1.953E-03,   0.00    ) |  4.376E-04 6.104E-03
     596 2.5910E-01 4.3749E-04  ( 0.264    ,  1.953E-03,   0.00    ) |  4.375E-04 6.104E-03
     597 2.5954E-01 4.3741E-04  ( 0.264    ,  1.953E-03,   0.00    ) |  4.374E-04 6.104E-03
     598 2.5997E-01 4.3733E-04  ( 0.264    ,  1.953E-03,   0.00    ) |  4.373E-04 6.104E-03
     599 2.6041E-01 4.3724E-04  ( 0.264    ,  1.953E-03,   0.00    ) |  4.372E-04 6.104E-03
     600 2.6085E-01 4.3716E-04  ( 0.264    ,  1.953E-03,   0.00    ) |  4.372E-04 6.104E-03
     601 2.6129E-01 4.3708E-04  ( 0.264    ,  1.953E-03,   0.00    ) |  4.371E-04 6.104E-03
     602 2.6172E-01 4.3700E-04  ( 0.264    ,  1.953E-03,   0.00    ) |  4.370E-04 6.104E-03
     603 2.6216E-01 4.3691E-04  ( 0.264    ,  1.953E-03,   0.00    ) |  4.369E-04 6.104E-03
     604 2.6260E-01 4.3683E-04  ( 0.264    ,  1.953E-03,   0.00    ) |  4.368E-04 6.104E-03
     605 2.6303E-01 4.3675E-04  ( 0.264    ,  1.953E-03,   0.00    ) |  4.367E-04 6.104E-03
     606 2.6347E-01 4.3666E-04  ( 0.264    ,  1.953E-03,   0.00    ) |  4.367E-04 6.104E-03
     607 2.6391E-01 4.3658E-04  ( 0.264    ,  1.953E-03,   0.00    ) |  4.366E-04 6.104E-03
     608 2.6434E-01 4.3650E-04  ( 0.264    , -1.953E-03,   0.00    ) |  4.365E-04 6.104E-03
     609 2.6478E-01 4.3642E-04  ( 0.264    , -1.953E-03,   0.00    ) |  4.364E-04 6.104E-03
     610 2.6522E-01 4.3633E-04  ( 0.264    , -1.953E-03,   0.00    ) |  4.363E-04 6.104E-03
     611 2.6565E-01 4.3625E-04  ( 0.264    , -1.953E-03,   0.00    ) |  4.362E-04 6.104E-03
     612 2.6609E-01 4.3617E-04  ( 0.264    , -1.953E-03,   0.00    ) |  4.362E-04 6.104E-03
     613 2.6652E-01 4.3608E-04  ( 0.264    , -1.953E-03,   0.00    ) |  4.361E-04 6.104E-03
     614 2.6696E-01 4.3600E-04  ( 0.264    , -1.953E-03,   0.00    ) |  4.360E-04 6.104E-03
     615 2.6740E-01 4.3592E-04  ( 0.264    , -1.953E-03,   0.00    ) |  4.359E-04 6.104E-03
     616 2.6783E-01 4.3584E-04  ( 0.264    , -1.953E-03,   0.00    ) |  4.358E-04 6.104E-03
     617 2.6827E-01 4.3575E-04  ( 0.264    , -1.953E-03,   0.00    ) |  4.358E-04 6.104E-03
     618 2.6870E-01 4.3567E-04  ( 0.264    , -1.953E-03,   0.00    ) |  4.357E-04 6.104E-03
     619 2.6914E-01 4.3559E-04  ( 0.260    , -1.953E-03,   0.00    ) |  4.356E-04 6.104E-03
     620 2.6958E-01 4.3550E-04  ( 0.260    , -1.953E-03,   0.00    ) |  4.355E-04 6.104E-03
     621 2.7001E-01 4.3542E-04  ( 0.260    , -1.953E-03,   0.00    ) |  4.354E-04 6.104E-03
     622 2.7045E-01 4.3534E-04  ( 0.260    , -1.953E-03,   0.00    ) |  4.353E-04 6.104E-03
     623 2.7088E-01 4.3526E-04  ( 0.260    , -1.953E-03,   0.00    ) |  4.353E-04 6.104E-03
     624 2.7132E-01 4.3517E-04  ( 0.260    , -1.953E-03,   0.00    ) |  4.352E-04 6.104E-03
     625 2.7175E-01 4.3509E-04  (-0.260    , -1.953E-03,   0.00    ) |  4.351E-04 6.104E-03
     626 2.7219E-01 4.3501E-04  ( 0.260    , -1.953E-03,   0.00    ) |  4.350E-04 6.104E-03
     627 2.7262E-01 4.3492E-04  ( 0.260    , -1.953E-03,   0.00    ) |  4.349E-04 6.104E-03
     628 2.7306E-01 4.3484E-04  ( 0.260    , -1.953E-03,   0.00    ) |  4.348E-04 6.104E-03
     629 2.7349E-01 4.3476E-04  ( 0.260    , -1.953E-03,   0.00    ) |  4.348E-04 6.104E-03
     630 2.7393E-01 4.3467E-04  ( 0.260    , -1.953E-03,   0.00    ) |  4.347E-04 6.104E-03
     631 2.7436E-01 4.3459E-04  (-0.260    , -1.953E-03,   0.00    ) |  4.346E-04 6.104E-03
     632 2.7480E-01 4.3451E-04  (-0.260    , -1.953E-03,   0.00    ) |  4.345E-04 6.104E-03
 *** Wrote plotfile to flash_run_hdf5_plt_cnt_0011 ****
     633 2.7523E-01 4.3442E-04  (-0.260    , -1.953E-03,   0.00    ) |  4.344E-04 6.104E-03
     634 2.7567E-01 4.3434E-04  ( 0.260    , -1.953E-03,   0.00    ) |  4.343E-04 6.104E-03
     635 2.7610E-01 4.3426E-04  (-0.260    , -1.953E-03,   0.00    ) |  4.343E-04 6.104E-03
     636 2.7653E-01 4.3417E-04  (-0.260    , -1.953E-03,   0.00    ) |  4.342E-04 6.104E-03
     637 2.7697E-01 4.3409E-04  (-0.260    , -1.953E-03,   0.00    ) |  4.341E-04 6.104E-03
     638 2.7740E-01 4.3400E-04  (-0.260    , -1.953E-03,   0.00    ) |  4.340E-04 6.104E-03
     639 2.7784E-01 4.3392E-04  (-0.260    , -1.953E-03,   0.00    ) |  4.339E-04 6.104E-03
     640 2.7827E-01 4.3384E-04  (-0.260    , -1.953E-03,   0.00    ) |  4.338E-04 6.104E-03
     641 2.7870E-01 4.3375E-04  (-0.260    , -1.953E-03,   0.00    ) |  4.338E-04 6.104E-03
     642 2.7914E-01 4.3367E-04  (-0.260    , -1.953E-03,   0.00    ) |  4.337E-04 6.104E-03
     643 2.7957E-01 4.3359E-04  (-0.260    , -1.953E-03,   0.00    ) |  4.336E-04 6.104E-03
     644 2.8000E-01 4.3350E-04  (-0.260    , -1.953E-03,   0.00    ) |  4.335E-04 6.104E-03
     645 2.8044E-01 4.3342E-04  (-0.260    , -1.953E-03,   0.00    ) |  4.334E-04 6.104E-03
     646 2.8087E-01 4.3333E-04  (-0.260    , -1.953E-03,   0.00    ) |  4.333E-04 6.104E-03
     647 2.8131E-01 4.3325E-04  (-0.260    , -1.953E-03,   0.00    ) |  4.333E-04 6.104E-03
     648 2.8174E-01 4.3317E-04  (-0.260    , -1.953E-03,   0.00    ) |  4.332E-04 6.104E-03
     649 2.8217E-01 4.3308E-04  (-0.260    , -1.953E-03,   0.00    ) |  4.331E-04 6.104E-03
     650 2.8260E-01 4.3300E-04  (-0.260    , -1.953E-03,   0.00    ) |  4.330E-04 6.104E-03
     651 2.8304E-01 4.3291E-04  (-0.260    , -1.953E-03,   0.00    ) |  4.329E-04 6.104E-03
     652 2.8347E-01 4.3283E-04  (-0.260    , -1.953E-03,   0.00    ) |  4.328E-04 6.104E-03
     653 2.8390E-01 4.3275E-04  (-0.260    , -1.953E-03,   0.00    ) |  4.327E-04 6.104E-03
     654 2.8434E-01 4.3266E-04  (-0.260    , -1.953E-03,   0.00    ) |  4.327E-04 6.104E-03
     655 2.8477E-01 4.3258E-04  (-0.260    , -1.953E-03,   0.00    ) |  4.326E-04 6.104E-03
     656 2.8520E-01 4.3249E-04  (-0.260    , -1.953E-03,   0.00    ) |  4.325E-04 6.104E-03
     657 2.8563E-01 4.3241E-04  (-0.260    , -1.953E-03,   0.00    ) |  4.324E-04 6.104E-03
     658 2.8607E-01 4.3232E-04  (-0.260    , -1.953E-03,   0.00    ) |  4.323E-04 6.104E-03
     659 2.8650E-01 4.3224E-04  (-0.260    , -1.953E-03,   0.00    ) |  4.322E-04 6.104E-03
     660 2.8693E-01 4.3216E-04  (-0.260    , -1.953E-03,   0.00    ) |  4.322E-04 6.104E-03
     661 2.8736E-01 4.3207E-04  (-0.260    , -1.953E-03,   0.00    ) |  4.321E-04 6.104E-03
     662 2.8779E-01 4.3199E-04  (-0.260    , -1.953E-03,   0.00    ) |  4.320E-04 6.104E-03
     663 2.8823E-01 4.3190E-04  (-0.260    , -1.953E-03,   0.00    ) |  4.319E-04 6.104E-03
     664 2.8866E-01 4.3182E-04  (-0.260    , -1.953E-03,   0.00    ) |  4.318E-04 6.104E-03
     665 2.8909E-01 4.3174E-04  (-0.260    , -1.953E-03,   0.00    ) |  4.317E-04 6.104E-03
     666 2.8952E-01 4.3165E-04  (-0.260    , -1.953E-03,   0.00    ) |  4.317E-04 6.104E-03
     667 2.8995E-01 4.3157E-04  (-0.260    , -1.953E-03,   0.00    ) |  4.316E-04 6.104E-03
     668 2.9039E-01 4.3148E-04  (-0.260    , -1.953E-03,   0.00    ) |  4.315E-04 6.104E-03
     669 2.9082E-01 4.3140E-04  (-0.260    ,  1.953E-03,   0.00    ) |  4.314E-04 6.104E-03
     670 2.9125E-01 4.3132E-04  (-0.260    , -1.953E-03,   0.00    ) |  4.313E-04 6.104E-03
     671 2.9168E-01 4.3123E-04  (-0.260    , -1.953E-03,   0.00    ) |  4.312E-04 6.104E-03
     672 2.9211E-01 4.3115E-04  (-0.260    , -1.953E-03,   0.00    ) |  4.311E-04 6.104E-03
     673 2.9254E-01 4.3107E-04  (-0.260    , -1.953E-03,   0.00    ) |  4.311E-04 6.104E-03
     674 2.9297E-01 4.3098E-04  ( 0.260    , -1.953E-03,   0.00    ) |  4.310E-04 6.104E-03
     675 2.9340E-01 4.3090E-04  (-0.260    ,  1.953E-03,   0.00    ) |  4.309E-04 6.104E-03
     676 2.9384E-01 4.3082E-04  (-0.260    , -1.953E-03,   0.00    ) |  4.308E-04 6.104E-03
     677 2.9427E-01 4.3073E-04  (-0.260    ,  1.953E-03,   0.00    ) |  4.307E-04 6.104E-03
     678 2.9470E-01 4.3065E-04  (-0.260    , -1.953E-03,   0.00    ) |  4.307E-04 6.104E-03
     679 2.9513E-01 4.3057E-04  (-0.260    , -1.953E-03,   0.00    ) |  4.306E-04 6.104E-03
     680 2.9556E-01 4.3049E-04  (-0.260    , -1.953E-03,   0.00    ) |  4.305E-04 6.104E-03
     681 2.9599E-01 4.3040E-04  (-0.256    , -1.953E-03,   0.00    ) |  4.304E-04 6.104E-03
     682 2.9642E-01 4.3032E-04  ( 0.256    , -1.953E-03,   0.00    ) |  4.303E-04 6.104E-03
     683 2.9685E-01 4.3024E-04  ( 0.256    , -1.953E-03,   0.00    ) |  4.302E-04 6.104E-03
     684 2.9728E-01 4.3016E-04  ( 0.256    , -1.953E-03,   0.00    ) |  4.302E-04 6.104E-03
     685 2.9771E-01 4.3008E-04  ( 0.256    , -1.953E-03,   0.00    ) |  4.301E-04 6.104E-03
     686 2.9814E-01 4.2999E-04  ( 0.256    , -1.953E-03,   0.00    ) |  4.300E-04 6.104E-03
     687 2.9857E-01 4.2991E-04  ( 0.256    , -1.953E-03,   0.00    ) |  4.299E-04 6.104E-03
     688 2.9900E-01 4.2983E-04  ( 0.256    , -1.953E-03,   0.00    ) |  4.298E-04 6.104E-03
     689 2.9943E-01 4.2975E-04  ( 0.256    , -1.953E-03,   0.00    ) |  4.298E-04 6.104E-03
     690 2.9986E-01 4.2967E-04  (-0.256    ,  1.953E-03,   0.00    ) |  4.297E-04 6.104E-03
 *** Wrote plotfile to flash_run_hdf5_plt_cnt_0012 ****
     691 3.0029E-01 4.2959E-04  (-0.256    ,  1.953E-03,   0.00    ) |  4.296E-04 6.104E-03
     692 3.0072E-01 4.2951E-04  (-0.256    , -1.953E-03,   0.00    ) |  4.295E-04 6.104E-03
     693 3.0115E-01 4.2943E-04  (-0.256    , -1.953E-03,   0.00    ) |  4.294E-04 6.104E-03
     694 3.0158E-01 4.2934E-04  (-0.256    ,  1.953E-03,   0.00    ) |  4.293E-04 6.104E-03
     695 3.0201E-01 4.2926E-04  (-0.256    ,  1.953E-03,   0.00    ) |  4.293E-04 6.104E-03
     696 3.0244E-01 4.2918E-04  ( 0.256    , -1.953E-03,   0.00    ) |  4.292E-04 6.104E-03
     697 3.0287E-01 4.2910E-04  (-0.256    , -1.953E-03,   0.00    ) |  4.291E-04 6.104E-03
     698 3.0329E-01 4.2902E-04  (-0.256    , -1.953E-03,   0.00    ) |  4.290E-04 6.104E-03
     699 3.0372E-01 4.2893E-04  (-0.256    , -1.953E-03,   0.00    ) |  4.289E-04 6.104E-03
     700 3.0415E-01 4.2885E-04  (-0.256    ,  1.953E-03,   0.00    ) |  4.289E-04 6.104E-03
     701 3.0458E-01 4.2877E-04  (-0.256    ,  1.953E-03,   0.00    ) |  4.288E-04 6.104E-03
     702 3.0501E-01 4.2869E-04  ( 0.256    , -1.953E-03,   0.00    ) |  4.287E-04 6.104E-03
     703 3.0544E-01 4.2860E-04  (-0.256    , -1.953E-03,   0.00    ) |  4.286E-04 6.104E-03
     704 3.0587E-01 4.2852E-04  (-0.256    , -1.953E-03,   0.00    ) |  4.285E-04 6.104E-03
     705 3.0630E-01 4.2843E-04  (-0.256    , -1.953E-03,   0.00    ) |  4.284E-04 6.104E-03
     706 3.0672E-01 4.2835E-04  (-0.256    , -1.953E-03,   0.00    ) |  4.283E-04 6.104E-03
     707 3.0715E-01 4.2826E-04  (-0.256    , -1.953E-03,   0.00    ) |  4.283E-04 6.104E-03
     708 3.0758E-01 4.2818E-04  (-0.256    , -1.953E-03,   0.00    ) |  4.282E-04 6.104E-03
     709 3.0801E-01 4.2809E-04  (-0.256    , -1.953E-03,   0.00    ) |  4.281E-04 6.104E-03
     710 3.0844E-01 4.2801E-04  (-0.256    , -1.953E-03,   0.00    ) |  4.280E-04 6.104E-03
     711 3.0886E-01 4.2792E-04  (-0.256    , -1.953E-03,   0.00    ) |  4.279E-04 6.104E-03
     712 3.0929E-01 4.2784E-04  (-0.256    , -1.953E-03,   0.00    ) |  4.278E-04 6.104E-03
     713 3.0972E-01 4.2775E-04  (-0.256    , -1.953E-03,   0.00    ) |  4.278E-04 6.104E-03
     714 3.1015E-01 4.2767E-04  (-0.256    , -1.953E-03,   0.00    ) |  4.277E-04 6.104E-03
     715 3.1058E-01 4.2758E-04  (-0.256    , -1.953E-03,   0.00    ) |  4.276E-04 6.104E-03
     716 3.1100E-01 4.2749E-04  (-0.256    , -1.953E-03,   0.00    ) |  4.275E-04 6.104E-03
     717 3.1143E-01 4.2741E-04  (-0.256    , -1.953E-03,   0.00    ) |  4.274E-04 6.104E-03
     718 3.1186E-01 4.2732E-04  (-0.256    , -1.953E-03,   0.00    ) |  4.273E-04 6.104E-03
     719 3.1229E-01 4.2724E-04  (-0.256    , -1.953E-03,   0.00    ) |  4.272E-04 6.104E-03
     720 3.1271E-01 4.2715E-04  (-0.256    , -1.953E-03,   0.00    ) |  4.272E-04 6.104E-03
     721 3.1314E-01 4.2706E-04  (-0.256    , -1.953E-03,   0.00    ) |  4.271E-04 6.104E-03
     722 3.1357E-01 4.2698E-04  (-0.256    , -1.953E-03,   0.00    ) |  4.270E-04 6.104E-03
     723 3.1399E-01 4.2689E-04  (-0.256    , -1.953E-03,   0.00    ) |  4.269E-04 6.104E-03
     724 3.1442E-01 4.2681E-04  (-0.256    , -1.953E-03,   0.00    ) |  4.268E-04 6.104E-03
     725 3.1485E-01 4.2672E-04  (-0.256    , -1.953E-03,   0.00    ) |  4.267E-04 6.104E-03
     726 3.1527E-01 4.2664E-04  (-0.256    , -1.953E-03,   0.00    ) |  4.266E-04 6.104E-03
     727 3.1570E-01 4.2655E-04  (-0.256    , -1.953E-03,   0.00    ) |  4.266E-04 6.104E-03
     728 3.1613E-01 4.2647E-04  (-0.256    , -1.953E-03,   0.00    ) |  4.265E-04 6.104E-03
     729 3.1655E-01 4.2638E-04  (-0.256    , -1.953E-03,   0.00    ) |  4.264E-04 6.104E-03
     730 3.1698E-01 4.2630E-04  (-0.256    , -1.953E-03,   0.00    ) |  4.263E-04 6.104E-03
     731 3.1741E-01 4.2622E-04  (-0.256    , -1.953E-03,   0.00    ) |  4.262E-04 6.104E-03
     732 3.1783E-01 4.2613E-04  (-0.256    , -1.953E-03,   0.00    ) |  4.261E-04 6.104E-03
     733 3.1826E-01 4.2605E-04  (-0.256    , -1.953E-03,   0.00    ) |  4.261E-04 6.104E-03
     734 3.1869E-01 4.2597E-04  (-0.256    , -1.953E-03,   0.00    ) |  4.260E-04 6.104E-03
     735 3.1911E-01 4.2588E-04  (-0.256    , -1.953E-03,   0.00    ) |  4.259E-04 6.104E-03
     736 3.1954E-01 4.2580E-04  (-0.256    , -1.953E-03,   0.00    ) |  4.258E-04 6.104E-03
     737 3.1996E-01 4.2572E-04  (-0.256    , -1.953E-03,   0.00    ) |  4.257E-04 6.104E-03
     738 3.2039E-01 4.2564E-04  (-0.256    , -1.953E-03,   0.00    ) |  4.256E-04 6.104E-03
     739 3.2081E-01 4.2556E-04  (-0.256    , -1.953E-03,   0.00    ) |  4.256E-04 6.104E-03
     740 3.2124E-01 4.2547E-04  (-0.256    , -1.953E-03,   0.00    ) |  4.255E-04 6.104E-03
     741 3.2167E-01 4.2539E-04  (-0.256    , -1.953E-03,   0.00    ) |  4.254E-04 6.104E-03
     742 3.2209E-01 4.2531E-04  (-0.256    , -1.953E-03,   0.00    ) |  4.253E-04 6.104E-03
     743 3.2252E-01 4.2523E-04  (-0.256    , -1.953E-03,   0.00    ) |  4.252E-04 6.104E-03
     744 3.2294E-01 4.2515E-04  (-0.256    , -1.953E-03,   0.00    ) |  4.252E-04 6.104E-03
     745 3.2337E-01 4.2507E-04  (-0.256    , -1.953E-03,   0.00    ) |  4.251E-04 6.104E-03
     746 3.2379E-01 4.2499E-04  (-0.256    , -1.953E-03,   0.00    ) |  4.250E-04 6.104E-03
     747 3.2422E-01 4.2491E-04  (-0.256    , -1.953E-03,   0.00    ) |  4.249E-04 6.104E-03
     748 3.2464E-01 4.2483E-04  (-0.256    , -1.953E-03,   0.00    ) |  4.248E-04 6.104E-03
 *** Wrote plotfile to flash_run_hdf5_plt_cnt_0013 ****
     749 3.2507E-01 4.2475E-04  (-0.256    , -1.953E-03,   0.00    ) |  4.248E-04 6.104E-03
     750 3.2549E-01 4.2467E-04  (-0.256    , -1.953E-03,   0.00    ) |  4.247E-04 6.104E-03
     751 3.2592E-01 4.2459E-04  (-0.256    , -1.953E-03,   0.00    ) |  4.246E-04 6.104E-03
     752 3.2634E-01 4.2451E-04  (-0.256    , -1.953E-03,   0.00    ) |  4.245E-04 6.104E-03
     753 3.2676E-01 4.2443E-04  (-0.256    , -1.953E-03,   0.00    ) |  4.244E-04 6.104E-03
     754 3.2719E-01 4.2435E-04  (-0.256    , -1.953E-03,   0.00    ) |  4.244E-04 6.104E-03
     755 3.2761E-01 4.2428E-04  (-0.256    , -1.953E-03,   0.00    ) |  4.243E-04 6.104E-03
     756 3.2804E-01 4.2420E-04  (-0.256    , -1.953E-03,   0.00    ) |  4.242E-04 6.104E-03
     757 3.2846E-01 4.2412E-04  (-0.256    , -1.953E-03,   0.00    ) |  4.241E-04 6.104E-03
     758 3.2889E-01 4.2404E-04  (-0.256    , -1.953E-03,   0.00    ) |  4.240E-04 6.104E-03
     759 3.2931E-01 4.2396E-04  (-0.256    , -1.953E-03,   0.00    ) |  4.240E-04 6.104E-03
     760 3.2973E-01 4.2388E-04  (-0.256    , -1.953E-03,   0.00    ) |  4.239E-04 6.104E-03
     761 3.3016E-01 4.2380E-04  (-0.256    , -1.953E-03,   0.00    ) |  4.238E-04 6.104E-03
     762 3.3058E-01 4.2372E-04  (-0.256    , -1.953E-03,   0.00    ) |  4.237E-04 6.104E-03
     763 3.3101E-01 4.2364E-04  (-0.256    , -1.953E-03,   0.00    ) |  4.236E-04 6.104E-03
     764 3.3143E-01 4.2356E-04  (-0.256    , -1.953E-03,   0.00    ) |  4.236E-04 6.104E-03
     765 3.3185E-01 4.2349E-04  (-0.256    , -1.953E-03,   0.00    ) |  4.235E-04 6.104E-03
     766 3.3228E-01 4.2341E-04  (-0.256    , -1.953E-03,   0.00    ) |  4.234E-04 6.104E-03
     767 3.3270E-01 4.2333E-04  (-0.256    , -1.953E-03,   0.00    ) |  4.233E-04 6.104E-03
     768 3.3312E-01 4.2325E-04  (-0.256    , -1.953E-03,   0.00    ) |  4.232E-04 6.104E-03
     769 3.3355E-01 4.2317E-04  (-0.256    , -1.953E-03,   0.00    ) |  4.232E-04 6.104E-03
     770 3.3397E-01 4.2309E-04  (-0.256    , -1.953E-03,   0.00    ) |  4.231E-04 6.104E-03
     771 3.3439E-01 4.2301E-04  (-0.256    , -1.953E-03,   0.00    ) |  4.230E-04 6.104E-03
     772 3.3482E-01 4.2293E-04  (-0.256    , -1.953E-03,   0.00    ) |  4.229E-04 6.104E-03
     773 3.3524E-01 4.2285E-04  (-0.256    , -1.953E-03,   0.00    ) |  4.228E-04 6.104E-03
     774 3.3566E-01 4.2277E-04  (-0.256    , -1.953E-03,   0.00    ) |  4.228E-04 6.104E-03
     775 3.3608E-01 4.2269E-04  (-0.256    , -1.953E-03,   0.00    ) |  4.227E-04 6.104E-03
     776 3.3651E-01 4.2261E-04  (-0.256    , -1.953E-03,   0.00    ) |  4.226E-04 6.104E-03
     777 3.3693E-01 4.2253E-04  (-0.256    , -1.953E-03,   0.00    ) |  4.225E-04 6.104E-03
     778 3.3735E-01 4.2245E-04  (-0.256    , -1.953E-03,   0.00    ) |  4.224E-04 6.104E-03
     779 3.3777E-01 4.2237E-04  (-0.252    , -1.953E-03,   0.00    ) |  4.224E-04 6.104E-03
     780 3.3820E-01 4.2229E-04  (-0.252    , -1.953E-03,   0.00    ) |  4.223E-04 6.104E-03
     781 3.3862E-01 4.2221E-04  (-0.252    , -1.953E-03,   0.00    ) |  4.222E-04 6.104E-03
     782 3.3904E-01 4.2213E-04  (-0.252    , -1.953E-03,   0.00    ) |  4.221E-04 6.104E-03
     783 3.3946E-01 4.2205E-04  (-0.252    , -1.953E-03,   0.00    ) |  4.220E-04 6.104E-03
     784 3.3989E-01 4.2197E-04  (-0.252    , -1.953E-03,   0.00    ) |  4.220E-04 6.104E-03
     785 3.4031E-01 4.2189E-04  (-0.252    , -1.953E-03,   0.00    ) |  4.219E-04 6.104E-03
     786 3.4073E-01 4.2181E-04  (-0.252    , -1.953E-03,   0.00    ) |  4.218E-04 6.104E-03
     787 3.4115E-01 4.2172E-04  (-0.252    , -1.953E-03,   0.00    ) |  4.217E-04 6.104E-03
     788 3.4157E-01 4.2164E-04  (-0.252    , -1.953E-03,   0.00    ) |  4.216E-04 6.104E-03
     789 3.4199E-01 4.2156E-04  (-0.252    , -1.953E-03,   0.00    ) |  4.216E-04 6.104E-03
     790 3.4242E-01 4.2148E-04  (-0.252    , -1.953E-03,   0.00    ) |  4.215E-04 6.104E-03
     791 3.4284E-01 4.2140E-04  (-0.252    , -1.953E-03,   0.00    ) |  4.214E-04 6.104E-03
     792 3.4326E-01 4.2132E-04  (-0.252    , -1.953E-03,   0.00    ) |  4.213E-04 6.104E-03
     793 3.4368E-01 4.2124E-04  (-0.252    , -1.953E-03,   0.00    ) |  4.212E-04 6.104E-03
     794 3.4410E-01 4.2116E-04  (-0.252    , -1.953E-03,   0.00    ) |  4.212E-04 6.104E-03
     795 3.4452E-01 4.2108E-04  (-0.252    , -1.953E-03,   0.00    ) |  4.211E-04 6.104E-03
     796 3.4494E-01 4.2100E-04  (-0.252    , -1.953E-03,   0.00    ) |  4.210E-04 6.104E-03
     797 3.4536E-01 4.2092E-04  (-0.252    , -1.953E-03,   0.00    ) |  4.209E-04 6.104E-03
     798 3.4579E-01 4.2084E-04  (-0.252    , -1.953E-03,   0.00    ) |  4.208E-04 6.104E-03
     799 3.4621E-01 4.2076E-04  (-0.252    , -1.953E-03,   0.00    ) |  4.208E-04 6.104E-03
     800 3.4663E-01 4.2068E-04  (-0.252    , -1.953E-03,   0.00    ) |  4.207E-04 6.104E-03
     801 3.4705E-01 4.2060E-04  (-0.252    , -1.953E-03,   0.00    ) |  4.206E-04 6.104E-03
     802 3.4747E-01 4.2052E-04  (-0.252    , -1.953E-03,   0.00    ) |  4.205E-04 6.104E-03
     803 3.4789E-01 4.2044E-04  (-0.252    , -1.953E-03,   0.00    ) |  4.204E-04 6.104E-03
     804 3.4831E-01 4.2036E-04  (-0.252    , -1.953E-03,   0.00    ) |  4.204E-04 6.104E-03
     805 3.4873E-01 4.2028E-04  (-0.252    , -1.953E-03,   0.00    ) |  4.203E-04 6.104E-03
     806 3.4915E-01 4.2019E-04  (-0.252    , -1.953E-03,   0.00    ) |  4.202E-04 6.104E-03
     807 3.4957E-01 4.2011E-04  (-0.252    , -1.953E-03,   0.00    ) |  4.201E-04 6.104E-03
     808 3.4999E-01 4.2003E-04  (-0.252    , -1.953E-03,   0.00    ) |  4.200E-04 6.104E-03
 *** Wrote plotfile to flash_run_hdf5_plt_cnt_0014 ****
     809 3.5041E-01 4.1995E-04  (-0.252    , -1.953E-03,   0.00    ) |  4.200E-04 6.104E-03
     810 3.5083E-01 4.1987E-04  (-0.252    , -1.953E-03,   0.00    ) |  4.199E-04 6.104E-03
     811 3.5125E-01 4.1979E-04  (-0.252    , -1.953E-03,   0.00    ) |  4.198E-04 6.104E-03
     812 3.5167E-01 4.1971E-04  (-0.252    , -1.953E-03,   0.00    ) |  4.197E-04 6.104E-03
     813 3.5209E-01 4.1963E-04  (-0.252    , -1.953E-03,   0.00    ) |  4.196E-04 6.104E-03
     814 3.5251E-01 4.1954E-04  (-0.252    , -1.953E-03,   0.00    ) |  4.195E-04 6.104E-03
     815 3.5293E-01 4.1946E-04  (-0.252    , -1.953E-03,   0.00    ) |  4.195E-04 6.104E-03
     816 3.5335E-01 4.1938E-04  (-0.252    , -1.953E-03,   0.00    ) |  4.194E-04 6.104E-03
     817 3.5377E-01 4.1930E-04  (-0.252    , -1.953E-03,   0.00    ) |  4.193E-04 6.104E-03
     818 3.5419E-01 4.1922E-04  (-0.252    , -1.953E-03,   0.00    ) |  4.192E-04 6.104E-03
     819 3.5461E-01 4.1914E-04  (-0.252    , -1.953E-03,   0.00    ) |  4.191E-04 6.104E-03
     820 3.5503E-01 4.1906E-04  (-0.252    , -1.953E-03,   0.00    ) |  4.191E-04 6.104E-03
     821 3.5544E-01 4.1897E-04  (-0.252    , -1.953E-03,   0.00    ) |  4.190E-04 6.104E-03
     822 3.5586E-01 4.1889E-04  (-0.252    , -1.953E-03,   0.00    ) |  4.189E-04 6.104E-03
     823 3.5628E-01 4.1881E-04  (-0.252    , -1.953E-03,   0.00    ) |  4.188E-04 6.104E-03
     824 3.5670E-01 4.1873E-04  (-0.252    , -1.953E-03,   0.00    ) |  4.187E-04 6.104E-03
     825 3.5712E-01 4.1865E-04  (-0.252    , -1.953E-03,   0.00    ) |  4.186E-04 6.104E-03
     826 3.5754E-01 4.1857E-04  (-0.256    , -1.953E-03,   0.00    ) |  4.186E-04 6.104E-03
     827 3.5796E-01 4.1849E-04  (-0.256    , -1.953E-03,   0.00    ) |  4.185E-04 6.104E-03
     828 3.5838E-01 4.1840E-04  (-0.256    , -1.953E-03,   0.00    ) |  4.184E-04 6.104E-03
     829 3.5879E-01 4.1832E-04  (-0.256    , -1.953E-03,   0.00    ) |  4.183E-04 6.104E-03
     830 3.5921E-01 4.1824E-04  (-0.256    , -1.953E-03,   0.00    ) |  4.182E-04 6.104E-03
     831 3.5963E-01 4.1816E-04  (-0.256    , -1.953E-03,   0.00    ) |  4.182E-04 6.104E-03
     832 3.6005E-01 4.1808E-04  (-0.256    , -1.953E-03,   0.00    ) |  4.181E-04 6.104E-03
     833 3.6047E-01 4.1799E-04  (-0.256    , -1.953E-03,   0.00    ) |  4.180E-04 6.104E-03
     834 3.6088E-01 4.1791E-04  (-0.256    , -1.953E-03,   0.00    ) |  4.179E-04 6.104E-03
     835 3.6130E-01 4.1783E-04  (-0.256    , -1.953E-03,   0.00    ) |  4.178E-04 6.104E-03
     836 3.6172E-01 4.1775E-04  (-0.256    , -1.953E-03,   0.00    ) |  4.177E-04 6.104E-03
     837 3.6214E-01 4.1767E-04  (-0.256    , -1.953E-03,   0.00    ) |  4.177E-04 6.104E-03
     838 3.6256E-01 4.1758E-04  (-0.256    , -1.953E-03,   0.00    ) |  4.176E-04 6.104E-03
     839 3.6297E-01 4.1750E-04  (-0.256    , -1.953E-03,   0.00    ) |  4.175E-04 6.104E-03
     840 3.6339E-01 4.1742E-04  (-0.256    , -1.953E-03,   0.00    ) |  4.174E-04 6.104E-03
     841 3.6381E-01 4.1734E-04  (-0.256    , -1.953E-03,   0.00    ) |  4.173E-04 6.104E-03
     842 3.6423E-01 4.1725E-04  (-0.256    , -1.953E-03,   0.00    ) |  4.173E-04 6.104E-03
     843 3.6464E-01 4.1717E-04  (-0.256    , -1.953E-03,   0.00    ) |  4.172E-04 6.104E-03
     844 3.6506E-01 4.1709E-04  (-0.256    , -1.953E-03,   0.00    ) |  4.171E-04 6.104E-03
     845 3.6548E-01 4.1701E-04  (-0.256    , -1.953E-03,   0.00    ) |  4.170E-04 6.104E-03
     846 3.6589E-01 4.1693E-04  (-0.256    , -1.953E-03,   0.00    ) |  4.169E-04 6.104E-03
     847 3.6631E-01 4.1684E-04  (-0.256    , -1.953E-03,   0.00    ) |  4.168E-04 6.104E-03
     848 3.6673E-01 4.1676E-04  (-0.256    , -1.953E-03,   0.00    ) |  4.168E-04 6.104E-03
     849 3.6714E-01 4.1668E-04  (-0.256    , -1.953E-03,   0.00    ) |  4.167E-04 6.104E-03
     850 3.6756E-01 4.1660E-04  (-0.256    , -1.953E-03,   0.00    ) |  4.166E-04 6.104E-03
     851 3.6798E-01 4.1651E-04  (-0.256    , -1.953E-03,   0.00    ) |  4.165E-04 6.104E-03
     852 3.6839E-01 4.1643E-04  (-0.256    , -1.953E-03,   0.00    ) |  4.164E-04 6.104E-03
     853 3.6881E-01 4.1635E-04  (-0.256    , -1.953E-03,   0.00    ) |  4.163E-04 6.104E-03
     854 3.6923E-01 4.1627E-04  (-0.256    , -1.953E-03,   0.00    ) |  4.163E-04 6.104E-03
     855 3.6964E-01 4.1619E-04  (-0.256    , -1.953E-03,   0.00    ) |  4.162E-04 6.104E-03
     856 3.7006E-01 4.1610E-04  (-0.256    , -1.953E-03,   0.00    ) |  4.161E-04 6.104E-03
     857 3.7048E-01 4.1602E-04  (-0.256    , -1.953E-03,   0.00    ) |  4.160E-04 6.104E-03
     858 3.7089E-01 4.1594E-04  (-0.256    , -1.953E-03,   0.00    ) |  4.159E-04 6.104E-03
     859 3.7131E-01 4.1586E-04  (-0.256    , -1.953E-03,   0.00    ) |  4.159E-04 6.104E-03
     860 3.7172E-01 4.1577E-04  (-0.256    , -1.953E-03,   0.00    ) |  4.158E-04 6.104E-03
     861 3.7214E-01 4.1569E-04  (-0.256    , -1.953E-03,   0.00    ) |  4.157E-04 6.104E-03
     862 3.7256E-01 4.1561E-04  (-0.256    , -1.953E-03,   0.00    ) |  4.156E-04 6.104E-03
     863 3.7297E-01 4.1553E-04  (-0.256    , -1.953E-03,   0.00    ) |  4.155E-04 6.104E-03
     864 3.7339E-01 4.1544E-04  (-0.256    , -1.953E-03,   0.00    ) |  4.154E-04 6.104E-03
     865 3.7380E-01 4.1536E-04  (-0.256    , -1.953E-03,   0.00    ) |  4.154E-04 6.104E-03
     866 3.7422E-01 4.1528E-04  (-0.256    , -1.953E-03,   0.00    ) |  4.153E-04 6.104E-03
     867 3.7463E-01 4.1520E-04  (-0.256    , -1.953E-03,   0.00    ) |  4.152E-04 6.104E-03
 *** Wrote plotfile to flash_run_hdf5_plt_cnt_0015 ****
     868 3.7505E-01 4.1512E-04  (-0.256    , -1.953E-03,   0.00    ) |  4.151E-04 6.104E-03
     869 3.7546E-01 4.1503E-04  (-0.256    , -1.953E-03,   0.00    ) |  4.150E-04 6.104E-03
     870 3.7588E-01 4.1495E-04  (-0.256    , -1.953E-03,   0.00    ) |  4.150E-04 6.104E-03
     871 3.7629E-01 4.1487E-04  (-0.256    , -1.953E-03,   0.00    ) |  4.149E-04 6.104E-03
     872 3.7671E-01 4.1479E-04  (-0.256    , -1.953E-03,   0.00    ) |  4.148E-04 6.104E-03
     873 3.7712E-01 4.1470E-04  (-0.256    , -1.953E-03,   0.00    ) |  4.147E-04 6.104E-03
     874 3.7754E-01 4.1462E-04  (-0.256    , -1.953E-03,   0.00    ) |  4.146E-04 6.104E-03
     875 3.7795E-01 4.1454E-04  (-0.256    , -1.953E-03,   0.00    ) |  4.145E-04 6.104E-03
     876 3.7837E-01 4.1446E-04  (-0.256    , -1.953E-03,   0.00    ) |  4.145E-04 6.104E-03
     877 3.7878E-01 4.1438E-04  (-0.256    , -1.953E-03,   0.00    ) |  4.144E-04 6.104E-03
     878 3.7920E-01 4.1429E-04  (-0.256    , -1.953E-03,   0.00    ) |  4.143E-04 6.104E-03
     879 3.7961E-01 4.1421E-04  (-0.256    , -1.953E-03,   0.00    ) |  4.142E-04 6.104E-03
     880 3.8002E-01 4.1413E-04  (-0.256    , -1.953E-03,   0.00    ) |  4.141E-04 6.104E-03
     881 3.8044E-01 4.1405E-04  (-0.256    , -1.953E-03,   0.00    ) |  4.140E-04 6.104E-03
     882 3.8085E-01 4.1397E-04  (-0.256    , -1.953E-03,   0.00    ) |  4.140E-04 6.104E-03
     883 3.8127E-01 4.1388E-04  (-0.256    , -1.953E-03,   0.00    ) |  4.139E-04 6.104E-03
     884 3.8168E-01 4.1380E-04  (-0.256    , -1.953E-03,   0.00    ) |  4.138E-04 6.104E-03
     885 3.8209E-01 4.1372E-04  (-0.256    , -1.953E-03,   0.00    ) |  4.137E-04 6.104E-03
     886 3.8251E-01 4.1364E-04  (-0.256    , -1.953E-03,   0.00    ) |  4.136E-04 6.104E-03
     887 3.8292E-01 4.1356E-04  (-0.256    , -1.953E-03,   0.00    ) |  4.136E-04 6.104E-03
     888 3.8333E-01 4.1347E-04  (-0.256    , -1.953E-03,   0.00    ) |  4.135E-04 6.104E-03
     889 3.8375E-01 4.1339E-04  (-0.256    , -1.953E-03,   0.00    ) |  4.134E-04 6.104E-03
     890 3.8416E-01 4.1331E-04  (-0.256    , -1.953E-03,   0.00    ) |  4.133E-04 6.104E-03
     891 3.8457E-01 4.1323E-04  (-0.256    , -1.953E-03,   0.00    ) |  4.132E-04 6.104E-03
     892 3.8499E-01 4.1315E-04  (-0.256    , -1.953E-03,   0.00    ) |  4.131E-04 6.104E-03
     893 3.8540E-01 4.1306E-04  (-0.256    , -1.953E-03,   0.00    ) |  4.131E-04 6.104E-03
     894 3.8581E-01 4.1298E-04  (-0.256    , -1.953E-03,   0.00    ) |  4.130E-04 6.104E-03
     895 3.8623E-01 4.1290E-04  (-0.256    , -1.953E-03,   0.00    ) |  4.129E-04 6.104E-03
     896 3.8664E-01 4.1282E-04  (-0.256    , -1.953E-03,   0.00    ) |  4.128E-04 6.104E-03
     897 3.8705E-01 4.1274E-04  (-0.256    , -1.953E-03,   0.00    ) |  4.127E-04 6.104E-03
     898 3.8747E-01 4.1266E-04  (-0.260    , -1.953E-03,   0.00    ) |  4.127E-04 6.104E-03
     899 3.8788E-01 4.1257E-04  (-0.260    , -1.953E-03,   0.00    ) |  4.126E-04 6.104E-03
     900 3.8829E-01 4.1249E-04  (-0.260    , -1.953E-03,   0.00    ) |  4.125E-04 6.104E-03
     901 3.8870E-01 4.1241E-04  (-0.260    , -1.953E-03,   0.00    ) |  4.124E-04 6.104E-03
     902 3.8912E-01 4.1233E-04  (-0.260    , -1.953E-03,   0.00    ) |  4.123E-04 6.104E-03
     903 3.8953E-01 4.1224E-04  (-0.260    , -1.953E-03,   0.00    ) |  4.122E-04 6.104E-03
     904 3.8994E-01 4.1216E-04  (-0.260    , -1.953E-03,   0.00    ) |  4.122E-04 6.104E-03
     905 3.9035E-01 4.1208E-04  (-0.260    , -1.953E-03,   0.00    ) |  4.121E-04 6.104E-03
     906 3.9076E-01 4.1200E-04  (-0.260    , -1.953E-03,   0.00    ) |  4.120E-04 6.104E-03
     907 3.9118E-01 4.1192E-04  (-0.260    , -1.953E-03,   0.00    ) |  4.119E-04 6.104E-03
     908 3.9159E-01 4.1183E-04  (-0.260    , -1.953E-03,   0.00    ) |  4.118E-04 6.104E-03
     909 3.9200E-01 4.1175E-04  (-0.260    , -1.953E-03,   0.00    ) |  4.118E-04 6.104E-03
     910 3.9241E-01 4.1167E-04  (-0.260    , -1.953E-03,   0.00    ) |  4.117E-04 6.104E-03
     911 3.9282E-01 4.1159E-04  (-0.260    , -1.953E-03,   0.00    ) |  4.116E-04 6.104E-03
     912 3.9324E-01 4.1150E-04  (-0.260    , -1.953E-03,   0.00    ) |  4.115E-04 6.104E-03
     913 3.9365E-01 4.1142E-04  (-0.260    , -1.953E-03,   0.00    ) |  4.114E-04 6.104E-03
     914 3.9406E-01 4.1134E-04  (-0.260    , -1.953E-03,   0.00    ) |  4.113E-04 6.104E-03
     915 3.9447E-01 4.1126E-04  (-0.260    , -1.953E-03,   0.00    ) |  4.113E-04 6.104E-03
     916 3.9488E-01 4.1118E-04  (-0.260    , -1.953E-03,   0.00    ) |  4.112E-04 6.104E-03
     917 3.9529E-01 4.1110E-04  (-0.260    , -1.953E-03,   0.00    ) |  4.111E-04 6.104E-03
     918 3.9570E-01 4.1101E-04  (-0.260    , -1.953E-03,   0.00    ) |  4.110E-04 6.104E-03
     919 3.9611E-01 4.1093E-04  (-0.260    , -1.953E-03,   0.00    ) |  4.109E-04 6.104E-03
     920 3.9652E-01 4.1085E-04  (-0.260    , -1.953E-03,   0.00    ) |  4.109E-04 6.104E-03
     921 3.9694E-01 4.1077E-04  (-0.260    , -1.953E-03,   0.00    ) |  4.108E-04 6.104E-03
     922 3.9735E-01 4.1069E-04  (-0.260    , -1.953E-03,   0.00    ) |  4.107E-04 6.104E-03
     923 3.9776E-01 4.1061E-04  (-0.260    , -1.953E-03,   0.00    ) |  4.106E-04 6.104E-03
     924 3.9817E-01 4.1052E-04  ( 0.260    ,  1.953E-03,   0.00    ) |  4.105E-04 6.104E-03
     925 3.9858E-01 4.1044E-04  (-0.260    , -1.953E-03,   0.00    ) |  4.104E-04 6.104E-03
     926 3.9899E-01 4.1036E-04  (-0.260    , -1.953E-03,   0.00    ) |  4.104E-04 6.104E-03
     927 3.9940E-01 4.1028E-04  (-0.260    , -1.953E-03,   0.00    ) |  4.103E-04 6.104E-03
     928 3.9981E-01 4.1020E-04  ( 0.260    ,  1.953E-03,   0.00    ) |  4.102E-04 6.104E-03
 *** Wrote plotfile to flash_run_hdf5_plt_cnt_0016 ****
     929 4.0022E-01 4.1012E-04  (-0.260    , -1.953E-03,   0.00    ) |  4.101E-04 6.104E-03
     930 4.0063E-01 4.1004E-04  (-0.260    , -1.953E-03,   0.00    ) |  4.100E-04 6.104E-03
     931 4.0104E-01 4.0996E-04  (-0.260    , -1.953E-03,   0.00    ) |  4.100E-04 6.104E-03
     932 4.0145E-01 4.0988E-04  ( 0.260    ,  1.953E-03,   0.00    ) |  4.099E-04 6.104E-03
     933 4.0186E-01 4.0980E-04  ( 0.260    ,  1.953E-03,   0.00    ) |  4.098E-04 6.104E-03
     934 4.0227E-01 4.0972E-04  (-0.260    , -1.953E-03,   0.00    ) |  4.097E-04 6.104E-03
     935 4.0268E-01 4.0964E-04  ( 0.260    ,  1.953E-03,   0.00    ) |  4.096E-04 6.104E-03
     936 4.0309E-01 4.0956E-04  ( 0.260    ,  1.953E-03,   0.00    ) |  4.096E-04 6.104E-03
     937 4.0350E-01 4.0948E-04  ( 0.260    ,  1.953E-03,   0.00    ) |  4.095E-04 6.104E-03
     938 4.0391E-01 4.0940E-04  ( 0.260    ,  1.953E-03,   0.00    ) |  4.094E-04 6.104E-03
     939 4.0432E-01 4.0932E-04  ( 0.260    ,  1.953E-03,   0.00    ) |  4.093E-04 6.104E-03
     940 4.0473E-01 4.0924E-04  ( 0.260    ,  1.953E-03,   0.00    ) |  4.092E-04 6.104E-03
     941 4.0514E-01 4.0916E-04  ( 0.260    ,  1.953E-03,   0.00    ) |  4.092E-04 6.104E-03
     942 4.0554E-01 4.0908E-04  ( 0.260    ,  1.953E-03,   0.00    ) |  4.091E-04 6.104E-03
     943 4.0595E-01 4.0900E-04  ( 0.260    ,  1.953E-03,   0.00    ) |  4.090E-04 6.104E-03
     944 4.0636E-01 4.0892E-04  ( 0.260    ,  1.953E-03,   0.00    ) |  4.089E-04 6.104E-03
     945 4.0677E-01 4.0884E-04  (-0.264    , -1.953E-03,   0.00    ) |  4.088E-04 6.104E-03
     946 4.0718E-01 4.0876E-04  (-0.264    , -1.953E-03,   0.00    ) |  4.088E-04 6.104E-03
     947 4.0759E-01 4.0868E-04  (-0.264    , -1.953E-03,   0.00    ) |  4.087E-04 6.104E-03
     948 4.0800E-01 4.0859E-04  (-0.264    , -1.953E-03,   0.00    ) |  4.086E-04 6.104E-03
     949 4.0841E-01 4.0851E-04  (-0.264    , -1.953E-03,   0.00    ) |  4.085E-04 6.104E-03
     950 4.0882E-01 4.0843E-04  (-0.264    , -1.953E-03,   0.00    ) |  4.084E-04 6.104E-03
     951 4.0922E-01 4.0835E-04  (-0.264    , -1.953E-03,   0.00    ) |  4.084E-04 6.104E-03
     952 4.0963E-01 4.0827E-04  (-0.264    , -1.953E-03,   0.00    ) |  4.083E-04 6.104E-03
     953 4.1004E-01 4.0819E-04  ( 0.264    ,  1.953E-03,   0.00    ) |  4.082E-04 6.104E-03
     954 4.1045E-01 4.0811E-04  ( 0.264    ,  1.953E-03,   0.00    ) |  4.081E-04 6.104E-03
     955 4.1086E-01 4.0803E-04  ( 0.264    ,  1.953E-03,   0.00    ) |  4.080E-04 6.104E-03
     956 4.1126E-01 4.0795E-04  ( 0.264    ,  1.953E-03,   0.00    ) |  4.080E-04 6.104E-03
     957 4.1167E-01 4.0787E-04  ( 0.264    ,  1.953E-03,   0.00    ) |  4.079E-04 6.104E-03
     958 4.1208E-01 4.0779E-04  ( 0.264    ,  1.953E-03,   0.00    ) |  4.078E-04 6.104E-03
     959 4.1249E-01 4.0771E-04  ( 0.264    ,  1.953E-03,   0.00    ) |  4.077E-04 6.104E-03
     960 4.1290E-01 4.0763E-04  ( 0.264    ,  1.953E-03,   0.00    ) |  4.076E-04 6.104E-03
     961 4.1330E-01 4.0755E-04  ( 0.264    ,  1.953E-03,   0.00    ) |  4.075E-04 6.104E-03
     962 4.1371E-01 4.0747E-04  ( 0.264    ,  1.953E-03,   0.00    ) |  4.075E-04 6.104E-03
     963 4.1412E-01 4.0739E-04  ( 0.264    ,  1.953E-03,   0.00    ) |  4.074E-04 6.104E-03
     964 4.1453E-01 4.0731E-04  ( 0.264    ,  1.953E-03,   0.00    ) |  4.073E-04 6.104E-03
     965 4.1493E-01 4.0723E-04  ( 0.264    ,  1.953E-03,   0.00    ) |  4.072E-04 6.104E-03
     966 4.1534E-01 4.0715E-04  ( 0.264    ,  1.953E-03,   0.00    ) |  4.071E-04 6.104E-03
     967 4.1575E-01 4.0707E-04  ( 0.264    ,  1.953E-03,   0.00    ) |  4.071E-04 6.104E-03
     968 4.1615E-01 4.0699E-04  ( 0.264    ,  1.953E-03,   0.00    ) |  4.070E-04 6.104E-03
     969 4.1656E-01 4.0691E-04  ( 0.264    ,  1.953E-03,   0.00    ) |  4.069E-04 6.104E-03
     970 4.1697E-01 4.0683E-04  ( 0.264    ,  1.953E-03,   0.00    ) |  4.068E-04 6.104E-03
     971 4.1738E-01 4.0675E-04  ( 0.264    ,  1.953E-03,   0.00    ) |  4.068E-04 6.104E-03
     972 4.1778E-01 4.0667E-04  ( 0.264    ,  1.953E-03,   0.00    ) |  4.067E-04 6.104E-03
     973 4.1819E-01 4.0659E-04  ( 0.264    ,  1.953E-03,   0.00    ) |  4.066E-04 6.104E-03
     974 4.1860E-01 4.0651E-04  ( 0.264    ,  1.953E-03,   0.00    ) |  4.065E-04 6.104E-03
     975 4.1900E-01 4.0644E-04  ( 0.264    ,  1.953E-03,   0.00    ) |  4.064E-04 6.104E-03
     976 4.1941E-01 4.0636E-04  ( 0.264    ,  1.953E-03,   0.00    ) |  4.064E-04 6.104E-03
     977 4.1981E-01 4.0628E-04  ( 0.264    ,  1.953E-03,   0.00    ) |  4.063E-04 6.104E-03
     978 4.2022E-01 4.0620E-04  ( 0.264    ,  1.953E-03,   0.00    ) |  4.062E-04 6.104E-03
     979 4.2063E-01 4.0612E-04  ( 0.264    ,  1.953E-03,   0.00    ) |  4.061E-04 6.104E-03
     980 4.2103E-01 4.0604E-04  ( 0.264    ,  1.953E-03,   0.00    ) |  4.060E-04 6.104E-03
     981 4.2144E-01 4.0597E-04  ( 0.264    ,  1.953E-03,   0.00    ) |  4.060E-04 6.104E-03
     982 4.2185E-01 4.0589E-04  ( 0.264    ,  1.953E-03,   0.00    ) |  4.059E-04 6.104E-03
     983 4.2225E-01 4.0581E-04  ( 0.264    ,  1.953E-03,   0.00    ) |  4.058E-04 6.104E-03
     984 4.2266E-01 4.0573E-04  ( 0.264    ,  1.953E-03,   0.00    ) |  4.057E-04 6.104E-03
     985 4.2306E-01 4.0565E-04  ( 0.264    ,  1.953E-03,   0.00    ) |  4.057E-04 6.104E-03
     986 4.2347E-01 4.0558E-04  ( 0.264    ,  1.953E-03,   0.00    ) |  4.056E-04 6.104E-03
     987 4.2387E-01 4.0550E-04  ( 0.268    ,  1.953E-03,   0.00    ) |  4.055E-04 6.104E-03
     988 4.2428E-01 4.0542E-04  ( 0.268    ,  1.953E-03,   0.00    ) |  4.054E-04 6.104E-03
     989 4.2469E-01 4.0534E-04  ( 0.268    ,  1.953E-03,   0.00    ) |  4.053E-04 6.104E-03
 *** Wrote plotfile to flash_run_hdf5_plt_cnt_0017 ****
     990 4.2509E-01 4.0526E-04  ( 0.268    ,  1.953E-03,   0.00    ) |  4.053E-04 6.104E-03
     991 4.2550E-01 4.0518E-04  ( 0.268    ,  1.953E-03,   0.00    ) |  4.052E-04 6.104E-03
     992 4.2590E-01 4.0510E-04  ( 0.268    ,  1.953E-03,   0.00    ) |  4.051E-04 6.104E-03
     993 4.2631E-01 4.0502E-04  ( 0.268    ,  1.953E-03,   0.00    ) |  4.050E-04 6.104E-03
     994 4.2671E-01 4.0495E-04  ( 0.268    ,  1.953E-03,   0.00    ) |  4.049E-04 6.104E-03
     995 4.2712E-01 4.0487E-04  ( 0.268    ,  1.953E-03,   0.00    ) |  4.049E-04 6.104E-03
     996 4.2752E-01 4.0479E-04  ( 0.268    ,  1.953E-03,   0.00    ) |  4.048E-04 6.104E-03
     997 4.2793E-01 4.0471E-04  ( 0.268    ,  1.953E-03,   0.00    ) |  4.047E-04 6.104E-03
     998 4.2833E-01 4.0463E-04  ( 0.268    ,  1.953E-03,   0.00    ) |  4.046E-04 6.104E-03
     999 4.2873E-01 4.0455E-04  ( 0.268    ,  1.953E-03,   0.00    ) |  4.046E-04 6.104E-03
    1000 4.2914E-01 4.0447E-04  ( 0.268    ,  1.953E-03,   0.00    ) |  4.045E-04 6.104E-03
    1001 4.2954E-01 4.0439E-04  ( 0.268    ,  1.953E-03,   0.00    ) |  4.044E-04 6.104E-03
    1002 4.2995E-01 4.0431E-04  ( 0.268    ,  1.953E-03,   0.00    ) |  4.043E-04 6.104E-03
    1003 4.3035E-01 4.0424E-04  ( 0.268    ,  1.953E-03,   0.00    ) |  4.042E-04 6.104E-03
    1004 4.3076E-01 4.0416E-04  ( 0.268    ,  1.953E-03,   0.00    ) |  4.042E-04 6.104E-03
    1005 4.3116E-01 4.0408E-04  ( 0.268    ,  1.953E-03,   0.00    ) |  4.041E-04 6.104E-03
    1006 4.3157E-01 4.0400E-04  ( 0.268    ,  1.953E-03,   0.00    ) |  4.040E-04 6.104E-03
    1007 4.3197E-01 4.0393E-04  ( 0.268    ,  1.953E-03,   0.00    ) |  4.039E-04 6.104E-03
    1008 4.3237E-01 4.0385E-04  ( 0.268    ,  1.953E-03,   0.00    ) |  4.038E-04 6.104E-03
    1009 4.3278E-01 4.0377E-04  ( 0.268    ,  1.953E-03,   0.00    ) |  4.038E-04 6.104E-03
    1010 4.3318E-01 4.0369E-04  ( 0.268    ,  1.953E-03,   0.00    ) |  4.037E-04 6.104E-03
    1011 4.3358E-01 4.0362E-04  ( 0.268    ,  1.953E-03,   0.00    ) |  4.036E-04 6.104E-03
    1012 4.3399E-01 4.0354E-04  ( 0.268    ,  1.953E-03,   0.00    ) |  4.035E-04 6.104E-03
    1013 4.3439E-01 4.0346E-04  ( 0.268    ,  1.953E-03,   0.00    ) |  4.035E-04 6.104E-03
    1014 4.3479E-01 4.0339E-04  ( 0.268    ,  1.953E-03,   0.00    ) |  4.034E-04 6.104E-03
    1015 4.3520E-01 4.0331E-04  ( 0.268    ,  1.953E-03,   0.00    ) |  4.033E-04 6.104E-03
    1016 4.3560E-01 4.0323E-04  ( 0.268    ,  1.953E-03,   0.00    ) |  4.032E-04 6.104E-03
    1017 4.3600E-01 4.0316E-04  ( 0.268    ,  1.953E-03,   0.00    ) |  4.032E-04 6.104E-03
    1018 4.3641E-01 4.0308E-04  (-0.268    ,  1.953E-03,   0.00    ) |  4.031E-04 6.104E-03
    1019 4.3681E-01 4.0300E-04  ( 0.268    ,  1.953E-03,   0.00    ) |  4.030E-04 6.104E-03
    1020 4.3721E-01 4.0293E-04  (-0.268    ,  1.953E-03,   0.00    ) |  4.029E-04 6.104E-03
    1021 4.3762E-01 4.0285E-04  (-0.268    ,  1.953E-03,   0.00    ) |  4.029E-04 6.104E-03
    1022 4.3802E-01 4.0277E-04  (-0.268    ,  1.953E-03,   0.00    ) |  4.028E-04 6.104E-03
    1023 4.3842E-01 4.0270E-04  (-0.268    ,  1.953E-03,   0.00    ) |  4.027E-04 6.104E-03
    1024 4.3883E-01 4.0262E-04  (-0.268    ,  1.953E-03,   0.00    ) |  4.026E-04 6.104E-03
    1025 4.3923E-01 4.0255E-04  ( 0.271    ,  1.953E-03,   0.00    ) |  4.025E-04 6.104E-03
    1026 4.3963E-01 4.0247E-04  ( 0.271    ,  1.953E-03,   0.00    ) |  4.025E-04 6.104E-03
    1027 4.4003E-01 4.0239E-04  ( 0.271    ,  1.953E-03,   0.00    ) |  4.024E-04 6.104E-03
    1028 4.4044E-01 4.0231E-04  ( 0.271    ,  1.953E-03,   0.00    ) |  4.023E-04 6.104E-03
    1029 4.4084E-01 4.0224E-04  ( 0.271    ,  1.953E-03,   0.00    ) |  4.022E-04 6.104E-03
    1030 4.4124E-01 4.0216E-04  ( 0.271    ,  1.953E-03,   0.00    ) |  4.022E-04 6.104E-03
    1031 4.4164E-01 4.0208E-04  ( 0.271    ,  1.953E-03,   0.00    ) |  4.021E-04 6.104E-03
    1032 4.4204E-01 4.0200E-04  ( 0.271    ,  1.953E-03,   0.00    ) |  4.020E-04 6.104E-03
    1033 4.4245E-01 4.0193E-04  (-0.271    ,  1.953E-03,   0.00    ) |  4.019E-04 6.104E-03
    1034 4.4285E-01 4.0185E-04  (-0.271    ,  1.953E-03,   0.00    ) |  4.018E-04 6.104E-03
    1035 4.4325E-01 4.0177E-04  (-0.271    ,  1.953E-03,   0.00    ) |  4.018E-04 6.104E-03
    1036 4.4365E-01 4.0170E-04  ( 0.271    ,  1.953E-03,   0.00    ) |  4.017E-04 6.104E-03
    1037 4.4405E-01 4.0162E-04  (-0.271    ,  1.953E-03,   0.00    ) |  4.016E-04 6.104E-03
    1038 4.4446E-01 4.0154E-04  ( 0.271    ,  1.953E-03,   0.00    ) |  4.015E-04 6.104E-03
    1039 4.4486E-01 4.0147E-04  (-0.271    ,  1.953E-03,   0.00    ) |  4.015E-04 6.104E-03
    1040 4.4526E-01 4.0139E-04  (-0.271    ,  1.953E-03,   0.00    ) |  4.014E-04 6.104E-03
    1041 4.4566E-01 4.0131E-04  (-0.271    ,  1.953E-03,   0.00    ) |  4.013E-04 6.104E-03
    1042 4.4606E-01 4.0124E-04  (-0.271    ,  1.953E-03,   0.00    ) |  4.012E-04 6.104E-03
    1043 4.4646E-01 4.0116E-04  ( 0.271    , -1.953E-03,   0.00    ) |  4.012E-04 6.104E-03
    1044 4.4686E-01 4.0109E-04  ( 0.271    , -1.953E-03,   0.00    ) |  4.011E-04 6.104E-03
    1045 4.4726E-01 4.0101E-04  (-0.271    ,  1.953E-03,   0.00    ) |  4.010E-04 6.104E-03
    1046 4.4767E-01 4.0094E-04  (-0.271    ,  1.953E-03,   0.00    ) |  4.009E-04 6.104E-03
    1047 4.4807E-01 4.0086E-04  (-0.271    ,  1.953E-03,   0.00    ) |  4.009E-04 6.104E-03
    1048 4.4847E-01 4.0078E-04  (-0.271    ,  1.953E-03,   0.00    ) |  4.008E-04 6.104E-03
    1049 4.4887E-01 4.0071E-04  (-0.271    ,  1.953E-03,   0.00    ) |  4.007E-04 6.104E-03
    1050 4.4927E-01 4.0063E-04  (-0.271    ,  1.953E-03,   0.00    ) |  4.006E-04 6.104E-03
    1051 4.4967E-01 4.0056E-04  (-0.271    ,  1.953E-03,   0.00    ) |  4.006E-04 6.104E-03
 *** Wrote plotfile to flash_run_hdf5_plt_cnt_0018 ****
    1052 4.5007E-01 4.0048E-04  (-0.271    ,  1.953E-03,   0.00    ) |  4.005E-04 6.104E-03
    1053 4.5047E-01 4.0041E-04  (-0.271    ,  1.953E-03,   0.00    ) |  4.004E-04 6.104E-03
    1054 4.5087E-01 4.0033E-04  (-0.271    ,  1.953E-03,   0.00    ) |  4.003E-04 6.104E-03
    1055 4.5127E-01 4.0026E-04  (-0.271    ,  1.953E-03,   0.00    ) |  4.003E-04 6.104E-03
    1056 4.5167E-01 4.0019E-04  (-0.271    ,  1.953E-03,   0.00    ) |  4.002E-04 6.104E-03
    1057 4.5207E-01 4.0011E-04  (-0.271    ,  1.953E-03,   0.00    ) |  4.001E-04 6.104E-03
    1058 4.5247E-01 4.0004E-04  (-0.271    ,  1.953E-03,   0.00    ) |  4.000E-04 6.104E-03
    1059 4.5287E-01 3.9996E-04  (-0.271    ,  1.953E-03,   0.00    ) |  4.000E-04 6.104E-03
    1060 4.5327E-01 3.9989E-04  (-0.271    ,  1.953E-03,   0.00    ) |  3.999E-04 6.104E-03
    1061 4.5367E-01 3.9981E-04  (-0.271    ,  1.953E-03,   0.00    ) |  3.998E-04 6.104E-03
    1062 4.5407E-01 3.9974E-04  (-0.271    ,  1.953E-03,   0.00    ) |  3.997E-04 6.104E-03
    1063 4.5447E-01 3.9966E-04  (-0.275    ,  1.953E-03,   0.00    ) |  3.997E-04 6.104E-03
    1064 4.5487E-01 3.9959E-04  (-0.275    ,  1.953E-03,   0.00    ) |  3.996E-04 6.104E-03
    1065 4.5527E-01 3.9951E-04  (-0.275    ,  1.953E-03,   0.00    ) |  3.995E-04 6.104E-03
    1066 4.5567E-01 3.9944E-04  (-0.275    ,  1.953E-03,   0.00    ) |  3.994E-04 6.104E-03
    1067 4.5607E-01 3.9936E-04  (-0.275    ,  1.953E-03,   0.00    ) |  3.994E-04 6.104E-03
    1068 4.5647E-01 3.9929E-04  (-0.275    ,  1.953E-03,   0.00    ) |  3.993E-04 6.104E-03
    1069 4.5687E-01 3.9921E-04  (-0.275    ,  1.953E-03,   0.00    ) |  3.992E-04 6.104E-03
    1070 4.5727E-01 3.9914E-04  (-0.275    ,  1.953E-03,   0.00    ) |  3.991E-04 6.104E-03
    1071 4.5767E-01 3.9906E-04  (-0.275    ,  1.953E-03,   0.00    ) |  3.991E-04 6.104E-03
    1072 4.5807E-01 3.9899E-04  (-0.275    ,  1.953E-03,   0.00    ) |  3.990E-04 6.104E-03
    1073 4.5846E-01 3.9891E-04  (-0.275    ,  1.953E-03,   0.00    ) |  3.989E-04 6.104E-03
    1074 4.5886E-01 3.9884E-04  (-0.275    ,  1.953E-03,   0.00    ) |  3.988E-04 6.104E-03
    1075 4.5926E-01 3.9876E-04  (-0.275    ,  1.953E-03,   0.00    ) |  3.988E-04 6.104E-03
    1076 4.5966E-01 3.9869E-04  (-0.275    ,  1.953E-03,   0.00    ) |  3.987E-04 6.104E-03
    1077 4.6006E-01 3.9861E-04  (-0.275    ,  1.953E-03,   0.00    ) |  3.986E-04 6.104E-03
    1078 4.6046E-01 3.9854E-04  (-0.275    ,  1.953E-03,   0.00    ) |  3.985E-04 6.104E-03
    1079 4.6086E-01 3.9847E-04  (-0.275    ,  1.953E-03,   0.00    ) |  3.985E-04 6.104E-03
    1080 4.6126E-01 3.9839E-04  (-0.275    ,  1.953E-03,   0.00    ) |  3.984E-04 6.104E-03
    1081 4.6165E-01 3.9832E-04  (-0.275    ,  1.953E-03,   0.00    ) |  3.983E-04 6.104E-03
    1082 4.6205E-01 3.9825E-04  (-0.275    ,  1.953E-03,   0.00    ) |  3.982E-04 6.104E-03
    1083 4.6245E-01 3.9817E-04  (-0.275    ,  1.953E-03,   0.00    ) |  3.982E-04 6.104E-03
    1084 4.6285E-01 3.9810E-04  (-0.275    ,  1.953E-03,   0.00    ) |  3.981E-04 6.104E-03
    1085 4.6325E-01 3.9803E-04  (-0.275    ,  1.953E-03,   0.00    ) |  3.980E-04 6.104E-03
    1086 4.6364E-01 3.9795E-04  (-0.275    ,  1.953E-03,   0.00    ) |  3.980E-04 6.104E-03
    1087 4.6404E-01 3.9788E-04  (-0.275    ,  1.953E-03,   0.00    ) |  3.979E-04 6.104E-03
    1088 4.6444E-01 3.9781E-04  (-0.275    ,  1.953E-03,   0.00    ) |  3.978E-04 6.104E-03
    1089 4.6484E-01 3.9774E-04  (-0.275    ,  1.953E-03,   0.00    ) |  3.977E-04 6.104E-03
    1090 4.6524E-01 3.9766E-04  (-0.275    ,  1.953E-03,   0.00    ) |  3.977E-04 6.104E-03
    1091 4.6563E-01 3.9759E-04  (-0.275    ,  1.953E-03,   0.00    ) |  3.976E-04 6.104E-03
    1092 4.6603E-01 3.9752E-04  (-0.275    ,  1.953E-03,   0.00    ) |  3.975E-04 6.104E-03
    1093 4.6643E-01 3.9745E-04  (-0.275    ,  1.953E-03,   0.00    ) |  3.974E-04 6.104E-03
    1094 4.6683E-01 3.9738E-04  (-0.275    ,  1.953E-03,   0.00    ) |  3.974E-04 6.104E-03
    1095 4.6722E-01 3.9730E-04  (-0.275    ,  1.953E-03,   0.00    ) |  3.973E-04 6.104E-03
    1096 4.6762E-01 3.9723E-04  (-0.275    ,  1.953E-03,   0.00    ) |  3.972E-04 6.104E-03
    1097 4.6802E-01 3.9716E-04  (-0.275    ,  1.953E-03,   0.00    ) |  3.972E-04 6.104E-03
    1098 4.6841E-01 3.9709E-04  (-0.275    ,  1.953E-03,   0.00    ) |  3.971E-04 6.104E-03
    1099 4.6881E-01 3.9701E-04  (-0.275    ,  1.953E-03,   0.00    ) |  3.970E-04 6.104E-03
    1100 4.6921E-01 3.9694E-04  (-0.275    ,  1.953E-03,   0.00    ) |  3.969E-04 6.104E-03
    1101 4.6961E-01 3.9687E-04  (-0.275    ,  1.953E-03,   0.00    ) |  3.969E-04 6.104E-03
    1102 4.7000E-01 3.9680E-04  (-0.275    ,  1.953E-03,   0.00    ) |  3.968E-04 6.104E-03
    1103 4.7040E-01 3.9673E-04  (-0.279    ,  1.953E-03,   0.00    ) |  3.967E-04 6.104E-03
    1104 4.7080E-01 3.9665E-04  (-0.279    ,  1.953E-03,   0.00    ) |  3.967E-04 6.104E-03
    1105 4.7119E-01 3.9658E-04  (-0.279    ,  1.953E-03,   0.00    ) |  3.966E-04 6.104E-03
    1106 4.7159E-01 3.9651E-04  (-0.279    ,  1.953E-03,   0.00    ) |  3.965E-04 6.104E-03
    1107 4.7199E-01 3.9644E-04  (-0.279    ,  1.953E-03,   0.00    ) |  3.964E-04 6.104E-03
    1108 4.7238E-01 3.9637E-04  (-0.279    ,  1.953E-03,   0.00    ) |  3.964E-04 6.104E-03
    1109 4.7278E-01 3.9629E-04  (-0.279    ,  1.953E-03,   0.00    ) |  3.963E-04 6.104E-03
    1110 4.7318E-01 3.9622E-04  (-0.279    ,  1.953E-03,   0.00    ) |  3.962E-04 6.104E-03
    1111 4.7357E-01 3.9615E-04  (-0.279    ,  1.953E-03,   0.00    ) |  3.962E-04 6.104E-03
    1112 4.7397E-01 3.9608E-04  (-0.279    ,  1.953E-03,   0.00    ) |  3.961E-04 6.104E-03
    1113 4.7436E-01 3.9601E-04  (-0.279    ,  1.953E-03,   0.00    ) |  3.960E-04 6.104E-03
    1114 4.7476E-01 3.9594E-04  (-0.279    ,  1.953E-03,   0.00    ) |  3.959E-04 6.104E-03
 *** Wrote plotfile to flash_run_hdf5_plt_cnt_0019 ****
    1115 4.7516E-01 3.9587E-04  (-0.279    ,  1.953E-03,   0.00    ) |  3.959E-04 6.104E-03
    1116 4.7555E-01 3.9580E-04  (-0.279    ,  1.953E-03,   0.00    ) |  3.958E-04 6.104E-03
    1117 4.7595E-01 3.9573E-04  (-0.279    ,  1.953E-03,   0.00    ) |  3.957E-04 6.104E-03
    1118 4.7634E-01 3.9566E-04  (-0.279    ,  1.953E-03,   0.00    ) |  3.957E-04 6.104E-03
    1119 4.7674E-01 3.9559E-04  (-0.279    , -1.953E-03,   0.00    ) |  3.956E-04 6.104E-03
    1120 4.7713E-01 3.9551E-04  (-0.279    ,  1.953E-03,   0.00    ) |  3.955E-04 6.104E-03
    1121 4.7753E-01 3.9544E-04  (-0.279    ,  1.953E-03,   0.00    ) |  3.954E-04 6.104E-03
    1122 4.7793E-01 3.9537E-04  (-0.279    ,  1.953E-03,   0.00    ) |  3.954E-04 6.104E-03
    1123 4.7832E-01 3.9531E-04  (-0.279    ,  1.953E-03,   0.00    ) |  3.953E-04 6.104E-03
    1124 4.7872E-01 3.9524E-04  (-0.279    ,  1.953E-03,   0.00    ) |  3.952E-04 6.104E-03
    1125 4.7911E-01 3.9517E-04  (-0.279    ,  1.953E-03,   0.00    ) |  3.952E-04 6.104E-03
    1126 4.7951E-01 3.9510E-04  (-0.279    ,  1.953E-03,   0.00    ) |  3.951E-04 6.104E-03
    1127 4.7990E-01 3.9503E-04  (-0.279    ,  1.953E-03,   0.00    ) |  3.950E-04 6.104E-03
    1128 4.8030E-01 3.9496E-04  (-0.279    ,  1.953E-03,   0.00    ) |  3.950E-04 6.104E-03
    1129 4.8069E-01 3.9489E-04  (-0.279    ,  1.953E-03,   0.00    ) |  3.949E-04 6.104E-03
    1130 4.8109E-01 3.9482E-04  (-0.279    ,  1.953E-03,   0.00    ) |  3.948E-04 6.104E-03
    1131 4.8148E-01 3.9475E-04  (-0.279    ,  1.953E-03,   0.00    ) |  3.948E-04 6.104E-03
    1132 4.8188E-01 3.9468E-04  (-0.279    ,  1.953E-03,   0.00    ) |  3.947E-04 6.104E-03
    1133 4.8227E-01 3.9461E-04  (-0.279    , -1.953E-03,   0.00    ) |  3.946E-04 6.104E-03
    1134 4.8267E-01 3.9454E-04  (-0.279    ,  1.953E-03,   0.00    ) |  3.945E-04 6.104E-03
    1135 4.8306E-01 3.9448E-04  (-0.279    , -1.953E-03,   0.00    ) |  3.945E-04 6.104E-03
    1136 4.8345E-01 3.9441E-04  (-0.279    , -1.953E-03,   0.00    ) |  3.944E-04 6.104E-03
    1137 4.8385E-01 3.9434E-04  (-0.279    , -1.953E-03,   0.00    ) |  3.943E-04 6.104E-03
    1138 4.8424E-01 3.9427E-04  (-0.279    , -1.953E-03,   0.00    ) |  3.943E-04 6.104E-03
    1139 4.8464E-01 3.9420E-04  (-0.279    , -1.953E-03,   0.00    ) |  3.942E-04 6.104E-03
    1140 4.8503E-01 3.9413E-04  (-0.279    , -1.953E-03,   0.00    ) |  3.941E-04 6.104E-03
    1141 4.8543E-01 3.9406E-04  (-0.279    , -1.953E-03,   0.00    ) |  3.941E-04 6.104E-03
    1142 4.8582E-01 3.9399E-04  (-0.279    , -1.953E-03,   0.00    ) |  3.940E-04 6.104E-03
    1143 4.8621E-01 3.9393E-04  (-0.279    , -1.953E-03,   0.00    ) |  3.939E-04 6.104E-03
    1144 4.8661E-01 3.9386E-04  (-0.279    , -1.953E-03,   0.00    ) |  3.939E-04 6.104E-03
    1145 4.8700E-01 3.9379E-04  (-0.279    , -1.953E-03,   0.00    ) |  3.938E-04 6.104E-03
    1146 4.8740E-01 3.9372E-04  (-0.283    ,  1.953E-03,   0.00    ) |  3.937E-04 6.104E-03
    1147 4.8779E-01 3.9366E-04  (-0.283    , -1.953E-03,   0.00    ) |  3.937E-04 6.104E-03
    1148 4.8818E-01 3.9359E-04  (-0.283    , -1.953E-03,   0.00    ) |  3.936E-04 6.104E-03
    1149 4.8858E-01 3.9352E-04  (-0.283    , -1.953E-03,   0.00    ) |  3.935E-04 6.104E-03
    1150 4.8897E-01 3.9345E-04  (-0.283    , -1.953E-03,   0.00    ) |  3.935E-04 6.104E-03
    1151 4.8936E-01 3.9338E-04  (-0.283    , -1.953E-03,   0.00    ) |  3.934E-04 6.104E-03
    1152 4.8976E-01 3.9332E-04  (-0.283    , -1.953E-03,   0.00    ) |  3.933E-04 6.104E-03
    1153 4.9015E-01 3.9325E-04  (-0.283    , -1.953E-03,   0.00    ) |  3.932E-04 6.104E-03
    1154 4.9054E-01 3.9318E-04  (-0.283    , -1.953E-03,   0.00    ) |  3.932E-04 6.104E-03
    1155 4.9094E-01 3.9311E-04  (-0.283    , -1.953E-03,   0.00    ) |  3.931E-04 6.104E-03
    1156 4.9133E-01 3.9305E-04  (-0.283    , -1.953E-03,   0.00    ) |  3.930E-04 6.104E-03
    1157 4.9172E-01 3.9298E-04  (-0.283    , -1.953E-03,   0.00    ) |  3.930E-04 6.104E-03
    1158 4.9212E-01 3.9291E-04  (-0.283    , -1.953E-03,   0.00    ) |  3.929E-04 6.104E-03
    1159 4.9251E-01 3.9284E-04  (-0.283    , -1.953E-03,   0.00    ) |  3.928E-04 6.104E-03
    1160 4.9290E-01 3.9278E-04  (-0.283    , -1.953E-03,   0.00    ) |  3.928E-04 6.104E-03
    1161 4.9329E-01 3.9271E-04  (-0.283    , -1.953E-03,   0.00    ) |  3.927E-04 6.104E-03
    1162 4.9369E-01 3.9264E-04  (-0.283    , -1.953E-03,   0.00    ) |  3.926E-04 6.104E-03
    1163 4.9408E-01 3.9258E-04  (-0.283    , -1.953E-03,   0.00    ) |  3.926E-04 6.104E-03
    1164 4.9447E-01 3.9251E-04  (-0.283    , -1.953E-03,   0.00    ) |  3.925E-04 6.104E-03
    1165 4.9486E-01 3.9245E-04  (-0.283    , -1.953E-03,   0.00    ) |  3.924E-04 6.104E-03
    1166 4.9526E-01 3.9238E-04  (-0.283    , -1.953E-03,   0.00    ) |  3.924E-04 6.104E-03
    1167 4.9565E-01 3.9231E-04  ( 0.283    , -1.953E-03,   0.00    ) |  3.923E-04 6.104E-03
    1168 4.9604E-01 3.9225E-04  ( 0.283    , -1.953E-03,   0.00    ) |  3.922E-04 6.104E-03
    1169 4.9643E-01 3.9218E-04  ( 0.283    , -1.953E-03,   0.00    ) |  3.922E-04 6.104E-03
    1170 4.9683E-01 3.9212E-04  ( 0.283    , -1.953E-03,   0.00    ) |  3.921E-04 6.104E-03
    1171 4.9722E-01 3.9205E-04  ( 0.283    , -1.953E-03,   0.00    ) |  3.921E-04 6.104E-03
    1172 4.9761E-01 3.9199E-04  ( 0.283    , -1.953E-03,   0.00    ) |  3.920E-04 6.104E-03
    1173 4.9800E-01 3.9192E-04  ( 0.283    ,  1.953E-03,   0.00    ) |  3.919E-04 6.104E-03
    1174 4.9839E-01 3.9185E-04  ( 0.283    , -1.953E-03,   0.00    ) |  3.919E-04 6.104E-03
    1175 4.9879E-01 3.9179E-04  ( 0.283    ,  1.953E-03,   0.00    ) |  3.918E-04 6.104E-03
    1176 4.9918E-01 3.9172E-04  ( 0.283    ,  1.953E-03,   0.00    ) |  3.917E-04 6.104E-03
    1177 4.9957E-01 3.9166E-04  ( 0.283    ,  1.953E-03,   0.00    ) |  3.917E-04 6.104E-03
    1178 4.9996E-01 3.9159E-04  ( 0.283    ,  1.953E-03,   0.00    ) |  3.916E-04 6.104E-03
 *** Wrote plotfile to flash_run_hdf5_plt_cnt_0020 ****
    1179 5.0035E-01 3.9153E-04  ( 0.283    ,  1.953E-03,   0.00    ) |  3.915E-04 6.104E-03
    1180 5.0074E-01 3.9146E-04  ( 0.283    ,  1.953E-03,   0.00    ) |  3.915E-04 6.104E-03
    1181 5.0114E-01 3.9140E-04  ( 0.283    ,  1.953E-03,   0.00    ) |  3.914E-04 6.104E-03
    1182 5.0153E-01 3.9133E-04  ( 0.283    ,  1.953E-03,   0.00    ) |  3.913E-04 6.104E-03
    1183 5.0192E-01 3.9127E-04  ( 0.283    , -1.953E-03,   0.00    ) |  3.913E-04 6.104E-03
    1184 5.0231E-01 3.9121E-04  ( 0.283    , -1.953E-03,   0.00    ) |  3.912E-04 6.104E-03
    1185 5.0270E-01 3.9114E-04  ( 0.283    ,  1.953E-03,   0.00    ) |  3.911E-04 6.104E-03
    1186 5.0309E-01 3.9108E-04  ( 0.283    ,  1.953E-03,   0.00    ) |  3.911E-04 6.104E-03
    1187 5.0348E-01 3.9101E-04  ( 0.283    , -1.953E-03,   0.00    ) |  3.910E-04 6.104E-03
    1188 5.0387E-01 3.9095E-04  ( 0.283    , -1.953E-03,   0.00    ) |  3.910E-04 6.104E-03
    1189 5.0427E-01 3.9089E-04  ( 0.287    , -1.953E-03,   0.00    ) |  3.909E-04 6.104E-03
    1190 5.0466E-01 3.9082E-04  ( 0.287    , -1.953E-03,   0.00    ) |  3.908E-04 6.104E-03
    1191 5.0505E-01 3.9076E-04  ( 0.287    , -1.953E-03,   0.00    ) |  3.908E-04 6.104E-03
    1192 5.0544E-01 3.9069E-04  ( 0.287    , -1.953E-03,   0.00    ) |  3.907E-04 6.104E-03
    1193 5.0583E-01 3.9063E-04  ( 0.287    , -1.953E-03,   0.00    ) |  3.906E-04 6.104E-03
    1194 5.0622E-01 3.9057E-04  ( 0.287    , -1.953E-03,   0.00    ) |  3.906E-04 6.104E-03
    1195 5.0661E-01 3.9050E-04  ( 0.287    , -1.953E-03,   0.00    ) |  3.905E-04 6.104E-03
    1196 5.0700E-01 3.9044E-04  ( 0.287    , -1.953E-03,   0.00    ) |  3.904E-04 6.104E-03
    1197 5.0739E-01 3.9038E-04  ( 0.287    , -1.953E-03,   0.00    ) |  3.904E-04 6.104E-03
    1198 5.0778E-01 3.9031E-04  ( 0.287    , -1.953E-03,   0.00    ) |  3.903E-04 6.104E-03
    1199 5.0817E-01 3.9025E-04  ( 0.287    ,  1.953E-03,   0.00    ) |  3.902E-04 6.104E-03
    1200 5.0856E-01 3.9019E-04  ( 0.287    ,  1.953E-03,   0.00    ) |  3.902E-04 6.104E-03
    1201 5.0895E-01 3.9012E-04  ( 0.287    , -1.953E-03,   0.00    ) |  3.901E-04 6.104E-03
    1202 5.0934E-01 3.9006E-04  ( 0.287    , -1.953E-03,   0.00    ) |  3.901E-04 6.104E-03
    1203 5.0973E-01 3.9000E-04  ( 0.287    , -1.953E-03,   0.00    ) |  3.900E-04 6.104E-03
    1204 5.1012E-01 3.8993E-04  ( 0.287    ,  1.953E-03,   0.00    ) |  3.899E-04 6.104E-03
    1205 5.1051E-01 3.8987E-04  ( 0.287    , -1.953E-03,   0.00    ) |  3.899E-04 6.104E-03
    1206 5.1090E-01 3.8981E-04  ( 0.287    , -1.953E-03,   0.00    ) |  3.898E-04 6.104E-03
    1207 5.1129E-01 3.8975E-04  ( 0.287    , -1.953E-03,   0.00    ) |  3.897E-04 6.104E-03
    1208 5.1168E-01 3.8969E-04  ( 0.287    , -1.953E-03,   0.00    ) |  3.897E-04 6.104E-03
    1209 5.1207E-01 3.8962E-04  ( 0.287    , -1.953E-03,   0.00    ) |  3.896E-04 6.104E-03
    1210 5.1246E-01 3.8956E-04  ( 0.287    , -1.953E-03,   0.00    ) |  3.896E-04 6.104E-03
    1211 5.1285E-01 3.8950E-04  ( 0.287    , -1.953E-03,   0.00    ) |  3.895E-04 6.104E-03
    1212 5.1324E-01 3.8944E-04  ( 0.287    , -1.953E-03,   0.00    ) |  3.894E-04 6.104E-03
    1213 5.1363E-01 3.8938E-04  ( 0.287    , -1.953E-03,   0.00    ) |  3.894E-04 6.104E-03
    1214 5.1402E-01 3.8932E-04  ( 0.287    , -1.953E-03,   0.00    ) |  3.893E-04 6.104E-03
    1215 5.1441E-01 3.8925E-04  ( 0.287    , -1.953E-03,   0.00    ) |  3.893E-04 6.104E-03
    1216 5.1480E-01 3.8919E-04  ( 0.287    , -1.953E-03,   0.00    ) |  3.892E-04 6.104E-03
    1217 5.1519E-01 3.8913E-04  ( 0.287    , -1.953E-03,   0.00    ) |  3.891E-04 6.104E-03
    1218 5.1558E-01 3.8907E-04  ( 0.287    , -1.953E-03,   0.00    ) |  3.891E-04 6.104E-03
    1219 5.1596E-01 3.8901E-04  ( 0.287    , -1.953E-03,   0.00    ) |  3.890E-04 6.104E-03
    1220 5.1635E-01 3.8895E-04  ( 0.287    , -1.953E-03,   0.00    ) |  3.889E-04 6.104E-03
    1221 5.1674E-01 3.8889E-04  ( 0.287    , -1.953E-03,   0.00    ) |  3.889E-04 6.104E-03
    1222 5.1713E-01 3.8883E-04  ( 0.287    , -1.953E-03,   0.00    ) |  3.888E-04 6.104E-03
    1223 5.1752E-01 3.8877E-04  ( 0.287    , -1.953E-03,   0.00    ) |  3.888E-04 6.104E-03
    1224 5.1791E-01 3.8871E-04  ( 0.287    , -1.953E-03,   0.00    ) |  3.887E-04 6.104E-03
    1225 5.1830E-01 3.8865E-04  ( 0.287    , -1.953E-03,   0.00    ) |  3.886E-04 6.104E-03
    1226 5.1869E-01 3.8859E-04  ( 0.287    , -1.953E-03,   0.00    ) |  3.886E-04 6.104E-03
    1227 5.1907E-01 3.8853E-04  ( 0.287    , -1.953E-03,   0.00    ) |  3.885E-04 6.104E-03
    1228 5.1946E-01 3.8847E-04  ( 0.287    , -1.953E-03,   0.00    ) |  3.885E-04 6.104E-03
    1229 5.1985E-01 3.8841E-04  ( 0.287    , -1.953E-03,   0.00    ) |  3.884E-04 6.104E-03
    1230 5.2024E-01 3.8835E-04  ( 0.291    , -1.953E-03,   0.00    ) |  3.883E-04 6.104E-03
    1231 5.2063E-01 3.8829E-04  ( 0.291    , -1.953E-03,   0.00    ) |  3.883E-04 6.104E-03
    1232 5.2102E-01 3.8823E-04  ( 0.291    , -1.953E-03,   0.00    ) |  3.882E-04 6.104E-03
    1233 5.2140E-01 3.8817E-04  ( 0.291    , -1.953E-03,   0.00    ) |  3.882E-04 6.104E-03
    1234 5.2179E-01 3.8811E-04  ( 0.291    , -1.953E-03,   0.00    ) |  3.881E-04 6.104E-03
    1235 5.2218E-01 3.8805E-04  ( 0.291    , -1.953E-03,   0.00    ) |  3.880E-04 6.104E-03
    1236 5.2257E-01 3.8799E-04  ( 0.291    , -1.953E-03,   0.00    ) |  3.880E-04 6.104E-03
    1237 5.2296E-01 3.8793E-04  ( 0.291    , -1.953E-03,   0.00    ) |  3.879E-04 6.104E-03
    1238 5.2335E-01 3.8787E-04  ( 0.291    , -1.953E-03,   0.00    ) |  3.879E-04 6.104E-03
    1239 5.2373E-01 3.8781E-04  ( 0.291    , -1.953E-03,   0.00    ) |  3.878E-04 6.104E-03
    1240 5.2412E-01 3.8775E-04  ( 0.291    , -1.953E-03,   0.00    ) |  3.878E-04 6.104E-03
    1241 5.2451E-01 3.8769E-04  ( 0.291    , -1.953E-03,   0.00    ) |  3.877E-04 6.104E-03
    1242 5.2490E-01 3.8764E-04  ( 0.291    , -1.953E-03,   0.00    ) |  3.876E-04 6.104E-03
 *** Wrote plotfile to flash_run_hdf5_plt_cnt_0021 ****
    1243 5.2528E-01 3.8758E-04  ( 0.291    , -1.953E-03,   0.00    ) |  3.876E-04 6.104E-03
    1244 5.2567E-01 3.8752E-04  ( 0.291    , -1.953E-03,   0.00    ) |  3.875E-04 6.104E-03
    1245 5.2606E-01 3.8746E-04  ( 0.291    , -1.953E-03,   0.00    ) |  3.875E-04 6.104E-03
    1246 5.2645E-01 3.8740E-04  ( 0.291    , -1.953E-03,   0.00    ) |  3.874E-04 6.104E-03
    1247 5.2683E-01 3.8734E-04  ( 0.291    , -1.953E-03,   0.00    ) |  3.873E-04 6.104E-03
    1248 5.2722E-01 3.8729E-04  ( 0.291    , -1.953E-03,   0.00    ) |  3.873E-04 6.104E-03
    1249 5.2761E-01 3.8723E-04  ( 0.291    , -1.953E-03,   0.00    ) |  3.872E-04 6.104E-03
    1250 5.2800E-01 3.8717E-04  ( 0.291    , -1.953E-03,   0.00    ) |  3.872E-04 6.104E-03
    1251 5.2838E-01 3.8711E-04  (-0.291    , -1.953E-03,   0.00    ) |  3.871E-04 6.104E-03
    1252 5.2877E-01 3.8706E-04  ( 0.291    , -1.953E-03,   0.00    ) |  3.871E-04 6.104E-03
    1253 5.2916E-01 3.8700E-04  ( 0.291    , -1.953E-03,   0.00    ) |  3.870E-04 6.104E-03
    1254 5.2954E-01 3.8694E-04  (-0.291    , -1.953E-03,   0.00    ) |  3.869E-04 6.104E-03
    1255 5.2993E-01 3.8688E-04  (-0.291    , -1.953E-03,   0.00    ) |  3.869E-04 6.104E-03
    1256 5.3032E-01 3.8683E-04  (-0.291    , -1.953E-03,   0.00    ) |  3.868E-04 6.104E-03
    1257 5.3070E-01 3.8677E-04  (-0.291    , -1.953E-03,   0.00    ) |  3.868E-04 6.104E-03
    1258 5.3109E-01 3.8671E-04  ( 0.291    , -1.953E-03,   0.00    ) |  3.867E-04 6.104E-03
    1259 5.3148E-01 3.8666E-04  ( 0.291    , -1.953E-03,   0.00    ) |  3.867E-04 6.104E-03
    1260 5.3186E-01 3.8660E-04  ( 0.291    , -1.953E-03,   0.00    ) |  3.866E-04 6.104E-03
    1261 5.3225E-01 3.8654E-04  ( 0.291    , -1.953E-03,   0.00    ) |  3.865E-04 6.104E-03
    1262 5.3264E-01 3.8649E-04  ( 0.291    , -1.953E-03,   0.00    ) |  3.865E-04 6.104E-03
    1263 5.3302E-01 3.8643E-04  ( 0.291    , -1.953E-03,   0.00    ) |  3.864E-04 6.104E-03
    1264 5.3341E-01 3.8638E-04  ( 0.291    , -1.953E-03,   0.00    ) |  3.864E-04 6.104E-03
    1265 5.3380E-01 3.8632E-04  ( 0.291    , -1.953E-03,   0.00    ) |  3.863E-04 6.104E-03
    1266 5.3418E-01 3.8627E-04  ( 0.291    , -1.953E-03,   0.00    ) |  3.863E-04 6.104E-03
    1267 5.3457E-01 3.8621E-04  ( 0.291    , -1.953E-03,   0.00    ) |  3.862E-04 6.104E-03
    1268 5.3496E-01 3.8615E-04  ( 0.295    , -1.953E-03,   0.00    ) |  3.862E-04 6.104E-03
    1269 5.3534E-01 3.8610E-04  ( 0.295    , -1.953E-03,   0.00    ) |  3.861E-04 6.104E-03
    1270 5.3573E-01 3.8604E-04  ( 0.295    , -1.953E-03,   0.00    ) |  3.860E-04 6.104E-03
    1271 5.3611E-01 3.8599E-04  (-0.295    , -1.953E-03,   0.00    ) |  3.860E-04 6.104E-03
    1272 5.3650E-01 3.8593E-04  ( 0.295    , -1.953E-03,   0.00    ) |  3.859E-04 6.104E-03
    1273 5.3689E-01 3.8588E-04  ( 0.295    , -1.953E-03,   0.00    ) |  3.859E-04 6.104E-03
    1274 5.3727E-01 3.8582E-04  ( 0.295    , -1.953E-03,   0.00    ) |  3.858E-04 6.104E-03
    1275 5.3766E-01 3.8577E-04  ( 0.295    , -1.953E-03,   0.00    ) |  3.858E-04 6.104E-03
    1276 5.3804E-01 3.8571E-04  ( 0.295    , -1.953E-03,   0.00    ) |  3.857E-04 6.104E-03
    1277 5.3843E-01 3.8566E-04  (-0.295    , -1.953E-03,   0.00    ) |  3.857E-04 6.104E-03
    1278 5.3882E-01 3.8560E-04  ( 0.295    , -1.953E-03,   0.00    ) |  3.856E-04 6.104E-03
    1279 5.3920E-01 3.8555E-04  ( 0.295    , -1.953E-03,   0.00    ) |  3.855E-04 6.104E-03
    1280 5.3959E-01 3.8549E-04  ( 0.295    , -1.953E-03,   0.00    ) |  3.855E-04 6.104E-03
    1281 5.3997E-01 3.8544E-04  ( 0.295    , -1.953E-03,   0.00    ) |  3.854E-04 6.104E-03
    1282 5.4036E-01 3.8538E-04  ( 0.295    , -1.953E-03,   0.00    ) |  3.854E-04 6.104E-03
    1283 5.4074E-01 3.8533E-04  ( 0.295    , -1.953E-03,   0.00    ) |  3.853E-04 6.104E-03
    1284 5.4113E-01 3.8527E-04  ( 0.295    , -1.953E-03,   0.00    ) |  3.853E-04 6.104E-03
    1285 5.4151E-01 3.8522E-04  ( 0.295    , -1.953E-03,   0.00    ) |  3.852E-04 6.104E-03
    1286 5.4190E-01 3.8516E-04  ( 0.295    , -1.953E-03,   0.00    ) |  3.852E-04 6.104E-03
    1287 5.4228E-01 3.8511E-04  ( 0.295    , -1.953E-03,   0.00    ) |  3.851E-04 6.104E-03
    1288 5.4267E-01 3.8505E-04  ( 0.295    , -1.953E-03,   0.00    ) |  3.851E-04 6.104E-03
    1289 5.4305E-01 3.8500E-04  ( 0.295    , -1.953E-03,   0.00    ) |  3.850E-04 6.104E-03
    1290 5.4344E-01 3.8495E-04  ( 0.295    , -1.953E-03,   0.00    ) |  3.849E-04 6.104E-03
    1291 5.4382E-01 3.8489E-04  ( 0.295    , -1.953E-03,   0.00    ) |  3.849E-04 6.104E-03
    1292 5.4421E-01 3.8484E-04  ( 0.295    , -1.953E-03,   0.00    ) |  3.848E-04 6.104E-03
    1293 5.4459E-01 3.8479E-04  ( 0.295    , -1.953E-03,   0.00    ) |  3.848E-04 6.104E-03
    1294 5.4498E-01 3.8473E-04  ( 0.295    , -1.953E-03,   0.00    ) |  3.847E-04 6.104E-03
    1295 5.4536E-01 3.8468E-04  ( 0.295    , -1.953E-03,   0.00    ) |  3.847E-04 6.104E-03
    1296 5.4575E-01 3.8463E-04  ( 0.295    , -1.953E-03,   0.00    ) |  3.846E-04 6.104E-03
    1297 5.4613E-01 3.8458E-04  ( 0.295    , -1.953E-03,   0.00    ) |  3.846E-04 6.104E-03
    1298 5.4652E-01 3.8452E-04  ( 0.295    , -1.953E-03,   0.00    ) |  3.845E-04 6.104E-03
    1299 5.4690E-01 3.8447E-04  ( 0.295    , -1.953E-03,   0.00    ) |  3.845E-04 6.104E-03
    1300 5.4729E-01 3.8442E-04  (-0.295    ,  1.953E-03,   0.00    ) |  3.844E-04 6.104E-03
    1301 5.4767E-01 3.8437E-04  (-0.295    ,  1.953E-03,   0.00    ) |  3.844E-04 6.104E-03
    1302 5.4805E-01 3.8431E-04  ( 0.299    , -1.953E-03,   0.00    ) |  3.843E-04 6.104E-03
    1303 5.4844E-01 3.8426E-04  ( 0.299    , -1.953E-03,   0.00    ) |  3.843E-04 6.104E-03
    1304 5.4882E-01 3.8421E-04  ( 0.299    , -1.953E-03,   0.00    ) |  3.842E-04 6.104E-03
    1305 5.4921E-01 3.8416E-04  ( 0.299    , -1.953E-03,   0.00    ) |  3.842E-04 6.104E-03
    1306 5.4959E-01 3.8410E-04  (-0.299    ,  1.953E-03,   0.00    ) |  3.841E-04 6.104E-03
    1307 5.4998E-01 3.8405E-04  ( 0.299    , -1.953E-03,   0.00    ) |  3.841E-04 6.104E-03
 *** Wrote plotfile to flash_run_hdf5_plt_cnt_0022 ****
    1308 5.5036E-01 3.8400E-04  ( 0.299    , -1.953E-03,   0.00    ) |  3.840E-04 6.104E-03
    1309 5.5074E-01 3.8395E-04  (-0.299    ,  1.953E-03,   0.00    ) |  3.839E-04 6.104E-03
    1310 5.5113E-01 3.8390E-04  ( 0.299    , -1.953E-03,   0.00    ) |  3.839E-04 6.104E-03
    1311 5.5151E-01 3.8385E-04  ( 0.299    , -1.953E-03,   0.00    ) |  3.838E-04 6.104E-03
    1312 5.5190E-01 3.8379E-04  ( 0.299    , -1.953E-03,   0.00    ) |  3.838E-04 6.104E-03
    1313 5.5228E-01 3.8374E-04  ( 0.299    , -1.953E-03,   0.00    ) |  3.837E-04 6.104E-03
    1314 5.5266E-01 3.8369E-04  (-0.299    ,  1.953E-03,   0.00    ) |  3.837E-04 6.104E-03
    1315 5.5305E-01 3.8364E-04  (-0.299    ,  1.953E-03,   0.00    ) |  3.836E-04 6.104E-03
    1316 5.5343E-01 3.8359E-04  (-0.299    ,  1.953E-03,   0.00    ) |  3.836E-04 6.104E-03
    1317 5.5381E-01 3.8354E-04  (-0.299    ,  1.953E-03,   0.00    ) |  3.835E-04 6.104E-03
    1318 5.5420E-01 3.8348E-04  (-0.299    ,  1.953E-03,   0.00    ) |  3.835E-04 6.104E-03
    1319 5.5458E-01 3.8343E-04  (-0.299    ,  1.953E-03,   0.00    ) |  3.834E-04 6.104E-03
    1320 5.5496E-01 3.8338E-04  (-0.299    ,  1.953E-03,   0.00    ) |  3.834E-04 6.104E-03
    1321 5.5535E-01 3.8333E-04  (-0.299    ,  1.953E-03,   0.00    ) |  3.833E-04 6.104E-03
    1322 5.5573E-01 3.8328E-04  (-0.299    ,  1.953E-03,   0.00    ) |  3.833E-04 6.104E-03
    1323 5.5611E-01 3.8323E-04  (-0.299    ,  1.953E-03,   0.00    ) |  3.832E-04 6.104E-03
    1324 5.5650E-01 3.8318E-04  (-0.299    ,  1.953E-03,   0.00    ) |  3.832E-04 6.104E-03
    1325 5.5688E-01 3.8313E-04  (-0.299    ,  1.953E-03,   0.00    ) |  3.831E-04 6.104E-03
    1326 5.5726E-01 3.8308E-04  (-0.299    ,  1.953E-03,   0.00    ) |  3.831E-04 6.104E-03
    1327 5.5765E-01 3.8303E-04  (-0.299    ,  1.953E-03,   0.00    ) |  3.830E-04 6.104E-03
    1328 5.5803E-01 3.8298E-04  (-0.299    ,  1.953E-03,   0.00    ) |  3.830E-04 6.104E-03
    1329 5.5841E-01 3.8293E-04  (-0.299    ,  1.953E-03,   0.00    ) |  3.829E-04 6.104E-03
    1330 5.5880E-01 3.8288E-04  (-0.299    ,  1.953E-03,   0.00    ) |  3.829E-04 6.104E-03
    1331 5.5918E-01 3.8283E-04  (-0.299    ,  1.953E-03,   0.00    ) |  3.828E-04 6.104E-03
    1332 5.5956E-01 3.8278E-04  (-0.299    ,  1.953E-03,   0.00    ) |  3.828E-04 6.104E-03
    1333 5.5994E-01 3.8274E-04  (-0.299    ,  1.953E-03,   0.00    ) |  3.827E-04 6.104E-03
    1334 5.6033E-01 3.8269E-04  (-0.299    ,  1.953E-03,   0.00    ) |  3.827E-04 6.104E-03
    1335 5.6071E-01 3.8264E-04  (-0.299    ,  1.953E-03,   0.00    ) |  3.826E-04 6.104E-03
    1336 5.6109E-01 3.8259E-04  (-0.303    ,  1.953E-03,   0.00    ) |  3.826E-04 6.104E-03
    1337 5.6147E-01 3.8254E-04  (-0.303    ,  1.953E-03,   0.00    ) |  3.825E-04 6.104E-03
    1338 5.6186E-01 3.8249E-04  (-0.303    ,  1.953E-03,   0.00    ) |  3.825E-04 6.104E-03
    1339 5.6224E-01 3.8244E-04  (-0.303    ,  1.953E-03,   0.00    ) |  3.824E-04 6.104E-03
    1340 5.6262E-01 3.8239E-04  (-0.303    ,  1.953E-03,   0.00    ) |  3.824E-04 6.104E-03
    1341 5.6300E-01 3.8234E-04  (-0.303    ,  1.953E-03,   0.00    ) |  3.823E-04 6.104E-03
    1342 5.6339E-01 3.8230E-04  (-0.303    ,  1.953E-03,   0.00    ) |  3.823E-04 6.104E-03
    1343 5.6377E-01 3.8225E-04  (-0.303    ,  1.953E-03,   0.00    ) |  3.822E-04 6.104E-03
    1344 5.6415E-01 3.8220E-04  (-0.303    ,  1.953E-03,   0.00    ) |  3.822E-04 6.104E-03
    1345 5.6453E-01 3.8215E-04  (-0.303    ,  1.953E-03,   0.00    ) |  3.821E-04 6.104E-03
    1346 5.6492E-01 3.8210E-04  (-0.303    ,  1.953E-03,   0.00    ) |  3.821E-04 6.104E-03
    1347 5.6530E-01 3.8205E-04  (-0.303    ,  1.953E-03,   0.00    ) |  3.821E-04 6.104E-03
    1348 5.6568E-01 3.8200E-04  (-0.303    ,  1.953E-03,   0.00    ) |  3.820E-04 6.104E-03
    1349 5.6606E-01 3.8196E-04  (-0.303    ,  1.953E-03,   0.00    ) |  3.820E-04 6.104E-03
    1350 5.6644E-01 3.8191E-04  (-0.303    ,  1.953E-03,   0.00    ) |  3.819E-04 6.104E-03
    1351 5.6683E-01 3.8186E-04  (-0.303    ,  1.953E-03,   0.00    ) |  3.819E-04 6.104E-03
    1352 5.6721E-01 3.8181E-04  (-0.303    ,  1.953E-03,   0.00    ) |  3.818E-04 6.104E-03
    1353 5.6759E-01 3.8177E-04  (-0.303    ,  1.953E-03,   0.00    ) |  3.818E-04 6.104E-03
    1354 5.6797E-01 3.8172E-04  (-0.303    ,  1.953E-03,   0.00    ) |  3.817E-04 6.104E-03
    1355 5.6835E-01 3.8167E-04  (-0.303    ,  1.953E-03,   0.00    ) |  3.817E-04 6.104E-03
    1356 5.6873E-01 3.8163E-04  (-0.303    ,  1.953E-03,   0.00    ) |  3.816E-04 6.104E-03
    1357 5.6912E-01 3.8158E-04  (-0.303    ,  1.953E-03,   0.00    ) |  3.816E-04 6.104E-03
    1358 5.6950E-01 3.8153E-04  (-0.303    ,  1.953E-03,   0.00    ) |  3.815E-04 6.104E-03
    1359 5.6988E-01 3.8149E-04  (-0.303    ,  1.953E-03,   0.00    ) |  3.815E-04 6.104E-03
    1360 5.7026E-01 3.8144E-04  (-0.303    ,  1.953E-03,   0.00    ) |  3.814E-04 6.104E-03
    1361 5.7064E-01 3.8139E-04  (-0.303    ,  1.953E-03,   0.00    ) |  3.814E-04 6.104E-03
    1362 5.7102E-01 3.8135E-04  (-0.303    ,  1.953E-03,   0.00    ) |  3.813E-04 6.104E-03
    1363 5.7141E-01 3.8130E-04  (-0.303    ,  1.953E-03,   0.00    ) |  3.813E-04 6.104E-03
    1364 5.7179E-01 3.8126E-04  (-0.303    ,  1.953E-03,   0.00    ) |  3.813E-04 6.104E-03
    1365 5.7217E-01 3.8121E-04  (-0.303    ,  1.953E-03,   0.00    ) |  3.812E-04 6.104E-03
    1366 5.7255E-01 3.8116E-04  (-0.303    ,  1.953E-03,   0.00    ) |  3.812E-04 6.104E-03
    1367 5.7293E-01 3.8112E-04  (-0.303    ,  1.953E-03,   0.00    ) |  3.811E-04 6.104E-03
    1368 5.7331E-01 3.8107E-04  (-0.303    ,  1.953E-03,   0.00    ) |  3.811E-04 6.104E-03
    1369 5.7369E-01 3.8103E-04  (-0.303    ,  1.953E-03,   0.00    ) |  3.810E-04 6.104E-03
    1370 5.7407E-01 3.8099E-04  (-0.303    ,  1.953E-03,   0.00    ) |  3.810E-04 6.104E-03
    1371 5.7445E-01 3.8094E-04  (-0.307    ,  1.953E-03,   0.00    ) |  3.809E-04 6.104E-03
    1372 5.7484E-01 3.8089E-04  (-0.307    ,  1.953E-03,   0.00    ) |  3.809E-04 6.104E-03
 *** Wrote plotfile to flash_run_hdf5_plt_cnt_0023 ****
    1373 5.7522E-01 3.8085E-04  (-0.307    ,  1.953E-03,   0.00    ) |  3.808E-04 6.104E-03
    1374 5.7560E-01 3.8080E-04  (-0.307    ,  1.953E-03,   0.00    ) |  3.808E-04 6.104E-03
    1375 5.7598E-01 3.8076E-04  (-0.307    ,  1.953E-03,   0.00    ) |  3.808E-04 6.104E-03
    1376 5.7636E-01 3.8071E-04  (-0.307    ,  1.953E-03,   0.00    ) |  3.807E-04 6.104E-03
    1377 5.7674E-01 3.8066E-04  (-0.307    , -1.953E-03,   0.00    ) |  3.807E-04 6.104E-03
    1378 5.7712E-01 3.8062E-04  (-0.307    ,  1.953E-03,   0.00    ) |  3.806E-04 6.104E-03
    1379 5.7750E-01 3.8057E-04  (-0.307    , -1.953E-03,   0.00    ) |  3.806E-04 6.104E-03
    1380 5.7788E-01 3.8053E-04  (-0.307    ,  1.953E-03,   0.00    ) |  3.805E-04 6.104E-03
    1381 5.7826E-01 3.8049E-04  (-0.307    ,  1.953E-03,   0.00    ) |  3.805E-04 6.104E-03
    1382 5.7864E-01 3.8044E-04  (-0.307    ,  1.953E-03,   0.00    ) |  3.804E-04 6.104E-03
    1383 5.7902E-01 3.8040E-04  (-0.307    ,  1.953E-03,   0.00    ) |  3.804E-04 6.104E-03
    1384 5.7940E-01 3.8035E-04  (-0.307    ,  1.953E-03,   0.00    ) |  3.804E-04 6.104E-03
    1385 5.7978E-01 3.8031E-04  (-0.307    ,  1.953E-03,   0.00    ) |  3.803E-04 6.104E-03
    1386 5.8016E-01 3.8027E-04  (-0.307    ,  1.953E-03,   0.00    ) |  3.803E-04 6.104E-03
    1387 5.8054E-01 3.8022E-04  (-0.307    ,  1.953E-03,   0.00    ) |  3.802E-04 6.104E-03
    1388 5.8092E-01 3.8018E-04  (-0.307    ,  1.953E-03,   0.00    ) |  3.802E-04 6.104E-03
    1389 5.8130E-01 3.8014E-04  (-0.307    ,  1.953E-03,   0.00    ) |  3.801E-04 6.104E-03
    1390 5.8168E-01 3.8009E-04  (-0.307    ,  1.953E-03,   0.00    ) |  3.801E-04 6.104E-03
    1391 5.8206E-01 3.8005E-04  (-0.307    ,  1.953E-03,   0.00    ) |  3.801E-04 6.104E-03
    1392 5.8244E-01 3.8001E-04  (-0.307    ,  1.953E-03,   0.00    ) |  3.800E-04 6.104E-03
    1393 5.8282E-01 3.7997E-04  (-0.307    ,  1.953E-03,   0.00    ) |  3.800E-04 6.104E-03
    1394 5.8320E-01 3.7992E-04  (-0.307    ,  1.953E-03,   0.00    ) |  3.799E-04 6.104E-03
    1395 5.8358E-01 3.7988E-04  (-0.307    ,  1.953E-03,   0.00    ) |  3.799E-04 6.104E-03
    1396 5.8396E-01 3.7984E-04  ( 0.307    ,  1.953E-03,   0.00    ) |  3.798E-04 6.104E-03
    1397 5.8434E-01 3.7980E-04  ( 0.307    ,  1.953E-03,   0.00    ) |  3.798E-04 6.104E-03
    1398 5.8472E-01 3.7976E-04  ( 0.307    ,  1.953E-03,   0.00    ) |  3.798E-04 6.104E-03
    1399 5.8510E-01 3.7971E-04  ( 0.307    ,  1.953E-03,   0.00    ) |  3.797E-04 6.104E-03
    1400 5.8548E-01 3.7967E-04  ( 0.307    ,  1.953E-03,   0.00    ) |  3.797E-04 6.104E-03
    1401 5.8586E-01 3.7963E-04  ( 0.307    ,  1.953E-03,   0.00    ) |  3.796E-04 6.104E-03
    1402 5.8624E-01 3.7959E-04  ( 0.307    ,  1.953E-03,   0.00    ) |  3.796E-04 6.104E-03
    1403 5.8662E-01 3.7955E-04  ( 0.307    ,  1.953E-03,   0.00    ) |  3.795E-04 6.104E-03
    1404 5.8700E-01 3.7951E-04  ( 0.307    ,  1.953E-03,   0.00    ) |  3.795E-04 6.104E-03
    1405 5.8738E-01 3.7947E-04  (-0.307    ,  1.953E-03,   0.00    ) |  3.795E-04 6.104E-03
    1406 5.8776E-01 3.7943E-04  (-0.307    ,  1.953E-03,   0.00    ) |  3.794E-04 6.104E-03
    1407 5.8814E-01 3.7939E-04  ( 0.311    ,  1.953E-03,   0.00    ) |  3.794E-04 6.104E-03
    1408 5.8852E-01 3.7935E-04  ( 0.311    ,  1.953E-03,   0.00    ) |  3.793E-04 6.104E-03
    1409 5.8890E-01 3.7931E-04  ( 0.311    ,  1.953E-03,   0.00    ) |  3.793E-04 6.104E-03
    1410 5.8928E-01 3.7926E-04  (-0.311    ,  1.953E-03,   0.00    ) |  3.793E-04 6.104E-03
    1411 5.8966E-01 3.7922E-04  (-0.311    ,  1.953E-03,   0.00    ) |  3.792E-04 6.104E-03
    1412 5.9004E-01 3.7918E-04  (-0.311    ,  1.953E-03,   0.00    ) |  3.792E-04 6.104E-03
    1413 5.9042E-01 3.7914E-04  (-0.311    ,  1.953E-03,   0.00    ) |  3.791E-04 6.104E-03
    1414 5.9080E-01 3.7910E-04  (-0.311    ,  1.953E-03,   0.00    ) |  3.791E-04 6.104E-03
    1415 5.9117E-01 3.7906E-04  (-0.311    ,  1.953E-03,   0.00    ) |  3.791E-04 6.104E-03
    1416 5.9155E-01 3.7902E-04  (-0.311    ,  1.953E-03,   0.00    ) |  3.790E-04 6.104E-03
    1417 5.9193E-01 3.7898E-04  (-0.311    ,  1.953E-03,   0.00    ) |  3.790E-04 6.104E-03
    1418 5.9231E-01 3.7894E-04  (-0.311    ,  1.953E-03,   0.00    ) |  3.789E-04 6.104E-03
    1419 5.9269E-01 3.7890E-04  (-0.311    ,  1.953E-03,   0.00    ) |  3.789E-04 6.104E-03
    1420 5.9307E-01 3.7886E-04  (-0.311    ,  1.953E-03,   0.00    ) |  3.789E-04 6.104E-03
    1421 5.9345E-01 3.7882E-04  (-0.311    ,  1.953E-03,   0.00    ) |  3.788E-04 6.104E-03
    1422 5.9383E-01 3.7878E-04  (-0.311    ,  1.953E-03,   0.00    ) |  3.788E-04 6.104E-03
    1423 5.9421E-01 3.7874E-04  (-0.311    ,  1.953E-03,   0.00    ) |  3.787E-04 6.104E-03
    1424 5.9458E-01 3.7870E-04  (-0.311    ,  1.953E-03,   0.00    ) |  3.787E-04 6.104E-03
    1425 5.9496E-01 3.7866E-04  (-0.311    ,  1.953E-03,   0.00    ) |  3.787E-04 6.104E-03
    1426 5.9534E-01 3.7862E-04  (-0.311    ,  1.953E-03,   0.00    ) |  3.786E-04 6.104E-03
    1427 5.9572E-01 3.7858E-04  (-0.311    ,  1.953E-03,   0.00    ) |  3.786E-04 6.104E-03
    1428 5.9610E-01 3.7855E-04  (-0.311    ,  1.953E-03,   0.00    ) |  3.785E-04 6.104E-03
    1429 5.9648E-01 3.7851E-04  (-0.311    ,  1.953E-03,   0.00    ) |  3.785E-04 6.104E-03
    1430 5.9686E-01 3.7847E-04  (-0.311    ,  1.953E-03,   0.00    ) |  3.785E-04 6.104E-03
    1431 5.9723E-01 3.7843E-04  (-0.311    ,  1.953E-03,   0.00    ) |  3.784E-04 6.104E-03
    1432 5.9761E-01 3.7839E-04  (-0.311    ,  1.953E-03,   0.00    ) |  3.784E-04 6.104E-03
    1433 5.9799E-01 3.7836E-04  (-0.311    ,  1.953E-03,   0.00    ) |  3.784E-04 6.104E-03
    1434 5.9837E-01 3.7832E-04  (-0.311    ,  1.953E-03,   0.00    ) |  3.783E-04 6.104E-03
    1435 5.9875E-01 3.7828E-04  ( 0.311    ,  1.953E-03,   0.00    ) |  3.783E-04 6.104E-03
    1436 5.9913E-01 3.7825E-04  (-0.311    ,  1.953E-03,   0.00    ) |  3.782E-04 6.104E-03
    1437 5.9950E-01 3.7821E-04  (-0.311    ,  1.953E-03,   0.00    ) |  3.782E-04 6.104E-03
    1438 5.9988E-01 3.7818E-04  (-0.311    ,  1.953E-03,   0.00    ) |  3.782E-04 6.104E-03
 *** Wrote plotfile to flash_run_hdf5_plt_cnt_0024 ****
    1439 6.0026E-01 3.7814E-04  (-0.311    ,  1.953E-03,   0.00    ) |  3.781E-04 6.104E-03
    1440 6.0064E-01 3.7810E-04  (-0.311    ,  1.953E-03,   0.00    ) |  3.781E-04 6.104E-03
    1441 6.0102E-01 3.7807E-04  (-0.311    ,  1.953E-03,   0.00    ) |  3.781E-04 6.104E-03
    1442 6.0140E-01 3.7803E-04  (-0.311    , -1.953E-03,   0.00    ) |  3.780E-04 6.104E-03
    1443 6.0177E-01 3.7800E-04  (-0.311    ,  1.953E-03,   0.00    ) |  3.780E-04 6.104E-03
    1444 6.0215E-01 3.7796E-04  (-0.311    ,  1.953E-03,   0.00    ) |  3.780E-04 6.104E-03
    1445 6.0253E-01 3.7793E-04  (-0.311    , -1.953E-03,   0.00    ) |  3.779E-04 6.104E-03
    1446 6.0291E-01 3.7789E-04  (-0.314    ,  1.953E-03,   0.00    ) |  3.779E-04 6.104E-03
    1447 6.0329E-01 3.7786E-04  (-0.314    ,  1.953E-03,   0.00    ) |  3.779E-04 6.104E-03
    1448 6.0366E-01 3.7782E-04  (-0.314    ,  1.953E-03,   0.00    ) |  3.778E-04 6.104E-03
    1449 6.0404E-01 3.7779E-04  (-0.314    ,  1.953E-03,   0.00    ) |  3.778E-04 6.104E-03
    1450 6.0442E-01 3.7775E-04  (-0.314    ,  1.953E-03,   0.00    ) |  3.778E-04 6.104E-03
    1451 6.0480E-01 3.7772E-04  (-0.314    ,  1.953E-03,   0.00    ) |  3.777E-04 6.104E-03
    1452 6.0517E-01 3.7769E-04  (-0.314    , -1.953E-03,   0.00    ) |  3.777E-04 6.104E-03
    1453 6.0555E-01 3.7765E-04  (-0.314    , -1.953E-03,   0.00    ) |  3.777E-04 6.104E-03
    1454 6.0593E-01 3.7762E-04  (-0.314    , -1.953E-03,   0.00    ) |  3.776E-04 6.104E-03
    1455 6.0631E-01 3.7759E-04  (-0.314    ,  1.953E-03,   0.00    ) |  3.776E-04 6.104E-03
    1456 6.0668E-01 3.7755E-04  (-0.314    ,  1.953E-03,   0.00    ) |  3.776E-04 6.104E-03
    1457 6.0706E-01 3.7752E-04  (-0.314    ,  1.953E-03,   0.00    ) |  3.775E-04 6.104E-03
    1458 6.0744E-01 3.7749E-04  (-0.314    ,  1.953E-03,   0.00    ) |  3.775E-04 6.104E-03
    1459 6.0782E-01 3.7746E-04  (-0.314    ,  1.953E-03,   0.00    ) |  3.775E-04 6.104E-03
    1460 6.0819E-01 3.7742E-04  (-0.314    , -1.953E-03,   0.00    ) |  3.774E-04 6.104E-03
    1461 6.0857E-01 3.7739E-04  (-0.314    , -1.953E-03,   0.00    ) |  3.774E-04 6.104E-03
    1462 6.0895E-01 3.7736E-04  (-0.314    , -1.953E-03,   0.00    ) |  3.774E-04 6.104E-03
    1463 6.0933E-01 3.7733E-04  (-0.314    , -1.953E-03,   0.00    ) |  3.773E-04 6.104E-03
    1464 6.0970E-01 3.7730E-04  (-0.314    , -1.953E-03,   0.00    ) |  3.773E-04 6.104E-03
    1465 6.1008E-01 3.7727E-04  (-0.314    , -1.953E-03,   0.00    ) |  3.773E-04 6.104E-03
    1466 6.1046E-01 3.7724E-04  (-0.314    , -1.953E-03,   0.00    ) |  3.772E-04 6.104E-03
    1467 6.1084E-01 3.7721E-04  (-0.314    , -1.953E-03,   0.00    ) |  3.772E-04 6.104E-03
    1468 6.1121E-01 3.7718E-04  (-0.314    , -1.953E-03,   0.00    ) |  3.772E-04 6.104E-03
    1469 6.1159E-01 3.7715E-04  (-0.314    , -1.953E-03,   0.00    ) |  3.771E-04 6.104E-03
    1470 6.1197E-01 3.7712E-04  (-0.314    , -1.953E-03,   0.00    ) |  3.771E-04 6.104E-03
    1471 6.1234E-01 3.7709E-04  (-0.314    , -1.953E-03,   0.00    ) |  3.771E-04 6.104E-03
    1472 6.1272E-01 3.7706E-04  (-0.314    , -1.953E-03,   0.00    ) |  3.771E-04 6.104E-03
    1473 6.1310E-01 3.7703E-04  (-0.314    , -1.953E-03,   0.00    ) |  3.770E-04 6.104E-03
    1474 6.1348E-01 3.7700E-04  (-0.314    , -1.953E-03,   0.00    ) |  3.770E-04 6.104E-03
    1475 6.1385E-01 3.7697E-04  (-0.314    , -1.953E-03,   0.00    ) |  3.770E-04 6.104E-03
    1476 6.1423E-01 3.7694E-04  (-0.314    , -1.953E-03,   0.00    ) |  3.769E-04 6.104E-03
    1477 6.1461E-01 3.7691E-04  (-0.314    , -1.953E-03,   0.00    ) |  3.769E-04 6.104E-03
    1478 6.1498E-01 3.7688E-04  (-0.314    , -1.953E-03,   0.00    ) |  3.769E-04 6.104E-03
    1479 6.1536E-01 3.7686E-04  (-0.314    , -1.953E-03,   0.00    ) |  3.769E-04 6.104E-03
    1480 6.1574E-01 3.7683E-04  (-0.314    , -1.953E-03,   0.00    ) |  3.768E-04 6.104E-03
    1481 6.1611E-01 3.7680E-04  (-0.314    , -1.953E-03,   0.00    ) |  3.768E-04 6.104E-03
    1482 6.1649E-01 3.7677E-04  (-0.314    , -1.953E-03,   0.00    ) |  3.768E-04 6.104E-03
    1483 6.1687E-01 3.7674E-04  (-0.314    , -1.953E-03,   0.00    ) |  3.767E-04 6.104E-03
    1484 6.1724E-01 3.7672E-04  (-0.314    , -1.953E-03,   0.00    ) |  3.767E-04 6.104E-03
    1485 6.1762E-01 3.7669E-04  (-0.314    , -1.953E-03,   0.00    ) |  3.767E-04 6.104E-03
    1486 6.1800E-01 3.7666E-04  (-0.318    , -1.953E-03,   0.00    ) |  3.767E-04 6.104E-03
    1487 6.1837E-01 3.7663E-04  (-0.318    , -1.953E-03,   0.00    ) |  3.766E-04 6.104E-03
    1488 6.1875E-01 3.7660E-04  (-0.318    , -1.953E-03,   0.00    ) |  3.766E-04 6.104E-03
    1489 6.1913E-01 3.7657E-04  (-0.318    , -1.953E-03,   0.00    ) |  3.766E-04 6.104E-03
    1490 6.1950E-01 3.7654E-04  (-0.318    , -1.953E-03,   0.00    ) |  3.765E-04 6.104E-03
    1491 6.1988E-01 3.7651E-04  (-0.318    , -1.953E-03,   0.00    ) |  3.765E-04 6.104E-03
    1492 6.2026E-01 3.7648E-04  (-0.318    , -1.953E-03,   0.00    ) |  3.765E-04 6.104E-03
    1493 6.2063E-01 3.7645E-04  (-0.318    , -1.953E-03,   0.00    ) |  3.765E-04 6.104E-03
    1494 6.2101E-01 3.7642E-04  (-0.318    , -1.953E-03,   0.00    ) |  3.764E-04 6.104E-03
    1495 6.2139E-01 3.7639E-04  (-0.318    , -1.953E-03,   0.00    ) |  3.764E-04 6.104E-03
    1496 6.2176E-01 3.7636E-04  (-0.318    , -1.953E-03,   0.00    ) |  3.764E-04 6.104E-03
    1497 6.2214E-01 3.7633E-04  (-0.318    , -1.953E-03,   0.00    ) |  3.763E-04 6.104E-03
    1498 6.2252E-01 3.7630E-04  (-0.318    , -1.953E-03,   0.00    ) |  3.763E-04 6.104E-03
    1499 6.2289E-01 3.7628E-04  (-0.318    , -1.953E-03,   0.00    ) |  3.763E-04 6.104E-03
    1500 6.2327E-01 3.7625E-04  (-0.318    , -1.953E-03,   0.00    ) |  3.762E-04 6.104E-03
    1501 6.2364E-01 3.7622E-04  (-0.318    , -1.953E-03,   0.00    ) |  3.762E-04 6.104E-03
    1502 6.2402E-01 3.7619E-04  (-0.318    , -1.953E-03,   0.00    ) |  3.762E-04 6.104E-03
    1503 6.2440E-01 3.7616E-04  (-0.318    , -1.953E-03,   0.00    ) |  3.762E-04 6.104E-03
    1504 6.2477E-01 3.7614E-04  (-0.318    , -1.953E-03,   0.00    ) |  3.761E-04 6.104E-03
 *** Wrote plotfile to flash_run_hdf5_plt_cnt_0025 ****
    1505 6.2515E-01 3.7611E-04  (-0.318    , -1.953E-03,   0.00    ) |  3.761E-04 6.104E-03
    1506 6.2553E-01 3.7608E-04  (-0.318    , -1.953E-03,   0.00    ) |  3.761E-04 6.104E-03
    1507 6.2590E-01 3.7605E-04  (-0.318    , -1.953E-03,   0.00    ) |  3.761E-04 6.104E-03
    1508 6.2628E-01 3.7603E-04  (-0.318    , -1.953E-03,   0.00    ) |  3.760E-04 6.104E-03
    1509 6.2665E-01 3.7600E-04  (-0.318    , -1.953E-03,   0.00    ) |  3.760E-04 6.104E-03
    1510 6.2703E-01 3.7597E-04  (-0.318    , -1.953E-03,   0.00    ) |  3.760E-04 6.104E-03
    1511 6.2741E-01 3.7595E-04  (-0.318    , -1.953E-03,   0.00    ) |  3.759E-04 6.104E-03
    1512 6.2778E-01 3.7592E-04  (-0.318    , -1.953E-03,   0.00    ) |  3.759E-04 6.104E-03
    1513 6.2816E-01 3.7590E-04  (-0.318    , -1.953E-03,   0.00    ) |  3.759E-04 6.104E-03
    1514 6.2853E-01 3.7587E-04  (-0.318    , -1.953E-03,   0.00    ) |  3.759E-04 6.104E-03
    1515 6.2891E-01 3.7585E-04  (-0.318    , -1.953E-03,   0.00    ) |  3.758E-04 6.104E-03
    1516 6.2928E-01 3.7582E-04  (-0.318    , -1.953E-03,   0.00    ) |  3.758E-04 6.104E-03
    1517 6.2966E-01 3.7580E-04  (-0.318    , -1.953E-03,   0.00    ) |  3.758E-04 6.104E-03
    1518 6.3004E-01 3.7577E-04  (-0.318    , -1.953E-03,   0.00    ) |  3.758E-04 6.104E-03
    1519 6.3041E-01 3.7575E-04  (-0.318    , -1.953E-03,   0.00    ) |  3.757E-04 6.104E-03
    1520 6.3079E-01 3.7573E-04  (-0.318    , -1.953E-03,   0.00    ) |  3.757E-04 6.104E-03
    1521 6.3116E-01 3.7570E-04  (-0.318    , -1.953E-03,   0.00    ) |  3.757E-04 6.104E-03
    1522 6.3154E-01 3.7568E-04  (-0.318    , -1.953E-03,   0.00    ) |  3.757E-04 6.104E-03
    1523 6.3192E-01 3.7566E-04  (-0.318    , -1.953E-03,   0.00    ) |  3.757E-04 6.104E-03
    1524 6.3229E-01 3.7564E-04  (-0.318    , -1.953E-03,   0.00    ) |  3.756E-04 6.104E-03
    1525 6.3267E-01 3.7562E-04  (-0.318    , -1.953E-03,   0.00    ) |  3.756E-04 6.104E-03
    1526 6.3304E-01 3.7559E-04  (-0.322    , -1.953E-03,   0.00    ) |  3.756E-04 6.104E-03
    1527 6.3342E-01 3.7557E-04  (-0.322    , -1.953E-03,   0.00    ) |  3.756E-04 6.104E-03
    1528 6.3379E-01 3.7555E-04  (-0.322    , -1.953E-03,   0.00    ) |  3.755E-04 6.104E-03
    1529 6.3417E-01 3.7552E-04  (-0.322    , -1.953E-03,   0.00    ) |  3.755E-04 6.104E-03
    1530 6.3454E-01 3.7550E-04  (-0.322    , -1.953E-03,   0.00    ) |  3.755E-04 6.104E-03
    1531 6.3492E-01 3.7548E-04  (-0.322    , -1.953E-03,   0.00    ) |  3.755E-04 6.104E-03
    1532 6.3530E-01 3.7545E-04  (-0.322    , -1.953E-03,   0.00    ) |  3.755E-04 6.104E-03
    1533 6.3567E-01 3.7543E-04  (-0.322    , -1.953E-03,   0.00    ) |  3.754E-04 6.104E-03
    1534 6.3605E-01 3.7541E-04  (-0.322    , -1.953E-03,   0.00    ) |  3.754E-04 6.104E-03
    1535 6.3642E-01 3.7539E-04  (-0.322    , -1.953E-03,   0.00    ) |  3.754E-04 6.104E-03
    1536 6.3680E-01 3.7537E-04  (-0.322    , -1.953E-03,   0.00    ) |  3.754E-04 6.104E-03
    1537 6.3717E-01 3.7534E-04  (-0.322    , -1.953E-03,   0.00    ) |  3.753E-04 6.104E-03
    1538 6.3755E-01 3.7532E-04  (-0.322    , -1.953E-03,   0.00    ) |  3.753E-04 6.104E-03
    1539 6.3792E-01 3.7530E-04  (-0.322    , -1.953E-03,   0.00    ) |  3.753E-04 6.104E-03
    1540 6.3830E-01 3.7528E-04  (-0.322    , -1.953E-03,   0.00    ) |  3.753E-04 6.104E-03
    1541 6.3867E-01 3.7526E-04  (-0.322    , -1.953E-03,   0.00    ) |  3.753E-04 6.104E-03
    1542 6.3905E-01 3.7524E-04  (-0.322    , -1.953E-03,   0.00    ) |  3.752E-04 6.104E-03
    1543 6.3942E-01 3.7522E-04  (-0.322    , -1.953E-03,   0.00    ) |  3.752E-04 6.104E-03
    1544 6.3980E-01 3.7520E-04  (-0.322    , -1.953E-03,   0.00    ) |  3.752E-04 6.104E-03
    1545 6.4017E-01 3.7518E-04  (-0.322    , -1.953E-03,   0.00    ) |  3.752E-04 6.104E-03
    1546 6.4055E-01 3.7516E-04  (-0.322    , -1.953E-03,   0.00    ) |  3.752E-04 6.104E-03
    1547 6.4092E-01 3.7514E-04  (-0.322    , -1.953E-03,   0.00    ) |  3.751E-04 6.104E-03
    1548 6.4130E-01 3.7512E-04  (-0.322    , -1.953E-03,   0.00    ) |  3.751E-04 6.104E-03
    1549 6.4168E-01 3.7510E-04  (-0.322    , -1.953E-03,   0.00    ) |  3.751E-04 6.104E-03
    1550 6.4205E-01 3.7508E-04  (-0.322    , -1.953E-03,   0.00    ) |  3.751E-04 6.104E-03
    1551 6.4243E-01 3.7506E-04  (-0.322    , -1.953E-03,   0.00    ) |  3.751E-04 6.104E-03
    1552 6.4280E-01 3.7504E-04  (-0.322    , -1.953E-03,   0.00    ) |  3.750E-04 6.104E-03
    1553 6.4318E-01 3.7503E-04  (-0.322    , -1.953E-03,   0.00    ) |  3.750E-04 6.104E-03
    1554 6.4355E-01 3.7501E-04  (-0.322    , -1.953E-03,   0.00    ) |  3.750E-04 6.104E-03
    1555 6.4393E-01 3.7499E-04  (-0.322    , -1.953E-03,   0.00    ) |  3.750E-04 6.104E-03
    1556 6.4430E-01 3.7497E-04  (-0.322    , -1.953E-03,   0.00    ) |  3.750E-04 6.104E-03
    1557 6.4468E-01 3.7495E-04  (-0.322    , -1.953E-03,   0.00    ) |  3.750E-04 6.104E-03
    1558 6.4505E-01 3.7493E-04  (-0.322    , -1.953E-03,   0.00    ) |  3.749E-04 6.104E-03
    1559 6.4543E-01 3.7492E-04  (-0.322    , -1.953E-03,   0.00    ) |  3.749E-04 6.104E-03
    1560 6.4580E-01 3.7490E-04  (-0.322    , -1.953E-03,   0.00    ) |  3.749E-04 6.104E-03
    1561 6.4618E-01 3.7488E-04  (-0.322    , -1.953E-03,   0.00    ) |  3.749E-04 6.104E-03
    1562 6.4655E-01 3.7487E-04  (-0.322    , -1.953E-03,   0.00    ) |  3.749E-04 6.104E-03
    1563 6.4692E-01 3.7485E-04  (-0.322    , -1.953E-03,   0.00    ) |  3.748E-04 6.104E-03
    1564 6.4730E-01 3.7483E-04  (-0.322    , -1.953E-03,   0.00    ) |  3.748E-04 6.104E-03
    1565 6.4767E-01 3.7482E-04  (-0.322    , -1.953E-03,   0.00    ) |  3.748E-04 6.104E-03
    1566 6.4805E-01 3.7480E-04  (-0.322    , -1.953E-03,   0.00    ) |  3.748E-04 6.104E-03
    1567 6.4842E-01 3.7478E-04  (-0.322    , -1.953E-03,   0.00    ) |  3.748E-04 6.104E-03
    1568 6.4880E-01 3.7477E-04  (-0.322    , -1.953E-03,   0.00    ) |  3.748E-04 6.104E-03
    1569 6.4917E-01 3.7475E-04  (-0.322    , -1.953E-03,   0.00    ) |  3.748E-04 6.104E-03
    1570 6.4955E-01 3.7473E-04  (-0.322    , -1.953E-03,   0.00    ) |  3.747E-04 6.104E-03
    1571 6.4992E-01 3.7472E-04  (-0.322    , -1.953E-03,   0.00    ) |  3.747E-04 6.104E-03
 *** Wrote plotfile to flash_run_hdf5_plt_cnt_0026 ****
    1572 6.5030E-01 3.7470E-04  (-0.322    , -1.953E-03,   0.00    ) |  3.747E-04 6.104E-03
    1573 6.5067E-01 3.7469E-04  (-0.322    , -1.953E-03,   0.00    ) |  3.747E-04 6.104E-03
    1574 6.5105E-01 3.7467E-04  (-0.322    , -1.953E-03,   0.00    ) |  3.747E-04 6.104E-03
    1575 6.5142E-01 3.7465E-04  (-0.322    , -1.953E-03,   0.00    ) |  3.747E-04 6.104E-03
    1576 6.5180E-01 3.7464E-04  (-0.322    , -1.953E-03,   0.00    ) |  3.746E-04 6.104E-03
    1577 6.5217E-01 3.7462E-04  (-0.322    , -1.953E-03,   0.00    ) |  3.746E-04 6.104E-03
    1578 6.5255E-01 3.7460E-04  (-0.326    , -1.953E-03,   0.00    ) |  3.746E-04 6.104E-03
    1579 6.5292E-01 3.7459E-04  (-0.326    , -1.953E-03,   0.00    ) |  3.746E-04 6.104E-03
    1580 6.5330E-01 3.7457E-04  (-0.326    , -1.953E-03,   0.00    ) |  3.746E-04 6.104E-03
    1581 6.5367E-01 3.7455E-04  (-0.326    , -1.953E-03,   0.00    ) |  3.746E-04 6.104E-03
    1582 6.5404E-01 3.7454E-04  (-0.326    , -1.953E-03,   0.00    ) |  3.745E-04 6.104E-03
    1583 6.5442E-01 3.7452E-04  (-0.326    , -1.953E-03,   0.00    ) |  3.745E-04 6.104E-03
    1584 6.5479E-01 3.7450E-04  (-0.326    , -1.953E-03,   0.00    ) |  3.745E-04 6.104E-03
    1585 6.5517E-01 3.7449E-04  (-0.326    , -1.953E-03,   0.00    ) |  3.745E-04 6.104E-03
    1586 6.5554E-01 3.7447E-04  (-0.326    , -1.953E-03,   0.00    ) |  3.745E-04 6.104E-03
    1587 6.5592E-01 3.7446E-04  (-0.326    , -1.953E-03,   0.00    ) |  3.745E-04 6.104E-03
    1588 6.5629E-01 3.7444E-04  (-0.326    , -1.953E-03,   0.00    ) |  3.744E-04 6.104E-03
    1589 6.5667E-01 3.7443E-04  (-0.326    , -1.953E-03,   0.00    ) |  3.744E-04 6.104E-03
    1590 6.5704E-01 3.7441E-04  (-0.326    , -1.953E-03,   0.00    ) |  3.744E-04 6.104E-03
    1591 6.5741E-01 3.7439E-04  (-0.326    , -1.953E-03,   0.00    ) |  3.744E-04 6.104E-03
    1592 6.5779E-01 3.7438E-04  (-0.326    , -1.953E-03,   0.00    ) |  3.744E-04 6.104E-03
    1593 6.5816E-01 3.7436E-04  (-0.326    , -1.953E-03,   0.00    ) |  3.744E-04 6.104E-03
    1594 6.5854E-01 3.7435E-04  (-0.326    , -1.953E-03,   0.00    ) |  3.743E-04 6.104E-03
    1595 6.5891E-01 3.7433E-04  (-0.326    , -1.953E-03,   0.00    ) |  3.743E-04 6.104E-03
    1596 6.5929E-01 3.7432E-04  (-0.326    , -1.953E-03,   0.00    ) |  3.743E-04 6.104E-03
    1597 6.5966E-01 3.7430E-04  (-0.326    , -1.953E-03,   0.00    ) |  3.743E-04 6.104E-03
    1598 6.6003E-01 3.7429E-04  (-0.326    , -1.953E-03,   0.00    ) |  3.743E-04 6.104E-03
    1599 6.6041E-01 3.7427E-04  (-0.326    , -1.953E-03,   0.00    ) |  3.743E-04 6.104E-03
    1600 6.6078E-01 3.7426E-04  (-0.326    , -1.953E-03,   0.00    ) |  3.743E-04 6.104E-03
    1601 6.6116E-01 3.7424E-04  (-0.326    , -1.953E-03,   0.00    ) |  3.742E-04 6.104E-03
    1602 6.6153E-01 3.7423E-04  (-0.326    , -1.953E-03,   0.00    ) |  3.742E-04 6.104E-03
    1603 6.6191E-01 3.7422E-04  (-0.326    , -1.953E-03,   0.00    ) |  3.742E-04 6.104E-03
    1604 6.6228E-01 3.7420E-04  (-0.326    , -1.953E-03,   0.00    ) |  3.742E-04 6.104E-03
    1605 6.6265E-01 3.7419E-04  (-0.326    , -1.953E-03,   0.00    ) |  3.742E-04 6.104E-03
    1606 6.6303E-01 3.7417E-04  (-0.326    , -1.953E-03,   0.00    ) |  3.742E-04 6.104E-03
    1607 6.6340E-01 3.7416E-04  (-0.326    , -1.953E-03,   0.00    ) |  3.742E-04 6.104E-03
    1608 6.6378E-01 3.7414E-04  (-0.326    , -1.953E-03,   0.00    ) |  3.741E-04 6.104E-03
    1609 6.6415E-01 3.7413E-04  (-0.326    , -1.953E-03,   0.00    ) |  3.741E-04 6.104E-03
    1610 6.6453E-01 3.7412E-04  (-0.326    , -1.953E-03,   0.00    ) |  3.741E-04 6.104E-03
    1611 6.6490E-01 3.7410E-04  (-0.326    , -1.953E-03,   0.00    ) |  3.741E-04 6.104E-03
    1612 6.6527E-01 3.7409E-04  (-0.326    , -1.953E-03,   0.00    ) |  3.741E-04 6.104E-03
    1613 6.6565E-01 3.7407E-04  (-0.326    , -1.953E-03,   0.00    ) |  3.741E-04 6.104E-03
    1614 6.6602E-01 3.7406E-04  (-0.326    , -1.953E-03,   0.00    ) |  3.741E-04 6.104E-03
    1615 6.6640E-01 3.7405E-04  ( 0.326    , -1.953E-03,   0.00    ) |  3.740E-04 6.104E-03
    1616 6.6677E-01 3.7403E-04  (-0.326    , -1.953E-03,   0.00    ) |  3.740E-04 6.104E-03
    1617 6.6714E-01 3.7402E-04  ( 0.326    ,  1.953E-03,   0.00    ) |  3.740E-04 6.104E-03
    1618 6.6752E-01 3.7401E-04  ( 0.326    ,  1.953E-03,   0.00    ) |  3.740E-04 6.104E-03
    1619 6.6789E-01 3.7399E-04  (-0.326    , -1.953E-03,   0.00    ) |  3.740E-04 6.104E-03
    1620 6.6827E-01 3.7398E-04  ( 0.326    ,  1.953E-03,   0.00    ) |  3.740E-04 6.104E-03
    1621 6.6864E-01 3.7397E-04  ( 0.326    ,  1.953E-03,   0.00    ) |  3.740E-04 6.104E-03
    1622 6.6901E-01 3.7395E-04  ( 0.326    ,  1.953E-03,   0.00    ) |  3.740E-04 6.104E-03
    1623 6.6939E-01 3.7394E-04  (-0.326    ,  1.953E-03,   0.00    ) |  3.739E-04 6.104E-03
    1624 6.6976E-01 3.7393E-04  (-0.326    ,  1.953E-03,   0.00    ) |  3.739E-04 6.104E-03
    1625 6.7014E-01 3.7391E-04  (-0.326    ,  1.953E-03,   0.00    ) |  3.739E-04 6.104E-03
    1626 6.7051E-01 3.7390E-04  (-0.326    ,  1.953E-03,   0.00    ) |  3.739E-04 6.104E-03
    1627 6.7088E-01 3.7389E-04  (-0.326    ,  1.953E-03,   0.00    ) |  3.739E-04 6.104E-03
    1628 6.7126E-01 3.7388E-04  (-0.326    ,  1.953E-03,   0.00    ) |  3.739E-04 6.104E-03
    1629 6.7163E-01 3.7386E-04  (-0.326    ,  1.953E-03,   0.00    ) |  3.739E-04 6.104E-03
    1630 6.7201E-01 3.7385E-04  (-0.326    ,  1.953E-03,   0.00    ) |  3.739E-04 6.104E-03
    1631 6.7238E-01 3.7384E-04  ( 0.326    ,  1.953E-03,   0.00    ) |  3.738E-04 6.104E-03
    1632 6.7275E-01 3.7383E-04  (-0.326    ,  1.953E-03,   0.00    ) |  3.738E-04 6.104E-03
    1633 6.7313E-01 3.7382E-04  (-0.326    ,  1.953E-03,   0.00    ) |  3.738E-04 6.104E-03
    1634 6.7350E-01 3.7380E-04  (-0.326    ,  1.953E-03,   0.00    ) |  3.738E-04 6.104E-03
    1635 6.7387E-01 3.7379E-04  (-0.326    ,  1.953E-03,   0.00    ) |  3.738E-04 6.104E-03
    1636 6.7425E-01 3.7378E-04  (-0.326    ,  1.953E-03,   0.00    ) |  3.738E-04 6.104E-03
    1637 6.7462E-01 3.7377E-04  (-0.326    ,  1.953E-03,   0.00    ) |  3.738E-04 6.104E-03
    1638 6.7500E-01 3.7376E-04  (-0.326    ,  1.953E-03,   0.00    ) |  3.738E-04 6.104E-03
 *** Wrote plotfile to flash_run_hdf5_plt_cnt_0027 ****
    1639 6.7537E-01 3.7374E-04  (-0.326    ,  1.953E-03,   0.00    ) |  3.737E-04 6.104E-03
    1640 6.7574E-01 3.7373E-04  (-0.326    ,  1.953E-03,   0.00    ) |  3.737E-04 6.104E-03
    1641 6.7612E-01 3.7372E-04  (-0.326    ,  1.953E-03,   0.00    ) |  3.737E-04 6.104E-03
    1642 6.7649E-01 3.7371E-04  (-0.326    ,  1.953E-03,   0.00    ) |  3.737E-04 6.104E-03
    1643 6.7686E-01 3.7369E-04  (-0.326    ,  1.953E-03,   0.00    ) |  3.737E-04 6.104E-03
    1644 6.7724E-01 3.7368E-04  (-0.326    ,  1.953E-03,   0.00    ) |  3.737E-04 6.104E-03
    1645 6.7761E-01 3.7367E-04  (-0.326    ,  1.953E-03,   0.00    ) |  3.737E-04 6.104E-03
    1646 6.7799E-01 3.7366E-04  (-0.326    ,  1.953E-03,   0.00    ) |  3.737E-04 6.104E-03
    1647 6.7836E-01 3.7365E-04  (-0.326    ,  1.953E-03,   0.00    ) |  3.736E-04 6.104E-03
    1648 6.7873E-01 3.7363E-04  (-0.326    ,  1.953E-03,   0.00    ) |  3.736E-04 6.104E-03
    1649 6.7911E-01 3.7362E-04  (-0.326    ,  1.953E-03,   0.00    ) |  3.736E-04 6.104E-03
    1650 6.7948E-01 3.7361E-04  (-0.326    ,  1.953E-03,   0.00    ) |  3.736E-04 6.104E-03
    1651 6.7985E-01 3.7360E-04  (-0.326    ,  1.953E-03,   0.00    ) |  3.736E-04 6.104E-03
    1652 6.8023E-01 3.7359E-04  (-0.326    ,  1.953E-03,   0.00    ) |  3.736E-04 6.104E-03
    1653 6.8060E-01 3.7358E-04  (-0.326    ,  1.953E-03,   0.00    ) |  3.736E-04 6.104E-03
    1654 6.8097E-01 3.7356E-04  (-0.326    ,  1.953E-03,   0.00    ) |  3.736E-04 6.104E-03
    1655 6.8135E-01 3.7355E-04  (-0.326    ,  1.953E-03,   0.00    ) |  3.736E-04 6.104E-03
    1656 6.8172E-01 3.7354E-04  (-0.326    ,  1.953E-03,   0.00    ) |  3.735E-04 6.104E-03
    1657 6.8209E-01 3.7353E-04  ( 0.326    ,  1.953E-03,   0.00    ) |  3.735E-04 6.104E-03
    1658 6.8247E-01 3.7352E-04  (-0.326    ,  1.953E-03,   0.00    ) |  3.735E-04 6.104E-03
    1659 6.8284E-01 3.7351E-04  ( 0.326    ,  1.953E-03,   0.00    ) |  3.735E-04 6.104E-03
    1660 6.8322E-01 3.7350E-04  (-0.326    ,  1.953E-03,   0.00    ) |  3.735E-04 6.104E-03
    1661 6.8359E-01 3.7348E-04  (-0.326    ,  1.953E-03,   0.00    ) |  3.735E-04 6.104E-03
    1662 6.8396E-01 3.7347E-04  ( 0.326    ,  1.953E-03,   0.00    ) |  3.735E-04 6.104E-03
    1663 6.8434E-01 3.7346E-04  (-0.330    ,  1.953E-03,   0.00    ) |  3.735E-04 6.104E-03
    1664 6.8471E-01 3.7345E-04  (-0.330    ,  1.953E-03,   0.00    ) |  3.735E-04 6.104E-03
    1665 6.8508E-01 3.7344E-04  (-0.330    ,  1.953E-03,   0.00    ) |  3.734E-04 6.104E-03
    1666 6.8546E-01 3.7343E-04  (-0.330    ,  1.953E-03,   0.00    ) |  3.734E-04 6.104E-03
    1667 6.8583E-01 3.7342E-04  (-0.330    ,  1.953E-03,   0.00    ) |  3.734E-04 6.104E-03
    1668 6.8620E-01 3.7341E-04  (-0.330    ,  1.953E-03,   0.00    ) |  3.734E-04 6.104E-03
    1669 6.8658E-01 3.7339E-04  (-0.330    ,  1.953E-03,   0.00    ) |  3.734E-04 6.104E-03
    1670 6.8695E-01 3.7338E-04  (-0.330    ,  1.953E-03,   0.00    ) |  3.734E-04 6.104E-03
    1671 6.8732E-01 3.7337E-04  (-0.330    ,  1.953E-03,   0.00    ) |  3.734E-04 6.104E-03
    1672 6.8770E-01 3.7336E-04  (-0.330    ,  1.953E-03,   0.00    ) |  3.734E-04 6.104E-03
    1673 6.8807E-01 3.7335E-04  (-0.330    ,  1.953E-03,   0.00    ) |  3.734E-04 6.104E-03
    1674 6.8844E-01 3.7334E-04  (-0.330    ,  1.953E-03,   0.00    ) |  3.733E-04 6.104E-03
    1675 6.8882E-01 3.7333E-04  (-0.330    ,  1.953E-03,   0.00    ) |  3.733E-04 6.104E-03
    1676 6.8919E-01 3.7332E-04  (-0.330    ,  1.953E-03,   0.00    ) |  3.733E-04 6.104E-03
    1677 6.8956E-01 3.7331E-04  (-0.330    ,  1.953E-03,   0.00    ) |  3.733E-04 6.104E-03
    1678 6.8994E-01 3.7330E-04  (-0.330    ,  1.953E-03,   0.00    ) |  3.733E-04 6.104E-03
    1679 6.9031E-01 3.7329E-04  (-0.330    ,  1.953E-03,   0.00    ) |  3.733E-04 6.104E-03
    1680 6.9068E-01 3.7328E-04  (-0.330    ,  1.953E-03,   0.00    ) |  3.733E-04 6.104E-03
    1681 6.9106E-01 3.7327E-04  (-0.330    ,  1.953E-03,   0.00    ) |  3.733E-04 6.104E-03
    1682 6.9143E-01 3.7325E-04  (-0.330    ,  1.953E-03,   0.00    ) |  3.733E-04 6.104E-03
    1683 6.9180E-01 3.7324E-04  (-0.330    ,  1.953E-03,   0.00    ) |  3.732E-04 6.104E-03
    1684 6.9218E-01 3.7323E-04  (-0.330    ,  1.953E-03,   0.00    ) |  3.732E-04 6.104E-03
    1685 6.9255E-01 3.7322E-04  (-0.330    ,  1.953E-03,   0.00    ) |  3.732E-04 6.104E-03
    1686 6.9292E-01 3.7321E-04  ( 0.330    ,  1.953E-03,   0.00    ) |  3.732E-04 6.104E-03
    1687 6.9330E-01 3.7320E-04  ( 0.330    ,  1.953E-03,   0.00    ) |  3.732E-04 6.104E-03
    1688 6.9367E-01 3.7319E-04  ( 0.330    ,  1.953E-03,   0.00    ) |  3.732E-04 6.104E-03
    1689 6.9404E-01 3.7318E-04  ( 0.330    ,  1.953E-03,   0.00    ) |  3.732E-04 6.104E-03
    1690 6.9442E-01 3.7317E-04  ( 0.330    ,  1.953E-03,   0.00    ) |  3.732E-04 6.104E-03
    1691 6.9479E-01 3.7317E-04  ( 0.330    ,  1.953E-03,   0.00    ) |  3.732E-04 6.104E-03
    1692 6.9516E-01 3.7316E-04  ( 0.330    ,  1.953E-03,   0.00    ) |  3.732E-04 6.104E-03
    1693 6.9554E-01 3.7315E-04  ( 0.330    ,  1.953E-03,   0.00    ) |  3.731E-04 6.104E-03
    1694 6.9591E-01 3.7314E-04  ( 0.330    ,  1.953E-03,   0.00    ) |  3.731E-04 6.104E-03
    1695 6.9628E-01 3.7313E-04  ( 0.330    ,  1.953E-03,   0.00    ) |  3.731E-04 6.104E-03
    1696 6.9665E-01 3.7312E-04  ( 0.330    ,  1.953E-03,   0.00    ) |  3.731E-04 6.104E-03
    1697 6.9703E-01 3.7311E-04  ( 0.330    ,  1.953E-03,   0.00    ) |  3.731E-04 6.104E-03
    1698 6.9740E-01 3.7310E-04  ( 0.330    ,  1.953E-03,   0.00    ) |  3.731E-04 6.104E-03
    1699 6.9777E-01 3.7309E-04  ( 0.330    ,  1.953E-03,   0.00    ) |  3.731E-04 6.104E-03
    1700 6.9815E-01 3.7308E-04  ( 0.330    ,  1.953E-03,   0.00    ) |  3.731E-04 6.104E-03
    1701 6.9852E-01 3.7307E-04  ( 0.330    ,  1.953E-03,   0.00    ) |  3.731E-04 6.104E-03
    1702 6.9889E-01 3.7306E-04  ( 0.330    ,  1.953E-03,   0.00    ) |  3.731E-04 6.104E-03
    1703 6.9927E-01 3.7305E-04  ( 0.330    ,  1.953E-03,   0.00    ) |  3.731E-04 6.104E-03
    1704 6.9964E-01 3.7305E-04  ( 0.330    ,  1.953E-03,   0.00    ) |  3.730E-04 6.104E-03
 *** Wrote plotfile to flash_run_hdf5_plt_cnt_0028 ****
    1705 7.0001E-01 3.7304E-04  ( 0.330    ,  1.953E-03,   0.00    ) |  3.730E-04 6.104E-03
    1706 7.0039E-01 3.7303E-04  ( 0.330    ,  1.953E-03,   0.00    ) |  3.730E-04 6.104E-03
    1707 7.0076E-01 3.7302E-04  ( 0.330    ,  1.953E-03,   0.00    ) |  3.730E-04 6.104E-03
    1708 7.0113E-01 3.7301E-04  ( 0.330    ,  1.953E-03,   0.00    ) |  3.730E-04 6.104E-03
    1709 7.0150E-01 3.7300E-04  ( 0.330    ,  1.953E-03,   0.00    ) |  3.730E-04 6.104E-03
    1710 7.0188E-01 3.7299E-04  ( 0.330    ,  1.953E-03,   0.00    ) |  3.730E-04 6.104E-03
    1711 7.0225E-01 3.7299E-04  ( 0.330    ,  1.953E-03,   0.00    ) |  3.730E-04 6.104E-03
    1712 7.0262E-01 3.7298E-04  ( 0.330    ,  1.953E-03,   0.00    ) |  3.730E-04 6.104E-03
    1713 7.0300E-01 3.7297E-04  ( 0.330    ,  1.953E-03,   0.00    ) |  3.730E-04 6.104E-03
    1714 7.0337E-01 3.7296E-04  ( 0.330    ,  1.953E-03,   0.00    ) |  3.730E-04 6.104E-03
    1715 7.0374E-01 3.7295E-04  ( 0.330    ,  1.953E-03,   0.00    ) |  3.730E-04 6.104E-03
    1716 7.0412E-01 3.7294E-04  ( 0.330    ,  1.953E-03,   0.00    ) |  3.729E-04 6.104E-03
    1717 7.0449E-01 3.7294E-04  ( 0.330    ,  1.953E-03,   0.00    ) |  3.729E-04 6.104E-03
    1718 7.0486E-01 3.7293E-04  ( 0.330    ,  1.953E-03,   0.00    ) |  3.729E-04 6.104E-03
    1719 7.0523E-01 3.7292E-04  (-0.330    , -1.953E-03,   0.00    ) |  3.729E-04 6.104E-03
    1720 7.0561E-01 3.7291E-04  (-0.330    , -1.953E-03,   0.00    ) |  3.729E-04 6.104E-03
    1721 7.0598E-01 3.7290E-04  (-0.330    , -1.953E-03,   0.00    ) |  3.729E-04 6.104E-03
    1722 7.0635E-01 3.7290E-04  (-0.330    , -1.953E-03,   0.00    ) |  3.729E-04 6.104E-03
    1723 7.0673E-01 3.7289E-04  ( 0.330    ,  1.953E-03,   0.00    ) |  3.729E-04 6.104E-03
    1724 7.0710E-01 3.7288E-04  (-0.330    , -1.953E-03,   0.00    ) |  3.729E-04 6.104E-03
    1725 7.0747E-01 3.7287E-04  ( 0.330    ,  1.953E-03,   0.00    ) |  3.729E-04 6.104E-03
    1726 7.0784E-01 3.7287E-04  ( 0.330    ,  1.953E-03,   0.00    ) |  3.729E-04 6.104E-03
    1727 7.0822E-01 3.7286E-04  (-0.330    , -1.953E-03,   0.00    ) |  3.729E-04 6.104E-03
    1728 7.0859E-01 3.7285E-04  ( 0.330    ,  1.953E-03,   0.00    ) |  3.729E-04 6.104E-03
    1729 7.0896E-01 3.7284E-04  (-0.330    , -1.953E-03,   0.00    ) |  3.728E-04 6.104E-03
    1730 7.0934E-01 3.7284E-04  (-0.330    , -1.953E-03,   0.00    ) |  3.728E-04 6.104E-03
    1731 7.0971E-01 3.7283E-04  (-0.330    , -1.953E-03,   0.00    ) |  3.728E-04 6.104E-03
    1732 7.1008E-01 3.7282E-04  (-0.330    , -1.953E-03,   0.00    ) |  3.728E-04 6.104E-03
    1733 7.1045E-01 3.7281E-04  (-0.330    , -1.953E-03,   0.00    ) |  3.728E-04 6.104E-03
    1734 7.1083E-01 3.7281E-04  (-0.330    , -1.953E-03,   0.00    ) |  3.728E-04 6.104E-03
    1735 7.1120E-01 3.7280E-04  (-0.330    , -1.953E-03,   0.00    ) |  3.728E-04 6.104E-03
    1736 7.1157E-01 3.7279E-04  (-0.330    , -1.953E-03,   0.00    ) |  3.728E-04 6.104E-03
    1737 7.1195E-01 3.7279E-04  (-0.330    , -1.953E-03,   0.00    ) |  3.728E-04 6.104E-03
    1738 7.1232E-01 3.7278E-04  (-0.330    , -1.953E-03,   0.00    ) |  3.728E-04 6.104E-03
    1739 7.1269E-01 3.7277E-04  ( 0.330    ,  1.953E-03,   0.00    ) |  3.728E-04 6.104E-03
    1740 7.1306E-01 3.7277E-04  ( 0.330    ,  1.953E-03,   0.00    ) |  3.728E-04 6.104E-03
    1741 7.1344E-01 3.7276E-04  ( 0.330    ,  1.953E-03,   0.00    ) |  3.728E-04 6.104E-03
    1742 7.1381E-01 3.7275E-04  (-0.330    , -1.953E-03,   0.00    ) |  3.728E-04 6.104E-03
    1743 7.1418E-01 3.7275E-04  (-0.330    , -1.953E-03,   0.00    ) |  3.727E-04 6.104E-03
    1744 7.1455E-01 3.7274E-04  (-0.330    , -1.953E-03,   0.00    ) |  3.727E-04 6.104E-03
    1745 7.1493E-01 3.7273E-04  (-0.330    , -1.953E-03,   0.00    ) |  3.727E-04 6.104E-03
    1746 7.1530E-01 3.7273E-04  (-0.330    , -1.953E-03,   0.00    ) |  3.727E-04 6.104E-03
    1747 7.1567E-01 3.7272E-04  (-0.330    , -1.953E-03,   0.00    ) |  3.727E-04 6.104E-03
    1748 7.1605E-01 3.7271E-04  (-0.330    , -1.953E-03,   0.00    ) |  3.727E-04 6.104E-03
    1749 7.1642E-01 3.7271E-04  (-0.330    , -1.953E-03,   0.00    ) |  3.727E-04 6.104E-03
    1750 7.1679E-01 3.7270E-04  (-0.330    , -1.953E-03,   0.00    ) |  3.727E-04 6.104E-03
    1751 7.1716E-01 3.7270E-04  ( 0.330    ,  1.953E-03,   0.00    ) |  3.727E-04 6.104E-03
    1752 7.1754E-01 3.7269E-04  ( 0.330    , -1.953E-03,   0.00    ) |  3.727E-04 6.104E-03
    1753 7.1791E-01 3.7268E-04  (-0.330    , -1.953E-03,   0.00    ) |  3.727E-04 6.104E-03
    1754 7.1828E-01 3.7268E-04  ( 0.330    ,  1.953E-03,   0.00    ) |  3.727E-04 6.104E-03
    1755 7.1865E-01 3.7267E-04  ( 0.330    ,  1.953E-03,   0.00    ) |  3.727E-04 6.104E-03
    1756 7.1903E-01 3.7267E-04  (-0.330    , -1.953E-03,   0.00    ) |  3.727E-04 6.104E-03
    1757 7.1940E-01 3.7266E-04  ( 0.330    ,  1.953E-03,   0.00    ) |  3.727E-04 6.104E-03
    1758 7.1977E-01 3.7266E-04  ( 0.330    ,  1.953E-03,   0.00    ) |  3.727E-04 6.104E-03
    1759 7.2015E-01 3.7265E-04  ( 0.330    , -1.953E-03,   0.00    ) |  3.727E-04 6.104E-03
    1760 7.2052E-01 3.7264E-04  ( 0.330    ,  1.953E-03,   0.00    ) |  3.726E-04 6.104E-03
    1761 7.2089E-01 3.7264E-04  ( 0.330    ,  1.953E-03,   0.00    ) |  3.726E-04 6.104E-03
    1762 7.2126E-01 3.7263E-04  ( 0.330    ,  1.953E-03,   0.00    ) |  3.726E-04 6.104E-03
    1763 7.2164E-01 3.7263E-04  ( 0.330    ,  1.953E-03,   0.00    ) |  3.726E-04 6.104E-03
    1764 7.2201E-01 3.7262E-04  ( 0.330    ,  1.953E-03,   0.00    ) |  3.726E-04 6.104E-03
    1765 7.2238E-01 3.7262E-04  ( 0.330    ,  1.953E-03,   0.00    ) |  3.726E-04 6.104E-03
    1766 7.2275E-01 3.7261E-04  ( 0.330    ,  1.953E-03,   0.00    ) |  3.726E-04 6.104E-03
    1767 7.2313E-01 3.7261E-04  ( 0.330    ,  1.953E-03,   0.00    ) |  3.726E-04 6.104E-03
    1768 7.2350E-01 3.7260E-04  ( 0.330    , -1.953E-03,   0.00    ) |  3.726E-04 6.104E-03
    1769 7.2387E-01 3.7260E-04  (-0.330    , -1.953E-03,   0.00    ) |  3.726E-04 6.104E-03
    1770 7.2424E-01 3.7259E-04  (-0.330    , -1.953E-03,   0.00    ) |  3.726E-04 6.104E-03
    1771 7.2462E-01 3.7259E-04  ( 0.330    ,  1.953E-03,   0.00    ) |  3.726E-04 6.104E-03
    1772 7.2499E-01 3.7258E-04  (-0.330    , -1.953E-03,   0.00    ) |  3.726E-04 6.104E-03
 *** Wrote plotfile to flash_run_hdf5_plt_cnt_0029 ****
    1773 7.2536E-01 3.7258E-04  (-0.330    , -1.953E-03,   0.00    ) |  3.726E-04 6.104E-03
    1774 7.2573E-01 3.7257E-04  (-0.330    , -1.953E-03,   0.00    ) |  3.726E-04 6.104E-03
    1775 7.2611E-01 3.7257E-04  (-0.330    , -1.953E-03,   0.00    ) |  3.726E-04 6.104E-03
    1776 7.2648E-01 3.7256E-04  (-0.330    , -1.953E-03,   0.00    ) |  3.726E-04 6.104E-03
    1777 7.2685E-01 3.7256E-04  (-0.330    , -1.953E-03,   0.00    ) |  3.726E-04 6.104E-03
    1778 7.2722E-01 3.7256E-04  (-0.330    , -1.953E-03,   0.00    ) |  3.726E-04 6.104E-03
    1779 7.2760E-01 3.7255E-04  (-0.330    , -1.953E-03,   0.00    ) |  3.726E-04 6.104E-03
    1780 7.2797E-01 3.7255E-04  (-0.330    , -1.953E-03,   0.00    ) |  3.725E-04 6.104E-03
    1781 7.2834E-01 3.7254E-04  (-0.330    , -1.953E-03,   0.00    ) |  3.725E-04 6.104E-03
    1782 7.2871E-01 3.7254E-04  (-0.330    , -1.953E-03,   0.00    ) |  3.725E-04 6.104E-03
    1783 7.2909E-01 3.7254E-04  (-0.330    , -1.953E-03,   0.00    ) |  3.725E-04 6.104E-03
    1784 7.2946E-01 3.7253E-04  (-0.330    , -1.953E-03,   0.00    ) |  3.725E-04 6.104E-03
    1785 7.2983E-01 3.7253E-04  (-0.330    , -1.953E-03,   0.00    ) |  3.725E-04 6.104E-03
    1786 7.3021E-01 3.7252E-04  ( 0.330    , -1.953E-03,   0.00    ) |  3.725E-04 6.104E-03
    1787 7.3058E-01 3.7252E-04  ( 0.330    , -1.953E-03,   0.00    ) |  3.725E-04 6.104E-03
    1788 7.3095E-01 3.7252E-04  ( 0.330    , -1.953E-03,   0.00    ) |  3.725E-04 6.104E-03
    1789 7.3132E-01 3.7251E-04  ( 0.330    , -1.953E-03,   0.00    ) |  3.725E-04 6.104E-03
    1790 7.3170E-01 3.7251E-04  ( 0.330    , -1.953E-03,   0.00    ) |  3.725E-04 6.104E-03
    1791 7.3207E-01 3.7251E-04  ( 0.330    , -1.953E-03,   0.00    ) |  3.725E-04 6.104E-03
    1792 7.3244E-01 3.7250E-04  ( 0.330    , -1.953E-03,   0.00    ) |  3.725E-04 6.104E-03
    1793 7.3281E-01 3.7250E-04  ( 0.330    , -1.953E-03,   0.00    ) |  3.725E-04 6.104E-03
    1794 7.3319E-01 3.7250E-04  ( 0.330    , -1.953E-03,   0.00    ) |  3.725E-04 6.104E-03
    1795 7.3356E-01 3.7249E-04  (-0.326    , -1.953E-03,   0.00    ) |  3.725E-04 6.104E-03
    1796 7.3393E-01 3.7249E-04  ( 0.326    , -1.953E-03,   0.00    ) |  3.725E-04 6.104E-03
    1797 7.3430E-01 3.7249E-04  ( 0.326    , -1.953E-03,   0.00    ) |  3.725E-04 6.104E-03
    1798 7.3468E-01 3.7248E-04  ( 0.326    , -1.953E-03,   0.00    ) |  3.725E-04 6.104E-03
    1799 7.3505E-01 3.7248E-04  ( 0.326    , -1.953E-03,   0.00    ) |  3.725E-04 6.104E-03
    1800 7.3542E-01 3.7248E-04  ( 0.326    , -1.953E-03,   0.00    ) |  3.725E-04 6.104E-03
    1801 7.3579E-01 3.7247E-04  ( 0.326    , -1.953E-03,   0.00    ) |  3.725E-04 6.104E-03
    1802 7.3616E-01 3.7247E-04  ( 0.326    , -1.953E-03,   0.00    ) |  3.725E-04 6.104E-03
    1803 7.3654E-01 3.7247E-04  ( 0.326    , -1.953E-03,   0.00    ) |  3.725E-04 6.104E-03
    1804 7.3691E-01 3.7246E-04  ( 0.326    , -1.953E-03,   0.00    ) |  3.725E-04 6.104E-03
    1805 7.3728E-01 3.7246E-04  ( 0.326    , -1.953E-03,   0.00    ) |  3.725E-04 6.104E-03
    1806 7.3765E-01 3.7246E-04  ( 0.326    , -1.953E-03,   0.00    ) |  3.725E-04 6.104E-03
    1807 7.3803E-01 3.7245E-04  ( 0.326    , -1.953E-03,   0.00    ) |  3.725E-04 6.104E-03
    1808 7.3840E-01 3.7245E-04  ( 0.326    , -1.953E-03,   0.00    ) |  3.725E-04 6.104E-03
    1809 7.3877E-01 3.7245E-04  ( 0.326    , -1.953E-03,   0.00    ) |  3.724E-04 6.104E-03
    1810 7.3914E-01 3.7244E-04  ( 0.326    , -1.953E-03,   0.00    ) |  3.724E-04 6.104E-03
    1811 7.3952E-01 3.7244E-04  (-0.326    , -1.953E-03,   0.00    ) |  3.724E-04 6.104E-03
    1812 7.3989E-01 3.7244E-04  (-0.326    , -1.953E-03,   0.00    ) |  3.724E-04 6.104E-03
    1813 7.4026E-01 3.7244E-04  (-0.326    , -1.953E-03,   0.00    ) |  3.724E-04 6.104E-03
    1814 7.4063E-01 3.7243E-04  (-0.326    , -1.953E-03,   0.00    ) |  3.724E-04 6.104E-03
    1815 7.4101E-01 3.7243E-04  (-0.326    , -1.953E-03,   0.00    ) |  3.724E-04 6.104E-03
    1816 7.4138E-01 3.7243E-04  (-0.326    , -1.953E-03,   0.00    ) |  3.724E-04 6.104E-03
    1817 7.4175E-01 3.7243E-04  (-0.326    , -1.953E-03,   0.00    ) |  3.724E-04 6.104E-03
    1818 7.4212E-01 3.7242E-04  (-0.326    , -1.953E-03,   0.00    ) |  3.724E-04 6.104E-03
    1819 7.4250E-01 3.7242E-04  (-0.326    , -1.953E-03,   0.00    ) |  3.724E-04 6.104E-03
    1820 7.4287E-01 3.7242E-04  (-0.326    , -1.953E-03,   0.00    ) |  3.724E-04 6.104E-03
    1821 7.4324E-01 3.7242E-04  (-0.326    , -1.953E-03,   0.00    ) |  3.724E-04 6.104E-03
    1822 7.4361E-01 3.7242E-04  (-0.326    , -1.953E-03,   0.00    ) |  3.724E-04 6.104E-03
    1823 7.4399E-01 3.7241E-04  (-0.326    , -1.953E-03,   0.00    ) |  3.724E-04 6.104E-03
    1824 7.4436E-01 3.7241E-04  (-0.326    , -1.953E-03,   0.00    ) |  3.724E-04 6.104E-03
    1825 7.4473E-01 3.7241E-04  (-0.326    , -1.953E-03,   0.00    ) |  3.724E-04 6.104E-03
    1826 7.4510E-01 3.7241E-04  (-0.326    , -1.953E-03,   0.00    ) |  3.724E-04 6.104E-03
    1827 7.4548E-01 3.7241E-04  (-0.326    , -1.953E-03,   0.00    ) |  3.724E-04 6.104E-03
    1828 7.4585E-01 3.7240E-04  (-0.326    , -1.953E-03,   0.00    ) |  3.724E-04 6.104E-03
    1829 7.4622E-01 3.7240E-04  (-0.326    , -1.953E-03,   0.00    ) |  3.724E-04 6.104E-03
    1830 7.4659E-01 3.7240E-04  (-0.326    , -1.953E-03,   0.00    ) |  3.724E-04 6.104E-03
    1831 7.4697E-01 3.7240E-04  (-0.326    ,  1.953E-03,   0.00    ) |  3.724E-04 6.104E-03
    1832 7.4734E-01 3.7240E-04  (-0.326    ,  1.953E-03,   0.00    ) |  3.724E-04 6.104E-03
    1833 7.4771E-01 3.7239E-04  (-0.326    ,  1.953E-03,   0.00    ) |  3.724E-04 6.104E-03
    1834 7.4808E-01 3.7239E-04  (-0.326    ,  1.953E-03,   0.00    ) |  3.724E-04 6.104E-03
    1835 7.4846E-01 3.7239E-04  (-0.326    ,  1.953E-03,   0.00    ) |  3.724E-04 6.104E-03
    1836 7.4883E-01 3.7239E-04  (-0.326    ,  1.953E-03,   0.00    ) |  3.724E-04 6.104E-03
    1837 7.4920E-01 3.7239E-04  (-0.326    ,  1.953E-03,   0.00    ) |  3.724E-04 6.104E-03
    1838 7.4957E-01 3.7238E-04  (-0.326    ,  1.953E-03,   0.00    ) |  3.724E-04 6.104E-03
    1839 7.4994E-01 3.7238E-04  (-0.326    ,  1.953E-03,   0.00    ) |  3.724E-04 6.104E-03
 *** Wrote plotfile to flash_run_hdf5_plt_cnt_0030 ****
    1840 7.5032E-01 3.7238E-04  (-0.326    ,  1.953E-03,   0.00    ) |  3.724E-04 6.104E-03
    1841 7.5069E-01 3.7238E-04  (-0.326    ,  1.953E-03,   0.00    ) |  3.724E-04 6.104E-03
    1842 7.5106E-01 3.7238E-04  (-0.326    ,  1.953E-03,   0.00    ) |  3.724E-04 6.104E-03
    1843 7.5143E-01 3.7237E-04  (-0.326    ,  1.953E-03,   0.00    ) |  3.724E-04 6.104E-03
    1844 7.5181E-01 3.7237E-04  (-0.326    ,  1.953E-03,   0.00    ) |  3.724E-04 6.104E-03
    1845 7.5218E-01 3.7237E-04  (-0.326    ,  1.953E-03,   0.00    ) |  3.724E-04 6.104E-03
    1846 7.5255E-01 3.7237E-04  (-0.326    ,  1.953E-03,   0.00    ) |  3.724E-04 6.104E-03
    1847 7.5292E-01 3.7237E-04  (-0.326    ,  1.953E-03,   0.00    ) |  3.724E-04 6.104E-03
    1848 7.5330E-01 3.7237E-04  (-0.326    ,  1.953E-03,   0.00    ) |  3.724E-04 6.104E-03
    1849 7.5367E-01 3.7236E-04  (-0.326    ,  1.953E-03,   0.00    ) |  3.724E-04 6.104E-03
    1850 7.5404E-01 3.7236E-04  (-0.326    ,  1.953E-03,   0.00    ) |  3.724E-04 6.104E-03
    1851 7.5441E-01 3.7236E-04  (-0.326    ,  1.953E-03,   0.00    ) |  3.724E-04 6.104E-03
    1852 7.5479E-01 3.7236E-04  ( 0.326    ,  1.953E-03,   0.00    ) |  3.724E-04 6.104E-03
    1853 7.5516E-01 3.7236E-04  ( 0.326    ,  1.953E-03,   0.00    ) |  3.724E-04 6.104E-03
    1854 7.5553E-01 3.7236E-04  ( 0.326    , -1.953E-03,   0.00    ) |  3.724E-04 6.104E-03
    1855 7.5590E-01 3.7236E-04  ( 0.326    , -1.953E-03,   0.00    ) |  3.724E-04 6.104E-03
    1856 7.5627E-01 3.7235E-04  (-0.326    ,  1.953E-03,   0.00    ) |  3.724E-04 6.104E-03
    1857 7.5665E-01 3.7235E-04  ( 0.326    ,  1.953E-03,   0.00    ) |  3.724E-04 6.104E-03
    1858 7.5702E-01 3.7235E-04  ( 0.326    ,  1.953E-03,   0.00    ) |  3.724E-04 6.104E-03
    1859 7.5739E-01 3.7235E-04  ( 0.326    ,  1.953E-03,   0.00    ) |  3.723E-04 6.104E-03
    1860 7.5776E-01 3.7235E-04  ( 0.326    ,  1.953E-03,   0.00    ) |  3.723E-04 6.104E-03
    1861 7.5814E-01 3.7235E-04  (-0.326    ,  1.953E-03,   0.00    ) |  3.723E-04 6.104E-03
    1862 7.5851E-01 3.7234E-04  ( 0.326    ,  1.953E-03,   0.00    ) |  3.723E-04 6.104E-03
    1863 7.5888E-01 3.7234E-04  ( 0.326    ,  1.953E-03,   0.00    ) |  3.723E-04 6.104E-03
    1864 7.5925E-01 3.7234E-04  ( 0.326    ,  1.953E-03,   0.00    ) |  3.723E-04 6.104E-03
    1865 7.5963E-01 3.7234E-04  ( 0.326    ,  1.953E-03,   0.00    ) |  3.723E-04 6.104E-03
    1866 7.6000E-01 3.7234E-04  (-0.326    ,  1.953E-03,   0.00    ) |  3.723E-04 6.104E-03
    1867 7.6037E-01 3.7233E-04  (-0.326    ,  1.953E-03,   0.00    ) |  3.723E-04 6.104E-03
    1868 7.6074E-01 3.7233E-04  (-0.326    ,  1.953E-03,   0.00    ) |  3.723E-04 6.104E-03
    1869 7.6112E-01 3.7233E-04  (-0.326    ,  1.953E-03,   0.00    ) |  3.723E-04 6.104E-03
    1870 7.6149E-01 3.7233E-04  (-0.326    ,  1.953E-03,   0.00    ) |  3.723E-04 6.104E-03
    1871 7.6186E-01 3.7233E-04  (-0.326    ,  1.953E-03,   0.00    ) |  3.723E-04 6.104E-03
    1872 7.6223E-01 3.7233E-04  (-0.326    ,  1.953E-03,   0.00    ) |  3.723E-04 6.104E-03
    1873 7.6260E-01 3.7233E-04  (-0.326    ,  1.953E-03,   0.00    ) |  3.723E-04 6.104E-03
    1874 7.6298E-01 3.7232E-04  (-0.326    ,  1.953E-03,   0.00    ) |  3.723E-04 6.104E-03
    1875 7.6335E-01 3.7232E-04  (-0.326    ,  1.953E-03,   0.00    ) |  3.723E-04 6.104E-03
    1876 7.6372E-01 3.7232E-04  (-0.326    ,  1.953E-03,   0.00    ) |  3.723E-04 6.104E-03
    1877 7.6409E-01 3.7232E-04  ( 0.326    ,  1.953E-03,   0.00    ) |  3.723E-04 6.104E-03
    1878 7.6447E-01 3.7232E-04  ( 0.326    ,  1.953E-03,   0.00    ) |  3.723E-04 6.104E-03
    1879 7.6484E-01 3.7232E-04  ( 0.326    ,  1.953E-03,   0.00    ) |  3.723E-04 6.104E-03
    1880 7.6521E-01 3.7232E-04  ( 0.326    ,  1.953E-03,   0.00    ) |  3.723E-04 6.104E-03
    1881 7.6558E-01 3.7232E-04  ( 0.326    ,  1.953E-03,   0.00    ) |  3.723E-04 6.104E-03
    1882 7.6596E-01 3.7231E-04  ( 0.326    ,  1.953E-03,   0.00    ) |  3.723E-04 6.104E-03
    1883 7.6633E-01 3.7231E-04  ( 0.326    ,  1.953E-03,   0.00    ) |  3.723E-04 6.104E-03
    1884 7.6670E-01 3.7231E-04  ( 0.326    ,  1.953E-03,   0.00    ) |  3.723E-04 6.104E-03
    1885 7.6707E-01 3.7231E-04  ( 0.326    ,  1.953E-03,   0.00    ) |  3.723E-04 6.104E-03
    1886 7.6744E-01 3.7231E-04  ( 0.326    ,  1.953E-03,   0.00    ) |  3.723E-04 6.104E-03
    1887 7.6782E-01 3.7231E-04  ( 0.326    ,  1.953E-03,   0.00    ) |  3.723E-04 6.104E-03
    1888 7.6819E-01 3.7231E-04  ( 0.326    ,  1.953E-03,   0.00    ) |  3.723E-04 6.104E-03
    1889 7.6856E-01 3.7231E-04  ( 0.326    ,  1.953E-03,   0.00    ) |  3.723E-04 6.104E-03
    1890 7.6893E-01 3.7230E-04  ( 0.326    ,  1.953E-03,   0.00    ) |  3.723E-04 6.104E-03
    1891 7.6931E-01 3.7230E-04  ( 0.326    ,  1.953E-03,   0.00    ) |  3.723E-04 6.104E-03
    1892 7.6968E-01 3.7230E-04  ( 0.326    ,  1.953E-03,   0.00    ) |  3.723E-04 6.104E-03
    1893 7.7005E-01 3.7230E-04  (-0.322    , -1.953E-03,   0.00    ) |  3.723E-04 6.104E-03
    1894 7.7042E-01 3.7230E-04  (-0.322    , -1.953E-03,   0.00    ) |  3.723E-04 6.104E-03
    1895 7.7080E-01 3.7230E-04  (-0.322    , -1.953E-03,   0.00    ) |  3.723E-04 6.104E-03
    1896 7.7117E-01 3.7230E-04  (-0.322    , -1.953E-03,   0.00    ) |  3.723E-04 6.104E-03
    1897 7.7154E-01 3.7230E-04  (-0.322    , -1.953E-03,   0.00    ) |  3.723E-04 6.104E-03
    1898 7.7191E-01 3.7229E-04  (-0.322    , -1.953E-03,   0.00    ) |  3.723E-04 6.104E-03
    1899 7.7228E-01 3.7229E-04  (-0.322    , -1.953E-03,   0.00    ) |  3.723E-04 6.104E-03
    1900 7.7266E-01 3.7229E-04  (-0.322    , -1.953E-03,   0.00    ) |  3.723E-04 6.104E-03
    1901 7.7303E-01 3.7229E-04  (-0.322    , -1.953E-03,   0.00    ) |  3.723E-04 6.104E-03
    1902 7.7340E-01 3.7229E-04  (-0.322    , -1.953E-03,   0.00    ) |  3.723E-04 6.104E-03
    1903 7.7377E-01 3.7229E-04  (-0.322    , -1.953E-03,   0.00    ) |  3.723E-04 6.104E-03
    1904 7.7415E-01 3.7228E-04  (-0.322    , -1.953E-03,   0.00    ) |  3.723E-04 6.104E-03
    1905 7.7452E-01 3.7228E-04  (-0.322    , -1.953E-03,   0.00    ) |  3.723E-04 6.104E-03
    1906 7.7489E-01 3.7228E-04  (-0.322    , -1.953E-03,   0.00    ) |  3.723E-04 6.104E-03
 *** Wrote plotfile to flash_run_hdf5_plt_cnt_0031 ****
    1907 7.7526E-01 3.7228E-04  (-0.322    , -1.953E-03,   0.00    ) |  3.723E-04 6.104E-03
    1908 7.7564E-01 3.7228E-04  (-0.322    , -1.953E-03,   0.00    ) |  3.723E-04 6.104E-03
    1909 7.7601E-01 3.7228E-04  (-0.322    , -1.953E-03,   0.00    ) |  3.723E-04 6.104E-03
    1910 7.7638E-01 3.7228E-04  (-0.322    , -1.953E-03,   0.00    ) |  3.723E-04 6.104E-03
    1911 7.7675E-01 3.7227E-04  (-0.322    , -1.953E-03,   0.00    ) |  3.723E-04 6.104E-03
    1912 7.7712E-01 3.7227E-04  (-0.322    , -1.953E-03,   0.00    ) |  3.723E-04 6.104E-03
    1913 7.7750E-01 3.7227E-04  (-0.322    , -1.953E-03,   0.00    ) |  3.723E-04 6.104E-03
    1914 7.7787E-01 3.7227E-04  (-0.322    , -1.953E-03,   0.00    ) |  3.723E-04 6.104E-03
    1915 7.7824E-01 3.7227E-04  (-0.322    , -1.953E-03,   0.00    ) |  3.723E-04 6.104E-03
    1916 7.7861E-01 3.7227E-04  (-0.322    , -1.953E-03,   0.00    ) |  3.723E-04 6.104E-03
    1917 7.7899E-01 3.7227E-04  (-0.322    , -1.953E-03,   0.00    ) |  3.723E-04 6.104E-03
    1918 7.7936E-01 3.7227E-04  (-0.322    , -1.953E-03,   0.00    ) |  3.723E-04 6.104E-03
    1919 7.7973E-01 3.7226E-04  (-0.322    , -1.953E-03,   0.00    ) |  3.723E-04 6.104E-03
    1920 7.8010E-01 3.7226E-04  (-0.322    , -1.953E-03,   0.00    ) |  3.723E-04 6.104E-03
    1921 7.8047E-01 3.7226E-04  (-0.322    , -1.953E-03,   0.00    ) |  3.723E-04 6.104E-03
    1922 7.8085E-01 3.7226E-04  (-0.322    , -1.953E-03,   0.00    ) |  3.723E-04 6.104E-03
    1923 7.8122E-01 3.7226E-04  (-0.322    , -1.953E-03,   0.00    ) |  3.723E-04 6.104E-03
    1924 7.8159E-01 3.7226E-04  (-0.322    , -1.953E-03,   0.00    ) |  3.723E-04 6.104E-03
    1925 7.8196E-01 3.7226E-04  (-0.322    , -1.953E-03,   0.00    ) |  3.723E-04 6.104E-03
    1926 7.8234E-01 3.7226E-04  (-0.322    , -1.953E-03,   0.00    ) |  3.723E-04 6.104E-03
    1927 7.8271E-01 3.7226E-04  (-0.322    , -1.953E-03,   0.00    ) |  3.723E-04 6.104E-03
    1928 7.8308E-01 3.7225E-04  (-0.322    , -1.953E-03,   0.00    ) |  3.723E-04 6.104E-03
    1929 7.8345E-01 3.7225E-04  (-0.322    , -1.953E-03,   0.00    ) |  3.723E-04 6.104E-03
    1930 7.8383E-01 3.7225E-04  (-0.322    , -1.953E-03,   0.00    ) |  3.723E-04 6.104E-03
    1931 7.8420E-01 3.7225E-04  (-0.322    , -1.953E-03,   0.00    ) |  3.723E-04 6.104E-03
    1932 7.8457E-01 3.7225E-04  (-0.322    , -1.953E-03,   0.00    ) |  3.723E-04 6.104E-03
    1933 7.8494E-01 3.7225E-04  (-0.322    , -1.953E-03,   0.00    ) |  3.722E-04 6.104E-03
    1934 7.8531E-01 3.7225E-04  (-0.322    , -1.953E-03,   0.00    ) |  3.722E-04 6.104E-03
    1935 7.8569E-01 3.7225E-04  (-0.322    , -1.953E-03,   0.00    ) |  3.722E-04 6.104E-03
    1936 7.8606E-01 3.7225E-04  (-0.322    , -1.953E-03,   0.00    ) |  3.722E-04 6.104E-03
    1937 7.8643E-01 3.7224E-04  (-0.322    , -1.953E-03,   0.00    ) |  3.722E-04 6.104E-03
    1938 7.8680E-01 3.7224E-04  (-0.322    , -1.953E-03,   0.00    ) |  3.722E-04 6.104E-03
    1939 7.8718E-01 3.7224E-04  (-0.322    , -1.953E-03,   0.00    ) |  3.722E-04 6.104E-03
    1940 7.8755E-01 3.7224E-04  (-0.322    , -1.953E-03,   0.00    ) |  3.722E-04 6.104E-03
    1941 7.8792E-01 3.7224E-04  (-0.322    , -1.953E-03,   0.00    ) |  3.722E-04 6.104E-03
    1942 7.8829E-01 3.7224E-04  (-0.322    , -1.953E-03,   0.00    ) |  3.722E-04 6.104E-03
    1943 7.8866E-01 3.7224E-04  (-0.322    , -1.953E-03,   0.00    ) |  3.722E-04 6.104E-03
    1944 7.8904E-01 3.7224E-04  (-0.322    , -1.953E-03,   0.00    ) |  3.722E-04 6.104E-03
    1945 7.8941E-01 3.7223E-04  (-0.322    , -1.953E-03,   0.00    ) |  3.722E-04 6.104E-03
    1946 7.8978E-01 3.7223E-04  (-0.322    , -1.953E-03,   0.00    ) |  3.722E-04 6.104E-03
    1947 7.9015E-01 3.7223E-04  (-0.322    , -1.953E-03,   0.00    ) |  3.722E-04 6.104E-03
    1948 7.9053E-01 3.7223E-04  (-0.322    , -1.953E-03,   0.00    ) |  3.722E-04 6.104E-03
    1949 7.9090E-01 3.7223E-04  (-0.322    , -1.953E-03,   0.00    ) |  3.722E-04 6.104E-03
    1950 7.9127E-01 3.7223E-04  (-0.322    , -1.953E-03,   0.00    ) |  3.722E-04 6.104E-03
    1951 7.9164E-01 3.7223E-04  (-0.322    , -1.953E-03,   0.00    ) |  3.722E-04 6.104E-03
    1952 7.9201E-01 3.7223E-04  (-0.322    , -1.953E-03,   0.00    ) |  3.722E-04 6.104E-03
    1953 7.9239E-01 3.7223E-04  (-0.322    , -1.953E-03,   0.00    ) |  3.722E-04 6.104E-03
    1954 7.9276E-01 3.7223E-04  (-0.322    , -1.953E-03,   0.00    ) |  3.722E-04 6.104E-03
    1955 7.9313E-01 3.7223E-04  (-0.322    , -1.953E-03,   0.00    ) |  3.722E-04 6.104E-03
    1956 7.9350E-01 3.7222E-04  (-0.322    , -1.953E-03,   0.00    ) |  3.722E-04 6.104E-03
    1957 7.9388E-01 3.7222E-04  (-0.322    , -1.953E-03,   0.00    ) |  3.722E-04 6.104E-03
    1958 7.9425E-01 3.7222E-04  (-0.322    , -1.953E-03,   0.00    ) |  3.722E-04 6.104E-03
    1959 7.9462E-01 3.7222E-04  (-0.322    , -1.953E-03,   0.00    ) |  3.722E-04 6.104E-03
    1960 7.9499E-01 3.7222E-04  (-0.322    , -1.953E-03,   0.00    ) |  3.722E-04 6.104E-03
    1961 7.9536E-01 3.7222E-04  (-0.322    , -1.953E-03,   0.00    ) |  3.722E-04 6.104E-03
    1962 7.9574E-01 3.7222E-04  (-0.322    , -1.953E-03,   0.00    ) |  3.722E-04 6.104E-03
    1963 7.9611E-01 3.7222E-04  (-0.322    , -1.953E-03,   0.00    ) |  3.722E-04 6.104E-03
    1964 7.9648E-01 3.7222E-04  (-0.322    , -1.953E-03,   0.00    ) |  3.722E-04 6.104E-03
    1965 7.9685E-01 3.7222E-04  (-0.322    , -1.953E-03,   0.00    ) |  3.722E-04 6.104E-03
    1966 7.9723E-01 3.7222E-04  (-0.322    , -1.953E-03,   0.00    ) |  3.722E-04 6.104E-03
    1967 7.9760E-01 3.7222E-04  (-0.322    , -1.953E-03,   0.00    ) |  3.722E-04 6.104E-03
    1968 7.9797E-01 3.7222E-04  (-0.322    , -1.953E-03,   0.00    ) |  3.722E-04 6.104E-03
    1969 7.9834E-01 3.7222E-04  (-0.322    , -1.953E-03,   0.00    ) |  3.722E-04 6.104E-03
    1970 7.9871E-01 3.7222E-04  (-0.322    , -1.953E-03,   0.00    ) |  3.722E-04 6.104E-03
    1971 7.9909E-01 3.7222E-04  (-0.322    , -1.953E-03,   0.00    ) |  3.722E-04 6.104E-03
    1972 7.9946E-01 3.7222E-04  (-0.322    , -1.953E-03,   0.00    ) |  3.722E-04 6.104E-03
    1973 7.9983E-01 3.7222E-04  (-0.322    , -1.953E-03,   0.00    ) |  3.722E-04 6.104E-03
 *** Wrote plotfile to flash_run_hdf5_plt_cnt_0032 ****
    1974 8.0020E-01 3.7222E-04  (-0.322    , -1.953E-03,   0.00    ) |  3.722E-04 6.104E-03
    1975 8.0058E-01 3.7222E-04  (-0.322    , -1.953E-03,   0.00    ) |  3.722E-04 6.104E-03
    1976 8.0095E-01 3.7222E-04  (-0.322    , -1.953E-03,   0.00    ) |  3.722E-04 6.104E-03
    1977 8.0132E-01 3.7222E-04  (-0.322    , -1.953E-03,   0.00    ) |  3.722E-04 6.104E-03
    1978 8.0169E-01 3.7222E-04  (-0.322    , -1.953E-03,   0.00    ) |  3.722E-04 6.104E-03
    1979 8.0206E-01 3.7222E-04  (-0.322    , -1.953E-03,   0.00    ) |  3.722E-04 6.104E-03
    1980 8.0244E-01 3.7222E-04  (-0.322    , -1.953E-03,   0.00    ) |  3.722E-04 6.104E-03
    1981 8.0281E-01 3.7222E-04  (-0.322    , -1.953E-03,   0.00    ) |  3.722E-04 6.104E-03
    1982 8.0318E-01 3.7222E-04  (-0.322    , -1.953E-03,   0.00    ) |  3.722E-04 6.104E-03
    1983 8.0355E-01 3.7222E-04  (-0.322    , -1.953E-03,   0.00    ) |  3.722E-04 6.104E-03
    1984 8.0393E-01 3.7222E-04  (-0.322    , -1.953E-03,   0.00    ) |  3.722E-04 6.104E-03
    1985 8.0430E-01 3.7222E-04  (-0.322    , -1.953E-03,   0.00    ) |  3.722E-04 6.104E-03
    1986 8.0467E-01 3.7222E-04  (-0.322    , -1.953E-03,   0.00    ) |  3.722E-04 6.104E-03
    1987 8.0504E-01 3.7222E-04  (-0.322    , -1.953E-03,   0.00    ) |  3.722E-04 6.104E-03
    1988 8.0541E-01 3.7222E-04  (-0.322    , -1.953E-03,   0.00    ) |  3.722E-04 6.104E-03
    1989 8.0579E-01 3.7222E-04  (-0.322    , -1.953E-03,   0.00    ) |  3.722E-04 6.104E-03
    1990 8.0616E-01 3.7222E-04  (-0.322    , -1.953E-03,   0.00    ) |  3.722E-04 6.104E-03
    1991 8.0653E-01 3.7222E-04  (-0.322    , -1.953E-03,   0.00    ) |  3.722E-04 6.104E-03
    1992 8.0690E-01 3.7222E-04  (-0.322    , -1.953E-03,   0.00    ) |  3.722E-04 6.104E-03
    1993 8.0728E-01 3.7222E-04  (-0.322    , -1.953E-03,   0.00    ) |  3.722E-04 6.104E-03
    1994 8.0765E-01 3.7222E-04  (-0.322    , -1.953E-03,   0.00    ) |  3.722E-04 6.104E-03
    1995 8.0802E-01 3.7222E-04  (-0.322    , -1.953E-03,   0.00    ) |  3.722E-04 6.104E-03
    1996 8.0839E-01 3.7222E-04  (-0.322    , -1.953E-03,   0.00    ) |  3.722E-04 6.104E-03
    1997 8.0876E-01 3.7222E-04  (-0.322    , -1.953E-03,   0.00    ) |  3.722E-04 6.104E-03
    1998 8.0914E-01 3.7222E-04  (-0.322    , -1.953E-03,   0.00    ) |  3.722E-04 6.104E-03
    1999 8.0951E-01 3.7222E-04  (-0.322    , -1.953E-03,   0.00    ) |  3.722E-04 6.104E-03
    2000 8.0988E-01 3.7222E-04  (-0.322    , -1.953E-03,   0.00    ) |  3.722E-04 6.104E-03
    2001 8.1025E-01 3.7222E-04  (-0.322    , -1.953E-03,   0.00    ) |  3.722E-04 6.104E-03
    2002 8.1063E-01 3.7222E-04  (-0.322    , -1.953E-03,   0.00    ) |  3.722E-04 6.104E-03
    2003 8.1100E-01 3.7222E-04  (-0.322    , -1.953E-03,   0.00    ) |  3.722E-04 6.104E-03
    2004 8.1137E-01 3.7222E-04  (-0.322    , -1.953E-03,   0.00    ) |  3.722E-04 6.104E-03
    2005 8.1174E-01 3.7222E-04  (-0.318    , -1.953E-03,   0.00    ) |  3.722E-04 6.104E-03
    2006 8.1211E-01 3.7222E-04  (-0.318    , -1.953E-03,   0.00    ) |  3.722E-04 6.104E-03
    2007 8.1249E-01 3.7222E-04  (-0.318    , -1.953E-03,   0.00    ) |  3.722E-04 6.104E-03
    2008 8.1286E-01 3.7222E-04  (-0.318    , -1.953E-03,   0.00    ) |  3.722E-04 6.104E-03
    2009 8.1323E-01 3.7222E-04  (-0.318    , -1.953E-03,   0.00    ) |  3.722E-04 6.104E-03
    2010 8.1360E-01 3.7222E-04  (-0.318    , -1.953E-03,   0.00    ) |  3.722E-04 6.104E-03
    2011 8.1398E-01 3.7222E-04  (-0.318    , -1.953E-03,   0.00    ) |  3.722E-04 6.104E-03
    2012 8.1435E-01 3.7222E-04  (-0.318    , -1.953E-03,   0.00    ) |  3.722E-04 6.104E-03
    2013 8.1472E-01 3.7222E-04  (-0.318    , -1.953E-03,   0.00    ) |  3.722E-04 6.104E-03
    2014 8.1509E-01 3.7222E-04  (-0.318    , -1.953E-03,   0.00    ) |  3.722E-04 6.104E-03
    2015 8.1546E-01 3.7222E-04  (-0.318    , -1.953E-03,   0.00    ) |  3.722E-04 6.104E-03
    2016 8.1584E-01 3.7223E-04  (-0.318    , -1.953E-03,   0.00    ) |  3.722E-04 6.104E-03
    2017 8.1621E-01 3.7223E-04  (-0.318    , -1.953E-03,   0.00    ) |  3.722E-04 6.104E-03
    2018 8.1658E-01 3.7223E-04  (-0.318    , -1.953E-03,   0.00    ) |  3.722E-04 6.104E-03
    2019 8.1695E-01 3.7223E-04  (-0.318    , -1.953E-03,   0.00    ) |  3.722E-04 6.104E-03
    2020 8.1733E-01 3.7223E-04  (-0.318    , -1.953E-03,   0.00    ) |  3.722E-04 6.104E-03
    2021 8.1770E-01 3.7223E-04  (-0.318    , -1.953E-03,   0.00    ) |  3.722E-04 6.104E-03
    2022 8.1807E-01 3.7223E-04  (-0.318    , -1.953E-03,   0.00    ) |  3.722E-04 6.104E-03
    2023 8.1844E-01 3.7223E-04  (-0.318    , -1.953E-03,   0.00    ) |  3.722E-04 6.104E-03
    2024 8.1881E-01 3.7223E-04  (-0.318    , -1.953E-03,   0.00    ) |  3.722E-04 6.104E-03
    2025 8.1919E-01 3.7223E-04  (-0.318    , -1.953E-03,   0.00    ) |  3.722E-04 6.104E-03
    2026 8.1956E-01 3.7223E-04  (-0.318    , -1.953E-03,   0.00    ) |  3.722E-04 6.104E-03
    2027 8.1993E-01 3.7223E-04  (-0.318    , -1.953E-03,   0.00    ) |  3.722E-04 6.104E-03
    2028 8.2030E-01 3.7223E-04  (-0.318    , -1.953E-03,   0.00    ) |  3.722E-04 6.104E-03
    2029 8.2068E-01 3.7223E-04  (-0.318    , -1.953E-03,   0.00    ) |  3.722E-04 6.104E-03
    2030 8.2105E-01 3.7223E-04  (-0.318    , -1.953E-03,   0.00    ) |  3.722E-04 6.104E-03
    2031 8.2142E-01 3.7223E-04  (-0.318    , -1.953E-03,   0.00    ) |  3.722E-04 6.104E-03
    2032 8.2179E-01 3.7223E-04  (-0.318    , -1.953E-03,   0.00    ) |  3.722E-04 6.104E-03
    2033 8.2216E-01 3.7224E-04  (-0.318    , -1.953E-03,   0.00    ) |  3.722E-04 6.104E-03
    2034 8.2254E-01 3.7224E-04  (-0.318    , -1.953E-03,   0.00    ) |  3.722E-04 6.104E-03
    2035 8.2291E-01 3.7224E-04  (-0.318    , -1.953E-03,   0.00    ) |  3.722E-04 6.104E-03
    2036 8.2328E-01 3.7224E-04  (-0.318    , -1.953E-03,   0.00    ) |  3.722E-04 6.104E-03
    2037 8.2365E-01 3.7224E-04  (-0.318    , -1.953E-03,   0.00    ) |  3.722E-04 6.104E-03
    2038 8.2403E-01 3.7224E-04  (-0.318    , -1.953E-03,   0.00    ) |  3.722E-04 6.104E-03
    2039 8.2440E-01 3.7224E-04  (-0.318    , -1.953E-03,   0.00    ) |  3.722E-04 6.104E-03
    2040 8.2477E-01 3.7224E-04  (-0.318    , -1.953E-03,   0.00    ) |  3.722E-04 6.104E-03
 *** Wrote plotfile to flash_run_hdf5_plt_cnt_0033 ****
    2041 8.2514E-01 3.7224E-04  (-0.318    , -1.953E-03,   0.00    ) |  3.722E-04 6.104E-03
    2042 8.2551E-01 3.7224E-04  (-0.318    , -1.953E-03,   0.00    ) |  3.722E-04 6.104E-03
    2043 8.2589E-01 3.7224E-04  (-0.318    , -1.953E-03,   0.00    ) |  3.722E-04 6.104E-03
    2044 8.2626E-01 3.7224E-04  (-0.318    , -1.953E-03,   0.00    ) |  3.722E-04 6.104E-03
    2045 8.2663E-01 3.7224E-04  (-0.318    , -1.953E-03,   0.00    ) |  3.722E-04 6.104E-03
    2046 8.2700E-01 3.7224E-04  (-0.318    , -1.953E-03,   0.00    ) |  3.722E-04 6.104E-03
    2047 8.2738E-01 3.7225E-04  (-0.318    , -1.953E-03,   0.00    ) |  3.722E-04 6.104E-03
    2048 8.2775E-01 3.7225E-04  (-0.318    , -1.953E-03,   0.00    ) |  3.722E-04 6.104E-03
    2049 8.2812E-01 3.7225E-04  (-0.318    , -1.953E-03,   0.00    ) |  3.722E-04 6.104E-03
    2050 8.2849E-01 3.7225E-04  (-0.318    , -1.953E-03,   0.00    ) |  3.722E-04 6.104E-03
    2051 8.2886E-01 3.7225E-04  (-0.318    , -1.953E-03,   0.00    ) |  3.722E-04 6.104E-03
    2052 8.2924E-01 3.7225E-04  (-0.318    , -1.953E-03,   0.00    ) |  3.722E-04 6.104E-03
    2053 8.2961E-01 3.7225E-04  (-0.318    , -1.953E-03,   0.00    ) |  3.723E-04 6.104E-03
    2054 8.2998E-01 3.7225E-04  (-0.318    , -1.953E-03,   0.00    ) |  3.723E-04 6.104E-03
    2055 8.3035E-01 3.7225E-04  (-0.318    , -1.953E-03,   0.00    ) |  3.723E-04 6.104E-03
    2056 8.3073E-01 3.7225E-04  (-0.318    , -1.953E-03,   0.00    ) |  3.723E-04 6.104E-03
    2057 8.3110E-01 3.7225E-04  (-0.318    , -1.953E-03,   0.00    ) |  3.723E-04 6.104E-03
    2058 8.3147E-01 3.7225E-04  (-0.318    , -1.953E-03,   0.00    ) |  3.723E-04 6.104E-03
    2059 8.3184E-01 3.7226E-04  (-0.318    , -1.953E-03,   0.00    ) |  3.723E-04 6.104E-03
    2060 8.3221E-01 3.7226E-04  (-0.318    , -1.953E-03,   0.00    ) |  3.723E-04 6.104E-03
    2061 8.3259E-01 3.7226E-04  (-0.318    , -1.953E-03,   0.00    ) |  3.723E-04 6.104E-03
    2062 8.3296E-01 3.7226E-04  (-0.318    , -1.953E-03,   0.00    ) |  3.723E-04 6.104E-03
    2063 8.3333E-01 3.7226E-04  (-0.318    , -1.953E-03,   0.00    ) |  3.723E-04 6.104E-03
    2064 8.3370E-01 3.7226E-04  (-0.318    , -1.953E-03,   0.00    ) |  3.723E-04 6.104E-03
    2065 8.3408E-01 3.7226E-04  (-0.318    , -1.953E-03,   0.00    ) |  3.723E-04 6.104E-03
    2066 8.3445E-01 3.7227E-04  (-0.318    , -1.953E-03,   0.00    ) |  3.723E-04 6.104E-03
    2067 8.3482E-01 3.7227E-04  (-0.318    , -1.953E-03,   0.00    ) |  3.723E-04 6.104E-03
    2068 8.3519E-01 3.7227E-04  (-0.318    , -1.953E-03,   0.00    ) |  3.723E-04 6.104E-03
    2069 8.3557E-01 3.7227E-04  (-0.318    , -1.953E-03,   0.00    ) |  3.723E-04 6.104E-03
    2070 8.3594E-01 3.7227E-04  (-0.318    , -1.953E-03,   0.00    ) |  3.723E-04 6.104E-03
    2071 8.3631E-01 3.7227E-04  (-0.318    , -1.953E-03,   0.00    ) |  3.723E-04 6.104E-03
    2072 8.3668E-01 3.7227E-04  (-0.318    , -1.953E-03,   0.00    ) |  3.723E-04 6.104E-03
    2073 8.3705E-01 3.7228E-04  (-0.318    , -1.953E-03,   0.00    ) |  3.723E-04 6.104E-03
    2074 8.3743E-01 3.7228E-04  (-0.318    , -1.953E-03,   0.00    ) |  3.723E-04 6.104E-03
    2075 8.3780E-01 3.7228E-04  (-0.318    , -1.953E-03,   0.00    ) |  3.723E-04 6.104E-03
    2076 8.3817E-01 3.7228E-04  (-0.318    , -1.953E-03,   0.00    ) |  3.723E-04 6.104E-03
    2077 8.3854E-01 3.7228E-04  (-0.318    , -1.953E-03,   0.00    ) |  3.723E-04 6.104E-03
    2078 8.3892E-01 3.7228E-04  (-0.318    , -1.953E-03,   0.00    ) |  3.723E-04 6.104E-03
    2079 8.3929E-01 3.7229E-04  ( 0.318    ,  1.953E-03,   0.00    ) |  3.723E-04 6.104E-03
    2080 8.3966E-01 3.7229E-04  ( 0.318    ,  1.953E-03,   0.00    ) |  3.723E-04 6.104E-03
    2081 8.4003E-01 3.7229E-04  (-0.318    , -1.953E-03,   0.00    ) |  3.723E-04 6.104E-03
    2082 8.4040E-01 3.7229E-04  (-0.318    , -1.953E-03,   0.00    ) |  3.723E-04 6.104E-03
    2083 8.4078E-01 3.7229E-04  ( 0.318    ,  1.953E-03,   0.00    ) |  3.723E-04 6.104E-03
    2084 8.4115E-01 3.7230E-04  ( 0.318    ,  1.953E-03,   0.00    ) |  3.723E-04 6.104E-03
    2085 8.4152E-01 3.7230E-04  ( 0.318    ,  1.953E-03,   0.00    ) |  3.723E-04 6.104E-03
    2086 8.4189E-01 3.7230E-04  ( 0.318    ,  1.953E-03,   0.00    ) |  3.723E-04 6.104E-03
    2087 8.4227E-01 3.7230E-04  (-0.318    , -1.953E-03,   0.00    ) |  3.723E-04 6.104E-03
    2088 8.4264E-01 3.7230E-04  (-0.318    , -1.953E-03,   0.00    ) |  3.723E-04 6.104E-03
    2089 8.4301E-01 3.7230E-04  (-0.318    , -1.953E-03,   0.00    ) |  3.723E-04 6.104E-03
    2090 8.4338E-01 3.7231E-04  (-0.318    , -1.953E-03,   0.00    ) |  3.723E-04 6.104E-03
    2091 8.4376E-01 3.7231E-04  (-0.318    , -1.953E-03,   0.00    ) |  3.723E-04 6.104E-03
    2092 8.4413E-01 3.7231E-04  (-0.318    , -1.953E-03,   0.00    ) |  3.723E-04 6.104E-03
    2093 8.4450E-01 3.7231E-04  (-0.318    , -1.953E-03,   0.00    ) |  3.723E-04 6.104E-03
    2094 8.4487E-01 3.7231E-04  (-0.318    , -1.953E-03,   0.00    ) |  3.723E-04 6.104E-03
    2095 8.4524E-01 3.7232E-04  (-0.318    , -1.953E-03,   0.00    ) |  3.723E-04 6.104E-03
    2096 8.4562E-01 3.7232E-04  (-0.318    , -1.953E-03,   0.00    ) |  3.723E-04 6.104E-03
    2097 8.4599E-01 3.7232E-04  (-0.318    , -1.953E-03,   0.00    ) |  3.723E-04 6.104E-03
    2098 8.4636E-01 3.7232E-04  (-0.318    , -1.953E-03,   0.00    ) |  3.723E-04 6.104E-03
    2099 8.4673E-01 3.7233E-04  (-0.318    , -1.953E-03,   0.00    ) |  3.723E-04 6.104E-03
    2100 8.4711E-01 3.7233E-04  (-0.318    , -1.953E-03,   0.00    ) |  3.723E-04 6.104E-03
    2101 8.4748E-01 3.7233E-04  (-0.318    , -1.953E-03,   0.00    ) |  3.723E-04 6.104E-03
    2102 8.4785E-01 3.7233E-04  (-0.318    , -1.953E-03,   0.00    ) |  3.723E-04 6.104E-03
    2103 8.4822E-01 3.7234E-04  (-0.318    , -1.953E-03,   0.00    ) |  3.723E-04 6.104E-03
    2104 8.4860E-01 3.7234E-04  (-0.318    , -1.953E-03,   0.00    ) |  3.723E-04 6.104E-03
    2105 8.4897E-01 3.7234E-04  (-0.318    , -1.953E-03,   0.00    ) |  3.723E-04 6.104E-03
    2106 8.4934E-01 3.7234E-04  (-0.318    , -1.953E-03,   0.00    ) |  3.723E-04 6.104E-03
    2107 8.4971E-01 3.7235E-04  (-0.318    , -1.953E-03,   0.00    ) |  3.723E-04 6.104E-03
 *** Wrote plotfile to flash_run_hdf5_plt_cnt_0034 ****
    2108 8.5009E-01 3.7235E-04  (-0.318    , -1.953E-03,   0.00    ) |  3.723E-04 6.104E-03
    2109 8.5046E-01 3.7235E-04  (-0.318    , -1.953E-03,   0.00    ) |  3.724E-04 6.104E-03
    2110 8.5083E-01 3.7235E-04  (-0.318    , -1.953E-03,   0.00    ) |  3.724E-04 6.104E-03
    2111 8.5120E-01 3.7236E-04  (-0.318    , -1.953E-03,   0.00    ) |  3.724E-04 6.104E-03
    2112 8.5157E-01 3.7236E-04  (-0.318    , -1.953E-03,   0.00    ) |  3.724E-04 6.104E-03
    2113 8.5195E-01 3.7236E-04  (-0.318    , -1.953E-03,   0.00    ) |  3.724E-04 6.104E-03
    2114 8.5232E-01 3.7236E-04  (-0.318    , -1.953E-03,   0.00    ) |  3.724E-04 6.104E-03
    2115 8.5269E-01 3.7237E-04  (-0.318    , -1.953E-03,   0.00    ) |  3.724E-04 6.104E-03
    2116 8.5306E-01 3.7237E-04  (-0.318    , -1.953E-03,   0.00    ) |  3.724E-04 6.104E-03
    2117 8.5344E-01 3.7237E-04  (-0.318    , -1.953E-03,   0.00    ) |  3.724E-04 6.104E-03
    2118 8.5381E-01 3.7237E-04  (-0.318    , -1.953E-03,   0.00    ) |  3.724E-04 6.104E-03
    2119 8.5418E-01 3.7238E-04  (-0.318    , -1.953E-03,   0.00    ) |  3.724E-04 6.104E-03
    2120 8.5455E-01 3.7238E-04  (-0.318    , -1.953E-03,   0.00    ) |  3.724E-04 6.104E-03
    2121 8.5493E-01 3.7238E-04  (-0.318    , -1.953E-03,   0.00    ) |  3.724E-04 6.104E-03
    2122 8.5530E-01 3.7239E-04  (-0.318    , -1.953E-03,   0.00    ) |  3.724E-04 6.104E-03
    2123 8.5567E-01 3.7239E-04  (-0.318    , -1.953E-03,   0.00    ) |  3.724E-04 6.104E-03
    2124 8.5604E-01 3.7239E-04  (-0.318    , -1.953E-03,   0.00    ) |  3.724E-04 6.104E-03
    2125 8.5642E-01 3.7240E-04  (-0.318    , -1.953E-03,   0.00    ) |  3.724E-04 6.104E-03
    2126 8.5679E-01 3.7240E-04  (-0.318    , -1.953E-03,   0.00    ) |  3.724E-04 6.104E-03
    2127 8.5716E-01 3.7240E-04  (-0.318    , -1.953E-03,   0.00    ) |  3.724E-04 6.104E-03
    2128 8.5753E-01 3.7240E-04  (-0.318    , -1.953E-03,   0.00    ) |  3.724E-04 6.104E-03
    2129 8.5791E-01 3.7241E-04  (-0.318    , -1.953E-03,   0.00    ) |  3.724E-04 6.104E-03
    2130 8.5828E-01 3.7241E-04  (-0.318    , -1.953E-03,   0.00    ) |  3.724E-04 6.104E-03
    2131 8.5865E-01 3.7241E-04  (-0.318    , -1.953E-03,   0.00    ) |  3.724E-04 6.104E-03
    2132 8.5902E-01 3.7242E-04  (-0.318    , -1.953E-03,   0.00    ) |  3.724E-04 6.104E-03
    2133 8.5939E-01 3.7242E-04  (-0.318    , -1.953E-03,   0.00    ) |  3.724E-04 6.104E-03
    2134 8.5977E-01 3.7242E-04  (-0.318    , -1.953E-03,   0.00    ) |  3.724E-04 6.104E-03
    2135 8.6014E-01 3.7243E-04  (-0.318    , -1.953E-03,   0.00    ) |  3.724E-04 6.104E-03
    2136 8.6051E-01 3.7243E-04  (-0.318    , -1.953E-03,   0.00    ) |  3.724E-04 6.104E-03
    2137 8.6088E-01 3.7243E-04  (-0.318    , -1.953E-03,   0.00    ) |  3.724E-04 6.104E-03
    2138 8.6126E-01 3.7244E-04  (-0.318    , -1.953E-03,   0.00    ) |  3.724E-04 6.104E-03
    2139 8.6163E-01 3.7244E-04  (-0.318    , -1.953E-03,   0.00    ) |  3.724E-04 6.104E-03
    2140 8.6200E-01 3.7244E-04  (-0.318    , -1.953E-03,   0.00    ) |  3.724E-04 6.104E-03
    2141 8.6237E-01 3.7245E-04  (-0.318    , -1.953E-03,   0.00    ) |  3.724E-04 6.104E-03
    2142 8.6275E-01 3.7245E-04  (-0.318    , -1.953E-03,   0.00    ) |  3.725E-04 6.104E-03
    2143 8.6312E-01 3.7245E-04  (-0.318    , -1.953E-03,   0.00    ) |  3.725E-04 6.104E-03
    2144 8.6349E-01 3.7246E-04  (-0.318    , -1.953E-03,   0.00    ) |  3.725E-04 6.104E-03
    2145 8.6386E-01 3.7246E-04  (-0.318    , -1.953E-03,   0.00    ) |  3.725E-04 6.104E-03
    2146 8.6424E-01 3.7246E-04  (-0.318    , -1.953E-03,   0.00    ) |  3.725E-04 6.104E-03
    2147 8.6461E-01 3.7247E-04  (-0.318    , -1.953E-03,   0.00    ) |  3.725E-04 6.104E-03
    2148 8.6498E-01 3.7247E-04  ( 0.318    ,  1.953E-03,   0.00    ) |  3.725E-04 6.104E-03
    2149 8.6535E-01 3.7248E-04  (-0.318    , -1.953E-03,   0.00    ) |  3.725E-04 6.104E-03
    2150 8.6573E-01 3.7248E-04  ( 0.318    ,  1.953E-03,   0.00    ) |  3.725E-04 6.104E-03
    2151 8.6610E-01 3.7248E-04  ( 0.318    ,  1.953E-03,   0.00    ) |  3.725E-04 6.104E-03
    2152 8.6647E-01 3.7249E-04  ( 0.318    ,  1.953E-03,   0.00    ) |  3.725E-04 6.104E-03
    2153 8.6684E-01 3.7249E-04  ( 0.318    ,  1.953E-03,   0.00    ) |  3.725E-04 6.104E-03
    2154 8.6722E-01 3.7249E-04  ( 0.318    ,  1.953E-03,   0.00    ) |  3.725E-04 6.104E-03
    2155 8.6759E-01 3.7250E-04  (-0.314    , -1.953E-03,   0.00    ) |  3.725E-04 6.104E-03
    2156 8.6796E-01 3.7250E-04  (-0.314    , -1.953E-03,   0.00    ) |  3.725E-04 6.104E-03
    2157 8.6833E-01 3.7250E-04  (-0.314    , -1.953E-03,   0.00    ) |  3.725E-04 6.104E-03
    2158 8.6871E-01 3.7251E-04  (-0.314    , -1.953E-03,   0.00    ) |  3.725E-04 6.104E-03
    2159 8.6908E-01 3.7251E-04  (-0.314    , -1.953E-03,   0.00    ) |  3.725E-04 6.104E-03
    2160 8.6945E-01 3.7252E-04  (-0.314    , -1.953E-03,   0.00    ) |  3.725E-04 6.104E-03
    2161 8.6982E-01 3.7252E-04  (-0.314    , -1.953E-03,   0.00    ) |  3.725E-04 6.104E-03
    2162 8.7020E-01 3.7252E-04  (-0.314    , -1.953E-03,   0.00    ) |  3.725E-04 6.104E-03
    2163 8.7057E-01 3.7253E-04  (-0.314    , -1.953E-03,   0.00    ) |  3.725E-04 6.104E-03
    2164 8.7094E-01 3.7253E-04  (-0.314    , -1.953E-03,   0.00    ) |  3.725E-04 6.104E-03
    2165 8.7131E-01 3.7253E-04  (-0.314    , -1.953E-03,   0.00    ) |  3.725E-04 6.104E-03
    2166 8.7169E-01 3.7254E-04  (-0.314    , -1.953E-03,   0.00    ) |  3.725E-04 6.104E-03
    2167 8.7206E-01 3.7254E-04  (-0.314    , -1.953E-03,   0.00    ) |  3.725E-04 6.104E-03
    2168 8.7243E-01 3.7254E-04  (-0.314    , -1.953E-03,   0.00    ) |  3.725E-04 6.104E-03
    2169 8.7280E-01 3.7255E-04  (-0.314    , -1.953E-03,   0.00    ) |  3.725E-04 6.104E-03
    2170 8.7318E-01 3.7255E-04  (-0.314    , -1.953E-03,   0.00    ) |  3.726E-04 6.104E-03
    2171 8.7355E-01 3.7256E-04  (-0.314    , -1.953E-03,   0.00    ) |  3.726E-04 6.104E-03
    2172 8.7392E-01 3.7256E-04  (-0.314    , -1.953E-03,   0.00    ) |  3.726E-04 6.104E-03
    2173 8.7429E-01 3.7256E-04  (-0.314    , -1.953E-03,   0.00    ) |  3.726E-04 6.104E-03
    2174 8.7467E-01 3.7257E-04  (-0.314    , -1.953E-03,   0.00    ) |  3.726E-04 6.104E-03
 *** Wrote plotfile to flash_run_hdf5_plt_cnt_0035 ****
    2175 8.7504E-01 3.7257E-04  (-0.314    , -1.953E-03,   0.00    ) |  3.726E-04 6.104E-03
    2176 8.7541E-01 3.7257E-04  (-0.314    , -1.953E-03,   0.00    ) |  3.726E-04 6.104E-03
    2177 8.7578E-01 3.7258E-04  (-0.314    , -1.953E-03,   0.00    ) |  3.726E-04 6.104E-03
    2178 8.7616E-01 3.7258E-04  (-0.314    , -1.953E-03,   0.00    ) |  3.726E-04 6.104E-03
    2179 8.7653E-01 3.7259E-04  (-0.314    , -1.953E-03,   0.00    ) |  3.726E-04 6.104E-03
    2180 8.7690E-01 3.7259E-04  (-0.314    , -1.953E-03,   0.00    ) |  3.726E-04 6.104E-03
    2181 8.7727E-01 3.7259E-04  (-0.314    , -1.953E-03,   0.00    ) |  3.726E-04 6.104E-03
    2182 8.7765E-01 3.7260E-04  (-0.314    , -1.953E-03,   0.00    ) |  3.726E-04 6.104E-03
    2183 8.7802E-01 3.7260E-04  (-0.314    , -1.953E-03,   0.00    ) |  3.726E-04 6.104E-03
    2184 8.7839E-01 3.7260E-04  (-0.314    , -1.953E-03,   0.00    ) |  3.726E-04 6.104E-03
    2185 8.7877E-01 3.7261E-04  (-0.314    , -1.953E-03,   0.00    ) |  3.726E-04 6.104E-03
    2186 8.7914E-01 3.7261E-04  (-0.314    , -1.953E-03,   0.00    ) |  3.726E-04 6.104E-03
    2187 8.7951E-01 3.7262E-04  (-0.314    , -1.953E-03,   0.00    ) |  3.726E-04 6.104E-03
    2188 8.7988E-01 3.7262E-04  ( 0.314    ,  1.953E-03,   0.00    ) |  3.726E-04 6.104E-03
    2189 8.8026E-01 3.7262E-04  (-0.314    , -1.953E-03,   0.00    ) |  3.726E-04 6.104E-03
    2190 8.8063E-01 3.7263E-04  (-0.314    , -1.953E-03,   0.00    ) |  3.726E-04 6.104E-03
    2191 8.8100E-01 3.7263E-04  (-0.314    , -1.953E-03,   0.00    ) |  3.726E-04 6.104E-03
    2192 8.8137E-01 3.7263E-04  (-0.314    , -1.953E-03,   0.00    ) |  3.726E-04 6.104E-03
    2193 8.8175E-01 3.7264E-04  (-0.314    , -1.953E-03,   0.00    ) |  3.726E-04 6.104E-03
    2194 8.8212E-01 3.7264E-04  (-0.314    , -1.953E-03,   0.00    ) |  3.726E-04 6.104E-03
    2195 8.8249E-01 3.7264E-04  (-0.314    , -1.953E-03,   0.00    ) |  3.726E-04 6.104E-03
    2196 8.8286E-01 3.7265E-04  (-0.314    , -1.953E-03,   0.00    ) |  3.726E-04 6.104E-03
    2197 8.8324E-01 3.7265E-04  (-0.314    , -1.953E-03,   0.00    ) |  3.727E-04 6.104E-03
    2198 8.8361E-01 3.7266E-04  (-0.314    , -1.953E-03,   0.00    ) |  3.727E-04 6.104E-03
    2199 8.8398E-01 3.7266E-04  (-0.314    , -1.953E-03,   0.00    ) |  3.727E-04 6.104E-03
    2200 8.8435E-01 3.7266E-04  (-0.314    , -1.953E-03,   0.00    ) |  3.727E-04 6.104E-03
    2201 8.8473E-01 3.7267E-04  (-0.314    , -1.953E-03,   0.00    ) |  3.727E-04 6.104E-03
    2202 8.8510E-01 3.7267E-04  (-0.314    , -1.953E-03,   0.00    ) |  3.727E-04 6.104E-03
    2203 8.8547E-01 3.7267E-04  (-0.314    , -1.953E-03,   0.00    ) |  3.727E-04 6.104E-03
    2204 8.8585E-01 3.7268E-04  (-0.314    , -1.953E-03,   0.00    ) |  3.727E-04 6.104E-03
    2205 8.8622E-01 3.7268E-04  (-0.314    , -1.953E-03,   0.00    ) |  3.727E-04 6.104E-03
    2206 8.8659E-01 3.7269E-04  (-0.314    , -1.953E-03,   0.00    ) |  3.727E-04 6.104E-03
    2207 8.8696E-01 3.7269E-04  (-0.314    , -1.953E-03,   0.00    ) |  3.727E-04 6.104E-03
    2208 8.8734E-01 3.7270E-04  (-0.314    , -1.953E-03,   0.00    ) |  3.727E-04 6.104E-03
    2209 8.8771E-01 3.7270E-04  (-0.314    , -1.953E-03,   0.00    ) |  3.727E-04 6.104E-03
    2210 8.8808E-01 3.7270E-04  (-0.314    , -1.953E-03,   0.00    ) |  3.727E-04 6.104E-03
    2211 8.8845E-01 3.7271E-04  (-0.314    , -1.953E-03,   0.00    ) |  3.727E-04 6.104E-03
    2212 8.8883E-01 3.7271E-04  (-0.314    , -1.953E-03,   0.00    ) |  3.727E-04 6.104E-03
    2213 8.8920E-01 3.7272E-04  (-0.314    , -1.953E-03,   0.00    ) |  3.727E-04 6.104E-03
    2214 8.8957E-01 3.7272E-04  (-0.314    , -1.953E-03,   0.00    ) |  3.727E-04 6.104E-03
    2215 8.8995E-01 3.7272E-04  (-0.314    , -1.953E-03,   0.00    ) |  3.727E-04 6.104E-03
    2216 8.9032E-01 3.7273E-04  (-0.314    , -1.953E-03,   0.00    ) |  3.727E-04 6.104E-03
    2217 8.9069E-01 3.7273E-04  (-0.314    , -1.953E-03,   0.00    ) |  3.727E-04 6.104E-03
    2218 8.9106E-01 3.7274E-04  (-0.314    , -1.953E-03,   0.00    ) |  3.727E-04 6.104E-03
    2219 8.9144E-01 3.7274E-04  (-0.314    , -1.953E-03,   0.00    ) |  3.727E-04 6.104E-03
    2220 8.9181E-01 3.7275E-04  (-0.314    , -1.953E-03,   0.00    ) |  3.727E-04 6.104E-03
    2221 8.9218E-01 3.7275E-04  ( 0.314    ,  1.953E-03,   0.00    ) |  3.727E-04 6.104E-03
    2222 8.9255E-01 3.7275E-04  ( 0.314    ,  1.953E-03,   0.00    ) |  3.728E-04 6.104E-03
    2223 8.9293E-01 3.7276E-04  ( 0.314    ,  1.953E-03,   0.00    ) |  3.728E-04 6.104E-03
    2224 8.9330E-01 3.7276E-04  ( 0.314    ,  1.953E-03,   0.00    ) |  3.728E-04 6.104E-03
    2225 8.9367E-01 3.7277E-04  ( 0.314    ,  1.953E-03,   0.00    ) |  3.728E-04 6.104E-03
    2226 8.9405E-01 3.7277E-04  ( 0.314    ,  1.953E-03,   0.00    ) |  3.728E-04 6.104E-03
    2227 8.9442E-01 3.7277E-04  ( 0.314    ,  1.953E-03,   0.00    ) |  3.728E-04 6.104E-03
    2228 8.9479E-01 3.7278E-04  (-0.314    , -1.953E-03,   0.00    ) |  3.728E-04 6.104E-03
    2229 8.9516E-01 3.7278E-04  ( 0.314    ,  1.953E-03,   0.00    ) |  3.728E-04 6.104E-03
    2230 8.9554E-01 3.7279E-04  ( 0.314    ,  1.953E-03,   0.00    ) |  3.728E-04 6.104E-03
    2231 8.9591E-01 3.7279E-04  ( 0.314    ,  1.953E-03,   0.00    ) |  3.728E-04 6.104E-03
    2232 8.9628E-01 3.7280E-04  ( 0.314    ,  1.953E-03,   0.00    ) |  3.728E-04 6.104E-03
    2233 8.9665E-01 3.7280E-04  ( 0.314    ,  1.953E-03,   0.00    ) |  3.728E-04 6.104E-03
    2234 8.9703E-01 3.7280E-04  ( 0.314    ,  1.953E-03,   0.00    ) |  3.728E-04 6.104E-03
    2235 8.9740E-01 3.7281E-04  ( 0.314    ,  1.953E-03,   0.00    ) |  3.728E-04 6.104E-03
    2236 8.9777E-01 3.7281E-04  ( 0.314    ,  1.953E-03,   0.00    ) |  3.728E-04 6.104E-03
    2237 8.9815E-01 3.7282E-04  ( 0.314    ,  1.953E-03,   0.00    ) |  3.728E-04 6.104E-03
    2238 8.9852E-01 3.7282E-04  ( 0.314    ,  1.953E-03,   0.00    ) |  3.728E-04 6.104E-03
    2239 8.9889E-01 3.7282E-04  ( 0.314    ,  1.953E-03,   0.00    ) |  3.728E-04 6.104E-03
    2240 8.9926E-01 3.7283E-04  ( 0.314    ,  1.953E-03,   0.00    ) |  3.728E-04 6.104E-03
    2241 8.9964E-01 3.7283E-04  ( 0.314    ,  1.953E-03,   0.00    ) |  3.728E-04 6.104E-03
 *** Wrote plotfile to flash_run_hdf5_plt_cnt_0036 ****
    2242 9.0001E-01 3.7284E-04  ( 0.314    ,  1.953E-03,   0.00    ) |  3.728E-04 6.104E-03
    2243 9.0038E-01 3.7284E-04  ( 0.314    ,  1.953E-03,   0.00    ) |  3.728E-04 6.104E-03
    2244 9.0076E-01 3.7284E-04  ( 0.314    ,  1.953E-03,   0.00    ) |  3.728E-04 6.104E-03
    2245 9.0113E-01 3.7285E-04  ( 0.314    ,  1.953E-03,   0.00    ) |  3.728E-04 6.104E-03
    2246 9.0150E-01 3.7285E-04  ( 0.314    ,  1.953E-03,   0.00    ) |  3.729E-04 6.104E-03
    2247 9.0187E-01 3.7285E-04  ( 0.314    ,  1.953E-03,   0.00    ) |  3.729E-04 6.104E-03
    2248 9.0225E-01 3.7286E-04  ( 0.314    ,  1.953E-03,   0.00    ) |  3.729E-04 6.104E-03
    2249 9.0262E-01 3.7286E-04  ( 0.314    ,  1.953E-03,   0.00    ) |  3.729E-04 6.104E-03
    2250 9.0299E-01 3.7287E-04  ( 0.314    ,  1.953E-03,   0.00    ) |  3.729E-04 6.104E-03
    2251 9.0337E-01 3.7287E-04  ( 0.314    ,  1.953E-03,   0.00    ) |  3.729E-04 6.104E-03
    2252 9.0374E-01 3.7287E-04  ( 0.314    ,  1.953E-03,   0.00    ) |  3.729E-04 6.104E-03
    2253 9.0411E-01 3.7288E-04  ( 0.314    ,  1.953E-03,   0.00    ) |  3.729E-04 6.104E-03
    2254 9.0448E-01 3.7288E-04  ( 0.314    ,  1.953E-03,   0.00    ) |  3.729E-04 6.104E-03
    2255 9.0486E-01 3.7289E-04  (-0.314    , -1.953E-03,   0.00    ) |  3.729E-04 6.104E-03
    2256 9.0523E-01 3.7289E-04  (-0.314    , -1.953E-03,   0.00    ) |  3.729E-04 6.104E-03
    2257 9.0560E-01 3.7289E-04  (-0.314    , -1.953E-03,   0.00    ) |  3.729E-04 6.104E-03
    2258 9.0598E-01 3.7290E-04  (-0.314    , -1.953E-03,   0.00    ) |  3.729E-04 6.104E-03
    2259 9.0635E-01 3.7290E-04  (-0.314    , -1.953E-03,   0.00    ) |  3.729E-04 6.104E-03
    2260 9.0672E-01 3.7290E-04  (-0.314    , -1.953E-03,   0.00    ) |  3.729E-04 6.104E-03
    2261 9.0709E-01 3.7291E-04  (-0.314    , -1.953E-03,   0.00    ) |  3.729E-04 6.104E-03
    2262 9.0747E-01 3.7291E-04  (-0.314    , -1.953E-03,   0.00    ) |  3.729E-04 6.104E-03
    2263 9.0784E-01 3.7292E-04  (-0.314    , -1.953E-03,   0.00    ) |  3.729E-04 6.104E-03
    2264 9.0821E-01 3.7292E-04  (-0.314    , -1.953E-03,   0.00    ) |  3.729E-04 6.104E-03
    2265 9.0859E-01 3.7292E-04  (-0.314    , -1.953E-03,   0.00    ) |  3.729E-04 6.104E-03
    2266 9.0896E-01 3.7293E-04  (-0.314    , -1.953E-03,   0.00    ) |  3.729E-04 6.104E-03
    2267 9.0933E-01 3.7293E-04  (-0.314    , -1.953E-03,   0.00    ) |  3.729E-04 6.104E-03
    2268 9.0971E-01 3.7294E-04  (-0.314    , -1.953E-03,   0.00    ) |  3.729E-04 6.104E-03
    2269 9.1008E-01 3.7294E-04  (-0.314    , -1.953E-03,   0.00    ) |  3.729E-04 6.104E-03
    2270 9.1045E-01 3.7295E-04  (-0.314    , -1.953E-03,   0.00    ) |  3.729E-04 6.104E-03
    2271 9.1082E-01 3.7295E-04  (-0.314    , -1.953E-03,   0.00    ) |  3.730E-04 6.104E-03
    2272 9.1120E-01 3.7296E-04  (-0.314    , -1.953E-03,   0.00    ) |  3.730E-04 6.104E-03
    2273 9.1157E-01 3.7296E-04  (-0.314    , -1.953E-03,   0.00    ) |  3.730E-04 6.104E-03
    2274 9.1194E-01 3.7296E-04  (-0.314    , -1.953E-03,   0.00    ) |  3.730E-04 6.104E-03
    2275 9.1232E-01 3.7297E-04  (-0.314    , -1.953E-03,   0.00    ) |  3.730E-04 6.104E-03
    2276 9.1269E-01 3.7297E-04  (-0.314    , -1.953E-03,   0.00    ) |  3.730E-04 6.104E-03
    2277 9.1306E-01 3.7298E-04  (-0.314    , -1.953E-03,   0.00    ) |  3.730E-04 6.104E-03
    2278 9.1343E-01 3.7299E-04  (-0.314    , -1.953E-03,   0.00    ) |  3.730E-04 6.104E-03
    2279 9.1381E-01 3.7299E-04  ( 0.314    ,  1.953E-03,   0.00    ) |  3.730E-04 6.104E-03
    2280 9.1418E-01 3.7300E-04  ( 0.314    ,  1.953E-03,   0.00    ) |  3.730E-04 6.104E-03
    2281 9.1455E-01 3.7300E-04  ( 0.314    ,  1.953E-03,   0.00    ) |  3.730E-04 6.104E-03
    2282 9.1493E-01 3.7301E-04  ( 0.314    ,  1.953E-03,   0.00    ) |  3.730E-04 6.104E-03
    2283 9.1530E-01 3.7301E-04  ( 0.314    ,  1.953E-03,   0.00    ) |  3.730E-04 6.104E-03
    2284 9.1567E-01 3.7302E-04  ( 0.314    ,  1.953E-03,   0.00    ) |  3.730E-04 6.104E-03
    2285 9.1605E-01 3.7302E-04  ( 0.314    ,  1.953E-03,   0.00    ) |  3.730E-04 6.104E-03
    2286 9.1642E-01 3.7303E-04  ( 0.314    ,  1.953E-03,   0.00    ) |  3.730E-04 6.104E-03
    2287 9.1679E-01 3.7304E-04  ( 0.314    ,  1.953E-03,   0.00    ) |  3.730E-04 6.104E-03
    2288 9.1716E-01 3.7304E-04  ( 0.314    ,  1.953E-03,   0.00    ) |  3.730E-04 6.104E-03
    2289 9.1754E-01 3.7305E-04  ( 0.314    ,  1.953E-03,   0.00    ) |  3.730E-04 6.104E-03
    2290 9.1791E-01 3.7306E-04  ( 0.314    ,  1.953E-03,   0.00    ) |  3.731E-04 6.104E-03
    2291 9.1828E-01 3.7306E-04  (-0.314    , -1.953E-03,   0.00    ) |  3.731E-04 6.104E-03
    2292 9.1866E-01 3.7307E-04  ( 0.314    ,  1.953E-03,   0.00    ) |  3.731E-04 6.104E-03
    2293 9.1903E-01 3.7308E-04  (-0.314    , -1.953E-03,   0.00    ) |  3.731E-04 6.104E-03
    2294 9.1940E-01 3.7308E-04  ( 0.314    , -1.953E-03,   0.00    ) |  3.731E-04 6.104E-03
    2295 9.1978E-01 3.7309E-04  (-0.314    , -1.953E-03,   0.00    ) |  3.731E-04 6.104E-03
    2296 9.2015E-01 3.7310E-04  ( 0.314    , -1.953E-03,   0.00    ) |  3.731E-04 6.104E-03
    2297 9.2052E-01 3.7310E-04  (-0.314    , -1.953E-03,   0.00    ) |  3.731E-04 6.104E-03
    2298 9.2090E-01 3.7311E-04  ( 0.314    , -1.953E-03,   0.00    ) |  3.731E-04 6.104E-03
    2299 9.2127E-01 3.7312E-04  ( 0.314    , -1.953E-03,   0.00    ) |  3.731E-04 6.104E-03
    2300 9.2164E-01 3.7312E-04  ( 0.314    , -1.953E-03,   0.00    ) |  3.731E-04 6.104E-03
    2301 9.2201E-01 3.7313E-04  ( 0.314    , -1.953E-03,   0.00    ) |  3.731E-04 6.104E-03
    2302 9.2239E-01 3.7314E-04  ( 0.314    , -1.953E-03,   0.00    ) |  3.731E-04 6.104E-03
    2303 9.2276E-01 3.7314E-04  ( 0.314    , -1.953E-03,   0.00    ) |  3.731E-04 6.104E-03
    2304 9.2313E-01 3.7315E-04  ( 0.314    , -1.953E-03,   0.00    ) |  3.731E-04 6.104E-03
    2305 9.2351E-01 3.7316E-04  ( 0.314    , -1.953E-03,   0.00    ) |  3.732E-04 6.104E-03
    2306 9.2388E-01 3.7316E-04  ( 0.314    , -1.953E-03,   0.00    ) |  3.732E-04 6.104E-03
    2307 9.2425E-01 3.7317E-04  ( 0.314    , -1.953E-03,   0.00    ) |  3.732E-04 6.104E-03
    2308 9.2463E-01 3.7318E-04  ( 0.314    , -1.953E-03,   0.00    ) |  3.732E-04 6.104E-03
 *** Wrote plotfile to flash_run_hdf5_plt_cnt_0037 ****
    2309 9.2500E-01 3.7318E-04  ( 0.314    , -1.953E-03,   0.00    ) |  3.732E-04 6.104E-03
    2310 9.2537E-01 3.7319E-04  ( 0.314    , -1.953E-03,   0.00    ) |  3.732E-04 6.104E-03
    2311 9.2575E-01 3.7319E-04  ( 0.314    , -1.953E-03,   0.00    ) |  3.732E-04 6.104E-03
    2312 9.2612E-01 3.7320E-04  ( 0.314    , -1.953E-03,   0.00    ) |  3.732E-04 6.104E-03
    2313 9.2649E-01 3.7321E-04  ( 0.314    , -1.953E-03,   0.00    ) |  3.732E-04 6.104E-03
    2314 9.2687E-01 3.7321E-04  ( 0.314    , -1.953E-03,   0.00    ) |  3.732E-04 6.104E-03
    2315 9.2724E-01 3.7322E-04  ( 0.314    , -1.953E-03,   0.00    ) |  3.732E-04 6.104E-03
    2316 9.2761E-01 3.7322E-04  ( 0.314    , -1.953E-03,   0.00    ) |  3.732E-04 6.104E-03
    2317 9.2799E-01 3.7323E-04  ( 0.314    , -1.953E-03,   0.00    ) |  3.732E-04 6.104E-03
    2318 9.2836E-01 3.7324E-04  ( 0.314    , -1.953E-03,   0.00    ) |  3.732E-04 6.104E-03
    2319 9.2873E-01 3.7324E-04  ( 0.314    , -1.953E-03,   0.00    ) |  3.732E-04 6.104E-03
    2320 9.2911E-01 3.7325E-04  ( 0.314    , -1.953E-03,   0.00    ) |  3.732E-04 6.104E-03
    2321 9.2948E-01 3.7325E-04  (-0.311    , -1.953E-03,   0.00    ) |  3.733E-04 6.104E-03
    2322 9.2985E-01 3.7326E-04  ( 0.311    , -1.953E-03,   0.00    ) |  3.733E-04 6.104E-03
    2323 9.3023E-01 3.7326E-04  ( 0.311    , -1.953E-03,   0.00    ) |  3.733E-04 6.104E-03
    2324 9.3060E-01 3.7327E-04  ( 0.311    , -1.953E-03,   0.00    ) |  3.733E-04 6.104E-03
    2325 9.3097E-01 3.7327E-04  (-0.311    , -1.953E-03,   0.00    ) |  3.733E-04 6.104E-03
    2326 9.3135E-01 3.7327E-04  (-0.311    , -1.953E-03,   0.00    ) |  3.733E-04 6.104E-03
    2327 9.3172E-01 3.7328E-04  (-0.311    , -1.953E-03,   0.00    ) |  3.733E-04 6.104E-03
    2328 9.3209E-01 3.7328E-04  (-0.311    , -1.953E-03,   0.00    ) |  3.733E-04 6.104E-03
    2329 9.3246E-01 3.7329E-04  (-0.311    , -1.953E-03,   0.00    ) |  3.733E-04 6.104E-03
    2330 9.3284E-01 3.7329E-04  (-0.311    ,  1.953E-03,   0.00    ) |  3.733E-04 6.104E-03
    2331 9.3321E-01 3.7329E-04  (-0.311    , -1.953E-03,   0.00    ) |  3.733E-04 6.104E-03
    2332 9.3358E-01 3.7330E-04  (-0.311    , -1.953E-03,   0.00    ) |  3.733E-04 6.104E-03
    2333 9.3396E-01 3.7330E-04  (-0.311    ,  1.953E-03,   0.00    ) |  3.733E-04 6.104E-03
    2334 9.3433E-01 3.7331E-04  (-0.311    ,  1.953E-03,   0.00    ) |  3.733E-04 6.104E-03
    2335 9.3470E-01 3.7331E-04  (-0.311    ,  1.953E-03,   0.00    ) |  3.733E-04 6.104E-03
    2336 9.3508E-01 3.7331E-04  (-0.311    ,  1.953E-03,   0.00    ) |  3.733E-04 6.104E-03
    2337 9.3545E-01 3.7332E-04  (-0.311    ,  1.953E-03,   0.00    ) |  3.733E-04 6.104E-03
    2338 9.3582E-01 3.7332E-04  (-0.311    ,  1.953E-03,   0.00    ) |  3.733E-04 6.104E-03
    2339 9.3620E-01 3.7333E-04  (-0.311    ,  1.953E-03,   0.00    ) |  3.733E-04 6.104E-03
    2340 9.3657E-01 3.7333E-04  (-0.311    ,  1.953E-03,   0.00    ) |  3.733E-04 6.104E-03
    2341 9.3694E-01 3.7333E-04  ( 0.311    , -1.953E-03,   0.00    ) |  3.733E-04 6.104E-03
    2342 9.3732E-01 3.7334E-04  (-0.311    ,  1.953E-03,   0.00    ) |  3.733E-04 6.104E-03
    2343 9.3769E-01 3.7334E-04  ( 0.311    , -1.953E-03,   0.00    ) |  3.733E-04 6.104E-03
    2344 9.3806E-01 3.7335E-04  (-0.311    ,  1.953E-03,   0.00    ) |  3.733E-04 6.104E-03
    2345 9.3844E-01 3.7335E-04  (-0.311    ,  1.953E-03,   0.00    ) |  3.734E-04 6.104E-03
    2346 9.3881E-01 3.7336E-04  (-0.311    ,  1.953E-03,   0.00    ) |  3.734E-04 6.104E-03
    2347 9.3918E-01 3.7336E-04  (-0.311    ,  1.953E-03,   0.00    ) |  3.734E-04 6.104E-03
    2348 9.3956E-01 3.7336E-04  (-0.311    ,  1.953E-03,   0.00    ) |  3.734E-04 6.104E-03
    2349 9.3993E-01 3.7337E-04  (-0.311    ,  1.953E-03,   0.00    ) |  3.734E-04 6.104E-03
    2350 9.4030E-01 3.7337E-04  (-0.311    ,  1.953E-03,   0.00    ) |  3.734E-04 6.104E-03
    2351 9.4068E-01 3.7338E-04  (-0.311    ,  1.953E-03,   0.00    ) |  3.734E-04 6.104E-03
    2352 9.4105E-01 3.7338E-04  (-0.311    ,  1.953E-03,   0.00    ) |  3.734E-04 6.104E-03
    2353 9.4142E-01 3.7339E-04  (-0.311    ,  1.953E-03,   0.00    ) |  3.734E-04 6.104E-03
    2354 9.4180E-01 3.7339E-04  (-0.311    ,  1.953E-03,   0.00    ) |  3.734E-04 6.104E-03
    2355 9.4217E-01 3.7340E-04  (-0.311    ,  1.953E-03,   0.00    ) |  3.734E-04 6.104E-03
    2356 9.4255E-01 3.7340E-04  (-0.311    ,  1.953E-03,   0.00    ) |  3.734E-04 6.104E-03
    2357 9.4292E-01 3.7341E-04  (-0.311    ,  1.953E-03,   0.00    ) |  3.734E-04 6.104E-03
    2358 9.4329E-01 3.7341E-04  (-0.311    ,  1.953E-03,   0.00    ) |  3.734E-04 6.104E-03
    2359 9.4367E-01 3.7342E-04  (-0.311    ,  1.953E-03,   0.00    ) |  3.734E-04 6.104E-03
    2360 9.4404E-01 3.7342E-04  (-0.311    ,  1.953E-03,   0.00    ) |  3.734E-04 6.104E-03
    2361 9.4441E-01 3.7343E-04  (-0.311    ,  1.953E-03,   0.00    ) |  3.734E-04 6.104E-03
    2362 9.4479E-01 3.7343E-04  (-0.311    ,  1.953E-03,   0.00    ) |  3.734E-04 6.104E-03
    2363 9.4516E-01 3.7344E-04  (-0.311    ,  1.953E-03,   0.00    ) |  3.734E-04 6.104E-03
    2364 9.4553E-01 3.7344E-04  ( 0.311    , -1.953E-03,   0.00    ) |  3.734E-04 6.104E-03
    2365 9.4591E-01 3.7345E-04  ( 0.311    , -1.953E-03,   0.00    ) |  3.734E-04 6.104E-03
    2366 9.4628E-01 3.7345E-04  ( 0.311    , -1.953E-03,   0.00    ) |  3.735E-04 6.104E-03
    2367 9.4665E-01 3.7346E-04  (-0.311    ,  1.953E-03,   0.00    ) |  3.735E-04 6.104E-03
    2368 9.4703E-01 3.7346E-04  ( 0.311    , -1.953E-03,   0.00    ) |  3.735E-04 6.104E-03
    2369 9.4740E-01 3.7347E-04  ( 0.311    , -1.953E-03,   0.00    ) |  3.735E-04 6.104E-03
    2370 9.4777E-01 3.7347E-04  ( 0.311    , -1.953E-03,   0.00    ) |  3.735E-04 6.104E-03
    2371 9.4815E-01 3.7348E-04  ( 0.311    , -1.953E-03,   0.00    ) |  3.735E-04 6.104E-03
    2372 9.4852E-01 3.7348E-04  ( 0.311    , -1.953E-03,   0.00    ) |  3.735E-04 6.104E-03
    2373 9.4889E-01 3.7349E-04  ( 0.311    , -1.953E-03,   0.00    ) |  3.735E-04 6.104E-03
    2374 9.4927E-01 3.7349E-04  ( 0.311    , -1.953E-03,   0.00    ) |  3.735E-04 6.104E-03
    2375 9.4964E-01 3.7349E-04  ( 0.311    , -1.953E-03,   0.00    ) |  3.735E-04 6.104E-03
 *** Wrote plotfile to flash_run_hdf5_plt_cnt_0038 ****
    2376 9.5001E-01 3.7350E-04  (-0.311    ,  1.953E-03,   0.00    ) |  3.735E-04 6.104E-03
    2377 9.5039E-01 3.7350E-04  (-0.311    ,  1.953E-03,   0.00    ) |  3.735E-04 6.104E-03
    2378 9.5076E-01 3.7351E-04  (-0.311    ,  1.953E-03,   0.00    ) |  3.735E-04 6.104E-03
    2379 9.5113E-01 3.7351E-04  (-0.311    ,  1.953E-03,   0.00    ) |  3.735E-04 6.104E-03
    2380 9.5151E-01 3.7352E-04  (-0.311    ,  1.953E-03,   0.00    ) |  3.735E-04 6.104E-03
    2381 9.5188E-01 3.7352E-04  (-0.311    ,  1.953E-03,   0.00    ) |  3.735E-04 6.104E-03
    2382 9.5226E-01 3.7353E-04  (-0.311    ,  1.953E-03,   0.00    ) |  3.735E-04 6.104E-03
    2383 9.5263E-01 3.7353E-04  (-0.311    ,  1.953E-03,   0.00    ) |  3.735E-04 6.104E-03
    2384 9.5300E-01 3.7353E-04  ( 0.311    , -1.953E-03,   0.00    ) |  3.735E-04 6.104E-03
    2385 9.5338E-01 3.7354E-04  ( 0.311    , -1.953E-03,   0.00    ) |  3.735E-04 6.104E-03
    2386 9.5375E-01 3.7354E-04  ( 0.311    , -1.953E-03,   0.00    ) |  3.735E-04 6.104E-03
    2387 9.5412E-01 3.7355E-04  ( 0.311    , -1.953E-03,   0.00    ) |  3.735E-04 6.104E-03
    2388 9.5450E-01 3.7355E-04  ( 0.311    , -1.953E-03,   0.00    ) |  3.736E-04 6.104E-03
    2389 9.5487E-01 3.7355E-04  ( 0.311    , -1.953E-03,   0.00    ) |  3.736E-04 6.104E-03
    2390 9.5524E-01 3.7356E-04  ( 0.311    , -1.953E-03,   0.00    ) |  3.736E-04 6.104E-03
    2391 9.5562E-01 3.7356E-04  ( 0.311    , -1.953E-03,   0.00    ) |  3.736E-04 6.104E-03
    2392 9.5599E-01 3.7357E-04  ( 0.311    , -1.953E-03,   0.00    ) |  3.736E-04 6.104E-03
    2393 9.5636E-01 3.7357E-04  ( 0.311    , -1.953E-03,   0.00    ) |  3.736E-04 6.104E-03
    2394 9.5674E-01 3.7357E-04  ( 0.311    , -1.953E-03,   0.00    ) |  3.736E-04 6.104E-03
    2395 9.5711E-01 3.7358E-04  ( 0.311    , -1.953E-03,   0.00    ) |  3.736E-04 6.104E-03
    2396 9.5748E-01 3.7358E-04  ( 0.311    , -1.953E-03,   0.00    ) |  3.736E-04 6.104E-03
    2397 9.5786E-01 3.7358E-04  ( 0.311    , -1.953E-03,   0.00    ) |  3.736E-04 6.104E-03
    2398 9.5823E-01 3.7359E-04  ( 0.311    , -1.953E-03,   0.00    ) |  3.736E-04 6.104E-03
    2399 9.5861E-01 3.7359E-04  ( 0.311    , -1.953E-03,   0.00    ) |  3.736E-04 6.104E-03
    2400 9.5898E-01 3.7359E-04  ( 0.311    , -1.953E-03,   0.00    ) |  3.736E-04 6.104E-03
    2401 9.5935E-01 3.7360E-04  ( 0.311    , -1.953E-03,   0.00    ) |  3.736E-04 6.104E-03
    2402 9.5973E-01 3.7360E-04  ( 0.311    , -1.953E-03,   0.00    ) |  3.736E-04 6.104E-03
    2403 9.6010E-01 3.7360E-04  ( 0.311    , -1.953E-03,   0.00    ) |  3.736E-04 6.104E-03
    2404 9.6047E-01 3.7361E-04  ( 0.311    , -1.953E-03,   0.00    ) |  3.736E-04 6.104E-03
    2405 9.6085E-01 3.7361E-04  ( 0.311    , -1.953E-03,   0.00    ) |  3.736E-04 6.104E-03
    2406 9.6122E-01 3.7361E-04  ( 0.311    , -1.953E-03,   0.00    ) |  3.736E-04 6.104E-03
    2407 9.6159E-01 3.7361E-04  ( 0.311    , -1.953E-03,   0.00    ) |  3.736E-04 6.104E-03
    2408 9.6197E-01 3.7362E-04  ( 0.311    , -1.953E-03,   0.00    ) |  3.736E-04 6.104E-03
    2409 9.6234E-01 3.7362E-04  ( 0.311    , -1.953E-03,   0.00    ) |  3.736E-04 6.104E-03
    2410 9.6272E-01 3.7362E-04  ( 0.311    ,  1.953E-03,   0.00    ) |  3.736E-04 6.104E-03
    2411 9.6309E-01 3.7363E-04  ( 0.311    , -1.953E-03,   0.00    ) |  3.736E-04 6.104E-03
    2412 9.6346E-01 3.7363E-04  ( 0.311    , -1.953E-03,   0.00    ) |  3.736E-04 6.104E-03
    2413 9.6384E-01 3.7363E-04  ( 0.311    , -1.953E-03,   0.00    ) |  3.736E-04 6.104E-03
    2414 9.6421E-01 3.7363E-04  ( 0.311    , -1.953E-03,   0.00    ) |  3.736E-04 6.104E-03
    2415 9.6458E-01 3.7364E-04  ( 0.311    ,  1.953E-03,   0.00    ) |  3.736E-04 6.104E-03
    2416 9.6496E-01 3.7364E-04  ( 0.311    , -1.953E-03,   0.00    ) |  3.736E-04 6.104E-03
    2417 9.6533E-01 3.7364E-04  ( 0.311    ,  1.953E-03,   0.00    ) |  3.736E-04 6.104E-03
    2418 9.6570E-01 3.7364E-04  ( 0.311    ,  1.953E-03,   0.00    ) |  3.736E-04 6.104E-03
    2419 9.6608E-01 3.7365E-04  ( 0.311    ,  1.953E-03,   0.00    ) |  3.736E-04 6.104E-03
    2420 9.6645E-01 3.7365E-04  ( 0.311    ,  1.953E-03,   0.00    ) |  3.736E-04 6.104E-03
    2421 9.6683E-01 3.7365E-04  ( 0.311    ,  1.953E-03,   0.00    ) |  3.737E-04 6.104E-03
    2422 9.6720E-01 3.7365E-04  ( 0.311    ,  1.953E-03,   0.00    ) |  3.737E-04 6.104E-03
    2423 9.6757E-01 3.7365E-04  ( 0.311    ,  1.953E-03,   0.00    ) |  3.737E-04 6.104E-03
    2424 9.6795E-01 3.7366E-04  ( 0.311    ,  1.953E-03,   0.00    ) |  3.737E-04 6.104E-03
    2425 9.6832E-01 3.7366E-04  ( 0.311    ,  1.953E-03,   0.00    ) |  3.737E-04 6.104E-03
    2426 9.6869E-01 3.7366E-04  ( 0.311    ,  1.953E-03,   0.00    ) |  3.737E-04 6.104E-03
    2427 9.6907E-01 3.7366E-04  ( 0.311    ,  1.953E-03,   0.00    ) |  3.737E-04 6.104E-03
    2428 9.6944E-01 3.7367E-04  ( 0.311    ,  1.953E-03,   0.00    ) |  3.737E-04 6.104E-03
    2429 9.6981E-01 3.7367E-04  ( 0.311    ,  1.953E-03,   0.00    ) |  3.737E-04 6.104E-03
    2430 9.7019E-01 3.7367E-04  ( 0.311    ,  1.953E-03,   0.00    ) |  3.737E-04 6.104E-03
    2431 9.7056E-01 3.7367E-04  ( 0.311    ,  1.953E-03,   0.00    ) |  3.737E-04 6.104E-03
    2432 9.7094E-01 3.7367E-04  ( 0.311    ,  1.953E-03,   0.00    ) |  3.737E-04 6.104E-03
    2433 9.7131E-01 3.7367E-04  ( 0.311    ,  1.953E-03,   0.00    ) |  3.737E-04 6.104E-03
    2434 9.7168E-01 3.7368E-04  ( 0.311    ,  1.953E-03,   0.00    ) |  3.737E-04 6.104E-03
    2435 9.7206E-01 3.7368E-04  ( 0.311    ,  1.953E-03,   0.00    ) |  3.737E-04 6.104E-03
    2436 9.7243E-01 3.7368E-04  ( 0.311    ,  1.953E-03,   0.00    ) |  3.737E-04 6.104E-03
    2437 9.7280E-01 3.7368E-04  ( 0.311    ,  1.953E-03,   0.00    ) |  3.737E-04 6.104E-03
    2438 9.7318E-01 3.7368E-04  ( 0.311    ,  1.953E-03,   0.00    ) |  3.737E-04 6.104E-03
    2439 9.7355E-01 3.7368E-04  ( 0.307    ,  1.953E-03,   0.00    ) |  3.737E-04 6.104E-03
    2440 9.7392E-01 3.7368E-04  ( 0.307    ,  1.953E-03,   0.00    ) |  3.737E-04 6.104E-03
    2441 9.7430E-01 3.7368E-04  ( 0.307    ,  1.953E-03,   0.00    ) |  3.737E-04 6.104E-03
    2442 9.7467E-01 3.7368E-04  ( 0.307    ,  1.953E-03,   0.00    ) |  3.737E-04 6.104E-03
 *** Wrote plotfile to flash_run_hdf5_plt_cnt_0039 ****
    2443 9.7505E-01 3.7368E-04  ( 0.307    ,  1.953E-03,   0.00    ) |  3.737E-04 6.104E-03
    2444 9.7542E-01 3.7369E-04  ( 0.307    ,  1.953E-03,   0.00    ) |  3.737E-04 6.104E-03
    2445 9.7579E-01 3.7369E-04  ( 0.307    ,  1.953E-03,   0.00    ) |  3.737E-04 6.104E-03
    2446 9.7617E-01 3.7369E-04  ( 0.307    ,  1.953E-03,   0.00    ) |  3.737E-04 6.104E-03
    2447 9.7654E-01 3.7369E-04  ( 0.307    ,  1.953E-03,   0.00    ) |  3.737E-04 6.104E-03
    2448 9.7691E-01 3.7369E-04  ( 0.307    ,  1.953E-03,   0.00    ) |  3.737E-04 6.104E-03
    2449 9.7729E-01 3.7369E-04  ( 0.307    ,  1.953E-03,   0.00    ) |  3.737E-04 6.104E-03
    2450 9.7766E-01 3.7369E-04  ( 0.307    ,  1.953E-03,   0.00    ) |  3.737E-04 6.104E-03
    2451 9.7804E-01 3.7369E-04  ( 0.307    ,  1.953E-03,   0.00    ) |  3.737E-04 6.104E-03
    2452 9.7841E-01 3.7369E-04  ( 0.307    ,  1.953E-03,   0.00    ) |  3.737E-04 6.104E-03
    2453 9.7878E-01 3.7369E-04  ( 0.307    ,  1.953E-03,   0.00    ) |  3.737E-04 6.104E-03
    2454 9.7916E-01 3.7369E-04  ( 0.307    ,  1.953E-03,   0.00    ) |  3.737E-04 6.104E-03
    2455 9.7953E-01 3.7369E-04  ( 0.307    ,  1.953E-03,   0.00    ) |  3.737E-04 6.104E-03
    2456 9.7990E-01 3.7369E-04  ( 0.307    ,  1.953E-03,   0.00    ) |  3.737E-04 6.104E-03
    2457 9.8028E-01 3.7369E-04  ( 0.307    ,  1.953E-03,   0.00    ) |  3.737E-04 6.104E-03
    2458 9.8065E-01 3.7369E-04  ( 0.307    ,  1.953E-03,   0.00    ) |  3.737E-04 6.104E-03
    2459 9.8102E-01 3.7369E-04  ( 0.307    ,  1.953E-03,   0.00    ) |  3.737E-04 6.104E-03
    2460 9.8140E-01 3.7369E-04  ( 0.307    ,  1.953E-03,   0.00    ) |  3.737E-04 6.104E-03
    2461 9.8177E-01 3.7369E-04  ( 0.307    ,  1.953E-03,   0.00    ) |  3.737E-04 6.104E-03
    2462 9.8215E-01 3.7369E-04  ( 0.307    ,  1.953E-03,   0.00    ) |  3.737E-04 6.104E-03
    2463 9.8252E-01 3.7369E-04  ( 0.307    ,  1.953E-03,   0.00    ) |  3.737E-04 6.104E-03
    2464 9.8289E-01 3.7369E-04  ( 0.307    ,  1.953E-03,   0.00    ) |  3.737E-04 6.104E-03
    2465 9.8327E-01 3.7369E-04  ( 0.307    ,  1.953E-03,   0.00    ) |  3.737E-04 6.104E-03
    2466 9.8364E-01 3.7369E-04  ( 0.307    ,  1.953E-03,   0.00    ) |  3.737E-04 6.104E-03
    2467 9.8401E-01 3.7369E-04  ( 0.307    ,  1.953E-03,   0.00    ) |  3.737E-04 6.104E-03
    2468 9.8439E-01 3.7369E-04  ( 0.307    ,  1.953E-03,   0.00    ) |  3.737E-04 6.104E-03
    2469 9.8476E-01 3.7369E-04  ( 0.307    ,  1.953E-03,   0.00    ) |  3.737E-04 6.104E-03
    2470 9.8514E-01 3.7369E-04  ( 0.307    ,  1.953E-03,   0.00    ) |  3.737E-04 6.104E-03
    2471 9.8551E-01 3.7369E-04  ( 0.307    ,  1.953E-03,   0.00    ) |  3.737E-04 6.104E-03
    2472 9.8588E-01 3.7369E-04  ( 0.307    ,  1.953E-03,   0.00    ) |  3.737E-04 6.104E-03
    2473 9.8626E-01 3.7369E-04  ( 0.307    ,  1.953E-03,   0.00    ) |  3.737E-04 6.104E-03
    2474 9.8663E-01 3.7369E-04  ( 0.307    ,  1.953E-03,   0.00    ) |  3.737E-04 6.104E-03
    2475 9.8700E-01 3.7369E-04  ( 0.307    ,  1.953E-03,   0.00    ) |  3.737E-04 6.104E-03
    2476 9.8738E-01 3.7369E-04  ( 0.307    ,  1.953E-03,   0.00    ) |  3.737E-04 6.104E-03
    2477 9.8775E-01 3.7369E-04  ( 0.307    ,  1.953E-03,   0.00    ) |  3.737E-04 6.104E-03
    2478 9.8813E-01 3.7369E-04  ( 0.307    ,  1.953E-03,   0.00    ) |  3.737E-04 6.104E-03
    2479 9.8850E-01 3.7369E-04  ( 0.307    ,  1.953E-03,   0.00    ) |  3.737E-04 6.104E-03
    2480 9.8887E-01 3.7369E-04  ( 0.307    ,  1.953E-03,   0.00    ) |  3.737E-04 6.104E-03
    2481 9.8925E-01 3.7369E-04  ( 0.307    ,  1.953E-03,   0.00    ) |  3.737E-04 6.104E-03
    2482 9.8962E-01 3.7369E-04  ( 0.307    ,  1.953E-03,   0.00    ) |  3.737E-04 6.104E-03
    2483 9.8999E-01 3.7368E-04  ( 0.307    ,  1.953E-03,   0.00    ) |  3.737E-04 6.104E-03
    2484 9.9037E-01 3.7368E-04  ( 0.307    ,  1.953E-03,   0.00    ) |  3.737E-04 6.104E-03
    2485 9.9074E-01 3.7368E-04  ( 0.307    ,  1.953E-03,   0.00    ) |  3.737E-04 6.104E-03
    2486 9.9111E-01 3.7368E-04  ( 0.307    ,  1.953E-03,   0.00    ) |  3.737E-04 6.104E-03
    2487 9.9149E-01 3.7368E-04  ( 0.307    ,  1.953E-03,   0.00    ) |  3.737E-04 6.104E-03
    2488 9.9186E-01 3.7368E-04  ( 0.307    ,  1.953E-03,   0.00    ) |  3.737E-04 6.104E-03
    2489 9.9224E-01 3.7368E-04  ( 0.307    ,  1.953E-03,   0.00    ) |  3.737E-04 6.104E-03
    2490 9.9261E-01 3.7368E-04  ( 0.307    ,  1.953E-03,   0.00    ) |  3.737E-04 6.104E-03
    2491 9.9298E-01 3.7368E-04  ( 0.307    ,  1.953E-03,   0.00    ) |  3.737E-04 6.104E-03
    2492 9.9336E-01 3.7368E-04  ( 0.307    ,  1.953E-03,   0.00    ) |  3.737E-04 6.104E-03
    2493 9.9373E-01 3.7368E-04  ( 0.307    ,  1.953E-03,   0.00    ) |  3.737E-04 6.104E-03
    2494 9.9410E-01 3.7368E-04  ( 0.307    ,  1.953E-03,   0.00    ) |  3.737E-04 6.104E-03
    2495 9.9448E-01 3.7368E-04  ( 0.307    ,  1.953E-03,   0.00    ) |  3.737E-04 6.104E-03
    2496 9.9485E-01 3.7368E-04  ( 0.307    ,  1.953E-03,   0.00    ) |  3.737E-04 6.104E-03
    2497 9.9523E-01 3.7368E-04  ( 0.307    ,  1.953E-03,   0.00    ) |  3.737E-04 6.104E-03
    2498 9.9560E-01 3.7368E-04  ( 0.307    ,  1.953E-03,   0.00    ) |  3.737E-04 6.104E-03
    2499 9.9597E-01 3.7367E-04  ( 0.307    ,  1.953E-03,   0.00    ) |  3.737E-04 6.104E-03
    2500 9.9635E-01 3.7367E-04  ( 0.307    ,  1.953E-03,   0.00    ) |  3.737E-04 6.104E-03
    2501 9.9672E-01 3.7367E-04  ( 0.307    ,  1.953E-03,   0.00    ) |  3.737E-04 6.104E-03
    2502 9.9709E-01 3.7367E-04  ( 0.307    ,  1.953E-03,   0.00    ) |  3.737E-04 6.104E-03
    2503 9.9747E-01 3.7367E-04  ( 0.307    ,  1.953E-03,   0.00    ) |  3.737E-04 6.104E-03
    2504 9.9784E-01 3.7367E-04  ( 0.307    ,  1.953E-03,   0.00    ) |  3.737E-04 6.104E-03
    2505 9.9821E-01 3.7367E-04  ( 0.307    ,  1.953E-03,   0.00    ) |  3.737E-04 6.104E-03
    2506 9.9859E-01 3.7367E-04  (-0.307    , -1.953E-03,   0.00    ) |  3.737E-04 6.104E-03
    2507 9.9896E-01 3.7367E-04  ( 0.307    ,  1.953E-03,   0.00    ) |  3.737E-04 6.104E-03
    2508 9.9934E-01 3.7367E-04  (-0.307    , -1.953E-03,   0.00    ) |  3.737E-04 6.104E-03
    2509 9.9971E-01 3.7367E-04  (-0.307    , -1.953E-03,   0.00    ) |  3.737E-04 6.104E-03
 *** Wrote plotfile to flash_run_hdf5_plt_cnt_0040 ****
    2510 1.0001E+00 3.7367E-04  (-0.307    , -1.953E-03,   0.00    ) |  3.737E-04 6.104E-03
    2511 1.0005E+00 3.7367E-04  (-0.307    , -1.953E-03,   0.00    ) |  3.737E-04 6.104E-03
    2512 1.0008E+00 3.7367E-04  (-0.307    , -1.953E-03,   0.00    ) |  3.737E-04 6.104E-03
    2513 1.0012E+00 3.7367E-04  (-0.307    , -1.953E-03,   0.00    ) |  3.737E-04 6.104E-03
    2514 1.0016E+00 3.7366E-04  (-0.307    , -1.953E-03,   0.00    ) |  3.737E-04 6.104E-03
    2515 1.0020E+00 3.7366E-04  (-0.307    , -1.953E-03,   0.00    ) |  3.737E-04 6.104E-03
    2516 1.0023E+00 3.7366E-04  ( 0.307    ,  1.953E-03,   0.00    ) |  3.737E-04 6.104E-03
    2517 1.0027E+00 3.7366E-04  ( 0.307    ,  1.953E-03,   0.00    ) |  3.737E-04 6.104E-03
    2518 1.0031E+00 3.7366E-04  (-0.307    , -1.953E-03,   0.00    ) |  3.737E-04 6.104E-03
    2519 1.0034E+00 3.7366E-04  ( 0.307    , -1.953E-03,   0.00    ) |  3.737E-04 6.104E-03
    2520 1.0038E+00 3.7366E-04  (-0.307    , -1.953E-03,   0.00    ) |  3.737E-04 6.104E-03
    2521 1.0042E+00 3.7366E-04  (-0.307    , -1.953E-03,   0.00    ) |  3.737E-04 6.104E-03
    2522 1.0046E+00 3.7366E-04  ( 0.307    , -1.953E-03,   0.00    ) |  3.737E-04 6.104E-03
    2523 1.0049E+00 3.7366E-04  ( 0.307    , -1.953E-03,   0.00    ) |  3.737E-04 6.104E-03
    2524 1.0053E+00 3.7366E-04  ( 0.307    ,  1.953E-03,   0.00    ) |  3.737E-04 6.104E-03
    2525 1.0057E+00 3.7366E-04  ( 0.307    ,  1.953E-03,   0.00    ) |  3.737E-04 6.104E-03
    2526 1.0061E+00 3.7366E-04  ( 0.307    ,  1.953E-03,   0.00    ) |  3.737E-04 6.104E-03
    2527 1.0064E+00 3.7366E-04  ( 0.307    , -1.953E-03,   0.00    ) |  3.737E-04 6.104E-03
    2528 1.0068E+00 3.7366E-04  (-0.307    , -1.953E-03,   0.00    ) |  3.737E-04 6.104E-03
    2529 1.0072E+00 3.7366E-04  ( 0.307    , -1.953E-03,   0.00    ) |  3.737E-04 6.104E-03
    2530 1.0076E+00 3.7366E-04  ( 0.307    , -1.953E-03,   0.00    ) |  3.737E-04 6.104E-03
    2531 1.0079E+00 3.7366E-04  ( 0.307    , -1.953E-03,   0.00    ) |  3.737E-04 6.104E-03
    2532 1.0083E+00 3.7366E-04  ( 0.307    , -1.953E-03,   0.00    ) |  3.737E-04 6.104E-03
    2533 1.0087E+00 3.7366E-04  ( 0.307    , -1.953E-03,   0.00    ) |  3.737E-04 6.104E-03
    2534 1.0091E+00 3.7366E-04  ( 0.307    ,  1.953E-03,   0.00    ) |  3.737E-04 6.104E-03
    2535 1.0094E+00 3.7366E-04  ( 0.307    , -1.953E-03,   0.00    ) |  3.737E-04 6.104E-03
    2536 1.0098E+00 3.7366E-04  ( 0.307    , -1.953E-03,   0.00    ) |  3.737E-04 6.104E-03
    2537 1.0102E+00 3.7366E-04  ( 0.307    , -1.953E-03,   0.00    ) |  3.737E-04 6.104E-03
    2538 1.0105E+00 3.7366E-04  ( 0.307    , -1.953E-03,   0.00    ) |  3.737E-04 6.104E-03
    2539 1.0109E+00 3.7366E-04  ( 0.307    , -1.953E-03,   0.00    ) |  3.737E-04 6.104E-03
    2540 1.0113E+00 3.7366E-04  ( 0.307    , -1.953E-03,   0.00    ) |  3.737E-04 6.104E-03
    2541 1.0117E+00 3.7366E-04  ( 0.307    , -1.953E-03,   0.00    ) |  3.737E-04 6.104E-03
    2542 1.0120E+00 3.7366E-04  ( 0.307    , -1.953E-03,   0.00    ) |  3.737E-04 6.104E-03
    2543 1.0124E+00 3.7366E-04  (-0.307    , -1.953E-03,   0.00    ) |  3.737E-04 6.104E-03
    2544 1.0128E+00 3.7366E-04  ( 0.307    , -1.953E-03,   0.00    ) |  3.737E-04 6.104E-03
    2545 1.0132E+00 3.7366E-04  ( 0.307    , -1.953E-03,   0.00    ) |  3.737E-04 6.104E-03
    2546 1.0135E+00 3.7366E-04  (-0.307    , -1.953E-03,   0.00    ) |  3.737E-04 6.104E-03
    2547 1.0139E+00 3.7366E-04  (-0.307    , -1.953E-03,   0.00    ) |  3.737E-04 6.104E-03
    2548 1.0143E+00 3.7366E-04  (-0.307    , -1.953E-03,   0.00    ) |  3.737E-04 6.104E-03
    2549 1.0147E+00 3.7366E-04  (-0.307    , -1.953E-03,   0.00    ) |  3.737E-04 6.104E-03
    2550 1.0150E+00 3.7366E-04  (-0.307    , -1.953E-03,   0.00    ) |  3.737E-04 6.104E-03
    2551 1.0154E+00 3.7366E-04  (-0.307    , -1.953E-03,   0.00    ) |  3.737E-04 6.104E-03
    2552 1.0158E+00 3.7366E-04  (-0.307    , -1.953E-03,   0.00    ) |  3.737E-04 6.104E-03
    2553 1.0162E+00 3.7366E-04  (-0.307    , -1.953E-03,   0.00    ) |  3.737E-04 6.104E-03
    2554 1.0165E+00 3.7366E-04  (-0.307    , -1.953E-03,   0.00    ) |  3.737E-04 6.104E-03
    2555 1.0169E+00 3.7367E-04  (-0.307    , -1.953E-03,   0.00    ) |  3.737E-04 6.104E-03
    2556 1.0173E+00 3.7367E-04  (-0.307    , -1.953E-03,   0.00    ) |  3.737E-04 6.104E-03
    2557 1.0176E+00 3.7367E-04  (-0.307    , -1.953E-03,   0.00    ) |  3.737E-04 6.104E-03
    2558 1.0180E+00 3.7367E-04  ( 0.307    ,  1.953E-03,   0.00    ) |  3.737E-04 6.104E-03
    2559 1.0184E+00 3.7367E-04  ( 0.307    ,  1.953E-03,   0.00    ) |  3.737E-04 6.104E-03
    2560 1.0188E+00 3.7367E-04  ( 0.307    ,  1.953E-03,   0.00    ) |  3.737E-04 6.104E-03
    2561 1.0191E+00 3.7367E-04  ( 0.307    ,  1.953E-03,   0.00    ) |  3.737E-04 6.104E-03
    2562 1.0195E+00 3.7367E-04  ( 0.307    ,  1.953E-03,   0.00    ) |  3.737E-04 6.104E-03
    2563 1.0199E+00 3.7367E-04  ( 0.307    ,  1.953E-03,   0.00    ) |  3.737E-04 6.104E-03
    2564 1.0203E+00 3.7367E-04  ( 0.307    ,  1.953E-03,   0.00    ) |  3.737E-04 6.104E-03
    2565 1.0206E+00 3.7367E-04  ( 0.307    ,  1.953E-03,   0.00    ) |  3.737E-04 6.104E-03
    2566 1.0210E+00 3.7367E-04  ( 0.307    ,  1.953E-03,   0.00    ) |  3.737E-04 6.104E-03
    2567 1.0214E+00 3.7367E-04  ( 0.307    ,  1.953E-03,   0.00    ) |  3.737E-04 6.104E-03
    2568 1.0218E+00 3.7367E-04  ( 0.307    ,  1.953E-03,   0.00    ) |  3.737E-04 6.104E-03
    2569 1.0221E+00 3.7367E-04  ( 0.307    ,  1.953E-03,   0.00    ) |  3.737E-04 6.104E-03
    2570 1.0225E+00 3.7367E-04  ( 0.307    ,  1.953E-03,   0.00    ) |  3.737E-04 6.104E-03
    2571 1.0229E+00 3.7367E-04  ( 0.307    ,  1.953E-03,   0.00    ) |  3.737E-04 6.104E-03
    2572 1.0232E+00 3.7367E-04  ( 0.307    ,  1.953E-03,   0.00    ) |  3.737E-04 6.104E-03
    2573 1.0236E+00 3.7367E-04  ( 0.307    ,  1.953E-03,   0.00    ) |  3.737E-04 6.104E-03
    2574 1.0240E+00 3.7367E-04  ( 0.307    ,  1.953E-03,   0.00    ) |  3.737E-04 6.104E-03
    2575 1.0244E+00 3.7367E-04  ( 0.307    ,  1.953E-03,   0.00    ) |  3.737E-04 6.104E-03
    2576 1.0247E+00 3.7367E-04  ( 0.307    ,  1.953E-03,   0.00    ) |  3.737E-04 6.104E-03
 *** Wrote plotfile to flash_run_hdf5_plt_cnt_0041 ****
    2577 1.0251E+00 3.7367E-04  ( 0.307    ,  1.953E-03,   0.00    ) |  3.737E-04 6.104E-03
    2578 1.0255E+00 3.7367E-04  ( 0.307    ,  1.953E-03,   0.00    ) |  3.737E-04 6.104E-03
    2579 1.0259E+00 3.7367E-04  ( 0.307    ,  1.953E-03,   0.00    ) |  3.737E-04 6.104E-03
    2580 1.0262E+00 3.7367E-04  ( 0.307    ,  1.953E-03,   0.00    ) |  3.737E-04 6.104E-03
    2581 1.0266E+00 3.7367E-04  ( 0.307    ,  1.953E-03,   0.00    ) |  3.737E-04 6.104E-03
    2582 1.0270E+00 3.7367E-04  ( 0.307    ,  1.953E-03,   0.00    ) |  3.737E-04 6.104E-03
    2583 1.0274E+00 3.7367E-04  ( 0.307    ,  1.953E-03,   0.00    ) |  3.737E-04 6.104E-03
    2584 1.0277E+00 3.7367E-04  ( 0.307    ,  1.953E-03,   0.00    ) |  3.737E-04 6.104E-03
    2585 1.0281E+00 3.7367E-04  ( 0.307    ,  1.953E-03,   0.00    ) |  3.737E-04 6.104E-03
    2586 1.0285E+00 3.7367E-04  ( 0.307    ,  1.953E-03,   0.00    ) |  3.737E-04 6.104E-03
    2587 1.0289E+00 3.7367E-04  ( 0.307    ,  1.953E-03,   0.00    ) |  3.737E-04 6.104E-03
    2588 1.0292E+00 3.7367E-04  ( 0.307    ,  1.953E-03,   0.00    ) |  3.737E-04 6.104E-03
    2589 1.0296E+00 3.7367E-04  ( 0.307    ,  1.953E-03,   0.00    ) |  3.737E-04 6.104E-03
    2590 1.0300E+00 3.7367E-04  ( 0.307    ,  1.953E-03,   0.00    ) |  3.737E-04 6.104E-03
    2591 1.0303E+00 3.7367E-04  ( 0.307    ,  1.953E-03,   0.00    ) |  3.737E-04 6.104E-03
    2592 1.0307E+00 3.7367E-04  ( 0.307    ,  1.953E-03,   0.00    ) |  3.737E-04 6.104E-03
    2593 1.0311E+00 3.7367E-04  ( 0.307    ,  1.953E-03,   0.00    ) |  3.737E-04 6.104E-03
    2594 1.0315E+00 3.7366E-04  ( 0.307    ,  1.953E-03,   0.00    ) |  3.737E-04 6.104E-03
    2595 1.0318E+00 3.7366E-04  ( 0.307    ,  1.953E-03,   0.00    ) |  3.737E-04 6.104E-03
    2596 1.0322E+00 3.7366E-04  ( 0.307    ,  1.953E-03,   0.00    ) |  3.737E-04 6.104E-03
    2597 1.0326E+00 3.7366E-04  ( 0.307    ,  1.953E-03,   0.00    ) |  3.737E-04 6.104E-03
    2598 1.0330E+00 3.7366E-04  ( 0.303    , -1.953E-03,   0.00    ) |  3.737E-04 6.104E-03
    2599 1.0333E+00 3.7366E-04  ( 0.303    ,  1.953E-03,   0.00    ) |  3.737E-04 6.104E-03
    2600 1.0337E+00 3.7366E-04  ( 0.303    , -1.953E-03,   0.00    ) |  3.737E-04 6.104E-03
    2601 1.0341E+00 3.7366E-04  ( 0.303    , -1.953E-03,   0.00    ) |  3.737E-04 6.104E-03
    2602 1.0345E+00 3.7365E-04  ( 0.303    , -1.953E-03,   0.00    ) |  3.737E-04 6.104E-03
    2603 1.0348E+00 3.7365E-04  ( 0.303    , -1.953E-03,   0.00    ) |  3.737E-04 6.104E-03
    2604 1.0352E+00 3.7365E-04  ( 0.303    , -1.953E-03,   0.00    ) |  3.737E-04 6.104E-03
    2605 1.0356E+00 3.7365E-04  ( 0.303    , -1.953E-03,   0.00    ) |  3.737E-04 6.104E-03
    2606 1.0360E+00 3.7365E-04  ( 0.303    , -1.953E-03,   0.00    ) |  3.736E-04 6.104E-03
    2607 1.0363E+00 3.7365E-04  ( 0.303    , -1.953E-03,   0.00    ) |  3.736E-04 6.104E-03
    2608 1.0367E+00 3.7365E-04  ( 0.303    , -1.953E-03,   0.00    ) |  3.736E-04 6.104E-03
    2609 1.0371E+00 3.7365E-04  ( 0.303    , -1.953E-03,   0.00    ) |  3.736E-04 6.104E-03
    2610 1.0374E+00 3.7365E-04  ( 0.303    , -1.953E-03,   0.00    ) |  3.736E-04 6.104E-03
    2611 1.0378E+00 3.7365E-04  ( 0.303    , -1.953E-03,   0.00    ) |  3.736E-04 6.104E-03
    2612 1.0382E+00 3.7364E-04  ( 0.303    , -1.953E-03,   0.00    ) |  3.736E-04 6.104E-03
    2613 1.0386E+00 3.7364E-04  ( 0.303    , -1.953E-03,   0.00    ) |  3.736E-04 6.104E-03
    2614 1.0389E+00 3.7364E-04  ( 0.303    , -1.953E-03,   0.00    ) |  3.736E-04 6.104E-03
    2615 1.0393E+00 3.7364E-04  ( 0.303    , -1.953E-03,   0.00    ) |  3.736E-04 6.104E-03
    2616 1.0397E+00 3.7364E-04  ( 0.303    , -1.953E-03,   0.00    ) |  3.736E-04 6.104E-03
    2617 1.0401E+00 3.7364E-04  ( 0.303    , -1.953E-03,   0.00    ) |  3.736E-04 6.104E-03
    2618 1.0404E+00 3.7364E-04  ( 0.303    , -1.953E-03,   0.00    ) |  3.736E-04 6.104E-03
    2619 1.0408E+00 3.7364E-04  ( 0.303    , -1.953E-03,   0.00    ) |  3.736E-04 6.104E-03
    2620 1.0412E+00 3.7364E-04  ( 0.303    , -1.953E-03,   0.00    ) |  3.736E-04 6.104E-03
    2621 1.0416E+00 3.7364E-04  ( 0.303    , -1.953E-03,   0.00    ) |  3.736E-04 6.104E-03
    2622 1.0419E+00 3.7364E-04  ( 0.303    , -1.953E-03,   0.00    ) |  3.736E-04 6.104E-03
    2623 1.0423E+00 3.7364E-04  ( 0.303    , -1.953E-03,   0.00    ) |  3.736E-04 6.104E-03
    2624 1.0427E+00 3.7364E-04  ( 0.303    , -1.953E-03,   0.00    ) |  3.736E-04 6.104E-03
    2625 1.0431E+00 3.7364E-04  ( 0.303    , -1.953E-03,   0.00    ) |  3.736E-04 6.104E-03
    2626 1.0434E+00 3.7364E-04  ( 0.303    , -1.953E-03,   0.00    ) |  3.736E-04 6.104E-03
    2627 1.0438E+00 3.7364E-04  ( 0.303    , -1.953E-03,   0.00    ) |  3.736E-04 6.104E-03
    2628 1.0442E+00 3.7365E-04  ( 0.303    , -1.953E-03,   0.00    ) |  3.736E-04 6.104E-03
    2629 1.0445E+00 3.7365E-04  ( 0.303    ,  1.953E-03,   0.00    ) |  3.736E-04 6.104E-03
    2630 1.0449E+00 3.7365E-04  ( 0.303    ,  1.953E-03,   0.00    ) |  3.736E-04 6.104E-03
    2631 1.0453E+00 3.7365E-04  ( 0.303    ,  1.953E-03,   0.00    ) |  3.736E-04 6.104E-03
    2632 1.0457E+00 3.7365E-04  ( 0.303    ,  1.953E-03,   0.00    ) |  3.736E-04 6.104E-03
    2633 1.0460E+00 3.7365E-04  ( 0.303    ,  1.953E-03,   0.00    ) |  3.736E-04 6.104E-03
    2634 1.0464E+00 3.7365E-04  ( 0.303    ,  1.953E-03,   0.00    ) |  3.736E-04 6.104E-03
    2635 1.0468E+00 3.7365E-04  ( 0.303    ,  1.953E-03,   0.00    ) |  3.736E-04 6.104E-03
    2636 1.0472E+00 3.7365E-04  ( 0.303    ,  1.953E-03,   0.00    ) |  3.736E-04 6.104E-03
    2637 1.0475E+00 3.7365E-04  ( 0.303    ,  1.953E-03,   0.00    ) |  3.736E-04 6.104E-03
    2638 1.0479E+00 3.7365E-04  ( 0.303    ,  1.953E-03,   0.00    ) |  3.736E-04 6.104E-03
    2639 1.0483E+00 3.7365E-04  ( 0.303    ,  1.953E-03,   0.00    ) |  3.736E-04 6.104E-03
    2640 1.0487E+00 3.7365E-04  ( 0.303    ,  1.953E-03,   0.00    ) |  3.736E-04 6.104E-03
    2641 1.0490E+00 3.7365E-04  ( 0.303    ,  1.953E-03,   0.00    ) |  3.737E-04 6.104E-03
    2642 1.0494E+00 3.7365E-04  ( 0.303    ,  1.953E-03,   0.00    ) |  3.737E-04 6.104E-03
    2643 1.0498E+00 3.7365E-04  ( 0.303    ,  1.953E-03,   0.00    ) |  3.737E-04 6.104E-03
 *** Wrote plotfile to flash_run_hdf5_plt_cnt_0042 ****
    2644 1.0502E+00 3.7365E-04  ( 0.303    ,  1.953E-03,   0.00    ) |  3.737E-04 6.104E-03
    2645 1.0505E+00 3.7365E-04  ( 0.303    ,  1.953E-03,   0.00    ) |  3.737E-04 6.104E-03
    2646 1.0509E+00 3.7365E-04  ( 0.303    ,  1.953E-03,   0.00    ) |  3.737E-04 6.104E-03
    2647 1.0513E+00 3.7366E-04  ( 0.303    ,  1.953E-03,   0.00    ) |  3.737E-04 6.104E-03
    2648 1.0516E+00 3.7366E-04  ( 0.303    ,  1.953E-03,   0.00    ) |  3.737E-04 6.104E-03
    2649 1.0520E+00 3.7366E-04  ( 0.303    ,  1.953E-03,   0.00    ) |  3.737E-04 6.104E-03
    2650 1.0524E+00 3.7366E-04  ( 0.303    ,  1.953E-03,   0.00    ) |  3.737E-04 6.104E-03
    2651 1.0528E+00 3.7366E-04  ( 0.303    ,  1.953E-03,   0.00    ) |  3.737E-04 6.104E-03
    2652 1.0531E+00 3.7366E-04  ( 0.303    ,  1.953E-03,   0.00    ) |  3.737E-04 6.104E-03
    2653 1.0535E+00 3.7366E-04  ( 0.303    ,  1.953E-03,   0.00    ) |  3.737E-04 6.104E-03
    2654 1.0539E+00 3.7366E-04  ( 0.303    ,  1.953E-03,   0.00    ) |  3.737E-04 6.104E-03
    2655 1.0543E+00 3.7366E-04  ( 0.303    ,  1.953E-03,   0.00    ) |  3.737E-04 6.104E-03
    2656 1.0546E+00 3.7366E-04  ( 0.303    ,  1.953E-03,   0.00    ) |  3.737E-04 6.104E-03
    2657 1.0550E+00 3.7367E-04  ( 0.303    ,  1.953E-03,   0.00    ) |  3.737E-04 6.104E-03
    2658 1.0554E+00 3.7367E-04  ( 0.303    ,  1.953E-03,   0.00    ) |  3.737E-04 6.104E-03
    2659 1.0558E+00 3.7367E-04  ( 0.303    ,  1.953E-03,   0.00    ) |  3.737E-04 6.104E-03
    2660 1.0561E+00 3.7367E-04  ( 0.303    ,  1.953E-03,   0.00    ) |  3.737E-04 6.104E-03
    2661 1.0565E+00 3.7367E-04  ( 0.303    ,  1.953E-03,   0.00    ) |  3.737E-04 6.104E-03
    2662 1.0569E+00 3.7367E-04  ( 0.303    ,  1.953E-03,   0.00    ) |  3.737E-04 6.104E-03
    2663 1.0573E+00 3.7367E-04  ( 0.303    ,  1.953E-03,   0.00    ) |  3.737E-04 6.104E-03
    2664 1.0576E+00 3.7367E-04  ( 0.303    ,  1.953E-03,   0.00    ) |  3.737E-04 6.104E-03
    2665 1.0580E+00 3.7367E-04  ( 0.303    ,  1.953E-03,   0.00    ) |  3.737E-04 6.104E-03
    2666 1.0584E+00 3.7367E-04  ( 0.303    ,  1.953E-03,   0.00    ) |  3.737E-04 6.104E-03
    2667 1.0587E+00 3.7367E-04  ( 0.303    ,  1.953E-03,   0.00    ) |  3.737E-04 6.104E-03
    2668 1.0591E+00 3.7367E-04  ( 0.303    ,  1.953E-03,   0.00    ) |  3.737E-04 6.104E-03
    2669 1.0595E+00 3.7367E-04  ( 0.303    ,  1.953E-03,   0.00    ) |  3.737E-04 6.104E-03
    2670 1.0599E+00 3.7367E-04  ( 0.303    ,  1.953E-03,   0.00    ) |  3.737E-04 6.104E-03
    2671 1.0602E+00 3.7367E-04  ( 0.303    ,  1.953E-03,   0.00    ) |  3.737E-04 6.104E-03
    2672 1.0606E+00 3.7367E-04  ( 0.303    ,  1.953E-03,   0.00    ) |  3.737E-04 6.104E-03
    2673 1.0610E+00 3.7367E-04  ( 0.303    ,  1.953E-03,   0.00    ) |  3.737E-04 6.104E-03
    2674 1.0614E+00 3.7367E-04  ( 0.303    ,  1.953E-03,   0.00    ) |  3.737E-04 6.104E-03
    2675 1.0617E+00 3.7367E-04  ( 0.303    ,  1.953E-03,   0.00    ) |  3.737E-04 6.104E-03
    2676 1.0621E+00 3.7367E-04  ( 0.303    ,  1.953E-03,   0.00    ) |  3.737E-04 6.104E-03
    2677 1.0625E+00 3.7367E-04  ( 0.303    ,  1.953E-03,   0.00    ) |  3.737E-04 6.104E-03
    2678 1.0629E+00 3.7367E-04  ( 0.303    ,  1.953E-03,   0.00    ) |  3.737E-04 6.104E-03
    2679 1.0632E+00 3.7367E-04  ( 0.303    ,  1.953E-03,   0.00    ) |  3.737E-04 6.104E-03
    2680 1.0636E+00 3.7367E-04  ( 0.303    ,  1.953E-03,   0.00    ) |  3.737E-04 6.104E-03
    2681 1.0640E+00 3.7367E-04  ( 0.303    ,  1.953E-03,   0.00    ) |  3.737E-04 6.104E-03
    2682 1.0644E+00 3.7367E-04  ( 0.303    ,  1.953E-03,   0.00    ) |  3.737E-04 6.104E-03
    2683 1.0647E+00 3.7366E-04  ( 0.303    ,  1.953E-03,   0.00    ) |  3.737E-04 6.104E-03
    2684 1.0651E+00 3.7366E-04  ( 0.303    ,  1.953E-03,   0.00    ) |  3.737E-04 6.104E-03
    2685 1.0655E+00 3.7366E-04  ( 0.303    ,  1.953E-03,   0.00    ) |  3.737E-04 6.104E-03
    2686 1.0658E+00 3.7366E-04  ( 0.303    ,  1.953E-03,   0.00    ) |  3.737E-04 6.104E-03
    2687 1.0662E+00 3.7366E-04  ( 0.303    ,  1.953E-03,   0.00    ) |  3.737E-04 6.104E-03
    2688 1.0666E+00 3.7366E-04  ( 0.303    ,  1.953E-03,   0.00    ) |  3.737E-04 6.104E-03
    2689 1.0670E+00 3.7366E-04  ( 0.303    ,  1.953E-03,   0.00    ) |  3.737E-04 6.104E-03
    2690 1.0673E+00 3.7366E-04  ( 0.303    ,  1.953E-03,   0.00    ) |  3.737E-04 6.104E-03
    2691 1.0677E+00 3.7366E-04  ( 0.303    ,  1.953E-03,   0.00    ) |  3.737E-04 6.104E-03
    2692 1.0681E+00 3.7365E-04  ( 0.303    ,  1.953E-03,   0.00    ) |  3.737E-04 6.104E-03
    2693 1.0685E+00 3.7365E-04  ( 0.303    ,  1.953E-03,   0.00    ) |  3.737E-04 6.104E-03
    2694 1.0688E+00 3.7365E-04  ( 0.303    , -1.953E-03,   0.00    ) |  3.737E-04 6.104E-03
    2695 1.0692E+00 3.7365E-04  ( 0.303    ,  1.953E-03,   0.00    ) |  3.737E-04 6.104E-03
    2696 1.0696E+00 3.7365E-04  ( 0.303    ,  1.953E-03,   0.00    ) |  3.736E-04 6.104E-03
    2697 1.0700E+00 3.7365E-04  ( 0.303    ,  1.953E-03,   0.00    ) |  3.736E-04 6.104E-03
    2698 1.0703E+00 3.7365E-04  ( 0.303    ,  1.953E-03,   0.00    ) |  3.736E-04 6.104E-03
    2699 1.0707E+00 3.7365E-04  ( 0.303    ,  1.953E-03,   0.00    ) |  3.736E-04 6.104E-03
    2700 1.0711E+00 3.7364E-04  ( 0.303    ,  1.953E-03,   0.00    ) |  3.736E-04 6.104E-03
    2701 1.0715E+00 3.7364E-04  ( 0.303    ,  1.953E-03,   0.00    ) |  3.736E-04 6.104E-03
    2702 1.0718E+00 3.7364E-04  ( 0.303    ,  1.953E-03,   0.00    ) |  3.736E-04 6.104E-03
    2703 1.0722E+00 3.7364E-04  ( 0.303    ,  1.953E-03,   0.00    ) |  3.736E-04 6.104E-03
    2704 1.0726E+00 3.7364E-04  ( 0.303    ,  1.953E-03,   0.00    ) |  3.736E-04 6.104E-03
    2705 1.0729E+00 3.7364E-04  ( 0.303    ,  1.953E-03,   0.00    ) |  3.736E-04 6.104E-03
    2706 1.0733E+00 3.7364E-04  ( 0.303    ,  1.953E-03,   0.00    ) |  3.736E-04 6.104E-03
    2707 1.0737E+00 3.7363E-04  ( 0.303    ,  1.953E-03,   0.00    ) |  3.736E-04 6.104E-03
    2708 1.0741E+00 3.7363E-04  ( 0.303    ,  1.953E-03,   0.00    ) |  3.736E-04 6.104E-03
    2709 1.0744E+00 3.7363E-04  ( 0.303    ,  1.953E-03,   0.00    ) |  3.736E-04 6.104E-03
    2710 1.0748E+00 3.7363E-04  ( 0.303    ,  1.953E-03,   0.00    ) |  3.736E-04 6.104E-03
 *** Wrote plotfile to flash_run_hdf5_plt_cnt_0043 ****
    2711 1.0752E+00 3.7363E-04  ( 0.303    ,  1.953E-03,   0.00    ) |  3.736E-04 6.104E-03
    2712 1.0756E+00 3.7363E-04  ( 0.303    ,  1.953E-03,   0.00    ) |  3.736E-04 6.104E-03
    2713 1.0759E+00 3.7362E-04  ( 0.303    ,  1.953E-03,   0.00    ) |  3.736E-04 6.104E-03
    2714 1.0763E+00 3.7362E-04  ( 0.303    , -1.953E-03,   0.00    ) |  3.736E-04 6.104E-03
    2715 1.0767E+00 3.7362E-04  ( 0.303    ,  1.953E-03,   0.00    ) |  3.736E-04 6.104E-03
    2716 1.0771E+00 3.7362E-04  (-0.303    , -1.953E-03,   0.00    ) |  3.736E-04 6.104E-03
    2717 1.0774E+00 3.7362E-04  ( 0.303    , -1.953E-03,   0.00    ) |  3.736E-04 6.104E-03
    2718 1.0778E+00 3.7361E-04  (-0.303    , -1.953E-03,   0.00    ) |  3.736E-04 6.104E-03
    2719 1.0782E+00 3.7361E-04  (-0.303    , -1.953E-03,   0.00    ) |  3.736E-04 6.104E-03
    2720 1.0786E+00 3.7361E-04  (-0.303    , -1.953E-03,   0.00    ) |  3.736E-04 6.104E-03
    2721 1.0789E+00 3.7361E-04  (-0.303    , -1.953E-03,   0.00    ) |  3.736E-04 6.104E-03
    2722 1.0793E+00 3.7360E-04  (-0.303    , -1.953E-03,   0.00    ) |  3.736E-04 6.104E-03
    2723 1.0797E+00 3.7360E-04  ( 0.303    ,  1.953E-03,   0.00    ) |  3.736E-04 6.104E-03
    2724 1.0800E+00 3.7360E-04  (-0.303    , -1.953E-03,   0.00    ) |  3.736E-04 6.104E-03
    2725 1.0804E+00 3.7360E-04  (-0.303    , -1.953E-03,   0.00    ) |  3.736E-04 6.104E-03
    2726 1.0808E+00 3.7359E-04  ( 0.303    , -1.953E-03,   0.00    ) |  3.736E-04 6.104E-03
    2727 1.0812E+00 3.7359E-04  ( 0.303    ,  1.953E-03,   0.00    ) |  3.736E-04 6.104E-03
    2728 1.0815E+00 3.7359E-04  ( 0.303    ,  1.953E-03,   0.00    ) |  3.736E-04 6.104E-03
    2729 1.0819E+00 3.7359E-04  ( 0.303    , -1.953E-03,   0.00    ) |  3.736E-04 6.104E-03
    2730 1.0823E+00 3.7358E-04  ( 0.303    , -1.953E-03,   0.00    ) |  3.736E-04 6.104E-03
    2731 1.0827E+00 3.7358E-04  ( 0.303    , -1.953E-03,   0.00    ) |  3.736E-04 6.104E-03
    2732 1.0830E+00 3.7358E-04  ( 0.303    , -1.953E-03,   0.00    ) |  3.736E-04 6.104E-03
    2733 1.0834E+00 3.7358E-04  ( 0.303    , -1.953E-03,   0.00    ) |  3.736E-04 6.104E-03
    2734 1.0838E+00 3.7357E-04  ( 0.303    , -1.953E-03,   0.00    ) |  3.736E-04 6.104E-03
    2735 1.0842E+00 3.7357E-04  ( 0.303    , -1.953E-03,   0.00    ) |  3.736E-04 6.104E-03
    2736 1.0845E+00 3.7357E-04  ( 0.303    , -1.953E-03,   0.00    ) |  3.736E-04 6.104E-03
    2737 1.0849E+00 3.7357E-04  ( 0.303    , -1.953E-03,   0.00    ) |  3.736E-04 6.104E-03
    2738 1.0853E+00 3.7356E-04  ( 0.303    , -1.953E-03,   0.00    ) |  3.736E-04 6.104E-03
    2739 1.0856E+00 3.7356E-04  ( 0.303    , -1.953E-03,   0.00    ) |  3.736E-04 6.104E-03
    2740 1.0860E+00 3.7356E-04  ( 0.303    , -1.953E-03,   0.00    ) |  3.736E-04 6.104E-03
    2741 1.0864E+00 3.7356E-04  ( 0.303    , -1.953E-03,   0.00    ) |  3.736E-04 6.104E-03
    2742 1.0868E+00 3.7355E-04  ( 0.303    , -1.953E-03,   0.00    ) |  3.736E-04 6.104E-03
    2743 1.0871E+00 3.7355E-04  ( 0.303    , -1.953E-03,   0.00    ) |  3.736E-04 6.104E-03
    2744 1.0875E+00 3.7355E-04  ( 0.303    , -1.953E-03,   0.00    ) |  3.735E-04 6.104E-03
    2745 1.0879E+00 3.7355E-04  ( 0.303    , -1.953E-03,   0.00    ) |  3.735E-04 6.104E-03
    2746 1.0883E+00 3.7354E-04  ( 0.303    , -1.953E-03,   0.00    ) |  3.735E-04 6.104E-03
    2747 1.0886E+00 3.7354E-04  ( 0.303    , -1.953E-03,   0.00    ) |  3.735E-04 6.104E-03
    2748 1.0890E+00 3.7354E-04  ( 0.303    , -1.953E-03,   0.00    ) |  3.735E-04 6.104E-03
    2749 1.0894E+00 3.7353E-04  ( 0.303    , -1.953E-03,   0.00    ) |  3.735E-04 6.104E-03
    2750 1.0898E+00 3.7353E-04  ( 0.303    , -1.953E-03,   0.00    ) |  3.735E-04 6.104E-03
    2751 1.0901E+00 3.7353E-04  ( 0.303    , -1.953E-03,   0.00    ) |  3.735E-04 6.104E-03
    2752 1.0905E+00 3.7353E-04  ( 0.303    , -1.953E-03,   0.00    ) |  3.735E-04 6.104E-03
    2753 1.0909E+00 3.7352E-04  ( 0.303    , -1.953E-03,   0.00    ) |  3.735E-04 6.104E-03
    2754 1.0913E+00 3.7352E-04  ( 0.303    , -1.953E-03,   0.00    ) |  3.735E-04 6.104E-03
    2755 1.0916E+00 3.7352E-04  ( 0.303    , -1.953E-03,   0.00    ) |  3.735E-04 6.104E-03
    2756 1.0920E+00 3.7351E-04  ( 0.303    , -1.953E-03,   0.00    ) |  3.735E-04 6.104E-03
    2757 1.0924E+00 3.7351E-04  ( 0.303    , -1.953E-03,   0.00    ) |  3.735E-04 6.104E-03
    2758 1.0927E+00 3.7351E-04  ( 0.303    , -1.953E-03,   0.00    ) |  3.735E-04 6.104E-03
    2759 1.0931E+00 3.7350E-04  ( 0.303    , -1.953E-03,   0.00    ) |  3.735E-04 6.104E-03
    2760 1.0935E+00 3.7350E-04  ( 0.303    , -1.953E-03,   0.00    ) |  3.735E-04 6.104E-03
    2761 1.0939E+00 3.7350E-04  ( 0.303    , -1.953E-03,   0.00    ) |  3.735E-04 6.104E-03
    2762 1.0942E+00 3.7350E-04  ( 0.303    , -1.953E-03,   0.00    ) |  3.735E-04 6.104E-03
    2763 1.0946E+00 3.7349E-04  ( 0.303    , -1.953E-03,   0.00    ) |  3.735E-04 6.104E-03
    2764 1.0950E+00 3.7349E-04  ( 0.303    , -1.953E-03,   0.00    ) |  3.735E-04 6.104E-03
    2765 1.0954E+00 3.7349E-04  ( 0.299    , -1.953E-03,   0.00    ) |  3.735E-04 6.104E-03
    2766 1.0957E+00 3.7348E-04  ( 0.299    , -1.953E-03,   0.00    ) |  3.735E-04 6.104E-03
    2767 1.0961E+00 3.7348E-04  ( 0.299    , -1.953E-03,   0.00    ) |  3.735E-04 6.104E-03
    2768 1.0965E+00 3.7348E-04  ( 0.299    , -1.953E-03,   0.00    ) |  3.735E-04 6.104E-03
    2769 1.0969E+00 3.7348E-04  ( 0.299    , -1.953E-03,   0.00    ) |  3.735E-04 6.104E-03
    2770 1.0972E+00 3.7347E-04  ( 0.299    , -1.953E-03,   0.00    ) |  3.735E-04 6.104E-03
    2771 1.0976E+00 3.7347E-04  ( 0.299    , -1.953E-03,   0.00    ) |  3.735E-04 6.104E-03
    2772 1.0980E+00 3.7347E-04  ( 0.299    , -1.953E-03,   0.00    ) |  3.735E-04 6.104E-03
    2773 1.0983E+00 3.7347E-04  ( 0.299    , -1.953E-03,   0.00    ) |  3.735E-04 6.104E-03
    2774 1.0987E+00 3.7346E-04  ( 0.299    , -1.953E-03,   0.00    ) |  3.735E-04 6.104E-03
    2775 1.0991E+00 3.7346E-04  ( 0.299    , -1.953E-03,   0.00    ) |  3.735E-04 6.104E-03
    2776 1.0995E+00 3.7346E-04  ( 0.299    , -1.953E-03,   0.00    ) |  3.735E-04 6.104E-03
    2777 1.0998E+00 3.7345E-04  ( 0.299    , -1.953E-03,   0.00    ) |  3.735E-04 6.104E-03
 *** Wrote plotfile to flash_run_hdf5_plt_cnt_0044 ****
    2778 1.1002E+00 3.7345E-04  ( 0.299    , -1.953E-03,   0.00    ) |  3.735E-04 6.104E-03
    2779 1.1006E+00 3.7345E-04  ( 0.299    , -1.953E-03,   0.00    ) |  3.734E-04 6.104E-03
    2780 1.1010E+00 3.7345E-04  ( 0.299    , -1.953E-03,   0.00    ) |  3.734E-04 6.104E-03
    2781 1.1013E+00 3.7344E-04  ( 0.299    , -1.953E-03,   0.00    ) |  3.734E-04 6.104E-03
    2782 1.1017E+00 3.7344E-04  ( 0.299    , -1.953E-03,   0.00    ) |  3.734E-04 6.104E-03
    2783 1.1021E+00 3.7344E-04  ( 0.299    , -1.953E-03,   0.00    ) |  3.734E-04 6.104E-03
    2784 1.1025E+00 3.7344E-04  ( 0.299    , -1.953E-03,   0.00    ) |  3.734E-04 6.104E-03
    2785 1.1028E+00 3.7343E-04  ( 0.299    , -1.953E-03,   0.00    ) |  3.734E-04 6.104E-03
    2786 1.1032E+00 3.7343E-04  ( 0.299    , -1.953E-03,   0.00    ) |  3.734E-04 6.104E-03
    2787 1.1036E+00 3.7343E-04  ( 0.299    , -1.953E-03,   0.00    ) |  3.734E-04 6.104E-03
    2788 1.1040E+00 3.7343E-04  ( 0.299    , -1.953E-03,   0.00    ) |  3.734E-04 6.104E-03
    2789 1.1043E+00 3.7342E-04  ( 0.299    , -1.953E-03,   0.00    ) |  3.734E-04 6.104E-03
    2790 1.1047E+00 3.7342E-04  ( 0.299    ,  1.953E-03,   0.00    ) |  3.734E-04 6.104E-03
    2791 1.1051E+00 3.7342E-04  ( 0.299    ,  1.953E-03,   0.00    ) |  3.734E-04 6.104E-03
    2792 1.1054E+00 3.7341E-04  ( 0.299    , -1.953E-03,   0.00    ) |  3.734E-04 6.104E-03
    2793 1.1058E+00 3.7341E-04  ( 0.299    , -1.953E-03,   0.00    ) |  3.734E-04 6.104E-03
    2794 1.1062E+00 3.7341E-04  ( 0.299    , -1.953E-03,   0.00    ) |  3.734E-04 6.104E-03
    2795 1.1066E+00 3.7341E-04  ( 0.299    , -1.953E-03,   0.00    ) |  3.734E-04 6.104E-03
    2796 1.1069E+00 3.7340E-04  ( 0.299    , -1.953E-03,   0.00    ) |  3.734E-04 6.104E-03
    2797 1.1073E+00 3.7340E-04  ( 0.299    , -1.953E-03,   0.00    ) |  3.734E-04 6.104E-03
    2798 1.1077E+00 3.7340E-04  ( 0.299    , -1.953E-03,   0.00    ) |  3.734E-04 6.104E-03
    2799 1.1081E+00 3.7340E-04  ( 0.299    , -1.953E-03,   0.00    ) |  3.734E-04 6.104E-03
    2800 1.1084E+00 3.7339E-04  ( 0.299    , -1.953E-03,   0.00    ) |  3.734E-04 6.104E-03
    2801 1.1088E+00 3.7339E-04  ( 0.299    , -1.953E-03,   0.00    ) |  3.734E-04 6.104E-03
    2802 1.1092E+00 3.7339E-04  ( 0.299    , -1.953E-03,   0.00    ) |  3.734E-04 6.104E-03
    2803 1.1096E+00 3.7339E-04  (-0.299    , -1.953E-03,   0.00    ) |  3.734E-04 6.104E-03
    2804 1.1099E+00 3.7338E-04  ( 0.299    , -1.953E-03,   0.00    ) |  3.734E-04 6.104E-03
    2805 1.1103E+00 3.7338E-04  (-0.299    , -1.953E-03,   0.00    ) |  3.734E-04 6.104E-03
    2806 1.1107E+00 3.7338E-04  (-0.299    , -1.953E-03,   0.00    ) |  3.734E-04 6.104E-03
    2807 1.1110E+00 3.7338E-04  (-0.299    , -1.953E-03,   0.00    ) |  3.734E-04 6.104E-03
    2808 1.1114E+00 3.7337E-04  (-0.299    , -1.953E-03,   0.00    ) |  3.734E-04 6.104E-03
    2809 1.1118E+00 3.7337E-04  (-0.299    , -1.953E-03,   0.00    ) |  3.734E-04 6.104E-03
    2810 1.1122E+00 3.7337E-04  ( 0.299    ,  1.953E-03,   0.00    ) |  3.734E-04 6.104E-03
    2811 1.1125E+00 3.7337E-04  ( 0.299    , -1.953E-03,   0.00    ) |  3.734E-04 6.104E-03
    2812 1.1129E+00 3.7337E-04  (-0.299    , -1.953E-03,   0.00    ) |  3.734E-04 6.104E-03
    2813 1.1133E+00 3.7336E-04  (-0.299    , -1.953E-03,   0.00    ) |  3.734E-04 6.104E-03
    2814 1.1137E+00 3.7336E-04  (-0.299    , -1.953E-03,   0.00    ) |  3.734E-04 6.104E-03
    2815 1.1140E+00 3.7336E-04  (-0.299    , -1.953E-03,   0.00    ) |  3.734E-04 6.104E-03
    2816 1.1144E+00 3.7336E-04  (-0.299    , -1.953E-03,   0.00    ) |  3.734E-04 6.104E-03
    2817 1.1148E+00 3.7335E-04  (-0.299    , -1.953E-03,   0.00    ) |  3.734E-04 6.104E-03
    2818 1.1152E+00 3.7335E-04  (-0.299    , -1.953E-03,   0.00    ) |  3.734E-04 6.104E-03
    2819 1.1155E+00 3.7335E-04  (-0.299    , -1.953E-03,   0.00    ) |  3.734E-04 6.104E-03
    2820 1.1159E+00 3.7335E-04  (-0.299    , -1.953E-03,   0.00    ) |  3.733E-04 6.104E-03
    2821 1.1163E+00 3.7335E-04  (-0.299    , -1.953E-03,   0.00    ) |  3.733E-04 6.104E-03
    2822 1.1166E+00 3.7334E-04  ( 0.299    , -1.953E-03,   0.00    ) |  3.733E-04 6.104E-03
    2823 1.1170E+00 3.7334E-04  ( 0.299    , -1.953E-03,   0.00    ) |  3.733E-04 6.104E-03
    2824 1.1174E+00 3.7334E-04  ( 0.299    , -1.953E-03,   0.00    ) |  3.733E-04 6.104E-03
    2825 1.1178E+00 3.7334E-04  ( 0.299    , -1.953E-03,   0.00    ) |  3.733E-04 6.104E-03
    2826 1.1181E+00 3.7334E-04  ( 0.299    , -1.953E-03,   0.00    ) |  3.733E-04 6.104E-03
    2827 1.1185E+00 3.7333E-04  ( 0.299    , -1.953E-03,   0.00    ) |  3.733E-04 6.104E-03
    2828 1.1189E+00 3.7333E-04  ( 0.299    , -1.953E-03,   0.00    ) |  3.733E-04 6.104E-03
    2829 1.1193E+00 3.7333E-04  ( 0.299    , -1.953E-03,   0.00    ) |  3.733E-04 6.104E-03
    2830 1.1196E+00 3.7333E-04  ( 0.299    , -1.953E-03,   0.00    ) |  3.733E-04 6.104E-03
    2831 1.1200E+00 3.7333E-04  ( 0.299    , -1.953E-03,   0.00    ) |  3.733E-04 6.104E-03
    2832 1.1204E+00 3.7332E-04  ( 0.299    , -1.953E-03,   0.00    ) |  3.733E-04 6.104E-03
    2833 1.1208E+00 3.7332E-04  ( 0.299    , -1.953E-03,   0.00    ) |  3.733E-04 6.104E-03
    2834 1.1211E+00 3.7332E-04  ( 0.299    , -1.953E-03,   0.00    ) |  3.733E-04 6.104E-03
    2835 1.1215E+00 3.7332E-04  ( 0.299    , -1.953E-03,   0.00    ) |  3.733E-04 6.104E-03
    2836 1.1219E+00 3.7332E-04  ( 0.299    , -1.953E-03,   0.00    ) |  3.733E-04 6.104E-03
    2837 1.1222E+00 3.7331E-04  ( 0.299    , -1.953E-03,   0.00    ) |  3.733E-04 6.104E-03
    2838 1.1226E+00 3.7331E-04  ( 0.299    , -1.953E-03,   0.00    ) |  3.733E-04 6.104E-03
    2839 1.1230E+00 3.7331E-04  ( 0.299    , -1.953E-03,   0.00    ) |  3.733E-04 6.104E-03
    2840 1.1234E+00 3.7331E-04  ( 0.299    , -1.953E-03,   0.00    ) |  3.733E-04 6.104E-03
    2841 1.1237E+00 3.7331E-04  ( 0.299    , -1.953E-03,   0.00    ) |  3.733E-04 6.104E-03
    2842 1.1241E+00 3.7330E-04  ( 0.299    , -1.953E-03,   0.00    ) |  3.733E-04 6.104E-03
    2843 1.1245E+00 3.7330E-04  ( 0.299    , -1.953E-03,   0.00    ) |  3.733E-04 6.104E-03
    2844 1.1249E+00 3.7330E-04  ( 0.299    , -1.953E-03,   0.00    ) |  3.733E-04 6.104E-03
 *** Wrote plotfile to flash_run_hdf5_plt_cnt_0045 ****
    2845 1.1252E+00 3.7330E-04  ( 0.299    , -1.953E-03,   0.00    ) |  3.733E-04 6.104E-03
    2846 1.1256E+00 3.7330E-04  ( 0.299    , -1.953E-03,   0.00    ) |  3.733E-04 6.104E-03
    2847 1.1260E+00 3.7330E-04  ( 0.299    , -1.953E-03,   0.00    ) |  3.733E-04 6.104E-03
    2848 1.1264E+00 3.7329E-04  ( 0.299    , -1.953E-03,   0.00    ) |  3.733E-04 6.104E-03
    2849 1.1267E+00 3.7329E-04  ( 0.299    , -1.953E-03,   0.00    ) |  3.733E-04 6.104E-03
    2850 1.1271E+00 3.7329E-04  ( 0.299    , -1.953E-03,   0.00    ) |  3.733E-04 6.104E-03
    2851 1.1275E+00 3.7329E-04  ( 0.299    , -1.953E-03,   0.00    ) |  3.733E-04 6.104E-03
    2852 1.1278E+00 3.7329E-04  ( 0.299    , -1.953E-03,   0.00    ) |  3.733E-04 6.104E-03
    2853 1.1282E+00 3.7329E-04  (-0.299    ,  1.953E-03,   0.00    ) |  3.733E-04 6.104E-03
    2854 1.1286E+00 3.7328E-04  ( 0.299    , -1.953E-03,   0.00    ) |  3.733E-04 6.104E-03
    2855 1.1290E+00 3.7328E-04  ( 0.299    , -1.953E-03,   0.00    ) |  3.733E-04 6.104E-03
    2856 1.1293E+00 3.7328E-04  ( 0.299    , -1.953E-03,   0.00    ) |  3.733E-04 6.104E-03
    2857 1.1297E+00 3.7328E-04  ( 0.299    , -1.953E-03,   0.00    ) |  3.733E-04 6.104E-03
    2858 1.1301E+00 3.7328E-04  ( 0.299    , -1.953E-03,   0.00    ) |  3.733E-04 6.104E-03
    2859 1.1305E+00 3.7328E-04  ( 0.299    , -1.953E-03,   0.00    ) |  3.733E-04 6.104E-03
    2860 1.1308E+00 3.7327E-04  ( 0.299    , -1.953E-03,   0.00    ) |  3.733E-04 6.104E-03
    2861 1.1312E+00 3.7327E-04  ( 0.299    , -1.953E-03,   0.00    ) |  3.733E-04 6.104E-03
    2862 1.1316E+00 3.7327E-04  ( 0.299    , -1.953E-03,   0.00    ) |  3.733E-04 6.104E-03
    2863 1.1320E+00 3.7327E-04  (-0.299    ,  1.953E-03,   0.00    ) |  3.733E-04 6.104E-03
    2864 1.1323E+00 3.7327E-04  ( 0.299    , -1.953E-03,   0.00    ) |  3.733E-04 6.104E-03
    2865 1.1327E+00 3.7327E-04  ( 0.299    , -1.953E-03,   0.00    ) |  3.733E-04 6.104E-03
    2866 1.1331E+00 3.7327E-04  ( 0.299    , -1.953E-03,   0.00    ) |  3.733E-04 6.104E-03
    2867 1.1334E+00 3.7326E-04  (-0.299    ,  1.953E-03,   0.00    ) |  3.733E-04 6.104E-03
    2868 1.1338E+00 3.7326E-04  ( 0.299    , -1.953E-03,   0.00    ) |  3.733E-04 6.104E-03
    2869 1.1342E+00 3.7326E-04  ( 0.299    , -1.953E-03,   0.00    ) |  3.733E-04 6.104E-03
    2870 1.1346E+00 3.7326E-04  ( 0.299    , -1.953E-03,   0.00    ) |  3.733E-04 6.104E-03
    2871 1.1349E+00 3.7326E-04  ( 0.299    , -1.953E-03,   0.00    ) |  3.733E-04 6.104E-03
    2872 1.1353E+00 3.7326E-04  ( 0.299    , -1.953E-03,   0.00    ) |  3.733E-04 6.104E-03
    2873 1.1357E+00 3.7326E-04  ( 0.299    , -1.953E-03,   0.00    ) |  3.733E-04 6.104E-03
    2874 1.1361E+00 3.7326E-04  ( 0.299    , -1.953E-03,   0.00    ) |  3.733E-04 6.104E-03
    2875 1.1364E+00 3.7325E-04  ( 0.299    , -1.953E-03,   0.00    ) |  3.733E-04 6.104E-03
    2876 1.1368E+00 3.7325E-04  ( 0.299    , -1.953E-03,   0.00    ) |  3.733E-04 6.104E-03
    2877 1.1372E+00 3.7325E-04  ( 0.299    , -1.953E-03,   0.00    ) |  3.733E-04 6.104E-03
    2878 1.1375E+00 3.7325E-04  ( 0.299    , -1.953E-03,   0.00    ) |  3.733E-04 6.104E-03
    2879 1.1379E+00 3.7325E-04  ( 0.299    , -1.953E-03,   0.00    ) |  3.732E-04 6.104E-03
    2880 1.1383E+00 3.7325E-04  ( 0.299    , -1.953E-03,   0.00    ) |  3.732E-04 6.104E-03
    2881 1.1387E+00 3.7325E-04  ( 0.299    , -1.953E-03,   0.00    ) |  3.732E-04 6.104E-03
    2882 1.1390E+00 3.7325E-04  ( 0.299    , -1.953E-03,   0.00    ) |  3.732E-04 6.104E-03
    2883 1.1394E+00 3.7325E-04  ( 0.299    , -1.953E-03,   0.00    ) |  3.732E-04 6.104E-03
    2884 1.1398E+00 3.7324E-04  ( 0.299    , -1.953E-03,   0.00    ) |  3.732E-04 6.104E-03
    2885 1.1402E+00 3.7324E-04  ( 0.299    , -1.953E-03,   0.00    ) |  3.732E-04 6.104E-03
    2886 1.1405E+00 3.7324E-04  ( 0.299    , -1.953E-03,   0.00    ) |  3.732E-04 6.104E-03
    2887 1.1409E+00 3.7324E-04  ( 0.299    , -1.953E-03,   0.00    ) |  3.732E-04 6.104E-03
    2888 1.1413E+00 3.7324E-04  ( 0.299    , -1.953E-03,   0.00    ) |  3.732E-04 6.104E-03
    2889 1.1417E+00 3.7324E-04  (-0.299    , -1.953E-03,   0.00    ) |  3.732E-04 6.104E-03
    2890 1.1420E+00 3.7324E-04  (-0.299    , -1.953E-03,   0.00    ) |  3.732E-04 6.104E-03
    2891 1.1424E+00 3.7324E-04  (-0.299    , -1.953E-03,   0.00    ) |  3.732E-04 6.104E-03
    2892 1.1428E+00 3.7324E-04  (-0.299    , -1.953E-03,   0.00    ) |  3.732E-04 6.104E-03
    2893 1.1431E+00 3.7323E-04  (-0.299    , -1.953E-03,   0.00    ) |  3.732E-04 6.104E-03
    2894 1.1435E+00 3.7323E-04  (-0.299    , -1.953E-03,   0.00    ) |  3.732E-04 6.104E-03
    2895 1.1439E+00 3.7323E-04  ( 0.299    , -1.953E-03,   0.00    ) |  3.732E-04 6.104E-03
    2896 1.1443E+00 3.7323E-04  (-0.299    , -1.953E-03,   0.00    ) |  3.732E-04 6.104E-03
    2897 1.1446E+00 3.7323E-04  (-0.299    , -1.953E-03,   0.00    ) |  3.732E-04 6.104E-03
    2898 1.1450E+00 3.7323E-04  (-0.299    , -1.953E-03,   0.00    ) |  3.732E-04 6.104E-03
    2899 1.1454E+00 3.7323E-04  ( 0.299    , -1.953E-03,   0.00    ) |  3.732E-04 6.104E-03
    2900 1.1458E+00 3.7322E-04  ( 0.299    , -1.953E-03,   0.00    ) |  3.732E-04 6.104E-03
    2901 1.1461E+00 3.7322E-04  ( 0.299    , -1.953E-03,   0.00    ) |  3.732E-04 6.104E-03
    2902 1.1465E+00 3.7322E-04  (-0.299    , -1.953E-03,   0.00    ) |  3.732E-04 6.104E-03
    2903 1.1469E+00 3.7322E-04  (-0.299    , -1.953E-03,   0.00    ) |  3.732E-04 6.104E-03
    2904 1.1473E+00 3.7322E-04  ( 0.299    , -1.953E-03,   0.00    ) |  3.732E-04 6.104E-03
    2905 1.1476E+00 3.7322E-04  (-0.299    , -1.953E-03,   0.00    ) |  3.732E-04 6.104E-03
    2906 1.1480E+00 3.7321E-04  (-0.299    , -1.953E-03,   0.00    ) |  3.732E-04 6.104E-03
    2907 1.1484E+00 3.7321E-04  (-0.299    , -1.953E-03,   0.00    ) |  3.732E-04 6.104E-03
    2908 1.1487E+00 3.7321E-04  ( 0.299    , -1.953E-03,   0.00    ) |  3.732E-04 6.104E-03
    2909 1.1491E+00 3.7321E-04  (-0.299    , -1.953E-03,   0.00    ) |  3.732E-04 6.104E-03
    2910 1.1495E+00 3.7321E-04  ( 0.299    , -1.953E-03,   0.00    ) |  3.732E-04 6.104E-03
    2911 1.1499E+00 3.7321E-04  ( 0.299    , -1.953E-03,   0.00    ) |  3.732E-04 6.104E-03
 *** Wrote plotfile to flash_run_hdf5_plt_cnt_0046 ****
    2912 1.1502E+00 3.7320E-04  ( 0.299    , -1.953E-03,   0.00    ) |  3.732E-04 6.104E-03
    2913 1.1506E+00 3.7320E-04  ( 0.299    , -1.953E-03,   0.00    ) |  3.732E-04 6.104E-03
    2914 1.1510E+00 3.7320E-04  ( 0.299    , -1.953E-03,   0.00    ) |  3.732E-04 6.104E-03
    2915 1.1514E+00 3.7320E-04  (-0.299    , -1.953E-03,   0.00    ) |  3.732E-04 6.104E-03
    2916 1.1517E+00 3.7320E-04  ( 0.299    , -1.953E-03,   0.00    ) |  3.732E-04 6.104E-03
    2917 1.1521E+00 3.7320E-04  ( 0.299    , -1.953E-03,   0.00    ) |  3.732E-04 6.104E-03
    2918 1.1525E+00 3.7319E-04  ( 0.299    , -1.953E-03,   0.00    ) |  3.732E-04 6.104E-03
    2919 1.1529E+00 3.7319E-04  (-0.299    , -1.953E-03,   0.00    ) |  3.732E-04 6.104E-03
    2920 1.1532E+00 3.7319E-04  (-0.299    , -1.953E-03,   0.00    ) |  3.732E-04 6.104E-03
    2921 1.1536E+00 3.7319E-04  (-0.299    , -1.953E-03,   0.00    ) |  3.732E-04 6.104E-03
    2922 1.1540E+00 3.7319E-04  (-0.299    , -1.953E-03,   0.00    ) |  3.732E-04 6.104E-03
    2923 1.1543E+00 3.7318E-04  (-0.299    , -1.953E-03,   0.00    ) |  3.732E-04 6.104E-03
    2924 1.1547E+00 3.7318E-04  (-0.299    , -1.953E-03,   0.00    ) |  3.732E-04 6.104E-03
    2925 1.1551E+00 3.7318E-04  (-0.299    , -1.953E-03,   0.00    ) |  3.732E-04 6.104E-03
    2926 1.1555E+00 3.7318E-04  (-0.299    , -1.953E-03,   0.00    ) |  3.732E-04 6.104E-03
    2927 1.1558E+00 3.7318E-04  (-0.299    , -1.953E-03,   0.00    ) |  3.732E-04 6.104E-03
    2928 1.1562E+00 3.7318E-04  (-0.299    , -1.953E-03,   0.00    ) |  3.732E-04 6.104E-03
    2929 1.1566E+00 3.7317E-04  (-0.299    , -1.953E-03,   0.00    ) |  3.732E-04 6.104E-03
    2930 1.1570E+00 3.7317E-04  (-0.299    , -1.953E-03,   0.00    ) |  3.732E-04 6.104E-03
    2931 1.1573E+00 3.7317E-04  (-0.299    , -1.953E-03,   0.00    ) |  3.732E-04 6.104E-03
    2932 1.1577E+00 3.7317E-04  (-0.299    , -1.953E-03,   0.00    ) |  3.732E-04 6.104E-03
    2933 1.1581E+00 3.7317E-04  (-0.299    , -1.953E-03,   0.00    ) |  3.732E-04 6.104E-03
    2934 1.1584E+00 3.7316E-04  (-0.299    , -1.953E-03,   0.00    ) |  3.732E-04 6.104E-03
    2935 1.1588E+00 3.7316E-04  (-0.299    , -1.953E-03,   0.00    ) |  3.732E-04 6.104E-03
    2936 1.1592E+00 3.7316E-04  (-0.299    , -1.953E-03,   0.00    ) |  3.732E-04 6.104E-03
    2937 1.1596E+00 3.7316E-04  (-0.299    , -1.953E-03,   0.00    ) |  3.732E-04 6.104E-03
    2938 1.1599E+00 3.7316E-04  (-0.299    , -1.953E-03,   0.00    ) |  3.732E-04 6.104E-03
    2939 1.1603E+00 3.7316E-04  (-0.299    , -1.953E-03,   0.00    ) |  3.732E-04 6.104E-03
    2940 1.1607E+00 3.7315E-04  (-0.299    , -1.953E-03,   0.00    ) |  3.732E-04 6.104E-03
    2941 1.1611E+00 3.7315E-04  (-0.299    , -1.953E-03,   0.00    ) |  3.732E-04 6.104E-03
    2942 1.1614E+00 3.7315E-04  (-0.299    , -1.953E-03,   0.00    ) |  3.732E-04 6.104E-03
    2943 1.1618E+00 3.7315E-04  (-0.299    , -1.953E-03,   0.00    ) |  3.732E-04 6.104E-03
    2944 1.1622E+00 3.7315E-04  (-0.299    , -1.953E-03,   0.00    ) |  3.731E-04 6.104E-03
    2945 1.1626E+00 3.7315E-04  (-0.299    , -1.953E-03,   0.00    ) |  3.731E-04 6.104E-03
    2946 1.1629E+00 3.7315E-04  (-0.299    ,  1.953E-03,   0.00    ) |  3.731E-04 6.104E-03
    2947 1.1633E+00 3.7314E-04  (-0.299    ,  1.953E-03,   0.00    ) |  3.731E-04 6.104E-03
    2948 1.1637E+00 3.7314E-04  (-0.299    ,  1.953E-03,   0.00    ) |  3.731E-04 6.104E-03
    2949 1.1640E+00 3.7314E-04  (-0.299    ,  1.953E-03,   0.00    ) |  3.731E-04 6.104E-03
    2950 1.1644E+00 3.7314E-04  (-0.299    ,  1.953E-03,   0.00    ) |  3.731E-04 6.104E-03
    2951 1.1648E+00 3.7314E-04  ( 0.299    ,  1.953E-03,   0.00    ) |  3.731E-04 6.104E-03
    2952 1.1652E+00 3.7314E-04  ( 0.299    ,  1.953E-03,   0.00    ) |  3.731E-04 6.104E-03
    2953 1.1655E+00 3.7314E-04  ( 0.299    ,  1.953E-03,   0.00    ) |  3.731E-04 6.104E-03
    2954 1.1659E+00 3.7314E-04  (-0.299    ,  1.953E-03,   0.00    ) |  3.731E-04 6.104E-03
    2955 1.1663E+00 3.7313E-04  ( 0.299    ,  1.953E-03,   0.00    ) |  3.731E-04 6.104E-03
    2956 1.1667E+00 3.7313E-04  ( 0.299    ,  1.953E-03,   0.00    ) |  3.731E-04 6.104E-03
    2957 1.1670E+00 3.7313E-04  ( 0.299    ,  1.953E-03,   0.00    ) |  3.731E-04 6.104E-03
    2958 1.1674E+00 3.7313E-04  ( 0.299    ,  1.953E-03,   0.00    ) |  3.731E-04 6.104E-03
    2959 1.1678E+00 3.7313E-04  (-0.299    ,  1.953E-03,   0.00    ) |  3.731E-04 6.104E-03
    2960 1.1682E+00 3.7313E-04  ( 0.299    ,  1.953E-03,   0.00    ) |  3.731E-04 6.104E-03
    2961 1.1685E+00 3.7313E-04  ( 0.299    ,  1.953E-03,   0.00    ) |  3.731E-04 6.104E-03
    2962 1.1689E+00 3.7313E-04  ( 0.299    ,  1.953E-03,   0.00    ) |  3.731E-04 6.104E-03
    2963 1.1693E+00 3.7313E-04  ( 0.299    ,  1.953E-03,   0.00    ) |  3.731E-04 6.104E-03
    2964 1.1696E+00 3.7313E-04  ( 0.299    ,  1.953E-03,   0.00    ) |  3.731E-04 6.104E-03
    2965 1.1700E+00 3.7313E-04  ( 0.299    ,  1.953E-03,   0.00    ) |  3.731E-04 6.104E-03
    2966 1.1704E+00 3.7312E-04  ( 0.299    ,  1.953E-03,   0.00    ) |  3.731E-04 6.104E-03
    2967 1.1708E+00 3.7312E-04  ( 0.295    ,  1.953E-03,   0.00    ) |  3.731E-04 6.104E-03
    2968 1.1711E+00 3.7312E-04  ( 0.295    ,  1.953E-03,   0.00    ) |  3.731E-04 6.104E-03
    2969 1.1715E+00 3.7312E-04  ( 0.295    ,  1.953E-03,   0.00    ) |  3.731E-04 6.104E-03
    2970 1.1719E+00 3.7312E-04  (-0.295    ,  1.953E-03,   0.00    ) |  3.731E-04 6.104E-03
    2971 1.1723E+00 3.7312E-04  (-0.295    ,  1.953E-03,   0.00    ) |  3.731E-04 6.104E-03
    2972 1.1726E+00 3.7312E-04  (-0.295    ,  1.953E-03,   0.00    ) |  3.731E-04 6.104E-03
    2973 1.1730E+00 3.7312E-04  (-0.295    ,  1.953E-03,   0.00    ) |  3.731E-04 6.104E-03
    2974 1.1734E+00 3.7312E-04  (-0.295    ,  1.953E-03,   0.00    ) |  3.731E-04 6.104E-03
    2975 1.1737E+00 3.7312E-04  (-0.295    ,  1.953E-03,   0.00    ) |  3.731E-04 6.104E-03
    2976 1.1741E+00 3.7312E-04  (-0.295    ,  1.953E-03,   0.00    ) |  3.731E-04 6.104E-03
    2977 1.1745E+00 3.7312E-04  (-0.295    ,  1.953E-03,   0.00    ) |  3.731E-04 6.104E-03
    2978 1.1749E+00 3.7312E-04  (-0.295    ,  1.953E-03,   0.00    ) |  3.731E-04 6.104E-03
 *** Wrote plotfile to flash_run_hdf5_plt_cnt_0047 ****
    2979 1.1752E+00 3.7311E-04  (-0.295    ,  1.953E-03,   0.00    ) |  3.731E-04 6.104E-03
    2980 1.1756E+00 3.7311E-04  (-0.295    ,  1.953E-03,   0.00    ) |  3.731E-04 6.104E-03
    2981 1.1760E+00 3.7311E-04  (-0.295    ,  1.953E-03,   0.00    ) |  3.731E-04 6.104E-03
    2982 1.1764E+00 3.7311E-04  (-0.295    ,  1.953E-03,   0.00    ) |  3.731E-04 6.104E-03
    2983 1.1767E+00 3.7311E-04  (-0.295    ,  1.953E-03,   0.00    ) |  3.731E-04 6.104E-03
    2984 1.1771E+00 3.7311E-04  (-0.295    ,  1.953E-03,   0.00    ) |  3.731E-04 6.104E-03
    2985 1.1775E+00 3.7311E-04  (-0.295    ,  1.953E-03,   0.00    ) |  3.731E-04 6.104E-03
    2986 1.1779E+00 3.7311E-04  (-0.295    ,  1.953E-03,   0.00    ) |  3.731E-04 6.104E-03
    2987 1.1782E+00 3.7311E-04  (-0.295    ,  1.953E-03,   0.00    ) |  3.731E-04 6.104E-03
    2988 1.1786E+00 3.7311E-04  (-0.295    ,  1.953E-03,   0.00    ) |  3.731E-04 6.104E-03
    2989 1.1790E+00 3.7311E-04  (-0.295    ,  1.953E-03,   0.00    ) |  3.731E-04 6.104E-03
    2990 1.1793E+00 3.7311E-04  (-0.295    ,  1.953E-03,   0.00    ) |  3.731E-04 6.104E-03
    2991 1.1797E+00 3.7311E-04  (-0.295    ,  1.953E-03,   0.00    ) |  3.731E-04 6.104E-03
    2992 1.1801E+00 3.7311E-04  (-0.295    ,  1.953E-03,   0.00    ) |  3.731E-04 6.104E-03
    2993 1.1805E+00 3.7311E-04  (-0.295    ,  1.953E-03,   0.00    ) |  3.731E-04 6.104E-03
    2994 1.1808E+00 3.7311E-04  (-0.295    ,  1.953E-03,   0.00    ) |  3.731E-04 6.104E-03
    2995 1.1812E+00 3.7311E-04  (-0.295    ,  1.953E-03,   0.00    ) |  3.731E-04 6.104E-03
    2996 1.1816E+00 3.7311E-04  ( 0.295    , -1.953E-03,   0.00    ) |  3.731E-04 6.104E-03
    2997 1.1820E+00 3.7311E-04  (-0.295    ,  1.953E-03,   0.00    ) |  3.731E-04 6.104E-03
    2998 1.1823E+00 3.7311E-04  ( 0.295    , -1.953E-03,   0.00    ) |  3.731E-04 6.104E-03
    2999 1.1827E+00 3.7311E-04  ( 0.295    , -1.953E-03,   0.00    ) |  3.731E-04 6.104E-03
    3000 1.1831E+00 3.7310E-04  ( 0.295    , -1.953E-03,   0.00    ) |  3.731E-04 6.104E-03
    3001 1.1834E+00 3.7310E-04  ( 0.295    ,  1.953E-03,   0.00    ) |  3.731E-04 6.104E-03
    3002 1.1838E+00 3.7310E-04  ( 0.295    , -1.953E-03,   0.00    ) |  3.731E-04 6.104E-03
    3003 1.1842E+00 3.7310E-04  ( 0.295    , -1.953E-03,   0.00    ) |  3.731E-04 6.104E-03
    3004 1.1846E+00 3.7310E-04  ( 0.295    ,  1.953E-03,   0.00    ) |  3.731E-04 6.104E-03
    3005 1.1849E+00 3.7310E-04  ( 0.295    ,  1.953E-03,   0.00    ) |  3.731E-04 6.104E-03
    3006 1.1853E+00 3.7310E-04  ( 0.295    ,  1.953E-03,   0.00    ) |  3.731E-04 6.104E-03
    3007 1.1857E+00 3.7310E-04  ( 0.295    ,  1.953E-03,   0.00    ) |  3.731E-04 6.104E-03
    3008 1.1861E+00 3.7310E-04  ( 0.295    ,  1.953E-03,   0.00    ) |  3.731E-04 6.104E-03
    3009 1.1864E+00 3.7310E-04  ( 0.295    ,  1.953E-03,   0.00    ) |  3.731E-04 6.104E-03
    3010 1.1868E+00 3.7310E-04  ( 0.295    ,  1.953E-03,   0.00    ) |  3.731E-04 6.104E-03
    3011 1.1872E+00 3.7310E-04  ( 0.295    ,  1.953E-03,   0.00    ) |  3.731E-04 6.104E-03
    3012 1.1876E+00 3.7310E-04  ( 0.295    ,  1.953E-03,   0.00    ) |  3.731E-04 6.104E-03
    3013 1.1879E+00 3.7310E-04  ( 0.295    ,  1.953E-03,   0.00    ) |  3.731E-04 6.104E-03
    3014 1.1883E+00 3.7310E-04  ( 0.295    , -1.953E-03,   0.00    ) |  3.731E-04 6.104E-03
    3015 1.1887E+00 3.7310E-04  (-0.295    ,  1.953E-03,   0.00    ) |  3.731E-04 6.104E-03
    3016 1.1890E+00 3.7310E-04  (-0.295    , -1.953E-03,   0.00    ) |  3.731E-04 6.104E-03
    3017 1.1894E+00 3.7310E-04  (-0.295    ,  1.953E-03,   0.00    ) |  3.731E-04 6.104E-03
    3018 1.1898E+00 3.7310E-04  (-0.295    ,  1.953E-03,   0.00    ) |  3.731E-04 6.104E-03
    3019 1.1902E+00 3.7310E-04  (-0.295    ,  1.953E-03,   0.00    ) |  3.731E-04 6.104E-03
    3020 1.1905E+00 3.7310E-04  (-0.295    ,  1.953E-03,   0.00    ) |  3.731E-04 6.104E-03
    3021 1.1909E+00 3.7310E-04  (-0.295    ,  1.953E-03,   0.00    ) |  3.731E-04 6.104E-03
    3022 1.1913E+00 3.7310E-04  (-0.295    , -1.953E-03,   0.00    ) |  3.731E-04 6.104E-03
    3023 1.1917E+00 3.7310E-04  (-0.295    ,  1.953E-03,   0.00    ) |  3.731E-04 6.104E-03
    3024 1.1920E+00 3.7310E-04  (-0.295    ,  1.953E-03,   0.00    ) |  3.731E-04 6.104E-03
    3025 1.1924E+00 3.7310E-04  (-0.295    ,  1.953E-03,   0.00    ) |  3.731E-04 6.104E-03
    3026 1.1928E+00 3.7310E-04  (-0.295    ,  1.953E-03,   0.00    ) |  3.731E-04 6.104E-03
    3027 1.1931E+00 3.7310E-04  (-0.295    ,  1.953E-03,   0.00    ) |  3.731E-04 6.104E-03
    3028 1.1935E+00 3.7309E-04  ( 0.295    ,  1.953E-03,   0.00    ) |  3.731E-04 6.104E-03
    3029 1.1939E+00 3.7309E-04  ( 0.295    ,  1.953E-03,   0.00    ) |  3.731E-04 6.104E-03
    3030 1.1943E+00 3.7309E-04  ( 0.295    ,  1.953E-03,   0.00    ) |  3.731E-04 6.104E-03
    3031 1.1946E+00 3.7309E-04  (-0.295    ,  1.953E-03,   0.00    ) |  3.731E-04 6.104E-03
    3032 1.1950E+00 3.7309E-04  (-0.295    ,  1.953E-03,   0.00    ) |  3.731E-04 6.104E-03
    3033 1.1954E+00 3.7309E-04  (-0.295    ,  1.953E-03,   0.00    ) |  3.731E-04 6.104E-03
    3034 1.1958E+00 3.7309E-04  ( 0.295    ,  1.953E-03,   0.00    ) |  3.731E-04 6.104E-03
    3035 1.1961E+00 3.7309E-04  ( 0.295    ,  1.953E-03,   0.00    ) |  3.731E-04 6.104E-03
    3036 1.1965E+00 3.7309E-04  ( 0.295    ,  1.953E-03,   0.00    ) |  3.731E-04 6.104E-03
    3037 1.1969E+00 3.7309E-04  ( 0.295    ,  1.953E-03,   0.00    ) |  3.731E-04 6.104E-03
    3038 1.1973E+00 3.7309E-04  ( 0.295    ,  1.953E-03,   0.00    ) |  3.731E-04 6.104E-03
    3039 1.1976E+00 3.7309E-04  ( 0.295    ,  1.953E-03,   0.00    ) |  3.731E-04 6.104E-03
    3040 1.1980E+00 3.7309E-04  ( 0.295    ,  1.953E-03,   0.00    ) |  3.731E-04 6.104E-03
    3041 1.1984E+00 3.7309E-04  ( 0.295    ,  1.953E-03,   0.00    ) |  3.731E-04 6.104E-03
    3042 1.1987E+00 3.7309E-04  ( 0.295    ,  1.953E-03,   0.00    ) |  3.731E-04 6.104E-03
    3043 1.1991E+00 3.7309E-04  ( 0.295    ,  1.953E-03,   0.00    ) |  3.731E-04 6.104E-03
    3044 1.1995E+00 3.7309E-04  (-0.295    ,  1.953E-03,   0.00    ) |  3.731E-04 6.104E-03
    3045 1.1999E+00 3.7309E-04  (-0.295    ,  1.953E-03,   0.00    ) |  3.731E-04 6.104E-03
Shortening dt from 3.7308808455003265479E-04 to 1.3474924695011658571E-04 for reaching tmax=  1.199999999999999956    
 *** Wrote plotfile to flash_run_hdf5_plt_cnt_0048 ****
    3046 1.2000E+00 1.6170E-04  (-0.295    ,  1.953E-03,   0.00    ) |  3.731E-04 6.104E-03
 *** Wrote checkpoint file to flash_run_hdf5_chk_0001 ****
 *** Wrote plotfile to flash_run_forced_hdf5_plt_cnt_0000 ****
