hwloc/linux: failed to find sysfs cpu topology directory, aborting linux discovery.
hwloc/linux: failed to find sysfs cpu topology directory, aborting linux discovery.
hwloc/linux: failed to find sysfs cpu topology directory, aborting linux discovery.
hwloc/linux: failed to find sysfs cpu topology directory, aborting linux discovery.
hwloc/linux: failed to find sysfs cpu topology directory, aborting linux discovery.
hwloc/linux: failed to find sysfs cpu topology directory, aborting linux discovery.
hwloc/linux: failed to find sysfs cpu topology directory, aborting linux discovery.
hwloc/linux: failed to find sysfs cpu topology directory, aborting linux discovery.
hwloc/linux: failed to find sysfs cpu topology directory, aborting linux discovery.
hwloc/linux: failed to find sysfs cpu topology directory, aborting linux discovery.
[1791445568.405484] [Rog-GA401:7    :0]       tcp_iface.c:893  UCX  ERROR scandir(/sys/class/net) failed: No such file or directory
[1791445568.405417] [Rog-GA401:9    :0]       tcp_iface.c:893  UCX  ERROR scandir(/sys/class/net) failed: No such file or directory
[1791445568.405528] [Rog-GA401:8    :0]       tcp_iface.c:893  UCX  ERROR scandir(/sys/class/net) failed: No such file or directory
[1791445568.405528] [Rog-GA401:10   :0]       tcp_iface.c:893  UCX  ERROR scandir(/sys/class/net) failed: No such file or directory
 MaterialProperties initialized
 Cosmology initialized
 Source terms initialized
  Finished with Grid_initDomain, no restart
 Ready to call Hydro_init
 Hydro initialized
 Gravity initialized
 Initial dt verified
 *** Wrote checkpoint file to flash_run_hdf5_chk_0000 ****
 *** Wrote plotfile to flash_run_hdf5_plt_cnt_0000 ****
 Initial plotfile written
 Driver init all done
       n          t         dt  (         x,          y,          z) |  dt_hydro  dt_Diff  
       1 1.0000E-06 1.2000E-06  (-1.302E-03,  5.339E-02,   0.00    ) |  6.189E-04 6.782E-04
       2 2.2000E-06 1.4400E-06  (-1.302E-03,  5.339E-02,   0.00    ) |  6.189E-04 6.782E-04
       3 3.6400E-06 1.7280E-06  (-1.302E-03,  5.339E-02,   0.00    ) |  6.189E-04 6.782E-04
       4 5.3680E-06 2.0736E-06  (-1.302E-03,  5.339E-02,   0.00    ) |  6.189E-04 6.782E-04
       5 7.4416E-06 2.4883E-06  (-1.302E-03,  5.339E-02,   0.00    ) |  6.189E-04 6.782E-04
       6 9.9299E-06 2.9860E-06  (-1.302E-03,  5.339E-02,   0.00    ) |  6.189E-04 6.782E-04
       7 1.2916E-05 3.5832E-06  (-1.302E-03,  5.339E-02,   0.00    ) |  6.189E-04 6.782E-04
       8 1.6499E-05 4.2998E-06  (-1.302E-03,  5.339E-02,   0.00    ) |  6.189E-04 6.782E-04
       9 2.0799E-05 5.1598E-06  (-1.302E-03,  5.339E-02,   0.00    ) |  6.189E-04 6.782E-04
      10 2.5959E-05 6.1917E-06  (-1.302E-03,  5.339E-02,   0.00    ) |  6.189E-04 6.782E-04
      11 3.2150E-05 7.4301E-06  (-1.302E-03,  5.339E-02,   0.00    ) |  6.189E-04 6.782E-04
      12 3.9581E-05 8.9161E-06  (-1.302E-03,  5.339E-02,   0.00    ) |  6.189E-04 6.782E-04
      13 4.8497E-05 1.0699E-05  (-1.302E-03,  5.339E-02,   0.00    ) |  6.189E-04 6.782E-04
      14 5.9196E-05 1.2839E-05  (-1.302E-03,  5.339E-02,   0.00    ) |  6.189E-04 6.782E-04
      15 7.2035E-05 1.5407E-05  (-1.302E-03,  5.339E-02,   0.00    ) |  6.189E-04 6.782E-04
      16 8.7442E-05 1.8488E-05  (-1.302E-03,  5.339E-02,   0.00    ) |  6.189E-04 6.782E-04
      17 1.0593E-04 2.2186E-05  (-1.302E-03,  5.339E-02,   0.00    ) |  6.189E-04 6.782E-04
      18 1.2812E-04 2.6623E-05  (-1.302E-03,  5.339E-02,   0.00    ) |  6.189E-04 6.782E-04
      19 1.5474E-04 3.1948E-05  (-1.302E-03,  5.339E-02,   0.00    ) |  6.189E-04 6.782E-04
      20 1.8669E-04 3.8338E-05  (-1.302E-03,  5.339E-02,   0.00    ) |  6.189E-04 6.782E-04
      21 2.2503E-04 4.6005E-05  (-1.302E-03,  5.339E-02,   0.00    ) |  6.189E-04 6.782E-04
      22 2.7103E-04 5.5206E-05  (-1.302E-03,  5.339E-02,   0.00    ) |  6.189E-04 6.782E-04
      23 3.2624E-04 6.6247E-05  (-1.302E-03,  5.339E-02,   0.00    ) |  6.189E-04 6.782E-04
      24 3.9248E-04 7.9497E-05  (-1.302E-03,  5.339E-02,   0.00    ) |  6.189E-04 6.782E-04
      25 4.7198E-04 9.5396E-05  (-1.302E-03,  5.339E-02,   0.00    ) |  6.189E-04 6.782E-04
      26 5.6738E-04 1.1448E-04  (-1.302E-03,  5.339E-02,   0.00    ) |  6.190E-04 6.782E-04
      27 6.8185E-04 1.3737E-04  (-1.302E-03,  5.339E-02,   0.00    ) |  6.190E-04 6.782E-04
      28 8.1922E-04 1.6484E-04  (-1.302E-03,  5.339E-02,   0.00    ) |  6.190E-04 6.782E-04
      29 9.8407E-04 1.9781E-04  ( 1.302E-03,  5.339E-02,   0.00    ) |  6.190E-04 6.782E-04
      30 1.1819E-03 2.3738E-04  ( 1.302E-03,  5.339E-02,   0.00    ) |  6.190E-04 6.782E-04
      31 1.4193E-03 2.8485E-04  (-1.302E-03,  5.339E-02,   0.00    ) |  6.190E-04 6.782E-04
      32 1.7041E-03 3.4182E-04  ( 1.302E-03,  5.339E-02,   0.00    ) |  6.191E-04 6.782E-04
      33 2.0459E-03 4.1019E-04  (-1.302E-03,  5.339E-02,   0.00    ) |  6.191E-04 6.782E-04
      34 2.4561E-03 4.9222E-04  ( 1.302E-03,  5.339E-02,   0.00    ) |  6.191E-04 6.782E-04
      35 2.9483E-03 5.9067E-04  ( 1.302E-03,  5.339E-02,   0.00    ) |  6.192E-04 6.782E-04
      36 3.5390E-03 6.1921E-04  ( 1.302E-03,  5.339E-02,   0.00    ) |  6.192E-04 6.782E-04
      37 4.1582E-03 6.1924E-04  ( 1.302E-03,  5.339E-02,   0.00    ) |  6.192E-04 6.782E-04
      38 4.7775E-03 6.1927E-04  ( 1.302E-03,  5.339E-02,   0.00    ) |  6.193E-04 6.782E-04
      39 5.3967E-03 6.1930E-04  ( 1.302E-03,  5.339E-02,   0.00    ) |  6.193E-04 6.782E-04
      40 6.0160E-03 6.1932E-04  ( 1.302E-03,  5.339E-02,   0.00    ) |  6.193E-04 6.782E-04
      41 6.6354E-03 6.1934E-04  ( 1.302E-03, -5.599E-02,   0.00    ) |  6.193E-04 6.782E-04
      42 7.2547E-03 6.1935E-04  ( 1.302E-03, -5.599E-02,   0.00    ) |  6.194E-04 6.782E-04
      43 7.8741E-03 6.1937E-04  ( 1.302E-03, -5.599E-02,   0.00    ) |  6.194E-04 6.782E-04
      44 8.4934E-03 6.1938E-04  ( 1.302E-03, -5.599E-02,   0.00    ) |  6.194E-04 6.782E-04
      45 9.1128E-03 6.1940E-04  ( 1.302E-03, -5.599E-02,   0.00    ) |  6.194E-04 6.782E-04
      46 9.7322E-03 6.1942E-04  ( 1.302E-03, -5.599E-02,   0.00    ) |  6.194E-04 6.782E-04
      47 1.0352E-02 6.1944E-04  ( 1.302E-03, -5.599E-02,   0.00    ) |  6.194E-04 6.782E-04
      48 1.0971E-02 6.1946E-04  ( 1.302E-03, -5.599E-02,   0.00    ) |  6.195E-04 6.782E-04
      49 1.1591E-02 6.1950E-04  ( 1.302E-03, -5.599E-02,   0.00    ) |  6.195E-04 6.782E-04
      50 1.2210E-02 6.1953E-04  ( 1.302E-03, -5.599E-02,   0.00    ) |  6.195E-04 6.782E-04
      51 1.2830E-02 6.1957E-04  ( 1.302E-03, -5.599E-02,   0.00    ) |  6.196E-04 6.782E-04
      52 1.3449E-02 6.1962E-04  ( 1.302E-03, -5.599E-02,   0.00    ) |  6.196E-04 6.782E-04
      53 1.4069E-02 6.1968E-04  ( 1.302E-03, -5.599E-02,   0.00    ) |  6.197E-04 6.782E-04
      54 1.4688E-02 6.1974E-04  ( 1.302E-03, -5.599E-02,   0.00    ) |  6.197E-04 6.782E-04
      55 1.5308E-02 6.1980E-04  ( 1.302E-03, -5.599E-02,   0.00    ) |  6.198E-04 6.782E-04
      56 1.5928E-02 6.1987E-04  ( 1.302E-03, -5.599E-02,   0.00    ) |  6.199E-04 6.782E-04
      57 1.6548E-02 6.1994E-04  ( 1.302E-03, -5.599E-02,   0.00    ) |  6.199E-04 6.782E-04
      58 1.7168E-02 6.2001E-04  ( 1.302E-03, -5.599E-02,   0.00    ) |  6.200E-04 6.782E-04
      59 1.7788E-02 6.2008E-04  ( 1.302E-03, -5.599E-02,   0.00    ) |  6.201E-04 6.782E-04
      60 1.8408E-02 6.2014E-04  ( 1.302E-03, -5.599E-02,   0.00    ) |  6.201E-04 6.782E-04
      61 1.9028E-02 6.2020E-04  (-1.302E-03, -5.859E-02,   0.00    ) |  6.202E-04 6.782E-04
      62 1.9648E-02 6.2026E-04  (-1.302E-03, -5.859E-02,   0.00    ) |  6.203E-04 6.782E-04
      63 2.0268E-02 6.2032E-04  ( 1.302E-03, -5.599E-02,   0.00    ) |  6.203E-04 6.782E-04
      64 2.0889E-02 6.2036E-04  ( 1.302E-03, -5.599E-02,   0.00    ) |  6.204E-04 6.782E-04
      65 2.1509E-02 6.2040E-04  ( 1.302E-03, -5.599E-02,   0.00    ) |  6.204E-04 6.782E-04
      66 2.2130E-02 6.2044E-04  ( 1.302E-03, -5.599E-02,   0.00    ) |  6.204E-04 6.782E-04
      67 2.2750E-02 6.2046E-04  ( 1.302E-03, -5.599E-02,   0.00    ) |  6.205E-04 6.782E-04
      68 2.3370E-02 6.2048E-04  ( 1.302E-03, -5.599E-02,   0.00    ) |  6.205E-04 6.782E-04
      69 2.3991E-02 6.2049E-04  ( 1.302E-03, -5.599E-02,   0.00    ) |  6.205E-04 6.782E-04
      70 2.4611E-02 6.2050E-04  ( 1.302E-03, -5.599E-02,   0.00    ) |  6.205E-04 6.782E-04
 *** Wrote plotfile to flash_run_hdf5_plt_cnt_0001 ****
      71 2.5232E-02 6.2050E-04  ( 1.302E-03, -5.599E-02,   0.00    ) |  6.205E-04 6.782E-04
      72 2.5852E-02 6.2050E-04  ( 1.302E-03, -5.599E-02,   0.00    ) |  6.205E-04 6.782E-04
      73 2.6473E-02 6.2049E-04  ( 1.302E-03, -5.599E-02,   0.00    ) |  6.205E-04 6.782E-04
      74 2.7093E-02 6.2048E-04  ( 1.302E-03, -5.599E-02,   0.00    ) |  6.205E-04 6.782E-04
      75 2.7714E-02 6.2047E-04  ( 1.302E-03, -5.599E-02,   0.00    ) |  6.205E-04 6.782E-04
      76 2.8334E-02 6.2045E-04  ( 1.302E-03, -5.599E-02,   0.00    ) |  6.205E-04 6.782E-04
      77 2.8955E-02 6.2043E-04  ( 1.302E-03, -5.599E-02,   0.00    ) |  6.204E-04 6.782E-04
      78 2.9575E-02 6.2041E-04  ( 1.302E-03, -5.599E-02,   0.00    ) |  6.204E-04 6.782E-04
      79 3.0196E-02 6.2039E-04  ( 1.302E-03, -5.599E-02,   0.00    ) |  6.204E-04 6.782E-04
      80 3.0816E-02 6.2037E-04  ( 1.302E-03, -5.599E-02,   0.00    ) |  6.204E-04 6.782E-04
      81 3.1436E-02 6.2036E-04  ( 1.302E-03, -5.599E-02,   0.00    ) |  6.204E-04 6.782E-04
      82 3.2057E-02 6.2034E-04  ( 1.302E-03, -5.599E-02,   0.00    ) |  6.203E-04 6.782E-04
      83 3.2677E-02 6.2032E-04  (-1.302E-03, -5.859E-02,   0.00    ) |  6.203E-04 6.782E-04
      84 3.3297E-02 6.2030E-04  ( 1.302E-03, -5.859E-02,   0.00    ) |  6.203E-04 6.782E-04
      85 3.3918E-02 6.2029E-04  ( 1.302E-03, -5.859E-02,   0.00    ) |  6.203E-04 6.782E-04
      86 3.4538E-02 6.2027E-04  (-1.302E-03, -5.859E-02,   0.00    ) |  6.203E-04 6.782E-04
      87 3.5158E-02 6.2026E-04  (-1.302E-03, -5.859E-02,   0.00    ) |  6.203E-04 6.782E-04
      88 3.5779E-02 6.2025E-04  (-1.302E-03, -5.859E-02,   0.00    ) |  6.202E-04 6.782E-04
      89 3.6399E-02 6.2024E-04  (-1.302E-03, -5.859E-02,   0.00    ) |  6.202E-04 6.782E-04
      90 3.7019E-02 6.2023E-04  (-1.302E-03, -5.859E-02,   0.00    ) |  6.202E-04 6.782E-04
      91 3.7639E-02 6.2022E-04  (-1.302E-03, -5.859E-02,   0.00    ) |  6.202E-04 6.782E-04
      92 3.8259E-02 6.2022E-04  (-1.302E-03, -5.859E-02,   0.00    ) |  6.202E-04 6.782E-04
      93 3.8880E-02 6.2022E-04  (-1.302E-03, -5.859E-02,   0.00    ) |  6.202E-04 6.782E-04
      94 3.9500E-02 6.2021E-04  (-1.302E-03, -5.859E-02,   0.00    ) |  6.202E-04 6.782E-04
      95 4.0120E-02 6.2021E-04  (-1.302E-03, -5.859E-02,   0.00    ) |  6.202E-04 6.782E-04
      96 4.0740E-02 6.2022E-04  (-1.302E-03, -5.859E-02,   0.00    ) |  6.202E-04 6.782E-04
      97 4.1361E-02 6.2022E-04  (-1.302E-03, -5.859E-02,   0.00    ) |  6.202E-04 6.782E-04
      98 4.1981E-02 6.2022E-04  (-1.302E-03, -5.859E-02,   0.00    ) |  6.202E-04 6.782E-04
      99 4.2601E-02 6.2023E-04  (-1.302E-03, -5.859E-02,   0.00    ) |  6.202E-04 6.782E-04
     100 4.3221E-02 6.2023E-04  (-1.302E-03, -5.859E-02,   0.00    ) |  6.202E-04 6.782E-04
     101 4.3841E-02 6.2024E-04  (-1.302E-03, -5.859E-02,   0.00    ) |  6.202E-04 6.782E-04
     102 4.4462E-02 6.2025E-04  (-1.302E-03, -5.859E-02,   0.00    ) |  6.202E-04 6.782E-04
     103 4.5082E-02 6.2026E-04  (-1.302E-03, -5.859E-02,   0.00    ) |  6.203E-04 6.782E-04
     104 4.5702E-02 6.2026E-04  (-1.302E-03, -5.859E-02,   0.00    ) |  6.203E-04 6.782E-04
     105 4.6322E-02 6.2027E-04  (-1.302E-03, -5.859E-02,   0.00    ) |  6.203E-04 6.782E-04
     106 4.6943E-02 6.2028E-04  ( 1.302E-03, -5.859E-02,   0.00    ) |  6.203E-04 6.782E-04
     107 4.7563E-02 6.2029E-04  ( 1.302E-03, -5.859E-02,   0.00    ) |  6.203E-04 6.782E-04
     108 4.8183E-02 6.2030E-04  ( 1.302E-03, -5.859E-02,   0.00    ) |  6.203E-04 6.782E-04
     109 4.8804E-02 6.2032E-04  ( 1.302E-03, -5.859E-02,   0.00    ) |  6.203E-04 6.782E-04
     110 4.9424E-02 6.2033E-04  ( 1.302E-03, -5.859E-02,   0.00    ) |  6.203E-04 6.782E-04
 *** Wrote plotfile to flash_run_hdf5_plt_cnt_0002 ****
     111 5.0044E-02 6.2034E-04  ( 1.302E-03,  5.859E-02,   0.00    ) |  6.203E-04 6.782E-04
     112 5.0665E-02 6.2035E-04  (-1.302E-03, -5.859E-02,   0.00    ) |  6.203E-04 6.782E-04
     113 5.1285E-02 6.2036E-04  (-1.302E-03, -5.859E-02,   0.00    ) |  6.204E-04 6.782E-04
     114 5.1905E-02 6.2037E-04  (-1.302E-03, -5.859E-02,   0.00    ) |  6.204E-04 6.782E-04
     115 5.2526E-02 6.2039E-04  (-1.302E-03, -5.859E-02,   0.00    ) |  6.204E-04 6.782E-04
     116 5.3146E-02 6.2040E-04  (-1.302E-03, -5.859E-02,   0.00    ) |  6.204E-04 6.782E-04
     117 5.3766E-02 6.2041E-04  ( 1.302E-03, -5.859E-02,   0.00    ) |  6.204E-04 6.782E-04
     118 5.4387E-02 6.2042E-04  (-1.302E-03, -5.859E-02,   0.00    ) |  6.204E-04 6.782E-04
     119 5.5007E-02 6.2044E-04  (-1.302E-03, -5.859E-02,   0.00    ) |  6.204E-04 6.782E-04
     120 5.5628E-02 6.2045E-04  ( 1.302E-03, -5.859E-02,   0.00    ) |  6.204E-04 6.782E-04
     121 5.6248E-02 6.2046E-04  ( 1.302E-03, -5.859E-02,   0.00    ) |  6.205E-04 6.782E-04
     122 5.6869E-02 6.2047E-04  ( 1.302E-03, -5.859E-02,   0.00    ) |  6.205E-04 6.782E-04
     123 5.7489E-02 6.2049E-04  ( 1.302E-03, -5.859E-02,   0.00    ) |  6.205E-04 6.782E-04
     124 5.8110E-02 6.2050E-04  (-1.302E-03, -5.859E-02,   0.00    ) |  6.205E-04 6.782E-04
     125 5.8730E-02 6.2052E-04  (-1.302E-03, -5.859E-02,   0.00    ) |  6.205E-04 6.782E-04
     126 5.9351E-02 6.2053E-04  (-1.302E-03, -5.859E-02,   0.00    ) |  6.205E-04 6.782E-04
     127 5.9971E-02 6.2054E-04  (-1.302E-03, -5.859E-02,   0.00    ) |  6.205E-04 6.782E-04
     128 6.0592E-02 6.2056E-04  (-1.302E-03, -5.859E-02,   0.00    ) |  6.206E-04 6.782E-04
     129 6.1212E-02 6.2057E-04  ( 1.302E-03, -5.859E-02,   0.00    ) |  6.206E-04 6.782E-04
     130 6.1833E-02 6.2058E-04  (-1.302E-03, -5.859E-02,   0.00    ) |  6.206E-04 6.782E-04
     131 6.2453E-02 6.2059E-04  (-1.302E-03, -5.859E-02,   0.00    ) |  6.206E-04 6.782E-04
     132 6.3074E-02 6.2061E-04  (-1.302E-03,  5.859E-02,   0.00    ) |  6.206E-04 6.782E-04
     133 6.3695E-02 6.2062E-04  (-1.302E-03, -5.859E-02,   0.00    ) |  6.206E-04 6.782E-04
     134 6.4315E-02 6.2063E-04  (-1.302E-03, -5.859E-02,   0.00    ) |  6.206E-04 6.782E-04
     135 6.4936E-02 6.2065E-04  ( 1.302E-03, -5.859E-02,   0.00    ) |  6.206E-04 6.782E-04
     136 6.5557E-02 6.2066E-04  (-1.302E-03, -5.859E-02,   0.00    ) |  6.207E-04 6.782E-04
     137 6.6177E-02 6.2067E-04  (-1.302E-03, -5.859E-02,   0.00    ) |  6.207E-04 6.782E-04
     138 6.6798E-02 6.2069E-04  (-1.302E-03, -5.859E-02,   0.00    ) |  6.207E-04 6.782E-04
     139 6.7419E-02 6.2070E-04  (-1.302E-03, -5.859E-02,   0.00    ) |  6.207E-04 6.782E-04
     140 6.8039E-02 6.2071E-04  (-1.302E-03, -5.859E-02,   0.00    ) |  6.207E-04 6.782E-04
     141 6.8660E-02 6.2073E-04  ( 1.302E-03, -5.859E-02,   0.00    ) |  6.207E-04 6.782E-04
     142 6.9281E-02 6.2074E-04  (-1.302E-03, -5.859E-02,   0.00    ) |  6.207E-04 6.782E-04
     143 6.9901E-02 6.2075E-04  (-1.302E-03, -5.859E-02,   0.00    ) |  6.208E-04 6.782E-04
     144 7.0522E-02 6.2077E-04  ( 1.302E-03, -5.859E-02,   0.00    ) |  6.208E-04 6.782E-04
     145 7.1143E-02 6.2078E-04  ( 1.302E-03, -5.859E-02,   0.00    ) |  6.208E-04 6.782E-04
     146 7.1764E-02 6.2079E-04  ( 1.302E-03, -5.859E-02,   0.00    ) |  6.208E-04 6.782E-04
     147 7.2385E-02 6.2081E-04  ( 1.302E-03, -5.859E-02,   0.00    ) |  6.208E-04 6.782E-04
     148 7.3005E-02 6.2082E-04  ( 1.302E-03, -5.859E-02,   0.00    ) |  6.208E-04 6.782E-04
     149 7.3626E-02 6.2083E-04  (-1.302E-03, -5.859E-02,   0.00    ) |  6.208E-04 6.782E-04
     150 7.4247E-02 6.2085E-04  ( 1.302E-03, -5.859E-02,   0.00    ) |  6.208E-04 6.782E-04
     151 7.4868E-02 6.2086E-04  ( 1.302E-03,  6.120E-02,   0.00    ) |  6.209E-04 6.782E-04
 *** Wrote plotfile to flash_run_hdf5_plt_cnt_0003 ****
     152 7.5489E-02 6.2087E-04  (-1.302E-03,  6.120E-02,   0.00    ) |  6.209E-04 6.782E-04
     153 7.6110E-02 6.2088E-04  ( 1.302E-03,  6.120E-02,   0.00    ) |  6.209E-04 6.782E-04
     154 7.6730E-02 6.2090E-04  ( 1.302E-03,  6.120E-02,   0.00    ) |  6.209E-04 6.782E-04
     155 7.7351E-02 6.2091E-04  ( 1.302E-03,  6.120E-02,   0.00    ) |  6.209E-04 6.782E-04
     156 7.7972E-02 6.2092E-04  ( 1.302E-03,  6.120E-02,   0.00    ) |  6.209E-04 6.782E-04
     157 7.8593E-02 6.2094E-04  ( 1.302E-03,  6.120E-02,   0.00    ) |  6.209E-04 6.782E-04
     158 7.9214E-02 6.2095E-04  ( 1.302E-03,  6.120E-02,   0.00    ) |  6.209E-04 6.782E-04
     159 7.9835E-02 6.2096E-04  ( 1.302E-03,  6.120E-02,   0.00    ) |  6.210E-04 6.782E-04
     160 8.0456E-02 6.2097E-04  ( 1.302E-03,  6.120E-02,   0.00    ) |  6.210E-04 6.782E-04
     161 8.1077E-02 6.2099E-04  ( 1.302E-03,  6.120E-02,   0.00    ) |  6.210E-04 6.782E-04
     162 8.1698E-02 6.2100E-04  ( 1.302E-03,  6.120E-02,   0.00    ) |  6.210E-04 6.782E-04
     163 8.2319E-02 6.2101E-04  ( 1.302E-03,  6.120E-02,   0.00    ) |  6.210E-04 6.782E-04
     164 8.2940E-02 6.2103E-04  ( 1.302E-03,  6.120E-02,   0.00    ) |  6.210E-04 6.782E-04
     165 8.3561E-02 6.2104E-04  ( 1.302E-03,  6.120E-02,   0.00    ) |  6.210E-04 6.782E-04
     166 8.4182E-02 6.2105E-04  ( 1.302E-03,  6.120E-02,   0.00    ) |  6.211E-04 6.782E-04
     167 8.4803E-02 6.2107E-04  ( 1.302E-03,  6.120E-02,   0.00    ) |  6.211E-04 6.782E-04
     168 8.5424E-02 6.2108E-04  ( 1.302E-03,  6.120E-02,   0.00    ) |  6.211E-04 6.782E-04
     169 8.6045E-02 6.2109E-04  ( 1.302E-03,  6.120E-02,   0.00    ) |  6.211E-04 6.782E-04
     170 8.6666E-02 6.2111E-04  ( 1.302E-03,  6.120E-02,   0.00    ) |  6.211E-04 6.782E-04
     171 8.7287E-02 6.2112E-04  ( 1.302E-03,  6.120E-02,   0.00    ) |  6.211E-04 6.782E-04
     172 8.7909E-02 6.2114E-04  ( 1.302E-03,  6.120E-02,   0.00    ) |  6.211E-04 6.782E-04
     173 8.8530E-02 6.2115E-04  ( 1.302E-03,  6.120E-02,   0.00    ) |  6.211E-04 6.782E-04
     174 8.9151E-02 6.2116E-04  ( 1.302E-03,  6.120E-02,   0.00    ) |  6.212E-04 6.782E-04
     175 8.9772E-02 6.2118E-04  ( 1.302E-03,  6.120E-02,   0.00    ) |  6.212E-04 6.782E-04
     176 9.0393E-02 6.2119E-04  ( 1.302E-03,  6.120E-02,   0.00    ) |  6.212E-04 6.782E-04
     177 9.1014E-02 6.2120E-04  ( 1.302E-03,  6.120E-02,   0.00    ) |  6.212E-04 6.782E-04
     178 9.1636E-02 6.2122E-04  ( 1.302E-03,  6.120E-02,   0.00    ) |  6.212E-04 6.782E-04
     179 9.2257E-02 6.2123E-04  ( 1.302E-03,  6.120E-02,   0.00    ) |  6.212E-04 6.782E-04
     180 9.2878E-02 6.2125E-04  ( 1.302E-03,  6.120E-02,   0.00    ) |  6.212E-04 6.782E-04
     181 9.3499E-02 6.2126E-04  ( 1.302E-03,  6.120E-02,   0.00    ) |  6.213E-04 6.782E-04
     182 9.4121E-02 6.2127E-04  ( 1.302E-03,  6.120E-02,   0.00    ) |  6.213E-04 6.782E-04
     183 9.4742E-02 6.2129E-04  ( 1.302E-03,  6.120E-02,   0.00    ) |  6.213E-04 6.782E-04
     184 9.5363E-02 6.2130E-04  ( 1.302E-03,  6.120E-02,   0.00    ) |  6.213E-04 6.782E-04
     185 9.5984E-02 6.2132E-04  ( 1.302E-03,  6.120E-02,   0.00    ) |  6.213E-04 6.782E-04
     186 9.6606E-02 6.2133E-04  ( 1.302E-03,  6.120E-02,   0.00    ) |  6.213E-04 6.782E-04
     187 9.7227E-02 6.2134E-04  ( 1.302E-03,  6.120E-02,   0.00    ) |  6.213E-04 6.782E-04
     188 9.7848E-02 6.2136E-04  ( 1.302E-03,  6.120E-02,   0.00    ) |  6.214E-04 6.782E-04
     189 9.8470E-02 6.2137E-04  ( 1.302E-03,  6.120E-02,   0.00    ) |  6.214E-04 6.782E-04
     190 9.9091E-02 6.2139E-04  ( 1.302E-03,  6.120E-02,   0.00    ) |  6.214E-04 6.782E-04
     191 9.9713E-02 6.2140E-04  ( 1.302E-03,  6.120E-02,   0.00    ) |  6.214E-04 6.782E-04
 *** Wrote plotfile to flash_run_hdf5_plt_cnt_0004 ****
     192 1.0033E-01 6.2142E-04  ( 1.302E-03,  6.120E-02,   0.00    ) |  6.214E-04 6.782E-04
     193 1.0096E-01 6.2143E-04  ( 1.302E-03,  6.120E-02,   0.00    ) |  6.214E-04 6.782E-04
     194 1.0158E-01 6.2145E-04  ( 1.302E-03,  6.120E-02,   0.00    ) |  6.214E-04 6.782E-04
     195 1.0220E-01 6.2146E-04  ( 1.302E-03,  6.120E-02,   0.00    ) |  6.215E-04 6.782E-04
     196 1.0282E-01 6.2147E-04  ( 1.302E-03,  6.120E-02,   0.00    ) |  6.215E-04 6.782E-04
     197 1.0344E-01 6.2140E-04  ( 0.243    , -1.302E-03,   0.00    ) |  6.214E-04 6.782E-04
     198 1.0406E-01 6.2118E-04  ( 0.243    , -1.302E-03,   0.00    ) |  6.212E-04 6.782E-04
     199 1.0468E-01 6.2097E-04  ( 0.243    , -1.302E-03,   0.00    ) |  6.210E-04 6.782E-04
     200 1.0530E-01 6.2076E-04  ( 0.243    , -1.302E-03,   0.00    ) |  6.208E-04 6.782E-04
     201 1.0593E-01 6.2055E-04  (-0.243    , -1.302E-03,   0.00    ) |  6.206E-04 6.782E-04
     202 1.0655E-01 6.2035E-04  ( 0.243    , -1.302E-03,   0.00    ) |  6.203E-04 6.782E-04
     203 1.0717E-01 6.2014E-04  ( 0.243    , -1.302E-03,   0.00    ) |  6.201E-04 6.782E-04
     204 1.0779E-01 6.1993E-04  ( 0.243    , -1.302E-03,   0.00    ) |  6.199E-04 6.782E-04
     205 1.0841E-01 6.1972E-04  ( 0.243    , -1.302E-03,   0.00    ) |  6.197E-04 6.782E-04
     206 1.0903E-01 6.1951E-04  ( 0.243    , -1.302E-03,   0.00    ) |  6.195E-04 6.782E-04
     207 1.0965E-01 6.1931E-04  ( 0.243    , -1.302E-03,   0.00    ) |  6.193E-04 6.782E-04
     208 1.1026E-01 6.1910E-04  ( 0.243    , -1.302E-03,   0.00    ) |  6.191E-04 6.782E-04
     209 1.1088E-01 6.1890E-04  ( 0.243    , -1.302E-03,   0.00    ) |  6.189E-04 6.782E-04
     210 1.1150E-01 6.1869E-04  ( 0.243    , -1.302E-03,   0.00    ) |  6.187E-04 6.782E-04
     211 1.1212E-01 6.1848E-04  ( 0.243    , -1.302E-03,   0.00    ) |  6.185E-04 6.782E-04
     212 1.1274E-01 6.1828E-04  ( 0.243    , -1.302E-03,   0.00    ) |  6.183E-04 6.782E-04
     213 1.1336E-01 6.1808E-04  ( 0.243    , -1.302E-03,   0.00    ) |  6.181E-04 6.782E-04
     214 1.1398E-01 6.1787E-04  ( 0.243    , -1.302E-03,   0.00    ) |  6.179E-04 6.782E-04
     215 1.1459E-01 6.1767E-04  ( 0.243    , -1.302E-03,   0.00    ) |  6.177E-04 6.782E-04
     216 1.1521E-01 6.1747E-04  ( 0.243    , -1.302E-03,   0.00    ) |  6.175E-04 6.782E-04
     217 1.1583E-01 6.1727E-04  ( 0.243    , -1.302E-03,   0.00    ) |  6.173E-04 6.782E-04
     218 1.1645E-01 6.1706E-04  ( 0.243    , -1.302E-03,   0.00    ) |  6.171E-04 6.782E-04
     219 1.1706E-01 6.1686E-04  (-0.243    , -1.302E-03,   0.00    ) |  6.169E-04 6.782E-04
     220 1.1768E-01 6.1666E-04  (-0.243    , -1.302E-03,   0.00    ) |  6.167E-04 6.782E-04
     221 1.1830E-01 6.1646E-04  (-0.243    , -1.302E-03,   0.00    ) |  6.165E-04 6.782E-04
     222 1.1891E-01 6.1626E-04  (-0.243    , -1.302E-03,   0.00    ) |  6.163E-04 6.782E-04
     223 1.1953E-01 6.1606E-04  ( 0.243    , -1.302E-03,   0.00    ) |  6.161E-04 6.782E-04
     224 1.2015E-01 6.1587E-04  ( 0.243    , -1.302E-03,   0.00    ) |  6.159E-04 6.782E-04
     225 1.2076E-01 6.1567E-04  ( 0.243    , -1.302E-03,   0.00    ) |  6.157E-04 6.782E-04
     226 1.2138E-01 6.1547E-04  ( 0.243    , -1.302E-03,   0.00    ) |  6.155E-04 6.782E-04
     227 1.2199E-01 6.1527E-04  (-0.243    , -1.302E-03,   0.00    ) |  6.153E-04 6.782E-04
     228 1.2261E-01 6.1508E-04  (-0.243    , -1.302E-03,   0.00    ) |  6.151E-04 6.782E-04
     229 1.2322E-01 6.1488E-04  (-0.243    , -1.302E-03,   0.00    ) |  6.149E-04 6.782E-04
     230 1.2384E-01 6.1468E-04  ( 0.243    , -1.302E-03,   0.00    ) |  6.147E-04 6.782E-04
     231 1.2445E-01 6.1449E-04  ( 0.243    , -1.302E-03,   0.00    ) |  6.145E-04 6.782E-04
 *** Wrote plotfile to flash_run_hdf5_plt_cnt_0005 ****
     232 1.2507E-01 6.1429E-04  ( 0.246    , -1.302E-03,   0.00    ) |  6.143E-04 6.782E-04
     233 1.2568E-01 6.1410E-04  ( 0.246    , -1.302E-03,   0.00    ) |  6.141E-04 6.782E-04
     234 1.2630E-01 6.1391E-04  ( 0.246    , -1.302E-03,   0.00    ) |  6.139E-04 6.782E-04
     235 1.2691E-01 6.1371E-04  ( 0.246    , -1.302E-03,   0.00    ) |  6.137E-04 6.782E-04
     236 1.2752E-01 6.1352E-04  ( 0.246    , -1.302E-03,   0.00    ) |  6.135E-04 6.782E-04
     237 1.2814E-01 6.1333E-04  ( 0.246    , -1.302E-03,   0.00    ) |  6.133E-04 6.782E-04
     238 1.2875E-01 6.1314E-04  ( 0.246    , -1.302E-03,   0.00    ) |  6.131E-04 6.782E-04
     239 1.2936E-01 6.1295E-04  ( 0.246    , -1.302E-03,   0.00    ) |  6.129E-04 6.782E-04
     240 1.2998E-01 6.1275E-04  ( 0.246    , -1.302E-03,   0.00    ) |  6.128E-04 6.782E-04
     241 1.3059E-01 6.1256E-04  ( 0.246    , -1.302E-03,   0.00    ) |  6.126E-04 6.782E-04
     242 1.3120E-01 6.1237E-04  ( 0.246    , -1.302E-03,   0.00    ) |  6.124E-04 6.782E-04
     243 1.3181E-01 6.1219E-04  ( 0.246    , -1.302E-03,   0.00    ) |  6.122E-04 6.782E-04
     244 1.3243E-01 6.1200E-04  ( 0.246    , -1.302E-03,   0.00    ) |  6.120E-04 6.782E-04
     245 1.3304E-01 6.1181E-04  ( 0.246    , -1.302E-03,   0.00    ) |  6.118E-04 6.782E-04
     246 1.3365E-01 6.1162E-04  ( 0.246    , -1.302E-03,   0.00    ) |  6.116E-04 6.782E-04
     247 1.3426E-01 6.1143E-04  ( 0.246    , -1.302E-03,   0.00    ) |  6.114E-04 6.782E-04
     248 1.3487E-01 6.1125E-04  ( 0.246    , -1.302E-03,   0.00    ) |  6.112E-04 6.782E-04
     249 1.3548E-01 6.1106E-04  ( 0.246    , -1.302E-03,   0.00    ) |  6.111E-04 6.782E-04
     250 1.3610E-01 6.1087E-04  ( 0.246    , -1.302E-03,   0.00    ) |  6.109E-04 6.782E-04
     251 1.3671E-01 6.1069E-04  ( 0.246    , -1.302E-03,   0.00    ) |  6.107E-04 6.782E-04
     252 1.3732E-01 6.1050E-04  ( 0.246    , -1.302E-03,   0.00    ) |  6.105E-04 6.782E-04
     253 1.3793E-01 6.1032E-04  ( 0.246    , -1.302E-03,   0.00    ) |  6.103E-04 6.782E-04
     254 1.3854E-01 6.1014E-04  ( 0.246    , -1.302E-03,   0.00    ) |  6.101E-04 6.782E-04
     255 1.3915E-01 6.0995E-04  ( 0.246    , -1.302E-03,   0.00    ) |  6.100E-04 6.782E-04
     256 1.3976E-01 6.0977E-04  ( 0.246    , -1.302E-03,   0.00    ) |  6.098E-04 6.782E-04
     257 1.4037E-01 6.0959E-04  ( 0.246    , -1.302E-03,   0.00    ) |  6.096E-04 6.782E-04
     258 1.4098E-01 6.0941E-04  (-0.246    ,  1.302E-03,   0.00    ) |  6.094E-04 6.782E-04
     259 1.4159E-01 6.0922E-04  ( 0.246    , -1.302E-03,   0.00    ) |  6.092E-04 6.782E-04
     260 1.4220E-01 6.0904E-04  (-0.246    , -1.302E-03,   0.00    ) |  6.090E-04 6.782E-04
     261 1.4281E-01 6.0886E-04  (-0.246    , -1.302E-03,   0.00    ) |  6.089E-04 6.782E-04
     262 1.4341E-01 6.0868E-04  (-0.246    ,  1.302E-03,   0.00    ) |  6.087E-04 6.782E-04
     263 1.4402E-01 6.0850E-04  (-0.246    , -1.302E-03,   0.00    ) |  6.085E-04 6.782E-04
     264 1.4463E-01 6.0832E-04  (-0.246    , -1.302E-03,   0.00    ) |  6.083E-04 6.782E-04
     265 1.4524E-01 6.0815E-04  ( 0.246    , -1.302E-03,   0.00    ) |  6.081E-04 6.782E-04
     266 1.4585E-01 6.0797E-04  (-0.246    ,  1.302E-03,   0.00    ) |  6.080E-04 6.782E-04
     267 1.4646E-01 6.0779E-04  ( 0.246    , -1.302E-03,   0.00    ) |  6.078E-04 6.782E-04
     268 1.4706E-01 6.0761E-04  (-0.246    ,  1.302E-03,   0.00    ) |  6.076E-04 6.782E-04
     269 1.4767E-01 6.0744E-04  ( 0.246    , -1.302E-03,   0.00    ) |  6.074E-04 6.782E-04
     270 1.4828E-01 6.0726E-04  ( 0.246    , -1.302E-03,   0.00    ) |  6.073E-04 6.782E-04
     271 1.4889E-01 6.0708E-04  (-0.246    , -1.302E-03,   0.00    ) |  6.071E-04 6.782E-04
     272 1.4949E-01 6.0691E-04  ( 0.246    , -1.302E-03,   0.00    ) |  6.069E-04 6.782E-04
 *** Wrote plotfile to flash_run_hdf5_plt_cnt_0006 ****
     273 1.5010E-01 6.0673E-04  ( 0.246    , -1.302E-03,   0.00    ) |  6.067E-04 6.782E-04
     274 1.5071E-01 6.0656E-04  ( 0.246    , -1.302E-03,   0.00    ) |  6.066E-04 6.782E-04
     275 1.5131E-01 6.0639E-04  ( 0.246    , -1.302E-03,   0.00    ) |  6.064E-04 6.782E-04
     276 1.5192E-01 6.0621E-04  (-0.246    , -1.302E-03,   0.00    ) |  6.062E-04 6.782E-04
     277 1.5253E-01 6.0604E-04  ( 0.246    , -1.302E-03,   0.00    ) |  6.060E-04 6.782E-04
     278 1.5313E-01 6.0587E-04  ( 0.246    , -1.302E-03,   0.00    ) |  6.059E-04 6.782E-04
     279 1.5374E-01 6.0570E-04  ( 0.246    , -1.302E-03,   0.00    ) |  6.057E-04 6.782E-04
     280 1.5434E-01 6.0552E-04  ( 0.246    , -1.302E-03,   0.00    ) |  6.055E-04 6.782E-04
     281 1.5495E-01 6.0535E-04  ( 0.249    , -1.302E-03,   0.00    ) |  6.054E-04 6.782E-04
     282 1.5555E-01 6.0518E-04  ( 0.249    , -1.302E-03,   0.00    ) |  6.052E-04 6.782E-04
     283 1.5616E-01 6.0501E-04  (-0.249    ,  1.302E-03,   0.00    ) |  6.050E-04 6.782E-04
     284 1.5676E-01 6.0484E-04  (-0.249    ,  1.302E-03,   0.00    ) |  6.048E-04 6.782E-04
     285 1.5737E-01 6.0467E-04  (-0.249    ,  1.302E-03,   0.00    ) |  6.047E-04 6.782E-04
     286 1.5797E-01 6.0450E-04  ( 0.249    , -1.302E-03,   0.00    ) |  6.045E-04 6.782E-04
     287 1.5858E-01 6.0433E-04  ( 0.249    , -1.302E-03,   0.00    ) |  6.043E-04 6.782E-04
     288 1.5918E-01 6.0416E-04  ( 0.249    , -1.302E-03,   0.00    ) |  6.042E-04 6.782E-04
     289 1.5979E-01 6.0400E-04  ( 0.249    , -1.302E-03,   0.00    ) |  6.040E-04 6.782E-04
     290 1.6039E-01 6.0383E-04  ( 0.249    , -1.302E-03,   0.00    ) |  6.038E-04 6.782E-04
     291 1.6099E-01 6.0366E-04  ( 0.249    , -1.302E-03,   0.00    ) |  6.037E-04 6.782E-04
     292 1.6160E-01 6.0349E-04  ( 0.249    , -1.302E-03,   0.00    ) |  6.035E-04 6.782E-04
     293 1.6220E-01 6.0333E-04  ( 0.249    , -1.302E-03,   0.00    ) |  6.033E-04 6.782E-04
     294 1.6281E-01 6.0316E-04  ( 0.249    , -1.302E-03,   0.00    ) |  6.032E-04 6.782E-04
     295 1.6341E-01 6.0300E-04  ( 0.249    , -1.302E-03,   0.00    ) |  6.030E-04 6.782E-04
     296 1.6401E-01 6.0283E-04  ( 0.249    , -1.302E-03,   0.00    ) |  6.028E-04 6.782E-04
     297 1.6461E-01 6.0267E-04  ( 0.249    , -1.302E-03,   0.00    ) |  6.027E-04 6.782E-04
     298 1.6522E-01 6.0250E-04  ( 0.249    , -1.302E-03,   0.00    ) |  6.025E-04 6.782E-04
     299 1.6582E-01 6.0234E-04  ( 0.249    , -1.302E-03,   0.00    ) |  6.023E-04 6.782E-04
     300 1.6642E-01 6.0217E-04  ( 0.249    , -1.302E-03,   0.00    ) |  6.022E-04 6.782E-04
     301 1.6702E-01 6.0201E-04  ( 0.249    , -1.302E-03,   0.00    ) |  6.020E-04 6.782E-04
     302 1.6763E-01 6.0185E-04  ( 0.249    , -1.302E-03,   0.00    ) |  6.018E-04 6.782E-04
     303 1.6823E-01 6.0169E-04  ( 0.249    , -1.302E-03,   0.00    ) |  6.017E-04 6.782E-04
     304 1.6883E-01 6.0152E-04  (-0.249    ,  1.302E-03,   0.00    ) |  6.015E-04 6.782E-04
     305 1.6943E-01 6.0136E-04  (-0.249    ,  1.302E-03,   0.00    ) |  6.014E-04 6.782E-04
     306 1.7003E-01 6.0120E-04  (-0.249    ,  1.302E-03,   0.00    ) |  6.012E-04 6.782E-04
     307 1.7063E-01 6.0104E-04  ( 0.249    , -1.302E-03,   0.00    ) |  6.010E-04 6.782E-04
     308 1.7123E-01 6.0088E-04  (-0.249    ,  1.302E-03,   0.00    ) |  6.009E-04 6.782E-04
     309 1.7184E-01 6.0072E-04  (-0.249    ,  1.302E-03,   0.00    ) |  6.007E-04 6.782E-04
     310 1.7244E-01 6.0056E-04  (-0.249    ,  1.302E-03,   0.00    ) |  6.006E-04 6.782E-04
     311 1.7304E-01 6.0040E-04  (-0.249    ,  1.302E-03,   0.00    ) |  6.004E-04 6.782E-04
     312 1.7364E-01 6.0024E-04  (-0.249    ,  1.302E-03,   0.00    ) |  6.002E-04 6.782E-04
     313 1.7424E-01 6.0008E-04  (-0.249    ,  1.302E-03,   0.00    ) |  6.001E-04 6.782E-04
     314 1.7484E-01 5.9992E-04  (-0.249    ,  1.302E-03,   0.00    ) |  5.999E-04 6.782E-04
 *** Wrote plotfile to flash_run_hdf5_plt_cnt_0007 ****
     315 1.7544E-01 5.9976E-04  (-0.249    ,  1.302E-03,   0.00    ) |  5.998E-04 6.782E-04
     316 1.7604E-01 5.9961E-04  ( 0.249    , -1.302E-03,   0.00    ) |  5.996E-04 6.782E-04
     317 1.7664E-01 5.9945E-04  ( 0.249    , -1.302E-03,   0.00    ) |  5.994E-04 6.782E-04
     318 1.7724E-01 5.9929E-04  (-0.249    ,  1.302E-03,   0.00    ) |  5.993E-04 6.782E-04
     319 1.7784E-01 5.9913E-04  ( 0.249    , -1.302E-03,   0.00    ) |  5.991E-04 6.782E-04
     320 1.7843E-01 5.9898E-04  (-0.249    ,  1.302E-03,   0.00    ) |  5.990E-04 6.782E-04
     321 1.7903E-01 5.9882E-04  (-0.249    ,  1.302E-03,   0.00    ) |  5.988E-04 6.782E-04
     322 1.7963E-01 5.9866E-04  (-0.249    ,  1.302E-03,   0.00    ) |  5.987E-04 6.782E-04
     323 1.8023E-01 5.9851E-04  (-0.249    ,  1.302E-03,   0.00    ) |  5.985E-04 6.782E-04
     324 1.8083E-01 5.9835E-04  (-0.249    ,  1.302E-03,   0.00    ) |  5.984E-04 6.782E-04
     325 1.8143E-01 5.9820E-04  (-0.249    ,  1.302E-03,   0.00    ) |  5.982E-04 6.782E-04
     326 1.8203E-01 5.9804E-04  (-0.249    , -1.302E-03,   0.00    ) |  5.980E-04 6.782E-04
     327 1.8262E-01 5.9789E-04  (-0.249    , -1.302E-03,   0.00    ) |  5.979E-04 6.782E-04
     328 1.8322E-01 5.9773E-04  (-0.249    , -1.302E-03,   0.00    ) |  5.977E-04 6.782E-04
     329 1.8382E-01 5.9758E-04  (-0.249    , -1.302E-03,   0.00    ) |  5.976E-04 6.782E-04
     330 1.8442E-01 5.9743E-04  (-0.249    , -1.302E-03,   0.00    ) |  5.974E-04 6.782E-04
     331 1.8501E-01 5.9727E-04  (-0.249    ,  1.302E-03,   0.00    ) |  5.973E-04 6.782E-04
     332 1.8561E-01 5.9712E-04  (-0.249    ,  1.302E-03,   0.00    ) |  5.971E-04 6.782E-04
     333 1.8621E-01 5.9697E-04  ( 0.249    , -1.302E-03,   0.00    ) |  5.970E-04 6.782E-04
     334 1.8681E-01 5.9681E-04  ( 0.249    , -1.302E-03,   0.00    ) |  5.968E-04 6.782E-04
     335 1.8740E-01 5.9666E-04  ( 0.249    , -1.302E-03,   0.00    ) |  5.967E-04 6.782E-04
     336 1.8800E-01 5.9651E-04  (-0.249    , -1.302E-03,   0.00    ) |  5.965E-04 6.782E-04
     337 1.8860E-01 5.9636E-04  (-0.249    , -1.302E-03,   0.00    ) |  5.964E-04 6.782E-04
     338 1.8919E-01 5.9621E-04  (-0.249    , -1.302E-03,   0.00    ) |  5.962E-04 6.782E-04
     339 1.8979E-01 5.9605E-04  (-0.249    ,  1.302E-03,   0.00    ) |  5.961E-04 6.782E-04
     340 1.9038E-01 5.9590E-04  ( 0.249    , -1.302E-03,   0.00    ) |  5.959E-04 6.782E-04
     341 1.9098E-01 5.9575E-04  (-0.249    ,  1.302E-03,   0.00    ) |  5.958E-04 6.782E-04
     342 1.9158E-01 5.9560E-04  (-0.249    , -1.302E-03,   0.00    ) |  5.956E-04 6.782E-04
     343 1.9217E-01 5.9545E-04  (-0.249    , -1.302E-03,   0.00    ) |  5.955E-04 6.782E-04
     344 1.9277E-01 5.9530E-04  (-0.249    , -1.302E-03,   0.00    ) |  5.953E-04 6.782E-04
     345 1.9336E-01 5.9515E-04  ( 0.249    , -1.302E-03,   0.00    ) |  5.952E-04 6.782E-04
     346 1.9396E-01 5.9500E-04  (-0.249    , -1.302E-03,   0.00    ) |  5.950E-04 6.782E-04
     347 1.9455E-01 5.9485E-04  ( 0.249    , -1.302E-03,   0.00    ) |  5.949E-04 6.782E-04
     348 1.9515E-01 5.9470E-04  (-0.249    , -1.302E-03,   0.00    ) |  5.947E-04 6.782E-04
     349 1.9574E-01 5.9455E-04  (-0.249    , -1.302E-03,   0.00    ) |  5.946E-04 6.782E-04
     350 1.9634E-01 5.9440E-04  (-0.249    , -1.302E-03,   0.00    ) |  5.944E-04 6.782E-04
     351 1.9693E-01 5.9425E-04  (-0.249    , -1.302E-03,   0.00    ) |  5.943E-04 6.782E-04
     352 1.9753E-01 5.9411E-04  (-0.249    , -1.302E-03,   0.00    ) |  5.941E-04 6.782E-04
     353 1.9812E-01 5.9396E-04  (-0.249    , -1.302E-03,   0.00    ) |  5.940E-04 6.782E-04
     354 1.9871E-01 5.9381E-04  (-0.249    , -1.302E-03,   0.00    ) |  5.938E-04 6.782E-04
     355 1.9931E-01 5.9366E-04  (-0.249    , -1.302E-03,   0.00    ) |  5.937E-04 6.782E-04
     356 1.9990E-01 5.9351E-04  (-0.249    , -1.302E-03,   0.00    ) |  5.935E-04 6.782E-04
 *** Wrote plotfile to flash_run_hdf5_plt_cnt_0008 ****
     357 2.0049E-01 5.9337E-04  (-0.249    , -1.302E-03,   0.00    ) |  5.934E-04 6.782E-04
     358 2.0109E-01 5.9322E-04  (-0.249    , -1.302E-03,   0.00    ) |  5.932E-04 6.782E-04
     359 2.0168E-01 5.9307E-04  (-0.249    , -1.302E-03,   0.00    ) |  5.931E-04 6.782E-04
     360 2.0227E-01 5.9292E-04  (-0.249    , -1.302E-03,   0.00    ) |  5.929E-04 6.782E-04
     361 2.0287E-01 5.9278E-04  ( 0.249    , -1.302E-03,   0.00    ) |  5.928E-04 6.782E-04
     362 2.0346E-01 5.9263E-04  ( 0.249    , -1.302E-03,   0.00    ) |  5.926E-04 6.782E-04
     363 2.0405E-01 5.9248E-04  (-0.249    , -1.302E-03,   0.00    ) |  5.925E-04 6.782E-04
     364 2.0465E-01 5.9234E-04  (-0.249    , -1.302E-03,   0.00    ) |  5.923E-04 6.782E-04
     365 2.0524E-01 5.9219E-04  ( 0.246    , -1.302E-03,   0.00    ) |  5.922E-04 6.782E-04
     366 2.0583E-01 5.9205E-04  ( 0.246    , -1.302E-03,   0.00    ) |  5.920E-04 6.782E-04
     367 2.0642E-01 5.9190E-04  ( 0.246    , -1.302E-03,   0.00    ) |  5.919E-04 6.782E-04
     368 2.0701E-01 5.9175E-04  ( 0.246    , -1.302E-03,   0.00    ) |  5.918E-04 6.782E-04
     369 2.0761E-01 5.9161E-04  ( 0.246    , -1.302E-03,   0.00    ) |  5.916E-04 6.782E-04
     370 2.0820E-01 5.9146E-04  ( 0.246    , -1.302E-03,   0.00    ) |  5.915E-04 6.782E-04
     371 2.0879E-01 5.9132E-04  ( 0.246    , -1.302E-03,   0.00    ) |  5.913E-04 6.782E-04
     372 2.0938E-01 5.9117E-04  ( 0.246    , -1.302E-03,   0.00    ) |  5.912E-04 6.782E-04
     373 2.0997E-01 5.9103E-04  ( 0.246    , -1.302E-03,   0.00    ) |  5.910E-04 6.782E-04
     374 2.1056E-01 5.9088E-04  ( 0.246    , -1.302E-03,   0.00    ) |  5.909E-04 6.782E-04
     375 2.1115E-01 5.9074E-04  ( 0.246    , -1.302E-03,   0.00    ) |  5.907E-04 6.782E-04
     376 2.1174E-01 5.9060E-04  ( 0.246    , -1.302E-03,   0.00    ) |  5.906E-04 6.782E-04
     377 2.1233E-01 5.9045E-04  ( 0.246    , -1.302E-03,   0.00    ) |  5.905E-04 6.782E-04
     378 2.1292E-01 5.9031E-04  ( 0.246    , -1.302E-03,   0.00    ) |  5.903E-04 6.782E-04
     379 2.1351E-01 5.9016E-04  ( 0.246    , -1.302E-03,   0.00    ) |  5.902E-04 6.782E-04
     380 2.1411E-01 5.9002E-04  ( 0.246    , -1.302E-03,   0.00    ) |  5.900E-04 6.782E-04
     381 2.1470E-01 5.8988E-04  ( 0.246    , -1.302E-03,   0.00    ) |  5.899E-04 6.782E-04
     382 2.1528E-01 5.8973E-04  ( 0.246    , -1.302E-03,   0.00    ) |  5.897E-04 6.782E-04
     383 2.1587E-01 5.8959E-04  ( 0.246    , -1.302E-03,   0.00    ) |  5.896E-04 6.782E-04
     384 2.1646E-01 5.8945E-04  ( 0.246    , -1.302E-03,   0.00    ) |  5.894E-04 6.782E-04
     385 2.1705E-01 5.8931E-04  ( 0.246    , -1.302E-03,   0.00    ) |  5.893E-04 6.782E-04
     386 2.1764E-01 5.8916E-04  ( 0.246    , -1.302E-03,   0.00    ) |  5.892E-04 6.782E-04
     387 2.1823E-01 5.8902E-04  ( 0.246    , -1.302E-03,   0.00    ) |  5.890E-04 6.782E-04
     388 2.1882E-01 5.8888E-04  ( 0.246    , -1.302E-03,   0.00    ) |  5.889E-04 6.782E-04
     389 2.1941E-01 5.8874E-04  ( 0.246    , -1.302E-03,   0.00    ) |  5.887E-04 6.782E-04
     390 2.2000E-01 5.8860E-04  ( 0.246    , -1.302E-03,   0.00    ) |  5.886E-04 6.782E-04
     391 2.2059E-01 5.8846E-04  ( 0.246    , -1.302E-03,   0.00    ) |  5.885E-04 6.782E-04
     392 2.2118E-01 5.8831E-04  ( 0.246    , -1.302E-03,   0.00    ) |  5.883E-04 6.782E-04
     393 2.2176E-01 5.8817E-04  ( 0.249    , -1.302E-03,   0.00    ) |  5.882E-04 6.782E-04
     394 2.2235E-01 5.8803E-04  ( 0.249    , -1.302E-03,   0.00    ) |  5.880E-04 6.782E-04
     395 2.2294E-01 5.8789E-04  ( 0.249    , -1.302E-03,   0.00    ) |  5.879E-04 6.782E-04
     396 2.2353E-01 5.8775E-04  ( 0.249    , -1.302E-03,   0.00    ) |  5.877E-04 6.782E-04
     397 2.2412E-01 5.8761E-04  ( 0.249    , -1.302E-03,   0.00    ) |  5.876E-04 6.782E-04
     398 2.2470E-01 5.8747E-04  ( 0.249    , -1.302E-03,   0.00    ) |  5.875E-04 6.782E-04
 *** Wrote plotfile to flash_run_hdf5_plt_cnt_0009 ****
     399 2.2529E-01 5.8733E-04  ( 0.249    , -1.302E-03,   0.00    ) |  5.873E-04 6.782E-04
     400 2.2588E-01 5.8719E-04  ( 0.249    , -1.302E-03,   0.00    ) |  5.872E-04 6.782E-04
     401 2.2647E-01 5.8705E-04  ( 0.249    , -1.302E-03,   0.00    ) |  5.870E-04 6.782E-04
     402 2.2705E-01 5.8691E-04  ( 0.249    , -1.302E-03,   0.00    ) |  5.869E-04 6.782E-04
     403 2.2764E-01 5.8677E-04  ( 0.249    , -1.302E-03,   0.00    ) |  5.868E-04 6.782E-04
     404 2.2823E-01 5.8663E-04  ( 0.249    , -1.302E-03,   0.00    ) |  5.866E-04 6.782E-04
     405 2.2881E-01 5.8649E-04  ( 0.249    , -1.302E-03,   0.00    ) |  5.865E-04 6.782E-04
     406 2.2940E-01 5.8635E-04  ( 0.249    , -1.302E-03,   0.00    ) |  5.864E-04 6.782E-04
     407 2.2999E-01 5.8621E-04  ( 0.249    , -1.302E-03,   0.00    ) |  5.862E-04 6.782E-04
     408 2.3057E-01 5.8607E-04  ( 0.249    , -1.302E-03,   0.00    ) |  5.861E-04 6.782E-04
     409 2.3116E-01 5.8593E-04  ( 0.249    , -1.302E-03,   0.00    ) |  5.859E-04 6.782E-04
     410 2.3174E-01 5.8580E-04  ( 0.249    , -1.302E-03,   0.00    ) |  5.858E-04 6.782E-04
     411 2.3233E-01 5.8566E-04  ( 0.249    , -1.302E-03,   0.00    ) |  5.857E-04 6.782E-04
     412 2.3292E-01 5.8552E-04  ( 0.249    , -1.302E-03,   0.00    ) |  5.855E-04 6.782E-04
     413 2.3350E-01 5.8538E-04  ( 0.249    , -1.302E-03,   0.00    ) |  5.854E-04 6.782E-04
     414 2.3409E-01 5.8524E-04  ( 0.249    , -1.302E-03,   0.00    ) |  5.852E-04 6.782E-04
     415 2.3467E-01 5.8511E-04  ( 0.249    , -1.302E-03,   0.00    ) |  5.851E-04 6.782E-04
     416 2.3526E-01 5.8497E-04  ( 0.249    , -1.302E-03,   0.00    ) |  5.850E-04 6.782E-04
     417 2.3584E-01 5.8483E-04  ( 0.249    , -1.302E-03,   0.00    ) |  5.848E-04 6.782E-04
     418 2.3643E-01 5.8469E-04  ( 0.249    , -1.302E-03,   0.00    ) |  5.847E-04 6.782E-04
     419 2.3701E-01 5.8456E-04  ( 0.249    , -1.302E-03,   0.00    ) |  5.846E-04 6.782E-04
     420 2.3760E-01 5.8442E-04  (-0.249    ,  1.302E-03,   0.00    ) |  5.844E-04 6.782E-04
     421 2.3818E-01 5.8428E-04  (-0.249    ,  1.302E-03,   0.00    ) |  5.843E-04 6.782E-04
     422 2.3876E-01 5.8415E-04  (-0.249    ,  1.302E-03,   0.00    ) |  5.841E-04 6.782E-04
     423 2.3935E-01 5.8401E-04  ( 0.249    , -1.302E-03,   0.00    ) |  5.840E-04 6.782E-04
     424 2.3993E-01 5.8387E-04  ( 0.249    , -1.302E-03,   0.00    ) |  5.839E-04 6.782E-04
     425 2.4052E-01 5.8374E-04  ( 0.249    , -1.302E-03,   0.00    ) |  5.837E-04 6.782E-04
     426 2.4110E-01 5.8360E-04  ( 0.249    , -1.302E-03,   0.00    ) |  5.836E-04 6.782E-04
     427 2.4168E-01 5.8347E-04  ( 0.249    , -1.302E-03,   0.00    ) |  5.835E-04 6.782E-04
     428 2.4227E-01 5.8333E-04  ( 0.249    , -1.302E-03,   0.00    ) |  5.833E-04 6.782E-04
     429 2.4285E-01 5.8319E-04  ( 0.249    , -1.302E-03,   0.00    ) |  5.832E-04 6.782E-04
     430 2.4343E-01 5.8306E-04  ( 0.249    , -1.302E-03,   0.00    ) |  5.831E-04 6.782E-04
     431 2.4402E-01 5.8292E-04  ( 0.249    , -1.302E-03,   0.00    ) |  5.829E-04 6.782E-04
     432 2.4460E-01 5.8279E-04  ( 0.249    , -1.302E-03,   0.00    ) |  5.828E-04 6.782E-04
     433 2.4518E-01 5.8265E-04  ( 0.249    , -1.302E-03,   0.00    ) |  5.827E-04 6.782E-04
     434 2.4577E-01 5.8252E-04  (-0.249    ,  1.302E-03,   0.00    ) |  5.825E-04 6.782E-04
     435 2.4635E-01 5.8238E-04  ( 0.249    , -1.302E-03,   0.00    ) |  5.824E-04 6.782E-04
     436 2.4693E-01 5.8225E-04  (-0.249    ,  1.302E-03,   0.00    ) |  5.822E-04 6.782E-04
     437 2.4751E-01 5.8212E-04  (-0.249    ,  1.302E-03,   0.00    ) |  5.821E-04 6.782E-04
     438 2.4809E-01 5.8198E-04  ( 0.249    , -1.302E-03,   0.00    ) |  5.820E-04 6.782E-04
     439 2.4868E-01 5.8185E-04  (-0.249    ,  1.302E-03,   0.00    ) |  5.818E-04 6.782E-04
     440 2.4926E-01 5.8171E-04  (-0.249    ,  1.302E-03,   0.00    ) |  5.817E-04 6.782E-04
     441 2.4984E-01 5.8158E-04  (-0.249    ,  1.302E-03,   0.00    ) |  5.816E-04 6.782E-04
 *** Wrote plotfile to flash_run_hdf5_plt_cnt_0010 ****
     442 2.5042E-01 5.8145E-04  (-0.249    ,  1.302E-03,   0.00    ) |  5.814E-04 6.782E-04
     443 2.5100E-01 5.8131E-04  (-0.249    ,  1.302E-03,   0.00    ) |  5.813E-04 6.782E-04
     444 2.5158E-01 5.8118E-04  (-0.249    ,  1.302E-03,   0.00    ) |  5.812E-04 6.782E-04
     445 2.5217E-01 5.8105E-04  (-0.249    ,  1.302E-03,   0.00    ) |  5.810E-04 6.782E-04
     446 2.5275E-01 5.8091E-04  ( 0.249    , -1.302E-03,   0.00    ) |  5.809E-04 6.782E-04
     447 2.5333E-01 5.8078E-04  ( 0.249    , -1.302E-03,   0.00    ) |  5.808E-04 6.782E-04
     448 2.5391E-01 5.8065E-04  ( 0.249    , -1.302E-03,   0.00    ) |  5.806E-04 6.782E-04
     449 2.5449E-01 5.8051E-04  ( 0.249    , -1.302E-03,   0.00    ) |  5.805E-04 6.782E-04
     450 2.5507E-01 5.8038E-04  ( 0.249    , -1.302E-03,   0.00    ) |  5.804E-04 6.782E-04
     451 2.5565E-01 5.8025E-04  ( 0.249    , -1.302E-03,   0.00    ) |  5.802E-04 6.782E-04
     452 2.5623E-01 5.8012E-04  ( 0.249    , -1.302E-03,   0.00    ) |  5.801E-04 6.782E-04
     453 2.5681E-01 5.7998E-04  ( 0.249    , -1.302E-03,   0.00    ) |  5.800E-04 6.782E-04
     454 2.5739E-01 5.7985E-04  ( 0.249    , -1.302E-03,   0.00    ) |  5.799E-04 6.782E-04
     455 2.5797E-01 5.7972E-04  ( 0.249    , -1.302E-03,   0.00    ) |  5.797E-04 6.782E-04
     456 2.5855E-01 5.7959E-04  ( 0.249    , -1.302E-03,   0.00    ) |  5.796E-04 6.782E-04
     457 2.5913E-01 5.7945E-04  ( 0.249    , -1.302E-03,   0.00    ) |  5.795E-04 6.782E-04
     458 2.5971E-01 5.7932E-04  ( 0.249    , -1.302E-03,   0.00    ) |  5.793E-04 6.782E-04
     459 2.6029E-01 5.7919E-04  ( 0.249    ,  1.302E-03,   0.00    ) |  5.792E-04 6.782E-04
     460 2.6087E-01 5.7906E-04  ( 0.249    , -1.302E-03,   0.00    ) |  5.791E-04 6.782E-04
     461 2.6145E-01 5.7893E-04  ( 0.249    , -1.302E-03,   0.00    ) |  5.789E-04 6.782E-04
     462 2.6203E-01 5.7880E-04  ( 0.249    ,  1.302E-03,   0.00    ) |  5.788E-04 6.782E-04
     463 2.6260E-01 5.7866E-04  ( 0.249    , -1.302E-03,   0.00    ) |  5.787E-04 6.782E-04
     464 2.6318E-01 5.7853E-04  ( 0.249    , -1.302E-03,   0.00    ) |  5.785E-04 6.782E-04
     465 2.6376E-01 5.7840E-04  ( 0.249    , -1.302E-03,   0.00    ) |  5.784E-04 6.782E-04
     466 2.6434E-01 5.7827E-04  ( 0.249    , -1.302E-03,   0.00    ) |  5.783E-04 6.782E-04
     467 2.6492E-01 5.7814E-04  ( 0.249    , -1.302E-03,   0.00    ) |  5.781E-04 6.782E-04
     468 2.6550E-01 5.7801E-04  ( 0.249    , -1.302E-03,   0.00    ) |  5.780E-04 6.782E-04
     469 2.6607E-01 5.7788E-04  ( 0.249    , -1.302E-03,   0.00    ) |  5.779E-04 6.782E-04
     470 2.6665E-01 5.7775E-04  ( 0.249    , -1.302E-03,   0.00    ) |  5.777E-04 6.782E-04
     471 2.6723E-01 5.7762E-04  ( 0.249    , -1.302E-03,   0.00    ) |  5.776E-04 6.782E-04
     472 2.6781E-01 5.7748E-04  ( 0.249    , -1.302E-03,   0.00    ) |  5.775E-04 6.782E-04
     473 2.6838E-01 5.7735E-04  (-0.249    , -1.302E-03,   0.00    ) |  5.774E-04 6.782E-04
     474 2.6896E-01 5.7722E-04  (-0.249    , -1.302E-03,   0.00    ) |  5.772E-04 6.782E-04
     475 2.6954E-01 5.7709E-04  (-0.249    , -1.302E-03,   0.00    ) |  5.771E-04 6.782E-04
     476 2.7012E-01 5.7696E-04  (-0.249    , -1.302E-03,   0.00    ) |  5.770E-04 6.782E-04
     477 2.7069E-01 5.7683E-04  (-0.249    , -1.302E-03,   0.00    ) |  5.768E-04 6.782E-04
     478 2.7127E-01 5.7670E-04  (-0.249    , -1.302E-03,   0.00    ) |  5.767E-04 6.782E-04
     479 2.7185E-01 5.7657E-04  (-0.249    , -1.302E-03,   0.00    ) |  5.766E-04 6.782E-04
     480 2.7242E-01 5.7644E-04  (-0.249    , -1.302E-03,   0.00    ) |  5.764E-04 6.782E-04
     481 2.7300E-01 5.7631E-04  ( 0.249    ,  1.302E-03,   0.00    ) |  5.763E-04 6.782E-04
     482 2.7358E-01 5.7617E-04  ( 0.249    ,  1.302E-03,   0.00    ) |  5.762E-04 6.782E-04
     483 2.7415E-01 5.7604E-04  ( 0.249    ,  1.302E-03,   0.00    ) |  5.760E-04 6.782E-04
     484 2.7473E-01 5.7591E-04  ( 0.249    ,  1.302E-03,   0.00    ) |  5.759E-04 6.782E-04
 *** Wrote plotfile to flash_run_hdf5_plt_cnt_0011 ****
     485 2.7530E-01 5.7578E-04  (-0.249    , -1.302E-03,   0.00    ) |  5.758E-04 6.782E-04
     486 2.7588E-01 5.7565E-04  ( 0.249    ,  1.302E-03,   0.00    ) |  5.757E-04 6.782E-04
     487 2.7646E-01 5.7552E-04  ( 0.249    ,  1.302E-03,   0.00    ) |  5.755E-04 6.782E-04
     488 2.7703E-01 5.7539E-04  ( 0.249    ,  1.302E-03,   0.00    ) |  5.754E-04 6.782E-04
     489 2.7761E-01 5.7526E-04  ( 0.249    ,  1.302E-03,   0.00    ) |  5.753E-04 6.782E-04
     490 2.7818E-01 5.7513E-04  ( 0.249    ,  1.302E-03,   0.00    ) |  5.751E-04 6.782E-04
     491 2.7876E-01 5.7499E-04  ( 0.249    ,  1.302E-03,   0.00    ) |  5.750E-04 6.782E-04
     492 2.7933E-01 5.7486E-04  ( 0.249    ,  1.302E-03,   0.00    ) |  5.749E-04 6.782E-04
     493 2.7991E-01 5.7473E-04  ( 0.249    ,  1.302E-03,   0.00    ) |  5.747E-04 6.782E-04
     494 2.8048E-01 5.7460E-04  ( 0.249    ,  1.302E-03,   0.00    ) |  5.746E-04 6.782E-04
     495 2.8106E-01 5.7447E-04  ( 0.249    ,  1.302E-03,   0.00    ) |  5.745E-04 6.782E-04
     496 2.8163E-01 5.7434E-04  ( 0.249    ,  1.302E-03,   0.00    ) |  5.743E-04 6.782E-04
     497 2.8221E-01 5.7421E-04  (-0.249    , -1.302E-03,   0.00    ) |  5.742E-04 6.782E-04
     498 2.8278E-01 5.7408E-04  ( 0.249    ,  1.302E-03,   0.00    ) |  5.741E-04 6.782E-04
     499 2.8335E-01 5.7395E-04  ( 0.249    ,  1.302E-03,   0.00    ) |  5.739E-04 6.782E-04
     500 2.8393E-01 5.7382E-04  ( 0.249    ,  1.302E-03,   0.00    ) |  5.738E-04 6.782E-04
     501 2.8450E-01 5.7369E-04  ( 0.249    ,  1.302E-03,   0.00    ) |  5.737E-04 6.782E-04
     502 2.8507E-01 5.7356E-04  ( 0.249    ,  1.302E-03,   0.00    ) |  5.736E-04 6.782E-04
     503 2.8565E-01 5.7343E-04  ( 0.249    ,  1.302E-03,   0.00    ) |  5.734E-04 6.782E-04
     504 2.8622E-01 5.7330E-04  ( 0.249    ,  1.302E-03,   0.00    ) |  5.733E-04 6.782E-04
     505 2.8680E-01 5.7317E-04  ( 0.249    ,  1.302E-03,   0.00    ) |  5.732E-04 6.782E-04
     506 2.8737E-01 5.7304E-04  ( 0.249    ,  1.302E-03,   0.00    ) |  5.730E-04 6.782E-04
     507 2.8794E-01 5.7291E-04  ( 0.249    ,  1.302E-03,   0.00    ) |  5.729E-04 6.782E-04
     508 2.8851E-01 5.7278E-04  ( 0.249    ,  1.302E-03,   0.00    ) |  5.728E-04 6.782E-04
     509 2.8909E-01 5.7266E-04  ( 0.249    ,  1.302E-03,   0.00    ) |  5.727E-04 6.782E-04
     510 2.8966E-01 5.7253E-04  ( 0.249    ,  1.302E-03,   0.00    ) |  5.725E-04 6.782E-04
     511 2.9023E-01 5.7240E-04  ( 0.249    ,  1.302E-03,   0.00    ) |  5.724E-04 6.782E-04
     512 2.9080E-01 5.7228E-04  ( 0.249    ,  1.302E-03,   0.00    ) |  5.723E-04 6.782E-04
     513 2.9138E-01 5.7216E-04  ( 0.249    ,  1.302E-03,   0.00    ) |  5.722E-04 6.782E-04
     514 2.9195E-01 5.7204E-04  ( 0.249    ,  1.302E-03,   0.00    ) |  5.720E-04 6.782E-04
     515 2.9252E-01 5.7192E-04  ( 0.249    ,  1.302E-03,   0.00    ) |  5.719E-04 6.782E-04
     516 2.9309E-01 5.7180E-04  ( 0.249    ,  1.302E-03,   0.00    ) |  5.718E-04 6.782E-04
     517 2.9366E-01 5.7168E-04  ( 0.249    ,  1.302E-03,   0.00    ) |  5.717E-04 6.782E-04
     518 2.9424E-01 5.7156E-04  ( 0.249    ,  1.302E-03,   0.00    ) |  5.716E-04 6.782E-04
     519 2.9481E-01 5.7145E-04  ( 0.249    ,  1.302E-03,   0.00    ) |  5.715E-04 6.782E-04
     520 2.9538E-01 5.7134E-04  ( 0.249    ,  1.302E-03,   0.00    ) |  5.713E-04 6.782E-04
     521 2.9595E-01 5.7123E-04  (-0.249    , -1.302E-03,   0.00    ) |  5.712E-04 6.782E-04
     522 2.9652E-01 5.7112E-04  ( 0.249    ,  1.302E-03,   0.00    ) |  5.711E-04 6.782E-04
     523 2.9709E-01 5.7101E-04  ( 0.249    ,  1.302E-03,   0.00    ) |  5.710E-04 6.782E-04
     524 2.9766E-01 5.7090E-04  ( 0.251    ,  1.302E-03,   0.00    ) |  5.709E-04 6.782E-04
     525 2.9824E-01 5.7079E-04  ( 0.251    ,  1.302E-03,   0.00    ) |  5.708E-04 6.782E-04
     526 2.9881E-01 5.7069E-04  ( 0.251    ,  1.302E-03,   0.00    ) |  5.707E-04 6.782E-04
     527 2.9938E-01 5.7058E-04  ( 0.251    ,  1.302E-03,   0.00    ) |  5.706E-04 6.782E-04
     528 2.9995E-01 5.7048E-04  ( 0.251    ,  1.302E-03,   0.00    ) |  5.705E-04 6.782E-04
 *** Wrote plotfile to flash_run_hdf5_plt_cnt_0012 ****
     529 3.0052E-01 5.7037E-04  ( 0.251    ,  1.302E-03,   0.00    ) |  5.704E-04 6.782E-04
     530 3.0109E-01 5.7027E-04  ( 0.251    ,  1.302E-03,   0.00    ) |  5.703E-04 6.782E-04
     531 3.0166E-01 5.7016E-04  ( 0.251    ,  1.302E-03,   0.00    ) |  5.702E-04 6.782E-04
     532 3.0223E-01 5.7006E-04  (-0.251    , -1.302E-03,   0.00    ) |  5.701E-04 6.782E-04
     533 3.0280E-01 5.6995E-04  (-0.251    , -1.302E-03,   0.00    ) |  5.700E-04 6.782E-04
     534 3.0337E-01 5.6984E-04  ( 0.251    ,  1.302E-03,   0.00    ) |  5.698E-04 6.782E-04
     535 3.0394E-01 5.6973E-04  ( 0.251    ,  1.302E-03,   0.00    ) |  5.697E-04 6.782E-04
     536 3.0451E-01 5.6962E-04  ( 0.251    ,  1.302E-03,   0.00    ) |  5.696E-04 6.782E-04
     537 3.0508E-01 5.6951E-04  (-0.249    , -1.302E-03,   0.00    ) |  5.695E-04 6.782E-04
     538 3.0565E-01 5.6939E-04  (-0.249    , -1.302E-03,   0.00    ) |  5.694E-04 6.782E-04
     539 3.0622E-01 5.6927E-04  (-0.249    , -1.302E-03,   0.00    ) |  5.693E-04 6.782E-04
     540 3.0679E-01 5.6915E-04  (-0.249    , -1.302E-03,   0.00    ) |  5.691E-04 6.782E-04
     541 3.0736E-01 5.6902E-04  (-0.249    , -1.302E-03,   0.00    ) |  5.690E-04 6.782E-04
     542 3.0792E-01 5.6889E-04  (-0.249    , -1.302E-03,   0.00    ) |  5.689E-04 6.782E-04
     543 3.0849E-01 5.6875E-04  (-0.249    , -1.302E-03,   0.00    ) |  5.688E-04 6.782E-04
     544 3.0906E-01 5.6862E-04  (-0.249    , -1.302E-03,   0.00    ) |  5.686E-04 6.782E-04
     545 3.0963E-01 5.6848E-04  (-0.249    , -1.302E-03,   0.00    ) |  5.685E-04 6.782E-04
     546 3.1020E-01 5.6833E-04  (-0.249    , -1.302E-03,   0.00    ) |  5.683E-04 6.782E-04
     547 3.1077E-01 5.6819E-04  (-0.249    , -1.302E-03,   0.00    ) |  5.682E-04 6.782E-04
     548 3.1134E-01 5.6804E-04  (-0.249    , -1.302E-03,   0.00    ) |  5.680E-04 6.782E-04
     549 3.1190E-01 5.6789E-04  (-0.249    , -1.302E-03,   0.00    ) |  5.679E-04 6.782E-04
     550 3.1247E-01 5.6775E-04  (-0.249    , -1.302E-03,   0.00    ) |  5.677E-04 6.782E-04
     551 3.1304E-01 5.6760E-04  (-0.249    , -1.302E-03,   0.00    ) |  5.676E-04 6.782E-04
     552 3.1361E-01 5.6746E-04  (-0.249    , -1.302E-03,   0.00    ) |  5.675E-04 6.782E-04
     553 3.1417E-01 5.6732E-04  (-0.249    , -1.302E-03,   0.00    ) |  5.673E-04 6.782E-04
     554 3.1474E-01 5.6718E-04  (-0.249    , -1.302E-03,   0.00    ) |  5.672E-04 6.782E-04
     555 3.1531E-01 5.6704E-04  (-0.249    , -1.302E-03,   0.00    ) |  5.670E-04 6.782E-04
     556 3.1588E-01 5.6691E-04  (-0.249    , -1.302E-03,   0.00    ) |  5.669E-04 6.782E-04
     557 3.1644E-01 5.6678E-04  (-0.249    , -1.302E-03,   0.00    ) |  5.668E-04 6.782E-04
     558 3.1701E-01 5.6665E-04  (-0.249    , -1.302E-03,   0.00    ) |  5.666E-04 6.782E-04
     559 3.1758E-01 5.6652E-04  (-0.249    , -1.302E-03,   0.00    ) |  5.665E-04 6.782E-04
     560 3.1814E-01 5.6640E-04  (-0.249    , -1.302E-03,   0.00    ) |  5.664E-04 6.782E-04
     561 3.1871E-01 5.6627E-04  (-0.251    , -1.302E-03,   0.00    ) |  5.663E-04 6.782E-04
     562 3.1928E-01 5.6616E-04  (-0.251    , -1.302E-03,   0.00    ) |  5.662E-04 6.782E-04
     563 3.1984E-01 5.6604E-04  (-0.251    , -1.302E-03,   0.00    ) |  5.660E-04 6.782E-04
     564 3.2041E-01 5.6593E-04  (-0.251    , -1.302E-03,   0.00    ) |  5.659E-04 6.782E-04
     565 3.2097E-01 5.6582E-04  (-0.251    , -1.302E-03,   0.00    ) |  5.658E-04 6.782E-04
     566 3.2154E-01 5.6572E-04  (-0.249    , -1.302E-03,   0.00    ) |  5.657E-04 6.782E-04
     567 3.2210E-01 5.6561E-04  (-0.251    , -1.302E-03,   0.00    ) |  5.656E-04 6.782E-04
     568 3.2267E-01 5.6551E-04  (-0.251    , -1.302E-03,   0.00    ) |  5.655E-04 6.782E-04
     569 3.2324E-01 5.6541E-04  (-0.251    , -1.302E-03,   0.00    ) |  5.654E-04 6.782E-04
     570 3.2380E-01 5.6531E-04  (-0.251    , -1.302E-03,   0.00    ) |  5.653E-04 6.782E-04
     571 3.2437E-01 5.6520E-04  (-0.251    , -1.302E-03,   0.00    ) |  5.652E-04 6.782E-04
     572 3.2493E-01 5.6510E-04  (-0.251    , -1.302E-03,   0.00    ) |  5.651E-04 6.782E-04
 *** Wrote plotfile to flash_run_hdf5_plt_cnt_0013 ****
     573 3.2550E-01 5.6500E-04  (-0.251    , -1.302E-03,   0.00    ) |  5.650E-04 6.782E-04
     574 3.2606E-01 5.6490E-04  ( 0.251    , -1.302E-03,   0.00    ) |  5.649E-04 6.782E-04
     575 3.2663E-01 5.6480E-04  ( 0.251    , -1.302E-03,   0.00    ) |  5.648E-04 6.782E-04
     576 3.2719E-01 5.6470E-04  ( 0.251    , -1.302E-03,   0.00    ) |  5.647E-04 6.782E-04
     577 3.2776E-01 5.6460E-04  ( 0.251    , -1.302E-03,   0.00    ) |  5.646E-04 6.782E-04
     578 3.2832E-01 5.6450E-04  ( 0.251    , -1.302E-03,   0.00    ) |  5.645E-04 6.782E-04
     579 3.2889E-01 5.6440E-04  ( 0.251    , -1.302E-03,   0.00    ) |  5.644E-04 6.782E-04
     580 3.2945E-01 5.6430E-04  ( 0.251    , -1.302E-03,   0.00    ) |  5.643E-04 6.782E-04
     581 3.3001E-01 5.6419E-04  ( 0.251    , -1.302E-03,   0.00    ) |  5.642E-04 6.782E-04
     582 3.3058E-01 5.6409E-04  ( 0.251    , -1.302E-03,   0.00    ) |  5.641E-04 6.782E-04
     583 3.3114E-01 5.6398E-04  (-0.251    , -1.302E-03,   0.00    ) |  5.640E-04 6.782E-04
     584 3.3171E-01 5.6388E-04  ( 0.251    , -1.302E-03,   0.00    ) |  5.639E-04 6.782E-04
     585 3.3227E-01 5.6377E-04  ( 0.251    , -1.302E-03,   0.00    ) |  5.638E-04 6.782E-04
     586 3.3283E-01 5.6366E-04  (-0.251    , -1.302E-03,   0.00    ) |  5.637E-04 6.782E-04
     587 3.3340E-01 5.6356E-04  ( 0.251    , -1.302E-03,   0.00    ) |  5.636E-04 6.782E-04
     588 3.3396E-01 5.6345E-04  ( 0.251    , -1.302E-03,   0.00    ) |  5.634E-04 6.782E-04
     589 3.3452E-01 5.6334E-04  ( 0.251    , -1.302E-03,   0.00    ) |  5.633E-04 6.782E-04
     590 3.3509E-01 5.6323E-04  ( 0.251    , -1.302E-03,   0.00    ) |  5.632E-04 6.782E-04
     591 3.3565E-01 5.6312E-04  (-0.251    , -1.302E-03,   0.00    ) |  5.631E-04 6.782E-04
     592 3.3621E-01 5.6301E-04  (-0.251    , -1.302E-03,   0.00    ) |  5.630E-04 6.782E-04
     593 3.3678E-01 5.6290E-04  ( 0.251    , -1.302E-03,   0.00    ) |  5.629E-04 6.782E-04
     594 3.3734E-01 5.6279E-04  (-0.251    , -1.302E-03,   0.00    ) |  5.628E-04 6.782E-04
     595 3.3790E-01 5.6268E-04  (-0.251    , -1.302E-03,   0.00    ) |  5.627E-04 6.782E-04
     596 3.3847E-01 5.6257E-04  (-0.251    , -1.302E-03,   0.00    ) |  5.626E-04 6.782E-04
     597 3.3903E-01 5.6246E-04  ( 0.251    , -1.302E-03,   0.00    ) |  5.625E-04 6.782E-04
     598 3.3959E-01 5.6235E-04  ( 0.251    , -1.302E-03,   0.00    ) |  5.623E-04 6.782E-04
     599 3.4015E-01 5.6223E-04  ( 0.251    , -1.302E-03,   0.00    ) |  5.622E-04 6.782E-04
     600 3.4072E-01 5.6212E-04  ( 0.251    , -1.302E-03,   0.00    ) |  5.621E-04 6.782E-04
     601 3.4128E-01 5.6201E-04  (-0.251    , -1.302E-03,   0.00    ) |  5.620E-04 6.782E-04
     602 3.4184E-01 5.6190E-04  (-0.251    , -1.302E-03,   0.00    ) |  5.619E-04 6.782E-04
     603 3.4240E-01 5.6179E-04  ( 0.251    ,  1.302E-03,   0.00    ) |  5.618E-04 6.782E-04
     604 3.4296E-01 5.6167E-04  ( 0.251    ,  1.302E-03,   0.00    ) |  5.617E-04 6.782E-04
     605 3.4352E-01 5.6156E-04  ( 0.251    ,  1.302E-03,   0.00    ) |  5.616E-04 6.782E-04
     606 3.4409E-01 5.6145E-04  ( 0.251    ,  1.302E-03,   0.00    ) |  5.615E-04 6.782E-04
     607 3.4465E-01 5.6134E-04  ( 0.251    ,  1.302E-03,   0.00    ) |  5.613E-04 6.782E-04
     608 3.4521E-01 5.6123E-04  ( 0.251    ,  1.302E-03,   0.00    ) |  5.612E-04 6.782E-04
     609 3.4577E-01 5.6111E-04  ( 0.251    ,  1.302E-03,   0.00    ) |  5.611E-04 6.782E-04
     610 3.4633E-01 5.6100E-04  ( 0.251    ,  1.302E-03,   0.00    ) |  5.610E-04 6.782E-04
     611 3.4689E-01 5.6089E-04  ( 0.251    ,  1.302E-03,   0.00    ) |  5.609E-04 6.782E-04
     612 3.4745E-01 5.6078E-04  ( 0.251    ,  1.302E-03,   0.00    ) |  5.608E-04 6.782E-04
     613 3.4801E-01 5.6066E-04  ( 0.251    ,  1.302E-03,   0.00    ) |  5.607E-04 6.782E-04
     614 3.4857E-01 5.6055E-04  ( 0.251    ,  1.302E-03,   0.00    ) |  5.606E-04 6.782E-04
     615 3.4914E-01 5.6044E-04  ( 0.251    ,  1.302E-03,   0.00    ) |  5.604E-04 6.782E-04
     616 3.4970E-01 5.6033E-04  ( 0.251    ,  1.302E-03,   0.00    ) |  5.603E-04 6.782E-04
 *** Wrote plotfile to flash_run_hdf5_plt_cnt_0014 ****
     617 3.5026E-01 5.6021E-04  ( 0.251    ,  1.302E-03,   0.00    ) |  5.602E-04 6.782E-04
     618 3.5082E-01 5.6010E-04  ( 0.251    ,  1.302E-03,   0.00    ) |  5.601E-04 6.782E-04
     619 3.5138E-01 5.5999E-04  ( 0.251    ,  1.302E-03,   0.00    ) |  5.600E-04 6.782E-04
     620 3.5194E-01 5.5988E-04  ( 0.251    ,  1.302E-03,   0.00    ) |  5.599E-04 6.782E-04
     621 3.5250E-01 5.5977E-04  ( 0.251    ,  1.302E-03,   0.00    ) |  5.598E-04 6.782E-04
     622 3.5306E-01 5.5965E-04  ( 0.251    ,  1.302E-03,   0.00    ) |  5.597E-04 6.782E-04
     623 3.5362E-01 5.5954E-04  ( 0.251    ,  1.302E-03,   0.00    ) |  5.595E-04 6.782E-04
     624 3.5418E-01 5.5943E-04  ( 0.251    ,  1.302E-03,   0.00    ) |  5.594E-04 6.782E-04
     625 3.5473E-01 5.5932E-04  ( 0.251    ,  1.302E-03,   0.00    ) |  5.593E-04 6.782E-04
     626 3.5529E-01 5.5920E-04  ( 0.251    ,  1.302E-03,   0.00    ) |  5.592E-04 6.782E-04
     627 3.5585E-01 5.5909E-04  ( 0.251    ,  1.302E-03,   0.00    ) |  5.591E-04 6.782E-04
     628 3.5641E-01 5.5898E-04  ( 0.251    ,  1.302E-03,   0.00    ) |  5.590E-04 6.782E-04
     629 3.5697E-01 5.5887E-04  ( 0.251    ,  1.302E-03,   0.00    ) |  5.589E-04 6.782E-04
     630 3.5753E-01 5.5876E-04  ( 0.251    ,  1.302E-03,   0.00    ) |  5.588E-04 6.782E-04
     631 3.5809E-01 5.5864E-04  ( 0.251    ,  1.302E-03,   0.00    ) |  5.586E-04 6.782E-04
     632 3.5865E-01 5.5853E-04  ( 0.251    ,  1.302E-03,   0.00    ) |  5.585E-04 6.782E-04
     633 3.5921E-01 5.5842E-04  ( 0.251    ,  1.302E-03,   0.00    ) |  5.584E-04 6.782E-04
     634 3.5976E-01 5.5831E-04  ( 0.251    ,  1.302E-03,   0.00    ) |  5.583E-04 6.782E-04
     635 3.6032E-01 5.5820E-04  ( 0.251    ,  1.302E-03,   0.00    ) |  5.582E-04 6.782E-04
     636 3.6088E-01 5.5808E-04  ( 0.251    ,  1.302E-03,   0.00    ) |  5.581E-04 6.782E-04
     637 3.6144E-01 5.5797E-04  ( 0.251    ,  1.302E-03,   0.00    ) |  5.580E-04 6.782E-04
     638 3.6200E-01 5.5786E-04  ( 0.251    ,  1.302E-03,   0.00    ) |  5.579E-04 6.782E-04
     639 3.6256E-01 5.5775E-04  ( 0.251    ,  1.302E-03,   0.00    ) |  5.577E-04 6.782E-04
     640 3.6311E-01 5.5764E-04  ( 0.251    ,  1.302E-03,   0.00    ) |  5.576E-04 6.782E-04
     641 3.6367E-01 5.5752E-04  ( 0.251    ,  1.302E-03,   0.00    ) |  5.575E-04 6.782E-04
     642 3.6423E-01 5.5741E-04  ( 0.251    ,  1.302E-03,   0.00    ) |  5.574E-04 6.782E-04
     643 3.6479E-01 5.5730E-04  ( 0.251    ,  1.302E-03,   0.00    ) |  5.573E-04 6.782E-04
     644 3.6534E-01 5.5719E-04  ( 0.251    ,  1.302E-03,   0.00    ) |  5.572E-04 6.782E-04
     645 3.6590E-01 5.5708E-04  ( 0.251    ,  1.302E-03,   0.00    ) |  5.571E-04 6.782E-04
     646 3.6646E-01 5.5697E-04  (-0.251    , -1.302E-03,   0.00    ) |  5.570E-04 6.782E-04
     647 3.6701E-01 5.5685E-04  ( 0.251    ,  1.302E-03,   0.00    ) |  5.569E-04 6.782E-04
     648 3.6757E-01 5.5674E-04  ( 0.251    ,  1.302E-03,   0.00    ) |  5.567E-04 6.782E-04
     649 3.6813E-01 5.5663E-04  ( 0.251    ,  1.302E-03,   0.00    ) |  5.566E-04 6.782E-04
     650 3.6868E-01 5.5652E-04  ( 0.251    ,  1.302E-03,   0.00    ) |  5.565E-04 6.782E-04
     651 3.6924E-01 5.5641E-04  ( 0.251    ,  1.302E-03,   0.00    ) |  5.564E-04 6.782E-04
     652 3.6980E-01 5.5630E-04  ( 0.251    ,  1.302E-03,   0.00    ) |  5.563E-04 6.782E-04
     653 3.7035E-01 5.5619E-04  ( 0.251    ,  1.302E-03,   0.00    ) |  5.562E-04 6.782E-04
     654 3.7091E-01 5.5608E-04  ( 0.251    ,  1.302E-03,   0.00    ) |  5.561E-04 6.782E-04
     655 3.7147E-01 5.5596E-04  ( 0.251    ,  1.302E-03,   0.00    ) |  5.560E-04 6.782E-04
     656 3.7202E-01 5.5585E-04  ( 0.251    ,  1.302E-03,   0.00    ) |  5.559E-04 6.782E-04
     657 3.7258E-01 5.5574E-04  ( 0.251    ,  1.302E-03,   0.00    ) |  5.557E-04 6.782E-04
     658 3.7313E-01 5.5563E-04  ( 0.251    ,  1.302E-03,   0.00    ) |  5.556E-04 6.782E-04
     659 3.7369E-01 5.5552E-04  ( 0.251    ,  1.302E-03,   0.00    ) |  5.555E-04 6.782E-04
     660 3.7424E-01 5.5541E-04  ( 0.251    ,  1.302E-03,   0.00    ) |  5.554E-04 6.782E-04
     661 3.7480E-01 5.5530E-04  ( 0.251    ,  1.302E-03,   0.00    ) |  5.553E-04 6.782E-04
 *** Wrote plotfile to flash_run_hdf5_plt_cnt_0015 ****
     662 3.7536E-01 5.5519E-04  ( 0.251    ,  1.302E-03,   0.00    ) |  5.552E-04 6.782E-04
     663 3.7591E-01 5.5508E-04  ( 0.251    ,  1.302E-03,   0.00    ) |  5.551E-04 6.782E-04
     664 3.7647E-01 5.5497E-04  ( 0.251    , -1.302E-03,   0.00    ) |  5.550E-04 6.782E-04
     665 3.7702E-01 5.5486E-04  ( 0.251    ,  1.302E-03,   0.00    ) |  5.549E-04 6.782E-04
     666 3.7758E-01 5.5475E-04  ( 0.251    ,  1.302E-03,   0.00    ) |  5.547E-04 6.782E-04
     667 3.7813E-01 5.5464E-04  ( 0.251    ,  1.302E-03,   0.00    ) |  5.546E-04 6.782E-04
     668 3.7868E-01 5.5453E-04  ( 0.251    ,  1.302E-03,   0.00    ) |  5.545E-04 6.782E-04
     669 3.7924E-01 5.5442E-04  ( 0.251    ,  1.302E-03,   0.00    ) |  5.544E-04 6.782E-04
     670 3.7979E-01 5.5431E-04  ( 0.251    ,  1.302E-03,   0.00    ) |  5.543E-04 6.782E-04
     671 3.8035E-01 5.5420E-04  ( 0.251    ,  1.302E-03,   0.00    ) |  5.542E-04 6.782E-04
     672 3.8090E-01 5.5409E-04  (-0.251    ,  1.302E-03,   0.00    ) |  5.541E-04 6.782E-04
     673 3.8146E-01 5.5398E-04  (-0.251    , -1.302E-03,   0.00    ) |  5.540E-04 6.782E-04
     674 3.8201E-01 5.5387E-04  (-0.251    , -1.302E-03,   0.00    ) |  5.539E-04 6.782E-04
     675 3.8256E-01 5.5376E-04  (-0.251    , -1.302E-03,   0.00    ) |  5.538E-04 6.782E-04
     676 3.8312E-01 5.5365E-04  (-0.251    , -1.302E-03,   0.00    ) |  5.536E-04 6.782E-04
     677 3.8367E-01 5.5354E-04  (-0.251    , -1.302E-03,   0.00    ) |  5.535E-04 6.782E-04
     678 3.8422E-01 5.5343E-04  (-0.251    , -1.302E-03,   0.00    ) |  5.534E-04 6.782E-04
     679 3.8478E-01 5.5332E-04  (-0.251    , -1.302E-03,   0.00    ) |  5.533E-04 6.782E-04
     680 3.8533E-01 5.5321E-04  (-0.251    , -1.302E-03,   0.00    ) |  5.532E-04 6.782E-04
     681 3.8588E-01 5.5310E-04  (-0.251    , -1.302E-03,   0.00    ) |  5.531E-04 6.782E-04
     682 3.8644E-01 5.5300E-04  (-0.251    , -1.302E-03,   0.00    ) |  5.530E-04 6.782E-04
     683 3.8699E-01 5.5289E-04  (-0.251    , -1.302E-03,   0.00    ) |  5.529E-04 6.782E-04
     684 3.8754E-01 5.5278E-04  (-0.251    , -1.302E-03,   0.00    ) |  5.528E-04 6.782E-04
     685 3.8810E-01 5.5267E-04  (-0.251    , -1.302E-03,   0.00    ) |  5.527E-04 6.782E-04
     686 3.8865E-01 5.5256E-04  (-0.251    , -1.302E-03,   0.00    ) |  5.526E-04 6.782E-04
     687 3.8920E-01 5.5245E-04  (-0.251    , -1.302E-03,   0.00    ) |  5.525E-04 6.782E-04
     688 3.8975E-01 5.5235E-04  (-0.251    , -1.302E-03,   0.00    ) |  5.523E-04 6.782E-04
     689 3.9031E-01 5.5224E-04  (-0.251    , -1.302E-03,   0.00    ) |  5.522E-04 6.782E-04
     690 3.9086E-01 5.5213E-04  (-0.251    , -1.302E-03,   0.00    ) |  5.521E-04 6.782E-04
     691 3.9141E-01 5.5202E-04  (-0.251    , -1.302E-03,   0.00    ) |  5.520E-04 6.782E-04
     692 3.9196E-01 5.5192E-04  (-0.251    , -1.302E-03,   0.00    ) |  5.519E-04 6.782E-04
     693 3.9251E-01 5.5181E-04  (-0.251    , -1.302E-03,   0.00    ) |  5.518E-04 6.782E-04
     694 3.9307E-01 5.5170E-04  (-0.251    , -1.302E-03,   0.00    ) |  5.517E-04 6.782E-04
     695 3.9362E-01 5.5159E-04  (-0.251    , -1.302E-03,   0.00    ) |  5.516E-04 6.782E-04
     696 3.9417E-01 5.5149E-04  (-0.251    , -1.302E-03,   0.00    ) |  5.515E-04 6.782E-04
     697 3.9472E-01 5.5138E-04  (-0.251    , -1.302E-03,   0.00    ) |  5.514E-04 6.782E-04
     698 3.9527E-01 5.5127E-04  (-0.251    , -1.302E-03,   0.00    ) |  5.513E-04 6.782E-04
     699 3.9582E-01 5.5117E-04  (-0.251    , -1.302E-03,   0.00    ) |  5.512E-04 6.782E-04
     700 3.9638E-01 5.5106E-04  (-0.251    , -1.302E-03,   0.00    ) |  5.511E-04 6.782E-04
     701 3.9693E-01 5.5096E-04  (-0.251    , -1.302E-03,   0.00    ) |  5.510E-04 6.782E-04
     702 3.9748E-01 5.5085E-04  (-0.251    , -1.302E-03,   0.00    ) |  5.509E-04 6.782E-04
     703 3.9803E-01 5.5074E-04  (-0.251    , -1.302E-03,   0.00    ) |  5.507E-04 6.782E-04
     704 3.9858E-01 5.5064E-04  (-0.251    , -1.302E-03,   0.00    ) |  5.506E-04 6.782E-04
     705 3.9913E-01 5.5053E-04  (-0.254    , -1.302E-03,   0.00    ) |  5.505E-04 6.782E-04
     706 3.9968E-01 5.5043E-04  (-0.254    , -1.302E-03,   0.00    ) |  5.504E-04 6.782E-04
 *** Wrote plotfile to flash_run_hdf5_plt_cnt_0016 ****
     707 4.0023E-01 5.5032E-04  (-0.254    , -1.302E-03,   0.00    ) |  5.503E-04 6.782E-04
     708 4.0078E-01 5.5022E-04  (-0.254    , -1.302E-03,   0.00    ) |  5.502E-04 6.782E-04
     709 4.0133E-01 5.5011E-04  (-0.254    , -1.302E-03,   0.00    ) |  5.501E-04 6.782E-04
     710 4.0188E-01 5.5001E-04  (-0.254    , -1.302E-03,   0.00    ) |  5.500E-04 6.782E-04
     711 4.0243E-01 5.4990E-04  (-0.254    , -1.302E-03,   0.00    ) |  5.499E-04 6.782E-04
     712 4.0298E-01 5.4980E-04  (-0.254    , -1.302E-03,   0.00    ) |  5.498E-04 6.782E-04
     713 4.0353E-01 5.4969E-04  (-0.254    , -1.302E-03,   0.00    ) |  5.497E-04 6.782E-04
     714 4.0408E-01 5.4959E-04  (-0.254    , -1.302E-03,   0.00    ) |  5.496E-04 6.782E-04
     715 4.0463E-01 5.4949E-04  (-0.254    , -1.302E-03,   0.00    ) |  5.495E-04 6.782E-04
     716 4.0518E-01 5.4938E-04  (-0.254    ,  1.302E-03,   0.00    ) |  5.494E-04 6.782E-04
     717 4.0573E-01 5.4928E-04  (-0.254    ,  1.302E-03,   0.00    ) |  5.493E-04 6.782E-04
     718 4.0628E-01 5.4918E-04  (-0.254    ,  1.302E-03,   0.00    ) |  5.492E-04 6.782E-04
     719 4.0683E-01 5.4907E-04  (-0.254    ,  1.302E-03,   0.00    ) |  5.491E-04 6.782E-04
     720 4.0738E-01 5.4897E-04  (-0.254    ,  1.302E-03,   0.00    ) |  5.490E-04 6.782E-04
     721 4.0793E-01 5.4887E-04  (-0.254    , -1.302E-03,   0.00    ) |  5.489E-04 6.782E-04
     722 4.0847E-01 5.4877E-04  (-0.254    , -1.302E-03,   0.00    ) |  5.488E-04 6.782E-04
     723 4.0902E-01 5.4866E-04  (-0.254    , -1.302E-03,   0.00    ) |  5.487E-04 6.782E-04
     724 4.0957E-01 5.4856E-04  (-0.254    , -1.302E-03,   0.00    ) |  5.486E-04 6.782E-04
     725 4.1012E-01 5.4846E-04  (-0.254    , -1.302E-03,   0.00    ) |  5.485E-04 6.782E-04
     726 4.1067E-01 5.4836E-04  (-0.254    , -1.302E-03,   0.00    ) |  5.484E-04 6.782E-04
     727 4.1122E-01 5.4826E-04  (-0.254    , -1.302E-03,   0.00    ) |  5.483E-04 6.782E-04
     728 4.1177E-01 5.4815E-04  (-0.254    , -1.302E-03,   0.00    ) |  5.482E-04 6.782E-04
     729 4.1231E-01 5.4805E-04  (-0.254    , -1.302E-03,   0.00    ) |  5.481E-04 6.782E-04
     730 4.1286E-01 5.4795E-04  ( 0.254    ,  1.302E-03,   0.00    ) |  5.480E-04 6.782E-04
     731 4.1341E-01 5.4785E-04  ( 0.254    ,  1.302E-03,   0.00    ) |  5.479E-04 6.782E-04
     732 4.1396E-01 5.4775E-04  ( 0.254    ,  1.302E-03,   0.00    ) |  5.478E-04 6.782E-04
     733 4.1451E-01 5.4765E-04  ( 0.254    ,  1.302E-03,   0.00    ) |  5.477E-04 6.782E-04
     734 4.1505E-01 5.4755E-04  ( 0.254    ,  1.302E-03,   0.00    ) |  5.476E-04 6.782E-04
     735 4.1560E-01 5.4745E-04  ( 0.254    ,  1.302E-03,   0.00    ) |  5.475E-04 6.782E-04
     736 4.1615E-01 5.4735E-04  ( 0.254    ,  1.302E-03,   0.00    ) |  5.474E-04 6.782E-04
     737 4.1670E-01 5.4725E-04  ( 0.254    ,  1.302E-03,   0.00    ) |  5.473E-04 6.782E-04
     738 4.1724E-01 5.4715E-04  ( 0.254    ,  1.302E-03,   0.00    ) |  5.472E-04 6.782E-04
     739 4.1779E-01 5.4705E-04  ( 0.254    ,  1.302E-03,   0.00    ) |  5.471E-04 6.782E-04
     740 4.1834E-01 5.4696E-04  ( 0.254    ,  1.302E-03,   0.00    ) |  5.470E-04 6.782E-04
     741 4.1888E-01 5.4686E-04  ( 0.254    ,  1.302E-03,   0.00    ) |  5.469E-04 6.782E-04
     742 4.1943E-01 5.4676E-04  ( 0.254    ,  1.302E-03,   0.00    ) |  5.468E-04 6.782E-04
     743 4.1998E-01 5.4666E-04  ( 0.254    ,  1.302E-03,   0.00    ) |  5.467E-04 6.782E-04
     744 4.2052E-01 5.4656E-04  ( 0.254    ,  1.302E-03,   0.00    ) |  5.466E-04 6.782E-04
     745 4.2107E-01 5.4646E-04  ( 0.254    ,  1.302E-03,   0.00    ) |  5.465E-04 6.782E-04
     746 4.2162E-01 5.4637E-04  ( 0.254    ,  1.302E-03,   0.00    ) |  5.464E-04 6.782E-04
     747 4.2216E-01 5.4627E-04  ( 0.254    ,  1.302E-03,   0.00    ) |  5.463E-04 6.782E-04
     748 4.2271E-01 5.4617E-04  ( 0.254    ,  1.302E-03,   0.00    ) |  5.462E-04 6.782E-04
     749 4.2326E-01 5.4608E-04  ( 0.254    ,  1.302E-03,   0.00    ) |  5.461E-04 6.782E-04
     750 4.2380E-01 5.4598E-04  ( 0.254    ,  1.302E-03,   0.00    ) |  5.460E-04 6.782E-04
     751 4.2435E-01 5.4588E-04  ( 0.254    ,  1.302E-03,   0.00    ) |  5.459E-04 6.782E-04
     752 4.2489E-01 5.4579E-04  ( 0.254    ,  1.302E-03,   0.00    ) |  5.458E-04 6.782E-04
 *** Wrote plotfile to flash_run_hdf5_plt_cnt_0017 ****
     753 4.2544E-01 5.4569E-04  ( 0.254    ,  1.302E-03,   0.00    ) |  5.457E-04 6.782E-04
     754 4.2599E-01 5.4559E-04  ( 0.254    ,  1.302E-03,   0.00    ) |  5.456E-04 6.782E-04
     755 4.2653E-01 5.4550E-04  ( 0.254    ,  1.302E-03,   0.00    ) |  5.455E-04 6.782E-04
     756 4.2708E-01 5.4540E-04  ( 0.254    ,  1.302E-03,   0.00    ) |  5.454E-04 6.782E-04
     757 4.2762E-01 5.4531E-04  ( 0.254    ,  1.302E-03,   0.00    ) |  5.453E-04 6.782E-04
     758 4.2817E-01 5.4521E-04  ( 0.254    ,  1.302E-03,   0.00    ) |  5.452E-04 6.782E-04
     759 4.2871E-01 5.4512E-04  ( 0.254    ,  1.302E-03,   0.00    ) |  5.451E-04 6.782E-04
     760 4.2926E-01 5.4502E-04  ( 0.254    ,  1.302E-03,   0.00    ) |  5.450E-04 6.782E-04
     761 4.2980E-01 5.4493E-04  ( 0.254    ,  1.302E-03,   0.00    ) |  5.449E-04 6.782E-04
     762 4.3035E-01 5.4483E-04  ( 0.254    ,  1.302E-03,   0.00    ) |  5.448E-04 6.782E-04
     763 4.3089E-01 5.4474E-04  ( 0.254    ,  1.302E-03,   0.00    ) |  5.447E-04 6.782E-04
     764 4.3144E-01 5.4465E-04  ( 0.254    ,  1.302E-03,   0.00    ) |  5.446E-04 6.782E-04
     765 4.3198E-01 5.4455E-04  ( 0.254    ,  1.302E-03,   0.00    ) |  5.446E-04 6.782E-04
     766 4.3253E-01 5.4446E-04  ( 0.254    ,  1.302E-03,   0.00    ) |  5.445E-04 6.782E-04
     767 4.3307E-01 5.4437E-04  ( 0.254    ,  1.302E-03,   0.00    ) |  5.444E-04 6.782E-04
     768 4.3361E-01 5.4427E-04  ( 0.254    ,  1.302E-03,   0.00    ) |  5.443E-04 6.782E-04
     769 4.3416E-01 5.4418E-04  ( 0.257    ,  1.302E-03,   0.00    ) |  5.442E-04 6.782E-04
     770 4.3470E-01 5.4409E-04  ( 0.257    ,  1.302E-03,   0.00    ) |  5.441E-04 6.782E-04
     771 4.3525E-01 5.4400E-04  ( 0.257    ,  1.302E-03,   0.00    ) |  5.440E-04 6.782E-04
     772 4.3579E-01 5.4390E-04  ( 0.257    ,  1.302E-03,   0.00    ) |  5.439E-04 6.782E-04
     773 4.3634E-01 5.4381E-04  ( 0.257    ,  1.302E-03,   0.00    ) |  5.438E-04 6.782E-04
     774 4.3688E-01 5.4372E-04  ( 0.257    ,  1.302E-03,   0.00    ) |  5.437E-04 6.782E-04
     775 4.3742E-01 5.4363E-04  ( 0.257    ,  1.302E-03,   0.00    ) |  5.436E-04 6.782E-04
     776 4.3797E-01 5.4354E-04  ( 0.257    ,  1.302E-03,   0.00    ) |  5.435E-04 6.782E-04
     777 4.3851E-01 5.4345E-04  ( 0.257    ,  1.302E-03,   0.00    ) |  5.434E-04 6.782E-04
     778 4.3905E-01 5.4335E-04  ( 0.257    ,  1.302E-03,   0.00    ) |  5.434E-04 6.782E-04
     779 4.3960E-01 5.4326E-04  ( 0.257    ,  1.302E-03,   0.00    ) |  5.433E-04 6.782E-04
     780 4.4014E-01 5.4317E-04  ( 0.257    ,  1.302E-03,   0.00    ) |  5.432E-04 6.782E-04
     781 4.4068E-01 5.4308E-04  ( 0.257    ,  1.302E-03,   0.00    ) |  5.431E-04 6.782E-04
     782 4.4123E-01 5.4299E-04  ( 0.257    ,  1.302E-03,   0.00    ) |  5.430E-04 6.782E-04
     783 4.4177E-01 5.4290E-04  ( 0.257    ,  1.302E-03,   0.00    ) |  5.429E-04 6.782E-04
     784 4.4231E-01 5.4281E-04  ( 0.257    ,  1.302E-03,   0.00    ) |  5.428E-04 6.782E-04
     785 4.4286E-01 5.4272E-04  ( 0.257    ,  1.302E-03,   0.00    ) |  5.427E-04 6.782E-04
     786 4.4340E-01 5.4263E-04  ( 0.257    ,  1.302E-03,   0.00    ) |  5.426E-04 6.782E-04
     787 4.4394E-01 5.4254E-04  ( 0.257    ,  1.302E-03,   0.00    ) |  5.425E-04 6.782E-04
     788 4.4448E-01 5.4245E-04  ( 0.257    ,  1.302E-03,   0.00    ) |  5.425E-04 6.782E-04
     789 4.4503E-01 5.4237E-04  ( 0.257    ,  1.302E-03,   0.00    ) |  5.424E-04 6.782E-04
     790 4.4557E-01 5.4228E-04  ( 0.257    ,  1.302E-03,   0.00    ) |  5.423E-04 6.782E-04
     791 4.4611E-01 5.4219E-04  (-0.257    ,  1.302E-03,   0.00    ) |  5.422E-04 6.782E-04
     792 4.4665E-01 5.4210E-04  (-0.257    ,  1.302E-03,   0.00    ) |  5.421E-04 6.782E-04
     793 4.4719E-01 5.4201E-04  (-0.257    ,  1.302E-03,   0.00    ) |  5.420E-04 6.782E-04
     794 4.4774E-01 5.4192E-04  (-0.257    ,  1.302E-03,   0.00    ) |  5.419E-04 6.782E-04
     795 4.4828E-01 5.4184E-04  (-0.257    ,  1.302E-03,   0.00    ) |  5.418E-04 6.782E-04
     796 4.4882E-01 5.4175E-04  (-0.257    ,  1.302E-03,   0.00    ) |  5.418E-04 6.782E-04
     797 4.4936E-01 5.4166E-04  (-0.257    ,  1.302E-03,   0.00    ) |  5.417E-04 6.782E-04
     798 4.4990E-01 5.4158E-04  (-0.257    ,  1.302E-03,   0.00    ) |  5.416E-04 6.782E-04
 *** Wrote plotfile to flash_run_hdf5_plt_cnt_0018 ****
     799 4.5045E-01 5.4149E-04  (-0.257    ,  1.302E-03,   0.00    ) |  5.415E-04 6.782E-04
     800 4.5099E-01 5.4140E-04  (-0.257    ,  1.302E-03,   0.00    ) |  5.414E-04 6.782E-04
     801 4.5153E-01 5.4132E-04  (-0.257    , -1.302E-03,   0.00    ) |  5.413E-04 6.782E-04
     802 4.5207E-01 5.4123E-04  (-0.257    , -1.302E-03,   0.00    ) |  5.412E-04 6.782E-04
     803 4.5261E-01 5.4114E-04  ( 0.257    ,  1.302E-03,   0.00    ) |  5.411E-04 6.782E-04
     804 4.5315E-01 5.4106E-04  ( 0.257    ,  1.302E-03,   0.00    ) |  5.411E-04 6.782E-04
     805 4.5369E-01 5.4097E-04  (-0.257    , -1.302E-03,   0.00    ) |  5.410E-04 6.782E-04
     806 4.5423E-01 5.4089E-04  (-0.257    , -1.302E-03,   0.00    ) |  5.409E-04 6.782E-04
     807 4.5477E-01 5.4080E-04  (-0.257    , -1.302E-03,   0.00    ) |  5.408E-04 6.782E-04
     808 4.5532E-01 5.4072E-04  (-0.257    , -1.302E-03,   0.00    ) |  5.407E-04 6.782E-04
     809 4.5586E-01 5.4063E-04  (-0.257    , -1.302E-03,   0.00    ) |  5.406E-04 6.782E-04
     810 4.5640E-01 5.4055E-04  (-0.257    , -1.302E-03,   0.00    ) |  5.405E-04 6.782E-04
     811 4.5694E-01 5.4046E-04  (-0.257    , -1.302E-03,   0.00    ) |  5.405E-04 6.782E-04
     812 4.5748E-01 5.4038E-04  (-0.257    , -1.302E-03,   0.00    ) |  5.404E-04 6.782E-04
     813 4.5802E-01 5.4030E-04  (-0.257    , -1.302E-03,   0.00    ) |  5.403E-04 6.782E-04
     814 4.5856E-01 5.4021E-04  (-0.257    , -1.302E-03,   0.00    ) |  5.402E-04 6.782E-04
     815 4.5910E-01 5.4013E-04  (-0.257    , -1.302E-03,   0.00    ) |  5.401E-04 6.782E-04
     816 4.5964E-01 5.4005E-04  (-0.257    , -1.302E-03,   0.00    ) |  5.400E-04 6.782E-04
     817 4.6018E-01 5.3996E-04  (-0.257    , -1.302E-03,   0.00    ) |  5.400E-04 6.782E-04
     818 4.6072E-01 5.3988E-04  (-0.257    , -1.302E-03,   0.00    ) |  5.399E-04 6.782E-04
     819 4.6126E-01 5.3980E-04  (-0.257    , -1.302E-03,   0.00    ) |  5.398E-04 6.782E-04
     820 4.6180E-01 5.3971E-04  (-0.257    , -1.302E-03,   0.00    ) |  5.397E-04 6.782E-04
     821 4.6234E-01 5.3963E-04  (-0.257    , -1.302E-03,   0.00    ) |  5.396E-04 6.782E-04
     822 4.6288E-01 5.3955E-04  (-0.257    , -1.302E-03,   0.00    ) |  5.395E-04 6.782E-04
     823 4.6342E-01 5.3947E-04  (-0.257    , -1.302E-03,   0.00    ) |  5.395E-04 6.782E-04
     824 4.6396E-01 5.3938E-04  (-0.257    , -1.302E-03,   0.00    ) |  5.394E-04 6.782E-04
     825 4.6450E-01 5.3930E-04  (-0.257    , -1.302E-03,   0.00    ) |  5.393E-04 6.782E-04
     826 4.6504E-01 5.3922E-04  (-0.259    , -1.302E-03,   0.00    ) |  5.392E-04 6.782E-04
     827 4.6557E-01 5.3914E-04  (-0.259    , -1.302E-03,   0.00    ) |  5.391E-04 6.782E-04
     828 4.6611E-01 5.3906E-04  (-0.259    , -1.302E-03,   0.00    ) |  5.391E-04 6.782E-04
     829 4.6665E-01 5.3898E-04  (-0.259    , -1.302E-03,   0.00    ) |  5.390E-04 6.782E-04
     830 4.6719E-01 5.3890E-04  (-0.259    , -1.302E-03,   0.00    ) |  5.389E-04 6.782E-04
     831 4.6773E-01 5.3881E-04  (-0.259    , -1.302E-03,   0.00    ) |  5.388E-04 6.782E-04
     832 4.6827E-01 5.3873E-04  (-0.259    , -1.302E-03,   0.00    ) |  5.387E-04 6.782E-04
     833 4.6881E-01 5.3865E-04  (-0.259    , -1.302E-03,   0.00    ) |  5.387E-04 6.782E-04
     834 4.6935E-01 5.3857E-04  (-0.259    , -1.302E-03,   0.00    ) |  5.386E-04 6.782E-04
     835 4.6989E-01 5.3849E-04  (-0.259    , -1.302E-03,   0.00    ) |  5.385E-04 6.782E-04
     836 4.7042E-01 5.3841E-04  (-0.259    , -1.302E-03,   0.00    ) |  5.384E-04 6.782E-04
     837 4.7096E-01 5.3833E-04  (-0.259    , -1.302E-03,   0.00    ) |  5.383E-04 6.782E-04
     838 4.7150E-01 5.3825E-04  (-0.259    , -1.302E-03,   0.00    ) |  5.383E-04 6.782E-04
     839 4.7204E-01 5.3817E-04  (-0.259    , -1.302E-03,   0.00    ) |  5.382E-04 6.782E-04
     840 4.7258E-01 5.3809E-04  (-0.259    , -1.302E-03,   0.00    ) |  5.381E-04 6.782E-04
     841 4.7312E-01 5.3801E-04  (-0.259    , -1.302E-03,   0.00    ) |  5.380E-04 6.782E-04
     842 4.7365E-01 5.3793E-04  (-0.259    , -1.302E-03,   0.00    ) |  5.379E-04 6.782E-04
     843 4.7419E-01 5.3785E-04  (-0.259    , -1.302E-03,   0.00    ) |  5.379E-04 6.782E-04
     844 4.7473E-01 5.3778E-04  (-0.259    , -1.302E-03,   0.00    ) |  5.378E-04 6.782E-04
 *** Wrote plotfile to flash_run_hdf5_plt_cnt_0019 ****
     845 4.7527E-01 5.3770E-04  (-0.259    , -1.302E-03,   0.00    ) |  5.377E-04 6.782E-04
     846 4.7580E-01 5.3762E-04  (-0.259    , -1.302E-03,   0.00    ) |  5.376E-04 6.782E-04
     847 4.7634E-01 5.3754E-04  (-0.259    , -1.302E-03,   0.00    ) |  5.375E-04 6.782E-04
     848 4.7688E-01 5.3746E-04  (-0.259    , -1.302E-03,   0.00    ) |  5.375E-04 6.782E-04
     849 4.7742E-01 5.3738E-04  (-0.259    , -1.302E-03,   0.00    ) |  5.374E-04 6.782E-04
     850 4.7795E-01 5.3731E-04  (-0.259    , -1.302E-03,   0.00    ) |  5.373E-04 6.782E-04
     851 4.7849E-01 5.3723E-04  (-0.259    , -1.302E-03,   0.00    ) |  5.372E-04 6.782E-04
     852 4.7903E-01 5.3715E-04  (-0.259    , -1.302E-03,   0.00    ) |  5.372E-04 6.782E-04
     853 4.7957E-01 5.3707E-04  (-0.259    , -1.302E-03,   0.00    ) |  5.371E-04 6.782E-04
     854 4.8010E-01 5.3700E-04  ( 0.259    , -1.302E-03,   0.00    ) |  5.370E-04 6.782E-04
     855 4.8064E-01 5.3692E-04  (-0.259    , -1.302E-03,   0.00    ) |  5.369E-04 6.782E-04
     856 4.8118E-01 5.3684E-04  ( 0.259    , -1.302E-03,   0.00    ) |  5.368E-04 6.782E-04
     857 4.8171E-01 5.3677E-04  ( 0.259    , -1.302E-03,   0.00    ) |  5.368E-04 6.782E-04
     858 4.8225E-01 5.3669E-04  (-0.259    ,  1.302E-03,   0.00    ) |  5.367E-04 6.782E-04
     859 4.8279E-01 5.3661E-04  ( 0.259    , -1.302E-03,   0.00    ) |  5.366E-04 6.782E-04
     860 4.8332E-01 5.3654E-04  ( 0.259    , -1.302E-03,   0.00    ) |  5.365E-04 6.782E-04
     861 4.8386E-01 5.3646E-04  ( 0.259    , -1.302E-03,   0.00    ) |  5.365E-04 6.782E-04
     862 4.8440E-01 5.3639E-04  ( 0.259    , -1.302E-03,   0.00    ) |  5.364E-04 6.782E-04
     863 4.8493E-01 5.3631E-04  (-0.259    ,  1.302E-03,   0.00    ) |  5.363E-04 6.782E-04
     864 4.8547E-01 5.3623E-04  (-0.259    ,  1.302E-03,   0.00    ) |  5.362E-04 6.782E-04
     865 4.8601E-01 5.3616E-04  (-0.259    ,  1.302E-03,   0.00    ) |  5.362E-04 6.782E-04
     866 4.8654E-01 5.3608E-04  (-0.259    ,  1.302E-03,   0.00    ) |  5.361E-04 6.782E-04
     867 4.8708E-01 5.3601E-04  (-0.259    ,  1.302E-03,   0.00    ) |  5.360E-04 6.782E-04
     868 4.8761E-01 5.3593E-04  (-0.259    ,  1.302E-03,   0.00    ) |  5.359E-04 6.782E-04
     869 4.8815E-01 5.3586E-04  (-0.259    ,  1.302E-03,   0.00    ) |  5.359E-04 6.782E-04
     870 4.8869E-01 5.3579E-04  (-0.259    ,  1.302E-03,   0.00    ) |  5.358E-04 6.782E-04
     871 4.8922E-01 5.3571E-04  (-0.259    ,  1.302E-03,   0.00    ) |  5.357E-04 6.782E-04
     872 4.8976E-01 5.3564E-04  (-0.259    ,  1.302E-03,   0.00    ) |  5.356E-04 6.782E-04
     873 4.9029E-01 5.3556E-04  (-0.259    ,  1.302E-03,   0.00    ) |  5.356E-04 6.782E-04
     874 4.9083E-01 5.3549E-04  (-0.259    ,  1.302E-03,   0.00    ) |  5.355E-04 6.782E-04
     875 4.9136E-01 5.3542E-04  (-0.259    ,  1.302E-03,   0.00    ) |  5.354E-04 6.782E-04
     876 4.9190E-01 5.3534E-04  (-0.262    ,  1.302E-03,   0.00    ) |  5.353E-04 6.782E-04
     877 4.9244E-01 5.3527E-04  (-0.262    ,  1.302E-03,   0.00    ) |  5.353E-04 6.782E-04
     878 4.9297E-01 5.3519E-04  (-0.262    ,  1.302E-03,   0.00    ) |  5.352E-04 6.782E-04
     879 4.9351E-01 5.3512E-04  (-0.262    ,  1.302E-03,   0.00    ) |  5.351E-04 6.782E-04
     880 4.9404E-01 5.3505E-04  (-0.262    ,  1.302E-03,   0.00    ) |  5.350E-04 6.782E-04
     881 4.9458E-01 5.3497E-04  (-0.262    ,  1.302E-03,   0.00    ) |  5.350E-04 6.782E-04
     882 4.9511E-01 5.3490E-04  (-0.262    ,  1.302E-03,   0.00    ) |  5.349E-04 6.782E-04
     883 4.9565E-01 5.3483E-04  (-0.262    ,  1.302E-03,   0.00    ) |  5.348E-04 6.782E-04
     884 4.9618E-01 5.3475E-04  (-0.262    ,  1.302E-03,   0.00    ) |  5.348E-04 6.782E-04
     885 4.9672E-01 5.3468E-04  (-0.262    ,  1.302E-03,   0.00    ) |  5.347E-04 6.782E-04
     886 4.9725E-01 5.3461E-04  (-0.262    ,  1.302E-03,   0.00    ) |  5.346E-04 6.782E-04
     887 4.9778E-01 5.3454E-04  (-0.262    ,  1.302E-03,   0.00    ) |  5.345E-04 6.782E-04
     888 4.9832E-01 5.3447E-04  (-0.262    ,  1.302E-03,   0.00    ) |  5.345E-04 6.782E-04
     889 4.9885E-01 5.3439E-04  (-0.262    ,  1.302E-03,   0.00    ) |  5.344E-04 6.782E-04
     890 4.9939E-01 5.3432E-04  (-0.262    ,  1.302E-03,   0.00    ) |  5.343E-04 6.782E-04
     891 4.9992E-01 5.3425E-04  (-0.262    ,  1.302E-03,   0.00    ) |  5.343E-04 6.782E-04
 *** Wrote plotfile to flash_run_hdf5_plt_cnt_0020 ****
     892 5.0046E-01 5.3418E-04  (-0.262    ,  1.302E-03,   0.00    ) |  5.342E-04 6.782E-04
     893 5.0099E-01 5.3411E-04  (-0.262    ,  1.302E-03,   0.00    ) |  5.341E-04 6.782E-04
     894 5.0152E-01 5.3404E-04  (-0.262    ,  1.302E-03,   0.00    ) |  5.340E-04 6.782E-04
     895 5.0206E-01 5.3397E-04  ( 0.262    ,  1.302E-03,   0.00    ) |  5.340E-04 6.782E-04
     896 5.0259E-01 5.3390E-04  ( 0.262    ,  1.302E-03,   0.00    ) |  5.339E-04 6.782E-04
     897 5.0313E-01 5.3383E-04  ( 0.262    ,  1.302E-03,   0.00    ) |  5.338E-04 6.782E-04
     898 5.0366E-01 5.3376E-04  ( 0.262    ,  1.302E-03,   0.00    ) |  5.338E-04 6.782E-04
     899 5.0419E-01 5.3369E-04  ( 0.262    ,  1.302E-03,   0.00    ) |  5.337E-04 6.782E-04
     900 5.0473E-01 5.3362E-04  ( 0.262    ,  1.302E-03,   0.00    ) |  5.336E-04 6.782E-04
     901 5.0526E-01 5.3355E-04  (-0.262    , -1.302E-03,   0.00    ) |  5.335E-04 6.782E-04
     902 5.0580E-01 5.3348E-04  ( 0.262    ,  1.302E-03,   0.00    ) |  5.335E-04 6.782E-04
     903 5.0633E-01 5.3341E-04  ( 0.262    ,  1.302E-03,   0.00    ) |  5.334E-04 6.782E-04
     904 5.0686E-01 5.3334E-04  ( 0.262    ,  1.302E-03,   0.00    ) |  5.333E-04 6.782E-04
     905 5.0740E-01 5.3327E-04  ( 0.262    ,  1.302E-03,   0.00    ) |  5.333E-04 6.782E-04
     906 5.0793E-01 5.3321E-04  ( 0.262    ,  1.302E-03,   0.00    ) |  5.332E-04 6.782E-04
     907 5.0846E-01 5.3314E-04  ( 0.262    ,  1.302E-03,   0.00    ) |  5.331E-04 6.782E-04
     908 5.0899E-01 5.3307E-04  ( 0.262    ,  1.302E-03,   0.00    ) |  5.331E-04 6.782E-04
     909 5.0953E-01 5.3300E-04  ( 0.262    ,  1.302E-03,   0.00    ) |  5.330E-04 6.782E-04
     910 5.1006E-01 5.3293E-04  ( 0.262    ,  1.302E-03,   0.00    ) |  5.329E-04 6.782E-04
     911 5.1059E-01 5.3287E-04  ( 0.262    ,  1.302E-03,   0.00    ) |  5.329E-04 6.782E-04
     912 5.1113E-01 5.3280E-04  ( 0.262    ,  1.302E-03,   0.00    ) |  5.328E-04 6.782E-04
     913 5.1166E-01 5.3273E-04  ( 0.262    ,  1.302E-03,   0.00    ) |  5.327E-04 6.782E-04
     914 5.1219E-01 5.3267E-04  ( 0.262    ,  1.302E-03,   0.00    ) |  5.327E-04 6.782E-04
     915 5.1273E-01 5.3260E-04  ( 0.262    ,  1.302E-03,   0.00    ) |  5.326E-04 6.782E-04
     916 5.1326E-01 5.3253E-04  ( 0.262    ,  1.302E-03,   0.00    ) |  5.325E-04 6.782E-04
     917 5.1379E-01 5.3247E-04  ( 0.262    ,  1.302E-03,   0.00    ) |  5.325E-04 6.782E-04
     918 5.1432E-01 5.3240E-04  ( 0.262    ,  1.302E-03,   0.00    ) |  5.324E-04 6.782E-04
     919 5.1486E-01 5.3234E-04  ( 0.262    ,  1.302E-03,   0.00    ) |  5.323E-04 6.782E-04
     920 5.1539E-01 5.3227E-04  ( 0.262    ,  1.302E-03,   0.00    ) |  5.323E-04 6.782E-04
     921 5.1592E-01 5.3221E-04  ( 0.262    ,  1.302E-03,   0.00    ) |  5.322E-04 6.782E-04
     922 5.1645E-01 5.3214E-04  ( 0.262    ,  1.302E-03,   0.00    ) |  5.321E-04 6.782E-04
     923 5.1698E-01 5.3208E-04  ( 0.262    ,  1.302E-03,   0.00    ) |  5.321E-04 6.782E-04
     924 5.1752E-01 5.3201E-04  ( 0.262    ,  1.302E-03,   0.00    ) |  5.320E-04 6.782E-04
     925 5.1805E-01 5.3195E-04  ( 0.262    ,  1.302E-03,   0.00    ) |  5.319E-04 6.782E-04
     926 5.1858E-01 5.3188E-04  ( 0.262    ,  1.302E-03,   0.00    ) |  5.319E-04 6.782E-04
     927 5.1911E-01 5.3182E-04  ( 0.262    ,  1.302E-03,   0.00    ) |  5.318E-04 6.782E-04
     928 5.1964E-01 5.3176E-04  ( 0.262    ,  1.302E-03,   0.00    ) |  5.318E-04 6.782E-04
     929 5.2018E-01 5.3169E-04  ( 0.262    ,  1.302E-03,   0.00    ) |  5.317E-04 6.782E-04
     930 5.2071E-01 5.3163E-04  ( 0.262    ,  1.302E-03,   0.00    ) |  5.316E-04 6.782E-04
     931 5.2124E-01 5.3157E-04  ( 0.262    ,  1.302E-03,   0.00    ) |  5.316E-04 6.782E-04
     932 5.2177E-01 5.3150E-04  ( 0.262    ,  1.302E-03,   0.00    ) |  5.315E-04 6.782E-04
     933 5.2230E-01 5.3144E-04  ( 0.264    ,  1.302E-03,   0.00    ) |  5.314E-04 6.782E-04
     934 5.2283E-01 5.3138E-04  ( 0.264    ,  1.302E-03,   0.00    ) |  5.314E-04 6.782E-04
     935 5.2336E-01 5.3131E-04  ( 0.264    ,  1.302E-03,   0.00    ) |  5.313E-04 6.782E-04
     936 5.2390E-01 5.3125E-04  ( 0.264    ,  1.302E-03,   0.00    ) |  5.313E-04 6.782E-04
     937 5.2443E-01 5.3119E-04  ( 0.264    ,  1.302E-03,   0.00    ) |  5.312E-04 6.782E-04
     938 5.2496E-01 5.3113E-04  ( 0.264    ,  1.302E-03,   0.00    ) |  5.311E-04 6.782E-04
 *** Wrote plotfile to flash_run_hdf5_plt_cnt_0021 ****
     939 5.2549E-01 5.3107E-04  ( 0.264    ,  1.302E-03,   0.00    ) |  5.311E-04 6.782E-04
     940 5.2602E-01 5.3100E-04  ( 0.264    ,  1.302E-03,   0.00    ) |  5.310E-04 6.782E-04
     941 5.2655E-01 5.3094E-04  ( 0.264    ,  1.302E-03,   0.00    ) |  5.309E-04 6.782E-04
     942 5.2708E-01 5.3088E-04  ( 0.264    ,  1.302E-03,   0.00    ) |  5.309E-04 6.782E-04
     943 5.2761E-01 5.3082E-04  ( 0.264    ,  1.302E-03,   0.00    ) |  5.308E-04 6.782E-04
     944 5.2814E-01 5.3076E-04  ( 0.264    ,  1.302E-03,   0.00    ) |  5.308E-04 6.782E-04
     945 5.2868E-01 5.3070E-04  ( 0.264    ,  1.302E-03,   0.00    ) |  5.307E-04 6.782E-04
     946 5.2921E-01 5.3064E-04  ( 0.264    ,  1.302E-03,   0.00    ) |  5.306E-04 6.782E-04
     947 5.2974E-01 5.3058E-04  ( 0.264    ,  1.302E-03,   0.00    ) |  5.306E-04 6.782E-04
     948 5.3027E-01 5.3052E-04  ( 0.264    ,  1.302E-03,   0.00    ) |  5.305E-04 6.782E-04
     949 5.3080E-01 5.3046E-04  ( 0.264    ,  1.302E-03,   0.00    ) |  5.305E-04 6.782E-04
     950 5.3133E-01 5.3040E-04  ( 0.264    ,  1.302E-03,   0.00    ) |  5.304E-04 6.782E-04
     951 5.3186E-01 5.3034E-04  ( 0.264    ,  1.302E-03,   0.00    ) |  5.303E-04 6.782E-04
     952 5.3239E-01 5.3028E-04  ( 0.264    ,  1.302E-03,   0.00    ) |  5.303E-04 6.782E-04
     953 5.3292E-01 5.3023E-04  ( 0.264    ,  1.302E-03,   0.00    ) |  5.302E-04 6.782E-04
     954 5.3345E-01 5.3017E-04  ( 0.264    ,  1.302E-03,   0.00    ) |  5.302E-04 6.782E-04
     955 5.3398E-01 5.3011E-04  ( 0.264    ,  1.302E-03,   0.00    ) |  5.301E-04 6.782E-04
     956 5.3451E-01 5.3005E-04  ( 0.264    ,  1.302E-03,   0.00    ) |  5.301E-04 6.782E-04
     957 5.3504E-01 5.2999E-04  ( 0.264    ,  1.302E-03,   0.00    ) |  5.300E-04 6.782E-04
     958 5.3557E-01 5.2994E-04  ( 0.264    ,  1.302E-03,   0.00    ) |  5.299E-04 6.782E-04
     959 5.3610E-01 5.2988E-04  ( 0.264    ,  1.302E-03,   0.00    ) |  5.299E-04 6.782E-04
     960 5.3663E-01 5.2982E-04  ( 0.264    ,  1.302E-03,   0.00    ) |  5.298E-04 6.782E-04
     961 5.3716E-01 5.2977E-04  ( 0.264    ,  1.302E-03,   0.00    ) |  5.298E-04 6.782E-04
     962 5.3769E-01 5.2971E-04  (-0.264    ,  1.302E-03,   0.00    ) |  5.297E-04 6.782E-04
     963 5.3822E-01 5.2965E-04  (-0.264    ,  1.302E-03,   0.00    ) |  5.297E-04 6.782E-04
     964 5.3875E-01 5.2960E-04  (-0.264    ,  1.302E-03,   0.00    ) |  5.296E-04 6.782E-04
     965 5.3928E-01 5.2954E-04  (-0.264    ,  1.302E-03,   0.00    ) |  5.295E-04 6.782E-04
     966 5.3981E-01 5.2949E-04  (-0.264    ,  1.302E-03,   0.00    ) |  5.295E-04 6.782E-04
     967 5.4034E-01 5.2943E-04  (-0.264    ,  1.302E-03,   0.00    ) |  5.294E-04 6.782E-04
     968 5.4087E-01 5.2938E-04  (-0.264    ,  1.302E-03,   0.00    ) |  5.294E-04 6.782E-04
     969 5.4140E-01 5.2932E-04  (-0.264    ,  1.302E-03,   0.00    ) |  5.293E-04 6.782E-04
     970 5.4193E-01 5.2927E-04  (-0.264    ,  1.302E-03,   0.00    ) |  5.293E-04 6.782E-04
     971 5.4245E-01 5.2921E-04  (-0.264    ,  1.302E-03,   0.00    ) |  5.292E-04 6.782E-04
     972 5.4298E-01 5.2916E-04  (-0.264    ,  1.302E-03,   0.00    ) |  5.292E-04 6.782E-04
     973 5.4351E-01 5.2910E-04  (-0.264    ,  1.302E-03,   0.00    ) |  5.291E-04 6.782E-04
     974 5.4404E-01 5.2905E-04  (-0.264    ,  1.302E-03,   0.00    ) |  5.290E-04 6.782E-04
     975 5.4457E-01 5.2900E-04  (-0.264    ,  1.302E-03,   0.00    ) |  5.290E-04 6.782E-04
     976 5.4510E-01 5.2894E-04  (-0.264    ,  1.302E-03,   0.00    ) |  5.289E-04 6.782E-04
     977 5.4563E-01 5.2889E-04  (-0.264    ,  1.302E-03,   0.00    ) |  5.289E-04 6.782E-04
     978 5.4616E-01 5.2884E-04  (-0.264    ,  1.302E-03,   0.00    ) |  5.288E-04 6.782E-04
     979 5.4669E-01 5.2878E-04  (-0.264    ,  1.302E-03,   0.00    ) |  5.288E-04 6.782E-04
     980 5.4722E-01 5.2873E-04  (-0.264    ,  1.302E-03,   0.00    ) |  5.287E-04 6.782E-04
     981 5.4774E-01 5.2868E-04  (-0.264    ,  1.302E-03,   0.00    ) |  5.287E-04 6.782E-04
     982 5.4827E-01 5.2863E-04  (-0.264    ,  1.302E-03,   0.00    ) |  5.286E-04 6.782E-04
     983 5.4880E-01 5.2858E-04  (-0.264    ,  1.302E-03,   0.00    ) |  5.286E-04 6.782E-04
     984 5.4933E-01 5.2853E-04  (-0.267    ,  1.302E-03,   0.00    ) |  5.285E-04 6.782E-04
     985 5.4986E-01 5.2847E-04  (-0.267    ,  1.302E-03,   0.00    ) |  5.285E-04 6.782E-04
 *** Wrote plotfile to flash_run_hdf5_plt_cnt_0022 ****
     986 5.5039E-01 5.2842E-04  ( 0.267    , -1.302E-03,   0.00    ) |  5.284E-04 6.782E-04
     987 5.5092E-01 5.2837E-04  (-0.267    ,  1.302E-03,   0.00    ) |  5.284E-04 6.782E-04
     988 5.5144E-01 5.2832E-04  (-0.267    ,  1.302E-03,   0.00    ) |  5.283E-04 6.782E-04
     989 5.5197E-01 5.2827E-04  (-0.267    ,  1.302E-03,   0.00    ) |  5.283E-04 6.782E-04
     990 5.5250E-01 5.2822E-04  (-0.267    ,  1.302E-03,   0.00    ) |  5.282E-04 6.782E-04
     991 5.5303E-01 5.2817E-04  (-0.267    ,  1.302E-03,   0.00    ) |  5.282E-04 6.782E-04
     992 5.5356E-01 5.2812E-04  (-0.267    ,  1.302E-03,   0.00    ) |  5.281E-04 6.782E-04
     993 5.5408E-01 5.2807E-04  (-0.267    ,  1.302E-03,   0.00    ) |  5.281E-04 6.782E-04
     994 5.5461E-01 5.2802E-04  (-0.267    ,  1.302E-03,   0.00    ) |  5.280E-04 6.782E-04
     995 5.5514E-01 5.2797E-04  (-0.267    ,  1.302E-03,   0.00    ) |  5.280E-04 6.782E-04
     996 5.5567E-01 5.2792E-04  (-0.267    ,  1.302E-03,   0.00    ) |  5.279E-04 6.782E-04
     997 5.5620E-01 5.2787E-04  (-0.267    ,  1.302E-03,   0.00    ) |  5.279E-04 6.782E-04
     998 5.5672E-01 5.2783E-04  (-0.267    ,  1.302E-03,   0.00    ) |  5.278E-04 6.782E-04
     999 5.5725E-01 5.2778E-04  (-0.267    ,  1.302E-03,   0.00    ) |  5.278E-04 6.782E-04
    1000 5.5778E-01 5.2773E-04  (-0.267    ,  1.302E-03,   0.00    ) |  5.277E-04 6.782E-04
    1001 5.5831E-01 5.2768E-04  (-0.267    ,  1.302E-03,   0.00    ) |  5.277E-04 6.782E-04
    1002 5.5884E-01 5.2763E-04  ( 0.267    , -1.302E-03,   0.00    ) |  5.276E-04 6.782E-04
    1003 5.5936E-01 5.2759E-04  (-0.267    ,  1.302E-03,   0.00    ) |  5.276E-04 6.782E-04
    1004 5.5989E-01 5.2754E-04  (-0.267    , -1.302E-03,   0.00    ) |  5.275E-04 6.782E-04
    1005 5.6042E-01 5.2749E-04  ( 0.267    , -1.302E-03,   0.00    ) |  5.275E-04 6.782E-04
    1006 5.6095E-01 5.2744E-04  ( 0.267    , -1.302E-03,   0.00    ) |  5.274E-04 6.782E-04
    1007 5.6147E-01 5.2740E-04  ( 0.267    , -1.302E-03,   0.00    ) |  5.274E-04 6.782E-04
    1008 5.6200E-01 5.2735E-04  ( 0.267    , -1.302E-03,   0.00    ) |  5.274E-04 6.782E-04
    1009 5.6253E-01 5.2730E-04  ( 0.267    , -1.302E-03,   0.00    ) |  5.273E-04 6.782E-04
    1010 5.6306E-01 5.2726E-04  ( 0.267    , -1.302E-03,   0.00    ) |  5.273E-04 6.782E-04
    1011 5.6358E-01 5.2721E-04  ( 0.267    , -1.302E-03,   0.00    ) |  5.272E-04 6.782E-04
    1012 5.6411E-01 5.2717E-04  ( 0.267    , -1.302E-03,   0.00    ) |  5.272E-04 6.782E-04
    1013 5.6464E-01 5.2712E-04  ( 0.267    , -1.302E-03,   0.00    ) |  5.271E-04 6.782E-04
    1014 5.6516E-01 5.2708E-04  ( 0.267    , -1.302E-03,   0.00    ) |  5.271E-04 6.782E-04
    1015 5.6569E-01 5.2703E-04  ( 0.267    , -1.302E-03,   0.00    ) |  5.270E-04 6.782E-04
    1016 5.6622E-01 5.2699E-04  ( 0.267    , -1.302E-03,   0.00    ) |  5.270E-04 6.782E-04
    1017 5.6675E-01 5.2694E-04  ( 0.267    , -1.302E-03,   0.00    ) |  5.269E-04 6.782E-04
    1018 5.6727E-01 5.2690E-04  ( 0.267    , -1.302E-03,   0.00    ) |  5.269E-04 6.782E-04
    1019 5.6780E-01 5.2685E-04  ( 0.267    , -1.302E-03,   0.00    ) |  5.269E-04 6.782E-04
    1020 5.6833E-01 5.2681E-04  ( 0.267    , -1.302E-03,   0.00    ) |  5.268E-04 6.782E-04
    1021 5.6885E-01 5.2677E-04  ( 0.267    , -1.302E-03,   0.00    ) |  5.268E-04 6.782E-04
    1022 5.6938E-01 5.2672E-04  ( 0.267    , -1.302E-03,   0.00    ) |  5.267E-04 6.782E-04
    1023 5.6991E-01 5.2668E-04  ( 0.267    , -1.302E-03,   0.00    ) |  5.267E-04 6.782E-04
    1024 5.7043E-01 5.2663E-04  ( 0.270    , -1.302E-03,   0.00    ) |  5.266E-04 6.782E-04
    1025 5.7096E-01 5.2659E-04  ( 0.270    , -1.302E-03,   0.00    ) |  5.266E-04 6.782E-04
    1026 5.7149E-01 5.2655E-04  ( 0.270    , -1.302E-03,   0.00    ) |  5.265E-04 6.782E-04
    1027 5.7201E-01 5.2650E-04  ( 0.270    , -1.302E-03,   0.00    ) |  5.265E-04 6.782E-04
    1028 5.7254E-01 5.2646E-04  ( 0.270    , -1.302E-03,   0.00    ) |  5.265E-04 6.782E-04
    1029 5.7307E-01 5.2642E-04  ( 0.270    , -1.302E-03,   0.00    ) |  5.264E-04 6.782E-04
    1030 5.7359E-01 5.2638E-04  ( 0.270    , -1.302E-03,   0.00    ) |  5.264E-04 6.782E-04
    1031 5.7412E-01 5.2633E-04  ( 0.270    , -1.302E-03,   0.00    ) |  5.263E-04 6.782E-04
    1032 5.7464E-01 5.2629E-04  ( 0.270    , -1.302E-03,   0.00    ) |  5.263E-04 6.782E-04
 *** Wrote plotfile to flash_run_hdf5_plt_cnt_0023 ****
    1033 5.7517E-01 5.2625E-04  ( 0.270    , -1.302E-03,   0.00    ) |  5.262E-04 6.782E-04
    1034 5.7570E-01 5.2621E-04  ( 0.270    , -1.302E-03,   0.00    ) |  5.262E-04 6.782E-04
    1035 5.7622E-01 5.2616E-04  ( 0.270    , -1.302E-03,   0.00    ) |  5.262E-04 6.782E-04
    1036 5.7675E-01 5.2612E-04  ( 0.270    , -1.302E-03,   0.00    ) |  5.261E-04 6.782E-04
    1037 5.7728E-01 5.2608E-04  ( 0.270    , -1.302E-03,   0.00    ) |  5.261E-04 6.782E-04
    1038 5.7780E-01 5.2604E-04  ( 0.270    , -1.302E-03,   0.00    ) |  5.260E-04 6.782E-04
    1039 5.7833E-01 5.2600E-04  ( 0.270    , -1.302E-03,   0.00    ) |  5.260E-04 6.782E-04
    1040 5.7885E-01 5.2596E-04  ( 0.270    , -1.302E-03,   0.00    ) |  5.260E-04 6.782E-04
    1041 5.7938E-01 5.2591E-04  ( 0.270    , -1.302E-03,   0.00    ) |  5.259E-04 6.782E-04
    1042 5.7991E-01 5.2587E-04  ( 0.270    , -1.302E-03,   0.00    ) |  5.259E-04 6.782E-04
    1043 5.8043E-01 5.2583E-04  ( 0.270    , -1.302E-03,   0.00    ) |  5.258E-04 6.782E-04
    1044 5.8096E-01 5.2579E-04  ( 0.270    , -1.302E-03,   0.00    ) |  5.258E-04 6.782E-04
    1045 5.8148E-01 5.2575E-04  ( 0.270    , -1.302E-03,   0.00    ) |  5.258E-04 6.782E-04
    1046 5.8201E-01 5.2571E-04  ( 0.270    , -1.302E-03,   0.00    ) |  5.257E-04 6.782E-04
    1047 5.8253E-01 5.2567E-04  ( 0.270    , -1.302E-03,   0.00    ) |  5.257E-04 6.782E-04
    1048 5.8306E-01 5.2563E-04  ( 0.270    , -1.302E-03,   0.00    ) |  5.256E-04 6.782E-04
    1049 5.8359E-01 5.2559E-04  ( 0.270    , -1.302E-03,   0.00    ) |  5.256E-04 6.782E-04
    1050 5.8411E-01 5.2555E-04  ( 0.270    , -1.302E-03,   0.00    ) |  5.255E-04 6.782E-04
    1051 5.8464E-01 5.2551E-04  ( 0.270    , -1.302E-03,   0.00    ) |  5.255E-04 6.782E-04
    1052 5.8516E-01 5.2547E-04  ( 0.270    , -1.302E-03,   0.00    ) |  5.255E-04 6.782E-04
    1053 5.8569E-01 5.2543E-04  ( 0.270    , -1.302E-03,   0.00    ) |  5.254E-04 6.782E-04
    1054 5.8621E-01 5.2539E-04  ( 0.270    , -1.302E-03,   0.00    ) |  5.254E-04 6.782E-04
    1055 5.8674E-01 5.2535E-04  ( 0.270    , -1.302E-03,   0.00    ) |  5.254E-04 6.782E-04
    1056 5.8726E-01 5.2531E-04  ( 0.270    , -1.302E-03,   0.00    ) |  5.253E-04 6.782E-04
    1057 5.8779E-01 5.2527E-04  ( 0.270    , -1.302E-03,   0.00    ) |  5.253E-04 6.782E-04
    1058 5.8831E-01 5.2523E-04  ( 0.270    , -1.302E-03,   0.00    ) |  5.252E-04 6.782E-04
    1059 5.8884E-01 5.2519E-04  (-0.270    ,  1.302E-03,   0.00    ) |  5.252E-04 6.782E-04
    1060 5.8937E-01 5.2515E-04  ( 0.270    , -1.302E-03,   0.00    ) |  5.252E-04 6.782E-04
    1061 5.8989E-01 5.2512E-04  ( 0.270    , -1.302E-03,   0.00    ) |  5.251E-04 6.782E-04
    1062 5.9042E-01 5.2508E-04  ( 0.270    , -1.302E-03,   0.00    ) |  5.251E-04 6.782E-04
    1063 5.9094E-01 5.2504E-04  ( 0.270    , -1.302E-03,   0.00    ) |  5.250E-04 6.782E-04
    1064 5.9147E-01 5.2500E-04  ( 0.272    , -1.302E-03,   0.00    ) |  5.250E-04 6.782E-04
    1065 5.9199E-01 5.2496E-04  ( 0.272    , -1.302E-03,   0.00    ) |  5.250E-04 6.782E-04
    1066 5.9252E-01 5.2492E-04  ( 0.272    , -1.302E-03,   0.00    ) |  5.249E-04 6.782E-04
    1067 5.9304E-01 5.2488E-04  (-0.272    ,  1.302E-03,   0.00    ) |  5.249E-04 6.782E-04
    1068 5.9357E-01 5.2485E-04  ( 0.272    ,  1.302E-03,   0.00    ) |  5.248E-04 6.782E-04
    1069 5.9409E-01 5.2481E-04  ( 0.272    ,  1.302E-03,   0.00    ) |  5.248E-04 6.782E-04
    1070 5.9462E-01 5.2477E-04  ( 0.272    , -1.302E-03,   0.00    ) |  5.248E-04 6.782E-04
    1071 5.9514E-01 5.2473E-04  ( 0.272    , -1.302E-03,   0.00    ) |  5.247E-04 6.782E-04
    1072 5.9566E-01 5.2470E-04  ( 0.272    , -1.302E-03,   0.00    ) |  5.247E-04 6.782E-04
    1073 5.9619E-01 5.2466E-04  ( 0.272    , -1.302E-03,   0.00    ) |  5.247E-04 6.782E-04
    1074 5.9671E-01 5.2462E-04  ( 0.272    , -1.302E-03,   0.00    ) |  5.246E-04 6.782E-04
    1075 5.9724E-01 5.2459E-04  ( 0.272    , -1.302E-03,   0.00    ) |  5.246E-04 6.782E-04
    1076 5.9776E-01 5.2455E-04  ( 0.272    , -1.302E-03,   0.00    ) |  5.246E-04 6.782E-04
    1077 5.9829E-01 5.2452E-04  ( 0.272    , -1.302E-03,   0.00    ) |  5.245E-04 6.782E-04
    1078 5.9881E-01 5.2448E-04  ( 0.272    , -1.302E-03,   0.00    ) |  5.245E-04 6.782E-04
    1079 5.9934E-01 5.2445E-04  ( 0.272    , -1.302E-03,   0.00    ) |  5.244E-04 6.782E-04
    1080 5.9986E-01 5.2441E-04  ( 0.272    , -1.302E-03,   0.00    ) |  5.244E-04 6.782E-04
Shortening dt from 5.2441406380148976405E-04 to 1.3876617926600331998E-04 for reaching tmax= 0.5999999999999999778    
    1081 6.0000E-01 1.6652E-04  ( 0.272    , -1.302E-03,   0.00    ) |  5.244E-04 6.782E-04
 *** Wrote checkpoint file to flash_run_hdf5_chk_0001 ****
 *** Wrote plotfile to flash_run_forced_hdf5_plt_cnt_0000 ****
