hwloc/linux: failed to find sysfs cpu topology directory, aborting linux discovery.
hwloc/linux: failed to find sysfs cpu topology directory, aborting linux discovery.
hwloc/linux: failed to find sysfs cpu topology directory, aborting linux discovery.
hwloc/linux: failed to find sysfs cpu topology directory, aborting linux discovery.
hwloc/linux: failed to find sysfs cpu topology directory, aborting linux discovery.
hwloc/linux: failed to find sysfs cpu topology directory, aborting linux discovery.
hwloc/linux: failed to find sysfs cpu topology directory, aborting linux discovery.
hwloc/linux: failed to find sysfs cpu topology directory, aborting linux discovery.
hwloc/linux: failed to find sysfs cpu topology directory, aborting linux discovery.
hwloc/linux: failed to find sysfs cpu topology directory, aborting linux discovery.
[1791439416.660234] [Rog-GA401:7    :0]       tcp_iface.c:893  UCX  ERROR scandir(/sys/class/net) failed: No such file or directory
[1791439416.660242] [Rog-GA401:8    :0]       tcp_iface.c:893  UCX  ERROR scandir(/sys/class/net) failed: No such file or directory
[1791439416.660176] [Rog-GA401:9    :0]       tcp_iface.c:893  UCX  ERROR scandir(/sys/class/net) failed: No such file or directory
[1791439416.660354] [Rog-GA401:10   :0]       tcp_iface.c:893  UCX  ERROR scandir(/sys/class/net) failed: No such file or directory
 MaterialProperties initialized
 Cosmology initialized
 Source terms initialized
  Finished with Grid_initDomain, no restart
 Ready to call Hydro_init
 Hydro initialized
 Gravity initialized
 Initial dt verified
 *** Wrote checkpoint file to flash_run_hdf5_chk_0000 ****
 *** Wrote plotfile to flash_run_hdf5_plt_cnt_0000 ****
 Initial plotfile written
 Driver init all done
       n          t         dt  (         x,          y,          z) |  dt_hydro  dt_Diff  
       1 1.0000E-06 1.2000E-06  (-1.953E-03, -5.273E-02,   0.00    ) |  9.284E-04 1.221E-02
       2 2.2000E-06 1.4400E-06  (-1.953E-03, -5.273E-02,   0.00    ) |  9.284E-04 1.221E-02
       3 3.6400E-06 1.7280E-06  (-1.953E-03, -5.273E-02,   0.00    ) |  9.284E-04 1.221E-02
       4 5.3680E-06 2.0736E-06  (-1.953E-03, -5.273E-02,   0.00    ) |  9.284E-04 1.221E-02
       5 7.4416E-06 2.4883E-06  (-1.953E-03, -5.273E-02,   0.00    ) |  9.284E-04 1.221E-02
       6 9.9299E-06 2.9860E-06  (-1.953E-03, -5.273E-02,   0.00    ) |  9.284E-04 1.221E-02
       7 1.2916E-05 3.5832E-06  (-1.953E-03, -5.273E-02,   0.00    ) |  9.284E-04 1.221E-02
       8 1.6499E-05 4.2998E-06  (-1.953E-03, -5.273E-02,   0.00    ) |  9.284E-04 1.221E-02
       9 2.0799E-05 5.1598E-06  (-1.953E-03, -5.273E-02,   0.00    ) |  9.284E-04 1.221E-02
      10 2.5959E-05 6.1917E-06  (-1.953E-03, -5.273E-02,   0.00    ) |  9.284E-04 1.221E-02
      11 3.2150E-05 7.4301E-06  (-1.953E-03, -5.273E-02,   0.00    ) |  9.284E-04 1.221E-02
      12 3.9581E-05 8.9161E-06  (-1.953E-03, -5.273E-02,   0.00    ) |  9.284E-04 1.221E-02
      13 4.8497E-05 1.0699E-05  (-1.953E-03, -5.273E-02,   0.00    ) |  9.284E-04 1.221E-02
      14 5.9196E-05 1.2839E-05  (-1.953E-03, -5.273E-02,   0.00    ) |  9.284E-04 1.221E-02
      15 7.2035E-05 1.5407E-05  (-1.953E-03, -5.273E-02,   0.00    ) |  9.284E-04 1.221E-02
      16 8.7442E-05 1.8488E-05  (-1.953E-03, -5.273E-02,   0.00    ) |  9.284E-04 1.221E-02
      17 1.0593E-04 2.2186E-05  (-1.953E-03, -5.273E-02,   0.00    ) |  9.284E-04 1.221E-02
      18 1.2812E-04 2.6623E-05  (-1.953E-03, -5.273E-02,   0.00    ) |  9.284E-04 1.221E-02
      19 1.5474E-04 3.1948E-05  (-1.953E-03, -5.273E-02,   0.00    ) |  9.284E-04 1.221E-02
      20 1.8669E-04 3.8338E-05  (-1.953E-03, -5.273E-02,   0.00    ) |  9.284E-04 1.221E-02
      21 2.2503E-04 4.6005E-05  (-1.953E-03, -5.273E-02,   0.00    ) |  9.284E-04 1.221E-02
      22 2.7103E-04 5.5206E-05  (-1.953E-03, -5.273E-02,   0.00    ) |  9.284E-04 1.221E-02
      23 3.2624E-04 6.6247E-05  (-1.953E-03, -5.273E-02,   0.00    ) |  9.284E-04 1.221E-02
      24 3.9248E-04 7.9497E-05  (-1.953E-03, -5.273E-02,   0.00    ) |  9.284E-04 1.221E-02
      25 4.7198E-04 9.5396E-05  (-1.953E-03, -5.273E-02,   0.00    ) |  9.284E-04 1.221E-02
      26 5.6738E-04 1.1448E-04  (-1.953E-03, -5.273E-02,   0.00    ) |  9.284E-04 1.221E-02
      27 6.8185E-04 1.3737E-04  (-1.953E-03, -5.273E-02,   0.00    ) |  9.284E-04 1.221E-02
      28 8.1922E-04 1.6484E-04  (-1.953E-03, -5.273E-02,   0.00    ) |  9.284E-04 1.221E-02
      29 9.8407E-04 1.9781E-04  (-1.953E-03, -5.273E-02,   0.00    ) |  9.284E-04 1.221E-02
      30 1.1819E-03 2.3738E-04  (-1.953E-03, -5.273E-02,   0.00    ) |  9.284E-04 1.221E-02
      31 1.4193E-03 2.8485E-04  (-1.953E-03, -5.273E-02,   0.00    ) |  9.284E-04 1.221E-02
      32 1.7041E-03 3.4182E-04  (-1.953E-03, -5.273E-02,   0.00    ) |  9.284E-04 1.221E-02
      33 2.0459E-03 4.1019E-04  (-1.953E-03,  5.273E-02,   0.00    ) |  9.284E-04 1.221E-02
      34 2.4561E-03 4.9222E-04  (-1.953E-03,  5.273E-02,   0.00    ) |  9.284E-04 1.221E-02
      35 2.9483E-03 5.9067E-04  ( 1.953E-03,  5.273E-02,   0.00    ) |  9.284E-04 1.221E-02
      36 3.5390E-03 7.0880E-04  ( 1.953E-03,  5.273E-02,   0.00    ) |  9.284E-04 1.221E-02
      37 4.2478E-03 8.5056E-04  (-1.953E-03, -5.273E-02,   0.00    ) |  9.284E-04 1.221E-02
      38 5.0984E-03 9.2842E-04  (-1.953E-03, -5.273E-02,   0.00    ) |  9.284E-04 1.221E-02
      39 6.0268E-03 9.2842E-04  (-1.953E-03, -5.273E-02,   0.00    ) |  9.284E-04 1.221E-02
      40 6.9552E-03 9.2841E-04  (-1.953E-03, -5.273E-02,   0.00    ) |  9.284E-04 1.221E-02
      41 7.8836E-03 9.2841E-04  (-1.953E-03, -5.273E-02,   0.00    ) |  9.284E-04 1.221E-02
      42 8.8120E-03 9.2841E-04  ( 1.953E-03,  5.273E-02,   0.00    ) |  9.284E-04 1.221E-02
      43 9.7404E-03 9.2841E-04  (-1.953E-03, -5.273E-02,   0.00    ) |  9.284E-04 1.221E-02
      44 1.0669E-02 9.2841E-04  (-1.953E-03, -5.273E-02,   0.00    ) |  9.284E-04 1.221E-02
      45 1.1597E-02 9.2841E-04  ( 1.953E-03,  5.273E-02,   0.00    ) |  9.284E-04 1.221E-02
      46 1.2526E-02 9.2840E-04  ( 1.953E-03, -5.273E-02,   0.00    ) |  9.284E-04 1.221E-02
      47 1.3454E-02 9.2839E-04  ( 1.953E-03,  5.273E-02,   0.00    ) |  9.284E-04 1.221E-02
      48 1.4382E-02 9.2838E-04  (-1.953E-03, -5.273E-02,   0.00    ) |  9.284E-04 1.221E-02
      49 1.5311E-02 9.2837E-04  (-1.953E-03, -5.273E-02,   0.00    ) |  9.284E-04 1.221E-02
      50 1.6239E-02 9.2835E-04  (-1.953E-03, -5.273E-02,   0.00    ) |  9.284E-04 1.221E-02
      51 1.7168E-02 9.2833E-04  ( 1.953E-03,  5.273E-02,   0.00    ) |  9.283E-04 1.221E-02
      52 1.8096E-02 9.2831E-04  (-1.953E-03, -5.273E-02,   0.00    ) |  9.283E-04 1.221E-02
      53 1.9024E-02 9.2828E-04  ( 1.953E-03, -5.273E-02,   0.00    ) |  9.283E-04 1.221E-02
      54 1.9952E-02 9.2825E-04  (-1.953E-03,  5.273E-02,   0.00    ) |  9.282E-04 1.221E-02
      55 2.0881E-02 9.2821E-04  (-1.953E-03, -5.273E-02,   0.00    ) |  9.282E-04 1.221E-02
      56 2.1809E-02 9.2817E-04  ( 1.953E-03, -5.273E-02,   0.00    ) |  9.282E-04 1.221E-02
      57 2.2737E-02 9.2812E-04  ( 1.953E-03,  5.273E-02,   0.00    ) |  9.281E-04 1.221E-02
      58 2.3665E-02 9.2807E-04  ( 1.953E-03, -5.273E-02,   0.00    ) |  9.281E-04 1.221E-02
      59 2.4593E-02 9.2801E-04  ( 1.953E-03,  5.273E-02,   0.00    ) |  9.280E-04 1.221E-02
 *** Wrote plotfile to flash_run_hdf5_plt_cnt_0001 ****
      60 2.5521E-02 9.2795E-04  ( 1.953E-03,  5.273E-02,   0.00    ) |  9.279E-04 1.221E-02
      61 2.6449E-02 9.2789E-04  ( 1.953E-03, -5.273E-02,   0.00    ) |  9.279E-04 1.221E-02
      62 2.7377E-02 9.2782E-04  ( 1.953E-03,  5.273E-02,   0.00    ) |  9.278E-04 1.221E-02
      63 2.8305E-02 9.2776E-04  ( 1.953E-03,  5.273E-02,   0.00    ) |  9.278E-04 1.221E-02
      64 2.9233E-02 9.2769E-04  ( 1.953E-03,  5.273E-02,   0.00    ) |  9.277E-04 1.221E-02
      65 3.0160E-02 9.2762E-04  ( 1.953E-03,  5.273E-02,   0.00    ) |  9.276E-04 1.221E-02
      66 3.1088E-02 9.2755E-04  ( 1.953E-03,  5.273E-02,   0.00    ) |  9.276E-04 1.221E-02
      67 3.2016E-02 9.2749E-04  ( 1.953E-03,  5.273E-02,   0.00    ) |  9.275E-04 1.221E-02
      68 3.2943E-02 9.2742E-04  ( 1.953E-03,  5.273E-02,   0.00    ) |  9.274E-04 1.221E-02
      69 3.3870E-02 9.2735E-04  ( 1.953E-03,  5.273E-02,   0.00    ) |  9.274E-04 1.221E-02
      70 3.4798E-02 9.2729E-04  ( 1.953E-03,  5.273E-02,   0.00    ) |  9.273E-04 1.221E-02
      71 3.5725E-02 9.2722E-04  ( 1.953E-03,  5.273E-02,   0.00    ) |  9.272E-04 1.221E-02
      72 3.6652E-02 9.2715E-04  ( 1.953E-03,  5.273E-02,   0.00    ) |  9.272E-04 1.221E-02
      73 3.7579E-02 9.2709E-04  ( 1.953E-03,  5.273E-02,   0.00    ) |  9.271E-04 1.221E-02
      74 3.8507E-02 9.2702E-04  ( 1.953E-03,  5.273E-02,   0.00    ) |  9.270E-04 1.221E-02
      75 3.9434E-02 9.2696E-04  ( 1.953E-03,  5.273E-02,   0.00    ) |  9.270E-04 1.221E-02
      76 4.0361E-02 9.2690E-04  ( 1.953E-03,  5.273E-02,   0.00    ) |  9.269E-04 1.221E-02
      77 4.1287E-02 9.2684E-04  ( 1.953E-03,  5.273E-02,   0.00    ) |  9.268E-04 1.221E-02
      78 4.2214E-02 9.2678E-04  ( 1.953E-03,  5.273E-02,   0.00    ) |  9.268E-04 1.221E-02
      79 4.3141E-02 9.2672E-04  ( 1.953E-03,  5.273E-02,   0.00    ) |  9.267E-04 1.221E-02
      80 4.4068E-02 9.2667E-04  ( 1.953E-03,  5.273E-02,   0.00    ) |  9.267E-04 1.221E-02
      81 4.4994E-02 9.2661E-04  ( 1.953E-03,  5.273E-02,   0.00    ) |  9.266E-04 1.221E-02
      82 4.5921E-02 9.2656E-04  ( 1.953E-03,  5.273E-02,   0.00    ) |  9.266E-04 1.221E-02
      83 4.6848E-02 9.2651E-04  ( 1.953E-03,  5.273E-02,   0.00    ) |  9.265E-04 1.221E-02
      84 4.7774E-02 9.2646E-04  ( 1.953E-03,  5.273E-02,   0.00    ) |  9.265E-04 1.221E-02
      85 4.8701E-02 9.2641E-04  ( 1.953E-03,  5.273E-02,   0.00    ) |  9.264E-04 1.221E-02
      86 4.9627E-02 9.2636E-04  ( 1.953E-03,  5.273E-02,   0.00    ) |  9.264E-04 1.221E-02
 *** Wrote plotfile to flash_run_hdf5_plt_cnt_0002 ****
      87 5.0553E-02 9.2631E-04  ( 1.953E-03,  5.273E-02,   0.00    ) |  9.263E-04 1.221E-02
      88 5.1480E-02 9.2626E-04  ( 1.953E-03,  5.273E-02,   0.00    ) |  9.263E-04 1.221E-02
      89 5.2406E-02 9.2622E-04  ( 1.953E-03,  5.273E-02,   0.00    ) |  9.262E-04 1.221E-02
      90 5.3332E-02 9.2617E-04  ( 1.953E-03,  5.273E-02,   0.00    ) |  9.262E-04 1.221E-02
      91 5.4258E-02 9.2613E-04  ( 1.953E-03,  5.273E-02,   0.00    ) |  9.261E-04 1.221E-02
      92 5.5184E-02 9.2609E-04  ( 1.953E-03,  5.273E-02,   0.00    ) |  9.261E-04 1.221E-02
      93 5.6111E-02 9.2604E-04  ( 1.953E-03,  5.273E-02,   0.00    ) |  9.260E-04 1.221E-02
      94 5.7037E-02 9.2600E-04  ( 1.953E-03,  5.273E-02,   0.00    ) |  9.260E-04 1.221E-02
      95 5.7963E-02 9.2597E-04  ( 1.953E-03,  5.273E-02,   0.00    ) |  9.260E-04 1.221E-02
      96 5.8889E-02 9.2593E-04  ( 1.953E-03,  5.273E-02,   0.00    ) |  9.259E-04 1.221E-02
      97 5.9815E-02 9.2589E-04  ( 1.953E-03,  5.273E-02,   0.00    ) |  9.259E-04 1.221E-02
      98 6.0740E-02 9.2586E-04  ( 1.953E-03,  5.273E-02,   0.00    ) |  9.259E-04 1.221E-02
      99 6.1666E-02 9.2582E-04  ( 1.953E-03,  5.273E-02,   0.00    ) |  9.258E-04 1.221E-02
     100 6.2592E-02 9.2579E-04  ( 1.953E-03,  5.273E-02,   0.00    ) |  9.258E-04 1.221E-02
     101 6.3518E-02 9.2575E-04  ( 1.953E-03,  5.273E-02,   0.00    ) |  9.258E-04 1.221E-02
     102 6.4444E-02 9.2572E-04  ( 1.953E-03,  5.273E-02,   0.00    ) |  9.257E-04 1.221E-02
     103 6.5369E-02 9.2568E-04  ( 1.953E-03,  5.273E-02,   0.00    ) |  9.257E-04 1.221E-02
     104 6.6295E-02 9.2565E-04  ( 1.953E-03,  5.273E-02,   0.00    ) |  9.256E-04 1.221E-02
     105 6.7221E-02 9.2561E-04  ( 1.953E-03,  5.273E-02,   0.00    ) |  9.256E-04 1.221E-02
     106 6.8146E-02 9.2558E-04  ( 1.953E-03,  5.273E-02,   0.00    ) |  9.256E-04 1.221E-02
     107 6.9072E-02 9.2555E-04  ( 1.953E-03,  5.273E-02,   0.00    ) |  9.255E-04 1.221E-02
     108 6.9997E-02 9.2552E-04  ( 1.953E-03,  5.273E-02,   0.00    ) |  9.255E-04 1.221E-02
     109 7.0923E-02 9.2549E-04  ( 1.953E-03,  5.273E-02,   0.00    ) |  9.255E-04 1.221E-02
     110 7.1848E-02 9.2546E-04  (-1.953E-03,  5.273E-02,   0.00    ) |  9.255E-04 1.221E-02
     111 7.2774E-02 9.2543E-04  ( 1.953E-03,  5.273E-02,   0.00    ) |  9.254E-04 1.221E-02
     112 7.3699E-02 9.2540E-04  ( 1.953E-03,  5.273E-02,   0.00    ) |  9.254E-04 1.221E-02
     113 7.4625E-02 9.2537E-04  ( 1.953E-03,  5.273E-02,   0.00    ) |  9.254E-04 1.221E-02
 *** Wrote plotfile to flash_run_hdf5_plt_cnt_0003 ****
     114 7.5550E-02 9.2535E-04  ( 1.953E-03,  5.273E-02,   0.00    ) |  9.253E-04 1.221E-02
     115 7.6475E-02 9.2532E-04  ( 1.953E-03,  5.273E-02,   0.00    ) |  9.253E-04 1.221E-02
     116 7.7401E-02 9.2529E-04  ( 1.953E-03,  5.273E-02,   0.00    ) |  9.253E-04 1.221E-02
     117 7.8326E-02 9.2526E-04  ( 1.953E-03,  5.273E-02,   0.00    ) |  9.253E-04 1.221E-02
     118 7.9251E-02 9.2524E-04  ( 1.953E-03,  5.273E-02,   0.00    ) |  9.252E-04 1.221E-02
     119 8.0177E-02 9.2521E-04  ( 1.953E-03,  5.273E-02,   0.00    ) |  9.252E-04 1.221E-02
     120 8.1102E-02 9.2519E-04  ( 1.953E-03,  5.273E-02,   0.00    ) |  9.252E-04 1.221E-02
     121 8.2027E-02 9.2516E-04  ( 1.953E-03,  5.273E-02,   0.00    ) |  9.252E-04 1.221E-02
     122 8.2952E-02 9.2514E-04  ( 1.953E-03,  5.273E-02,   0.00    ) |  9.251E-04 1.221E-02
     123 8.3877E-02 9.2511E-04  ( 1.953E-03,  5.273E-02,   0.00    ) |  9.251E-04 1.221E-02
     124 8.4802E-02 9.2509E-04  ( 1.953E-03,  5.273E-02,   0.00    ) |  9.251E-04 1.221E-02
     125 8.5727E-02 9.2507E-04  ( 1.953E-03,  5.273E-02,   0.00    ) |  9.251E-04 1.221E-02
     126 8.6653E-02 9.2505E-04  ( 1.953E-03,  5.273E-02,   0.00    ) |  9.250E-04 1.221E-02
     127 8.7578E-02 9.2502E-04  ( 1.953E-03,  5.273E-02,   0.00    ) |  9.250E-04 1.221E-02
     128 8.8503E-02 9.2500E-04  ( 1.953E-03,  5.273E-02,   0.00    ) |  9.250E-04 1.221E-02
     129 8.9428E-02 9.2498E-04  ( 1.953E-03,  5.273E-02,   0.00    ) |  9.250E-04 1.221E-02
     130 9.0353E-02 9.2496E-04  ( 1.953E-03,  5.273E-02,   0.00    ) |  9.250E-04 1.221E-02
     131 9.1278E-02 9.2494E-04  ( 1.953E-03,  5.273E-02,   0.00    ) |  9.249E-04 1.221E-02
     132 9.2202E-02 9.2491E-04  ( 1.953E-03,  5.273E-02,   0.00    ) |  9.249E-04 1.221E-02
     133 9.3127E-02 9.2489E-04  ( 1.953E-03,  5.273E-02,   0.00    ) |  9.249E-04 1.221E-02
     134 9.4052E-02 9.2487E-04  ( 1.953E-03,  5.273E-02,   0.00    ) |  9.249E-04 1.221E-02
     135 9.4977E-02 9.2486E-04  ( 1.953E-03,  5.273E-02,   0.00    ) |  9.249E-04 1.221E-02
     136 9.5902E-02 9.2484E-04  ( 1.953E-03,  5.273E-02,   0.00    ) |  9.248E-04 1.221E-02
     137 9.6827E-02 9.2482E-04  ( 1.953E-03,  5.273E-02,   0.00    ) |  9.248E-04 1.221E-02
     138 9.7752E-02 9.2480E-04  ( 1.953E-03,  5.273E-02,   0.00    ) |  9.248E-04 1.221E-02
     139 9.8676E-02 9.2479E-04  ( 1.953E-03,  5.273E-02,   0.00    ) |  9.248E-04 1.221E-02
     140 9.9601E-02 9.2477E-04  ( 1.953E-03,  5.273E-02,   0.00    ) |  9.248E-04 1.221E-02
 *** Wrote plotfile to flash_run_hdf5_plt_cnt_0004 ****
     141 1.0053E-01 9.2475E-04  ( 1.953E-03,  5.273E-02,   0.00    ) |  9.248E-04 1.221E-02
     142 1.0145E-01 9.2474E-04  ( 1.953E-03,  5.273E-02,   0.00    ) |  9.247E-04 1.221E-02
     143 1.0238E-01 9.2472E-04  ( 1.953E-03,  5.273E-02,   0.00    ) |  9.247E-04 1.221E-02
     144 1.0330E-01 9.2470E-04  ( 1.953E-03,  5.273E-02,   0.00    ) |  9.247E-04 1.221E-02
     145 1.0422E-01 9.2469E-04  ( 1.953E-03,  5.273E-02,   0.00    ) |  9.247E-04 1.221E-02
     146 1.0515E-01 9.2467E-04  ( 1.953E-03,  5.273E-02,   0.00    ) |  9.247E-04 1.221E-02
     147 1.0607E-01 9.2466E-04  ( 1.953E-03,  5.273E-02,   0.00    ) |  9.247E-04 1.221E-02
     148 1.0700E-01 9.2465E-04  ( 1.953E-03,  5.273E-02,   0.00    ) |  9.246E-04 1.221E-02
     149 1.0792E-01 9.2463E-04  ( 1.953E-03,  5.273E-02,   0.00    ) |  9.246E-04 1.221E-02
     150 1.0885E-01 9.2462E-04  ( 1.953E-03,  5.273E-02,   0.00    ) |  9.246E-04 1.221E-02
     151 1.0977E-01 9.2461E-04  (-1.953E-03,  5.273E-02,   0.00    ) |  9.246E-04 1.221E-02
     152 1.1070E-01 9.2460E-04  ( 1.953E-03,  5.273E-02,   0.00    ) |  9.246E-04 1.221E-02
     153 1.1162E-01 9.2459E-04  ( 1.953E-03,  5.273E-02,   0.00    ) |  9.246E-04 1.221E-02
     154 1.1255E-01 9.2458E-04  ( 1.953E-03,  5.273E-02,   0.00    ) |  9.246E-04 1.221E-02
     155 1.1347E-01 9.2457E-04  ( 1.953E-03,  5.273E-02,   0.00    ) |  9.246E-04 1.221E-02
     156 1.1440E-01 9.2456E-04  ( 1.953E-03,  5.273E-02,   0.00    ) |  9.246E-04 1.221E-02
     157 1.1532E-01 9.2455E-04  ( 1.953E-03,  5.273E-02,   0.00    ) |  9.245E-04 1.221E-02
     158 1.1624E-01 9.2454E-04  ( 1.953E-03,  5.273E-02,   0.00    ) |  9.245E-04 1.221E-02
     159 1.1717E-01 9.2453E-04  ( 1.953E-03,  5.273E-02,   0.00    ) |  9.245E-04 1.221E-02
     160 1.1809E-01 9.2452E-04  ( 1.953E-03,  5.273E-02,   0.00    ) |  9.245E-04 1.221E-02
     161 1.1902E-01 9.2452E-04  ( 1.953E-03,  5.273E-02,   0.00    ) |  9.245E-04 1.221E-02
     162 1.1994E-01 9.2451E-04  ( 1.953E-03,  5.273E-02,   0.00    ) |  9.245E-04 1.221E-02
     163 1.2087E-01 9.2450E-04  ( 1.953E-03,  5.273E-02,   0.00    ) |  9.245E-04 1.221E-02
     164 1.2179E-01 9.2450E-04  ( 1.953E-03,  5.273E-02,   0.00    ) |  9.245E-04 1.221E-02
     165 1.2272E-01 9.2449E-04  ( 1.953E-03,  5.273E-02,   0.00    ) |  9.245E-04 1.221E-02
     166 1.2364E-01 9.2448E-04  (-1.953E-03,  5.273E-02,   0.00    ) |  9.245E-04 1.221E-02
     167 1.2457E-01 9.2448E-04  (-1.953E-03, -4.883E-02,   0.00    ) |  9.245E-04 1.221E-02
 *** Wrote plotfile to flash_run_hdf5_plt_cnt_0005 ****
     168 1.2549E-01 9.2447E-04  ( 1.953E-03, -4.883E-02,   0.00    ) |  9.245E-04 1.221E-02
     169 1.2641E-01 9.2445E-04  ( 1.953E-03,  4.883E-02,   0.00    ) |  9.245E-04 1.221E-02
     170 1.2734E-01 9.2444E-04  ( 1.953E-03,  4.883E-02,   0.00    ) |  9.244E-04 1.221E-02
     171 1.2826E-01 9.2443E-04  ( 1.953E-03,  4.883E-02,   0.00    ) |  9.244E-04 1.221E-02
     172 1.2919E-01 9.2442E-04  ( 1.953E-03,  4.883E-02,   0.00    ) |  9.244E-04 1.221E-02
     173 1.3011E-01 9.2441E-04  ( 1.953E-03,  4.883E-02,   0.00    ) |  9.244E-04 1.221E-02
     174 1.3104E-01 9.2440E-04  (-1.953E-03, -4.883E-02,   0.00    ) |  9.244E-04 1.221E-02
     175 1.3196E-01 9.2439E-04  ( 1.953E-03,  4.883E-02,   0.00    ) |  9.244E-04 1.221E-02
     176 1.3289E-01 9.2438E-04  (-1.953E-03, -4.883E-02,   0.00    ) |  9.244E-04 1.221E-02
     177 1.3381E-01 9.2437E-04  (-1.953E-03, -4.883E-02,   0.00    ) |  9.244E-04 1.221E-02
     178 1.3473E-01 9.2436E-04  (-1.953E-03, -4.883E-02,   0.00    ) |  9.244E-04 1.221E-02
     179 1.3566E-01 9.2435E-04  (-1.953E-03, -4.883E-02,   0.00    ) |  9.244E-04 1.221E-02
     180 1.3658E-01 9.2434E-04  ( 1.953E-03,  4.883E-02,   0.00    ) |  9.243E-04 1.221E-02
     181 1.3751E-01 9.2434E-04  ( 1.953E-03,  4.883E-02,   0.00    ) |  9.243E-04 1.221E-02
     182 1.3843E-01 9.2433E-04  ( 1.953E-03,  4.883E-02,   0.00    ) |  9.243E-04 1.221E-02
     183 1.3936E-01 9.2432E-04  ( 1.953E-03,  4.883E-02,   0.00    ) |  9.243E-04 1.221E-02
     184 1.4028E-01 9.2432E-04  ( 1.953E-03,  4.883E-02,   0.00    ) |  9.243E-04 1.221E-02
     185 1.4120E-01 9.2431E-04  ( 1.953E-03,  4.883E-02,   0.00    ) |  9.243E-04 1.221E-02
     186 1.4213E-01 9.2430E-04  (-1.953E-03, -4.883E-02,   0.00    ) |  9.243E-04 1.221E-02
     187 1.4305E-01 9.2430E-04  (-1.953E-03, -4.883E-02,   0.00    ) |  9.243E-04 1.221E-02
     188 1.4398E-01 9.2413E-04  (-0.256    , -1.953E-03,   0.00    ) |  9.241E-04 1.221E-02
     189 1.4490E-01 9.2374E-04  (-0.256    , -1.953E-03,   0.00    ) |  9.237E-04 1.221E-02
     190 1.4583E-01 9.2335E-04  (-0.256    , -1.953E-03,   0.00    ) |  9.234E-04 1.221E-02
     191 1.4675E-01 9.2296E-04  ( 0.256    ,  1.953E-03,   0.00    ) |  9.230E-04 1.221E-02
     192 1.4767E-01 9.2257E-04  (-0.256    , -1.953E-03,   0.00    ) |  9.226E-04 1.221E-02
     193 1.4859E-01 9.2218E-04  (-0.256    , -1.953E-03,   0.00    ) |  9.222E-04 1.221E-02
     194 1.4952E-01 9.2180E-04  (-0.256    , -1.953E-03,   0.00    ) |  9.218E-04 1.221E-02
 *** Wrote plotfile to flash_run_hdf5_plt_cnt_0006 ****
     195 1.5044E-01 9.2141E-04  (-0.256    , -1.953E-03,   0.00    ) |  9.214E-04 1.221E-02
     196 1.5136E-01 9.2102E-04  (-0.256    , -1.953E-03,   0.00    ) |  9.210E-04 1.221E-02
     197 1.5228E-01 9.2064E-04  (-0.256    , -1.953E-03,   0.00    ) |  9.206E-04 1.221E-02
     198 1.5320E-01 9.2025E-04  (-0.256    , -1.953E-03,   0.00    ) |  9.203E-04 1.221E-02
     199 1.5412E-01 9.1987E-04  (-0.256    , -1.953E-03,   0.00    ) |  9.199E-04 1.221E-02
     200 1.5504E-01 9.1948E-04  (-0.256    , -1.953E-03,   0.00    ) |  9.195E-04 1.221E-02
     201 1.5596E-01 9.1910E-04  (-0.256    , -1.953E-03,   0.00    ) |  9.191E-04 1.221E-02
     202 1.5688E-01 9.1872E-04  (-0.256    , -1.953E-03,   0.00    ) |  9.187E-04 1.221E-02
     203 1.5780E-01 9.1834E-04  (-0.256    , -1.953E-03,   0.00    ) |  9.183E-04 1.221E-02
     204 1.5872E-01 9.1796E-04  (-0.256    , -1.953E-03,   0.00    ) |  9.180E-04 1.221E-02
     205 1.5963E-01 9.1758E-04  (-0.256    , -1.953E-03,   0.00    ) |  9.176E-04 1.221E-02
     206 1.6055E-01 9.1720E-04  (-0.256    , -1.953E-03,   0.00    ) |  9.172E-04 1.221E-02
     207 1.6147E-01 9.1682E-04  (-0.256    , -1.953E-03,   0.00    ) |  9.168E-04 1.221E-02
     208 1.6239E-01 9.1644E-04  (-0.256    , -1.953E-03,   0.00    ) |  9.164E-04 1.221E-02
     209 1.6330E-01 9.1606E-04  (-0.256    ,  1.953E-03,   0.00    ) |  9.161E-04 1.221E-02
     210 1.6422E-01 9.1569E-04  (-0.260    , -1.953E-03,   0.00    ) |  9.157E-04 1.221E-02
     211 1.6513E-01 9.1531E-04  (-0.260    , -1.953E-03,   0.00    ) |  9.153E-04 1.221E-02
     212 1.6605E-01 9.1493E-04  (-0.260    , -1.953E-03,   0.00    ) |  9.149E-04 1.221E-02
     213 1.6696E-01 9.1456E-04  (-0.260    ,  1.953E-03,   0.00    ) |  9.146E-04 1.221E-02
     214 1.6788E-01 9.1418E-04  (-0.260    ,  1.953E-03,   0.00    ) |  9.142E-04 1.221E-02
     215 1.6879E-01 9.1381E-04  (-0.260    ,  1.953E-03,   0.00    ) |  9.138E-04 1.221E-02
     216 1.6971E-01 9.1344E-04  (-0.260    ,  1.953E-03,   0.00    ) |  9.134E-04 1.221E-02
     217 1.7062E-01 9.1307E-04  (-0.260    , -1.953E-03,   0.00    ) |  9.131E-04 1.221E-02
     218 1.7153E-01 9.1269E-04  (-0.260    , -1.953E-03,   0.00    ) |  9.127E-04 1.221E-02
     219 1.7245E-01 9.1232E-04  (-0.260    , -1.953E-03,   0.00    ) |  9.123E-04 1.221E-02
     220 1.7336E-01 9.1195E-04  (-0.260    , -1.953E-03,   0.00    ) |  9.120E-04 1.221E-02
     221 1.7427E-01 9.1158E-04  (-0.260    ,  1.953E-03,   0.00    ) |  9.116E-04 1.221E-02
 *** Wrote plotfile to flash_run_hdf5_plt_cnt_0007 ****
     222 1.7518E-01 9.1122E-04  (-0.260    ,  1.953E-03,   0.00    ) |  9.112E-04 1.221E-02
     223 1.7609E-01 9.1085E-04  (-0.260    , -1.953E-03,   0.00    ) |  9.108E-04 1.221E-02
     224 1.7700E-01 9.1048E-04  (-0.260    , -1.953E-03,   0.00    ) |  9.105E-04 1.221E-02
     225 1.7792E-01 9.1011E-04  (-0.260    , -1.953E-03,   0.00    ) |  9.101E-04 1.221E-02
     226 1.7883E-01 9.0975E-04  (-0.260    , -1.953E-03,   0.00    ) |  9.097E-04 1.221E-02
     227 1.7973E-01 9.0938E-04  (-0.260    , -1.953E-03,   0.00    ) |  9.094E-04 1.221E-02
     228 1.8064E-01 9.0902E-04  (-0.260    , -1.953E-03,   0.00    ) |  9.090E-04 1.221E-02
     229 1.8155E-01 9.0865E-04  (-0.260    , -1.953E-03,   0.00    ) |  9.087E-04 1.221E-02
     230 1.8246E-01 9.0829E-04  (-0.260    , -1.953E-03,   0.00    ) |  9.083E-04 1.221E-02
     231 1.8337E-01 9.0793E-04  (-0.260    , -1.953E-03,   0.00    ) |  9.079E-04 1.221E-02
     232 1.8428E-01 9.0757E-04  (-0.260    , -1.953E-03,   0.00    ) |  9.076E-04 1.221E-02
     233 1.8519E-01 9.0720E-04  (-0.260    , -1.953E-03,   0.00    ) |  9.072E-04 1.221E-02
     234 1.8609E-01 9.0684E-04  (-0.260    , -1.953E-03,   0.00    ) |  9.068E-04 1.221E-02
     235 1.8700E-01 9.0648E-04  (-0.260    , -1.953E-03,   0.00    ) |  9.065E-04 1.221E-02
     236 1.8791E-01 9.0612E-04  (-0.260    , -1.953E-03,   0.00    ) |  9.061E-04 1.221E-02
     237 1.8881E-01 9.0577E-04  (-0.260    , -1.953E-03,   0.00    ) |  9.058E-04 1.221E-02
     238 1.8972E-01 9.0541E-04  (-0.260    , -1.953E-03,   0.00    ) |  9.054E-04 1.221E-02
     239 1.9062E-01 9.0505E-04  (-0.260    , -1.953E-03,   0.00    ) |  9.050E-04 1.221E-02
     240 1.9153E-01 9.0469E-04  (-0.260    , -1.953E-03,   0.00    ) |  9.047E-04 1.221E-02
     241 1.9243E-01 9.0434E-04  (-0.260    , -1.953E-03,   0.00    ) |  9.043E-04 1.221E-02
     242 1.9334E-01 9.0398E-04  (-0.260    , -1.953E-03,   0.00    ) |  9.040E-04 1.221E-02
     243 1.9424E-01 9.0363E-04  (-0.260    , -1.953E-03,   0.00    ) |  9.036E-04 1.221E-02
     244 1.9515E-01 9.0327E-04  (-0.260    , -1.953E-03,   0.00    ) |  9.033E-04 1.221E-02
     245 1.9605E-01 9.0292E-04  (-0.260    , -1.953E-03,   0.00    ) |  9.029E-04 1.221E-02
     246 1.9695E-01 9.0257E-04  (-0.260    , -1.953E-03,   0.00    ) |  9.026E-04 1.221E-02
     247 1.9785E-01 9.0221E-04  (-0.260    , -1.953E-03,   0.00    ) |  9.022E-04 1.221E-02
     248 1.9876E-01 9.0186E-04  (-0.260    , -1.953E-03,   0.00    ) |  9.019E-04 1.221E-02
     249 1.9966E-01 9.0151E-04  (-0.260    , -1.953E-03,   0.00    ) |  9.015E-04 1.221E-02
 *** Wrote plotfile to flash_run_hdf5_plt_cnt_0008 ****
     250 2.0056E-01 9.0116E-04  (-0.260    , -1.953E-03,   0.00    ) |  9.012E-04 1.221E-02
     251 2.0146E-01 9.0081E-04  (-0.260    , -1.953E-03,   0.00    ) |  9.008E-04 1.221E-02
     252 2.0236E-01 9.0046E-04  (-0.260    , -1.953E-03,   0.00    ) |  9.005E-04 1.221E-02
     253 2.0326E-01 9.0011E-04  (-0.260    , -1.953E-03,   0.00    ) |  9.001E-04 1.221E-02
     254 2.0416E-01 8.9976E-04  (-0.260    , -1.953E-03,   0.00    ) |  8.998E-04 1.221E-02
     255 2.0506E-01 8.9942E-04  (-0.260    , -1.953E-03,   0.00    ) |  8.994E-04 1.221E-02
     256 2.0596E-01 8.9907E-04  (-0.260    , -1.953E-03,   0.00    ) |  8.991E-04 1.221E-02
     257 2.0686E-01 8.9872E-04  (-0.260    , -1.953E-03,   0.00    ) |  8.987E-04 1.221E-02
     258 2.0776E-01 8.9838E-04  (-0.260    , -1.953E-03,   0.00    ) |  8.984E-04 1.221E-02
     259 2.0866E-01 8.9803E-04  (-0.260    , -1.953E-03,   0.00    ) |  8.980E-04 1.221E-02
     260 2.0956E-01 8.9769E-04  (-0.260    , -1.953E-03,   0.00    ) |  8.977E-04 1.221E-02
     261 2.1045E-01 8.9734E-04  (-0.260    , -1.953E-03,   0.00    ) |  8.973E-04 1.221E-02
     262 2.1135E-01 8.9700E-04  (-0.260    , -1.953E-03,   0.00    ) |  8.970E-04 1.221E-02
     263 2.1225E-01 8.9666E-04  (-0.260    , -1.953E-03,   0.00    ) |  8.967E-04 1.221E-02
     264 2.1314E-01 8.9632E-04  (-0.260    , -1.953E-03,   0.00    ) |  8.963E-04 1.221E-02
     265 2.1404E-01 8.9597E-04  (-0.260    , -1.953E-03,   0.00    ) |  8.960E-04 1.221E-02
     266 2.1494E-01 8.9563E-04  (-0.260    , -1.953E-03,   0.00    ) |  8.956E-04 1.221E-02
     267 2.1583E-01 8.9529E-04  (-0.260    , -1.953E-03,   0.00    ) |  8.953E-04 1.221E-02
     268 2.1673E-01 8.9495E-04  (-0.260    , -1.953E-03,   0.00    ) |  8.950E-04 1.221E-02
     269 2.1762E-01 8.9461E-04  (-0.260    , -1.953E-03,   0.00    ) |  8.946E-04 1.221E-02
     270 2.1852E-01 8.9427E-04  (-0.260    , -1.953E-03,   0.00    ) |  8.943E-04 1.221E-02
     271 2.1941E-01 8.9393E-04  (-0.264    , -1.953E-03,   0.00    ) |  8.939E-04 1.221E-02
     272 2.2031E-01 8.9360E-04  (-0.264    , -1.953E-03,   0.00    ) |  8.936E-04 1.221E-02
     273 2.2120E-01 8.9326E-04  (-0.264    , -1.953E-03,   0.00    ) |  8.933E-04 1.221E-02
     274 2.2209E-01 8.9292E-04  (-0.264    , -1.953E-03,   0.00    ) |  8.929E-04 1.221E-02
     275 2.2299E-01 8.9258E-04  (-0.264    , -1.953E-03,   0.00    ) |  8.926E-04 1.221E-02
     276 2.2388E-01 8.9225E-04  (-0.264    , -1.953E-03,   0.00    ) |  8.922E-04 1.221E-02
     277 2.2477E-01 8.9191E-04  (-0.264    , -1.953E-03,   0.00    ) |  8.919E-04 1.221E-02
 *** Wrote plotfile to flash_run_hdf5_plt_cnt_0009 ****
     278 2.2566E-01 8.9157E-04  (-0.264    , -1.953E-03,   0.00    ) |  8.916E-04 1.221E-02
     279 2.2655E-01 8.9124E-04  (-0.264    , -1.953E-03,   0.00    ) |  8.912E-04 1.221E-02
     280 2.2744E-01 8.9090E-04  (-0.264    , -1.953E-03,   0.00    ) |  8.909E-04 1.221E-02
     281 2.2834E-01 8.9057E-04  (-0.264    , -1.953E-03,   0.00    ) |  8.906E-04 1.221E-02
     282 2.2923E-01 8.9023E-04  (-0.264    , -1.953E-03,   0.00    ) |  8.902E-04 1.221E-02
     283 2.3012E-01 8.8990E-04  (-0.264    , -1.953E-03,   0.00    ) |  8.899E-04 1.221E-02
     284 2.3101E-01 8.8957E-04  (-0.264    , -1.953E-03,   0.00    ) |  8.896E-04 1.221E-02
     285 2.3190E-01 8.8924E-04  (-0.264    , -1.953E-03,   0.00    ) |  8.892E-04 1.221E-02
     286 2.3278E-01 8.8891E-04  (-0.264    , -1.953E-03,   0.00    ) |  8.889E-04 1.221E-02
     287 2.3367E-01 8.8857E-04  (-0.264    , -1.953E-03,   0.00    ) |  8.886E-04 1.221E-02
     288 2.3456E-01 8.8824E-04  (-0.264    , -1.953E-03,   0.00    ) |  8.882E-04 1.221E-02
     289 2.3545E-01 8.8791E-04  (-0.264    , -1.953E-03,   0.00    ) |  8.879E-04 1.221E-02
     290 2.3634E-01 8.8758E-04  (-0.264    , -1.953E-03,   0.00    ) |  8.876E-04 1.221E-02
     291 2.3723E-01 8.8725E-04  (-0.264    , -1.953E-03,   0.00    ) |  8.873E-04 1.221E-02
     292 2.3811E-01 8.8692E-04  (-0.264    , -1.953E-03,   0.00    ) |  8.869E-04 1.221E-02
     293 2.3900E-01 8.8659E-04  ( 0.264    , -1.953E-03,   0.00    ) |  8.866E-04 1.221E-02
     294 2.3989E-01 8.8627E-04  (-0.264    , -1.953E-03,   0.00    ) |  8.863E-04 1.221E-02
     295 2.4077E-01 8.8594E-04  (-0.264    , -1.953E-03,   0.00    ) |  8.859E-04 1.221E-02
     296 2.4166E-01 8.8561E-04  (-0.264    , -1.953E-03,   0.00    ) |  8.856E-04 1.221E-02
     297 2.4254E-01 8.8528E-04  (-0.264    , -1.953E-03,   0.00    ) |  8.853E-04 1.221E-02
     298 2.4343E-01 8.8496E-04  (-0.264    , -1.953E-03,   0.00    ) |  8.850E-04 1.221E-02
     299 2.4432E-01 8.8463E-04  (-0.264    , -1.953E-03,   0.00    ) |  8.846E-04 1.221E-02
     300 2.4520E-01 8.8430E-04  (-0.264    , -1.953E-03,   0.00    ) |  8.843E-04 1.221E-02
     301 2.4608E-01 8.8398E-04  (-0.264    , -1.953E-03,   0.00    ) |  8.840E-04 1.221E-02
     302 2.4697E-01 8.8365E-04  (-0.264    , -1.953E-03,   0.00    ) |  8.837E-04 1.221E-02
     303 2.4785E-01 8.8333E-04  (-0.264    , -1.953E-03,   0.00    ) |  8.833E-04 1.221E-02
     304 2.4873E-01 8.8300E-04  (-0.264    , -1.953E-03,   0.00    ) |  8.830E-04 1.221E-02
     305 2.4962E-01 8.8268E-04  (-0.264    , -1.953E-03,   0.00    ) |  8.827E-04 1.221E-02
 *** Wrote plotfile to flash_run_hdf5_plt_cnt_0010 ****
     306 2.5050E-01 8.8235E-04  (-0.264    , -1.953E-03,   0.00    ) |  8.824E-04 1.221E-02
     307 2.5138E-01 8.8203E-04  (-0.264    , -1.953E-03,   0.00    ) |  8.820E-04 1.221E-02
     308 2.5226E-01 8.8171E-04  (-0.264    , -1.953E-03,   0.00    ) |  8.817E-04 1.221E-02
     309 2.5315E-01 8.8138E-04  (-0.264    , -1.953E-03,   0.00    ) |  8.814E-04 1.221E-02
     310 2.5403E-01 8.8106E-04  (-0.264    , -1.953E-03,   0.00    ) |  8.811E-04 1.221E-02
     311 2.5491E-01 8.8074E-04  (-0.264    , -1.953E-03,   0.00    ) |  8.807E-04 1.221E-02
     312 2.5579E-01 8.8042E-04  (-0.264    , -1.953E-03,   0.00    ) |  8.804E-04 1.221E-02
     313 2.5667E-01 8.8009E-04  (-0.264    , -1.953E-03,   0.00    ) |  8.801E-04 1.221E-02
     314 2.5755E-01 8.7977E-04  (-0.264    , -1.953E-03,   0.00    ) |  8.798E-04 1.221E-02
     315 2.5843E-01 8.7945E-04  (-0.264    , -1.953E-03,   0.00    ) |  8.794E-04 1.221E-02
     316 2.5931E-01 8.7913E-04  (-0.264    , -1.953E-03,   0.00    ) |  8.791E-04 1.221E-02
     317 2.6019E-01 8.7881E-04  (-0.264    , -1.953E-03,   0.00    ) |  8.788E-04 1.221E-02
     318 2.6107E-01 8.7848E-04  (-0.264    , -1.953E-03,   0.00    ) |  8.785E-04 1.221E-02
     319 2.6195E-01 8.7816E-04  (-0.264    , -1.953E-03,   0.00    ) |  8.782E-04 1.221E-02
     320 2.6282E-01 8.7784E-04  (-0.264    , -1.953E-03,   0.00    ) |  8.778E-04 1.221E-02
     321 2.6370E-01 8.7752E-04  (-0.264    , -1.953E-03,   0.00    ) |  8.775E-04 1.221E-02
     322 2.6458E-01 8.7720E-04  (-0.264    , -1.953E-03,   0.00    ) |  8.772E-04 1.221E-02
     323 2.6546E-01 8.7688E-04  (-0.264    , -1.953E-03,   0.00    ) |  8.769E-04 1.221E-02
     324 2.6633E-01 8.7656E-04  (-0.264    , -1.953E-03,   0.00    ) |  8.766E-04 1.221E-02
     325 2.6721E-01 8.7624E-04  (-0.264    , -1.953E-03,   0.00    ) |  8.762E-04 1.221E-02
     326 2.6809E-01 8.7592E-04  ( 0.264    ,  1.953E-03,   0.00    ) |  8.759E-04 1.221E-02
     327 2.6896E-01 8.7560E-04  ( 0.264    ,  1.953E-03,   0.00    ) |  8.756E-04 1.221E-02
     328 2.6984E-01 8.7528E-04  ( 0.264    ,  1.953E-03,   0.00    ) |  8.753E-04 1.221E-02
     329 2.7071E-01 8.7496E-04  ( 0.264    ,  1.953E-03,   0.00    ) |  8.750E-04 1.221E-02
     330 2.7159E-01 8.7464E-04  ( 0.264    ,  1.953E-03,   0.00    ) |  8.746E-04 1.221E-02
     331 2.7246E-01 8.7431E-04  ( 0.264    ,  1.953E-03,   0.00    ) |  8.743E-04 1.221E-02
     332 2.7334E-01 8.7399E-04  ( 0.264    ,  1.953E-03,   0.00    ) |  8.740E-04 1.221E-02
     333 2.7421E-01 8.7367E-04  ( 0.264    ,  1.953E-03,   0.00    ) |  8.737E-04 1.221E-02
 *** Wrote plotfile to flash_run_hdf5_plt_cnt_0011 ****
     334 2.7508E-01 8.7335E-04  ( 0.264    ,  1.953E-03,   0.00    ) |  8.734E-04 1.221E-02
     335 2.7596E-01 8.7303E-04  ( 0.264    ,  1.953E-03,   0.00    ) |  8.730E-04 1.221E-02
     336 2.7683E-01 8.7271E-04  ( 0.264    ,  1.953E-03,   0.00    ) |  8.727E-04 1.221E-02
     337 2.7770E-01 8.7238E-04  ( 0.264    ,  1.953E-03,   0.00    ) |  8.724E-04 1.221E-02
     338 2.7858E-01 8.7206E-04  ( 0.264    ,  1.953E-03,   0.00    ) |  8.721E-04 1.221E-02
     339 2.7945E-01 8.7174E-04  ( 0.264    ,  1.953E-03,   0.00    ) |  8.717E-04 1.221E-02
     340 2.8032E-01 8.7142E-04  ( 0.264    ,  1.953E-03,   0.00    ) |  8.714E-04 1.221E-02
     341 2.8119E-01 8.7109E-04  ( 0.264    ,  1.953E-03,   0.00    ) |  8.711E-04 1.221E-02
     342 2.8206E-01 8.7077E-04  ( 0.264    ,  1.953E-03,   0.00    ) |  8.708E-04 1.221E-02
     343 2.8293E-01 8.7045E-04  ( 0.264    ,  1.953E-03,   0.00    ) |  8.704E-04 1.221E-02
     344 2.8380E-01 8.7012E-04  ( 0.264    ,  1.953E-03,   0.00    ) |  8.701E-04 1.221E-02
     345 2.8467E-01 8.6980E-04  ( 0.264    ,  1.953E-03,   0.00    ) |  8.698E-04 1.221E-02
     346 2.8554E-01 8.6948E-04  ( 0.268    ,  1.953E-03,   0.00    ) |  8.695E-04 1.221E-02
     347 2.8641E-01 8.6915E-04  ( 0.268    ,  1.953E-03,   0.00    ) |  8.692E-04 1.221E-02
     348 2.8728E-01 8.6883E-04  ( 0.268    ,  1.953E-03,   0.00    ) |  8.688E-04 1.221E-02
     349 2.8815E-01 8.6850E-04  ( 0.268    ,  1.953E-03,   0.00    ) |  8.685E-04 1.221E-02
     350 2.8902E-01 8.6818E-04  ( 0.268    ,  1.953E-03,   0.00    ) |  8.682E-04 1.221E-02
     351 2.8989E-01 8.6785E-04  ( 0.268    ,  1.953E-03,   0.00    ) |  8.679E-04 1.221E-02
     352 2.9076E-01 8.6753E-04  ( 0.268    ,  1.953E-03,   0.00    ) |  8.675E-04 1.221E-02
     353 2.9162E-01 8.6721E-04  ( 0.268    ,  1.953E-03,   0.00    ) |  8.672E-04 1.221E-02
     354 2.9249E-01 8.6688E-04  ( 0.268    ,  1.953E-03,   0.00    ) |  8.669E-04 1.221E-02
     355 2.9336E-01 8.6656E-04  ( 0.268    ,  1.953E-03,   0.00    ) |  8.666E-04 1.221E-02
     356 2.9422E-01 8.6624E-04  ( 0.268    ,  1.953E-03,   0.00    ) |  8.662E-04 1.221E-02
     357 2.9509E-01 8.6592E-04  ( 0.268    ,  1.953E-03,   0.00    ) |  8.659E-04 1.221E-02
     358 2.9596E-01 8.6560E-04  ( 0.268    ,  1.953E-03,   0.00    ) |  8.656E-04 1.221E-02
     359 2.9682E-01 8.6528E-04  ( 0.268    ,  1.953E-03,   0.00    ) |  8.653E-04 1.221E-02
     360 2.9769E-01 8.6496E-04  ( 0.268    ,  1.953E-03,   0.00    ) |  8.650E-04 1.221E-02
     361 2.9855E-01 8.6464E-04  ( 0.268    ,  1.953E-03,   0.00    ) |  8.646E-04 1.221E-02
     362 2.9942E-01 8.6432E-04  ( 0.268    ,  1.953E-03,   0.00    ) |  8.643E-04 1.221E-02
 *** Wrote plotfile to flash_run_hdf5_plt_cnt_0012 ****
     363 3.0028E-01 8.6401E-04  ( 0.268    ,  1.953E-03,   0.00    ) |  8.640E-04 1.221E-02
     364 3.0114E-01 8.6369E-04  ( 0.268    ,  1.953E-03,   0.00    ) |  8.637E-04 1.221E-02
     365 3.0201E-01 8.6337E-04  ( 0.268    ,  1.953E-03,   0.00    ) |  8.634E-04 1.221E-02
     366 3.0287E-01 8.6305E-04  ( 0.268    ,  1.953E-03,   0.00    ) |  8.631E-04 1.221E-02
     367 3.0373E-01 8.6274E-04  ( 0.268    ,  1.953E-03,   0.00    ) |  8.627E-04 1.221E-02
     368 3.0460E-01 8.6242E-04  ( 0.268    ,  1.953E-03,   0.00    ) |  8.624E-04 1.221E-02
     369 3.0546E-01 8.6210E-04  ( 0.268    ,  1.953E-03,   0.00    ) |  8.621E-04 1.221E-02
     370 3.0632E-01 8.6178E-04  ( 0.268    , -1.953E-03,   0.00    ) |  8.618E-04 1.221E-02
     371 3.0718E-01 8.6145E-04  ( 0.268    , -1.953E-03,   0.00    ) |  8.615E-04 1.221E-02
     372 3.0805E-01 8.6113E-04  ( 0.268    , -1.953E-03,   0.00    ) |  8.611E-04 1.221E-02
     373 3.0891E-01 8.6080E-04  ( 0.268    , -1.953E-03,   0.00    ) |  8.608E-04 1.221E-02
     374 3.0977E-01 8.6048E-04  ( 0.268    , -1.953E-03,   0.00    ) |  8.605E-04 1.221E-02
     375 3.1063E-01 8.6015E-04  ( 0.268    , -1.953E-03,   0.00    ) |  8.602E-04 1.221E-02
     376 3.1149E-01 8.5982E-04  ( 0.268    , -1.953E-03,   0.00    ) |  8.598E-04 1.221E-02
     377 3.1235E-01 8.5950E-04  ( 0.268    , -1.953E-03,   0.00    ) |  8.595E-04 1.221E-02
     378 3.1321E-01 8.5917E-04  ( 0.268    , -1.953E-03,   0.00    ) |  8.592E-04 1.221E-02
     379 3.1407E-01 8.5884E-04  ( 0.268    , -1.953E-03,   0.00    ) |  8.588E-04 1.221E-02
     380 3.1493E-01 8.5852E-04  ( 0.268    , -1.953E-03,   0.00    ) |  8.585E-04 1.221E-02
     381 3.1578E-01 8.5820E-04  ( 0.268    , -1.953E-03,   0.00    ) |  8.582E-04 1.221E-02
     382 3.1664E-01 8.5787E-04  ( 0.268    , -1.953E-03,   0.00    ) |  8.579E-04 1.221E-02
     383 3.1750E-01 8.5755E-04  ( 0.268    , -1.953E-03,   0.00    ) |  8.576E-04 1.221E-02
     384 3.1836E-01 8.5723E-04  ( 0.268    , -1.953E-03,   0.00    ) |  8.572E-04 1.221E-02
     385 3.1921E-01 8.5691E-04  ( 0.268    , -1.953E-03,   0.00    ) |  8.569E-04 1.221E-02
     386 3.2007E-01 8.5659E-04  ( 0.268    , -1.953E-03,   0.00    ) |  8.566E-04 1.221E-02
     387 3.2093E-01 8.5628E-04  ( 0.268    , -1.953E-03,   0.00    ) |  8.563E-04 1.221E-02
     388 3.2178E-01 8.5597E-04  ( 0.268    , -1.953E-03,   0.00    ) |  8.560E-04 1.221E-02
     389 3.2264E-01 8.5565E-04  ( 0.268    , -1.953E-03,   0.00    ) |  8.557E-04 1.221E-02
     390 3.2350E-01 8.5534E-04  ( 0.268    , -1.953E-03,   0.00    ) |  8.553E-04 1.221E-02
     391 3.2435E-01 8.5503E-04  ( 0.268    , -1.953E-03,   0.00    ) |  8.550E-04 1.221E-02
 *** Wrote plotfile to flash_run_hdf5_plt_cnt_0013 ****
     392 3.2521E-01 8.5472E-04  ( 0.268    , -1.953E-03,   0.00    ) |  8.547E-04 1.221E-02
     393 3.2606E-01 8.5441E-04  (-0.268    ,  1.953E-03,   0.00    ) |  8.544E-04 1.221E-02
     394 3.2692E-01 8.5411E-04  ( 0.268    , -1.953E-03,   0.00    ) |  8.541E-04 1.221E-02
     395 3.2777E-01 8.5380E-04  ( 0.268    , -1.953E-03,   0.00    ) |  8.538E-04 1.221E-02
     396 3.2862E-01 8.5350E-04  ( 0.268    , -1.953E-03,   0.00    ) |  8.535E-04 1.221E-02
     397 3.2948E-01 8.5319E-04  ( 0.268    , -1.953E-03,   0.00    ) |  8.532E-04 1.221E-02
     398 3.3033E-01 8.5288E-04  ( 0.268    , -1.953E-03,   0.00    ) |  8.529E-04 1.221E-02
     399 3.3118E-01 8.5258E-04  ( 0.268    , -1.953E-03,   0.00    ) |  8.526E-04 1.221E-02
     400 3.3204E-01 8.5227E-04  ( 0.268    , -1.953E-03,   0.00    ) |  8.523E-04 1.221E-02
     401 3.3289E-01 8.5197E-04  ( 0.268    , -1.953E-03,   0.00    ) |  8.520E-04 1.221E-02
     402 3.3374E-01 8.5166E-04  ( 0.268    , -1.953E-03,   0.00    ) |  8.517E-04 1.221E-02
     403 3.3459E-01 8.5136E-04  ( 0.268    , -1.953E-03,   0.00    ) |  8.514E-04 1.221E-02
     404 3.3544E-01 8.5105E-04  ( 0.268    , -1.953E-03,   0.00    ) |  8.511E-04 1.221E-02
     405 3.3629E-01 8.5075E-04  ( 0.268    , -1.953E-03,   0.00    ) |  8.507E-04 1.221E-02
     406 3.3714E-01 8.5044E-04  ( 0.268    , -1.953E-03,   0.00    ) |  8.504E-04 1.221E-02
     407 3.3800E-01 8.5014E-04  ( 0.268    , -1.953E-03,   0.00    ) |  8.501E-04 1.221E-02
     408 3.3885E-01 8.4983E-04  ( 0.268    , -1.953E-03,   0.00    ) |  8.498E-04 1.221E-02
     409 3.3970E-01 8.4953E-04  ( 0.268    , -1.953E-03,   0.00    ) |  8.495E-04 1.221E-02
     410 3.4054E-01 8.4922E-04  ( 0.268    , -1.953E-03,   0.00    ) |  8.492E-04 1.221E-02
     411 3.4139E-01 8.4892E-04  ( 0.268    , -1.953E-03,   0.00    ) |  8.489E-04 1.221E-02
     412 3.4224E-01 8.4861E-04  ( 0.268    , -1.953E-03,   0.00    ) |  8.486E-04 1.221E-02
     413 3.4309E-01 8.4831E-04  ( 0.268    , -1.953E-03,   0.00    ) |  8.483E-04 1.221E-02
     414 3.4394E-01 8.4800E-04  (-0.268    ,  1.953E-03,   0.00    ) |  8.480E-04 1.221E-02
     415 3.4479E-01 8.4770E-04  (-0.268    ,  1.953E-03,   0.00    ) |  8.477E-04 1.221E-02
     416 3.4564E-01 8.4739E-04  (-0.268    ,  1.953E-03,   0.00    ) |  8.474E-04 1.221E-02
     417 3.4648E-01 8.4708E-04  (-0.268    ,  1.953E-03,   0.00    ) |  8.471E-04 1.221E-02
     418 3.4733E-01 8.4677E-04  (-0.268    ,  1.953E-03,   0.00    ) |  8.468E-04 1.221E-02
     419 3.4818E-01 8.4646E-04  (-0.268    ,  1.953E-03,   0.00    ) |  8.465E-04 1.221E-02
     420 3.4902E-01 8.4615E-04  (-0.268    ,  1.953E-03,   0.00    ) |  8.462E-04 1.221E-02
     421 3.4987E-01 8.4584E-04  (-0.268    ,  1.953E-03,   0.00    ) |  8.458E-04 1.221E-02
 *** Wrote plotfile to flash_run_hdf5_plt_cnt_0014 ****
     422 3.5072E-01 8.4553E-04  (-0.268    ,  1.953E-03,   0.00    ) |  8.455E-04 1.221E-02
     423 3.5156E-01 8.4522E-04  (-0.268    ,  1.953E-03,   0.00    ) |  8.452E-04 1.221E-02
     424 3.5241E-01 8.4491E-04  (-0.268    ,  1.953E-03,   0.00    ) |  8.449E-04 1.221E-02
     425 3.5325E-01 8.4460E-04  (-0.268    ,  1.953E-03,   0.00    ) |  8.446E-04 1.221E-02
     426 3.5410E-01 8.4429E-04  (-0.268    ,  1.953E-03,   0.00    ) |  8.443E-04 1.221E-02
     427 3.5494E-01 8.4398E-04  (-0.268    ,  1.953E-03,   0.00    ) |  8.440E-04 1.221E-02
     428 3.5578E-01 8.4366E-04  (-0.268    ,  1.953E-03,   0.00    ) |  8.437E-04 1.221E-02
     429 3.5663E-01 8.4335E-04  (-0.268    ,  1.953E-03,   0.00    ) |  8.433E-04 1.221E-02
     430 3.5747E-01 8.4303E-04  (-0.268    ,  1.953E-03,   0.00    ) |  8.430E-04 1.221E-02
     431 3.5831E-01 8.4272E-04  (-0.268    ,  1.953E-03,   0.00    ) |  8.427E-04 1.221E-02
     432 3.5916E-01 8.4240E-04  (-0.268    ,  1.953E-03,   0.00    ) |  8.424E-04 1.221E-02
     433 3.6000E-01 8.4209E-04  (-0.268    ,  1.953E-03,   0.00    ) |  8.421E-04 1.221E-02
     434 3.6084E-01 8.4177E-04  (-0.268    ,  1.953E-03,   0.00    ) |  8.418E-04 1.221E-02
     435 3.6168E-01 8.4146E-04  (-0.268    ,  1.953E-03,   0.00    ) |  8.415E-04 1.221E-02
     436 3.6252E-01 8.4114E-04  (-0.268    ,  1.953E-03,   0.00    ) |  8.411E-04 1.221E-02
     437 3.6337E-01 8.4082E-04  (-0.268    ,  1.953E-03,   0.00    ) |  8.408E-04 1.221E-02
     438 3.6421E-01 8.4050E-04  (-0.268    ,  1.953E-03,   0.00    ) |  8.405E-04 1.221E-02
     439 3.6505E-01 8.4019E-04  (-0.268    ,  1.953E-03,   0.00    ) |  8.402E-04 1.221E-02
     440 3.6589E-01 8.3987E-04  (-0.268    ,  1.953E-03,   0.00    ) |  8.399E-04 1.221E-02
     441 3.6673E-01 8.3955E-04  (-0.268    ,  1.953E-03,   0.00    ) |  8.395E-04 1.221E-02
     442 3.6757E-01 8.3923E-04  (-0.268    ,  1.953E-03,   0.00    ) |  8.392E-04 1.221E-02
     443 3.6841E-01 8.3891E-04  (-0.268    ,  1.953E-03,   0.00    ) |  8.389E-04 1.221E-02
     444 3.6924E-01 8.3859E-04  (-0.268    ,  1.953E-03,   0.00    ) |  8.386E-04 1.221E-02
     445 3.7008E-01 8.3827E-04  (-0.268    ,  1.953E-03,   0.00    ) |  8.383E-04 1.221E-02
     446 3.7092E-01 8.3795E-04  (-0.268    ,  1.953E-03,   0.00    ) |  8.379E-04 1.221E-02
     447 3.7176E-01 8.3763E-04  (-0.268    ,  1.953E-03,   0.00    ) |  8.376E-04 1.221E-02
     448 3.7260E-01 8.3731E-04  (-0.268    ,  1.953E-03,   0.00    ) |  8.373E-04 1.221E-02
     449 3.7343E-01 8.3698E-04  (-0.268    ,  1.953E-03,   0.00    ) |  8.370E-04 1.221E-02
     450 3.7427E-01 8.3666E-04  (-0.268    ,  1.953E-03,   0.00    ) |  8.367E-04 1.221E-02
 *** Wrote plotfile to flash_run_hdf5_plt_cnt_0015 ****
     451 3.7511E-01 8.3634E-04  (-0.268    ,  1.953E-03,   0.00    ) |  8.363E-04 1.221E-02
     452 3.7594E-01 8.3602E-04  ( 0.268    ,  1.953E-03,   0.00    ) |  8.360E-04 1.221E-02
     453 3.7678E-01 8.3570E-04  (-0.268    ,  1.953E-03,   0.00    ) |  8.357E-04 1.221E-02
     454 3.7762E-01 8.3537E-04  (-0.268    ,  1.953E-03,   0.00    ) |  8.354E-04 1.221E-02
     455 3.7845E-01 8.3505E-04  (-0.268    , -1.953E-03,   0.00    ) |  8.351E-04 1.221E-02
     456 3.7929E-01 8.3473E-04  (-0.268    , -1.953E-03,   0.00    ) |  8.347E-04 1.221E-02
     457 3.8012E-01 8.3440E-04  (-0.268    , -1.953E-03,   0.00    ) |  8.344E-04 1.221E-02
     458 3.8096E-01 8.3408E-04  ( 0.268    ,  1.953E-03,   0.00    ) |  8.341E-04 1.221E-02
     459 3.8179E-01 8.3376E-04  ( 0.268    ,  1.953E-03,   0.00    ) |  8.338E-04 1.221E-02
     460 3.8262E-01 8.3343E-04  ( 0.268    ,  1.953E-03,   0.00    ) |  8.334E-04 1.221E-02
     461 3.8346E-01 8.3311E-04  ( 0.268    ,  1.953E-03,   0.00    ) |  8.331E-04 1.221E-02
     462 3.8429E-01 8.3278E-04  ( 0.268    ,  1.953E-03,   0.00    ) |  8.328E-04 1.221E-02
     463 3.8512E-01 8.3246E-04  (-0.268    , -1.953E-03,   0.00    ) |  8.325E-04 1.221E-02
     464 3.8595E-01 8.3213E-04  (-0.268    , -1.953E-03,   0.00    ) |  8.321E-04 1.221E-02
     465 3.8679E-01 8.3181E-04  ( 0.268    ,  1.953E-03,   0.00    ) |  8.318E-04 1.221E-02
     466 3.8762E-01 8.3148E-04  (-0.271    ,  1.953E-03,   0.00    ) |  8.315E-04 1.221E-02
     467 3.8845E-01 8.3116E-04  ( 0.271    ,  1.953E-03,   0.00    ) |  8.312E-04 1.221E-02
     468 3.8928E-01 8.3083E-04  ( 0.271    ,  1.953E-03,   0.00    ) |  8.308E-04 1.221E-02
     469 3.9011E-01 8.3051E-04  ( 0.271    ,  1.953E-03,   0.00    ) |  8.305E-04 1.221E-02
     470 3.9094E-01 8.3018E-04  ( 0.271    ,  1.953E-03,   0.00    ) |  8.302E-04 1.221E-02
     471 3.9177E-01 8.2985E-04  ( 0.271    ,  1.953E-03,   0.00    ) |  8.299E-04 1.221E-02
     472 3.9260E-01 8.2952E-04  ( 0.271    ,  1.953E-03,   0.00    ) |  8.295E-04 1.221E-02
     473 3.9343E-01 8.2920E-04  ( 0.271    ,  1.953E-03,   0.00    ) |  8.292E-04 1.221E-02
     474 3.9426E-01 8.2887E-04  ( 0.271    ,  1.953E-03,   0.00    ) |  8.289E-04 1.221E-02
     475 3.9509E-01 8.2854E-04  ( 0.271    ,  1.953E-03,   0.00    ) |  8.285E-04 1.221E-02
     476 3.9592E-01 8.2822E-04  ( 0.271    ,  1.953E-03,   0.00    ) |  8.282E-04 1.221E-02
     477 3.9675E-01 8.2789E-04  ( 0.271    ,  1.953E-03,   0.00    ) |  8.279E-04 1.221E-02
     478 3.9758E-01 8.2756E-04  ( 0.271    ,  1.953E-03,   0.00    ) |  8.276E-04 1.221E-02
     479 3.9840E-01 8.2723E-04  ( 0.271    ,  1.953E-03,   0.00    ) |  8.272E-04 1.221E-02
     480 3.9923E-01 8.2691E-04  ( 0.271    ,  1.953E-03,   0.00    ) |  8.269E-04 1.221E-02
 *** Wrote plotfile to flash_run_hdf5_plt_cnt_0016 ****
     481 4.0006E-01 8.2658E-04  ( 0.271    ,  1.953E-03,   0.00    ) |  8.266E-04 1.221E-02
     482 4.0088E-01 8.2625E-04  ( 0.271    ,  1.953E-03,   0.00    ) |  8.263E-04 1.221E-02
     483 4.0171E-01 8.2592E-04  ( 0.271    ,  1.953E-03,   0.00    ) |  8.259E-04 1.221E-02
     484 4.0254E-01 8.2560E-04  ( 0.271    ,  1.953E-03,   0.00    ) |  8.256E-04 1.221E-02
     485 4.0336E-01 8.2527E-04  ( 0.271    ,  1.953E-03,   0.00    ) |  8.253E-04 1.221E-02
     486 4.0419E-01 8.2494E-04  ( 0.271    ,  1.953E-03,   0.00    ) |  8.249E-04 1.221E-02
     487 4.0501E-01 8.2462E-04  ( 0.271    ,  1.953E-03,   0.00    ) |  8.246E-04 1.221E-02
     488 4.0584E-01 8.2429E-04  ( 0.271    ,  1.953E-03,   0.00    ) |  8.243E-04 1.221E-02
     489 4.0666E-01 8.2396E-04  ( 0.271    ,  1.953E-03,   0.00    ) |  8.240E-04 1.221E-02
     490 4.0748E-01 8.2364E-04  ( 0.271    ,  1.953E-03,   0.00    ) |  8.236E-04 1.221E-02
     491 4.0831E-01 8.2331E-04  ( 0.271    ,  1.953E-03,   0.00    ) |  8.233E-04 1.221E-02
     492 4.0913E-01 8.2298E-04  ( 0.271    ,  1.953E-03,   0.00    ) |  8.230E-04 1.221E-02
     493 4.0995E-01 8.2266E-04  ( 0.271    ,  1.953E-03,   0.00    ) |  8.227E-04 1.221E-02
     494 4.1078E-01 8.2233E-04  ( 0.271    ,  1.953E-03,   0.00    ) |  8.223E-04 1.221E-02
     495 4.1160E-01 8.2200E-04  ( 0.271    ,  1.953E-03,   0.00    ) |  8.220E-04 1.221E-02
     496 4.1242E-01 8.2168E-04  ( 0.271    ,  1.953E-03,   0.00    ) |  8.217E-04 1.221E-02
     497 4.1324E-01 8.2135E-04  ( 0.271    ,  1.953E-03,   0.00    ) |  8.214E-04 1.221E-02
     498 4.1406E-01 8.2102E-04  ( 0.271    ,  1.953E-03,   0.00    ) |  8.210E-04 1.221E-02
     499 4.1489E-01 8.2070E-04  ( 0.271    ,  1.953E-03,   0.00    ) |  8.207E-04 1.221E-02
     500 4.1571E-01 8.2037E-04  (-0.271    ,  1.953E-03,   0.00    ) |  8.204E-04 1.221E-02
     501 4.1653E-01 8.2005E-04  (-0.271    ,  1.953E-03,   0.00    ) |  8.200E-04 1.221E-02
     502 4.1735E-01 8.1972E-04  ( 0.271    ,  1.953E-03,   0.00    ) |  8.197E-04 1.221E-02
     503 4.1817E-01 8.1940E-04  (-0.271    ,  1.953E-03,   0.00    ) |  8.194E-04 1.221E-02
     504 4.1899E-01 8.1907E-04  (-0.271    ,  1.953E-03,   0.00    ) |  8.191E-04 1.221E-02
     505 4.1980E-01 8.1875E-04  (-0.271    ,  1.953E-03,   0.00    ) |  8.187E-04 1.221E-02
     506 4.2062E-01 8.1842E-04  ( 0.275    ,  1.953E-03,   0.00    ) |  8.184E-04 1.221E-02
     507 4.2144E-01 8.1809E-04  (-0.275    ,  1.953E-03,   0.00    ) |  8.181E-04 1.221E-02
     508 4.2226E-01 8.1777E-04  (-0.275    ,  1.953E-03,   0.00    ) |  8.178E-04 1.221E-02
     509 4.2308E-01 8.1744E-04  (-0.275    ,  1.953E-03,   0.00    ) |  8.174E-04 1.221E-02
     510 4.2390E-01 8.1711E-04  (-0.275    ,  1.953E-03,   0.00    ) |  8.171E-04 1.221E-02
     511 4.2471E-01 8.1679E-04  (-0.275    ,  1.953E-03,   0.00    ) |  8.168E-04 1.221E-02
 *** Wrote plotfile to flash_run_hdf5_plt_cnt_0017 ****
     512 4.2553E-01 8.1646E-04  (-0.275    ,  1.953E-03,   0.00    ) |  8.165E-04 1.221E-02
     513 4.2635E-01 8.1614E-04  (-0.275    ,  1.953E-03,   0.00    ) |  8.161E-04 1.221E-02
     514 4.2716E-01 8.1581E-04  (-0.275    ,  1.953E-03,   0.00    ) |  8.158E-04 1.221E-02
     515 4.2798E-01 8.1548E-04  (-0.275    ,  1.953E-03,   0.00    ) |  8.155E-04 1.221E-02
     516 4.2879E-01 8.1516E-04  (-0.275    ,  1.953E-03,   0.00    ) |  8.152E-04 1.221E-02
     517 4.2961E-01 8.1483E-04  (-0.275    ,  1.953E-03,   0.00    ) |  8.148E-04 1.221E-02
     518 4.3042E-01 8.1451E-04  (-0.275    ,  1.953E-03,   0.00    ) |  8.145E-04 1.221E-02
     519 4.3124E-01 8.1419E-04  (-0.275    ,  1.953E-03,   0.00    ) |  8.142E-04 1.221E-02
     520 4.3205E-01 8.1386E-04  (-0.275    ,  1.953E-03,   0.00    ) |  8.139E-04 1.221E-02
     521 4.3287E-01 8.1354E-04  (-0.275    ,  1.953E-03,   0.00    ) |  8.135E-04 1.221E-02
     522 4.3368E-01 8.1321E-04  (-0.275    ,  1.953E-03,   0.00    ) |  8.132E-04 1.221E-02
     523 4.3449E-01 8.1289E-04  (-0.275    ,  1.953E-03,   0.00    ) |  8.129E-04 1.221E-02
     524 4.3531E-01 8.1256E-04  (-0.275    ,  1.953E-03,   0.00    ) |  8.126E-04 1.221E-02
     525 4.3612E-01 8.1224E-04  (-0.275    ,  1.953E-03,   0.00    ) |  8.122E-04 1.221E-02
     526 4.3693E-01 8.1192E-04  (-0.275    ,  1.953E-03,   0.00    ) |  8.119E-04 1.221E-02
     527 4.3774E-01 8.1159E-04  (-0.275    ,  1.953E-03,   0.00    ) |  8.116E-04 1.221E-02
     528 4.3855E-01 8.1127E-04  (-0.275    ,  1.953E-03,   0.00    ) |  8.113E-04 1.221E-02
     529 4.3936E-01 8.1095E-04  (-0.275    ,  1.953E-03,   0.00    ) |  8.109E-04 1.221E-02
     530 4.4018E-01 8.1063E-04  (-0.275    ,  1.953E-03,   0.00    ) |  8.106E-04 1.221E-02
     531 4.4099E-01 8.1030E-04  (-0.275    ,  1.953E-03,   0.00    ) |  8.103E-04 1.221E-02
     532 4.4180E-01 8.0998E-04  (-0.275    ,  1.953E-03,   0.00    ) |  8.100E-04 1.221E-02
     533 4.4261E-01 8.0966E-04  (-0.275    ,  1.953E-03,   0.00    ) |  8.097E-04 1.221E-02
     534 4.4342E-01 8.0933E-04  (-0.279    ,  1.953E-03,   0.00    ) |  8.093E-04 1.221E-02
     535 4.4423E-01 8.0901E-04  (-0.279    ,  1.953E-03,   0.00    ) |  8.090E-04 1.221E-02
     536 4.4503E-01 8.0868E-04  (-0.279    ,  1.953E-03,   0.00    ) |  8.087E-04 1.221E-02
     537 4.4584E-01 8.0836E-04  (-0.279    ,  1.953E-03,   0.00    ) |  8.084E-04 1.221E-02
     538 4.4665E-01 8.0803E-04  (-0.279    ,  1.953E-03,   0.00    ) |  8.080E-04 1.221E-02
     539 4.4746E-01 8.0771E-04  (-0.279    ,  1.953E-03,   0.00    ) |  8.077E-04 1.221E-02
     540 4.4827E-01 8.0739E-04  (-0.279    ,  1.953E-03,   0.00    ) |  8.074E-04 1.221E-02
     541 4.4907E-01 8.0706E-04  (-0.279    ,  1.953E-03,   0.00    ) |  8.071E-04 1.221E-02
     542 4.4988E-01 8.0674E-04  (-0.279    ,  1.953E-03,   0.00    ) |  8.067E-04 1.221E-02
 *** Wrote plotfile to flash_run_hdf5_plt_cnt_0018 ****
     543 4.5069E-01 8.0642E-04  (-0.279    ,  1.953E-03,   0.00    ) |  8.064E-04 1.221E-02
     544 4.5149E-01 8.0609E-04  (-0.279    ,  1.953E-03,   0.00    ) |  8.061E-04 1.221E-02
     545 4.5230E-01 8.0577E-04  (-0.279    ,  1.953E-03,   0.00    ) |  8.058E-04 1.221E-02
     546 4.5311E-01 8.0545E-04  (-0.279    ,  1.953E-03,   0.00    ) |  8.054E-04 1.221E-02
     547 4.5391E-01 8.0512E-04  (-0.279    , -1.953E-03,   0.00    ) |  8.051E-04 1.221E-02
     548 4.5472E-01 8.0480E-04  (-0.279    ,  1.953E-03,   0.00    ) |  8.048E-04 1.221E-02
     549 4.5552E-01 8.0448E-04  (-0.279    , -1.953E-03,   0.00    ) |  8.045E-04 1.221E-02
     550 4.5633E-01 8.0416E-04  (-0.279    ,  1.953E-03,   0.00    ) |  8.042E-04 1.221E-02
     551 4.5713E-01 8.0384E-04  (-0.279    , -1.953E-03,   0.00    ) |  8.038E-04 1.221E-02
     552 4.5793E-01 8.0351E-04  (-0.279    , -1.953E-03,   0.00    ) |  8.035E-04 1.221E-02
     553 4.5874E-01 8.0319E-04  (-0.279    ,  1.953E-03,   0.00    ) |  8.032E-04 1.221E-02
     554 4.5954E-01 8.0287E-04  (-0.279    , -1.953E-03,   0.00    ) |  8.029E-04 1.221E-02
     555 4.6034E-01 8.0255E-04  (-0.279    , -1.953E-03,   0.00    ) |  8.026E-04 1.221E-02
     556 4.6115E-01 8.0223E-04  (-0.279    , -1.953E-03,   0.00    ) |  8.022E-04 1.221E-02
     557 4.6195E-01 8.0191E-04  (-0.279    , -1.953E-03,   0.00    ) |  8.019E-04 1.221E-02
     558 4.6275E-01 8.0159E-04  (-0.283    , -1.953E-03,   0.00    ) |  8.016E-04 1.221E-02
     559 4.6355E-01 8.0127E-04  (-0.283    , -1.953E-03,   0.00    ) |  8.013E-04 1.221E-02
     560 4.6435E-01 8.0094E-04  (-0.283    , -1.953E-03,   0.00    ) |  8.009E-04 1.221E-02
     561 4.6515E-01 8.0062E-04  (-0.283    , -1.953E-03,   0.00    ) |  8.006E-04 1.221E-02
     562 4.6596E-01 8.0030E-04  (-0.283    , -1.953E-03,   0.00    ) |  8.003E-04 1.221E-02
     563 4.6676E-01 7.9998E-04  (-0.283    ,  1.953E-03,   0.00    ) |  8.000E-04 1.221E-02
     564 4.6756E-01 7.9966E-04  (-0.283    ,  1.953E-03,   0.00    ) |  7.997E-04 1.221E-02
     565 4.6836E-01 7.9933E-04  (-0.283    , -1.953E-03,   0.00    ) |  7.993E-04 1.221E-02
     566 4.6915E-01 7.9901E-04  (-0.283    , -1.953E-03,   0.00    ) |  7.990E-04 1.221E-02
     567 4.6995E-01 7.9869E-04  (-0.283    ,  1.953E-03,   0.00    ) |  7.987E-04 1.221E-02
     568 4.7075E-01 7.9837E-04  (-0.283    ,  1.953E-03,   0.00    ) |  7.984E-04 1.221E-02
     569 4.7155E-01 7.9805E-04  (-0.283    ,  1.953E-03,   0.00    ) |  7.981E-04 1.221E-02
     570 4.7235E-01 7.9773E-04  (-0.283    ,  1.953E-03,   0.00    ) |  7.977E-04 1.221E-02
     571 4.7315E-01 7.9741E-04  (-0.283    ,  1.953E-03,   0.00    ) |  7.974E-04 1.221E-02
     572 4.7394E-01 7.9709E-04  (-0.283    ,  1.953E-03,   0.00    ) |  7.971E-04 1.221E-02
     573 4.7474E-01 7.9678E-04  (-0.283    ,  1.953E-03,   0.00    ) |  7.968E-04 1.221E-02
 *** Wrote plotfile to flash_run_hdf5_plt_cnt_0019 ****
     574 4.7554E-01 7.9646E-04  (-0.283    ,  1.953E-03,   0.00    ) |  7.965E-04 1.221E-02
     575 4.7633E-01 7.9614E-04  ( 0.283    , -1.953E-03,   0.00    ) |  7.961E-04 1.221E-02
     576 4.7713E-01 7.9583E-04  (-0.283    ,  1.953E-03,   0.00    ) |  7.958E-04 1.221E-02
     577 4.7793E-01 7.9551E-04  (-0.283    ,  1.953E-03,   0.00    ) |  7.955E-04 1.221E-02
     578 4.7872E-01 7.9520E-04  (-0.283    ,  1.953E-03,   0.00    ) |  7.952E-04 1.221E-02
     579 4.7952E-01 7.9488E-04  (-0.287    ,  1.953E-03,   0.00    ) |  7.949E-04 1.221E-02
     580 4.8031E-01 7.9456E-04  (-0.287    ,  1.953E-03,   0.00    ) |  7.946E-04 1.221E-02
     581 4.8111E-01 7.9425E-04  (-0.287    ,  1.953E-03,   0.00    ) |  7.942E-04 1.221E-02
     582 4.8190E-01 7.9393E-04  (-0.287    ,  1.953E-03,   0.00    ) |  7.939E-04 1.221E-02
     583 4.8269E-01 7.9362E-04  (-0.287    ,  1.953E-03,   0.00    ) |  7.936E-04 1.221E-02
     584 4.8349E-01 7.9330E-04  (-0.287    ,  1.953E-03,   0.00    ) |  7.933E-04 1.221E-02
     585 4.8428E-01 7.9299E-04  ( 0.287    , -1.953E-03,   0.00    ) |  7.930E-04 1.221E-02
     586 4.8507E-01 7.9267E-04  ( 0.287    , -1.953E-03,   0.00    ) |  7.927E-04 1.221E-02
     587 4.8587E-01 7.9236E-04  (-0.287    ,  1.953E-03,   0.00    ) |  7.924E-04 1.221E-02
     588 4.8666E-01 7.9205E-04  (-0.287    ,  1.953E-03,   0.00    ) |  7.920E-04 1.221E-02
     589 4.8745E-01 7.9174E-04  (-0.287    ,  1.953E-03,   0.00    ) |  7.917E-04 1.221E-02
     590 4.8824E-01 7.9143E-04  (-0.287    ,  1.953E-03,   0.00    ) |  7.914E-04 1.221E-02
     591 4.8903E-01 7.9112E-04  (-0.287    ,  1.953E-03,   0.00    ) |  7.911E-04 1.221E-02
     592 4.8983E-01 7.9081E-04  (-0.287    ,  1.953E-03,   0.00    ) |  7.908E-04 1.221E-02
     593 4.9062E-01 7.9050E-04  (-0.287    ,  1.953E-03,   0.00    ) |  7.905E-04 1.221E-02
     594 4.9141E-01 7.9020E-04  (-0.287    ,  1.953E-03,   0.00    ) |  7.902E-04 1.221E-02
     595 4.9220E-01 7.8989E-04  (-0.287    ,  1.953E-03,   0.00    ) |  7.899E-04 1.221E-02
     596 4.9299E-01 7.8959E-04  (-0.287    ,  1.953E-03,   0.00    ) |  7.896E-04 1.221E-02
     597 4.9378E-01 7.8928E-04  (-0.287    ,  1.953E-03,   0.00    ) |  7.893E-04 1.221E-02
     598 4.9457E-01 7.8898E-04  (-0.291    ,  1.953E-03,   0.00    ) |  7.890E-04 1.221E-02
     599 4.9535E-01 7.8867E-04  (-0.291    ,  1.953E-03,   0.00    ) |  7.887E-04 1.221E-02
     600 4.9614E-01 7.8836E-04  (-0.291    ,  1.953E-03,   0.00    ) |  7.884E-04 1.221E-02
     601 4.9693E-01 7.8805E-04  (-0.291    ,  1.953E-03,   0.00    ) |  7.881E-04 1.221E-02
     602 4.9772E-01 7.8775E-04  (-0.291    ,  1.953E-03,   0.00    ) |  7.877E-04 1.221E-02
     603 4.9851E-01 7.8744E-04  (-0.291    ,  1.953E-03,   0.00    ) |  7.874E-04 1.221E-02
     604 4.9930E-01 7.8714E-04  (-0.291    ,  1.953E-03,   0.00    ) |  7.871E-04 1.221E-02
 *** Wrote plotfile to flash_run_hdf5_plt_cnt_0020 ****
     605 5.0008E-01 7.8684E-04  (-0.291    ,  1.953E-03,   0.00    ) |  7.868E-04 1.221E-02
     606 5.0087E-01 7.8654E-04  (-0.291    ,  1.953E-03,   0.00    ) |  7.865E-04 1.221E-02
     607 5.0166E-01 7.8624E-04  (-0.291    ,  1.953E-03,   0.00    ) |  7.862E-04 1.221E-02
     608 5.0244E-01 7.8594E-04  (-0.291    ,  1.953E-03,   0.00    ) |  7.859E-04 1.221E-02
     609 5.0323E-01 7.8564E-04  (-0.291    ,  1.953E-03,   0.00    ) |  7.856E-04 1.221E-02
     610 5.0401E-01 7.8535E-04  (-0.291    ,  1.953E-03,   0.00    ) |  7.853E-04 1.221E-02
     611 5.0480E-01 7.8505E-04  (-0.291    ,  1.953E-03,   0.00    ) |  7.851E-04 1.221E-02
     612 5.0558E-01 7.8476E-04  (-0.291    ,  1.953E-03,   0.00    ) |  7.848E-04 1.221E-02
     613 5.0637E-01 7.8446E-04  ( 0.291    , -1.953E-03,   0.00    ) |  7.845E-04 1.221E-02
     614 5.0715E-01 7.8417E-04  ( 0.291    , -1.953E-03,   0.00    ) |  7.842E-04 1.221E-02
     615 5.0794E-01 7.8387E-04  ( 0.295    , -1.953E-03,   0.00    ) |  7.839E-04 1.221E-02
     616 5.0872E-01 7.8357E-04  ( 0.295    , -1.953E-03,   0.00    ) |  7.836E-04 1.221E-02
     617 5.0950E-01 7.8328E-04  (-0.295    ,  1.953E-03,   0.00    ) |  7.833E-04 1.221E-02
     618 5.1029E-01 7.8298E-04  ( 0.295    , -1.953E-03,   0.00    ) |  7.830E-04 1.221E-02
     619 5.1107E-01 7.8269E-04  ( 0.295    , -1.953E-03,   0.00    ) |  7.827E-04 1.221E-02
     620 5.1185E-01 7.8240E-04  (-0.295    ,  1.953E-03,   0.00    ) |  7.824E-04 1.221E-02
     621 5.1264E-01 7.8211E-04  (-0.295    ,  1.953E-03,   0.00    ) |  7.821E-04 1.221E-02
     622 5.1342E-01 7.8182E-04  (-0.295    ,  1.953E-03,   0.00    ) |  7.818E-04 1.221E-02
     623 5.1420E-01 7.8153E-04  (-0.295    ,  1.953E-03,   0.00    ) |  7.815E-04 1.221E-02
     624 5.1498E-01 7.8124E-04  (-0.295    ,  1.953E-03,   0.00    ) |  7.812E-04 1.221E-02
     625 5.1576E-01 7.8095E-04  (-0.295    ,  1.953E-03,   0.00    ) |  7.810E-04 1.221E-02
     626 5.1654E-01 7.8067E-04  (-0.295    ,  1.953E-03,   0.00    ) |  7.807E-04 1.221E-02
     627 5.1732E-01 7.8039E-04  (-0.295    ,  1.953E-03,   0.00    ) |  7.804E-04 1.221E-02
     628 5.1810E-01 7.8010E-04  (-0.295    ,  1.953E-03,   0.00    ) |  7.801E-04 1.221E-02
     629 5.1888E-01 7.7982E-04  (-0.295    ,  1.953E-03,   0.00    ) |  7.798E-04 1.221E-02
     630 5.1966E-01 7.7954E-04  (-0.299    ,  1.953E-03,   0.00    ) |  7.795E-04 1.221E-02
     631 5.2044E-01 7.7925E-04  (-0.299    ,  1.953E-03,   0.00    ) |  7.793E-04 1.221E-02
     632 5.2122E-01 7.7897E-04  (-0.299    ,  1.953E-03,   0.00    ) |  7.790E-04 1.221E-02
     633 5.2200E-01 7.7868E-04  (-0.299    ,  1.953E-03,   0.00    ) |  7.787E-04 1.221E-02
     634 5.2278E-01 7.7840E-04  (-0.299    ,  1.953E-03,   0.00    ) |  7.784E-04 1.221E-02
     635 5.2356E-01 7.7812E-04  (-0.299    ,  1.953E-03,   0.00    ) |  7.781E-04 1.221E-02
     636 5.2434E-01 7.7784E-04  (-0.299    ,  1.953E-03,   0.00    ) |  7.778E-04 1.221E-02
 *** Wrote plotfile to flash_run_hdf5_plt_cnt_0021 ****
     637 5.2512E-01 7.7756E-04  (-0.299    ,  1.953E-03,   0.00    ) |  7.776E-04 1.221E-02
     638 5.2589E-01 7.7729E-04  (-0.299    ,  1.953E-03,   0.00    ) |  7.773E-04 1.221E-02
     639 5.2667E-01 7.7701E-04  (-0.299    ,  1.953E-03,   0.00    ) |  7.770E-04 1.221E-02
     640 5.2745E-01 7.7674E-04  (-0.299    ,  1.953E-03,   0.00    ) |  7.767E-04 1.221E-02
     641 5.2822E-01 7.7647E-04  (-0.299    ,  1.953E-03,   0.00    ) |  7.765E-04 1.221E-02
     642 5.2900E-01 7.7619E-04  (-0.299    ,  1.953E-03,   0.00    ) |  7.762E-04 1.221E-02
     643 5.2978E-01 7.7592E-04  (-0.299    ,  1.953E-03,   0.00    ) |  7.759E-04 1.221E-02
     644 5.3055E-01 7.7566E-04  (-0.299    ,  1.953E-03,   0.00    ) |  7.757E-04 1.221E-02
     645 5.3133E-01 7.7538E-04  (-0.303    ,  1.953E-03,   0.00    ) |  7.754E-04 1.221E-02
     646 5.3210E-01 7.7511E-04  (-0.303    , -1.953E-03,   0.00    ) |  7.751E-04 1.221E-02
     647 5.3288E-01 7.7484E-04  (-0.303    , -1.953E-03,   0.00    ) |  7.748E-04 1.221E-02
     648 5.3365E-01 7.7457E-04  (-0.303    , -1.953E-03,   0.00    ) |  7.746E-04 1.221E-02
     649 5.3443E-01 7.7430E-04  (-0.303    , -1.953E-03,   0.00    ) |  7.743E-04 1.221E-02
     650 5.3520E-01 7.7403E-04  (-0.303    ,  1.953E-03,   0.00    ) |  7.740E-04 1.221E-02
     651 5.3598E-01 7.7376E-04  (-0.303    ,  1.953E-03,   0.00    ) |  7.738E-04 1.221E-02
     652 5.3675E-01 7.7350E-04  (-0.303    ,  1.953E-03,   0.00    ) |  7.735E-04 1.221E-02
     653 5.3752E-01 7.7324E-04  (-0.303    , -1.953E-03,   0.00    ) |  7.732E-04 1.221E-02
     654 5.3830E-01 7.7298E-04  (-0.303    ,  1.953E-03,   0.00    ) |  7.730E-04 1.221E-02
     655 5.3907E-01 7.7271E-04  (-0.303    , -1.953E-03,   0.00    ) |  7.727E-04 1.221E-02
     656 5.3984E-01 7.7246E-04  (-0.303    ,  1.953E-03,   0.00    ) |  7.725E-04 1.221E-02
     657 5.4062E-01 7.7220E-04  (-0.303    , -1.953E-03,   0.00    ) |  7.722E-04 1.221E-02
     658 5.4139E-01 7.7194E-04  (-0.303    , -1.953E-03,   0.00    ) |  7.719E-04 1.221E-02
     659 5.4216E-01 7.7168E-04  (-0.307    , -1.953E-03,   0.00    ) |  7.717E-04 1.221E-02
     660 5.4293E-01 7.7142E-04  (-0.307    ,  1.953E-03,   0.00    ) |  7.714E-04 1.221E-02
     661 5.4370E-01 7.7116E-04  (-0.307    , -1.953E-03,   0.00    ) |  7.712E-04 1.221E-02
     662 5.4447E-01 7.7091E-04  (-0.307    ,  1.953E-03,   0.00    ) |  7.709E-04 1.221E-02
     663 5.4524E-01 7.7065E-04  ( 0.307    ,  1.953E-03,   0.00    ) |  7.707E-04 1.221E-02
     664 5.4602E-01 7.7040E-04  (-0.307    , -1.953E-03,   0.00    ) |  7.704E-04 1.221E-02
     665 5.4679E-01 7.7015E-04  ( 0.307    ,  1.953E-03,   0.00    ) |  7.701E-04 1.221E-02
     666 5.4756E-01 7.6990E-04  ( 0.307    ,  1.953E-03,   0.00    ) |  7.699E-04 1.221E-02
     667 5.4833E-01 7.6965E-04  (-0.307    , -1.953E-03,   0.00    ) |  7.696E-04 1.221E-02
     668 5.4910E-01 7.6940E-04  (-0.307    , -1.953E-03,   0.00    ) |  7.694E-04 1.221E-02
     669 5.4986E-01 7.6915E-04  (-0.307    , -1.953E-03,   0.00    ) |  7.692E-04 1.221E-02
 *** Wrote plotfile to flash_run_hdf5_plt_cnt_0022 ****
     670 5.5063E-01 7.6891E-04  (-0.307    , -1.953E-03,   0.00    ) |  7.689E-04 1.221E-02
     671 5.5140E-01 7.6866E-04  (-0.307    , -1.953E-03,   0.00    ) |  7.687E-04 1.221E-02
     672 5.5217E-01 7.6841E-04  (-0.311    , -1.953E-03,   0.00    ) |  7.684E-04 1.221E-02
     673 5.5294E-01 7.6817E-04  (-0.311    , -1.953E-03,   0.00    ) |  7.682E-04 1.221E-02
     674 5.5371E-01 7.6792E-04  (-0.311    , -1.953E-03,   0.00    ) |  7.679E-04 1.221E-02
     675 5.5448E-01 7.6767E-04  (-0.311    , -1.953E-03,   0.00    ) |  7.677E-04 1.221E-02
     676 5.5524E-01 7.6743E-04  (-0.311    , -1.953E-03,   0.00    ) |  7.674E-04 1.221E-02
     677 5.5601E-01 7.6718E-04  (-0.311    , -1.953E-03,   0.00    ) |  7.672E-04 1.221E-02
     678 5.5678E-01 7.6694E-04  (-0.311    , -1.953E-03,   0.00    ) |  7.669E-04 1.221E-02
     679 5.5755E-01 7.6670E-04  (-0.311    , -1.953E-03,   0.00    ) |  7.667E-04 1.221E-02
     680 5.5831E-01 7.6646E-04  (-0.311    , -1.953E-03,   0.00    ) |  7.665E-04 1.221E-02
     681 5.5908E-01 7.6623E-04  (-0.311    , -1.953E-03,   0.00    ) |  7.662E-04 1.221E-02
     682 5.5984E-01 7.6599E-04  (-0.311    , -1.953E-03,   0.00    ) |  7.660E-04 1.221E-02
     683 5.6061E-01 7.6576E-04  (-0.311    , -1.953E-03,   0.00    ) |  7.658E-04 1.221E-02
     684 5.6138E-01 7.6552E-04  (-0.314    , -1.953E-03,   0.00    ) |  7.655E-04 1.221E-02
     685 5.6214E-01 7.6528E-04  (-0.314    , -1.953E-03,   0.00    ) |  7.653E-04 1.221E-02
     686 5.6291E-01 7.6504E-04  (-0.314    , -1.953E-03,   0.00    ) |  7.650E-04 1.221E-02
     687 5.6367E-01 7.6481E-04  (-0.314    , -1.953E-03,   0.00    ) |  7.648E-04 1.221E-02
     688 5.6444E-01 7.6457E-04  (-0.314    , -1.953E-03,   0.00    ) |  7.646E-04 1.221E-02
     689 5.6520E-01 7.6434E-04  (-0.314    , -1.953E-03,   0.00    ) |  7.643E-04 1.221E-02
     690 5.6597E-01 7.6411E-04  (-0.314    , -1.953E-03,   0.00    ) |  7.641E-04 1.221E-02
     691 5.6673E-01 7.6388E-04  (-0.314    , -1.953E-03,   0.00    ) |  7.639E-04 1.221E-02
     692 5.6749E-01 7.6365E-04  (-0.314    , -1.953E-03,   0.00    ) |  7.636E-04 1.221E-02
     693 5.6826E-01 7.6342E-04  (-0.314    , -1.953E-03,   0.00    ) |  7.634E-04 1.221E-02
     694 5.6902E-01 7.6320E-04  (-0.314    , -1.953E-03,   0.00    ) |  7.632E-04 1.221E-02
     695 5.6978E-01 7.6297E-04  (-0.314    , -1.953E-03,   0.00    ) |  7.630E-04 1.221E-02
     696 5.7055E-01 7.6275E-04  (-0.318    , -1.953E-03,   0.00    ) |  7.627E-04 1.221E-02
     697 5.7131E-01 7.6252E-04  (-0.318    , -1.953E-03,   0.00    ) |  7.625E-04 1.221E-02
     698 5.7207E-01 7.6229E-04  (-0.318    , -1.953E-03,   0.00    ) |  7.623E-04 1.221E-02
     699 5.7283E-01 7.6206E-04  (-0.318    ,  1.953E-03,   0.00    ) |  7.621E-04 1.221E-02
     700 5.7360E-01 7.6184E-04  (-0.318    , -1.953E-03,   0.00    ) |  7.618E-04 1.221E-02
     701 5.7436E-01 7.6161E-04  (-0.318    ,  1.953E-03,   0.00    ) |  7.616E-04 1.221E-02
 *** Wrote plotfile to flash_run_hdf5_plt_cnt_0023 ****
     702 5.7512E-01 7.6139E-04  (-0.318    , -1.953E-03,   0.00    ) |  7.614E-04 1.221E-02
     703 5.7588E-01 7.6117E-04  (-0.318    ,  1.953E-03,   0.00    ) |  7.612E-04 1.221E-02
     704 5.7664E-01 7.6095E-04  (-0.318    , -1.953E-03,   0.00    ) |  7.610E-04 1.221E-02
     705 5.7740E-01 7.6074E-04  (-0.318    , -1.953E-03,   0.00    ) |  7.607E-04 1.221E-02
     706 5.7816E-01 7.6052E-04  ( 0.318    ,  1.953E-03,   0.00    ) |  7.605E-04 1.221E-02
     707 5.7892E-01 7.6031E-04  (-0.318    , -1.953E-03,   0.00    ) |  7.603E-04 1.221E-02
     708 5.7969E-01 7.6010E-04  (-0.322    , -1.953E-03,   0.00    ) |  7.601E-04 1.221E-02
     709 5.8045E-01 7.5988E-04  ( 0.322    ,  1.953E-03,   0.00    ) |  7.599E-04 1.221E-02
     710 5.8121E-01 7.5966E-04  (-0.322    , -1.953E-03,   0.00    ) |  7.597E-04 1.221E-02
     711 5.8196E-01 7.5944E-04  (-0.322    , -1.953E-03,   0.00    ) |  7.594E-04 1.221E-02
     712 5.8272E-01 7.5922E-04  (-0.322    , -1.953E-03,   0.00    ) |  7.592E-04 1.221E-02
     713 5.8348E-01 7.5901E-04  (-0.322    , -1.953E-03,   0.00    ) |  7.590E-04 1.221E-02
     714 5.8424E-01 7.5880E-04  (-0.322    , -1.953E-03,   0.00    ) |  7.588E-04 1.221E-02
     715 5.8500E-01 7.5859E-04  (-0.322    , -1.953E-03,   0.00    ) |  7.586E-04 1.221E-02
     716 5.8576E-01 7.5838E-04  (-0.322    , -1.953E-03,   0.00    ) |  7.584E-04 1.221E-02
     717 5.8652E-01 7.5818E-04  (-0.322    , -1.953E-03,   0.00    ) |  7.582E-04 1.221E-02
     718 5.8728E-01 7.5798E-04  (-0.322    , -1.953E-03,   0.00    ) |  7.580E-04 1.221E-02
     719 5.8803E-01 7.5777E-04  (-0.326    , -1.953E-03,   0.00    ) |  7.578E-04 1.221E-02
     720 5.8879E-01 7.5756E-04  (-0.326    , -1.953E-03,   0.00    ) |  7.576E-04 1.221E-02
     721 5.8955E-01 7.5736E-04  (-0.326    , -1.953E-03,   0.00    ) |  7.574E-04 1.221E-02
     722 5.9031E-01 7.5715E-04  (-0.326    , -1.953E-03,   0.00    ) |  7.572E-04 1.221E-02
     723 5.9106E-01 7.5695E-04  (-0.326    , -1.953E-03,   0.00    ) |  7.569E-04 1.221E-02
     724 5.9182E-01 7.5674E-04  (-0.326    , -1.953E-03,   0.00    ) |  7.567E-04 1.221E-02
     725 5.9258E-01 7.5654E-04  (-0.326    , -1.953E-03,   0.00    ) |  7.565E-04 1.221E-02
     726 5.9333E-01 7.5634E-04  (-0.326    , -1.953E-03,   0.00    ) |  7.563E-04 1.221E-02
     727 5.9409E-01 7.5614E-04  (-0.326    , -1.953E-03,   0.00    ) |  7.561E-04 1.221E-02
     728 5.9485E-01 7.5595E-04  (-0.326    , -1.953E-03,   0.00    ) |  7.559E-04 1.221E-02
     729 5.9560E-01 7.5576E-04  (-0.326    , -1.953E-03,   0.00    ) |  7.558E-04 1.221E-02
     730 5.9636E-01 7.5557E-04  (-0.326    , -1.953E-03,   0.00    ) |  7.556E-04 1.221E-02
     731 5.9711E-01 7.5537E-04  (-0.330    , -1.953E-03,   0.00    ) |  7.554E-04 1.221E-02
     732 5.9787E-01 7.5518E-04  (-0.330    , -1.953E-03,   0.00    ) |  7.552E-04 1.221E-02
     733 5.9862E-01 7.5498E-04  (-0.330    , -1.953E-03,   0.00    ) |  7.550E-04 1.221E-02
     734 5.9938E-01 7.5479E-04  (-0.330    , -1.953E-03,   0.00    ) |  7.548E-04 1.221E-02
 *** Wrote plotfile to flash_run_hdf5_plt_cnt_0024 ****
     735 6.0013E-01 7.5460E-04  (-0.330    , -1.953E-03,   0.00    ) |  7.546E-04 1.221E-02
     736 6.0089E-01 7.5442E-04  (-0.330    , -1.953E-03,   0.00    ) |  7.544E-04 1.221E-02
     737 6.0164E-01 7.5423E-04  (-0.330    , -1.953E-03,   0.00    ) |  7.542E-04 1.221E-02
     738 6.0240E-01 7.5405E-04  (-0.330    , -1.953E-03,   0.00    ) |  7.540E-04 1.221E-02
     739 6.0315E-01 7.5387E-04  (-0.330    ,  1.953E-03,   0.00    ) |  7.539E-04 1.221E-02
     740 6.0391E-01 7.5369E-04  (-0.330    , -1.953E-03,   0.00    ) |  7.537E-04 1.221E-02
     741 6.0466E-01 7.5351E-04  (-0.330    ,  1.953E-03,   0.00    ) |  7.535E-04 1.221E-02
     742 6.0541E-01 7.5334E-04  (-0.330    , -1.953E-03,   0.00    ) |  7.533E-04 1.221E-02
     743 6.0617E-01 7.5316E-04  (-0.334    ,  1.953E-03,   0.00    ) |  7.532E-04 1.221E-02
     744 6.0692E-01 7.5299E-04  (-0.334    ,  1.953E-03,   0.00    ) |  7.530E-04 1.221E-02
     745 6.0767E-01 7.5281E-04  (-0.334    ,  1.953E-03,   0.00    ) |  7.528E-04 1.221E-02
     746 6.0843E-01 7.5264E-04  (-0.334    , -1.953E-03,   0.00    ) |  7.526E-04 1.221E-02
     747 6.0918E-01 7.5247E-04  (-0.334    , -1.953E-03,   0.00    ) |  7.525E-04 1.221E-02
     748 6.0993E-01 7.5230E-04  (-0.334    , -1.953E-03,   0.00    ) |  7.523E-04 1.221E-02
     749 6.1068E-01 7.5214E-04  (-0.334    , -1.953E-03,   0.00    ) |  7.521E-04 1.221E-02
     750 6.1143E-01 7.5198E-04  (-0.334    , -1.953E-03,   0.00    ) |  7.520E-04 1.221E-02
     751 6.1219E-01 7.5182E-04  (-0.334    , -1.953E-03,   0.00    ) |  7.518E-04 1.221E-02
     752 6.1294E-01 7.5167E-04  (-0.334    , -1.953E-03,   0.00    ) |  7.517E-04 1.221E-02
     753 6.1369E-01 7.5151E-04  (-0.334    , -1.953E-03,   0.00    ) |  7.515E-04 1.221E-02
     754 6.1444E-01 7.5136E-04  (-0.334    , -1.953E-03,   0.00    ) |  7.514E-04 1.221E-02
     755 6.1519E-01 7.5121E-04  (-0.338    , -1.953E-03,   0.00    ) |  7.512E-04 1.221E-02
     756 6.1594E-01 7.5105E-04  (-0.338    , -1.953E-03,   0.00    ) |  7.511E-04 1.221E-02
     757 6.1670E-01 7.5090E-04  (-0.338    , -1.953E-03,   0.00    ) |  7.509E-04 1.221E-02
     758 6.1745E-01 7.5074E-04  (-0.338    , -1.953E-03,   0.00    ) |  7.507E-04 1.221E-02
     759 6.1820E-01 7.5059E-04  (-0.338    , -1.953E-03,   0.00    ) |  7.506E-04 1.221E-02
     760 6.1895E-01 7.5044E-04  (-0.338    , -1.953E-03,   0.00    ) |  7.504E-04 1.221E-02
     761 6.1970E-01 7.5030E-04  (-0.338    , -1.953E-03,   0.00    ) |  7.503E-04 1.221E-02
     762 6.2045E-01 7.5015E-04  (-0.338    , -1.953E-03,   0.00    ) |  7.501E-04 1.221E-02
     763 6.2120E-01 7.5000E-04  (-0.338    , -1.953E-03,   0.00    ) |  7.500E-04 1.221E-02
     764 6.2195E-01 7.4986E-04  (-0.338    , -1.953E-03,   0.00    ) |  7.499E-04 1.221E-02
     765 6.2270E-01 7.4972E-04  (-0.338    , -1.953E-03,   0.00    ) |  7.497E-04 1.221E-02
     766 6.2345E-01 7.4958E-04  (-0.338    , -1.953E-03,   0.00    ) |  7.496E-04 1.221E-02
     767 6.2420E-01 7.4944E-04  (-0.342    , -1.953E-03,   0.00    ) |  7.494E-04 1.221E-02
     768 6.2495E-01 7.4929E-04  (-0.342    , -1.953E-03,   0.00    ) |  7.493E-04 1.221E-02
 *** Wrote plotfile to flash_run_hdf5_plt_cnt_0025 ****
     769 6.2570E-01 7.4914E-04  (-0.342    , -1.953E-03,   0.00    ) |  7.491E-04 1.221E-02
     770 6.2645E-01 7.4900E-04  (-0.342    , -1.953E-03,   0.00    ) |  7.490E-04 1.221E-02
     771 6.2719E-01 7.4886E-04  (-0.342    , -1.953E-03,   0.00    ) |  7.489E-04 1.221E-02
     772 6.2794E-01 7.4873E-04  (-0.342    , -1.953E-03,   0.00    ) |  7.487E-04 1.221E-02
     773 6.2869E-01 7.4860E-04  (-0.342    , -1.953E-03,   0.00    ) |  7.486E-04 1.221E-02
     774 6.2944E-01 7.4847E-04  (-0.342    ,  1.953E-03,   0.00    ) |  7.485E-04 1.221E-02
     775 6.3019E-01 7.4834E-04  (-0.342    ,  1.953E-03,   0.00    ) |  7.483E-04 1.221E-02
     776 6.3094E-01 7.4821E-04  (-0.342    ,  1.953E-03,   0.00    ) |  7.482E-04 1.221E-02
     777 6.3169E-01 7.4809E-04  (-0.342    ,  1.953E-03,   0.00    ) |  7.481E-04 1.221E-02
     778 6.3243E-01 7.4797E-04  (-0.346    ,  1.953E-03,   0.00    ) |  7.480E-04 1.221E-02
     779 6.3318E-01 7.4784E-04  (-0.346    , -1.953E-03,   0.00    ) |  7.478E-04 1.221E-02
     780 6.3393E-01 7.4772E-04  (-0.346    ,  1.953E-03,   0.00    ) |  7.477E-04 1.221E-02
     781 6.3468E-01 7.4759E-04  (-0.346    ,  1.953E-03,   0.00    ) |  7.476E-04 1.221E-02
     782 6.3543E-01 7.4747E-04  (-0.346    ,  1.953E-03,   0.00    ) |  7.475E-04 1.221E-02
     783 6.3617E-01 7.4736E-04  (-0.346    ,  1.953E-03,   0.00    ) |  7.474E-04 1.221E-02
     784 6.3692E-01 7.4725E-04  (-0.346    ,  1.953E-03,   0.00    ) |  7.472E-04 1.221E-02
     785 6.3767E-01 7.4714E-04  (-0.346    ,  1.953E-03,   0.00    ) |  7.471E-04 1.221E-02
     786 6.3841E-01 7.4703E-04  (-0.346    ,  1.953E-03,   0.00    ) |  7.470E-04 1.221E-02
     787 6.3916E-01 7.4693E-04  (-0.346    ,  1.953E-03,   0.00    ) |  7.469E-04 1.221E-02
     788 6.3991E-01 7.4682E-04  (-0.346    ,  1.953E-03,   0.00    ) |  7.468E-04 1.221E-02
     789 6.4066E-01 7.4672E-04  (-0.346    ,  1.953E-03,   0.00    ) |  7.467E-04 1.221E-02
     790 6.4140E-01 7.4662E-04  (-0.350    ,  1.953E-03,   0.00    ) |  7.466E-04 1.221E-02
     791 6.4215E-01 7.4652E-04  (-0.350    ,  1.953E-03,   0.00    ) |  7.465E-04 1.221E-02
     792 6.4289E-01 7.4641E-04  (-0.350    ,  1.953E-03,   0.00    ) |  7.464E-04 1.221E-02
     793 6.4364E-01 7.4631E-04  (-0.350    ,  1.953E-03,   0.00    ) |  7.463E-04 1.221E-02
     794 6.4439E-01 7.4621E-04  (-0.350    ,  1.953E-03,   0.00    ) |  7.462E-04 1.221E-02
     795 6.4513E-01 7.4612E-04  (-0.350    ,  1.953E-03,   0.00    ) |  7.461E-04 1.221E-02
     796 6.4588E-01 7.4602E-04  (-0.350    ,  1.953E-03,   0.00    ) |  7.460E-04 1.221E-02
     797 6.4663E-01 7.4593E-04  (-0.350    ,  1.953E-03,   0.00    ) |  7.459E-04 1.221E-02
     798 6.4737E-01 7.4584E-04  (-0.350    ,  1.953E-03,   0.00    ) |  7.458E-04 1.221E-02
     799 6.4812E-01 7.4576E-04  (-0.350    ,  1.953E-03,   0.00    ) |  7.458E-04 1.221E-02
     800 6.4886E-01 7.4567E-04  ( 0.350    , -1.953E-03,   0.00    ) |  7.457E-04 1.221E-02
     801 6.4961E-01 7.4559E-04  ( 0.350    , -1.953E-03,   0.00    ) |  7.456E-04 1.221E-02
 *** Wrote plotfile to flash_run_hdf5_plt_cnt_0026 ****
     802 6.5035E-01 7.4551E-04  ( 0.350    , -1.953E-03,   0.00    ) |  7.455E-04 1.221E-02
     803 6.5110E-01 7.4543E-04  ( 0.354    , -1.953E-03,   0.00    ) |  7.454E-04 1.221E-02
     804 6.5185E-01 7.4535E-04  (-0.354    ,  1.953E-03,   0.00    ) |  7.453E-04 1.221E-02
     805 6.5259E-01 7.4526E-04  (-0.354    ,  1.953E-03,   0.00    ) |  7.453E-04 1.221E-02
     806 6.5334E-01 7.4518E-04  (-0.354    ,  1.953E-03,   0.00    ) |  7.452E-04 1.221E-02
     807 6.5408E-01 7.4510E-04  (-0.354    ,  1.953E-03,   0.00    ) |  7.451E-04 1.221E-02
     808 6.5483E-01 7.4502E-04  (-0.354    ,  1.953E-03,   0.00    ) |  7.450E-04 1.221E-02
     809 6.5557E-01 7.4495E-04  (-0.354    ,  1.953E-03,   0.00    ) |  7.449E-04 1.221E-02
     810 6.5632E-01 7.4487E-04  (-0.354    ,  1.953E-03,   0.00    ) |  7.449E-04 1.221E-02
     811 6.5706E-01 7.4480E-04  (-0.354    ,  1.953E-03,   0.00    ) |  7.448E-04 1.221E-02
     812 6.5781E-01 7.4474E-04  (-0.354    ,  1.953E-03,   0.00    ) |  7.447E-04 1.221E-02
     813 6.5855E-01 7.4467E-04  (-0.354    ,  1.953E-03,   0.00    ) |  7.447E-04 1.221E-02
     814 6.5930E-01 7.4460E-04  (-0.354    ,  1.953E-03,   0.00    ) |  7.446E-04 1.221E-02
     815 6.6004E-01 7.4454E-04  ( 0.354    , -1.953E-03,   0.00    ) |  7.445E-04 1.221E-02
     816 6.6078E-01 7.4448E-04  ( 0.354    , -1.953E-03,   0.00    ) |  7.445E-04 1.221E-02
     817 6.6153E-01 7.4441E-04  ( 0.357    , -1.953E-03,   0.00    ) |  7.444E-04 1.221E-02
     818 6.6227E-01 7.4434E-04  ( 0.357    , -1.953E-03,   0.00    ) |  7.443E-04 1.221E-02
     819 6.6302E-01 7.4428E-04  ( 0.357    , -1.953E-03,   0.00    ) |  7.443E-04 1.221E-02
     820 6.6376E-01 7.4421E-04  ( 0.357    , -1.953E-03,   0.00    ) |  7.442E-04 1.221E-02
     821 6.6451E-01 7.4415E-04  (-0.357    ,  1.953E-03,   0.00    ) |  7.441E-04 1.221E-02
     822 6.6525E-01 7.4409E-04  (-0.357    , -1.953E-03,   0.00    ) |  7.441E-04 1.221E-02
     823 6.6599E-01 7.4403E-04  (-0.357    ,  1.953E-03,   0.00    ) |  7.440E-04 1.221E-02
     824 6.6674E-01 7.4397E-04  (-0.357    , -1.953E-03,   0.00    ) |  7.440E-04 1.221E-02
     825 6.6748E-01 7.4391E-04  (-0.357    ,  1.953E-03,   0.00    ) |  7.439E-04 1.221E-02
     826 6.6823E-01 7.4385E-04  (-0.357    ,  1.953E-03,   0.00    ) |  7.439E-04 1.221E-02
     827 6.6897E-01 7.4380E-04  (-0.357    , -1.953E-03,   0.00    ) |  7.438E-04 1.221E-02
     828 6.6971E-01 7.4374E-04  (-0.357    , -1.953E-03,   0.00    ) |  7.437E-04 1.221E-02
     829 6.7046E-01 7.4369E-04  (-0.357    , -1.953E-03,   0.00    ) |  7.437E-04 1.221E-02
     830 6.7120E-01 7.4364E-04  (-0.357    , -1.953E-03,   0.00    ) |  7.436E-04 1.221E-02
     831 6.7195E-01 7.4359E-04  (-0.357    , -1.953E-03,   0.00    ) |  7.436E-04 1.221E-02
     832 6.7269E-01 7.4354E-04  (-0.361    , -1.953E-03,   0.00    ) |  7.435E-04 1.221E-02
     833 6.7343E-01 7.4349E-04  (-0.361    , -1.953E-03,   0.00    ) |  7.435E-04 1.221E-02
     834 6.7418E-01 7.4344E-04  (-0.361    , -1.953E-03,   0.00    ) |  7.434E-04 1.221E-02
     835 6.7492E-01 7.4338E-04  (-0.361    , -1.953E-03,   0.00    ) |  7.434E-04 1.221E-02
 *** Wrote plotfile to flash_run_hdf5_plt_cnt_0027 ****
     836 6.7566E-01 7.4333E-04  (-0.361    , -1.953E-03,   0.00    ) |  7.433E-04 1.221E-02
     837 6.7641E-01 7.4328E-04  (-0.361    , -1.953E-03,   0.00    ) |  7.433E-04 1.221E-02
     838 6.7715E-01 7.4324E-04  (-0.361    , -1.953E-03,   0.00    ) |  7.432E-04 1.221E-02
     839 6.7789E-01 7.4319E-04  (-0.361    , -1.953E-03,   0.00    ) |  7.432E-04 1.221E-02
     840 6.7864E-01 7.4315E-04  (-0.361    , -1.953E-03,   0.00    ) |  7.431E-04 1.221E-02
     841 6.7938E-01 7.4311E-04  (-0.361    , -1.953E-03,   0.00    ) |  7.431E-04 1.221E-02
     842 6.8012E-01 7.4307E-04  (-0.361    , -1.953E-03,   0.00    ) |  7.431E-04 1.221E-02
     843 6.8087E-01 7.4302E-04  (-0.361    , -1.953E-03,   0.00    ) |  7.430E-04 1.221E-02
     844 6.8161E-01 7.4298E-04  (-0.361    , -1.953E-03,   0.00    ) |  7.430E-04 1.221E-02
     845 6.8235E-01 7.4294E-04  (-0.361    , -1.953E-03,   0.00    ) |  7.429E-04 1.221E-02
     846 6.8309E-01 7.4291E-04  (-0.361    , -1.953E-03,   0.00    ) |  7.429E-04 1.221E-02
     847 6.8384E-01 7.4287E-04  (-0.361    , -1.953E-03,   0.00    ) |  7.429E-04 1.221E-02
     848 6.8458E-01 7.4283E-04  (-0.365    , -1.953E-03,   0.00    ) |  7.428E-04 1.221E-02
     849 6.8532E-01 7.4279E-04  (-0.365    , -1.953E-03,   0.00    ) |  7.428E-04 1.221E-02
     850 6.8607E-01 7.4275E-04  (-0.365    , -1.953E-03,   0.00    ) |  7.428E-04 1.221E-02
     851 6.8681E-01 7.4272E-04  (-0.365    , -1.953E-03,   0.00    ) |  7.427E-04 1.221E-02
     852 6.8755E-01 7.4268E-04  (-0.365    , -1.953E-03,   0.00    ) |  7.427E-04 1.221E-02
     853 6.8829E-01 7.4265E-04  (-0.365    ,  1.953E-03,   0.00    ) |  7.426E-04 1.221E-02
     854 6.8904E-01 7.4262E-04  ( 0.365    ,  1.953E-03,   0.00    ) |  7.426E-04 1.221E-02
     855 6.8978E-01 7.4258E-04  ( 0.365    , -1.953E-03,   0.00    ) |  7.426E-04 1.221E-02
     856 6.9052E-01 7.4255E-04  (-0.365    , -1.953E-03,   0.00    ) |  7.426E-04 1.221E-02
     857 6.9126E-01 7.4252E-04  (-0.365    , -1.953E-03,   0.00    ) |  7.425E-04 1.221E-02
     858 6.9201E-01 7.4249E-04  (-0.365    , -1.953E-03,   0.00    ) |  7.425E-04 1.221E-02
     859 6.9275E-01 7.4246E-04  (-0.365    , -1.953E-03,   0.00    ) |  7.425E-04 1.221E-02
     860 6.9349E-01 7.4243E-04  (-0.365    , -1.953E-03,   0.00    ) |  7.424E-04 1.221E-02
     861 6.9423E-01 7.4241E-04  (-0.365    , -1.953E-03,   0.00    ) |  7.424E-04 1.221E-02
     862 6.9498E-01 7.4238E-04  (-0.365    , -1.953E-03,   0.00    ) |  7.424E-04 1.221E-02
     863 6.9572E-01 7.4236E-04  (-0.365    , -1.953E-03,   0.00    ) |  7.424E-04 1.221E-02
     864 6.9646E-01 7.4233E-04  (-0.365    , -1.953E-03,   0.00    ) |  7.423E-04 1.221E-02
     865 6.9720E-01 7.4231E-04  (-0.365    , -1.953E-03,   0.00    ) |  7.423E-04 1.221E-02
     866 6.9795E-01 7.4229E-04  (-0.365    , -1.953E-03,   0.00    ) |  7.423E-04 1.221E-02
     867 6.9869E-01 7.4227E-04  ( 0.365    , -1.953E-03,   0.00    ) |  7.423E-04 1.221E-02
     868 6.9943E-01 7.4225E-04  ( 0.365    , -1.953E-03,   0.00    ) |  7.422E-04 1.221E-02
 *** Wrote plotfile to flash_run_hdf5_plt_cnt_0028 ****
     869 7.0017E-01 7.4223E-04  ( 0.365    , -1.953E-03,   0.00    ) |  7.422E-04 1.221E-02
     870 7.0091E-01 7.4221E-04  ( 0.365    , -1.953E-03,   0.00    ) |  7.422E-04 1.221E-02
     871 7.0166E-01 7.4219E-04  (-0.365    , -1.953E-03,   0.00    ) |  7.422E-04 1.221E-02
     872 7.0240E-01 7.4217E-04  ( 0.365    , -1.953E-03,   0.00    ) |  7.422E-04 1.221E-02
     873 7.0314E-01 7.4216E-04  ( 0.365    , -1.953E-03,   0.00    ) |  7.422E-04 1.221E-02
     874 7.0388E-01 7.4214E-04  ( 0.365    , -1.953E-03,   0.00    ) |  7.421E-04 1.221E-02
     875 7.0463E-01 7.4212E-04  ( 0.365    , -1.953E-03,   0.00    ) |  7.421E-04 1.221E-02
     876 7.0537E-01 7.4211E-04  ( 0.365    , -1.953E-03,   0.00    ) |  7.421E-04 1.221E-02
     877 7.0611E-01 7.4209E-04  ( 0.365    , -1.953E-03,   0.00    ) |  7.421E-04 1.221E-02
     878 7.0685E-01 7.4208E-04  ( 0.361    , -1.953E-03,   0.00    ) |  7.421E-04 1.221E-02
     879 7.0759E-01 7.4206E-04  ( 0.361    , -1.953E-03,   0.00    ) |  7.421E-04 1.221E-02
     880 7.0834E-01 7.4205E-04  ( 0.361    , -1.953E-03,   0.00    ) |  7.420E-04 1.221E-02
     881 7.0908E-01 7.4203E-04  ( 0.361    , -1.953E-03,   0.00    ) |  7.420E-04 1.221E-02
     882 7.0982E-01 7.4202E-04  ( 0.361    , -1.953E-03,   0.00    ) |  7.420E-04 1.221E-02
     883 7.1056E-01 7.4201E-04  ( 0.361    , -1.953E-03,   0.00    ) |  7.420E-04 1.221E-02
     884 7.1130E-01 7.4200E-04  ( 0.361    , -1.953E-03,   0.00    ) |  7.420E-04 1.221E-02
     885 7.1205E-01 7.4199E-04  ( 0.361    , -1.953E-03,   0.00    ) |  7.420E-04 1.221E-02
     886 7.1279E-01 7.4198E-04  ( 0.361    , -1.953E-03,   0.00    ) |  7.420E-04 1.221E-02
     887 7.1353E-01 7.4197E-04  ( 0.361    , -1.953E-03,   0.00    ) |  7.420E-04 1.221E-02
     888 7.1427E-01 7.4196E-04  ( 0.357    ,  1.953E-03,   0.00    ) |  7.420E-04 1.221E-02
     889 7.1501E-01 7.4195E-04  (-0.357    ,  1.953E-03,   0.00    ) |  7.420E-04 1.221E-02
     890 7.1576E-01 7.4194E-04  ( 0.357    ,  1.953E-03,   0.00    ) |  7.419E-04 1.221E-02
     891 7.1650E-01 7.4193E-04  (-0.357    ,  1.953E-03,   0.00    ) |  7.419E-04 1.221E-02
     892 7.1724E-01 7.4192E-04  ( 0.357    ,  1.953E-03,   0.00    ) |  7.419E-04 1.221E-02
     893 7.1798E-01 7.4192E-04  ( 0.357    ,  1.953E-03,   0.00    ) |  7.419E-04 1.221E-02
     894 7.1872E-01 7.4191E-04  ( 0.357    ,  1.953E-03,   0.00    ) |  7.419E-04 1.221E-02
     895 7.1947E-01 7.4190E-04  ( 0.357    ,  1.953E-03,   0.00    ) |  7.419E-04 1.221E-02
     896 7.2021E-01 7.4189E-04  ( 0.357    ,  1.953E-03,   0.00    ) |  7.419E-04 1.221E-02
     897 7.2095E-01 7.4189E-04  ( 0.357    ,  1.953E-03,   0.00    ) |  7.419E-04 1.221E-02
     898 7.2169E-01 7.4188E-04  ( 0.357    ,  1.953E-03,   0.00    ) |  7.419E-04 1.221E-02
     899 7.2243E-01 7.4188E-04  ( 0.357    ,  1.953E-03,   0.00    ) |  7.419E-04 1.221E-02
     900 7.2318E-01 7.4187E-04  (-0.354    ,  1.953E-03,   0.00    ) |  7.419E-04 1.221E-02
     901 7.2392E-01 7.4186E-04  (-0.354    ,  1.953E-03,   0.00    ) |  7.419E-04 1.221E-02
     902 7.2466E-01 7.4186E-04  (-0.354    ,  1.953E-03,   0.00    ) |  7.419E-04 1.221E-02
 *** Wrote plotfile to flash_run_hdf5_plt_cnt_0029 ****
     903 7.2540E-01 7.4185E-04  (-0.354    ,  1.953E-03,   0.00    ) |  7.419E-04 1.221E-02
     904 7.2614E-01 7.4185E-04  ( 0.354    ,  1.953E-03,   0.00    ) |  7.418E-04 1.221E-02
     905 7.2688E-01 7.4184E-04  ( 0.354    ,  1.953E-03,   0.00    ) |  7.418E-04 1.221E-02
     906 7.2763E-01 7.4184E-04  ( 0.354    ,  1.953E-03,   0.00    ) |  7.418E-04 1.221E-02
     907 7.2837E-01 7.4183E-04  ( 0.354    ,  1.953E-03,   0.00    ) |  7.418E-04 1.221E-02
     908 7.2911E-01 7.4183E-04  ( 0.354    ,  1.953E-03,   0.00    ) |  7.418E-04 1.221E-02
     909 7.2985E-01 7.4182E-04  ( 0.354    ,  1.953E-03,   0.00    ) |  7.418E-04 1.221E-02
     910 7.3059E-01 7.4182E-04  ( 0.354    ,  1.953E-03,   0.00    ) |  7.418E-04 1.221E-02
     911 7.3134E-01 7.4182E-04  ( 0.354    ,  1.953E-03,   0.00    ) |  7.418E-04 1.221E-02
     912 7.3208E-01 7.4182E-04  ( 0.354    ,  1.953E-03,   0.00    ) |  7.418E-04 1.221E-02
     913 7.3282E-01 7.4181E-04  ( 0.354    , -1.953E-03,   0.00    ) |  7.418E-04 1.221E-02
     914 7.3356E-01 7.4181E-04  ( 0.354    , -1.953E-03,   0.00    ) |  7.418E-04 1.221E-02
     915 7.3430E-01 7.4181E-04  ( 0.354    ,  1.953E-03,   0.00    ) |  7.418E-04 1.221E-02
     916 7.3504E-01 7.4181E-04  ( 0.350    , -1.953E-03,   0.00    ) |  7.418E-04 1.221E-02
     917 7.3579E-01 7.4181E-04  ( 0.350    , -1.953E-03,   0.00    ) |  7.418E-04 1.221E-02
     918 7.3653E-01 7.4180E-04  ( 0.350    , -1.953E-03,   0.00    ) |  7.418E-04 1.221E-02
     919 7.3727E-01 7.4180E-04  ( 0.350    ,  1.953E-03,   0.00    ) |  7.418E-04 1.221E-02
     920 7.3801E-01 7.4180E-04  ( 0.350    ,  1.953E-03,   0.00    ) |  7.418E-04 1.221E-02
     921 7.3875E-01 7.4180E-04  ( 0.350    ,  1.953E-03,   0.00    ) |  7.418E-04 1.221E-02
     922 7.3950E-01 7.4180E-04  ( 0.350    ,  1.953E-03,   0.00    ) |  7.418E-04 1.221E-02
     923 7.4024E-01 7.4179E-04  ( 0.350    , -1.953E-03,   0.00    ) |  7.418E-04 1.221E-02
     924 7.4098E-01 7.4179E-04  (-0.350    ,  1.953E-03,   0.00    ) |  7.418E-04 1.221E-02
     925 7.4172E-01 7.4179E-04  (-0.350    ,  1.953E-03,   0.00    ) |  7.418E-04 1.221E-02
     926 7.4246E-01 7.4179E-04  (-0.350    ,  1.953E-03,   0.00    ) |  7.418E-04 1.221E-02
     927 7.4320E-01 7.4179E-04  (-0.350    ,  1.953E-03,   0.00    ) |  7.418E-04 1.221E-02
     928 7.4395E-01 7.4179E-04  (-0.350    ,  1.953E-03,   0.00    ) |  7.418E-04 1.221E-02
     929 7.4469E-01 7.4179E-04  ( 0.350    ,  1.953E-03,   0.00    ) |  7.418E-04 1.221E-02
     930 7.4543E-01 7.4179E-04  ( 0.350    ,  1.953E-03,   0.00    ) |  7.418E-04 1.221E-02
     931 7.4617E-01 7.4179E-04  ( 0.350    ,  1.953E-03,   0.00    ) |  7.418E-04 1.221E-02
     932 7.4691E-01 7.4179E-04  ( 0.350    ,  1.953E-03,   0.00    ) |  7.418E-04 1.221E-02
     933 7.4766E-01 7.4179E-04  ( 0.350    ,  1.953E-03,   0.00    ) |  7.418E-04 1.221E-02
     934 7.4840E-01 7.4179E-04  ( 0.350    ,  1.953E-03,   0.00    ) |  7.418E-04 1.221E-02
     935 7.4914E-01 7.4179E-04  ( 0.350    ,  1.953E-03,   0.00    ) |  7.418E-04 1.221E-02
     936 7.4988E-01 7.4179E-04  ( 0.350    ,  1.953E-03,   0.00    ) |  7.418E-04 1.221E-02
 *** Wrote plotfile to flash_run_hdf5_plt_cnt_0030 ****
     937 7.5062E-01 7.4179E-04  ( 0.350    ,  1.953E-03,   0.00    ) |  7.418E-04 1.221E-02
     938 7.5136E-01 7.4179E-04  ( 0.350    ,  1.953E-03,   0.00    ) |  7.418E-04 1.221E-02
     939 7.5211E-01 7.4180E-04  ( 0.350    ,  1.953E-03,   0.00    ) |  7.418E-04 1.221E-02
     940 7.5285E-01 7.4180E-04  ( 0.350    ,  1.953E-03,   0.00    ) |  7.418E-04 1.221E-02
     941 7.5359E-01 7.4180E-04  ( 0.346    ,  1.953E-03,   0.00    ) |  7.418E-04 1.221E-02
     942 7.5433E-01 7.4180E-04  ( 0.346    ,  1.953E-03,   0.00    ) |  7.418E-04 1.221E-02
     943 7.5507E-01 7.4180E-04  ( 0.346    , -1.953E-03,   0.00    ) |  7.418E-04 1.221E-02
     944 7.5581E-01 7.4180E-04  ( 0.346    ,  1.953E-03,   0.00    ) |  7.418E-04 1.221E-02
     945 7.5656E-01 7.4180E-04  ( 0.346    ,  1.953E-03,   0.00    ) |  7.418E-04 1.221E-02
     946 7.5730E-01 7.4180E-04  ( 0.346    ,  1.953E-03,   0.00    ) |  7.418E-04 1.221E-02
     947 7.5804E-01 7.4180E-04  ( 0.346    ,  1.953E-03,   0.00    ) |  7.418E-04 1.221E-02
     948 7.5878E-01 7.4180E-04  ( 0.346    ,  1.953E-03,   0.00    ) |  7.418E-04 1.221E-02
     949 7.5952E-01 7.4180E-04  ( 0.346    ,  1.953E-03,   0.00    ) |  7.418E-04 1.221E-02
     950 7.6027E-01 7.4180E-04  ( 0.346    ,  1.953E-03,   0.00    ) |  7.418E-04 1.221E-02
     951 7.6101E-01 7.4180E-04  ( 0.346    ,  1.953E-03,   0.00    ) |  7.418E-04 1.221E-02
     952 7.6175E-01 7.4180E-04  ( 0.346    ,  1.953E-03,   0.00    ) |  7.418E-04 1.221E-02
     953 7.6249E-01 7.4180E-04  ( 0.346    ,  1.953E-03,   0.00    ) |  7.418E-04 1.221E-02
     954 7.6323E-01 7.4180E-04  ( 0.346    ,  1.953E-03,   0.00    ) |  7.418E-04 1.221E-02
     955 7.6397E-01 7.4180E-04  ( 0.346    ,  1.953E-03,   0.00    ) |  7.418E-04 1.221E-02
     956 7.6472E-01 7.4180E-04  ( 0.346    ,  1.953E-03,   0.00    ) |  7.418E-04 1.221E-02
     957 7.6546E-01 7.4180E-04  ( 0.346    ,  1.953E-03,   0.00    ) |  7.418E-04 1.221E-02
     958 7.6620E-01 7.4180E-04  ( 0.346    ,  1.953E-03,   0.00    ) |  7.418E-04 1.221E-02
     959 7.6694E-01 7.4180E-04  ( 0.346    ,  1.953E-03,   0.00    ) |  7.418E-04 1.221E-02
     960 7.6768E-01 7.4180E-04  ( 0.346    ,  1.953E-03,   0.00    ) |  7.418E-04 1.221E-02
     961 7.6843E-01 7.4181E-04  ( 0.346    , -1.953E-03,   0.00    ) |  7.418E-04 1.221E-02
     962 7.6917E-01 7.4181E-04  ( 0.346    ,  1.953E-03,   0.00    ) |  7.418E-04 1.221E-02
     963 7.6991E-01 7.4181E-04  ( 0.346    ,  1.953E-03,   0.00    ) |  7.418E-04 1.221E-02
     964 7.7065E-01 7.4181E-04  ( 0.346    ,  1.953E-03,   0.00    ) |  7.418E-04 1.221E-02
     965 7.7139E-01 7.4181E-04  ( 0.346    ,  1.953E-03,   0.00    ) |  7.418E-04 1.221E-02
     966 7.7213E-01 7.4181E-04  ( 0.346    ,  1.953E-03,   0.00    ) |  7.418E-04 1.221E-02
     967 7.7288E-01 7.4181E-04  ( 0.346    ,  1.953E-03,   0.00    ) |  7.418E-04 1.221E-02
     968 7.7362E-01 7.4181E-04  ( 0.346    ,  1.953E-03,   0.00    ) |  7.418E-04 1.221E-02
     969 7.7436E-01 7.4181E-04  ( 0.346    ,  1.953E-03,   0.00    ) |  7.418E-04 1.221E-02
 *** Wrote plotfile to flash_run_hdf5_plt_cnt_0031 ****
     970 7.7510E-01 7.4181E-04  ( 0.346    ,  1.953E-03,   0.00    ) |  7.418E-04 1.221E-02
     971 7.7584E-01 7.4181E-04  ( 0.346    ,  1.953E-03,   0.00    ) |  7.418E-04 1.221E-02
     972 7.7659E-01 7.4181E-04  ( 0.346    ,  1.953E-03,   0.00    ) |  7.418E-04 1.221E-02
     973 7.7733E-01 7.4181E-04  ( 0.346    ,  1.953E-03,   0.00    ) |  7.418E-04 1.221E-02
     974 7.7807E-01 7.4181E-04  ( 0.346    ,  1.953E-03,   0.00    ) |  7.418E-04 1.221E-02
     975 7.7881E-01 7.4181E-04  ( 0.346    ,  1.953E-03,   0.00    ) |  7.418E-04 1.221E-02
     976 7.7955E-01 7.4181E-04  ( 0.342    , -1.953E-03,   0.00    ) |  7.418E-04 1.221E-02
     977 7.8029E-01 7.4181E-04  ( 0.342    ,  1.953E-03,   0.00    ) |  7.418E-04 1.221E-02
     978 7.8104E-01 7.4181E-04  ( 0.342    , -1.953E-03,   0.00    ) |  7.418E-04 1.221E-02
     979 7.8178E-01 7.4181E-04  ( 0.342    , -1.953E-03,   0.00    ) |  7.418E-04 1.221E-02
     980 7.8252E-01 7.4181E-04  ( 0.342    , -1.953E-03,   0.00    ) |  7.418E-04 1.221E-02
     981 7.8326E-01 7.4181E-04  ( 0.342    , -1.953E-03,   0.00    ) |  7.418E-04 1.221E-02
     982 7.8400E-01 7.4181E-04  ( 0.342    , -1.953E-03,   0.00    ) |  7.418E-04 1.221E-02
     983 7.8475E-01 7.4181E-04  ( 0.342    , -1.953E-03,   0.00    ) |  7.418E-04 1.221E-02
     984 7.8549E-01 7.4181E-04  ( 0.342    , -1.953E-03,   0.00    ) |  7.418E-04 1.221E-02
     985 7.8623E-01 7.4181E-04  ( 0.342    , -1.953E-03,   0.00    ) |  7.418E-04 1.221E-02
     986 7.8697E-01 7.4181E-04  ( 0.342    , -1.953E-03,   0.00    ) |  7.418E-04 1.221E-02
     987 7.8771E-01 7.4181E-04  (-0.342    ,  1.953E-03,   0.00    ) |  7.418E-04 1.221E-02
     988 7.8845E-01 7.4182E-04  ( 0.342    , -1.953E-03,   0.00    ) |  7.418E-04 1.221E-02
     989 7.8920E-01 7.4182E-04  ( 0.342    , -1.953E-03,   0.00    ) |  7.418E-04 1.221E-02
     990 7.8994E-01 7.4182E-04  ( 0.342    , -1.953E-03,   0.00    ) |  7.418E-04 1.221E-02
     991 7.9068E-01 7.4182E-04  ( 0.342    ,  1.953E-03,   0.00    ) |  7.418E-04 1.221E-02
     992 7.9142E-01 7.4182E-04  ( 0.342    ,  1.953E-03,   0.00    ) |  7.418E-04 1.221E-02
     993 7.9216E-01 7.4182E-04  ( 0.342    ,  1.953E-03,   0.00    ) |  7.418E-04 1.221E-02
     994 7.9291E-01 7.4182E-04  ( 0.342    ,  1.953E-03,   0.00    ) |  7.418E-04 1.221E-02
     995 7.9365E-01 7.4182E-04  ( 0.342    , -1.953E-03,   0.00    ) |  7.418E-04 1.221E-02
     996 7.9439E-01 7.4183E-04  (-0.342    ,  1.953E-03,   0.00    ) |  7.418E-04 1.221E-02
     997 7.9513E-01 7.4183E-04  ( 0.342    ,  1.953E-03,   0.00    ) |  7.418E-04 1.221E-02
     998 7.9587E-01 7.4183E-04  ( 0.342    ,  1.953E-03,   0.00    ) |  7.418E-04 1.221E-02
     999 7.9661E-01 7.4183E-04  ( 0.342    ,  1.953E-03,   0.00    ) |  7.418E-04 1.221E-02
    1000 7.9736E-01 7.4183E-04  ( 0.342    ,  1.953E-03,   0.00    ) |  7.418E-04 1.221E-02
    1001 7.9810E-01 7.4183E-04  ( 0.342    ,  1.953E-03,   0.00    ) |  7.418E-04 1.221E-02
    1002 7.9884E-01 7.4184E-04  ( 0.342    ,  1.953E-03,   0.00    ) |  7.418E-04 1.221E-02
    1003 7.9958E-01 7.4184E-04  ( 0.342    ,  1.953E-03,   0.00    ) |  7.418E-04 1.221E-02
 *** Wrote plotfile to flash_run_hdf5_plt_cnt_0032 ****
    1004 8.0032E-01 7.4184E-04  ( 0.342    ,  1.953E-03,   0.00    ) |  7.418E-04 1.221E-02
    1005 8.0107E-01 7.4184E-04  ( 0.342    ,  1.953E-03,   0.00    ) |  7.418E-04 1.221E-02
    1006 8.0181E-01 7.4185E-04  ( 0.342    ,  1.953E-03,   0.00    ) |  7.418E-04 1.221E-02
    1007 8.0255E-01 7.4185E-04  (-0.342    ,  1.953E-03,   0.00    ) |  7.419E-04 1.221E-02
    1008 8.0329E-01 7.4185E-04  ( 0.342    ,  1.953E-03,   0.00    ) |  7.419E-04 1.221E-02
    1009 8.0403E-01 7.4186E-04  (-0.342    ,  1.953E-03,   0.00    ) |  7.419E-04 1.221E-02
    1010 8.0477E-01 7.4186E-04  (-0.342    ,  1.953E-03,   0.00    ) |  7.419E-04 1.221E-02
    1011 8.0552E-01 7.4186E-04  (-0.342    ,  1.953E-03,   0.00    ) |  7.419E-04 1.221E-02
    1012 8.0626E-01 7.4187E-04  (-0.342    ,  1.953E-03,   0.00    ) |  7.419E-04 1.221E-02
    1013 8.0700E-01 7.4187E-04  (-0.342    ,  1.953E-03,   0.00    ) |  7.419E-04 1.221E-02
    1014 8.0774E-01 7.4187E-04  (-0.342    ,  1.953E-03,   0.00    ) |  7.419E-04 1.221E-02
    1015 8.0848E-01 7.4188E-04  (-0.342    ,  1.953E-03,   0.00    ) |  7.419E-04 1.221E-02
    1016 8.0923E-01 7.4188E-04  (-0.342    ,  1.953E-03,   0.00    ) |  7.419E-04 1.221E-02
    1017 8.0997E-01 7.4189E-04  (-0.342    ,  1.953E-03,   0.00    ) |  7.419E-04 1.221E-02
    1018 8.1071E-01 7.4189E-04  ( 0.342    ,  1.953E-03,   0.00    ) |  7.419E-04 1.221E-02
    1019 8.1145E-01 7.4190E-04  ( 0.342    , -1.953E-03,   0.00    ) |  7.419E-04 1.221E-02
    1020 8.1219E-01 7.4190E-04  (-0.342    ,  1.953E-03,   0.00    ) |  7.419E-04 1.221E-02
    1021 8.1294E-01 7.4191E-04  (-0.342    ,  1.953E-03,   0.00    ) |  7.419E-04 1.221E-02
    1022 8.1368E-01 7.4191E-04  (-0.342    ,  1.953E-03,   0.00    ) |  7.419E-04 1.221E-02
    1023 8.1442E-01 7.4192E-04  (-0.342    ,  1.953E-03,   0.00    ) |  7.419E-04 1.221E-02
    1024 8.1516E-01 7.4192E-04  (-0.342    ,  1.953E-03,   0.00    ) |  7.419E-04 1.221E-02
    1025 8.1590E-01 7.4193E-04  (-0.342    ,  1.953E-03,   0.00    ) |  7.419E-04 1.221E-02
    1026 8.1664E-01 7.4194E-04  (-0.338    ,  1.953E-03,   0.00    ) |  7.419E-04 1.221E-02
    1027 8.1739E-01 7.4194E-04  (-0.338    ,  1.953E-03,   0.00    ) |  7.419E-04 1.221E-02
    1028 8.1813E-01 7.4195E-04  (-0.338    ,  1.953E-03,   0.00    ) |  7.419E-04 1.221E-02
    1029 8.1887E-01 7.4195E-04  (-0.338    ,  1.953E-03,   0.00    ) |  7.420E-04 1.221E-02
    1030 8.1961E-01 7.4196E-04  (-0.338    ,  1.953E-03,   0.00    ) |  7.420E-04 1.221E-02
    1031 8.2035E-01 7.4196E-04  (-0.338    ,  1.953E-03,   0.00    ) |  7.420E-04 1.221E-02
    1032 8.2110E-01 7.4197E-04  (-0.338    ,  1.953E-03,   0.00    ) |  7.420E-04 1.221E-02
    1033 8.2184E-01 7.4197E-04  (-0.338    ,  1.953E-03,   0.00    ) |  7.420E-04 1.221E-02
    1034 8.2258E-01 7.4198E-04  (-0.338    ,  1.953E-03,   0.00    ) |  7.420E-04 1.221E-02
    1035 8.2332E-01 7.4199E-04  (-0.338    , -1.953E-03,   0.00    ) |  7.420E-04 1.221E-02
    1036 8.2406E-01 7.4199E-04  (-0.338    , -1.953E-03,   0.00    ) |  7.420E-04 1.221E-02
    1037 8.2481E-01 7.4200E-04  ( 0.338    ,  1.953E-03,   0.00    ) |  7.420E-04 1.221E-02
 *** Wrote plotfile to flash_run_hdf5_plt_cnt_0033 ****
    1038 8.2555E-01 7.4201E-04  (-0.338    , -1.953E-03,   0.00    ) |  7.420E-04 1.221E-02
    1039 8.2629E-01 7.4201E-04  ( 0.338    ,  1.953E-03,   0.00    ) |  7.420E-04 1.221E-02
    1040 8.2703E-01 7.4202E-04  ( 0.338    ,  1.953E-03,   0.00    ) |  7.420E-04 1.221E-02
    1041 8.2777E-01 7.4203E-04  (-0.338    ,  1.953E-03,   0.00    ) |  7.420E-04 1.221E-02
    1042 8.2852E-01 7.4204E-04  (-0.338    ,  1.953E-03,   0.00    ) |  7.420E-04 1.221E-02
    1043 8.2926E-01 7.4204E-04  (-0.338    , -1.953E-03,   0.00    ) |  7.420E-04 1.221E-02
    1044 8.3000E-01 7.4205E-04  ( 0.338    ,  1.953E-03,   0.00    ) |  7.421E-04 1.221E-02
    1045 8.3074E-01 7.4206E-04  ( 0.338    ,  1.953E-03,   0.00    ) |  7.421E-04 1.221E-02
    1046 8.3148E-01 7.4207E-04  (-0.338    , -1.953E-03,   0.00    ) |  7.421E-04 1.221E-02
    1047 8.3223E-01 7.4208E-04  (-0.338    , -1.953E-03,   0.00    ) |  7.421E-04 1.221E-02
    1048 8.3297E-01 7.4208E-04  ( 0.338    ,  1.953E-03,   0.00    ) |  7.421E-04 1.221E-02
    1049 8.3371E-01 7.4209E-04  (-0.338    , -1.953E-03,   0.00    ) |  7.421E-04 1.221E-02
    1050 8.3445E-01 7.4210E-04  (-0.338    , -1.953E-03,   0.00    ) |  7.421E-04 1.221E-02
    1051 8.3520E-01 7.4211E-04  ( 0.338    ,  1.953E-03,   0.00    ) |  7.421E-04 1.221E-02
    1052 8.3594E-01 7.4212E-04  ( 0.338    ,  1.953E-03,   0.00    ) |  7.421E-04 1.221E-02
    1053 8.3668E-01 7.4213E-04  ( 0.338    ,  1.953E-03,   0.00    ) |  7.421E-04 1.221E-02
    1054 8.3742E-01 7.4214E-04  ( 0.338    ,  1.953E-03,   0.00    ) |  7.421E-04 1.221E-02
    1055 8.3816E-01 7.4215E-04  ( 0.338    ,  1.953E-03,   0.00    ) |  7.421E-04 1.221E-02
    1056 8.3891E-01 7.4216E-04  (-0.338    ,  1.953E-03,   0.00    ) |  7.422E-04 1.221E-02
    1057 8.3965E-01 7.4217E-04  (-0.338    ,  1.953E-03,   0.00    ) |  7.422E-04 1.221E-02
    1058 8.4039E-01 7.4217E-04  ( 0.338    ,  1.953E-03,   0.00    ) |  7.422E-04 1.221E-02
    1059 8.4113E-01 7.4218E-04  (-0.338    ,  1.953E-03,   0.00    ) |  7.422E-04 1.221E-02
    1060 8.4187E-01 7.4220E-04  (-0.338    ,  1.953E-03,   0.00    ) |  7.422E-04 1.221E-02
    1061 8.4262E-01 7.4221E-04  ( 0.338    ,  1.953E-03,   0.00    ) |  7.422E-04 1.221E-02
    1062 8.4336E-01 7.4222E-04  ( 0.338    ,  1.953E-03,   0.00    ) |  7.422E-04 1.221E-02
    1063 8.4410E-01 7.4223E-04  ( 0.338    ,  1.953E-03,   0.00    ) |  7.422E-04 1.221E-02
    1064 8.4484E-01 7.4224E-04  ( 0.338    ,  1.953E-03,   0.00    ) |  7.422E-04 1.221E-02
    1065 8.4559E-01 7.4225E-04  ( 0.338    ,  1.953E-03,   0.00    ) |  7.423E-04 1.221E-02
    1066 8.4633E-01 7.4226E-04  ( 0.338    ,  1.953E-03,   0.00    ) |  7.423E-04 1.221E-02
    1067 8.4707E-01 7.4227E-04  ( 0.338    ,  1.953E-03,   0.00    ) |  7.423E-04 1.221E-02
    1068 8.4781E-01 7.4229E-04  ( 0.338    ,  1.953E-03,   0.00    ) |  7.423E-04 1.221E-02
    1069 8.4855E-01 7.4230E-04  ( 0.338    ,  1.953E-03,   0.00    ) |  7.423E-04 1.221E-02
    1070 8.4930E-01 7.4231E-04  ( 0.338    ,  1.953E-03,   0.00    ) |  7.423E-04 1.221E-02
 *** Wrote plotfile to flash_run_hdf5_plt_cnt_0034 ****
    1071 8.5004E-01 7.4232E-04  ( 0.338    ,  1.953E-03,   0.00    ) |  7.423E-04 1.221E-02
    1072 8.5078E-01 7.4234E-04  ( 0.338    ,  1.953E-03,   0.00    ) |  7.423E-04 1.221E-02
    1073 8.5152E-01 7.4235E-04  ( 0.338    ,  1.953E-03,   0.00    ) |  7.424E-04 1.221E-02
    1074 8.5227E-01 7.4236E-04  ( 0.338    ,  1.953E-03,   0.00    ) |  7.424E-04 1.221E-02
    1075 8.5301E-01 7.4238E-04  ( 0.338    ,  1.953E-03,   0.00    ) |  7.424E-04 1.221E-02
    1076 8.5375E-01 7.4239E-04  (-0.338    ,  1.953E-03,   0.00    ) |  7.424E-04 1.221E-02
    1077 8.5449E-01 7.4241E-04  ( 0.338    ,  1.953E-03,   0.00    ) |  7.424E-04 1.221E-02
    1078 8.5524E-01 7.4242E-04  ( 0.338    ,  1.953E-03,   0.00    ) |  7.424E-04 1.221E-02
    1079 8.5598E-01 7.4244E-04  (-0.338    ,  1.953E-03,   0.00    ) |  7.424E-04 1.221E-02
    1080 8.5672E-01 7.4245E-04  ( 0.338    ,  1.953E-03,   0.00    ) |  7.425E-04 1.221E-02
    1081 8.5746E-01 7.4247E-04  ( 0.338    ,  1.953E-03,   0.00    ) |  7.425E-04 1.221E-02
    1082 8.5821E-01 7.4248E-04  ( 0.338    ,  1.953E-03,   0.00    ) |  7.425E-04 1.221E-02
    1083 8.5895E-01 7.4250E-04  (-0.338    ,  1.953E-03,   0.00    ) |  7.425E-04 1.221E-02
    1084 8.5969E-01 7.4251E-04  (-0.338    ,  1.953E-03,   0.00    ) |  7.425E-04 1.221E-02
    1085 8.6043E-01 7.4253E-04  ( 0.338    ,  1.953E-03,   0.00    ) |  7.425E-04 1.221E-02
    1086 8.6118E-01 7.4254E-04  ( 0.338    ,  1.953E-03,   0.00    ) |  7.425E-04 1.221E-02
    1087 8.6192E-01 7.4256E-04  ( 0.338    , -1.953E-03,   0.00    ) |  7.426E-04 1.221E-02
    1088 8.6266E-01 7.4258E-04  ( 0.338    , -1.953E-03,   0.00    ) |  7.426E-04 1.221E-02
    1089 8.6340E-01 7.4259E-04  ( 0.338    ,  1.953E-03,   0.00    ) |  7.426E-04 1.221E-02
    1090 8.6415E-01 7.4261E-04  ( 0.338    , -1.953E-03,   0.00    ) |  7.426E-04 1.221E-02
    1091 8.6489E-01 7.4263E-04  ( 0.338    , -1.953E-03,   0.00    ) |  7.426E-04 1.221E-02
    1092 8.6563E-01 7.4264E-04  ( 0.334    , -1.953E-03,   0.00    ) |  7.426E-04 1.221E-02
    1093 8.6637E-01 7.4266E-04  ( 0.334    , -1.953E-03,   0.00    ) |  7.427E-04 1.221E-02
    1094 8.6712E-01 7.4267E-04  ( 0.334    , -1.953E-03,   0.00    ) |  7.427E-04 1.221E-02
    1095 8.6786E-01 7.4269E-04  ( 0.334    , -1.953E-03,   0.00    ) |  7.427E-04 1.221E-02
    1096 8.6860E-01 7.4271E-04  (-0.334    ,  1.953E-03,   0.00    ) |  7.427E-04 1.221E-02
    1097 8.6934E-01 7.4272E-04  (-0.334    ,  1.953E-03,   0.00    ) |  7.427E-04 1.221E-02
    1098 8.7009E-01 7.4274E-04  ( 0.334    , -1.953E-03,   0.00    ) |  7.427E-04 1.221E-02
    1099 8.7083E-01 7.4276E-04  ( 0.334    , -1.953E-03,   0.00    ) |  7.428E-04 1.221E-02
    1100 8.7157E-01 7.4277E-04  (-0.334    ,  1.953E-03,   0.00    ) |  7.428E-04 1.221E-02
    1101 8.7232E-01 7.4279E-04  ( 0.334    ,  1.953E-03,   0.00    ) |  7.428E-04 1.221E-02
    1102 8.7306E-01 7.4281E-04  ( 0.334    ,  1.953E-03,   0.00    ) |  7.428E-04 1.221E-02
    1103 8.7380E-01 7.4282E-04  (-0.334    ,  1.953E-03,   0.00    ) |  7.428E-04 1.221E-02
    1104 8.7454E-01 7.4284E-04  (-0.334    ,  1.953E-03,   0.00    ) |  7.428E-04 1.221E-02
 *** Wrote plotfile to flash_run_hdf5_plt_cnt_0035 ****
    1105 8.7529E-01 7.4286E-04  ( 0.334    ,  1.953E-03,   0.00    ) |  7.429E-04 1.221E-02
    1106 8.7603E-01 7.4287E-04  ( 0.334    , -1.953E-03,   0.00    ) |  7.429E-04 1.221E-02
    1107 8.7677E-01 7.4289E-04  ( 0.334    , -1.953E-03,   0.00    ) |  7.429E-04 1.221E-02
    1108 8.7752E-01 7.4291E-04  ( 0.334    , -1.953E-03,   0.00    ) |  7.429E-04 1.221E-02
    1109 8.7826E-01 7.4293E-04  ( 0.334    ,  1.953E-03,   0.00    ) |  7.429E-04 1.221E-02
    1110 8.7900E-01 7.4294E-04  ( 0.334    , -1.953E-03,   0.00    ) |  7.429E-04 1.221E-02
    1111 8.7974E-01 7.4296E-04  ( 0.334    ,  1.953E-03,   0.00    ) |  7.430E-04 1.221E-02
    1112 8.8049E-01 7.4298E-04  ( 0.334    ,  1.953E-03,   0.00    ) |  7.430E-04 1.221E-02
    1113 8.8123E-01 7.4300E-04  ( 0.334    ,  1.953E-03,   0.00    ) |  7.430E-04 1.221E-02
    1114 8.8197E-01 7.4301E-04  (-0.334    ,  1.953E-03,   0.00    ) |  7.430E-04 1.221E-02
    1115 8.8272E-01 7.4303E-04  (-0.334    ,  1.953E-03,   0.00    ) |  7.430E-04 1.221E-02
    1116 8.8346E-01 7.4305E-04  (-0.334    ,  1.953E-03,   0.00    ) |  7.430E-04 1.221E-02
    1117 8.8420E-01 7.4306E-04  (-0.334    ,  1.953E-03,   0.00    ) |  7.431E-04 1.221E-02
    1118 8.8495E-01 7.4308E-04  (-0.334    ,  1.953E-03,   0.00    ) |  7.431E-04 1.221E-02
    1119 8.8569E-01 7.4310E-04  (-0.334    ,  1.953E-03,   0.00    ) |  7.431E-04 1.221E-02
    1120 8.8643E-01 7.4312E-04  (-0.334    ,  1.953E-03,   0.00    ) |  7.431E-04 1.221E-02
    1121 8.8717E-01 7.4313E-04  ( 0.334    ,  1.953E-03,   0.00    ) |  7.431E-04 1.221E-02
    1122 8.8792E-01 7.4315E-04  ( 0.334    ,  1.953E-03,   0.00    ) |  7.431E-04 1.221E-02
    1123 8.8866E-01 7.4317E-04  ( 0.334    ,  1.953E-03,   0.00    ) |  7.432E-04 1.221E-02
    1124 8.8940E-01 7.4318E-04  ( 0.334    ,  1.953E-03,   0.00    ) |  7.432E-04 1.221E-02
    1125 8.9015E-01 7.4320E-04  ( 0.334    ,  1.953E-03,   0.00    ) |  7.432E-04 1.221E-02
    1126 8.9089E-01 7.4322E-04  ( 0.334    ,  1.953E-03,   0.00    ) |  7.432E-04 1.221E-02
    1127 8.9163E-01 7.4323E-04  ( 0.334    ,  1.953E-03,   0.00    ) |  7.432E-04 1.221E-02
    1128 8.9238E-01 7.4325E-04  ( 0.334    ,  1.953E-03,   0.00    ) |  7.433E-04 1.221E-02
    1129 8.9312E-01 7.4327E-04  ( 0.334    ,  1.953E-03,   0.00    ) |  7.433E-04 1.221E-02
    1130 8.9386E-01 7.4328E-04  ( 0.334    ,  1.953E-03,   0.00    ) |  7.433E-04 1.221E-02
    1131 8.9461E-01 7.4330E-04  ( 0.334    , -1.953E-03,   0.00    ) |  7.433E-04 1.221E-02
    1132 8.9535E-01 7.4332E-04  ( 0.334    ,  1.953E-03,   0.00    ) |  7.433E-04 1.221E-02
    1133 8.9609E-01 7.4334E-04  ( 0.334    ,  1.953E-03,   0.00    ) |  7.433E-04 1.221E-02
    1134 8.9684E-01 7.4335E-04  ( 0.334    ,  1.953E-03,   0.00    ) |  7.434E-04 1.221E-02
    1135 8.9758E-01 7.4337E-04  ( 0.334    ,  1.953E-03,   0.00    ) |  7.434E-04 1.221E-02
    1136 8.9832E-01 7.4339E-04  (-0.334    , -1.953E-03,   0.00    ) |  7.434E-04 1.221E-02
    1137 8.9907E-01 7.4340E-04  (-0.334    , -1.953E-03,   0.00    ) |  7.434E-04 1.221E-02
    1138 8.9981E-01 7.4342E-04  (-0.334    , -1.953E-03,   0.00    ) |  7.434E-04 1.221E-02
 *** Wrote plotfile to flash_run_hdf5_plt_cnt_0036 ****
    1139 9.0055E-01 7.4344E-04  (-0.334    , -1.953E-03,   0.00    ) |  7.434E-04 1.221E-02
    1140 9.0130E-01 7.4345E-04  (-0.334    , -1.953E-03,   0.00    ) |  7.435E-04 1.221E-02
    1141 9.0204E-01 7.4347E-04  (-0.334    , -1.953E-03,   0.00    ) |  7.435E-04 1.221E-02
    1142 9.0278E-01 7.4349E-04  (-0.334    , -1.953E-03,   0.00    ) |  7.435E-04 1.221E-02
    1143 9.0353E-01 7.4350E-04  ( 0.334    , -1.953E-03,   0.00    ) |  7.435E-04 1.221E-02
    1144 9.0427E-01 7.4352E-04  ( 0.334    , -1.953E-03,   0.00    ) |  7.435E-04 1.221E-02
    1145 9.0501E-01 7.4354E-04  ( 0.334    , -1.953E-03,   0.00    ) |  7.435E-04 1.221E-02
    1146 9.0576E-01 7.4356E-04  ( 0.334    , -1.953E-03,   0.00    ) |  7.436E-04 1.221E-02
    1147 9.0650E-01 7.4357E-04  ( 0.334    , -1.953E-03,   0.00    ) |  7.436E-04 1.221E-02
    1148 9.0724E-01 7.4359E-04  ( 0.334    , -1.953E-03,   0.00    ) |  7.436E-04 1.221E-02
    1149 9.0799E-01 7.4361E-04  ( 0.334    ,  1.953E-03,   0.00    ) |  7.436E-04 1.221E-02
    1150 9.0873E-01 7.4362E-04  ( 0.334    ,  1.953E-03,   0.00    ) |  7.436E-04 1.221E-02
    1151 9.0948E-01 7.4364E-04  ( 0.334    , -1.953E-03,   0.00    ) |  7.436E-04 1.221E-02
    1152 9.1022E-01 7.4366E-04  (-0.334    , -1.953E-03,   0.00    ) |  7.437E-04 1.221E-02
    1153 9.1096E-01 7.4368E-04  (-0.334    , -1.953E-03,   0.00    ) |  7.437E-04 1.221E-02
    1154 9.1171E-01 7.4369E-04  ( 0.334    ,  1.953E-03,   0.00    ) |  7.437E-04 1.221E-02
    1155 9.1245E-01 7.4371E-04  ( 0.334    ,  1.953E-03,   0.00    ) |  7.437E-04 1.221E-02
    1156 9.1319E-01 7.4373E-04  (-0.334    , -1.953E-03,   0.00    ) |  7.437E-04 1.221E-02
    1157 9.1394E-01 7.4375E-04  ( 0.334    ,  1.953E-03,   0.00    ) |  7.437E-04 1.221E-02
    1158 9.1468E-01 7.4377E-04  (-0.334    , -1.953E-03,   0.00    ) |  7.438E-04 1.221E-02
    1159 9.1543E-01 7.4379E-04  (-0.334    , -1.953E-03,   0.00    ) |  7.438E-04 1.221E-02
    1160 9.1617E-01 7.4381E-04  (-0.334    , -1.953E-03,   0.00    ) |  7.438E-04 1.221E-02
    1161 9.1691E-01 7.4383E-04  (-0.334    ,  1.953E-03,   0.00    ) |  7.438E-04 1.221E-02
    1162 9.1766E-01 7.4385E-04  (-0.334    ,  1.953E-03,   0.00    ) |  7.438E-04 1.221E-02
    1163 9.1840E-01 7.4387E-04  (-0.334    , -1.953E-03,   0.00    ) |  7.439E-04 1.221E-02
    1164 9.1914E-01 7.4389E-04  (-0.334    , -1.953E-03,   0.00    ) |  7.439E-04 1.221E-02
    1165 9.1989E-01 7.4391E-04  (-0.334    , -1.953E-03,   0.00    ) |  7.439E-04 1.221E-02
    1166 9.2063E-01 7.4394E-04  (-0.334    , -1.953E-03,   0.00    ) |  7.439E-04 1.221E-02
    1167 9.2138E-01 7.4396E-04  (-0.334    , -1.953E-03,   0.00    ) |  7.440E-04 1.221E-02
    1168 9.2212E-01 7.4399E-04  (-0.334    , -1.953E-03,   0.00    ) |  7.440E-04 1.221E-02
    1169 9.2286E-01 7.4401E-04  (-0.334    , -1.953E-03,   0.00    ) |  7.440E-04 1.221E-02
    1170 9.2361E-01 7.4404E-04  (-0.334    , -1.953E-03,   0.00    ) |  7.440E-04 1.221E-02
    1171 9.2435E-01 7.4407E-04  (-0.334    , -1.953E-03,   0.00    ) |  7.441E-04 1.221E-02
 *** Wrote plotfile to flash_run_hdf5_plt_cnt_0037 ****
    1172 9.2510E-01 7.4409E-04  ( 0.334    , -1.953E-03,   0.00    ) |  7.441E-04 1.221E-02
    1173 9.2584E-01 7.4412E-04  (-0.334    , -1.953E-03,   0.00    ) |  7.441E-04 1.221E-02
    1174 9.2658E-01 7.4415E-04  (-0.334    , -1.953E-03,   0.00    ) |  7.441E-04 1.221E-02
    1175 9.2733E-01 7.4417E-04  (-0.334    , -1.953E-03,   0.00    ) |  7.442E-04 1.221E-02
    1176 9.2807E-01 7.4420E-04  (-0.330    , -1.953E-03,   0.00    ) |  7.442E-04 1.221E-02
    1177 9.2882E-01 7.4422E-04  (-0.330    , -1.953E-03,   0.00    ) |  7.442E-04 1.221E-02
    1178 9.2956E-01 7.4424E-04  (-0.330    , -1.953E-03,   0.00    ) |  7.442E-04 1.221E-02
    1179 9.3031E-01 7.4427E-04  (-0.330    , -1.953E-03,   0.00    ) |  7.443E-04 1.221E-02
    1180 9.3105E-01 7.4429E-04  (-0.330    , -1.953E-03,   0.00    ) |  7.443E-04 1.221E-02
    1181 9.3179E-01 7.4431E-04  (-0.330    , -1.953E-03,   0.00    ) |  7.443E-04 1.221E-02
    1182 9.3254E-01 7.4433E-04  (-0.330    , -1.953E-03,   0.00    ) |  7.443E-04 1.221E-02
    1183 9.3328E-01 7.4435E-04  (-0.330    , -1.953E-03,   0.00    ) |  7.443E-04 1.221E-02
    1184 9.3403E-01 7.4437E-04  (-0.330    , -1.953E-03,   0.00    ) |  7.444E-04 1.221E-02
    1185 9.3477E-01 7.4439E-04  (-0.330    , -1.953E-03,   0.00    ) |  7.444E-04 1.221E-02
    1186 9.3552E-01 7.4441E-04  (-0.330    , -1.953E-03,   0.00    ) |  7.444E-04 1.221E-02
    1187 9.3626E-01 7.4443E-04  (-0.330    , -1.953E-03,   0.00    ) |  7.444E-04 1.221E-02
    1188 9.3700E-01 7.4444E-04  (-0.330    , -1.953E-03,   0.00    ) |  7.444E-04 1.221E-02
    1189 9.3775E-01 7.4446E-04  (-0.330    , -1.953E-03,   0.00    ) |  7.445E-04 1.221E-02
    1190 9.3849E-01 7.4448E-04  (-0.330    , -1.953E-03,   0.00    ) |  7.445E-04 1.221E-02
    1191 9.3924E-01 7.4450E-04  (-0.330    , -1.953E-03,   0.00    ) |  7.445E-04 1.221E-02
    1192 9.3998E-01 7.4452E-04  (-0.330    , -1.953E-03,   0.00    ) |  7.445E-04 1.221E-02
    1193 9.4073E-01 7.4454E-04  ( 0.330    , -1.953E-03,   0.00    ) |  7.445E-04 1.221E-02
    1194 9.4147E-01 7.4456E-04  ( 0.330    , -1.953E-03,   0.00    ) |  7.446E-04 1.221E-02
    1195 9.4222E-01 7.4458E-04  ( 0.330    , -1.953E-03,   0.00    ) |  7.446E-04 1.221E-02
    1196 9.4296E-01 7.4460E-04  ( 0.330    ,  1.953E-03,   0.00    ) |  7.446E-04 1.221E-02
    1197 9.4371E-01 7.4462E-04  ( 0.330    ,  1.953E-03,   0.00    ) |  7.446E-04 1.221E-02
    1198 9.4445E-01 7.4464E-04  ( 0.330    ,  1.953E-03,   0.00    ) |  7.446E-04 1.221E-02
    1199 9.4519E-01 7.4466E-04  ( 0.330    ,  1.953E-03,   0.00    ) |  7.447E-04 1.221E-02
    1200 9.4594E-01 7.4467E-04  ( 0.330    ,  1.953E-03,   0.00    ) |  7.447E-04 1.221E-02
    1201 9.4668E-01 7.4469E-04  (-0.330    , -1.953E-03,   0.00    ) |  7.447E-04 1.221E-02
    1202 9.4743E-01 7.4471E-04  (-0.330    , -1.953E-03,   0.00    ) |  7.447E-04 1.221E-02
    1203 9.4817E-01 7.4473E-04  (-0.330    , -1.953E-03,   0.00    ) |  7.447E-04 1.221E-02
    1204 9.4892E-01 7.4475E-04  (-0.330    , -1.953E-03,   0.00    ) |  7.448E-04 1.221E-02
    1205 9.4966E-01 7.4477E-04  (-0.330    , -1.953E-03,   0.00    ) |  7.448E-04 1.221E-02
 *** Wrote plotfile to flash_run_hdf5_plt_cnt_0038 ****
    1206 9.5041E-01 7.4479E-04  (-0.330    , -1.953E-03,   0.00    ) |  7.448E-04 1.221E-02
    1207 9.5115E-01 7.4481E-04  (-0.330    , -1.953E-03,   0.00    ) |  7.448E-04 1.221E-02
    1208 9.5190E-01 7.4483E-04  ( 0.330    , -1.953E-03,   0.00    ) |  7.448E-04 1.221E-02
    1209 9.5264E-01 7.4485E-04  ( 0.330    , -1.953E-03,   0.00    ) |  7.448E-04 1.221E-02
    1210 9.5339E-01 7.4486E-04  (-0.330    , -1.953E-03,   0.00    ) |  7.449E-04 1.221E-02
    1211 9.5413E-01 7.4488E-04  (-0.330    , -1.953E-03,   0.00    ) |  7.449E-04 1.221E-02
    1212 9.5488E-01 7.4490E-04  ( 0.330    ,  1.953E-03,   0.00    ) |  7.449E-04 1.221E-02
    1213 9.5562E-01 7.4492E-04  (-0.330    , -1.953E-03,   0.00    ) |  7.449E-04 1.221E-02
    1214 9.5637E-01 7.4493E-04  (-0.330    , -1.953E-03,   0.00    ) |  7.449E-04 1.221E-02
    1215 9.5711E-01 7.4495E-04  (-0.330    , -1.953E-03,   0.00    ) |  7.450E-04 1.221E-02
    1216 9.5786E-01 7.4497E-04  (-0.330    , -1.953E-03,   0.00    ) |  7.450E-04 1.221E-02
    1217 9.5860E-01 7.4498E-04  (-0.330    , -1.953E-03,   0.00    ) |  7.450E-04 1.221E-02
    1218 9.5935E-01 7.4500E-04  (-0.330    , -1.953E-03,   0.00    ) |  7.450E-04 1.221E-02
    1219 9.6009E-01 7.4501E-04  (-0.330    , -1.953E-03,   0.00    ) |  7.450E-04 1.221E-02
    1220 9.6084E-01 7.4502E-04  (-0.330    , -1.953E-03,   0.00    ) |  7.450E-04 1.221E-02
    1221 9.6158E-01 7.4504E-04  (-0.330    , -1.953E-03,   0.00    ) |  7.450E-04 1.221E-02
    1222 9.6233E-01 7.4505E-04  (-0.330    , -1.953E-03,   0.00    ) |  7.450E-04 1.221E-02
    1223 9.6307E-01 7.4506E-04  (-0.330    , -1.953E-03,   0.00    ) |  7.451E-04 1.221E-02
    1224 9.6382E-01 7.4507E-04  (-0.330    , -1.953E-03,   0.00    ) |  7.451E-04 1.221E-02
    1225 9.6456E-01 7.4508E-04  (-0.330    , -1.953E-03,   0.00    ) |  7.451E-04 1.221E-02
    1226 9.6531E-01 7.4509E-04  (-0.330    , -1.953E-03,   0.00    ) |  7.451E-04 1.221E-02
    1227 9.6605E-01 7.4511E-04  (-0.330    , -1.953E-03,   0.00    ) |  7.451E-04 1.221E-02
    1228 9.6680E-01 7.4512E-04  (-0.330    , -1.953E-03,   0.00    ) |  7.451E-04 1.221E-02
    1229 9.6754E-01 7.4513E-04  (-0.330    , -1.953E-03,   0.00    ) |  7.451E-04 1.221E-02
    1230 9.6829E-01 7.4514E-04  (-0.330    , -1.953E-03,   0.00    ) |  7.451E-04 1.221E-02
    1231 9.6903E-01 7.4515E-04  (-0.330    ,  1.953E-03,   0.00    ) |  7.451E-04 1.221E-02
    1232 9.6978E-01 7.4516E-04  (-0.330    ,  1.953E-03,   0.00    ) |  7.452E-04 1.221E-02
    1233 9.7052E-01 7.4517E-04  ( 0.330    , -1.953E-03,   0.00    ) |  7.452E-04 1.221E-02
    1234 9.7127E-01 7.4518E-04  (-0.330    ,  1.953E-03,   0.00    ) |  7.452E-04 1.221E-02
    1235 9.7201E-01 7.4518E-04  ( 0.330    , -1.953E-03,   0.00    ) |  7.452E-04 1.221E-02
    1236 9.7276E-01 7.4519E-04  ( 0.330    , -1.953E-03,   0.00    ) |  7.452E-04 1.221E-02
    1237 9.7350E-01 7.4520E-04  (-0.330    ,  1.953E-03,   0.00    ) |  7.452E-04 1.221E-02
    1238 9.7425E-01 7.4520E-04  (-0.330    ,  1.953E-03,   0.00    ) |  7.452E-04 1.221E-02
    1239 9.7499E-01 7.4521E-04  (-0.330    ,  1.953E-03,   0.00    ) |  7.452E-04 1.221E-02
 *** Wrote plotfile to flash_run_hdf5_plt_cnt_0039 ****
    1240 9.7574E-01 7.4522E-04  (-0.330    ,  1.953E-03,   0.00    ) |  7.452E-04 1.221E-02
    1241 9.7648E-01 7.4522E-04  (-0.330    ,  1.953E-03,   0.00    ) |  7.452E-04 1.221E-02
    1242 9.7723E-01 7.4523E-04  (-0.330    ,  1.953E-03,   0.00    ) |  7.452E-04 1.221E-02
    1243 9.7797E-01 7.4523E-04  (-0.330    ,  1.953E-03,   0.00    ) |  7.452E-04 1.221E-02
    1244 9.7872E-01 7.4524E-04  (-0.330    ,  1.953E-03,   0.00    ) |  7.452E-04 1.221E-02
    1245 9.7946E-01 7.4524E-04  (-0.330    ,  1.953E-03,   0.00    ) |  7.452E-04 1.221E-02
    1246 9.8021E-01 7.4524E-04  (-0.330    ,  1.953E-03,   0.00    ) |  7.452E-04 1.221E-02
    1247 9.8096E-01 7.4525E-04  (-0.330    ,  1.953E-03,   0.00    ) |  7.452E-04 1.221E-02
    1248 9.8170E-01 7.4525E-04  (-0.330    ,  1.953E-03,   0.00    ) |  7.453E-04 1.221E-02
    1249 9.8245E-01 7.4525E-04  (-0.330    ,  1.953E-03,   0.00    ) |  7.453E-04 1.221E-02
    1250 9.8319E-01 7.4525E-04  (-0.330    ,  1.953E-03,   0.00    ) |  7.453E-04 1.221E-02
    1251 9.8394E-01 7.4526E-04  (-0.330    ,  1.953E-03,   0.00    ) |  7.453E-04 1.221E-02
    1252 9.8468E-01 7.4526E-04  (-0.330    ,  1.953E-03,   0.00    ) |  7.453E-04 1.221E-02
    1253 9.8543E-01 7.4526E-04  (-0.330    ,  1.953E-03,   0.00    ) |  7.453E-04 1.221E-02
    1254 9.8617E-01 7.4526E-04  (-0.330    ,  1.953E-03,   0.00    ) |  7.453E-04 1.221E-02
    1255 9.8692E-01 7.4526E-04  (-0.330    ,  1.953E-03,   0.00    ) |  7.453E-04 1.221E-02
    1256 9.8766E-01 7.4526E-04  (-0.330    ,  1.953E-03,   0.00    ) |  7.453E-04 1.221E-02
    1257 9.8841E-01 7.4525E-04  ( 0.330    ,  1.953E-03,   0.00    ) |  7.453E-04 1.221E-02
    1258 9.8915E-01 7.4525E-04  ( 0.330    ,  1.953E-03,   0.00    ) |  7.453E-04 1.221E-02
    1259 9.8990E-01 7.4525E-04  ( 0.326    ,  1.953E-03,   0.00    ) |  7.453E-04 1.221E-02
    1260 9.9064E-01 7.4525E-04  ( 0.326    ,  1.953E-03,   0.00    ) |  7.452E-04 1.221E-02
    1261 9.9139E-01 7.4525E-04  ( 0.326    ,  1.953E-03,   0.00    ) |  7.452E-04 1.221E-02
    1262 9.9213E-01 7.4524E-04  ( 0.326    ,  1.953E-03,   0.00    ) |  7.452E-04 1.221E-02
    1263 9.9288E-01 7.4524E-04  ( 0.326    ,  1.953E-03,   0.00    ) |  7.452E-04 1.221E-02
    1264 9.9362E-01 7.4524E-04  ( 0.326    ,  1.953E-03,   0.00    ) |  7.452E-04 1.221E-02
    1265 9.9437E-01 7.4523E-04  ( 0.326    ,  1.953E-03,   0.00    ) |  7.452E-04 1.221E-02
    1266 9.9512E-01 7.4523E-04  (-0.326    , -1.953E-03,   0.00    ) |  7.452E-04 1.221E-02
    1267 9.9586E-01 7.4522E-04  (-0.326    , -1.953E-03,   0.00    ) |  7.452E-04 1.221E-02
    1268 9.9661E-01 7.4522E-04  (-0.326    , -1.953E-03,   0.00    ) |  7.452E-04 1.221E-02
    1269 9.9735E-01 7.4522E-04  (-0.326    , -1.953E-03,   0.00    ) |  7.452E-04 1.221E-02
    1270 9.9810E-01 7.4521E-04  (-0.326    , -1.953E-03,   0.00    ) |  7.452E-04 1.221E-02
    1271 9.9884E-01 7.4521E-04  (-0.326    , -1.953E-03,   0.00    ) |  7.452E-04 1.221E-02
    1272 9.9959E-01 7.4520E-04  (-0.326    , -1.953E-03,   0.00    ) |  7.452E-04 1.221E-02
 *** Wrote plotfile to flash_run_hdf5_plt_cnt_0040 ****
    1273 1.0003E+00 7.4520E-04  (-0.326    ,  1.953E-03,   0.00    ) |  7.452E-04 1.221E-02
    1274 1.0011E+00 7.4520E-04  (-0.326    , -1.953E-03,   0.00    ) |  7.452E-04 1.221E-02
    1275 1.0018E+00 7.4519E-04  (-0.326    , -1.953E-03,   0.00    ) |  7.452E-04 1.221E-02
    1276 1.0026E+00 7.4519E-04  (-0.326    ,  1.953E-03,   0.00    ) |  7.452E-04 1.221E-02
    1277 1.0033E+00 7.4519E-04  (-0.326    ,  1.953E-03,   0.00    ) |  7.452E-04 1.221E-02
    1278 1.0041E+00 7.4518E-04  (-0.326    ,  1.953E-03,   0.00    ) |  7.452E-04 1.221E-02
    1279 1.0048E+00 7.4518E-04  (-0.326    ,  1.953E-03,   0.00    ) |  7.452E-04 1.221E-02
    1280 1.0055E+00 7.4518E-04  (-0.326    ,  1.953E-03,   0.00    ) |  7.452E-04 1.221E-02
    1281 1.0063E+00 7.4518E-04  (-0.326    ,  1.953E-03,   0.00    ) |  7.452E-04 1.221E-02
    1282 1.0070E+00 7.4518E-04  (-0.326    ,  1.953E-03,   0.00    ) |  7.452E-04 1.221E-02
    1283 1.0078E+00 7.4518E-04  (-0.326    ,  1.953E-03,   0.00    ) |  7.452E-04 1.221E-02
    1284 1.0085E+00 7.4517E-04  ( 0.326    ,  1.953E-03,   0.00    ) |  7.452E-04 1.221E-02
    1285 1.0093E+00 7.4517E-04  (-0.326    ,  1.953E-03,   0.00    ) |  7.452E-04 1.221E-02
    1286 1.0100E+00 7.4517E-04  ( 0.326    ,  1.953E-03,   0.00    ) |  7.452E-04 1.221E-02
    1287 1.0108E+00 7.4517E-04  (-0.326    ,  1.953E-03,   0.00    ) |  7.452E-04 1.221E-02
    1288 1.0115E+00 7.4517E-04  ( 0.326    ,  1.953E-03,   0.00    ) |  7.452E-04 1.221E-02
    1289 1.0123E+00 7.4517E-04  ( 0.326    ,  1.953E-03,   0.00    ) |  7.452E-04 1.221E-02
    1290 1.0130E+00 7.4517E-04  ( 0.326    ,  1.953E-03,   0.00    ) |  7.452E-04 1.221E-02
    1291 1.0137E+00 7.4517E-04  ( 0.326    ,  1.953E-03,   0.00    ) |  7.452E-04 1.221E-02
    1292 1.0145E+00 7.4517E-04  ( 0.326    ,  1.953E-03,   0.00    ) |  7.452E-04 1.221E-02
    1293 1.0152E+00 7.4517E-04  ( 0.326    ,  1.953E-03,   0.00    ) |  7.452E-04 1.221E-02
    1294 1.0160E+00 7.4517E-04  ( 0.326    ,  1.953E-03,   0.00    ) |  7.452E-04 1.221E-02
    1295 1.0167E+00 7.4517E-04  ( 0.326    ,  1.953E-03,   0.00    ) |  7.452E-04 1.221E-02
    1296 1.0175E+00 7.4517E-04  ( 0.326    ,  1.953E-03,   0.00    ) |  7.452E-04 1.221E-02
    1297 1.0182E+00 7.4517E-04  (-0.326    , -1.953E-03,   0.00    ) |  7.452E-04 1.221E-02
    1298 1.0190E+00 7.4517E-04  (-0.326    , -1.953E-03,   0.00    ) |  7.452E-04 1.221E-02
    1299 1.0197E+00 7.4517E-04  (-0.326    , -1.953E-03,   0.00    ) |  7.452E-04 1.221E-02
    1300 1.0205E+00 7.4517E-04  (-0.326    , -1.953E-03,   0.00    ) |  7.452E-04 1.221E-02
    1301 1.0212E+00 7.4517E-04  ( 0.326    ,  1.953E-03,   0.00    ) |  7.452E-04 1.221E-02
    1302 1.0219E+00 7.4517E-04  ( 0.326    ,  1.953E-03,   0.00    ) |  7.452E-04 1.221E-02
    1303 1.0227E+00 7.4517E-04  ( 0.326    ,  1.953E-03,   0.00    ) |  7.452E-04 1.221E-02
    1304 1.0234E+00 7.4517E-04  ( 0.326    ,  1.953E-03,   0.00    ) |  7.452E-04 1.221E-02
    1305 1.0242E+00 7.4517E-04  (-0.326    , -1.953E-03,   0.00    ) |  7.452E-04 1.221E-02
    1306 1.0249E+00 7.4517E-04  (-0.326    , -1.953E-03,   0.00    ) |  7.452E-04 1.221E-02
 *** Wrote plotfile to flash_run_hdf5_plt_cnt_0041 ****
    1307 1.0257E+00 7.4517E-04  (-0.326    , -1.953E-03,   0.00    ) |  7.452E-04 1.221E-02
    1308 1.0264E+00 7.4517E-04  (-0.326    , -1.953E-03,   0.00    ) |  7.452E-04 1.221E-02
    1309 1.0272E+00 7.4517E-04  (-0.326    , -1.953E-03,   0.00    ) |  7.452E-04 1.221E-02
    1310 1.0279E+00 7.4517E-04  (-0.326    , -1.953E-03,   0.00    ) |  7.452E-04 1.221E-02
    1311 1.0286E+00 7.4517E-04  (-0.326    , -1.953E-03,   0.00    ) |  7.452E-04 1.221E-02
    1312 1.0294E+00 7.4516E-04  (-0.326    , -1.953E-03,   0.00    ) |  7.452E-04 1.221E-02
    1313 1.0301E+00 7.4516E-04  (-0.326    , -1.953E-03,   0.00    ) |  7.452E-04 1.221E-02
    1314 1.0309E+00 7.4516E-04  ( 0.326    ,  1.953E-03,   0.00    ) |  7.452E-04 1.221E-02
    1315 1.0316E+00 7.4516E-04  ( 0.326    ,  1.953E-03,   0.00    ) |  7.452E-04 1.221E-02
    1316 1.0324E+00 7.4516E-04  ( 0.326    ,  1.953E-03,   0.00    ) |  7.452E-04 1.221E-02
    1317 1.0331E+00 7.4515E-04  ( 0.326    ,  1.953E-03,   0.00    ) |  7.452E-04 1.221E-02
    1318 1.0339E+00 7.4515E-04  ( 0.326    ,  1.953E-03,   0.00    ) |  7.452E-04 1.221E-02
    1319 1.0346E+00 7.4515E-04  ( 0.326    ,  1.953E-03,   0.00    ) |  7.451E-04 1.221E-02
    1320 1.0354E+00 7.4514E-04  ( 0.326    ,  1.953E-03,   0.00    ) |  7.451E-04 1.221E-02
    1321 1.0361E+00 7.4514E-04  (-0.326    , -1.953E-03,   0.00    ) |  7.451E-04 1.221E-02
    1322 1.0368E+00 7.4514E-04  ( 0.326    ,  1.953E-03,   0.00    ) |  7.451E-04 1.221E-02
    1323 1.0376E+00 7.4513E-04  ( 0.326    ,  1.953E-03,   0.00    ) |  7.451E-04 1.221E-02
    1324 1.0383E+00 7.4513E-04  (-0.326    , -1.953E-03,   0.00    ) |  7.451E-04 1.221E-02
    1325 1.0391E+00 7.4512E-04  (-0.326    , -1.953E-03,   0.00    ) |  7.451E-04 1.221E-02
    1326 1.0398E+00 7.4512E-04  (-0.326    , -1.953E-03,   0.00    ) |  7.451E-04 1.221E-02
    1327 1.0406E+00 7.4511E-04  (-0.326    , -1.953E-03,   0.00    ) |  7.451E-04 1.221E-02
    1328 1.0413E+00 7.4511E-04  (-0.326    , -1.953E-03,   0.00    ) |  7.451E-04 1.221E-02
    1329 1.0421E+00 7.4510E-04  (-0.326    , -1.953E-03,   0.00    ) |  7.451E-04 1.221E-02
    1330 1.0428E+00 7.4510E-04  ( 0.326    , -1.953E-03,   0.00    ) |  7.451E-04 1.221E-02
    1331 1.0436E+00 7.4509E-04  ( 0.326    , -1.953E-03,   0.00    ) |  7.451E-04 1.221E-02
    1332 1.0443E+00 7.4509E-04  ( 0.326    ,  1.953E-03,   0.00    ) |  7.451E-04 1.221E-02
    1333 1.0450E+00 7.4508E-04  ( 0.326    ,  1.953E-03,   0.00    ) |  7.451E-04 1.221E-02
    1334 1.0458E+00 7.4508E-04  (-0.326    , -1.953E-03,   0.00    ) |  7.451E-04 1.221E-02
    1335 1.0465E+00 7.4508E-04  ( 0.326    ,  1.953E-03,   0.00    ) |  7.451E-04 1.221E-02
    1336 1.0473E+00 7.4507E-04  ( 0.326    ,  1.953E-03,   0.00    ) |  7.451E-04 1.221E-02
    1337 1.0480E+00 7.4507E-04  ( 0.326    ,  1.953E-03,   0.00    ) |  7.451E-04 1.221E-02
    1338 1.0488E+00 7.4507E-04  (-0.326    , -1.953E-03,   0.00    ) |  7.451E-04 1.221E-02
    1339 1.0495E+00 7.4507E-04  ( 0.326    ,  1.953E-03,   0.00    ) |  7.451E-04 1.221E-02
 *** Wrote plotfile to flash_run_hdf5_plt_cnt_0042 ****
    1340 1.0503E+00 7.4507E-04  ( 0.326    ,  1.953E-03,   0.00    ) |  7.451E-04 1.221E-02
    1341 1.0510E+00 7.4506E-04  ( 0.326    ,  1.953E-03,   0.00    ) |  7.451E-04 1.221E-02
    1342 1.0517E+00 7.4506E-04  ( 0.326    ,  1.953E-03,   0.00    ) |  7.451E-04 1.221E-02
    1343 1.0525E+00 7.4506E-04  ( 0.326    ,  1.953E-03,   0.00    ) |  7.451E-04 1.221E-02
    1344 1.0532E+00 7.4506E-04  ( 0.326    ,  1.953E-03,   0.00    ) |  7.451E-04 1.221E-02
    1345 1.0540E+00 7.4506E-04  ( 0.326    ,  1.953E-03,   0.00    ) |  7.451E-04 1.221E-02
    1346 1.0547E+00 7.4506E-04  (-0.326    ,  1.953E-03,   0.00    ) |  7.451E-04 1.221E-02
    1347 1.0555E+00 7.4506E-04  (-0.326    , -1.953E-03,   0.00    ) |  7.451E-04 1.221E-02
    1348 1.0562E+00 7.4506E-04  (-0.326    , -1.953E-03,   0.00    ) |  7.451E-04 1.221E-02
    1349 1.0570E+00 7.4506E-04  (-0.326    , -1.953E-03,   0.00    ) |  7.451E-04 1.221E-02
    1350 1.0577E+00 7.4506E-04  (-0.326    , -1.953E-03,   0.00    ) |  7.451E-04 1.221E-02
    1351 1.0585E+00 7.4506E-04  (-0.326    , -1.953E-03,   0.00    ) |  7.451E-04 1.221E-02
    1352 1.0592E+00 7.4505E-04  ( 0.326    ,  1.953E-03,   0.00    ) |  7.451E-04 1.221E-02
    1353 1.0599E+00 7.4505E-04  ( 0.326    ,  1.953E-03,   0.00    ) |  7.451E-04 1.221E-02
    1354 1.0607E+00 7.4505E-04  ( 0.326    ,  1.953E-03,   0.00    ) |  7.450E-04 1.221E-02
    1355 1.0614E+00 7.4505E-04  ( 0.326    ,  1.953E-03,   0.00    ) |  7.450E-04 1.221E-02
    1356 1.0622E+00 7.4504E-04  ( 0.326    ,  1.953E-03,   0.00    ) |  7.450E-04 1.221E-02
    1357 1.0629E+00 7.4504E-04  ( 0.322    ,  1.953E-03,   0.00    ) |  7.450E-04 1.221E-02
    1358 1.0637E+00 7.4503E-04  ( 0.322    ,  1.953E-03,   0.00    ) |  7.450E-04 1.221E-02
    1359 1.0644E+00 7.4503E-04  ( 0.322    ,  1.953E-03,   0.00    ) |  7.450E-04 1.221E-02
    1360 1.0652E+00 7.4502E-04  ( 0.322    ,  1.953E-03,   0.00    ) |  7.450E-04 1.221E-02
    1361 1.0659E+00 7.4501E-04  (-0.322    , -1.953E-03,   0.00    ) |  7.450E-04 1.221E-02
    1362 1.0666E+00 7.4500E-04  ( 0.322    ,  1.953E-03,   0.00    ) |  7.450E-04 1.221E-02
    1363 1.0674E+00 7.4499E-04  (-0.322    , -1.953E-03,   0.00    ) |  7.450E-04 1.221E-02
    1364 1.0681E+00 7.4499E-04  (-0.322    , -1.953E-03,   0.00    ) |  7.450E-04 1.221E-02
    1365 1.0689E+00 7.4498E-04  ( 0.322    ,  1.953E-03,   0.00    ) |  7.450E-04 1.221E-02
    1366 1.0696E+00 7.4497E-04  ( 0.322    ,  1.953E-03,   0.00    ) |  7.450E-04 1.221E-02
    1367 1.0704E+00 7.4496E-04  ( 0.322    ,  1.953E-03,   0.00    ) |  7.450E-04 1.221E-02
    1368 1.0711E+00 7.4494E-04  ( 0.322    ,  1.953E-03,   0.00    ) |  7.449E-04 1.221E-02
    1369 1.0719E+00 7.4493E-04  ( 0.322    ,  1.953E-03,   0.00    ) |  7.449E-04 1.221E-02
    1370 1.0726E+00 7.4492E-04  ( 0.322    ,  1.953E-03,   0.00    ) |  7.449E-04 1.221E-02
    1371 1.0734E+00 7.4491E-04  ( 0.322    ,  1.953E-03,   0.00    ) |  7.449E-04 1.221E-02
    1372 1.0741E+00 7.4490E-04  ( 0.322    ,  1.953E-03,   0.00    ) |  7.449E-04 1.221E-02
    1373 1.0748E+00 7.4488E-04  ( 0.322    ,  1.953E-03,   0.00    ) |  7.449E-04 1.221E-02
 *** Wrote plotfile to flash_run_hdf5_plt_cnt_0043 ****
    1374 1.0756E+00 7.4487E-04  ( 0.322    ,  1.953E-03,   0.00    ) |  7.449E-04 1.221E-02
    1375 1.0763E+00 7.4486E-04  ( 0.322    ,  1.953E-03,   0.00    ) |  7.449E-04 1.221E-02
    1376 1.0771E+00 7.4484E-04  (-0.322    , -1.953E-03,   0.00    ) |  7.448E-04 1.221E-02
    1377 1.0778E+00 7.4483E-04  ( 0.322    ,  1.953E-03,   0.00    ) |  7.448E-04 1.221E-02
    1378 1.0786E+00 7.4482E-04  (-0.322    , -1.953E-03,   0.00    ) |  7.448E-04 1.221E-02
    1379 1.0793E+00 7.4480E-04  (-0.322    , -1.953E-03,   0.00    ) |  7.448E-04 1.221E-02
    1380 1.0801E+00 7.4479E-04  (-0.322    , -1.953E-03,   0.00    ) |  7.448E-04 1.221E-02
    1381 1.0808E+00 7.4477E-04  (-0.322    , -1.953E-03,   0.00    ) |  7.448E-04 1.221E-02
    1382 1.0815E+00 7.4476E-04  ( 0.322    , -1.953E-03,   0.00    ) |  7.448E-04 1.221E-02
    1383 1.0823E+00 7.4474E-04  ( 0.322    , -1.953E-03,   0.00    ) |  7.447E-04 1.221E-02
    1384 1.0830E+00 7.4472E-04  ( 0.322    , -1.953E-03,   0.00    ) |  7.447E-04 1.221E-02
    1385 1.0838E+00 7.4471E-04  ( 0.322    , -1.953E-03,   0.00    ) |  7.447E-04 1.221E-02
    1386 1.0845E+00 7.4469E-04  ( 0.322    ,  1.953E-03,   0.00    ) |  7.447E-04 1.221E-02
    1387 1.0853E+00 7.4467E-04  ( 0.322    ,  1.953E-03,   0.00    ) |  7.447E-04 1.221E-02
    1388 1.0860E+00 7.4466E-04  ( 0.322    ,  1.953E-03,   0.00    ) |  7.447E-04 1.221E-02
    1389 1.0868E+00 7.4464E-04  ( 0.322    ,  1.953E-03,   0.00    ) |  7.446E-04 1.221E-02
    1390 1.0875E+00 7.4462E-04  ( 0.322    ,  1.953E-03,   0.00    ) |  7.446E-04 1.221E-02
    1391 1.0882E+00 7.4461E-04  (-0.322    , -1.953E-03,   0.00    ) |  7.446E-04 1.221E-02
    1392 1.0890E+00 7.4459E-04  (-0.322    , -1.953E-03,   0.00    ) |  7.446E-04 1.221E-02
    1393 1.0897E+00 7.4457E-04  (-0.322    , -1.953E-03,   0.00    ) |  7.446E-04 1.221E-02
    1394 1.0905E+00 7.4456E-04  (-0.322    , -1.953E-03,   0.00    ) |  7.446E-04 1.221E-02
    1395 1.0912E+00 7.4454E-04  (-0.322    ,  1.953E-03,   0.00    ) |  7.445E-04 1.221E-02
    1396 1.0920E+00 7.4452E-04  (-0.322    ,  1.953E-03,   0.00    ) |  7.445E-04 1.221E-02
    1397 1.0927E+00 7.4451E-04  (-0.322    ,  1.953E-03,   0.00    ) |  7.445E-04 1.221E-02
    1398 1.0935E+00 7.4449E-04  (-0.322    ,  1.953E-03,   0.00    ) |  7.445E-04 1.221E-02
    1399 1.0942E+00 7.4447E-04  (-0.322    , -1.953E-03,   0.00    ) |  7.445E-04 1.221E-02
    1400 1.0949E+00 7.4445E-04  (-0.322    , -1.953E-03,   0.00    ) |  7.445E-04 1.221E-02
    1401 1.0957E+00 7.4444E-04  (-0.322    ,  1.953E-03,   0.00    ) |  7.444E-04 1.221E-02
    1402 1.0964E+00 7.4442E-04  (-0.322    , -1.953E-03,   0.00    ) |  7.444E-04 1.221E-02
    1403 1.0972E+00 7.4440E-04  (-0.322    , -1.953E-03,   0.00    ) |  7.444E-04 1.221E-02
    1404 1.0979E+00 7.4438E-04  (-0.322    ,  1.953E-03,   0.00    ) |  7.444E-04 1.221E-02
    1405 1.0987E+00 7.4437E-04  (-0.322    , -1.953E-03,   0.00    ) |  7.444E-04 1.221E-02
    1406 1.0994E+00 7.4435E-04  (-0.322    , -1.953E-03,   0.00    ) |  7.443E-04 1.221E-02
 *** Wrote plotfile to flash_run_hdf5_plt_cnt_0044 ****
    1407 1.1002E+00 7.4433E-04  ( 0.322    ,  1.953E-03,   0.00    ) |  7.443E-04 1.221E-02
    1408 1.1009E+00 7.4431E-04  ( 0.322    ,  1.953E-03,   0.00    ) |  7.443E-04 1.221E-02
    1409 1.1016E+00 7.4429E-04  ( 0.322    ,  1.953E-03,   0.00    ) |  7.443E-04 1.221E-02
    1410 1.1024E+00 7.4428E-04  ( 0.322    ,  1.953E-03,   0.00    ) |  7.443E-04 1.221E-02
    1411 1.1031E+00 7.4426E-04  ( 0.322    ,  1.953E-03,   0.00    ) |  7.443E-04 1.221E-02
    1412 1.1039E+00 7.4424E-04  (-0.322    , -1.953E-03,   0.00    ) |  7.442E-04 1.221E-02
    1413 1.1046E+00 7.4423E-04  ( 0.322    ,  1.953E-03,   0.00    ) |  7.442E-04 1.221E-02
    1414 1.1054E+00 7.4421E-04  ( 0.322    ,  1.953E-03,   0.00    ) |  7.442E-04 1.221E-02
    1415 1.1061E+00 7.4419E-04  ( 0.322    ,  1.953E-03,   0.00    ) |  7.442E-04 1.221E-02
    1416 1.1069E+00 7.4417E-04  ( 0.322    ,  1.953E-03,   0.00    ) |  7.442E-04 1.221E-02
    1417 1.1076E+00 7.4416E-04  (-0.322    , -1.953E-03,   0.00    ) |  7.442E-04 1.221E-02
    1418 1.1083E+00 7.4414E-04  (-0.322    , -1.953E-03,   0.00    ) |  7.441E-04 1.221E-02
    1419 1.1091E+00 7.4412E-04  (-0.322    , -1.953E-03,   0.00    ) |  7.441E-04 1.221E-02
    1420 1.1098E+00 7.4410E-04  (-0.322    , -1.953E-03,   0.00    ) |  7.441E-04 1.221E-02
    1421 1.1106E+00 7.4408E-04  (-0.322    , -1.953E-03,   0.00    ) |  7.441E-04 1.221E-02
    1422 1.1113E+00 7.4407E-04  (-0.322    , -1.953E-03,   0.00    ) |  7.441E-04 1.221E-02
    1423 1.1121E+00 7.4405E-04  (-0.322    , -1.953E-03,   0.00    ) |  7.440E-04 1.221E-02
    1424 1.1128E+00 7.4403E-04  (-0.322    , -1.953E-03,   0.00    ) |  7.440E-04 1.221E-02
    1425 1.1136E+00 7.4401E-04  (-0.322    , -1.953E-03,   0.00    ) |  7.440E-04 1.221E-02
    1426 1.1143E+00 7.4400E-04  (-0.322    , -1.953E-03,   0.00    ) |  7.440E-04 1.221E-02
    1427 1.1150E+00 7.4398E-04  (-0.322    , -1.953E-03,   0.00    ) |  7.440E-04 1.221E-02
    1428 1.1158E+00 7.4396E-04  (-0.322    , -1.953E-03,   0.00    ) |  7.440E-04 1.221E-02
    1429 1.1165E+00 7.4395E-04  (-0.322    , -1.953E-03,   0.00    ) |  7.439E-04 1.221E-02
    1430 1.1173E+00 7.4393E-04  (-0.322    , -1.953E-03,   0.00    ) |  7.439E-04 1.221E-02
    1431 1.1180E+00 7.4391E-04  (-0.322    , -1.953E-03,   0.00    ) |  7.439E-04 1.221E-02
    1432 1.1188E+00 7.4390E-04  (-0.322    , -1.953E-03,   0.00    ) |  7.439E-04 1.221E-02
    1433 1.1195E+00 7.4388E-04  (-0.322    , -1.953E-03,   0.00    ) |  7.439E-04 1.221E-02
    1434 1.1203E+00 7.4386E-04  (-0.322    , -1.953E-03,   0.00    ) |  7.439E-04 1.221E-02
    1435 1.1210E+00 7.4385E-04  (-0.322    , -1.953E-03,   0.00    ) |  7.438E-04 1.221E-02
    1436 1.1217E+00 7.4383E-04  (-0.322    , -1.953E-03,   0.00    ) |  7.438E-04 1.221E-02
    1437 1.1225E+00 7.4381E-04  (-0.322    , -1.953E-03,   0.00    ) |  7.438E-04 1.221E-02
    1438 1.1232E+00 7.4380E-04  (-0.322    , -1.953E-03,   0.00    ) |  7.438E-04 1.221E-02
    1439 1.1240E+00 7.4378E-04  (-0.322    , -1.953E-03,   0.00    ) |  7.438E-04 1.221E-02
    1440 1.1247E+00 7.4376E-04  (-0.322    , -1.953E-03,   0.00    ) |  7.438E-04 1.221E-02
 *** Wrote plotfile to flash_run_hdf5_plt_cnt_0045 ****
    1441 1.1255E+00 7.4374E-04  (-0.322    , -1.953E-03,   0.00    ) |  7.437E-04 1.221E-02
    1442 1.1262E+00 7.4373E-04  (-0.322    , -1.953E-03,   0.00    ) |  7.437E-04 1.221E-02
    1443 1.1269E+00 7.4371E-04  (-0.322    , -1.953E-03,   0.00    ) |  7.437E-04 1.221E-02
    1444 1.1277E+00 7.4369E-04  (-0.322    , -1.953E-03,   0.00    ) |  7.437E-04 1.221E-02
    1445 1.1284E+00 7.4368E-04  (-0.322    , -1.953E-03,   0.00    ) |  7.437E-04 1.221E-02
    1446 1.1292E+00 7.4366E-04  (-0.322    , -1.953E-03,   0.00    ) |  7.437E-04 1.221E-02
    1447 1.1299E+00 7.4365E-04  (-0.322    , -1.953E-03,   0.00    ) |  7.436E-04 1.221E-02
    1448 1.1307E+00 7.4363E-04  (-0.322    , -1.953E-03,   0.00    ) |  7.436E-04 1.221E-02
    1449 1.1314E+00 7.4361E-04  (-0.322    ,  1.953E-03,   0.00    ) |  7.436E-04 1.221E-02
    1450 1.1322E+00 7.4360E-04  (-0.322    ,  1.953E-03,   0.00    ) |  7.436E-04 1.221E-02
    1451 1.1329E+00 7.4358E-04  (-0.322    ,  1.953E-03,   0.00    ) |  7.436E-04 1.221E-02
    1452 1.1336E+00 7.4356E-04  (-0.322    ,  1.953E-03,   0.00    ) |  7.436E-04 1.221E-02
    1453 1.1344E+00 7.4355E-04  (-0.318    , -1.953E-03,   0.00    ) |  7.435E-04 1.221E-02
    1454 1.1351E+00 7.4353E-04  ( 0.318    , -1.953E-03,   0.00    ) |  7.435E-04 1.221E-02
    1455 1.1359E+00 7.4351E-04  ( 0.318    , -1.953E-03,   0.00    ) |  7.435E-04 1.221E-02
    1456 1.1366E+00 7.4350E-04  ( 0.318    , -1.953E-03,   0.00    ) |  7.435E-04 1.221E-02
    1457 1.1374E+00 7.4348E-04  ( 0.318    , -1.953E-03,   0.00    ) |  7.435E-04 1.221E-02
    1458 1.1381E+00 7.4346E-04  ( 0.318    , -1.953E-03,   0.00    ) |  7.435E-04 1.221E-02
    1459 1.1388E+00 7.4344E-04  ( 0.318    , -1.953E-03,   0.00    ) |  7.434E-04 1.221E-02
    1460 1.1396E+00 7.4342E-04  ( 0.318    , -1.953E-03,   0.00    ) |  7.434E-04 1.221E-02
    1461 1.1403E+00 7.4341E-04  ( 0.318    , -1.953E-03,   0.00    ) |  7.434E-04 1.221E-02
    1462 1.1411E+00 7.4339E-04  ( 0.318    , -1.953E-03,   0.00    ) |  7.434E-04 1.221E-02
    1463 1.1418E+00 7.4337E-04  ( 0.318    , -1.953E-03,   0.00    ) |  7.434E-04 1.221E-02
    1464 1.1426E+00 7.4335E-04  (-0.318    , -1.953E-03,   0.00    ) |  7.434E-04 1.221E-02
    1465 1.1433E+00 7.4334E-04  (-0.318    , -1.953E-03,   0.00    ) |  7.433E-04 1.221E-02
    1466 1.1440E+00 7.4332E-04  (-0.318    , -1.953E-03,   0.00    ) |  7.433E-04 1.221E-02
    1467 1.1448E+00 7.4330E-04  (-0.318    , -1.953E-03,   0.00    ) |  7.433E-04 1.221E-02
    1468 1.1455E+00 7.4328E-04  (-0.318    , -1.953E-03,   0.00    ) |  7.433E-04 1.221E-02
    1469 1.1463E+00 7.4327E-04  ( 0.318    , -1.953E-03,   0.00    ) |  7.433E-04 1.221E-02
    1470 1.1470E+00 7.4325E-04  ( 0.318    , -1.953E-03,   0.00    ) |  7.432E-04 1.221E-02
    1471 1.1478E+00 7.4323E-04  ( 0.318    , -1.953E-03,   0.00    ) |  7.432E-04 1.221E-02
    1472 1.1485E+00 7.4321E-04  ( 0.318    , -1.953E-03,   0.00    ) |  7.432E-04 1.221E-02
    1473 1.1492E+00 7.4319E-04  ( 0.318    , -1.953E-03,   0.00    ) |  7.432E-04 1.221E-02
    1474 1.1500E+00 7.4318E-04  ( 0.318    , -1.953E-03,   0.00    ) |  7.432E-04 1.221E-02
 *** Wrote plotfile to flash_run_hdf5_plt_cnt_0046 ****
    1475 1.1507E+00 7.4316E-04  ( 0.318    , -1.953E-03,   0.00    ) |  7.432E-04 1.221E-02
    1476 1.1515E+00 7.4314E-04  ( 0.318    , -1.953E-03,   0.00    ) |  7.431E-04 1.221E-02
    1477 1.1522E+00 7.4312E-04  ( 0.318    , -1.953E-03,   0.00    ) |  7.431E-04 1.221E-02
    1478 1.1530E+00 7.4310E-04  ( 0.318    , -1.953E-03,   0.00    ) |  7.431E-04 1.221E-02
    1479 1.1537E+00 7.4309E-04  ( 0.318    , -1.953E-03,   0.00    ) |  7.431E-04 1.221E-02
    1480 1.1545E+00 7.4307E-04  (-0.318    , -1.953E-03,   0.00    ) |  7.431E-04 1.221E-02
    1481 1.1552E+00 7.4305E-04  (-0.318    , -1.953E-03,   0.00    ) |  7.430E-04 1.221E-02
    1482 1.1559E+00 7.4303E-04  (-0.318    , -1.953E-03,   0.00    ) |  7.430E-04 1.221E-02
    1483 1.1567E+00 7.4301E-04  (-0.318    , -1.953E-03,   0.00    ) |  7.430E-04 1.221E-02
    1484 1.1574E+00 7.4300E-04  (-0.318    , -1.953E-03,   0.00    ) |  7.430E-04 1.221E-02
    1485 1.1582E+00 7.4298E-04  (-0.318    , -1.953E-03,   0.00    ) |  7.430E-04 1.221E-02
    1486 1.1589E+00 7.4296E-04  (-0.318    , -1.953E-03,   0.00    ) |  7.430E-04 1.221E-02
    1487 1.1597E+00 7.4294E-04  (-0.318    , -1.953E-03,   0.00    ) |  7.429E-04 1.221E-02
    1488 1.1604E+00 7.4293E-04  (-0.318    , -1.953E-03,   0.00    ) |  7.429E-04 1.221E-02
    1489 1.1611E+00 7.4291E-04  (-0.318    , -1.953E-03,   0.00    ) |  7.429E-04 1.221E-02
    1490 1.1619E+00 7.4289E-04  (-0.318    , -1.953E-03,   0.00    ) |  7.429E-04 1.221E-02
    1491 1.1626E+00 7.4287E-04  (-0.318    , -1.953E-03,   0.00    ) |  7.429E-04 1.221E-02
    1492 1.1634E+00 7.4286E-04  (-0.318    , -1.953E-03,   0.00    ) |  7.429E-04 1.221E-02
    1493 1.1641E+00 7.4284E-04  (-0.318    , -1.953E-03,   0.00    ) |  7.428E-04 1.221E-02
    1494 1.1649E+00 7.4282E-04  (-0.318    , -1.953E-03,   0.00    ) |  7.428E-04 1.221E-02
    1495 1.1656E+00 7.4281E-04  (-0.318    , -1.953E-03,   0.00    ) |  7.428E-04 1.221E-02
    1496 1.1663E+00 7.4279E-04  (-0.318    , -1.953E-03,   0.00    ) |  7.428E-04 1.221E-02
    1497 1.1671E+00 7.4278E-04  (-0.318    , -1.953E-03,   0.00    ) |  7.428E-04 1.221E-02
    1498 1.1678E+00 7.4276E-04  (-0.318    , -1.953E-03,   0.00    ) |  7.428E-04 1.221E-02
    1499 1.1686E+00 7.4275E-04  (-0.318    , -1.953E-03,   0.00    ) |  7.428E-04 1.221E-02
    1500 1.1693E+00 7.4274E-04  (-0.318    , -1.953E-03,   0.00    ) |  7.427E-04 1.221E-02
    1501 1.1701E+00 7.4272E-04  (-0.318    , -1.953E-03,   0.00    ) |  7.427E-04 1.221E-02
    1502 1.1708E+00 7.4271E-04  (-0.318    , -1.953E-03,   0.00    ) |  7.427E-04 1.221E-02
    1503 1.1715E+00 7.4269E-04  (-0.318    , -1.953E-03,   0.00    ) |  7.427E-04 1.221E-02
    1504 1.1723E+00 7.4268E-04  (-0.318    , -1.953E-03,   0.00    ) |  7.427E-04 1.221E-02
    1505 1.1730E+00 7.4266E-04  (-0.318    , -1.953E-03,   0.00    ) |  7.427E-04 1.221E-02
    1506 1.1738E+00 7.4265E-04  (-0.318    , -1.953E-03,   0.00    ) |  7.426E-04 1.221E-02
    1507 1.1745E+00 7.4263E-04  (-0.318    , -1.953E-03,   0.00    ) |  7.426E-04 1.221E-02
 *** Wrote plotfile to flash_run_hdf5_plt_cnt_0047 ****
    1508 1.1753E+00 7.4262E-04  (-0.318    , -1.953E-03,   0.00    ) |  7.426E-04 1.221E-02
    1509 1.1760E+00 7.4260E-04  (-0.318    , -1.953E-03,   0.00    ) |  7.426E-04 1.221E-02
    1510 1.1767E+00 7.4259E-04  (-0.318    , -1.953E-03,   0.00    ) |  7.426E-04 1.221E-02
    1511 1.1775E+00 7.4257E-04  (-0.318    , -1.953E-03,   0.00    ) |  7.426E-04 1.221E-02
    1512 1.1782E+00 7.4256E-04  (-0.318    , -1.953E-03,   0.00    ) |  7.426E-04 1.221E-02
    1513 1.1790E+00 7.4254E-04  (-0.318    , -1.953E-03,   0.00    ) |  7.425E-04 1.221E-02
    1514 1.1797E+00 7.4253E-04  (-0.318    , -1.953E-03,   0.00    ) |  7.425E-04 1.221E-02
    1515 1.1804E+00 7.4252E-04  (-0.318    , -1.953E-03,   0.00    ) |  7.425E-04 1.221E-02
    1516 1.1812E+00 7.4250E-04  (-0.318    , -1.953E-03,   0.00    ) |  7.425E-04 1.221E-02
    1517 1.1819E+00 7.4249E-04  (-0.318    , -1.953E-03,   0.00    ) |  7.425E-04 1.221E-02
    1518 1.1827E+00 7.4247E-04  (-0.318    , -1.953E-03,   0.00    ) |  7.425E-04 1.221E-02
    1519 1.1834E+00 7.4246E-04  ( 0.318    , -1.953E-03,   0.00    ) |  7.425E-04 1.221E-02
    1520 1.1842E+00 7.4244E-04  ( 0.318    , -1.953E-03,   0.00    ) |  7.424E-04 1.221E-02
    1521 1.1849E+00 7.4243E-04  ( 0.318    , -1.953E-03,   0.00    ) |  7.424E-04 1.221E-02
    1522 1.1856E+00 7.4241E-04  ( 0.318    , -1.953E-03,   0.00    ) |  7.424E-04 1.221E-02
    1523 1.1864E+00 7.4240E-04  ( 0.318    , -1.953E-03,   0.00    ) |  7.424E-04 1.221E-02
    1524 1.1871E+00 7.4238E-04  ( 0.318    , -1.953E-03,   0.00    ) |  7.424E-04 1.221E-02
    1525 1.1879E+00 7.4237E-04  ( 0.318    , -1.953E-03,   0.00    ) |  7.424E-04 1.221E-02
    1526 1.1886E+00 7.4235E-04  ( 0.318    , -1.953E-03,   0.00    ) |  7.424E-04 1.221E-02
    1527 1.1894E+00 7.4234E-04  ( 0.318    , -1.953E-03,   0.00    ) |  7.423E-04 1.221E-02
    1528 1.1901E+00 7.4232E-04  (-0.318    , -1.953E-03,   0.00    ) |  7.423E-04 1.221E-02
    1529 1.1908E+00 7.4230E-04  (-0.318    , -1.953E-03,   0.00    ) |  7.423E-04 1.221E-02
    1530 1.1916E+00 7.4229E-04  ( 0.318    , -1.953E-03,   0.00    ) |  7.423E-04 1.221E-02
    1531 1.1923E+00 7.4227E-04  ( 0.318    , -1.953E-03,   0.00    ) |  7.423E-04 1.221E-02
    1532 1.1931E+00 7.4226E-04  ( 0.318    , -1.953E-03,   0.00    ) |  7.423E-04 1.221E-02
    1533 1.1938E+00 7.4224E-04  (-0.318    , -1.953E-03,   0.00    ) |  7.422E-04 1.221E-02
    1534 1.1946E+00 7.4222E-04  (-0.318    , -1.953E-03,   0.00    ) |  7.422E-04 1.221E-02
    1535 1.1953E+00 7.4221E-04  ( 0.318    , -1.953E-03,   0.00    ) |  7.422E-04 1.221E-02
    1536 1.1960E+00 7.4219E-04  ( 0.318    ,  1.953E-03,   0.00    ) |  7.422E-04 1.221E-02
    1537 1.1968E+00 7.4217E-04  (-0.318    , -1.953E-03,   0.00    ) |  7.422E-04 1.221E-02
    1538 1.1975E+00 7.4216E-04  (-0.318    , -1.953E-03,   0.00    ) |  7.422E-04 1.221E-02
    1539 1.1983E+00 7.4214E-04  (-0.318    , -1.953E-03,   0.00    ) |  7.421E-04 1.221E-02
    1540 1.1990E+00 7.4212E-04  (-0.318    , -1.953E-03,   0.00    ) |  7.421E-04 1.221E-02
    1541 1.1997E+00 7.4211E-04  (-0.318    , -1.953E-03,   0.00    ) |  7.421E-04 1.221E-02
 *** Wrote plotfile to flash_run_hdf5_plt_cnt_0048 ****
    1542 1.2005E+00 7.4209E-04  (-0.318    , -1.953E-03,   0.00    ) |  7.421E-04 1.221E-02
    1543 1.2012E+00 7.4207E-04  (-0.318    , -1.953E-03,   0.00    ) |  7.421E-04 1.221E-02
    1544 1.2020E+00 7.4205E-04  (-0.318    ,  1.953E-03,   0.00    ) |  7.421E-04 1.221E-02
    1545 1.2027E+00 7.4203E-04  (-0.318    , -1.953E-03,   0.00    ) |  7.420E-04 1.221E-02
    1546 1.2035E+00 7.4202E-04  (-0.318    , -1.953E-03,   0.00    ) |  7.420E-04 1.221E-02
    1547 1.2042E+00 7.4200E-04  (-0.318    , -1.953E-03,   0.00    ) |  7.420E-04 1.221E-02
    1548 1.2049E+00 7.4198E-04  ( 0.318    ,  1.953E-03,   0.00    ) |  7.420E-04 1.221E-02
    1549 1.2057E+00 7.4196E-04  (-0.318    , -1.953E-03,   0.00    ) |  7.420E-04 1.221E-02
    1550 1.2064E+00 7.4194E-04  (-0.318    , -1.953E-03,   0.00    ) |  7.419E-04 1.221E-02
    1551 1.2072E+00 7.4192E-04  (-0.318    , -1.953E-03,   0.00    ) |  7.419E-04 1.221E-02
    1552 1.2079E+00 7.4190E-04  (-0.318    , -1.953E-03,   0.00    ) |  7.419E-04 1.221E-02
    1553 1.2087E+00 7.4189E-04  (-0.318    , -1.953E-03,   0.00    ) |  7.419E-04 1.221E-02
    1554 1.2094E+00 7.4187E-04  ( 0.318    ,  1.953E-03,   0.00    ) |  7.419E-04 1.221E-02
    1555 1.2101E+00 7.4185E-04  ( 0.318    , -1.953E-03,   0.00    ) |  7.418E-04 1.221E-02
    1556 1.2109E+00 7.4183E-04  ( 0.318    ,  1.953E-03,   0.00    ) |  7.418E-04 1.221E-02
    1557 1.2116E+00 7.4181E-04  ( 0.318    , -1.953E-03,   0.00    ) |  7.418E-04 1.221E-02
    1558 1.2124E+00 7.4179E-04  ( 0.318    , -1.953E-03,   0.00    ) |  7.418E-04 1.221E-02
    1559 1.2131E+00 7.4177E-04  (-0.318    , -1.953E-03,   0.00    ) |  7.418E-04 1.221E-02
    1560 1.2138E+00 7.4175E-04  (-0.318    , -1.953E-03,   0.00    ) |  7.417E-04 1.221E-02
    1561 1.2146E+00 7.4173E-04  (-0.318    , -1.953E-03,   0.00    ) |  7.417E-04 1.221E-02
    1562 1.2153E+00 7.4170E-04  (-0.314    , -1.953E-03,   0.00    ) |  7.417E-04 1.221E-02
    1563 1.2161E+00 7.4168E-04  (-0.314    , -1.953E-03,   0.00    ) |  7.417E-04 1.221E-02
    1564 1.2168E+00 7.4166E-04  (-0.314    , -1.953E-03,   0.00    ) |  7.417E-04 1.221E-02
    1565 1.2176E+00 7.4164E-04  (-0.314    , -1.953E-03,   0.00    ) |  7.416E-04 1.221E-02
    1566 1.2183E+00 7.4162E-04  (-0.314    , -1.953E-03,   0.00    ) |  7.416E-04 1.221E-02
    1567 1.2190E+00 7.4160E-04  (-0.314    , -1.953E-03,   0.00    ) |  7.416E-04 1.221E-02
    1568 1.2198E+00 7.4158E-04  (-0.314    , -1.953E-03,   0.00    ) |  7.416E-04 1.221E-02
    1569 1.2205E+00 7.4156E-04  (-0.314    , -1.953E-03,   0.00    ) |  7.416E-04 1.221E-02
    1570 1.2213E+00 7.4154E-04  (-0.314    , -1.953E-03,   0.00    ) |  7.415E-04 1.221E-02
    1571 1.2220E+00 7.4152E-04  (-0.314    , -1.953E-03,   0.00    ) |  7.415E-04 1.221E-02
    1572 1.2227E+00 7.4150E-04  (-0.314    , -1.953E-03,   0.00    ) |  7.415E-04 1.221E-02
    1573 1.2235E+00 7.4148E-04  (-0.314    , -1.953E-03,   0.00    ) |  7.415E-04 1.221E-02
    1574 1.2242E+00 7.4146E-04  (-0.314    , -1.953E-03,   0.00    ) |  7.415E-04 1.221E-02
    1575 1.2250E+00 7.4144E-04  (-0.314    , -1.953E-03,   0.00    ) |  7.414E-04 1.221E-02
 *** Wrote plotfile to flash_run_hdf5_plt_cnt_0049 ****
    1576 1.2257E+00 7.4142E-04  (-0.314    , -1.953E-03,   0.00    ) |  7.414E-04 1.221E-02
    1577 1.2265E+00 7.4141E-04  (-0.314    , -1.953E-03,   0.00    ) |  7.414E-04 1.221E-02
    1578 1.2272E+00 7.4139E-04  (-0.314    , -1.953E-03,   0.00    ) |  7.414E-04 1.221E-02
    1579 1.2279E+00 7.4138E-04  (-0.314    , -1.953E-03,   0.00    ) |  7.414E-04 1.221E-02
    1580 1.2287E+00 7.4136E-04  (-0.314    , -1.953E-03,   0.00    ) |  7.414E-04 1.221E-02
    1581 1.2294E+00 7.4135E-04  (-0.314    , -1.953E-03,   0.00    ) |  7.413E-04 1.221E-02
    1582 1.2302E+00 7.4133E-04  (-0.314    , -1.953E-03,   0.00    ) |  7.413E-04 1.221E-02
    1583 1.2309E+00 7.4132E-04  (-0.314    , -1.953E-03,   0.00    ) |  7.413E-04 1.221E-02
    1584 1.2316E+00 7.4131E-04  (-0.314    , -1.953E-03,   0.00    ) |  7.413E-04 1.221E-02
    1585 1.2324E+00 7.4129E-04  (-0.314    , -1.953E-03,   0.00    ) |  7.413E-04 1.221E-02
    1586 1.2331E+00 7.4128E-04  (-0.314    , -1.953E-03,   0.00    ) |  7.413E-04 1.221E-02
    1587 1.2339E+00 7.4127E-04  (-0.314    , -1.953E-03,   0.00    ) |  7.413E-04 1.221E-02
    1588 1.2346E+00 7.4126E-04  (-0.314    , -1.953E-03,   0.00    ) |  7.413E-04 1.221E-02
    1589 1.2353E+00 7.4125E-04  (-0.314    , -1.953E-03,   0.00    ) |  7.412E-04 1.221E-02
    1590 1.2361E+00 7.4123E-04  (-0.314    , -1.953E-03,   0.00    ) |  7.412E-04 1.221E-02
    1591 1.2368E+00 7.4122E-04  (-0.314    , -1.953E-03,   0.00    ) |  7.412E-04 1.221E-02
    1592 1.2376E+00 7.4121E-04  (-0.314    , -1.953E-03,   0.00    ) |  7.412E-04 1.221E-02
    1593 1.2383E+00 7.4120E-04  ( 0.314    ,  1.953E-03,   0.00    ) |  7.412E-04 1.221E-02
    1594 1.2391E+00 7.4119E-04  ( 0.314    ,  1.953E-03,   0.00    ) |  7.412E-04 1.221E-02
    1595 1.2398E+00 7.4117E-04  ( 0.314    ,  1.953E-03,   0.00    ) |  7.412E-04 1.221E-02
    1596 1.2405E+00 7.4116E-04  ( 0.314    ,  1.953E-03,   0.00    ) |  7.412E-04 1.221E-02
    1597 1.2413E+00 7.4115E-04  ( 0.314    ,  1.953E-03,   0.00    ) |  7.411E-04 1.221E-02
    1598 1.2420E+00 7.4114E-04  (-0.314    ,  1.953E-03,   0.00    ) |  7.411E-04 1.221E-02
    1599 1.2428E+00 7.4112E-04  ( 0.314    ,  1.953E-03,   0.00    ) |  7.411E-04 1.221E-02
    1600 1.2435E+00 7.4111E-04  ( 0.314    ,  1.953E-03,   0.00    ) |  7.411E-04 1.221E-02
    1601 1.2442E+00 7.4109E-04  ( 0.314    ,  1.953E-03,   0.00    ) |  7.411E-04 1.221E-02
    1602 1.2450E+00 7.4108E-04  ( 0.314    ,  1.953E-03,   0.00    ) |  7.411E-04 1.221E-02
    1603 1.2457E+00 7.4107E-04  ( 0.314    ,  1.953E-03,   0.00    ) |  7.411E-04 1.221E-02
    1604 1.2465E+00 7.4105E-04  (-0.314    ,  1.953E-03,   0.00    ) |  7.411E-04 1.221E-02
    1605 1.2472E+00 7.4104E-04  (-0.314    ,  1.953E-03,   0.00    ) |  7.410E-04 1.221E-02
    1606 1.2479E+00 7.4102E-04  (-0.314    ,  1.953E-03,   0.00    ) |  7.410E-04 1.221E-02
    1607 1.2487E+00 7.4101E-04  (-0.314    ,  1.953E-03,   0.00    ) |  7.410E-04 1.221E-02
    1608 1.2494E+00 7.4100E-04  (-0.314    ,  1.953E-03,   0.00    ) |  7.410E-04 1.221E-02
 *** Wrote plotfile to flash_run_hdf5_plt_cnt_0050 ****
    1609 1.2502E+00 7.4098E-04  (-0.314    ,  1.953E-03,   0.00    ) |  7.410E-04 1.221E-02
    1610 1.2509E+00 7.4097E-04  (-0.314    ,  1.953E-03,   0.00    ) |  7.410E-04 1.221E-02
    1611 1.2517E+00 7.4095E-04  ( 0.314    ,  1.953E-03,   0.00    ) |  7.410E-04 1.221E-02
    1612 1.2524E+00 7.4094E-04  (-0.314    ,  1.953E-03,   0.00    ) |  7.409E-04 1.221E-02
    1613 1.2531E+00 7.4093E-04  (-0.314    ,  1.953E-03,   0.00    ) |  7.409E-04 1.221E-02
    1614 1.2539E+00 7.4092E-04  (-0.314    , -1.953E-03,   0.00    ) |  7.409E-04 1.221E-02
    1615 1.2546E+00 7.4090E-04  (-0.314    , -1.953E-03,   0.00    ) |  7.409E-04 1.221E-02
    1616 1.2554E+00 7.4089E-04  (-0.314    , -1.953E-03,   0.00    ) |  7.409E-04 1.221E-02
    1617 1.2561E+00 7.4088E-04  (-0.314    , -1.953E-03,   0.00    ) |  7.409E-04 1.221E-02
    1618 1.2568E+00 7.4086E-04  (-0.314    ,  1.953E-03,   0.00    ) |  7.409E-04 1.221E-02
    1619 1.2576E+00 7.4085E-04  (-0.314    ,  1.953E-03,   0.00    ) |  7.409E-04 1.221E-02
    1620 1.2583E+00 7.4084E-04  (-0.314    ,  1.953E-03,   0.00    ) |  7.408E-04 1.221E-02
    1621 1.2591E+00 7.4082E-04  (-0.314    ,  1.953E-03,   0.00    ) |  7.408E-04 1.221E-02
    1622 1.2598E+00 7.4081E-04  (-0.314    ,  1.953E-03,   0.00    ) |  7.408E-04 1.221E-02
    1623 1.2605E+00 7.4079E-04  (-0.314    ,  1.953E-03,   0.00    ) |  7.408E-04 1.221E-02
    1624 1.2613E+00 7.4078E-04  (-0.314    ,  1.953E-03,   0.00    ) |  7.408E-04 1.221E-02
    1625 1.2620E+00 7.4076E-04  (-0.314    ,  1.953E-03,   0.00    ) |  7.408E-04 1.221E-02
    1626 1.2628E+00 7.4075E-04  (-0.314    , -1.953E-03,   0.00    ) |  7.407E-04 1.221E-02
    1627 1.2635E+00 7.4073E-04  (-0.314    , -1.953E-03,   0.00    ) |  7.407E-04 1.221E-02
    1628 1.2642E+00 7.4071E-04  (-0.314    , -1.953E-03,   0.00    ) |  7.407E-04 1.221E-02
    1629 1.2650E+00 7.4069E-04  (-0.314    , -1.953E-03,   0.00    ) |  7.407E-04 1.221E-02
    1630 1.2657E+00 7.4068E-04  (-0.314    ,  1.953E-03,   0.00    ) |  7.407E-04 1.221E-02
    1631 1.2665E+00 7.4066E-04  (-0.314    ,  1.953E-03,   0.00    ) |  7.407E-04 1.221E-02
    1632 1.2672E+00 7.4064E-04  (-0.314    ,  1.953E-03,   0.00    ) |  7.406E-04 1.221E-02
    1633 1.2680E+00 7.4062E-04  (-0.314    ,  1.953E-03,   0.00    ) |  7.406E-04 1.221E-02
    1634 1.2687E+00 7.4060E-04  (-0.314    ,  1.953E-03,   0.00    ) |  7.406E-04 1.221E-02
    1635 1.2694E+00 7.4058E-04  (-0.314    ,  1.953E-03,   0.00    ) |  7.406E-04 1.221E-02
    1636 1.2702E+00 7.4056E-04  (-0.314    ,  1.953E-03,   0.00    ) |  7.406E-04 1.221E-02
    1637 1.2709E+00 7.4054E-04  (-0.314    , -1.953E-03,   0.00    ) |  7.405E-04 1.221E-02
    1638 1.2717E+00 7.4052E-04  (-0.314    , -1.953E-03,   0.00    ) |  7.405E-04 1.221E-02
    1639 1.2724E+00 7.4050E-04  (-0.314    , -1.953E-03,   0.00    ) |  7.405E-04 1.221E-02
    1640 1.2731E+00 7.4048E-04  (-0.314    , -1.953E-03,   0.00    ) |  7.405E-04 1.221E-02
    1641 1.2739E+00 7.4045E-04  (-0.314    , -1.953E-03,   0.00    ) |  7.405E-04 1.221E-02
    1642 1.2746E+00 7.4043E-04  (-0.314    , -1.953E-03,   0.00    ) |  7.404E-04 1.221E-02
 *** Wrote plotfile to flash_run_hdf5_plt_cnt_0051 ****
    1643 1.2754E+00 7.4041E-04  (-0.314    , -1.953E-03,   0.00    ) |  7.404E-04 1.221E-02
    1644 1.2761E+00 7.4039E-04  (-0.314    , -1.953E-03,   0.00    ) |  7.404E-04 1.221E-02
    1645 1.2768E+00 7.4037E-04  (-0.314    , -1.953E-03,   0.00    ) |  7.404E-04 1.221E-02
    1646 1.2776E+00 7.4035E-04  (-0.314    , -1.953E-03,   0.00    ) |  7.403E-04 1.221E-02
    1647 1.2783E+00 7.4033E-04  (-0.314    , -1.953E-03,   0.00    ) |  7.403E-04 1.221E-02
    1648 1.2791E+00 7.4030E-04  (-0.314    , -1.953E-03,   0.00    ) |  7.403E-04 1.221E-02
    1649 1.2798E+00 7.4028E-04  (-0.314    , -1.953E-03,   0.00    ) |  7.403E-04 1.221E-02
    1650 1.2805E+00 7.4026E-04  (-0.314    , -1.953E-03,   0.00    ) |  7.403E-04 1.221E-02
    1651 1.2813E+00 7.4024E-04  (-0.314    , -1.953E-03,   0.00    ) |  7.402E-04 1.221E-02
    1652 1.2820E+00 7.4022E-04  (-0.314    , -1.953E-03,   0.00    ) |  7.402E-04 1.221E-02
    1653 1.2828E+00 7.4020E-04  (-0.314    , -1.953E-03,   0.00    ) |  7.402E-04 1.221E-02
    1654 1.2835E+00 7.4018E-04  (-0.314    , -1.953E-03,   0.00    ) |  7.402E-04 1.221E-02
    1655 1.2842E+00 7.4016E-04  (-0.314    , -1.953E-03,   0.00    ) |  7.402E-04 1.221E-02
    1656 1.2850E+00 7.4014E-04  (-0.314    , -1.953E-03,   0.00    ) |  7.401E-04 1.221E-02
    1657 1.2857E+00 7.4012E-04  (-0.314    , -1.953E-03,   0.00    ) |  7.401E-04 1.221E-02
    1658 1.2865E+00 7.4010E-04  (-0.314    , -1.953E-03,   0.00    ) |  7.401E-04 1.221E-02
    1659 1.2872E+00 7.4008E-04  (-0.314    , -1.953E-03,   0.00    ) |  7.401E-04 1.221E-02
    1660 1.2879E+00 7.4006E-04  (-0.314    , -1.953E-03,   0.00    ) |  7.401E-04 1.221E-02
    1661 1.2887E+00 7.4004E-04  (-0.314    , -1.953E-03,   0.00    ) |  7.400E-04 1.221E-02
    1662 1.2894E+00 7.4002E-04  (-0.314    , -1.953E-03,   0.00    ) |  7.400E-04 1.221E-02
    1663 1.2902E+00 7.4000E-04  (-0.314    , -1.953E-03,   0.00    ) |  7.400E-04 1.221E-02
    1664 1.2909E+00 7.3999E-04  (-0.314    , -1.953E-03,   0.00    ) |  7.400E-04 1.221E-02
    1665 1.2916E+00 7.3997E-04  (-0.314    , -1.953E-03,   0.00    ) |  7.400E-04 1.221E-02
    1666 1.2924E+00 7.3995E-04  (-0.314    , -1.953E-03,   0.00    ) |  7.400E-04 1.221E-02
    1667 1.2931E+00 7.3994E-04  (-0.314    , -1.953E-03,   0.00    ) |  7.399E-04 1.221E-02
    1668 1.2939E+00 7.3992E-04  (-0.314    , -1.953E-03,   0.00    ) |  7.399E-04 1.221E-02
    1669 1.2946E+00 7.3990E-04  (-0.314    , -1.953E-03,   0.00    ) |  7.399E-04 1.221E-02
    1670 1.2953E+00 7.3989E-04  (-0.314    , -1.953E-03,   0.00    ) |  7.399E-04 1.221E-02
    1671 1.2961E+00 7.3987E-04  (-0.314    , -1.953E-03,   0.00    ) |  7.399E-04 1.221E-02
    1672 1.2968E+00 7.3986E-04  (-0.314    , -1.953E-03,   0.00    ) |  7.399E-04 1.221E-02
    1673 1.2976E+00 7.3984E-04  (-0.314    , -1.953E-03,   0.00    ) |  7.398E-04 1.221E-02
    1674 1.2983E+00 7.3982E-04  (-0.314    , -1.953E-03,   0.00    ) |  7.398E-04 1.221E-02
    1675 1.2990E+00 7.3981E-04  (-0.314    , -1.953E-03,   0.00    ) |  7.398E-04 1.221E-02
    1676 1.2998E+00 7.3979E-04  (-0.314    , -1.953E-03,   0.00    ) |  7.398E-04 1.221E-02
 *** Wrote plotfile to flash_run_hdf5_plt_cnt_0052 ****
    1677 1.3005E+00 7.3977E-04  (-0.311    , -1.953E-03,   0.00    ) |  7.398E-04 1.221E-02
    1678 1.3013E+00 7.3976E-04  (-0.311    , -1.953E-03,   0.00    ) |  7.398E-04 1.221E-02
    1679 1.3020E+00 7.3974E-04  (-0.311    , -1.953E-03,   0.00    ) |  7.397E-04 1.221E-02
    1680 1.3027E+00 7.3973E-04  (-0.311    , -1.953E-03,   0.00    ) |  7.397E-04 1.221E-02
    1681 1.3035E+00 7.3971E-04  (-0.311    , -1.953E-03,   0.00    ) |  7.397E-04 1.221E-02
    1682 1.3042E+00 7.3970E-04  (-0.311    , -1.953E-03,   0.00    ) |  7.397E-04 1.221E-02
    1683 1.3050E+00 7.3968E-04  (-0.311    , -1.953E-03,   0.00    ) |  7.397E-04 1.221E-02
    1684 1.3057E+00 7.3967E-04  (-0.311    , -1.953E-03,   0.00    ) |  7.397E-04 1.221E-02
    1685 1.3064E+00 7.3965E-04  (-0.311    , -1.953E-03,   0.00    ) |  7.397E-04 1.221E-02
    1686 1.3072E+00 7.3964E-04  (-0.311    , -1.953E-03,   0.00    ) |  7.396E-04 1.221E-02
    1687 1.3079E+00 7.3962E-04  (-0.311    , -1.953E-03,   0.00    ) |  7.396E-04 1.221E-02
    1688 1.3087E+00 7.3961E-04  (-0.311    , -1.953E-03,   0.00    ) |  7.396E-04 1.221E-02
    1689 1.3094E+00 7.3959E-04  (-0.311    , -1.953E-03,   0.00    ) |  7.396E-04 1.221E-02
    1690 1.3101E+00 7.3958E-04  (-0.311    , -1.953E-03,   0.00    ) |  7.396E-04 1.221E-02
    1691 1.3109E+00 7.3957E-04  (-0.311    , -1.953E-03,   0.00    ) |  7.396E-04 1.221E-02
    1692 1.3116E+00 7.3956E-04  (-0.311    , -1.953E-03,   0.00    ) |  7.396E-04 1.221E-02
    1693 1.3124E+00 7.3955E-04  (-0.311    , -1.953E-03,   0.00    ) |  7.395E-04 1.221E-02
    1694 1.3131E+00 7.3954E-04  (-0.311    , -1.953E-03,   0.00    ) |  7.395E-04 1.221E-02
    1695 1.3138E+00 7.3953E-04  (-0.311    , -1.953E-03,   0.00    ) |  7.395E-04 1.221E-02
    1696 1.3146E+00 7.3952E-04  (-0.311    , -1.953E-03,   0.00    ) |  7.395E-04 1.221E-02
    1697 1.3153E+00 7.3951E-04  (-0.311    , -1.953E-03,   0.00    ) |  7.395E-04 1.221E-02
    1698 1.3161E+00 7.3950E-04  (-0.311    , -1.953E-03,   0.00    ) |  7.395E-04 1.221E-02
    1699 1.3168E+00 7.3949E-04  (-0.311    , -1.953E-03,   0.00    ) |  7.395E-04 1.221E-02
    1700 1.3175E+00 7.3948E-04  (-0.311    , -1.953E-03,   0.00    ) |  7.395E-04 1.221E-02
    1701 1.3183E+00 7.3948E-04  (-0.311    , -1.953E-03,   0.00    ) |  7.395E-04 1.221E-02
    1702 1.3190E+00 7.3947E-04  (-0.311    , -1.953E-03,   0.00    ) |  7.395E-04 1.221E-02
    1703 1.3197E+00 7.3946E-04  (-0.311    , -1.953E-03,   0.00    ) |  7.395E-04 1.221E-02
    1704 1.3205E+00 7.3946E-04  (-0.311    , -1.953E-03,   0.00    ) |  7.395E-04 1.221E-02
    1705 1.3212E+00 7.3945E-04  (-0.311    , -1.953E-03,   0.00    ) |  7.395E-04 1.221E-02
    1706 1.3220E+00 7.3944E-04  (-0.311    , -1.953E-03,   0.00    ) |  7.394E-04 1.221E-02
    1707 1.3227E+00 7.3944E-04  (-0.311    , -1.953E-03,   0.00    ) |  7.394E-04 1.221E-02
    1708 1.3234E+00 7.3943E-04  (-0.311    , -1.953E-03,   0.00    ) |  7.394E-04 1.221E-02
    1709 1.3242E+00 7.3943E-04  (-0.311    , -1.953E-03,   0.00    ) |  7.394E-04 1.221E-02
    1710 1.3249E+00 7.3942E-04  (-0.311    , -1.953E-03,   0.00    ) |  7.394E-04 1.221E-02
 *** Wrote plotfile to flash_run_hdf5_plt_cnt_0053 ****
    1711 1.3257E+00 7.3941E-04  (-0.311    , -1.953E-03,   0.00    ) |  7.394E-04 1.221E-02
    1712 1.3264E+00 7.3941E-04  (-0.311    , -1.953E-03,   0.00    ) |  7.394E-04 1.221E-02
    1713 1.3271E+00 7.3940E-04  (-0.311    , -1.953E-03,   0.00    ) |  7.394E-04 1.221E-02
    1714 1.3279E+00 7.3939E-04  (-0.311    , -1.953E-03,   0.00    ) |  7.394E-04 1.221E-02
    1715 1.3286E+00 7.3938E-04  (-0.311    , -1.953E-03,   0.00    ) |  7.394E-04 1.221E-02
    1716 1.3294E+00 7.3938E-04  (-0.311    , -1.953E-03,   0.00    ) |  7.394E-04 1.221E-02
    1717 1.3301E+00 7.3937E-04  (-0.311    , -1.953E-03,   0.00    ) |  7.394E-04 1.221E-02
    1718 1.3308E+00 7.3936E-04  (-0.311    , -1.953E-03,   0.00    ) |  7.394E-04 1.221E-02
    1719 1.3316E+00 7.3935E-04  (-0.311    , -1.953E-03,   0.00    ) |  7.394E-04 1.221E-02
    1720 1.3323E+00 7.3934E-04  (-0.311    , -1.953E-03,   0.00    ) |  7.393E-04 1.221E-02
    1721 1.3331E+00 7.3934E-04  (-0.311    , -1.953E-03,   0.00    ) |  7.393E-04 1.221E-02
    1722 1.3338E+00 7.3933E-04  (-0.311    , -1.953E-03,   0.00    ) |  7.393E-04 1.221E-02
    1723 1.3345E+00 7.3932E-04  (-0.311    , -1.953E-03,   0.00    ) |  7.393E-04 1.221E-02
    1724 1.3353E+00 7.3931E-04  (-0.311    , -1.953E-03,   0.00    ) |  7.393E-04 1.221E-02
    1725 1.3360E+00 7.3930E-04  (-0.311    , -1.953E-03,   0.00    ) |  7.393E-04 1.221E-02
    1726 1.3368E+00 7.3929E-04  (-0.311    , -1.953E-03,   0.00    ) |  7.393E-04 1.221E-02
    1727 1.3375E+00 7.3928E-04  (-0.311    , -1.953E-03,   0.00    ) |  7.393E-04 1.221E-02
    1728 1.3382E+00 7.3927E-04  (-0.311    , -1.953E-03,   0.00    ) |  7.393E-04 1.221E-02
    1729 1.3390E+00 7.3926E-04  (-0.311    , -1.953E-03,   0.00    ) |  7.393E-04 1.221E-02
    1730 1.3397E+00 7.3925E-04  (-0.311    , -1.953E-03,   0.00    ) |  7.393E-04 1.221E-02
    1731 1.3405E+00 7.3924E-04  (-0.311    , -1.953E-03,   0.00    ) |  7.392E-04 1.221E-02
    1732 1.3412E+00 7.3923E-04  (-0.311    , -1.953E-03,   0.00    ) |  7.392E-04 1.221E-02
    1733 1.3419E+00 7.3922E-04  (-0.311    , -1.953E-03,   0.00    ) |  7.392E-04 1.221E-02
    1734 1.3427E+00 7.3921E-04  (-0.311    , -1.953E-03,   0.00    ) |  7.392E-04 1.221E-02
    1735 1.3434E+00 7.3919E-04  (-0.311    , -1.953E-03,   0.00    ) |  7.392E-04 1.221E-02
    1736 1.3441E+00 7.3918E-04  (-0.311    , -1.953E-03,   0.00    ) |  7.392E-04 1.221E-02
    1737 1.3449E+00 7.3917E-04  ( 0.311    ,  1.953E-03,   0.00    ) |  7.392E-04 1.221E-02
    1738 1.3456E+00 7.3915E-04  (-0.311    , -1.953E-03,   0.00    ) |  7.392E-04 1.221E-02
    1739 1.3464E+00 7.3913E-04  (-0.311    , -1.953E-03,   0.00    ) |  7.391E-04 1.221E-02
    1740 1.3471E+00 7.3912E-04  ( 0.311    ,  1.953E-03,   0.00    ) |  7.391E-04 1.221E-02
    1741 1.3478E+00 7.3910E-04  (-0.311    , -1.953E-03,   0.00    ) |  7.391E-04 1.221E-02
    1742 1.3486E+00 7.3908E-04  (-0.311    , -1.953E-03,   0.00    ) |  7.391E-04 1.221E-02
    1743 1.3493E+00 7.3907E-04  (-0.311    , -1.953E-03,   0.00    ) |  7.391E-04 1.221E-02
 *** Wrote plotfile to flash_run_hdf5_plt_cnt_0054 ****
    1744 1.3501E+00 7.3905E-04  (-0.311    , -1.953E-03,   0.00    ) |  7.390E-04 1.221E-02
    1745 1.3508E+00 7.3903E-04  (-0.311    , -1.953E-03,   0.00    ) |  7.390E-04 1.221E-02
    1746 1.3515E+00 7.3901E-04  (-0.311    , -1.953E-03,   0.00    ) |  7.390E-04 1.221E-02
    1747 1.3523E+00 7.3899E-04  (-0.311    , -1.953E-03,   0.00    ) |  7.390E-04 1.221E-02
    1748 1.3530E+00 7.3897E-04  (-0.311    , -1.953E-03,   0.00    ) |  7.390E-04 1.221E-02
    1749 1.3538E+00 7.3896E-04  (-0.311    , -1.953E-03,   0.00    ) |  7.390E-04 1.221E-02
    1750 1.3545E+00 7.3894E-04  (-0.311    , -1.953E-03,   0.00    ) |  7.389E-04 1.221E-02
    1751 1.3552E+00 7.3892E-04  (-0.311    , -1.953E-03,   0.00    ) |  7.389E-04 1.221E-02
    1752 1.3560E+00 7.3891E-04  (-0.311    , -1.953E-03,   0.00    ) |  7.389E-04 1.221E-02
    1753 1.3567E+00 7.3889E-04  (-0.311    , -1.953E-03,   0.00    ) |  7.389E-04 1.221E-02
    1754 1.3574E+00 7.3888E-04  (-0.311    , -1.953E-03,   0.00    ) |  7.389E-04 1.221E-02
    1755 1.3582E+00 7.3886E-04  (-0.311    , -1.953E-03,   0.00    ) |  7.389E-04 1.221E-02
    1756 1.3589E+00 7.3885E-04  (-0.311    , -1.953E-03,   0.00    ) |  7.388E-04 1.221E-02
    1757 1.3597E+00 7.3883E-04  (-0.311    , -1.953E-03,   0.00    ) |  7.388E-04 1.221E-02
    1758 1.3604E+00 7.3882E-04  (-0.311    , -1.953E-03,   0.00    ) |  7.388E-04 1.221E-02
    1759 1.3611E+00 7.3881E-04  (-0.311    , -1.953E-03,   0.00    ) |  7.388E-04 1.221E-02
    1760 1.3619E+00 7.3880E-04  (-0.311    , -1.953E-03,   0.00    ) |  7.388E-04 1.221E-02
    1761 1.3626E+00 7.3879E-04  (-0.311    , -1.953E-03,   0.00    ) |  7.388E-04 1.221E-02
    1762 1.3634E+00 7.3878E-04  (-0.311    , -1.953E-03,   0.00    ) |  7.388E-04 1.221E-02
    1763 1.3641E+00 7.3877E-04  (-0.311    , -1.953E-03,   0.00    ) |  7.388E-04 1.221E-02
    1764 1.3648E+00 7.3875E-04  (-0.311    , -1.953E-03,   0.00    ) |  7.388E-04 1.221E-02
    1765 1.3656E+00 7.3874E-04  (-0.311    , -1.953E-03,   0.00    ) |  7.387E-04 1.221E-02
    1766 1.3663E+00 7.3873E-04  (-0.311    , -1.953E-03,   0.00    ) |  7.387E-04 1.221E-02
    1767 1.3671E+00 7.3872E-04  (-0.311    , -1.953E-03,   0.00    ) |  7.387E-04 1.221E-02
    1768 1.3678E+00 7.3871E-04  (-0.311    , -1.953E-03,   0.00    ) |  7.387E-04 1.221E-02
    1769 1.3685E+00 7.3870E-04  (-0.311    ,  1.953E-03,   0.00    ) |  7.387E-04 1.221E-02
    1770 1.3693E+00 7.3868E-04  (-0.311    , -1.953E-03,   0.00    ) |  7.387E-04 1.221E-02
    1771 1.3700E+00 7.3867E-04  (-0.311    , -1.953E-03,   0.00    ) |  7.387E-04 1.221E-02
    1772 1.3707E+00 7.3866E-04  (-0.311    ,  1.953E-03,   0.00    ) |  7.387E-04 1.221E-02
    1773 1.3715E+00 7.3864E-04  (-0.311    ,  1.953E-03,   0.00    ) |  7.386E-04 1.221E-02
    1774 1.3722E+00 7.3863E-04  (-0.311    , -1.953E-03,   0.00    ) |  7.386E-04 1.221E-02
    1775 1.3730E+00 7.3861E-04  (-0.311    , -1.953E-03,   0.00    ) |  7.386E-04 1.221E-02
    1776 1.3737E+00 7.3859E-04  (-0.311    ,  1.953E-03,   0.00    ) |  7.386E-04 1.221E-02
    1777 1.3744E+00 7.3858E-04  (-0.311    , -1.953E-03,   0.00    ) |  7.386E-04 1.221E-02
 *** Wrote plotfile to flash_run_hdf5_plt_cnt_0055 ****
    1778 1.3752E+00 7.3856E-04  (-0.311    ,  1.953E-03,   0.00    ) |  7.386E-04 1.221E-02
    1779 1.3759E+00 7.3854E-04  (-0.311    ,  1.953E-03,   0.00    ) |  7.385E-04 1.221E-02
    1780 1.3767E+00 7.3853E-04  (-0.311    , -1.953E-03,   0.00    ) |  7.385E-04 1.221E-02
    1781 1.3774E+00 7.3851E-04  (-0.311    ,  1.953E-03,   0.00    ) |  7.385E-04 1.221E-02
    1782 1.3781E+00 7.3849E-04  (-0.311    ,  1.953E-03,   0.00    ) |  7.385E-04 1.221E-02
    1783 1.3789E+00 7.3847E-04  (-0.311    ,  1.953E-03,   0.00    ) |  7.385E-04 1.221E-02
    1784 1.3796E+00 7.3845E-04  (-0.311    ,  1.953E-03,   0.00    ) |  7.384E-04 1.221E-02
    1785 1.3803E+00 7.3843E-04  (-0.311    , -1.953E-03,   0.00    ) |  7.384E-04 1.221E-02
    1786 1.3811E+00 7.3841E-04  (-0.311    , -1.953E-03,   0.00    ) |  7.384E-04 1.221E-02
    1787 1.3818E+00 7.3839E-04  (-0.311    , -1.953E-03,   0.00    ) |  7.384E-04 1.221E-02
    1788 1.3826E+00 7.3837E-04  (-0.311    , -1.953E-03,   0.00    ) |  7.384E-04 1.221E-02
    1789 1.3833E+00 7.3834E-04  (-0.311    , -1.953E-03,   0.00    ) |  7.383E-04 1.221E-02
    1790 1.3840E+00 7.3832E-04  (-0.311    , -1.953E-03,   0.00    ) |  7.383E-04 1.221E-02
    1791 1.3848E+00 7.3830E-04  (-0.311    , -1.953E-03,   0.00    ) |  7.383E-04 1.221E-02
    1792 1.3855E+00 7.3828E-04  (-0.311    , -1.953E-03,   0.00    ) |  7.383E-04 1.221E-02
    1793 1.3863E+00 7.3826E-04  (-0.311    , -1.953E-03,   0.00    ) |  7.383E-04 1.221E-02
    1794 1.3870E+00 7.3823E-04  (-0.311    , -1.953E-03,   0.00    ) |  7.382E-04 1.221E-02
    1795 1.3877E+00 7.3821E-04  (-0.311    , -1.953E-03,   0.00    ) |  7.382E-04 1.221E-02
    1796 1.3885E+00 7.3819E-04  (-0.311    , -1.953E-03,   0.00    ) |  7.382E-04 1.221E-02
    1797 1.3892E+00 7.3817E-04  (-0.311    , -1.953E-03,   0.00    ) |  7.382E-04 1.221E-02
    1798 1.3899E+00 7.3814E-04  (-0.311    , -1.953E-03,   0.00    ) |  7.381E-04 1.221E-02
    1799 1.3907E+00 7.3812E-04  (-0.311    , -1.953E-03,   0.00    ) |  7.381E-04 1.221E-02
    1800 1.3914E+00 7.3810E-04  (-0.311    , -1.953E-03,   0.00    ) |  7.381E-04 1.221E-02
    1801 1.3922E+00 7.3808E-04  (-0.311    , -1.953E-03,   0.00    ) |  7.381E-04 1.221E-02
    1802 1.3929E+00 7.3805E-04  (-0.307    , -1.953E-03,   0.00    ) |  7.381E-04 1.221E-02
    1803 1.3936E+00 7.3803E-04  (-0.307    , -1.953E-03,   0.00    ) |  7.380E-04 1.221E-02
    1804 1.3944E+00 7.3800E-04  (-0.307    , -1.953E-03,   0.00    ) |  7.380E-04 1.221E-02
    1805 1.3951E+00 7.3798E-04  (-0.307    , -1.953E-03,   0.00    ) |  7.380E-04 1.221E-02
    1806 1.3959E+00 7.3796E-04  (-0.307    ,  1.953E-03,   0.00    ) |  7.380E-04 1.221E-02
    1807 1.3966E+00 7.3793E-04  (-0.307    ,  1.953E-03,   0.00    ) |  7.379E-04 1.221E-02
    1808 1.3973E+00 7.3791E-04  (-0.307    , -1.953E-03,   0.00    ) |  7.379E-04 1.221E-02
    1809 1.3981E+00 7.3789E-04  (-0.307    ,  1.953E-03,   0.00    ) |  7.379E-04 1.221E-02
    1810 1.3988E+00 7.3787E-04  ( 0.307    ,  1.953E-03,   0.00    ) |  7.379E-04 1.221E-02
    1811 1.3995E+00 7.3784E-04  (-0.307    ,  1.953E-03,   0.00    ) |  7.378E-04 1.221E-02
 *** Wrote plotfile to flash_run_hdf5_plt_cnt_0056 ****
    1812 1.4003E+00 7.3782E-04  (-0.307    ,  1.953E-03,   0.00    ) |  7.378E-04 1.221E-02
    1813 1.4010E+00 7.3780E-04  (-0.307    ,  1.953E-03,   0.00    ) |  7.378E-04 1.221E-02
    1814 1.4018E+00 7.3778E-04  (-0.307    ,  1.953E-03,   0.00    ) |  7.378E-04 1.221E-02
    1815 1.4025E+00 7.3775E-04  (-0.307    , -1.953E-03,   0.00    ) |  7.378E-04 1.221E-02
    1816 1.4032E+00 7.3773E-04  (-0.307    , -1.953E-03,   0.00    ) |  7.377E-04 1.221E-02
    1817 1.4040E+00 7.3771E-04  (-0.307    , -1.953E-03,   0.00    ) |  7.377E-04 1.221E-02
    1818 1.4047E+00 7.3769E-04  (-0.307    ,  1.953E-03,   0.00    ) |  7.377E-04 1.221E-02
    1819 1.4054E+00 7.3767E-04  (-0.307    , -1.953E-03,   0.00    ) |  7.377E-04 1.221E-02
    1820 1.4062E+00 7.3765E-04  (-0.307    , -1.953E-03,   0.00    ) |  7.376E-04 1.221E-02
    1821 1.4069E+00 7.3763E-04  (-0.307    , -1.953E-03,   0.00    ) |  7.376E-04 1.221E-02
    1822 1.4077E+00 7.3761E-04  (-0.307    , -1.953E-03,   0.00    ) |  7.376E-04 1.221E-02
    1823 1.4084E+00 7.3759E-04  (-0.307    ,  1.953E-03,   0.00    ) |  7.376E-04 1.221E-02
    1824 1.4091E+00 7.3757E-04  (-0.307    ,  1.953E-03,   0.00    ) |  7.376E-04 1.221E-02
    1825 1.4099E+00 7.3755E-04  (-0.307    ,  1.953E-03,   0.00    ) |  7.376E-04 1.221E-02
    1826 1.4106E+00 7.3753E-04  (-0.307    ,  1.953E-03,   0.00    ) |  7.375E-04 1.221E-02
    1827 1.4113E+00 7.3752E-04  (-0.307    ,  1.953E-03,   0.00    ) |  7.375E-04 1.221E-02
    1828 1.4121E+00 7.3750E-04  (-0.307    ,  1.953E-03,   0.00    ) |  7.375E-04 1.221E-02
    1829 1.4128E+00 7.3748E-04  (-0.307    ,  1.953E-03,   0.00    ) |  7.375E-04 1.221E-02
    1830 1.4136E+00 7.3746E-04  (-0.307    ,  1.953E-03,   0.00    ) |  7.375E-04 1.221E-02
    1831 1.4143E+00 7.3745E-04  (-0.307    ,  1.953E-03,   0.00    ) |  7.374E-04 1.221E-02
    1832 1.4150E+00 7.3743E-04  (-0.307    ,  1.953E-03,   0.00    ) |  7.374E-04 1.221E-02
    1833 1.4158E+00 7.3741E-04  (-0.307    ,  1.953E-03,   0.00    ) |  7.374E-04 1.221E-02
    1834 1.4165E+00 7.3740E-04  (-0.307    ,  1.953E-03,   0.00    ) |  7.374E-04 1.221E-02
    1835 1.4172E+00 7.3738E-04  (-0.307    ,  1.953E-03,   0.00    ) |  7.374E-04 1.221E-02
    1836 1.4180E+00 7.3736E-04  (-0.307    ,  1.953E-03,   0.00    ) |  7.374E-04 1.221E-02
    1837 1.4187E+00 7.3735E-04  (-0.307    ,  1.953E-03,   0.00    ) |  7.373E-04 1.221E-02
    1838 1.4195E+00 7.3733E-04  ( 0.307    ,  1.953E-03,   0.00    ) |  7.373E-04 1.221E-02
    1839 1.4202E+00 7.3732E-04  ( 0.307    ,  1.953E-03,   0.00    ) |  7.373E-04 1.221E-02
    1840 1.4209E+00 7.3730E-04  (-0.307    ,  1.953E-03,   0.00    ) |  7.373E-04 1.221E-02
    1841 1.4217E+00 7.3729E-04  (-0.307    ,  1.953E-03,   0.00    ) |  7.373E-04 1.221E-02
    1842 1.4224E+00 7.3728E-04  (-0.307    ,  1.953E-03,   0.00    ) |  7.373E-04 1.221E-02
    1843 1.4231E+00 7.3726E-04  (-0.307    ,  1.953E-03,   0.00    ) |  7.373E-04 1.221E-02
    1844 1.4239E+00 7.3725E-04  (-0.307    ,  1.953E-03,   0.00    ) |  7.373E-04 1.221E-02
    1845 1.4246E+00 7.3724E-04  (-0.307    ,  1.953E-03,   0.00    ) |  7.372E-04 1.221E-02
 *** Wrote plotfile to flash_run_hdf5_plt_cnt_0057 ****
    1846 1.4254E+00 7.3723E-04  (-0.307    ,  1.953E-03,   0.00    ) |  7.372E-04 1.221E-02
    1847 1.4261E+00 7.3722E-04  ( 0.307    ,  1.953E-03,   0.00    ) |  7.372E-04 1.221E-02
    1848 1.4268E+00 7.3720E-04  (-0.307    ,  1.953E-03,   0.00    ) |  7.372E-04 1.221E-02
    1849 1.4276E+00 7.3719E-04  (-0.307    , -1.953E-03,   0.00    ) |  7.372E-04 1.221E-02
    1850 1.4283E+00 7.3718E-04  (-0.307    , -1.953E-03,   0.00    ) |  7.372E-04 1.221E-02
    1851 1.4290E+00 7.3717E-04  (-0.307    , -1.953E-03,   0.00    ) |  7.372E-04 1.221E-02
    1852 1.4298E+00 7.3716E-04  (-0.307    , -1.953E-03,   0.00    ) |  7.372E-04 1.221E-02
    1853 1.4305E+00 7.3715E-04  (-0.307    , -1.953E-03,   0.00    ) |  7.372E-04 1.221E-02
    1854 1.4313E+00 7.3715E-04  ( 0.307    ,  1.953E-03,   0.00    ) |  7.371E-04 1.221E-02
    1855 1.4320E+00 7.3714E-04  ( 0.307    ,  1.953E-03,   0.00    ) |  7.371E-04 1.221E-02
    1856 1.4327E+00 7.3713E-04  ( 0.307    ,  1.953E-03,   0.00    ) |  7.371E-04 1.221E-02
    1857 1.4335E+00 7.3712E-04  ( 0.307    ,  1.953E-03,   0.00    ) |  7.371E-04 1.221E-02
    1858 1.4342E+00 7.3711E-04  ( 0.307    ,  1.953E-03,   0.00    ) |  7.371E-04 1.221E-02
    1859 1.4349E+00 7.3710E-04  ( 0.307    ,  1.953E-03,   0.00    ) |  7.371E-04 1.221E-02
    1860 1.4357E+00 7.3710E-04  ( 0.307    ,  1.953E-03,   0.00    ) |  7.371E-04 1.221E-02
    1861 1.4364E+00 7.3709E-04  ( 0.307    ,  1.953E-03,   0.00    ) |  7.371E-04 1.221E-02
    1862 1.4371E+00 7.3708E-04  ( 0.307    ,  1.953E-03,   0.00    ) |  7.371E-04 1.221E-02
    1863 1.4379E+00 7.3707E-04  (-0.307    ,  1.953E-03,   0.00    ) |  7.371E-04 1.221E-02
    1864 1.4386E+00 7.3707E-04  ( 0.307    ,  1.953E-03,   0.00    ) |  7.371E-04 1.221E-02
    1865 1.4394E+00 7.3706E-04  (-0.307    ,  1.953E-03,   0.00    ) |  7.371E-04 1.221E-02
    1866 1.4401E+00 7.3705E-04  (-0.307    ,  1.953E-03,   0.00    ) |  7.371E-04 1.221E-02
    1867 1.4408E+00 7.3705E-04  (-0.307    ,  1.953E-03,   0.00    ) |  7.370E-04 1.221E-02
    1868 1.4416E+00 7.3704E-04  (-0.307    ,  1.953E-03,   0.00    ) |  7.370E-04 1.221E-02
    1869 1.4423E+00 7.3703E-04  (-0.307    ,  1.953E-03,   0.00    ) |  7.370E-04 1.221E-02
    1870 1.4430E+00 7.3703E-04  (-0.307    , -1.953E-03,   0.00    ) |  7.370E-04 1.221E-02
    1871 1.4438E+00 7.3702E-04  (-0.307    ,  1.953E-03,   0.00    ) |  7.370E-04 1.221E-02
    1872 1.4445E+00 7.3701E-04  (-0.307    ,  1.953E-03,   0.00    ) |  7.370E-04 1.221E-02
    1873 1.4453E+00 7.3701E-04  (-0.307    ,  1.953E-03,   0.00    ) |  7.370E-04 1.221E-02
    1874 1.4460E+00 7.3700E-04  (-0.307    ,  1.953E-03,   0.00    ) |  7.370E-04 1.221E-02
    1875 1.4467E+00 7.3700E-04  (-0.307    ,  1.953E-03,   0.00    ) |  7.370E-04 1.221E-02
    1876 1.4475E+00 7.3699E-04  (-0.307    ,  1.953E-03,   0.00    ) |  7.370E-04 1.221E-02
    1877 1.4482E+00 7.3698E-04  (-0.307    , -1.953E-03,   0.00    ) |  7.370E-04 1.221E-02
    1878 1.4489E+00 7.3698E-04  (-0.307    , -1.953E-03,   0.00    ) |  7.370E-04 1.221E-02
    1879 1.4497E+00 7.3697E-04  (-0.307    , -1.953E-03,   0.00    ) |  7.370E-04 1.221E-02
 *** Wrote plotfile to flash_run_hdf5_plt_cnt_0058 ****
    1880 1.4504E+00 7.3697E-04  (-0.307    ,  1.953E-03,   0.00    ) |  7.370E-04 1.221E-02
    1881 1.4512E+00 7.3696E-04  (-0.307    ,  1.953E-03,   0.00    ) |  7.370E-04 1.221E-02
    1882 1.4519E+00 7.3695E-04  (-0.307    ,  1.953E-03,   0.00    ) |  7.370E-04 1.221E-02
    1883 1.4526E+00 7.3695E-04  (-0.307    ,  1.953E-03,   0.00    ) |  7.369E-04 1.221E-02
    1884 1.4534E+00 7.3694E-04  (-0.307    ,  1.953E-03,   0.00    ) |  7.369E-04 1.221E-02
    1885 1.4541E+00 7.3694E-04  (-0.307    , -1.953E-03,   0.00    ) |  7.369E-04 1.221E-02
    1886 1.4548E+00 7.3693E-04  (-0.307    ,  1.953E-03,   0.00    ) |  7.369E-04 1.221E-02
    1887 1.4556E+00 7.3692E-04  (-0.307    ,  1.953E-03,   0.00    ) |  7.369E-04 1.221E-02
    1888 1.4563E+00 7.3691E-04  (-0.307    ,  1.953E-03,   0.00    ) |  7.369E-04 1.221E-02
    1889 1.4570E+00 7.3691E-04  (-0.307    ,  1.953E-03,   0.00    ) |  7.369E-04 1.221E-02
    1890 1.4578E+00 7.3690E-04  (-0.307    ,  1.953E-03,   0.00    ) |  7.369E-04 1.221E-02
    1891 1.4585E+00 7.3689E-04  (-0.307    , -1.953E-03,   0.00    ) |  7.369E-04 1.221E-02
    1892 1.4593E+00 7.3688E-04  (-0.307    , -1.953E-03,   0.00    ) |  7.369E-04 1.221E-02
    1893 1.4600E+00 7.3688E-04  (-0.307    , -1.953E-03,   0.00    ) |  7.369E-04 1.221E-02
    1894 1.4607E+00 7.3687E-04  (-0.307    , -1.953E-03,   0.00    ) |  7.369E-04 1.221E-02
    1895 1.4615E+00 7.3686E-04  (-0.307    , -1.953E-03,   0.00    ) |  7.369E-04 1.221E-02
    1896 1.4622E+00 7.3685E-04  (-0.307    , -1.953E-03,   0.00    ) |  7.369E-04 1.221E-02
    1897 1.4629E+00 7.3684E-04  (-0.307    , -1.953E-03,   0.00    ) |  7.368E-04 1.221E-02
    1898 1.4637E+00 7.3684E-04  (-0.307    , -1.953E-03,   0.00    ) |  7.368E-04 1.221E-02
    1899 1.4644E+00 7.3683E-04  (-0.307    , -1.953E-03,   0.00    ) |  7.368E-04 1.221E-02
    1900 1.4652E+00 7.3682E-04  (-0.307    , -1.953E-03,   0.00    ) |  7.368E-04 1.221E-02
    1901 1.4659E+00 7.3681E-04  (-0.307    , -1.953E-03,   0.00    ) |  7.368E-04 1.221E-02
    1902 1.4666E+00 7.3680E-04  (-0.307    , -1.953E-03,   0.00    ) |  7.368E-04 1.221E-02
    1903 1.4674E+00 7.3679E-04  (-0.307    , -1.953E-03,   0.00    ) |  7.368E-04 1.221E-02
    1904 1.4681E+00 7.3678E-04  (-0.307    , -1.953E-03,   0.00    ) |  7.368E-04 1.221E-02
    1905 1.4688E+00 7.3677E-04  (-0.307    , -1.953E-03,   0.00    ) |  7.368E-04 1.221E-02
    1906 1.4696E+00 7.3677E-04  (-0.307    , -1.953E-03,   0.00    ) |  7.368E-04 1.221E-02
    1907 1.4703E+00 7.3676E-04  (-0.307    , -1.953E-03,   0.00    ) |  7.368E-04 1.221E-02
    1908 1.4710E+00 7.3675E-04  (-0.307    , -1.953E-03,   0.00    ) |  7.367E-04 1.221E-02
    1909 1.4718E+00 7.3674E-04  (-0.307    , -1.953E-03,   0.00    ) |  7.367E-04 1.221E-02
    1910 1.4725E+00 7.3673E-04  (-0.307    , -1.953E-03,   0.00    ) |  7.367E-04 1.221E-02
    1911 1.4733E+00 7.3672E-04  (-0.307    , -1.953E-03,   0.00    ) |  7.367E-04 1.221E-02
    1912 1.4740E+00 7.3672E-04  (-0.307    , -1.953E-03,   0.00    ) |  7.367E-04 1.221E-02
    1913 1.4747E+00 7.3671E-04  (-0.307    , -1.953E-03,   0.00    ) |  7.367E-04 1.221E-02
 *** Wrote plotfile to flash_run_hdf5_plt_cnt_0059 ****
    1914 1.4755E+00 7.3670E-04  (-0.307    , -1.953E-03,   0.00    ) |  7.367E-04 1.221E-02
    1915 1.4762E+00 7.3670E-04  (-0.307    , -1.953E-03,   0.00    ) |  7.367E-04 1.221E-02
    1916 1.4769E+00 7.3669E-04  (-0.307    , -1.953E-03,   0.00    ) |  7.367E-04 1.221E-02
    1917 1.4777E+00 7.3669E-04  (-0.307    , -1.953E-03,   0.00    ) |  7.367E-04 1.221E-02
    1918 1.4784E+00 7.3668E-04  (-0.307    , -1.953E-03,   0.00    ) |  7.367E-04 1.221E-02
    1919 1.4792E+00 7.3668E-04  (-0.307    , -1.953E-03,   0.00    ) |  7.367E-04 1.221E-02
    1920 1.4799E+00 7.3668E-04  (-0.307    , -1.953E-03,   0.00    ) |  7.367E-04 1.221E-02
    1921 1.4806E+00 7.3667E-04  ( 0.307    ,  1.953E-03,   0.00    ) |  7.367E-04 1.221E-02
    1922 1.4814E+00 7.3667E-04  ( 0.307    ,  1.953E-03,   0.00    ) |  7.367E-04 1.221E-02
    1923 1.4821E+00 7.3667E-04  ( 0.307    ,  1.953E-03,   0.00    ) |  7.367E-04 1.221E-02
    1924 1.4828E+00 7.3667E-04  ( 0.307    ,  1.953E-03,   0.00    ) |  7.367E-04 1.221E-02
    1925 1.4836E+00 7.3667E-04  ( 0.307    ,  1.953E-03,   0.00    ) |  7.367E-04 1.221E-02
    1926 1.4843E+00 7.3666E-04  ( 0.307    ,  1.953E-03,   0.00    ) |  7.367E-04 1.221E-02
    1927 1.4850E+00 7.3666E-04  ( 0.307    ,  1.953E-03,   0.00    ) |  7.367E-04 1.221E-02
    1928 1.4858E+00 7.3666E-04  ( 0.307    ,  1.953E-03,   0.00    ) |  7.367E-04 1.221E-02
    1929 1.4865E+00 7.3666E-04  (-0.307    , -1.953E-03,   0.00    ) |  7.367E-04 1.221E-02
    1930 1.4873E+00 7.3666E-04  ( 0.307    ,  1.953E-03,   0.00    ) |  7.367E-04 1.221E-02
    1931 1.4880E+00 7.3666E-04  ( 0.307    ,  1.953E-03,   0.00    ) |  7.367E-04 1.221E-02
    1932 1.4887E+00 7.3666E-04  ( 0.307    ,  1.953E-03,   0.00    ) |  7.367E-04 1.221E-02
    1933 1.4895E+00 7.3666E-04  ( 0.307    ,  1.953E-03,   0.00    ) |  7.367E-04 1.221E-02
    1934 1.4902E+00 7.3667E-04  ( 0.307    ,  1.953E-03,   0.00    ) |  7.367E-04 1.221E-02
    1935 1.4909E+00 7.3667E-04  ( 0.307    ,  1.953E-03,   0.00    ) |  7.367E-04 1.221E-02
    1936 1.4917E+00 7.3667E-04  ( 0.307    ,  1.953E-03,   0.00    ) |  7.367E-04 1.221E-02
    1937 1.4924E+00 7.3667E-04  (-0.307    , -1.953E-03,   0.00    ) |  7.367E-04 1.221E-02
    1938 1.4931E+00 7.3667E-04  (-0.307    , -1.953E-03,   0.00    ) |  7.367E-04 1.221E-02
    1939 1.4939E+00 7.3667E-04  ( 0.307    ,  1.953E-03,   0.00    ) |  7.367E-04 1.221E-02
    1940 1.4946E+00 7.3667E-04  (-0.307    , -1.953E-03,   0.00    ) |  7.367E-04 1.221E-02
    1941 1.4954E+00 7.3667E-04  (-0.307    , -1.953E-03,   0.00    ) |  7.367E-04 1.221E-02
    1942 1.4961E+00 7.3668E-04  ( 0.307    ,  1.953E-03,   0.00    ) |  7.367E-04 1.221E-02
    1943 1.4968E+00 7.3668E-04  (-0.307    , -1.953E-03,   0.00    ) |  7.367E-04 1.221E-02
    1944 1.4976E+00 7.3668E-04  (-0.307    , -1.953E-03,   0.00    ) |  7.367E-04 1.221E-02
    1945 1.4983E+00 7.3668E-04  (-0.307    , -1.953E-03,   0.00    ) |  7.367E-04 1.221E-02
    1946 1.4990E+00 7.3668E-04  (-0.307    , -1.953E-03,   0.00    ) |  7.367E-04 1.221E-02
    1947 1.4998E+00 7.3668E-04  (-0.307    , -1.953E-03,   0.00    ) |  7.367E-04 1.221E-02
 *** Wrote plotfile to flash_run_hdf5_plt_cnt_0060 ****
    1948 1.5005E+00 7.3669E-04  (-0.307    , -1.953E-03,   0.00    ) |  7.367E-04 1.221E-02
    1949 1.5013E+00 7.3669E-04  (-0.307    , -1.953E-03,   0.00    ) |  7.367E-04 1.221E-02
    1950 1.5020E+00 7.3669E-04  (-0.307    , -1.953E-03,   0.00    ) |  7.367E-04 1.221E-02
    1951 1.5027E+00 7.3669E-04  (-0.307    , -1.953E-03,   0.00    ) |  7.367E-04 1.221E-02
    1952 1.5035E+00 7.3669E-04  (-0.307    , -1.953E-03,   0.00    ) |  7.367E-04 1.221E-02
    1953 1.5042E+00 7.3670E-04  (-0.307    , -1.953E-03,   0.00    ) |  7.367E-04 1.221E-02
    1954 1.5049E+00 7.3670E-04  (-0.307    , -1.953E-03,   0.00    ) |  7.367E-04 1.221E-02
    1955 1.5057E+00 7.3670E-04  (-0.307    , -1.953E-03,   0.00    ) |  7.367E-04 1.221E-02
    1956 1.5064E+00 7.3670E-04  (-0.307    , -1.953E-03,   0.00    ) |  7.367E-04 1.221E-02
    1957 1.5071E+00 7.3671E-04  ( 0.307    , -1.953E-03,   0.00    ) |  7.367E-04 1.221E-02
    1958 1.5079E+00 7.3671E-04  ( 0.307    , -1.953E-03,   0.00    ) |  7.367E-04 1.221E-02
    1959 1.5086E+00 7.3671E-04  ( 0.307    , -1.953E-03,   0.00    ) |  7.367E-04 1.221E-02
    1960 1.5094E+00 7.3671E-04  ( 0.307    , -1.953E-03,   0.00    ) |  7.367E-04 1.221E-02
    1961 1.5101E+00 7.3672E-04  ( 0.307    , -1.953E-03,   0.00    ) |  7.367E-04 1.221E-02
    1962 1.5108E+00 7.3672E-04  ( 0.307    , -1.953E-03,   0.00    ) |  7.367E-04 1.221E-02
    1963 1.5116E+00 7.3672E-04  ( 0.307    , -1.953E-03,   0.00    ) |  7.367E-04 1.221E-02
    1964 1.5123E+00 7.3673E-04  ( 0.307    , -1.953E-03,   0.00    ) |  7.367E-04 1.221E-02
    1965 1.5130E+00 7.3673E-04  (-0.307    , -1.953E-03,   0.00    ) |  7.367E-04 1.221E-02
    1966 1.5138E+00 7.3673E-04  (-0.307    , -1.953E-03,   0.00    ) |  7.367E-04 1.221E-02
    1967 1.5145E+00 7.3674E-04  (-0.307    , -1.953E-03,   0.00    ) |  7.367E-04 1.221E-02
    1968 1.5152E+00 7.3674E-04  (-0.307    , -1.953E-03,   0.00    ) |  7.367E-04 1.221E-02
    1969 1.5160E+00 7.3674E-04  (-0.307    , -1.953E-03,   0.00    ) |  7.367E-04 1.221E-02
    1970 1.5167E+00 7.3675E-04  (-0.307    , -1.953E-03,   0.00    ) |  7.367E-04 1.221E-02
    1971 1.5175E+00 7.3675E-04  (-0.307    ,  1.953E-03,   0.00    ) |  7.367E-04 1.221E-02
    1972 1.5182E+00 7.3675E-04  ( 0.307    , -1.953E-03,   0.00    ) |  7.368E-04 1.221E-02
    1973 1.5189E+00 7.3676E-04  ( 0.307    , -1.953E-03,   0.00    ) |  7.368E-04 1.221E-02
    1974 1.5197E+00 7.3676E-04  ( 0.307    , -1.953E-03,   0.00    ) |  7.368E-04 1.221E-02
    1975 1.5204E+00 7.3676E-04  ( 0.307    , -1.953E-03,   0.00    ) |  7.368E-04 1.221E-02
    1976 1.5211E+00 7.3677E-04  ( 0.307    , -1.953E-03,   0.00    ) |  7.368E-04 1.221E-02
    1977 1.5219E+00 7.3677E-04  (-0.307    , -1.953E-03,   0.00    ) |  7.368E-04 1.221E-02
    1978 1.5226E+00 7.3677E-04  (-0.307    , -1.953E-03,   0.00    ) |  7.368E-04 1.221E-02
    1979 1.5234E+00 7.3678E-04  (-0.307    , -1.953E-03,   0.00    ) |  7.368E-04 1.221E-02
    1980 1.5241E+00 7.3678E-04  (-0.307    , -1.953E-03,   0.00    ) |  7.368E-04 1.221E-02
    1981 1.5248E+00 7.3679E-04  (-0.307    ,  1.953E-03,   0.00    ) |  7.368E-04 1.221E-02
 *** Wrote plotfile to flash_run_hdf5_plt_cnt_0061 ****
    1982 1.5256E+00 7.3679E-04  (-0.307    , -1.953E-03,   0.00    ) |  7.368E-04 1.221E-02
    1983 1.5263E+00 7.3680E-04  (-0.307    ,  1.953E-03,   0.00    ) |  7.368E-04 1.221E-02
    1984 1.5270E+00 7.3680E-04  (-0.307    , -1.953E-03,   0.00    ) |  7.368E-04 1.221E-02
    1985 1.5278E+00 7.3680E-04  (-0.307    , -1.953E-03,   0.00    ) |  7.368E-04 1.221E-02
    1986 1.5285E+00 7.3681E-04  (-0.307    , -1.953E-03,   0.00    ) |  7.368E-04 1.221E-02
    1987 1.5292E+00 7.3681E-04  (-0.307    , -1.953E-03,   0.00    ) |  7.368E-04 1.221E-02
    1988 1.5300E+00 7.3682E-04  (-0.307    , -1.953E-03,   0.00    ) |  7.368E-04 1.221E-02
    1989 1.5307E+00 7.3683E-04  (-0.307    , -1.953E-03,   0.00    ) |  7.368E-04 1.221E-02
    1990 1.5315E+00 7.3683E-04  (-0.307    , -1.953E-03,   0.00    ) |  7.368E-04 1.221E-02
    1991 1.5322E+00 7.3684E-04  ( 0.307    ,  1.953E-03,   0.00    ) |  7.368E-04 1.221E-02
    1992 1.5329E+00 7.3685E-04  ( 0.307    ,  1.953E-03,   0.00    ) |  7.368E-04 1.221E-02
    1993 1.5337E+00 7.3685E-04  ( 0.307    ,  1.953E-03,   0.00    ) |  7.369E-04 1.221E-02
    1994 1.5344E+00 7.3686E-04  ( 0.307    ,  1.953E-03,   0.00    ) |  7.369E-04 1.221E-02
    1995 1.5351E+00 7.3687E-04  ( 0.307    ,  1.953E-03,   0.00    ) |  7.369E-04 1.221E-02
    1996 1.5359E+00 7.3688E-04  ( 0.307    ,  1.953E-03,   0.00    ) |  7.369E-04 1.221E-02
    1997 1.5366E+00 7.3689E-04  ( 0.307    ,  1.953E-03,   0.00    ) |  7.369E-04 1.221E-02
    1998 1.5374E+00 7.3690E-04  ( 0.307    ,  1.953E-03,   0.00    ) |  7.369E-04 1.221E-02
    1999 1.5381E+00 7.3691E-04  ( 0.307    ,  1.953E-03,   0.00    ) |  7.369E-04 1.221E-02
    2000 1.5388E+00 7.3692E-04  ( 0.307    ,  1.953E-03,   0.00    ) |  7.369E-04 1.221E-02
    2001 1.5396E+00 7.3693E-04  ( 0.307    ,  1.953E-03,   0.00    ) |  7.369E-04 1.221E-02
    2002 1.5403E+00 7.3694E-04  ( 0.307    ,  1.953E-03,   0.00    ) |  7.369E-04 1.221E-02
    2003 1.5410E+00 7.3696E-04  ( 0.303    ,  1.953E-03,   0.00    ) |  7.370E-04 1.221E-02
    2004 1.5418E+00 7.3697E-04  ( 0.303    ,  1.953E-03,   0.00    ) |  7.370E-04 1.221E-02
    2005 1.5425E+00 7.3698E-04  ( 0.303    ,  1.953E-03,   0.00    ) |  7.370E-04 1.221E-02
    2006 1.5432E+00 7.3700E-04  ( 0.303    ,  1.953E-03,   0.00    ) |  7.370E-04 1.221E-02
    2007 1.5440E+00 7.3701E-04  (-0.303    , -1.953E-03,   0.00    ) |  7.370E-04 1.221E-02
    2008 1.5447E+00 7.3703E-04  (-0.303    , -1.953E-03,   0.00    ) |  7.370E-04 1.221E-02
    2009 1.5455E+00 7.3704E-04  (-0.303    , -1.953E-03,   0.00    ) |  7.370E-04 1.221E-02
    2010 1.5462E+00 7.3706E-04  (-0.303    , -1.953E-03,   0.00    ) |  7.371E-04 1.221E-02
    2011 1.5469E+00 7.3707E-04  (-0.303    , -1.953E-03,   0.00    ) |  7.371E-04 1.221E-02
    2012 1.5477E+00 7.3709E-04  (-0.303    , -1.953E-03,   0.00    ) |  7.371E-04 1.221E-02
    2013 1.5484E+00 7.3710E-04  (-0.303    , -1.953E-03,   0.00    ) |  7.371E-04 1.221E-02
    2014 1.5491E+00 7.3712E-04  (-0.303    , -1.953E-03,   0.00    ) |  7.371E-04 1.221E-02
    2015 1.5499E+00 7.3714E-04  (-0.303    , -1.953E-03,   0.00    ) |  7.371E-04 1.221E-02
 *** Wrote plotfile to flash_run_hdf5_plt_cnt_0062 ****
    2016 1.5506E+00 7.3715E-04  (-0.303    , -1.953E-03,   0.00    ) |  7.372E-04 1.221E-02
    2017 1.5514E+00 7.3717E-04  (-0.303    , -1.953E-03,   0.00    ) |  7.372E-04 1.221E-02
    2018 1.5521E+00 7.3718E-04  (-0.303    , -1.953E-03,   0.00    ) |  7.372E-04 1.221E-02
    2019 1.5528E+00 7.3720E-04  (-0.303    , -1.953E-03,   0.00    ) |  7.372E-04 1.221E-02
    2020 1.5536E+00 7.3722E-04  (-0.303    , -1.953E-03,   0.00    ) |  7.372E-04 1.221E-02
    2021 1.5543E+00 7.3723E-04  (-0.303    , -1.953E-03,   0.00    ) |  7.372E-04 1.221E-02
    2022 1.5550E+00 7.3725E-04  (-0.303    , -1.953E-03,   0.00    ) |  7.372E-04 1.221E-02
    2023 1.5558E+00 7.3726E-04  (-0.303    , -1.953E-03,   0.00    ) |  7.373E-04 1.221E-02
    2024 1.5565E+00 7.3728E-04  (-0.303    , -1.953E-03,   0.00    ) |  7.373E-04 1.221E-02
    2025 1.5573E+00 7.3730E-04  (-0.303    , -1.953E-03,   0.00    ) |  7.373E-04 1.221E-02
    2026 1.5580E+00 7.3731E-04  (-0.303    , -1.953E-03,   0.00    ) |  7.373E-04 1.221E-02
    2027 1.5587E+00 7.3733E-04  (-0.303    , -1.953E-03,   0.00    ) |  7.373E-04 1.221E-02
    2028 1.5595E+00 7.3735E-04  (-0.303    , -1.953E-03,   0.00    ) |  7.373E-04 1.221E-02
    2029 1.5602E+00 7.3736E-04  (-0.303    , -1.953E-03,   0.00    ) |  7.374E-04 1.221E-02
    2030 1.5609E+00 7.3738E-04  (-0.303    , -1.953E-03,   0.00    ) |  7.374E-04 1.221E-02
    2031 1.5617E+00 7.3740E-04  (-0.303    , -1.953E-03,   0.00    ) |  7.374E-04 1.221E-02
    2032 1.5624E+00 7.3742E-04  (-0.303    , -1.953E-03,   0.00    ) |  7.374E-04 1.221E-02
    2033 1.5632E+00 7.3744E-04  (-0.303    , -1.953E-03,   0.00    ) |  7.374E-04 1.221E-02
    2034 1.5639E+00 7.3746E-04  (-0.303    , -1.953E-03,   0.00    ) |  7.375E-04 1.221E-02
    2035 1.5646E+00 7.3747E-04  (-0.303    , -1.953E-03,   0.00    ) |  7.375E-04 1.221E-02
    2036 1.5654E+00 7.3749E-04  (-0.303    , -1.953E-03,   0.00    ) |  7.375E-04 1.221E-02
    2037 1.5661E+00 7.3751E-04  (-0.303    , -1.953E-03,   0.00    ) |  7.375E-04 1.221E-02
    2038 1.5668E+00 7.3753E-04  (-0.303    , -1.953E-03,   0.00    ) |  7.375E-04 1.221E-02
    2039 1.5676E+00 7.3755E-04  (-0.303    , -1.953E-03,   0.00    ) |  7.375E-04 1.221E-02
    2040 1.5683E+00 7.3757E-04  (-0.303    , -1.953E-03,   0.00    ) |  7.376E-04 1.221E-02
    2041 1.5691E+00 7.3759E-04  (-0.303    , -1.953E-03,   0.00    ) |  7.376E-04 1.221E-02
    2042 1.5698E+00 7.3760E-04  (-0.303    , -1.953E-03,   0.00    ) |  7.376E-04 1.221E-02
    2043 1.5705E+00 7.3762E-04  (-0.303    , -1.953E-03,   0.00    ) |  7.376E-04 1.221E-02
    2044 1.5713E+00 7.3764E-04  (-0.303    , -1.953E-03,   0.00    ) |  7.376E-04 1.221E-02
    2045 1.5720E+00 7.3766E-04  (-0.303    , -1.953E-03,   0.00    ) |  7.377E-04 1.221E-02
    2046 1.5727E+00 7.3767E-04  (-0.303    , -1.953E-03,   0.00    ) |  7.377E-04 1.221E-02
    2047 1.5735E+00 7.3769E-04  (-0.303    , -1.953E-03,   0.00    ) |  7.377E-04 1.221E-02
    2048 1.5742E+00 7.3771E-04  (-0.303    , -1.953E-03,   0.00    ) |  7.377E-04 1.221E-02
    2049 1.5750E+00 7.3772E-04  (-0.303    , -1.953E-03,   0.00    ) |  7.377E-04 1.221E-02
 *** Wrote plotfile to flash_run_hdf5_plt_cnt_0063 ****
    2050 1.5757E+00 7.3774E-04  ( 0.303    ,  1.953E-03,   0.00    ) |  7.377E-04 1.221E-02
    2051 1.5764E+00 7.3775E-04  ( 0.303    ,  1.953E-03,   0.00    ) |  7.378E-04 1.221E-02
    2052 1.5772E+00 7.3777E-04  ( 0.303    ,  1.953E-03,   0.00    ) |  7.378E-04 1.221E-02
    2053 1.5779E+00 7.3778E-04  ( 0.303    ,  1.953E-03,   0.00    ) |  7.378E-04 1.221E-02
    2054 1.5786E+00 7.3779E-04  ( 0.303    ,  1.953E-03,   0.00    ) |  7.378E-04 1.221E-02
    2055 1.5794E+00 7.3781E-04  ( 0.303    ,  1.953E-03,   0.00    ) |  7.378E-04 1.221E-02
    2056 1.5801E+00 7.3782E-04  ( 0.303    ,  1.953E-03,   0.00    ) |  7.378E-04 1.221E-02
    2057 1.5809E+00 7.3783E-04  ( 0.303    ,  1.953E-03,   0.00    ) |  7.378E-04 1.221E-02
    2058 1.5816E+00 7.3784E-04  ( 0.303    ,  1.953E-03,   0.00    ) |  7.378E-04 1.221E-02
    2059 1.5823E+00 7.3786E-04  ( 0.303    ,  1.953E-03,   0.00    ) |  7.379E-04 1.221E-02
    2060 1.5831E+00 7.3787E-04  ( 0.303    ,  1.953E-03,   0.00    ) |  7.379E-04 1.221E-02
    2061 1.5838E+00 7.3788E-04  ( 0.303    ,  1.953E-03,   0.00    ) |  7.379E-04 1.221E-02
    2062 1.5845E+00 7.3789E-04  ( 0.303    ,  1.953E-03,   0.00    ) |  7.379E-04 1.221E-02
    2063 1.5853E+00 7.3791E-04  ( 0.303    ,  1.953E-03,   0.00    ) |  7.379E-04 1.221E-02
    2064 1.5860E+00 7.3792E-04  ( 0.303    ,  1.953E-03,   0.00    ) |  7.379E-04 1.221E-02
    2065 1.5868E+00 7.3793E-04  ( 0.303    ,  1.953E-03,   0.00    ) |  7.379E-04 1.221E-02
    2066 1.5875E+00 7.3794E-04  ( 0.303    ,  1.953E-03,   0.00    ) |  7.379E-04 1.221E-02
    2067 1.5882E+00 7.3796E-04  ( 0.303    ,  1.953E-03,   0.00    ) |  7.380E-04 1.221E-02
    2068 1.5890E+00 7.3797E-04  (-0.303    , -1.953E-03,   0.00    ) |  7.380E-04 1.221E-02
    2069 1.5897E+00 7.3798E-04  (-0.303    , -1.953E-03,   0.00    ) |  7.380E-04 1.221E-02
    2070 1.5904E+00 7.3800E-04  (-0.303    , -1.953E-03,   0.00    ) |  7.380E-04 1.221E-02
    2071 1.5912E+00 7.3801E-04  (-0.303    , -1.953E-03,   0.00    ) |  7.380E-04 1.221E-02
    2072 1.5919E+00 7.3802E-04  ( 0.303    ,  1.953E-03,   0.00    ) |  7.380E-04 1.221E-02
    2073 1.5927E+00 7.3804E-04  ( 0.303    ,  1.953E-03,   0.00    ) |  7.380E-04 1.221E-02
    2074 1.5934E+00 7.3805E-04  ( 0.303    ,  1.953E-03,   0.00    ) |  7.381E-04 1.221E-02
    2075 1.5941E+00 7.3807E-04  ( 0.303    ,  1.953E-03,   0.00    ) |  7.381E-04 1.221E-02
    2076 1.5949E+00 7.3808E-04  ( 0.303    ,  1.953E-03,   0.00    ) |  7.381E-04 1.221E-02
    2077 1.5956E+00 7.3810E-04  ( 0.303    ,  1.953E-03,   0.00    ) |  7.381E-04 1.221E-02
    2078 1.5964E+00 7.3811E-04  ( 0.303    ,  1.953E-03,   0.00    ) |  7.381E-04 1.221E-02
    2079 1.5971E+00 7.3813E-04  ( 0.303    ,  1.953E-03,   0.00    ) |  7.381E-04 1.221E-02
    2080 1.5978E+00 7.3815E-04  ( 0.303    ,  1.953E-03,   0.00    ) |  7.381E-04 1.221E-02
    2081 1.5986E+00 7.3817E-04  ( 0.303    ,  1.953E-03,   0.00    ) |  7.382E-04 1.221E-02
    2082 1.5993E+00 7.3818E-04  ( 0.303    ,  1.953E-03,   0.00    ) |  7.382E-04 1.221E-02
Shortening dt from 7.3818392116523274572E-04 to 6.9497460801759558535E-04 for reaching tmax=  1.600000000000000089    
 *** Wrote plotfile to flash_run_hdf5_plt_cnt_0064 ****
    2083 1.6000E+00 7.3820E-04  ( 0.303    ,  1.953E-03,   0.00    ) |  7.382E-04 1.221E-02
 *** Wrote checkpoint file to flash_run_hdf5_chk_0001 ****
 *** Wrote plotfile to flash_run_forced_hdf5_plt_cnt_0000 ****
