hwloc/linux: failed to find sysfs cpu topology directory, aborting linux discovery.
hwloc/linux: failed to find sysfs cpu topology directory, aborting linux discovery.
hwloc/linux: failed to find sysfs cpu topology directory, aborting linux discovery.
hwloc/linux: failed to find sysfs cpu topology directory, aborting linux discovery.
hwloc/linux: failed to find sysfs cpu topology directory, aborting linux discovery.
hwloc/linux: failed to find sysfs cpu topology directory, aborting linux discovery.
hwloc/linux: failed to find sysfs cpu topology directory, aborting linux discovery.
hwloc/linux: failed to find sysfs cpu topology directory, aborting linux discovery.
hwloc/linux: failed to find sysfs cpu topology directory, aborting linux discovery.
hwloc/linux: failed to find sysfs cpu topology directory, aborting linux discovery.
[1791436792.243379] [Rog-GA401:7    :0]       tcp_iface.c:893  UCX  ERROR scandir(/sys/class/net) failed: No such file or directory
[1791436792.243408] [Rog-GA401:8    :0]       tcp_iface.c:893  UCX  ERROR scandir(/sys/class/net) failed: No such file or directory
[1791436792.243408] [Rog-GA401:9    :0]       tcp_iface.c:893  UCX  ERROR scandir(/sys/class/net) failed: No such file or directory
[1791436792.243410] [Rog-GA401:10   :0]       tcp_iface.c:893  UCX  ERROR scandir(/sys/class/net) failed: No such file or directory
 MaterialProperties initialized
 Cosmology initialized
 Source terms initialized
  Finished with Grid_initDomain, no restart
 Ready to call Hydro_init
 Hydro initialized
 Gravity initialized
 Initial dt verified
 *** Wrote checkpoint file to flash_run_hdf5_chk_0000 ****
 *** Wrote plotfile to flash_run_hdf5_plt_cnt_0000 ****
 Initial plotfile written
 Driver init all done
       n          t         dt  (         x,          y,          z) |  dt_hydro  dt_Diff  
       1 1.0000E-06 1.2000E-06  (-1.953E-03, -5.273E-02,   0.00    ) |  4.642E-04 1.526E-03
       2 2.2000E-06 1.4400E-06  (-1.953E-03, -5.273E-02,   0.00    ) |  4.642E-04 1.526E-03
       3 3.6400E-06 1.7280E-06  (-1.953E-03, -5.273E-02,   0.00    ) |  4.642E-04 1.526E-03
       4 5.3680E-06 2.0736E-06  (-1.953E-03, -5.273E-02,   0.00    ) |  4.642E-04 1.526E-03
       5 7.4416E-06 2.4883E-06  (-1.953E-03, -5.273E-02,   0.00    ) |  4.642E-04 1.526E-03
       6 9.9299E-06 2.9860E-06  (-1.953E-03, -5.273E-02,   0.00    ) |  4.642E-04 1.526E-03
       7 1.2916E-05 3.5832E-06  (-1.953E-03, -5.273E-02,   0.00    ) |  4.642E-04 1.526E-03
       8 1.6499E-05 4.2998E-06  (-1.953E-03, -5.273E-02,   0.00    ) |  4.642E-04 1.526E-03
       9 2.0799E-05 5.1598E-06  (-1.953E-03, -5.273E-02,   0.00    ) |  4.642E-04 1.526E-03
      10 2.5959E-05 6.1917E-06  (-1.953E-03, -5.273E-02,   0.00    ) |  4.642E-04 1.526E-03
      11 3.2150E-05 7.4301E-06  (-1.953E-03, -5.273E-02,   0.00    ) |  4.642E-04 1.526E-03
      12 3.9581E-05 8.9161E-06  (-1.953E-03, -5.273E-02,   0.00    ) |  4.642E-04 1.526E-03
      13 4.8497E-05 1.0699E-05  (-1.953E-03, -5.273E-02,   0.00    ) |  4.642E-04 1.526E-03
      14 5.9196E-05 1.2839E-05  (-1.953E-03, -5.273E-02,   0.00    ) |  4.642E-04 1.526E-03
      15 7.2035E-05 1.5407E-05  (-1.953E-03, -5.273E-02,   0.00    ) |  4.642E-04 1.526E-03
      16 8.7442E-05 1.8488E-05  (-1.953E-03, -5.273E-02,   0.00    ) |  4.642E-04 1.526E-03
      17 1.0593E-04 2.2186E-05  (-1.953E-03, -5.273E-02,   0.00    ) |  4.642E-04 1.526E-03
      18 1.2812E-04 2.6623E-05  (-1.953E-03, -5.273E-02,   0.00    ) |  4.642E-04 1.526E-03
      19 1.5474E-04 3.1948E-05  (-1.953E-03, -5.273E-02,   0.00    ) |  4.642E-04 1.526E-03
      20 1.8669E-04 3.8338E-05  (-1.953E-03, -5.273E-02,   0.00    ) |  4.642E-04 1.526E-03
      21 2.2503E-04 4.6005E-05  (-1.953E-03, -5.273E-02,   0.00    ) |  4.642E-04 1.526E-03
      22 2.7103E-04 5.5206E-05  (-1.953E-03, -5.273E-02,   0.00    ) |  4.642E-04 1.526E-03
      23 3.2624E-04 6.6247E-05  (-1.953E-03, -5.273E-02,   0.00    ) |  4.642E-04 1.526E-03
      24 3.9248E-04 7.9497E-05  (-1.953E-03, -5.273E-02,   0.00    ) |  4.642E-04 1.526E-03
      25 4.7198E-04 9.5396E-05  (-1.953E-03, -5.273E-02,   0.00    ) |  4.642E-04 1.526E-03
      26 5.6738E-04 1.1448E-04  (-1.953E-03, -5.273E-02,   0.00    ) |  4.642E-04 1.526E-03
      27 6.8185E-04 1.3737E-04  (-1.953E-03, -5.273E-02,   0.00    ) |  4.642E-04 1.526E-03
      28 8.1922E-04 1.6484E-04  (-1.953E-03, -5.273E-02,   0.00    ) |  4.643E-04 1.526E-03
      29 9.8407E-04 1.9781E-04  (-1.953E-03, -5.273E-02,   0.00    ) |  4.643E-04 1.526E-03
      30 1.1819E-03 2.3738E-04  (-1.953E-03, -5.273E-02,   0.00    ) |  4.643E-04 1.526E-03
      31 1.4193E-03 2.8485E-04  (-1.953E-03, -5.273E-02,   0.00    ) |  4.643E-04 1.526E-03
      32 1.7041E-03 3.4182E-04  (-1.953E-03, -5.273E-02,   0.00    ) |  4.643E-04 1.526E-03
      33 2.0459E-03 4.1019E-04  (-1.953E-03, -5.273E-02,   0.00    ) |  4.644E-04 1.526E-03
      34 2.4561E-03 4.6438E-04  (-1.953E-03, -5.273E-02,   0.00    ) |  4.644E-04 1.526E-03
      35 2.9205E-03 4.6440E-04  (-1.953E-03, -5.273E-02,   0.00    ) |  4.644E-04 1.526E-03
      36 3.3849E-03 4.6443E-04  (-1.953E-03, -5.273E-02,   0.00    ) |  4.644E-04 1.526E-03
      37 3.8493E-03 4.6445E-04  (-1.953E-03, -5.273E-02,   0.00    ) |  4.645E-04 1.526E-03
      38 4.3138E-03 4.6447E-04  (-1.953E-03, -5.273E-02,   0.00    ) |  4.645E-04 1.526E-03
      39 4.7782E-03 4.6449E-04  (-1.953E-03, -5.273E-02,   0.00    ) |  4.645E-04 1.526E-03
      40 5.2427E-03 4.6450E-04  (-1.953E-03, -5.273E-02,   0.00    ) |  4.645E-04 1.526E-03
      41 5.7072E-03 4.6452E-04  (-1.953E-03, -5.273E-02,   0.00    ) |  4.645E-04 1.526E-03
      42 6.1718E-03 4.6454E-04  (-1.953E-03, -5.273E-02,   0.00    ) |  4.645E-04 1.526E-03
      43 6.6363E-03 4.6454E-04  (-1.953E-03, -5.664E-02,   0.00    ) |  4.645E-04 1.526E-03
      44 7.1008E-03 4.6455E-04  (-1.953E-03, -5.664E-02,   0.00    ) |  4.645E-04 1.526E-03
      45 7.5654E-03 4.6456E-04  (-1.953E-03,  5.664E-02,   0.00    ) |  4.646E-04 1.526E-03
      46 8.0299E-03 4.6456E-04  (-1.953E-03, -5.664E-02,   0.00    ) |  4.646E-04 1.526E-03
      47 8.4945E-03 4.6457E-04  (-1.953E-03, -5.664E-02,   0.00    ) |  4.646E-04 1.526E-03
      48 8.9591E-03 4.6458E-04  (-1.953E-03, -5.664E-02,   0.00    ) |  4.646E-04 1.526E-03
      49 9.4237E-03 4.6459E-04  (-1.953E-03, -5.664E-02,   0.00    ) |  4.646E-04 1.526E-03
      50 9.8882E-03 4.6460E-04  (-1.953E-03, -5.664E-02,   0.00    ) |  4.646E-04 1.526E-03
      51 1.0353E-02 4.6462E-04  (-1.953E-03, -5.664E-02,   0.00    ) |  4.646E-04 1.526E-03
      52 1.0817E-02 4.6463E-04  (-1.953E-03,  5.664E-02,   0.00    ) |  4.646E-04 1.526E-03
      53 1.1282E-02 4.6465E-04  (-1.953E-03,  5.664E-02,   0.00    ) |  4.647E-04 1.526E-03
      54 1.1747E-02 4.6467E-04  (-1.953E-03,  5.664E-02,   0.00    ) |  4.647E-04 1.526E-03
      55 1.2211E-02 4.6469E-04  (-1.953E-03,  5.664E-02,   0.00    ) |  4.647E-04 1.526E-03
      56 1.2676E-02 4.6471E-04  (-1.953E-03,  5.664E-02,   0.00    ) |  4.647E-04 1.526E-03
      57 1.3141E-02 4.6474E-04  (-1.953E-03,  5.664E-02,   0.00    ) |  4.647E-04 1.526E-03
      58 1.3606E-02 4.6476E-04  (-1.953E-03,  5.664E-02,   0.00    ) |  4.648E-04 1.526E-03
      59 1.4070E-02 4.6479E-04  (-1.953E-03,  5.664E-02,   0.00    ) |  4.648E-04 1.526E-03
      60 1.4535E-02 4.6482E-04  (-1.953E-03,  5.664E-02,   0.00    ) |  4.648E-04 1.526E-03
      61 1.5000E-02 4.6486E-04  (-1.953E-03,  5.664E-02,   0.00    ) |  4.649E-04 1.526E-03
      62 1.5465E-02 4.6490E-04  (-1.953E-03,  5.664E-02,   0.00    ) |  4.649E-04 1.526E-03
      63 1.5930E-02 4.6493E-04  (-1.953E-03,  5.664E-02,   0.00    ) |  4.649E-04 1.526E-03
      64 1.6395E-02 4.6497E-04  (-1.953E-03,  5.664E-02,   0.00    ) |  4.650E-04 1.526E-03
      65 1.6860E-02 4.6501E-04  (-1.953E-03,  5.664E-02,   0.00    ) |  4.650E-04 1.526E-03
      66 1.7325E-02 4.6504E-04  (-1.953E-03,  5.664E-02,   0.00    ) |  4.650E-04 1.526E-03
      67 1.7790E-02 4.6508E-04  (-1.953E-03,  5.664E-02,   0.00    ) |  4.651E-04 1.526E-03
      68 1.8255E-02 4.6511E-04  (-1.953E-03,  5.664E-02,   0.00    ) |  4.651E-04 1.526E-03
      69 1.8720E-02 4.6514E-04  (-1.953E-03,  5.664E-02,   0.00    ) |  4.651E-04 1.526E-03
      70 1.9185E-02 4.6517E-04  (-1.953E-03,  5.664E-02,   0.00    ) |  4.652E-04 1.526E-03
      71 1.9650E-02 4.6520E-04  (-1.953E-03,  5.664E-02,   0.00    ) |  4.652E-04 1.526E-03
      72 2.0115E-02 4.6522E-04  (-1.953E-03,  5.664E-02,   0.00    ) |  4.652E-04 1.526E-03
      73 2.0581E-02 4.6524E-04  (-1.953E-03,  5.664E-02,   0.00    ) |  4.652E-04 1.526E-03
      74 2.1046E-02 4.6526E-04  (-1.953E-03,  5.664E-02,   0.00    ) |  4.653E-04 1.526E-03
      75 2.1511E-02 4.6528E-04  (-1.953E-03,  5.664E-02,   0.00    ) |  4.653E-04 1.526E-03
      76 2.1976E-02 4.6529E-04  (-1.953E-03,  5.664E-02,   0.00    ) |  4.653E-04 1.526E-03
      77 2.2442E-02 4.6531E-04  (-1.953E-03,  5.664E-02,   0.00    ) |  4.653E-04 1.526E-03
      78 2.2907E-02 4.6531E-04  (-1.953E-03,  5.664E-02,   0.00    ) |  4.653E-04 1.526E-03
      79 2.3372E-02 4.6532E-04  (-1.953E-03,  5.664E-02,   0.00    ) |  4.653E-04 1.526E-03
      80 2.3838E-02 4.6533E-04  (-1.953E-03,  5.664E-02,   0.00    ) |  4.653E-04 1.526E-03
      81 2.4303E-02 4.6533E-04  (-1.953E-03,  5.664E-02,   0.00    ) |  4.653E-04 1.526E-03
      82 2.4768E-02 4.6534E-04  (-1.953E-03,  5.664E-02,   0.00    ) |  4.653E-04 1.526E-03
 *** Wrote plotfile to flash_run_hdf5_plt_cnt_0001 ****
      83 2.5234E-02 4.6534E-04  (-1.953E-03,  5.664E-02,   0.00    ) |  4.653E-04 1.526E-03
      84 2.5699E-02 4.6534E-04  (-1.953E-03,  5.664E-02,   0.00    ) |  4.653E-04 1.526E-03
      85 2.6164E-02 4.6534E-04  (-1.953E-03,  5.664E-02,   0.00    ) |  4.653E-04 1.526E-03
      86 2.6630E-02 4.6534E-04  (-1.953E-03,  5.664E-02,   0.00    ) |  4.653E-04 1.526E-03
      87 2.7095E-02 4.6534E-04  (-1.953E-03,  5.664E-02,   0.00    ) |  4.653E-04 1.526E-03
      88 2.7560E-02 4.6533E-04  (-1.953E-03,  5.664E-02,   0.00    ) |  4.653E-04 1.526E-03
      89 2.8026E-02 4.6533E-04  (-1.953E-03,  5.664E-02,   0.00    ) |  4.653E-04 1.526E-03
      90 2.8491E-02 4.6532E-04  (-1.953E-03,  5.664E-02,   0.00    ) |  4.653E-04 1.526E-03
      91 2.8956E-02 4.6531E-04  (-1.953E-03,  5.664E-02,   0.00    ) |  4.653E-04 1.526E-03
      92 2.9422E-02 4.6531E-04  (-1.953E-03,  5.664E-02,   0.00    ) |  4.653E-04 1.526E-03
      93 2.9887E-02 4.6530E-04  (-1.953E-03,  5.664E-02,   0.00    ) |  4.653E-04 1.526E-03
      94 3.0352E-02 4.6529E-04  (-1.953E-03,  5.664E-02,   0.00    ) |  4.653E-04 1.526E-03
      95 3.0817E-02 4.6528E-04  (-1.953E-03,  5.664E-02,   0.00    ) |  4.653E-04 1.526E-03
      96 3.1283E-02 4.6528E-04  (-1.953E-03,  5.664E-02,   0.00    ) |  4.653E-04 1.526E-03
      97 3.1748E-02 4.6527E-04  (-1.953E-03,  5.664E-02,   0.00    ) |  4.653E-04 1.526E-03
      98 3.2213E-02 4.6526E-04  (-1.953E-03,  5.664E-02,   0.00    ) |  4.653E-04 1.526E-03
      99 3.2679E-02 4.6525E-04  (-1.953E-03,  5.664E-02,   0.00    ) |  4.653E-04 1.526E-03
     100 3.3144E-02 4.6525E-04  (-1.953E-03,  5.664E-02,   0.00    ) |  4.652E-04 1.526E-03
     101 3.3609E-02 4.6524E-04  (-1.953E-03,  5.664E-02,   0.00    ) |  4.652E-04 1.526E-03
     102 3.4074E-02 4.6523E-04  (-1.953E-03,  5.664E-02,   0.00    ) |  4.652E-04 1.526E-03
     103 3.4540E-02 4.6523E-04  (-1.953E-03,  5.664E-02,   0.00    ) |  4.652E-04 1.526E-03
     104 3.5005E-02 4.6522E-04  (-1.953E-03,  5.664E-02,   0.00    ) |  4.652E-04 1.526E-03
     105 3.5470E-02 4.6522E-04  (-1.953E-03,  5.664E-02,   0.00    ) |  4.652E-04 1.526E-03
     106 3.5935E-02 4.6522E-04  (-1.953E-03,  5.664E-02,   0.00    ) |  4.652E-04 1.526E-03
     107 3.6400E-02 4.6521E-04  (-1.953E-03,  5.664E-02,   0.00    ) |  4.652E-04 1.526E-03
     108 3.6866E-02 4.6521E-04  (-1.953E-03,  5.664E-02,   0.00    ) |  4.652E-04 1.526E-03
     109 3.7331E-02 4.6521E-04  (-1.953E-03,  5.664E-02,   0.00    ) |  4.652E-04 1.526E-03
     110 3.7796E-02 4.6521E-04  (-1.953E-03,  5.664E-02,   0.00    ) |  4.652E-04 1.526E-03
     111 3.8261E-02 4.6521E-04  (-1.953E-03,  5.664E-02,   0.00    ) |  4.652E-04 1.526E-03
     112 3.8726E-02 4.6521E-04  (-1.953E-03,  5.664E-02,   0.00    ) |  4.652E-04 1.526E-03
     113 3.9192E-02 4.6521E-04  (-1.953E-03,  5.664E-02,   0.00    ) |  4.652E-04 1.526E-03
     114 3.9657E-02 4.6521E-04  (-1.953E-03,  5.664E-02,   0.00    ) |  4.652E-04 1.526E-03
     115 4.0122E-02 4.6521E-04  (-1.953E-03,  5.664E-02,   0.00    ) |  4.652E-04 1.526E-03
     116 4.0587E-02 4.6522E-04  (-1.953E-03,  5.664E-02,   0.00    ) |  4.652E-04 1.526E-03
     117 4.1053E-02 4.6522E-04  (-1.953E-03,  5.664E-02,   0.00    ) |  4.652E-04 1.526E-03
     118 4.1518E-02 4.6522E-04  (-1.953E-03,  5.664E-02,   0.00    ) |  4.652E-04 1.526E-03
     119 4.1983E-02 4.6522E-04  (-1.953E-03,  5.664E-02,   0.00    ) |  4.652E-04 1.526E-03
     120 4.2448E-02 4.6523E-04  (-1.953E-03,  5.664E-02,   0.00    ) |  4.652E-04 1.526E-03
     121 4.2913E-02 4.6523E-04  (-1.953E-03,  5.664E-02,   0.00    ) |  4.652E-04 1.526E-03
     122 4.3379E-02 4.6524E-04  (-1.953E-03,  5.664E-02,   0.00    ) |  4.652E-04 1.526E-03
     123 4.3844E-02 4.6524E-04  (-1.953E-03,  5.664E-02,   0.00    ) |  4.652E-04 1.526E-03
     124 4.4309E-02 4.6525E-04  (-1.953E-03,  5.664E-02,   0.00    ) |  4.652E-04 1.526E-03
     125 4.4774E-02 4.6525E-04  ( 1.953E-03,  6.055E-02,   0.00    ) |  4.653E-04 1.526E-03
     126 4.5240E-02 4.6525E-04  ( 1.953E-03,  6.055E-02,   0.00    ) |  4.653E-04 1.526E-03
     127 4.5705E-02 4.6526E-04  (-1.953E-03,  6.055E-02,   0.00    ) |  4.653E-04 1.526E-03
     128 4.6170E-02 4.6526E-04  ( 1.953E-03,  6.055E-02,   0.00    ) |  4.653E-04 1.526E-03
     129 4.6635E-02 4.6526E-04  ( 1.953E-03,  6.055E-02,   0.00    ) |  4.653E-04 1.526E-03
     130 4.7101E-02 4.6527E-04  ( 1.953E-03,  6.055E-02,   0.00    ) |  4.653E-04 1.526E-03
     131 4.7566E-02 4.6527E-04  ( 1.953E-03,  6.055E-02,   0.00    ) |  4.653E-04 1.526E-03
     132 4.8031E-02 4.6528E-04  ( 1.953E-03,  6.055E-02,   0.00    ) |  4.653E-04 1.526E-03
     133 4.8496E-02 4.6528E-04  ( 1.953E-03,  6.055E-02,   0.00    ) |  4.653E-04 1.526E-03
     134 4.8962E-02 4.6528E-04  ( 1.953E-03,  6.055E-02,   0.00    ) |  4.653E-04 1.526E-03
     135 4.9427E-02 4.6529E-04  ( 1.953E-03,  6.055E-02,   0.00    ) |  4.653E-04 1.526E-03
     136 4.9892E-02 4.6529E-04  ( 1.953E-03,  6.055E-02,   0.00    ) |  4.653E-04 1.526E-03
 *** Wrote plotfile to flash_run_hdf5_plt_cnt_0002 ****
     137 5.0358E-02 4.6530E-04  (-1.953E-03,  6.055E-02,   0.00    ) |  4.653E-04 1.526E-03
     138 5.0823E-02 4.6530E-04  ( 1.953E-03,  6.055E-02,   0.00    ) |  4.653E-04 1.526E-03
     139 5.1288E-02 4.6531E-04  ( 1.953E-03,  6.055E-02,   0.00    ) |  4.653E-04 1.526E-03
     140 5.1754E-02 4.6531E-04  ( 1.953E-03,  6.055E-02,   0.00    ) |  4.653E-04 1.526E-03
     141 5.2219E-02 4.6532E-04  (-1.953E-03,  6.055E-02,   0.00    ) |  4.653E-04 1.526E-03
     142 5.2684E-02 4.6532E-04  (-1.953E-03,  6.055E-02,   0.00    ) |  4.653E-04 1.526E-03
     143 5.3149E-02 4.6533E-04  ( 1.953E-03,  6.055E-02,   0.00    ) |  4.653E-04 1.526E-03
     144 5.3615E-02 4.6534E-04  ( 1.953E-03,  6.055E-02,   0.00    ) |  4.653E-04 1.526E-03
     145 5.4080E-02 4.6534E-04  (-1.953E-03,  6.055E-02,   0.00    ) |  4.653E-04 1.526E-03
     146 5.4545E-02 4.6535E-04  (-1.953E-03,  6.055E-02,   0.00    ) |  4.653E-04 1.526E-03
     147 5.5011E-02 4.6535E-04  ( 1.953E-03,  6.055E-02,   0.00    ) |  4.654E-04 1.526E-03
     148 5.5476E-02 4.6536E-04  (-1.953E-03,  6.055E-02,   0.00    ) |  4.654E-04 1.526E-03
     149 5.5942E-02 4.6537E-04  (-1.953E-03,  6.055E-02,   0.00    ) |  4.654E-04 1.526E-03
     150 5.6407E-02 4.6537E-04  (-1.953E-03,  6.055E-02,   0.00    ) |  4.654E-04 1.526E-03
     151 5.6872E-02 4.6538E-04  ( 1.953E-03,  6.055E-02,   0.00    ) |  4.654E-04 1.526E-03
     152 5.7338E-02 4.6539E-04  (-1.953E-03,  6.055E-02,   0.00    ) |  4.654E-04 1.526E-03
     153 5.7803E-02 4.6539E-04  ( 1.953E-03,  6.055E-02,   0.00    ) |  4.654E-04 1.526E-03
     154 5.8268E-02 4.6540E-04  ( 1.953E-03,  6.055E-02,   0.00    ) |  4.654E-04 1.526E-03
     155 5.8734E-02 4.6541E-04  ( 1.953E-03,  6.055E-02,   0.00    ) |  4.654E-04 1.526E-03
     156 5.9199E-02 4.6541E-04  ( 1.953E-03,  6.055E-02,   0.00    ) |  4.654E-04 1.526E-03
     157 5.9665E-02 4.6542E-04  ( 1.953E-03,  6.055E-02,   0.00    ) |  4.654E-04 1.526E-03
     158 6.0130E-02 4.6543E-04  ( 1.953E-03,  6.055E-02,   0.00    ) |  4.654E-04 1.526E-03
     159 6.0596E-02 4.6543E-04  ( 1.953E-03,  6.055E-02,   0.00    ) |  4.654E-04 1.526E-03
     160 6.1061E-02 4.6544E-04  ( 1.953E-03,  6.055E-02,   0.00    ) |  4.654E-04 1.526E-03
     161 6.1526E-02 4.6545E-04  ( 1.953E-03,  6.055E-02,   0.00    ) |  4.654E-04 1.526E-03
     162 6.1992E-02 4.6545E-04  ( 1.953E-03,  6.055E-02,   0.00    ) |  4.655E-04 1.526E-03
     163 6.2457E-02 4.6546E-04  ( 1.953E-03,  6.055E-02,   0.00    ) |  4.655E-04 1.526E-03
     164 6.2923E-02 4.6547E-04  ( 1.953E-03,  6.055E-02,   0.00    ) |  4.655E-04 1.526E-03
     165 6.3388E-02 4.6547E-04  ( 1.953E-03,  6.055E-02,   0.00    ) |  4.655E-04 1.526E-03
     166 6.3854E-02 4.6548E-04  ( 1.953E-03,  6.055E-02,   0.00    ) |  4.655E-04 1.526E-03
     167 6.4319E-02 4.6549E-04  ( 1.953E-03,  6.055E-02,   0.00    ) |  4.655E-04 1.526E-03
     168 6.4785E-02 4.6549E-04  ( 1.953E-03,  6.055E-02,   0.00    ) |  4.655E-04 1.526E-03
     169 6.5250E-02 4.6550E-04  ( 1.953E-03,  6.055E-02,   0.00    ) |  4.655E-04 1.526E-03
     170 6.5716E-02 4.6551E-04  ( 1.953E-03,  6.055E-02,   0.00    ) |  4.655E-04 1.526E-03
     171 6.6181E-02 4.6551E-04  ( 1.953E-03,  6.055E-02,   0.00    ) |  4.655E-04 1.526E-03
     172 6.6647E-02 4.6552E-04  ( 1.953E-03,  6.055E-02,   0.00    ) |  4.655E-04 1.526E-03
     173 6.7112E-02 4.6553E-04  ( 1.953E-03,  6.055E-02,   0.00    ) |  4.655E-04 1.526E-03
     174 6.7578E-02 4.6554E-04  ( 1.953E-03,  6.055E-02,   0.00    ) |  4.655E-04 1.526E-03
     175 6.8043E-02 4.6554E-04  ( 1.953E-03,  6.055E-02,   0.00    ) |  4.655E-04 1.526E-03
     176 6.8509E-02 4.6555E-04  ( 1.953E-03,  6.055E-02,   0.00    ) |  4.655E-04 1.526E-03
     177 6.8974E-02 4.6556E-04  ( 1.953E-03,  6.055E-02,   0.00    ) |  4.656E-04 1.526E-03
     178 6.9440E-02 4.6556E-04  ( 1.953E-03,  6.055E-02,   0.00    ) |  4.656E-04 1.526E-03
     179 6.9905E-02 4.6557E-04  ( 1.953E-03,  6.055E-02,   0.00    ) |  4.656E-04 1.526E-03
     180 7.0371E-02 4.6558E-04  ( 1.953E-03,  6.055E-02,   0.00    ) |  4.656E-04 1.526E-03
     181 7.0837E-02 4.6558E-04  ( 1.953E-03,  6.055E-02,   0.00    ) |  4.656E-04 1.526E-03
     182 7.1302E-02 4.6559E-04  ( 1.953E-03,  6.055E-02,   0.00    ) |  4.656E-04 1.526E-03
     183 7.1768E-02 4.6560E-04  ( 1.953E-03,  6.055E-02,   0.00    ) |  4.656E-04 1.526E-03
     184 7.2233E-02 4.6561E-04  ( 1.953E-03,  6.055E-02,   0.00    ) |  4.656E-04 1.526E-03
     185 7.2699E-02 4.6561E-04  ( 1.953E-03,  6.055E-02,   0.00    ) |  4.656E-04 1.526E-03
     186 7.3165E-02 4.6562E-04  ( 1.953E-03,  6.055E-02,   0.00    ) |  4.656E-04 1.526E-03
     187 7.3630E-02 4.6563E-04  ( 1.953E-03,  6.055E-02,   0.00    ) |  4.656E-04 1.526E-03
     188 7.4096E-02 4.6563E-04  ( 1.953E-03,  6.055E-02,   0.00    ) |  4.656E-04 1.526E-03
     189 7.4562E-02 4.6564E-04  ( 1.953E-03,  6.055E-02,   0.00    ) |  4.656E-04 1.526E-03
 *** Wrote plotfile to flash_run_hdf5_plt_cnt_0003 ****
     190 7.5027E-02 4.6565E-04  ( 1.953E-03,  6.055E-02,   0.00    ) |  4.656E-04 1.526E-03
     191 7.5493E-02 4.6566E-04  ( 1.953E-03,  6.055E-02,   0.00    ) |  4.657E-04 1.526E-03
     192 7.5958E-02 4.6566E-04  ( 1.953E-03,  6.055E-02,   0.00    ) |  4.657E-04 1.526E-03
     193 7.6424E-02 4.6567E-04  (-1.953E-03,  6.055E-02,   0.00    ) |  4.657E-04 1.526E-03
     194 7.6890E-02 4.6568E-04  ( 1.953E-03,  6.055E-02,   0.00    ) |  4.657E-04 1.526E-03
     195 7.7355E-02 4.6568E-04  (-1.953E-03,  6.055E-02,   0.00    ) |  4.657E-04 1.526E-03
     196 7.7821E-02 4.6569E-04  ( 1.953E-03,  6.055E-02,   0.00    ) |  4.657E-04 1.526E-03
     197 7.8287E-02 4.6570E-04  ( 1.953E-03,  6.055E-02,   0.00    ) |  4.657E-04 1.526E-03
     198 7.8753E-02 4.6571E-04  ( 1.953E-03,  6.055E-02,   0.00    ) |  4.657E-04 1.526E-03
     199 7.9218E-02 4.6571E-04  ( 1.953E-03,  6.055E-02,   0.00    ) |  4.657E-04 1.526E-03
     200 7.9684E-02 4.6572E-04  ( 1.953E-03,  6.055E-02,   0.00    ) |  4.657E-04 1.526E-03
     201 8.0150E-02 4.6573E-04  ( 1.953E-03,  6.055E-02,   0.00    ) |  4.657E-04 1.526E-03
     202 8.0615E-02 4.6573E-04  ( 1.953E-03,  6.055E-02,   0.00    ) |  4.657E-04 1.526E-03
     203 8.1081E-02 4.6574E-04  ( 1.953E-03,  6.055E-02,   0.00    ) |  4.657E-04 1.526E-03
     204 8.1547E-02 4.6575E-04  ( 1.953E-03,  6.055E-02,   0.00    ) |  4.657E-04 1.526E-03
     205 8.2013E-02 4.6576E-04  ( 1.953E-03,  6.055E-02,   0.00    ) |  4.658E-04 1.526E-03
     206 8.2478E-02 4.6576E-04  ( 1.953E-03,  6.055E-02,   0.00    ) |  4.658E-04 1.526E-03
     207 8.2944E-02 4.6577E-04  ( 1.953E-03,  6.055E-02,   0.00    ) |  4.658E-04 1.526E-03
     208 8.3410E-02 4.6578E-04  ( 1.953E-03,  6.055E-02,   0.00    ) |  4.658E-04 1.526E-03
     209 8.3876E-02 4.6579E-04  ( 1.953E-03,  6.055E-02,   0.00    ) |  4.658E-04 1.526E-03
     210 8.4341E-02 4.6579E-04  ( 1.953E-03,  6.055E-02,   0.00    ) |  4.658E-04 1.526E-03
     211 8.4807E-02 4.6580E-04  ( 1.953E-03,  6.055E-02,   0.00    ) |  4.658E-04 1.526E-03
     212 8.5273E-02 4.6581E-04  ( 1.953E-03,  6.055E-02,   0.00    ) |  4.658E-04 1.526E-03
     213 8.5739E-02 4.6581E-04  ( 1.953E-03,  6.055E-02,   0.00    ) |  4.658E-04 1.526E-03
     214 8.6205E-02 4.6582E-04  ( 1.953E-03,  6.055E-02,   0.00    ) |  4.658E-04 1.526E-03
     215 8.6671E-02 4.6583E-04  ( 1.953E-03,  6.055E-02,   0.00    ) |  4.658E-04 1.526E-03
     216 8.7136E-02 4.6583E-04  ( 1.953E-03,  6.055E-02,   0.00    ) |  4.658E-04 1.526E-03
     217 8.7602E-02 4.6584E-04  ( 1.953E-03,  6.055E-02,   0.00    ) |  4.658E-04 1.526E-03
     218 8.8068E-02 4.6585E-04  ( 1.953E-03,  6.055E-02,   0.00    ) |  4.658E-04 1.526E-03
     219 8.8534E-02 4.6586E-04  ( 1.953E-03,  6.055E-02,   0.00    ) |  4.659E-04 1.526E-03
     220 8.9000E-02 4.6586E-04  ( 1.953E-03,  6.055E-02,   0.00    ) |  4.659E-04 1.526E-03
     221 8.9466E-02 4.6587E-04  ( 1.953E-03,  6.055E-02,   0.00    ) |  4.659E-04 1.526E-03
     222 8.9931E-02 4.6588E-04  ( 1.953E-03,  6.055E-02,   0.00    ) |  4.659E-04 1.526E-03
     223 9.0397E-02 4.6589E-04  ( 1.953E-03,  6.055E-02,   0.00    ) |  4.659E-04 1.526E-03
     224 9.0863E-02 4.6589E-04  ( 1.953E-03,  6.055E-02,   0.00    ) |  4.659E-04 1.526E-03
     225 9.1329E-02 4.6590E-04  ( 1.953E-03,  6.055E-02,   0.00    ) |  4.659E-04 1.526E-03
     226 9.1795E-02 4.6591E-04  ( 1.953E-03,  6.055E-02,   0.00    ) |  4.659E-04 1.526E-03
     227 9.2261E-02 4.6592E-04  ( 1.953E-03,  6.055E-02,   0.00    ) |  4.659E-04 1.526E-03
     228 9.2727E-02 4.6593E-04  ( 1.953E-03,  6.055E-02,   0.00    ) |  4.659E-04 1.526E-03
     229 9.3193E-02 4.6593E-04  ( 1.953E-03,  6.055E-02,   0.00    ) |  4.659E-04 1.526E-03
     230 9.3659E-02 4.6594E-04  ( 1.953E-03,  6.055E-02,   0.00    ) |  4.659E-04 1.526E-03
     231 9.4125E-02 4.6595E-04  ( 1.953E-03,  6.055E-02,   0.00    ) |  4.659E-04 1.526E-03
     232 9.4591E-02 4.6596E-04  ( 1.953E-03,  6.055E-02,   0.00    ) |  4.660E-04 1.526E-03
     233 9.5057E-02 4.6597E-04  ( 1.953E-03,  6.055E-02,   0.00    ) |  4.660E-04 1.526E-03
     234 9.5523E-02 4.6597E-04  ( 1.953E-03,  6.055E-02,   0.00    ) |  4.660E-04 1.526E-03
     235 9.5988E-02 4.6598E-04  ( 1.953E-03,  6.055E-02,   0.00    ) |  4.660E-04 1.526E-03
     236 9.6454E-02 4.6599E-04  ( 1.953E-03,  6.055E-02,   0.00    ) |  4.660E-04 1.526E-03
     237 9.6920E-02 4.6600E-04  ( 1.953E-03,  6.055E-02,   0.00    ) |  4.660E-04 1.526E-03
     238 9.7386E-02 4.6601E-04  ( 1.953E-03,  6.055E-02,   0.00    ) |  4.660E-04 1.526E-03
     239 9.7852E-02 4.6601E-04  ( 1.953E-03,  6.055E-02,   0.00    ) |  4.660E-04 1.526E-03
     240 9.8318E-02 4.6602E-04  (-1.953E-03,  6.055E-02,   0.00    ) |  4.660E-04 1.526E-03
     241 9.8785E-02 4.6603E-04  (-1.953E-03,  6.055E-02,   0.00    ) |  4.660E-04 1.526E-03
     242 9.9251E-02 4.6604E-04  (-1.953E-03,  6.055E-02,   0.00    ) |  4.660E-04 1.526E-03
     243 9.9717E-02 4.6605E-04  (-1.953E-03,  6.055E-02,   0.00    ) |  4.660E-04 1.526E-03
 *** Wrote plotfile to flash_run_hdf5_plt_cnt_0004 ****
     244 1.0018E-01 4.6605E-04  ( 1.953E-03,  6.055E-02,   0.00    ) |  4.661E-04 1.526E-03
     245 1.0065E-01 4.6606E-04  (-1.953E-03,  6.055E-02,   0.00    ) |  4.661E-04 1.526E-03
     246 1.0111E-01 4.6607E-04  (-1.953E-03,  6.055E-02,   0.00    ) |  4.661E-04 1.526E-03
     247 1.0158E-01 4.6608E-04  ( 1.953E-03,  6.055E-02,   0.00    ) |  4.661E-04 1.526E-03
     248 1.0205E-01 4.6609E-04  (-1.953E-03,  6.055E-02,   0.00    ) |  4.661E-04 1.526E-03
     249 1.0251E-01 4.6610E-04  ( 1.953E-03,  6.055E-02,   0.00    ) |  4.661E-04 1.526E-03
     250 1.0298E-01 4.6610E-04  (-1.953E-03,  6.055E-02,   0.00    ) |  4.661E-04 1.526E-03
     251 1.0345E-01 4.6611E-04  ( 1.953E-03,  6.055E-02,   0.00    ) |  4.661E-04 1.526E-03
     252 1.0391E-01 4.6605E-04  ( 0.244    , -1.953E-03,   0.00    ) |  4.660E-04 1.526E-03
     253 1.0438E-01 4.6593E-04  ( 0.244    , -1.953E-03,   0.00    ) |  4.659E-04 1.526E-03
     254 1.0484E-01 4.6581E-04  ( 0.244    , -1.953E-03,   0.00    ) |  4.658E-04 1.526E-03
     255 1.0531E-01 4.6570E-04  ( 0.244    , -1.953E-03,   0.00    ) |  4.657E-04 1.526E-03
     256 1.0577E-01 4.6558E-04  ( 0.244    , -1.953E-03,   0.00    ) |  4.656E-04 1.526E-03
     257 1.0624E-01 4.6546E-04  ( 0.244    , -1.953E-03,   0.00    ) |  4.655E-04 1.526E-03
     258 1.0671E-01 4.6535E-04  ( 0.244    , -1.953E-03,   0.00    ) |  4.653E-04 1.526E-03
     259 1.0717E-01 4.6523E-04  ( 0.244    , -1.953E-03,   0.00    ) |  4.652E-04 1.526E-03
     260 1.0764E-01 4.6511E-04  ( 0.244    , -1.953E-03,   0.00    ) |  4.651E-04 1.526E-03
     261 1.0810E-01 4.6500E-04  ( 0.244    , -1.953E-03,   0.00    ) |  4.650E-04 1.526E-03
     262 1.0857E-01 4.6488E-04  ( 0.244    , -1.953E-03,   0.00    ) |  4.649E-04 1.526E-03
     263 1.0903E-01 4.6476E-04  ( 0.244    , -1.953E-03,   0.00    ) |  4.648E-04 1.526E-03
     264 1.0950E-01 4.6465E-04  ( 0.244    , -1.953E-03,   0.00    ) |  4.646E-04 1.526E-03
     265 1.0996E-01 4.6453E-04  ( 0.244    , -1.953E-03,   0.00    ) |  4.645E-04 1.526E-03
     266 1.1043E-01 4.6442E-04  ( 0.244    , -1.953E-03,   0.00    ) |  4.644E-04 1.526E-03
     267 1.1089E-01 4.6430E-04  ( 0.244    , -1.953E-03,   0.00    ) |  4.643E-04 1.526E-03
     268 1.1135E-01 4.6419E-04  ( 0.244    , -1.953E-03,   0.00    ) |  4.642E-04 1.526E-03
     269 1.1182E-01 4.6407E-04  ( 0.244    , -1.953E-03,   0.00    ) |  4.641E-04 1.526E-03
     270 1.1228E-01 4.6396E-04  ( 0.244    , -1.953E-03,   0.00    ) |  4.640E-04 1.526E-03
     271 1.1275E-01 4.6384E-04  ( 0.244    , -1.953E-03,   0.00    ) |  4.638E-04 1.526E-03
     272 1.1321E-01 4.6373E-04  ( 0.244    , -1.953E-03,   0.00    ) |  4.637E-04 1.526E-03
     273 1.1367E-01 4.6362E-04  ( 0.244    , -1.953E-03,   0.00    ) |  4.636E-04 1.526E-03
     274 1.1414E-01 4.6350E-04  ( 0.244    , -1.953E-03,   0.00    ) |  4.635E-04 1.526E-03
     275 1.1460E-01 4.6339E-04  ( 0.244    , -1.953E-03,   0.00    ) |  4.634E-04 1.526E-03
     276 1.1506E-01 4.6328E-04  ( 0.244    , -1.953E-03,   0.00    ) |  4.633E-04 1.526E-03
     277 1.1553E-01 4.6316E-04  ( 0.244    , -1.953E-03,   0.00    ) |  4.632E-04 1.526E-03
     278 1.1599E-01 4.6305E-04  ( 0.244    , -1.953E-03,   0.00    ) |  4.630E-04 1.526E-03
     279 1.1645E-01 4.6294E-04  ( 0.244    , -1.953E-03,   0.00    ) |  4.629E-04 1.526E-03
     280 1.1692E-01 4.6282E-04  ( 0.244    , -1.953E-03,   0.00    ) |  4.628E-04 1.526E-03
     281 1.1738E-01 4.6271E-04  ( 0.244    , -1.953E-03,   0.00    ) |  4.627E-04 1.526E-03
     282 1.1784E-01 4.6260E-04  ( 0.244    , -1.953E-03,   0.00    ) |  4.626E-04 1.526E-03
     283 1.1830E-01 4.6249E-04  ( 0.244    , -1.953E-03,   0.00    ) |  4.625E-04 1.526E-03
     284 1.1877E-01 4.6237E-04  ( 0.244    , -1.953E-03,   0.00    ) |  4.624E-04 1.526E-03
     285 1.1923E-01 4.6226E-04  ( 0.244    , -1.953E-03,   0.00    ) |  4.623E-04 1.526E-03
     286 1.1969E-01 4.6215E-04  ( 0.244    , -1.953E-03,   0.00    ) |  4.622E-04 1.526E-03
     287 1.2015E-01 4.6204E-04  ( 0.244    , -1.953E-03,   0.00    ) |  4.620E-04 1.526E-03
     288 1.2062E-01 4.6193E-04  ( 0.244    , -1.953E-03,   0.00    ) |  4.619E-04 1.526E-03
     289 1.2108E-01 4.6182E-04  ( 0.244    , -1.953E-03,   0.00    ) |  4.618E-04 1.526E-03
     290 1.2154E-01 4.6171E-04  ( 0.244    , -1.953E-03,   0.00    ) |  4.617E-04 1.526E-03
     291 1.2200E-01 4.6160E-04  ( 0.244    , -1.953E-03,   0.00    ) |  4.616E-04 1.526E-03
     292 1.2246E-01 4.6149E-04  ( 0.244    , -1.953E-03,   0.00    ) |  4.615E-04 1.526E-03
     293 1.2292E-01 4.6138E-04  ( 0.244    , -1.953E-03,   0.00    ) |  4.614E-04 1.526E-03
     294 1.2339E-01 4.6127E-04  ( 0.244    , -1.953E-03,   0.00    ) |  4.613E-04 1.526E-03
     295 1.2385E-01 4.6116E-04  ( 0.244    , -1.953E-03,   0.00    ) |  4.612E-04 1.526E-03
     296 1.2431E-01 4.6105E-04  ( 0.248    , -1.953E-03,   0.00    ) |  4.610E-04 1.526E-03
     297 1.2477E-01 4.6094E-04  ( 0.248    , -1.953E-03,   0.00    ) |  4.609E-04 1.526E-03
 *** Wrote plotfile to flash_run_hdf5_plt_cnt_0005 ****
     298 1.2523E-01 4.6083E-04  ( 0.248    , -1.953E-03,   0.00    ) |  4.608E-04 1.526E-03
     299 1.2569E-01 4.6072E-04  ( 0.248    , -1.953E-03,   0.00    ) |  4.607E-04 1.526E-03
     300 1.2615E-01 4.6061E-04  ( 0.248    , -1.953E-03,   0.00    ) |  4.606E-04 1.526E-03
     301 1.2661E-01 4.6051E-04  ( 0.248    , -1.953E-03,   0.00    ) |  4.605E-04 1.526E-03
     302 1.2707E-01 4.6040E-04  ( 0.248    , -1.953E-03,   0.00    ) |  4.604E-04 1.526E-03
     303 1.2753E-01 4.6029E-04  ( 0.248    , -1.953E-03,   0.00    ) |  4.603E-04 1.526E-03
     304 1.2799E-01 4.6018E-04  ( 0.248    , -1.953E-03,   0.00    ) |  4.602E-04 1.526E-03
     305 1.2845E-01 4.6007E-04  ( 0.248    , -1.953E-03,   0.00    ) |  4.601E-04 1.526E-03
     306 1.2891E-01 4.5997E-04  ( 0.248    , -1.953E-03,   0.00    ) |  4.600E-04 1.526E-03
     307 1.2937E-01 4.5986E-04  ( 0.248    , -1.953E-03,   0.00    ) |  4.599E-04 1.526E-03
     308 1.2983E-01 4.5975E-04  ( 0.248    , -1.953E-03,   0.00    ) |  4.598E-04 1.526E-03
     309 1.3029E-01 4.5965E-04  ( 0.248    , -1.953E-03,   0.00    ) |  4.596E-04 1.526E-03
     310 1.3075E-01 4.5954E-04  ( 0.248    , -1.953E-03,   0.00    ) |  4.595E-04 1.526E-03
     311 1.3121E-01 4.5943E-04  ( 0.248    , -1.953E-03,   0.00    ) |  4.594E-04 1.526E-03
     312 1.3167E-01 4.5933E-04  ( 0.248    , -1.953E-03,   0.00    ) |  4.593E-04 1.526E-03
     313 1.3213E-01 4.5922E-04  ( 0.248    , -1.953E-03,   0.00    ) |  4.592E-04 1.526E-03
     314 1.3259E-01 4.5911E-04  ( 0.248    , -1.953E-03,   0.00    ) |  4.591E-04 1.526E-03
     315 1.3305E-01 4.5901E-04  ( 0.248    , -1.953E-03,   0.00    ) |  4.590E-04 1.526E-03
     316 1.3351E-01 4.5890E-04  ( 0.248    , -1.953E-03,   0.00    ) |  4.589E-04 1.526E-03
     317 1.3397E-01 4.5880E-04  ( 0.248    , -1.953E-03,   0.00    ) |  4.588E-04 1.526E-03
     318 1.3443E-01 4.5869E-04  ( 0.248    , -1.953E-03,   0.00    ) |  4.587E-04 1.526E-03
     319 1.3489E-01 4.5859E-04  ( 0.248    , -1.953E-03,   0.00    ) |  4.586E-04 1.526E-03
     320 1.3534E-01 4.5849E-04  ( 0.248    , -1.953E-03,   0.00    ) |  4.585E-04 1.526E-03
     321 1.3580E-01 4.5838E-04  ( 0.248    , -1.953E-03,   0.00    ) |  4.584E-04 1.526E-03
     322 1.3626E-01 4.5828E-04  ( 0.248    , -1.953E-03,   0.00    ) |  4.583E-04 1.526E-03
     323 1.3672E-01 4.5817E-04  ( 0.248    , -1.953E-03,   0.00    ) |  4.582E-04 1.526E-03
     324 1.3718E-01 4.5807E-04  ( 0.248    , -1.953E-03,   0.00    ) |  4.581E-04 1.526E-03
     325 1.3764E-01 4.5797E-04  ( 0.248    , -1.953E-03,   0.00    ) |  4.580E-04 1.526E-03
     326 1.3809E-01 4.5786E-04  ( 0.248    , -1.953E-03,   0.00    ) |  4.579E-04 1.526E-03
     327 1.3855E-01 4.5776E-04  ( 0.248    , -1.953E-03,   0.00    ) |  4.578E-04 1.526E-03
     328 1.3901E-01 4.5766E-04  ( 0.248    , -1.953E-03,   0.00    ) |  4.577E-04 1.526E-03
     329 1.3947E-01 4.5755E-04  ( 0.248    , -1.953E-03,   0.00    ) |  4.576E-04 1.526E-03
     330 1.3992E-01 4.5745E-04  ( 0.248    , -1.953E-03,   0.00    ) |  4.575E-04 1.526E-03
     331 1.4038E-01 4.5735E-04  ( 0.248    , -1.953E-03,   0.00    ) |  4.574E-04 1.526E-03
     332 1.4084E-01 4.5725E-04  ( 0.248    , -1.953E-03,   0.00    ) |  4.572E-04 1.526E-03
     333 1.4130E-01 4.5715E-04  ( 0.248    , -1.953E-03,   0.00    ) |  4.571E-04 1.526E-03
     334 1.4175E-01 4.5704E-04  ( 0.248    , -1.953E-03,   0.00    ) |  4.570E-04 1.526E-03
     335 1.4221E-01 4.5694E-04  ( 0.248    , -1.953E-03,   0.00    ) |  4.569E-04 1.526E-03
     336 1.4267E-01 4.5684E-04  ( 0.248    , -1.953E-03,   0.00    ) |  4.568E-04 1.526E-03
     337 1.4312E-01 4.5674E-04  ( 0.248    , -1.953E-03,   0.00    ) |  4.567E-04 1.526E-03
     338 1.4358E-01 4.5664E-04  ( 0.248    , -1.953E-03,   0.00    ) |  4.566E-04 1.526E-03
     339 1.4404E-01 4.5654E-04  ( 0.248    , -1.953E-03,   0.00    ) |  4.565E-04 1.526E-03
     340 1.4449E-01 4.5644E-04  ( 0.248    , -1.953E-03,   0.00    ) |  4.564E-04 1.526E-03
     341 1.4495E-01 4.5634E-04  ( 0.248    , -1.953E-03,   0.00    ) |  4.563E-04 1.526E-03
     342 1.4541E-01 4.5624E-04  ( 0.248    , -1.953E-03,   0.00    ) |  4.562E-04 1.526E-03
     343 1.4586E-01 4.5614E-04  ( 0.248    , -1.953E-03,   0.00    ) |  4.561E-04 1.526E-03
     344 1.4632E-01 4.5604E-04  ( 0.248    , -1.953E-03,   0.00    ) |  4.560E-04 1.526E-03
     345 1.4678E-01 4.5594E-04  ( 0.248    , -1.953E-03,   0.00    ) |  4.559E-04 1.526E-03
     346 1.4723E-01 4.5584E-04  ( 0.248    , -1.953E-03,   0.00    ) |  4.558E-04 1.526E-03
     347 1.4769E-01 4.5574E-04  ( 0.248    , -1.953E-03,   0.00    ) |  4.557E-04 1.526E-03
     348 1.4814E-01 4.5565E-04  ( 0.248    , -1.953E-03,   0.00    ) |  4.556E-04 1.526E-03
     349 1.4860E-01 4.5555E-04  ( 0.248    , -1.953E-03,   0.00    ) |  4.555E-04 1.526E-03
     350 1.4905E-01 4.5545E-04  ( 0.248    , -1.953E-03,   0.00    ) |  4.554E-04 1.526E-03
     351 1.4951E-01 4.5535E-04  ( 0.248    , -1.953E-03,   0.00    ) |  4.554E-04 1.526E-03
     352 1.4996E-01 4.5525E-04  ( 0.248    , -1.953E-03,   0.00    ) |  4.553E-04 1.526E-03
 *** Wrote plotfile to flash_run_hdf5_plt_cnt_0006 ****
     353 1.5042E-01 4.5515E-04  (-0.248    ,  1.953E-03,   0.00    ) |  4.552E-04 1.526E-03
     354 1.5088E-01 4.5506E-04  ( 0.248    , -1.953E-03,   0.00    ) |  4.551E-04 1.526E-03
     355 1.5133E-01 4.5496E-04  ( 0.248    , -1.953E-03,   0.00    ) |  4.550E-04 1.526E-03
     356 1.5179E-01 4.5486E-04  ( 0.248    , -1.953E-03,   0.00    ) |  4.549E-04 1.526E-03
     357 1.5224E-01 4.5477E-04  ( 0.248    , -1.953E-03,   0.00    ) |  4.548E-04 1.526E-03
     358 1.5269E-01 4.5467E-04  ( 0.248    , -1.953E-03,   0.00    ) |  4.547E-04 1.526E-03
     359 1.5315E-01 4.5457E-04  ( 0.248    , -1.953E-03,   0.00    ) |  4.546E-04 1.526E-03
     360 1.5360E-01 4.5448E-04  ( 0.248    , -1.953E-03,   0.00    ) |  4.545E-04 1.526E-03
     361 1.5406E-01 4.5438E-04  ( 0.248    , -1.953E-03,   0.00    ) |  4.544E-04 1.526E-03
     362 1.5451E-01 4.5428E-04  ( 0.248    , -1.953E-03,   0.00    ) |  4.543E-04 1.526E-03
     363 1.5497E-01 4.5419E-04  ( 0.248    , -1.953E-03,   0.00    ) |  4.542E-04 1.526E-03
     364 1.5542E-01 4.5409E-04  ( 0.248    , -1.953E-03,   0.00    ) |  4.541E-04 1.526E-03
     365 1.5588E-01 4.5400E-04  ( 0.248    , -1.953E-03,   0.00    ) |  4.540E-04 1.526E-03
     366 1.5633E-01 4.5390E-04  ( 0.248    , -1.953E-03,   0.00    ) |  4.539E-04 1.526E-03
     367 1.5678E-01 4.5381E-04  ( 0.248    , -1.953E-03,   0.00    ) |  4.538E-04 1.526E-03
     368 1.5724E-01 4.5371E-04  ( 0.248    , -1.953E-03,   0.00    ) |  4.537E-04 1.526E-03
     369 1.5769E-01 4.5362E-04  ( 0.248    , -1.953E-03,   0.00    ) |  4.536E-04 1.526E-03
     370 1.5814E-01 4.5352E-04  ( 0.248    , -1.953E-03,   0.00    ) |  4.535E-04 1.526E-03
     371 1.5860E-01 4.5343E-04  ( 0.248    , -1.953E-03,   0.00    ) |  4.534E-04 1.526E-03
     372 1.5905E-01 4.5333E-04  ( 0.248    , -1.953E-03,   0.00    ) |  4.533E-04 1.526E-03
     373 1.5950E-01 4.5324E-04  ( 0.248    , -1.953E-03,   0.00    ) |  4.532E-04 1.526E-03
     374 1.5996E-01 4.5315E-04  ( 0.248    , -1.953E-03,   0.00    ) |  4.531E-04 1.526E-03
     375 1.6041E-01 4.5305E-04  ( 0.248    , -1.953E-03,   0.00    ) |  4.531E-04 1.526E-03
     376 1.6086E-01 4.5296E-04  ( 0.248    , -1.953E-03,   0.00    ) |  4.530E-04 1.526E-03
     377 1.6132E-01 4.5287E-04  ( 0.248    , -1.953E-03,   0.00    ) |  4.529E-04 1.526E-03
     378 1.6177E-01 4.5277E-04  ( 0.248    , -1.953E-03,   0.00    ) |  4.528E-04 1.526E-03
     379 1.6222E-01 4.5268E-04  ( 0.248    , -1.953E-03,   0.00    ) |  4.527E-04 1.526E-03
     380 1.6268E-01 4.5259E-04  ( 0.248    , -1.953E-03,   0.00    ) |  4.526E-04 1.526E-03
     381 1.6313E-01 4.5249E-04  ( 0.252    , -1.953E-03,   0.00    ) |  4.525E-04 1.526E-03
     382 1.6358E-01 4.5240E-04  ( 0.252    , -1.953E-03,   0.00    ) |  4.524E-04 1.526E-03
     383 1.6403E-01 4.5231E-04  ( 0.252    , -1.953E-03,   0.00    ) |  4.523E-04 1.526E-03
     384 1.6449E-01 4.5222E-04  ( 0.252    , -1.953E-03,   0.00    ) |  4.522E-04 1.526E-03
     385 1.6494E-01 4.5212E-04  ( 0.252    , -1.953E-03,   0.00    ) |  4.521E-04 1.526E-03
     386 1.6539E-01 4.5203E-04  ( 0.252    , -1.953E-03,   0.00    ) |  4.520E-04 1.526E-03
     387 1.6584E-01 4.5194E-04  (-0.248    ,  1.953E-03,   0.00    ) |  4.519E-04 1.526E-03
     388 1.6629E-01 4.5185E-04  (-0.248    ,  1.953E-03,   0.00    ) |  4.518E-04 1.526E-03
     389 1.6675E-01 4.5176E-04  (-0.248    ,  1.953E-03,   0.00    ) |  4.518E-04 1.526E-03
     390 1.6720E-01 4.5167E-04  ( 0.252    , -1.953E-03,   0.00    ) |  4.517E-04 1.526E-03
     391 1.6765E-01 4.5158E-04  ( 0.252    , -1.953E-03,   0.00    ) |  4.516E-04 1.526E-03
     392 1.6810E-01 4.5148E-04  ( 0.252    , -1.953E-03,   0.00    ) |  4.515E-04 1.526E-03
     393 1.6855E-01 4.5139E-04  ( 0.252    , -1.953E-03,   0.00    ) |  4.514E-04 1.526E-03
     394 1.6900E-01 4.5130E-04  ( 0.252    , -1.953E-03,   0.00    ) |  4.513E-04 1.526E-03
     395 1.6945E-01 4.5121E-04  ( 0.252    , -1.953E-03,   0.00    ) |  4.512E-04 1.526E-03
     396 1.6991E-01 4.5112E-04  ( 0.252    , -1.953E-03,   0.00    ) |  4.511E-04 1.526E-03
     397 1.7036E-01 4.5103E-04  ( 0.252    , -1.953E-03,   0.00    ) |  4.510E-04 1.526E-03
     398 1.7081E-01 4.5094E-04  ( 0.252    , -1.953E-03,   0.00    ) |  4.509E-04 1.526E-03
     399 1.7126E-01 4.5085E-04  (-0.252    ,  1.953E-03,   0.00    ) |  4.509E-04 1.526E-03
     400 1.7171E-01 4.5076E-04  ( 0.252    , -1.953E-03,   0.00    ) |  4.508E-04 1.526E-03
     401 1.7216E-01 4.5067E-04  (-0.252    ,  1.953E-03,   0.00    ) |  4.507E-04 1.526E-03
     402 1.7261E-01 4.5058E-04  (-0.252    ,  1.953E-03,   0.00    ) |  4.506E-04 1.526E-03
     403 1.7306E-01 4.5049E-04  (-0.252    ,  1.953E-03,   0.00    ) |  4.505E-04 1.526E-03
     404 1.7351E-01 4.5040E-04  (-0.252    ,  1.953E-03,   0.00    ) |  4.504E-04 1.526E-03
     405 1.7396E-01 4.5031E-04  (-0.252    ,  1.953E-03,   0.00    ) |  4.503E-04 1.526E-03
     406 1.7441E-01 4.5023E-04  (-0.252    ,  1.953E-03,   0.00    ) |  4.502E-04 1.526E-03
     407 1.7486E-01 4.5014E-04  (-0.252    ,  1.953E-03,   0.00    ) |  4.501E-04 1.526E-03
 *** Wrote plotfile to flash_run_hdf5_plt_cnt_0007 ****
     408 1.7531E-01 4.5005E-04  (-0.252    ,  1.953E-03,   0.00    ) |  4.500E-04 1.526E-03
     409 1.7576E-01 4.4996E-04  (-0.252    ,  1.953E-03,   0.00    ) |  4.500E-04 1.526E-03
     410 1.7621E-01 4.4987E-04  (-0.252    ,  1.953E-03,   0.00    ) |  4.499E-04 1.526E-03
     411 1.7666E-01 4.4978E-04  (-0.252    ,  1.953E-03,   0.00    ) |  4.498E-04 1.526E-03
     412 1.7711E-01 4.4969E-04  ( 0.252    , -1.953E-03,   0.00    ) |  4.497E-04 1.526E-03
     413 1.7756E-01 4.4961E-04  (-0.252    ,  1.953E-03,   0.00    ) |  4.496E-04 1.526E-03
     414 1.7801E-01 4.4952E-04  ( 0.252    , -1.953E-03,   0.00    ) |  4.495E-04 1.526E-03
     415 1.7846E-01 4.4943E-04  (-0.252    ,  1.953E-03,   0.00    ) |  4.494E-04 1.526E-03
     416 1.7891E-01 4.4934E-04  (-0.252    ,  1.953E-03,   0.00    ) |  4.493E-04 1.526E-03
     417 1.7936E-01 4.4926E-04  (-0.252    ,  1.953E-03,   0.00    ) |  4.493E-04 1.526E-03
     418 1.7981E-01 4.4917E-04  (-0.252    ,  1.953E-03,   0.00    ) |  4.492E-04 1.526E-03
     419 1.8026E-01 4.4908E-04  (-0.252    ,  1.953E-03,   0.00    ) |  4.491E-04 1.526E-03
     420 1.8071E-01 4.4899E-04  (-0.252    ,  1.953E-03,   0.00    ) |  4.490E-04 1.526E-03
     421 1.8116E-01 4.4891E-04  (-0.252    ,  1.953E-03,   0.00    ) |  4.489E-04 1.526E-03
     422 1.8161E-01 4.4882E-04  (-0.252    ,  1.953E-03,   0.00    ) |  4.488E-04 1.526E-03
     423 1.8205E-01 4.4873E-04  (-0.252    ,  1.953E-03,   0.00    ) |  4.487E-04 1.526E-03
     424 1.8250E-01 4.4865E-04  (-0.252    ,  1.953E-03,   0.00    ) |  4.486E-04 1.526E-03
     425 1.8295E-01 4.4856E-04  (-0.252    ,  1.953E-03,   0.00    ) |  4.486E-04 1.526E-03
     426 1.8340E-01 4.4847E-04  ( 0.252    , -1.953E-03,   0.00    ) |  4.485E-04 1.526E-03
     427 1.8385E-01 4.4839E-04  ( 0.252    , -1.953E-03,   0.00    ) |  4.484E-04 1.526E-03
     428 1.8430E-01 4.4830E-04  (-0.252    ,  1.953E-03,   0.00    ) |  4.483E-04 1.526E-03
     429 1.8475E-01 4.4822E-04  (-0.252    ,  1.953E-03,   0.00    ) |  4.482E-04 1.526E-03
     430 1.8519E-01 4.4813E-04  (-0.252    ,  1.953E-03,   0.00    ) |  4.481E-04 1.526E-03
     431 1.8564E-01 4.4804E-04  (-0.252    ,  1.953E-03,   0.00    ) |  4.480E-04 1.526E-03
     432 1.8609E-01 4.4796E-04  (-0.252    ,  1.953E-03,   0.00    ) |  4.480E-04 1.526E-03
     433 1.8654E-01 4.4787E-04  (-0.252    ,  1.953E-03,   0.00    ) |  4.479E-04 1.526E-03
     434 1.8699E-01 4.4779E-04  (-0.252    ,  1.953E-03,   0.00    ) |  4.478E-04 1.526E-03
     435 1.8743E-01 4.4770E-04  (-0.252    ,  1.953E-03,   0.00    ) |  4.477E-04 1.526E-03
     436 1.8788E-01 4.4762E-04  (-0.252    ,  1.953E-03,   0.00    ) |  4.476E-04 1.526E-03
     437 1.8833E-01 4.4753E-04  (-0.252    ,  1.953E-03,   0.00    ) |  4.475E-04 1.526E-03
     438 1.8878E-01 4.4745E-04  (-0.252    ,  1.953E-03,   0.00    ) |  4.474E-04 1.526E-03
     439 1.8922E-01 4.4736E-04  (-0.252    ,  1.953E-03,   0.00    ) |  4.474E-04 1.526E-03
     440 1.8967E-01 4.4728E-04  (-0.252    ,  1.953E-03,   0.00    ) |  4.473E-04 1.526E-03
     441 1.9012E-01 4.4719E-04  (-0.252    ,  1.953E-03,   0.00    ) |  4.472E-04 1.526E-03
     442 1.9057E-01 4.4711E-04  (-0.252    ,  1.953E-03,   0.00    ) |  4.471E-04 1.526E-03
     443 1.9101E-01 4.4702E-04  (-0.252    ,  1.953E-03,   0.00    ) |  4.470E-04 1.526E-03
     444 1.9146E-01 4.4694E-04  (-0.252    ,  1.953E-03,   0.00    ) |  4.469E-04 1.526E-03
     445 1.9191E-01 4.4686E-04  (-0.252    ,  1.953E-03,   0.00    ) |  4.469E-04 1.526E-03
     446 1.9235E-01 4.4677E-04  (-0.252    ,  1.953E-03,   0.00    ) |  4.468E-04 1.526E-03
     447 1.9280E-01 4.4669E-04  (-0.252    ,  1.953E-03,   0.00    ) |  4.467E-04 1.526E-03
     448 1.9325E-01 4.4660E-04  (-0.252    ,  1.953E-03,   0.00    ) |  4.466E-04 1.526E-03
     449 1.9369E-01 4.4652E-04  (-0.252    ,  1.953E-03,   0.00    ) |  4.465E-04 1.526E-03
     450 1.9414E-01 4.4644E-04  (-0.252    ,  1.953E-03,   0.00    ) |  4.464E-04 1.526E-03
     451 1.9459E-01 4.4635E-04  (-0.252    ,  1.953E-03,   0.00    ) |  4.464E-04 1.526E-03
     452 1.9503E-01 4.4627E-04  (-0.252    ,  1.953E-03,   0.00    ) |  4.463E-04 1.526E-03
     453 1.9548E-01 4.4619E-04  (-0.252    ,  1.953E-03,   0.00    ) |  4.462E-04 1.526E-03
     454 1.9593E-01 4.4610E-04  (-0.252    ,  1.953E-03,   0.00    ) |  4.461E-04 1.526E-03
     455 1.9637E-01 4.4602E-04  (-0.252    ,  1.953E-03,   0.00    ) |  4.460E-04 1.526E-03
     456 1.9682E-01 4.4594E-04  (-0.252    ,  1.953E-03,   0.00    ) |  4.459E-04 1.526E-03
     457 1.9726E-01 4.4585E-04  ( 0.252    ,  1.953E-03,   0.00    ) |  4.459E-04 1.526E-03
     458 1.9771E-01 4.4577E-04  (-0.252    ,  1.953E-03,   0.00    ) |  4.458E-04 1.526E-03
     459 1.9816E-01 4.4569E-04  ( 0.252    ,  1.953E-03,   0.00    ) |  4.457E-04 1.526E-03
     460 1.9860E-01 4.4560E-04  ( 0.252    ,  1.953E-03,   0.00    ) |  4.456E-04 1.526E-03
     461 1.9905E-01 4.4552E-04  ( 0.252    ,  1.953E-03,   0.00    ) |  4.455E-04 1.526E-03
     462 1.9949E-01 4.4544E-04  ( 0.248    ,  1.953E-03,   0.00    ) |  4.454E-04 1.526E-03
     463 1.9994E-01 4.4535E-04  ( 0.248    ,  1.953E-03,   0.00    ) |  4.454E-04 1.526E-03
 *** Wrote plotfile to flash_run_hdf5_plt_cnt_0008 ****
     464 2.0038E-01 4.4527E-04  ( 0.248    ,  1.953E-03,   0.00    ) |  4.453E-04 1.526E-03
     465 2.0083E-01 4.4519E-04  ( 0.248    ,  1.953E-03,   0.00    ) |  4.452E-04 1.526E-03
     466 2.0127E-01 4.4511E-04  ( 0.248    ,  1.953E-03,   0.00    ) |  4.451E-04 1.526E-03
     467 2.0172E-01 4.4502E-04  ( 0.248    ,  1.953E-03,   0.00    ) |  4.450E-04 1.526E-03
     468 2.0216E-01 4.4494E-04  ( 0.248    ,  1.953E-03,   0.00    ) |  4.449E-04 1.526E-03
     469 2.0261E-01 4.4486E-04  ( 0.248    ,  1.953E-03,   0.00    ) |  4.449E-04 1.526E-03
     470 2.0305E-01 4.4478E-04  ( 0.248    ,  1.953E-03,   0.00    ) |  4.448E-04 1.526E-03
     471 2.0350E-01 4.4470E-04  ( 0.248    ,  1.953E-03,   0.00    ) |  4.447E-04 1.526E-03
     472 2.0394E-01 4.4461E-04  ( 0.248    ,  1.953E-03,   0.00    ) |  4.446E-04 1.526E-03
     473 2.0439E-01 4.4453E-04  ( 0.248    ,  1.953E-03,   0.00    ) |  4.445E-04 1.526E-03
     474 2.0483E-01 4.4445E-04  ( 0.248    ,  1.953E-03,   0.00    ) |  4.445E-04 1.526E-03
     475 2.0528E-01 4.4437E-04  ( 0.248    ,  1.953E-03,   0.00    ) |  4.444E-04 1.526E-03
     476 2.0572E-01 4.4429E-04  ( 0.248    ,  1.953E-03,   0.00    ) |  4.443E-04 1.526E-03
     477 2.0617E-01 4.4420E-04  ( 0.248    ,  1.953E-03,   0.00    ) |  4.442E-04 1.526E-03
     478 2.0661E-01 4.4412E-04  ( 0.248    ,  1.953E-03,   0.00    ) |  4.441E-04 1.526E-03
     479 2.0705E-01 4.4404E-04  ( 0.248    ,  1.953E-03,   0.00    ) |  4.440E-04 1.526E-03
     480 2.0750E-01 4.4396E-04  ( 0.248    ,  1.953E-03,   0.00    ) |  4.440E-04 1.526E-03
     481 2.0794E-01 4.4388E-04  ( 0.248    ,  1.953E-03,   0.00    ) |  4.439E-04 1.526E-03
     482 2.0839E-01 4.4380E-04  ( 0.248    ,  1.953E-03,   0.00    ) |  4.438E-04 1.526E-03
     483 2.0883E-01 4.4372E-04  ( 0.248    ,  1.953E-03,   0.00    ) |  4.437E-04 1.526E-03
     484 2.0927E-01 4.4363E-04  ( 0.248    ,  1.953E-03,   0.00    ) |  4.436E-04 1.526E-03
     485 2.0972E-01 4.4355E-04  ( 0.248    ,  1.953E-03,   0.00    ) |  4.436E-04 1.526E-03
     486 2.1016E-01 4.4347E-04  ( 0.248    ,  1.953E-03,   0.00    ) |  4.435E-04 1.526E-03
     487 2.1060E-01 4.4339E-04  ( 0.248    ,  1.953E-03,   0.00    ) |  4.434E-04 1.526E-03
     488 2.1105E-01 4.4331E-04  ( 0.248    ,  1.953E-03,   0.00    ) |  4.433E-04 1.526E-03
     489 2.1149E-01 4.4323E-04  ( 0.248    ,  1.953E-03,   0.00    ) |  4.432E-04 1.526E-03
     490 2.1193E-01 4.4315E-04  ( 0.248    ,  1.953E-03,   0.00    ) |  4.431E-04 1.526E-03
     491 2.1238E-01 4.4307E-04  ( 0.248    ,  1.953E-03,   0.00    ) |  4.431E-04 1.526E-03
     492 2.1282E-01 4.4299E-04  ( 0.248    ,  1.953E-03,   0.00    ) |  4.430E-04 1.526E-03
     493 2.1326E-01 4.4290E-04  ( 0.248    ,  1.953E-03,   0.00    ) |  4.429E-04 1.526E-03
     494 2.1371E-01 4.4282E-04  ( 0.248    ,  1.953E-03,   0.00    ) |  4.428E-04 1.526E-03
     495 2.1415E-01 4.4274E-04  ( 0.248    ,  1.953E-03,   0.00    ) |  4.427E-04 1.526E-03
     496 2.1459E-01 4.4266E-04  (-0.244    ,  1.953E-03,   0.00    ) |  4.427E-04 1.526E-03
     497 2.1503E-01 4.4258E-04  (-0.244    ,  1.953E-03,   0.00    ) |  4.426E-04 1.526E-03
     498 2.1548E-01 4.4250E-04  (-0.244    ,  1.953E-03,   0.00    ) |  4.425E-04 1.526E-03
     499 2.1592E-01 4.4242E-04  (-0.244    ,  1.953E-03,   0.00    ) |  4.424E-04 1.526E-03
     500 2.1636E-01 4.4234E-04  (-0.244    ,  1.953E-03,   0.00    ) |  4.423E-04 1.526E-03
     501 2.1680E-01 4.4226E-04  (-0.244    ,  1.953E-03,   0.00    ) |  4.423E-04 1.526E-03
     502 2.1725E-01 4.4218E-04  (-0.244    ,  1.953E-03,   0.00    ) |  4.422E-04 1.526E-03
     503 2.1769E-01 4.4210E-04  (-0.244    ,  1.953E-03,   0.00    ) |  4.421E-04 1.526E-03
     504 2.1813E-01 4.4202E-04  (-0.244    ,  1.953E-03,   0.00    ) |  4.420E-04 1.526E-03
     505 2.1857E-01 4.4194E-04  (-0.244    ,  1.953E-03,   0.00    ) |  4.419E-04 1.526E-03
     506 2.1901E-01 4.4186E-04  (-0.244    ,  1.953E-03,   0.00    ) |  4.419E-04 1.526E-03
     507 2.1946E-01 4.4177E-04  ( 0.244    , -1.953E-03,   0.00    ) |  4.418E-04 1.526E-03
     508 2.1990E-01 4.4169E-04  ( 0.244    , -1.953E-03,   0.00    ) |  4.417E-04 1.526E-03
     509 2.2034E-01 4.4161E-04  ( 0.244    , -1.953E-03,   0.00    ) |  4.416E-04 1.526E-03
     510 2.2078E-01 4.4153E-04  ( 0.244    , -1.953E-03,   0.00    ) |  4.415E-04 1.526E-03
     511 2.2122E-01 4.4145E-04  ( 0.244    , -1.953E-03,   0.00    ) |  4.415E-04 1.526E-03
     512 2.2166E-01 4.4137E-04  ( 0.244    , -1.953E-03,   0.00    ) |  4.414E-04 1.526E-03
     513 2.2211E-01 4.4129E-04  ( 0.244    , -1.953E-03,   0.00    ) |  4.413E-04 1.526E-03
     514 2.2255E-01 4.4121E-04  (-0.244    , -1.953E-03,   0.00    ) |  4.412E-04 1.526E-03
     515 2.2299E-01 4.4113E-04  ( 0.244    , -1.953E-03,   0.00    ) |  4.411E-04 1.526E-03
     516 2.2343E-01 4.4105E-04  ( 0.244    , -1.953E-03,   0.00    ) |  4.411E-04 1.526E-03
     517 2.2387E-01 4.4097E-04  ( 0.244    , -1.953E-03,   0.00    ) |  4.410E-04 1.526E-03
     518 2.2431E-01 4.4090E-04  ( 0.244    ,  1.953E-03,   0.00    ) |  4.409E-04 1.526E-03
     519 2.2475E-01 4.4082E-04  (-0.244    ,  1.953E-03,   0.00    ) |  4.408E-04 1.526E-03
 *** Wrote plotfile to flash_run_hdf5_plt_cnt_0009 ****
     520 2.2519E-01 4.4074E-04  ( 0.244    , -1.953E-03,   0.00    ) |  4.407E-04 1.526E-03
     521 2.2563E-01 4.4066E-04  (-0.244    , -1.953E-03,   0.00    ) |  4.407E-04 1.526E-03
     522 2.2607E-01 4.4058E-04  ( 0.244    , -1.953E-03,   0.00    ) |  4.406E-04 1.526E-03
     523 2.2652E-01 4.4050E-04  ( 0.244    , -1.953E-03,   0.00    ) |  4.405E-04 1.526E-03
     524 2.2696E-01 4.4042E-04  (-0.244    , -1.953E-03,   0.00    ) |  4.404E-04 1.526E-03
     525 2.2740E-01 4.4034E-04  ( 0.244    , -1.953E-03,   0.00    ) |  4.403E-04 1.526E-03
     526 2.2784E-01 4.4026E-04  (-0.244    ,  1.953E-03,   0.00    ) |  4.403E-04 1.526E-03
     527 2.2828E-01 4.4018E-04  (-0.244    ,  1.953E-03,   0.00    ) |  4.402E-04 1.526E-03
     528 2.2872E-01 4.4010E-04  (-0.244    ,  1.953E-03,   0.00    ) |  4.401E-04 1.526E-03
     529 2.2916E-01 4.4002E-04  (-0.244    ,  1.953E-03,   0.00    ) |  4.400E-04 1.526E-03
     530 2.2960E-01 4.3994E-04  (-0.244    ,  1.953E-03,   0.00    ) |  4.399E-04 1.526E-03
     531 2.3004E-01 4.3986E-04  (-0.244    ,  1.953E-03,   0.00    ) |  4.399E-04 1.526E-03
     532 2.3048E-01 4.3979E-04  (-0.244    ,  1.953E-03,   0.00    ) |  4.398E-04 1.526E-03
     533 2.3092E-01 4.3971E-04  (-0.244    ,  1.953E-03,   0.00    ) |  4.397E-04 1.526E-03
     534 2.3136E-01 4.3963E-04  (-0.244    ,  1.953E-03,   0.00    ) |  4.396E-04 1.526E-03
     535 2.3180E-01 4.3955E-04  (-0.244    ,  1.953E-03,   0.00    ) |  4.396E-04 1.526E-03
     536 2.3224E-01 4.3947E-04  (-0.244    ,  1.953E-03,   0.00    ) |  4.395E-04 1.526E-03
     537 2.3267E-01 4.3939E-04  (-0.244    ,  1.953E-03,   0.00    ) |  4.394E-04 1.526E-03
     538 2.3311E-01 4.3932E-04  (-0.244    ,  1.953E-03,   0.00    ) |  4.393E-04 1.526E-03
     539 2.3355E-01 4.3924E-04  (-0.244    ,  1.953E-03,   0.00    ) |  4.392E-04 1.526E-03
     540 2.3399E-01 4.3916E-04  (-0.244    ,  1.953E-03,   0.00    ) |  4.392E-04 1.526E-03
     541 2.3443E-01 4.3908E-04  (-0.244    ,  1.953E-03,   0.00    ) |  4.391E-04 1.526E-03
     542 2.3487E-01 4.3900E-04  (-0.244    ,  1.953E-03,   0.00    ) |  4.390E-04 1.526E-03
     543 2.3531E-01 4.3892E-04  (-0.244    ,  1.953E-03,   0.00    ) |  4.389E-04 1.526E-03
     544 2.3575E-01 4.3885E-04  (-0.244    ,  1.953E-03,   0.00    ) |  4.388E-04 1.526E-03
     545 2.3619E-01 4.3877E-04  (-0.244    ,  1.953E-03,   0.00    ) |  4.388E-04 1.526E-03
     546 2.3663E-01 4.3869E-04  (-0.244    ,  1.953E-03,   0.00    ) |  4.387E-04 1.526E-03
     547 2.3707E-01 4.3861E-04  (-0.244    ,  1.953E-03,   0.00    ) |  4.386E-04 1.526E-03
     548 2.3750E-01 4.3854E-04  (-0.244    ,  1.953E-03,   0.00    ) |  4.385E-04 1.526E-03
     549 2.3794E-01 4.3846E-04  (-0.244    ,  1.953E-03,   0.00    ) |  4.385E-04 1.526E-03
     550 2.3838E-01 4.3838E-04  (-0.244    ,  1.953E-03,   0.00    ) |  4.384E-04 1.526E-03
     551 2.3882E-01 4.3830E-04  (-0.244    ,  1.953E-03,   0.00    ) |  4.383E-04 1.526E-03
     552 2.3926E-01 4.3823E-04  (-0.244    ,  1.953E-03,   0.00    ) |  4.382E-04 1.526E-03
     553 2.3970E-01 4.3815E-04  (-0.244    ,  1.953E-03,   0.00    ) |  4.381E-04 1.526E-03
     554 2.4013E-01 4.3807E-04  (-0.244    ,  1.953E-03,   0.00    ) |  4.381E-04 1.526E-03
     555 2.4057E-01 4.3799E-04  (-0.244    ,  1.953E-03,   0.00    ) |  4.380E-04 1.526E-03
     556 2.4101E-01 4.3792E-04  (-0.244    ,  1.953E-03,   0.00    ) |  4.379E-04 1.526E-03
     557 2.4145E-01 4.3784E-04  (-0.244    ,  1.953E-03,   0.00    ) |  4.378E-04 1.526E-03
     558 2.4189E-01 4.3776E-04  (-0.244    ,  1.953E-03,   0.00    ) |  4.378E-04 1.526E-03
     559 2.4232E-01 4.3769E-04  (-0.244    ,  1.953E-03,   0.00    ) |  4.377E-04 1.526E-03
     560 2.4276E-01 4.3761E-04  (-0.244    ,  1.953E-03,   0.00    ) |  4.376E-04 1.526E-03
     561 2.4320E-01 4.3753E-04  (-0.244    ,  1.953E-03,   0.00    ) |  4.375E-04 1.526E-03
     562 2.4364E-01 4.3746E-04  (-0.244    ,  1.953E-03,   0.00    ) |  4.375E-04 1.526E-03
     563 2.4407E-01 4.3738E-04  (-0.244    ,  1.953E-03,   0.00    ) |  4.374E-04 1.526E-03
     564 2.4451E-01 4.3730E-04  (-0.244    ,  1.953E-03,   0.00    ) |  4.373E-04 1.526E-03
     565 2.4495E-01 4.3723E-04  (-0.244    ,  1.953E-03,   0.00    ) |  4.372E-04 1.526E-03
     566 2.4539E-01 4.3715E-04  (-0.244    ,  1.953E-03,   0.00    ) |  4.371E-04 1.526E-03
     567 2.4582E-01 4.3707E-04  (-0.244    ,  1.953E-03,   0.00    ) |  4.371E-04 1.526E-03
     568 2.4626E-01 4.3700E-04  (-0.244    ,  1.953E-03,   0.00    ) |  4.370E-04 1.526E-03
     569 2.4670E-01 4.3692E-04  (-0.244    ,  1.953E-03,   0.00    ) |  4.369E-04 1.526E-03
     570 2.4713E-01 4.3684E-04  (-0.244    ,  1.953E-03,   0.00    ) |  4.368E-04 1.526E-03
     571 2.4757E-01 4.3677E-04  (-0.244    ,  1.953E-03,   0.00    ) |  4.368E-04 1.526E-03
     572 2.4801E-01 4.3669E-04  (-0.244    ,  1.953E-03,   0.00    ) |  4.367E-04 1.526E-03
     573 2.4844E-01 4.3662E-04  (-0.244    ,  1.953E-03,   0.00    ) |  4.366E-04 1.526E-03
     574 2.4888E-01 4.3654E-04  (-0.244    ,  1.953E-03,   0.00    ) |  4.365E-04 1.526E-03
     575 2.4932E-01 4.3646E-04  (-0.244    ,  1.953E-03,   0.00    ) |  4.365E-04 1.526E-03
     576 2.4975E-01 4.3639E-04  (-0.244    ,  1.953E-03,   0.00    ) |  4.364E-04 1.526E-03
 *** Wrote plotfile to flash_run_hdf5_plt_cnt_0010 ****
     577 2.5019E-01 4.3631E-04  (-0.244    ,  1.953E-03,   0.00    ) |  4.363E-04 1.526E-03
     578 2.5063E-01 4.3624E-04  (-0.244    ,  1.953E-03,   0.00    ) |  4.362E-04 1.526E-03
     579 2.5106E-01 4.3616E-04  (-0.244    ,  1.953E-03,   0.00    ) |  4.362E-04 1.526E-03
     580 2.5150E-01 4.3609E-04  (-0.244    ,  1.953E-03,   0.00    ) |  4.361E-04 1.526E-03
     581 2.5193E-01 4.3601E-04  (-0.244    ,  1.953E-03,   0.00    ) |  4.360E-04 1.526E-03
     582 2.5237E-01 4.3594E-04  (-0.244    ,  1.953E-03,   0.00    ) |  4.359E-04 1.526E-03
     583 2.5281E-01 4.3586E-04  (-0.244    ,  1.953E-03,   0.00    ) |  4.359E-04 1.526E-03
     584 2.5324E-01 4.3579E-04  (-0.244    ,  1.953E-03,   0.00    ) |  4.358E-04 1.526E-03
     585 2.5368E-01 4.3571E-04  (-0.244    ,  1.953E-03,   0.00    ) |  4.357E-04 1.526E-03
     586 2.5411E-01 4.3564E-04  (-0.244    ,  1.953E-03,   0.00    ) |  4.356E-04 1.526E-03
     587 2.5455E-01 4.3556E-04  (-0.244    ,  1.953E-03,   0.00    ) |  4.356E-04 1.526E-03
     588 2.5499E-01 4.3549E-04  (-0.244    ,  1.953E-03,   0.00    ) |  4.355E-04 1.526E-03
     589 2.5542E-01 4.3541E-04  (-0.244    ,  1.953E-03,   0.00    ) |  4.354E-04 1.526E-03
     590 2.5586E-01 4.3534E-04  (-0.244    ,  1.953E-03,   0.00    ) |  4.353E-04 1.526E-03
     591 2.5629E-01 4.3526E-04  (-0.244    ,  1.953E-03,   0.00    ) |  4.353E-04 1.526E-03
     592 2.5673E-01 4.3519E-04  (-0.244    ,  1.953E-03,   0.00    ) |  4.352E-04 1.526E-03
     593 2.5716E-01 4.3511E-04  (-0.244    ,  1.953E-03,   0.00    ) |  4.351E-04 1.526E-03
     594 2.5760E-01 4.3504E-04  (-0.244    ,  1.953E-03,   0.00    ) |  4.350E-04 1.526E-03
     595 2.5803E-01 4.3496E-04  (-0.244    ,  1.953E-03,   0.00    ) |  4.350E-04 1.526E-03
     596 2.5847E-01 4.3489E-04  (-0.244    ,  1.953E-03,   0.00    ) |  4.349E-04 1.526E-03
     597 2.5890E-01 4.3481E-04  (-0.244    ,  1.953E-03,   0.00    ) |  4.348E-04 1.526E-03
     598 2.5934E-01 4.3474E-04  (-0.244    ,  1.953E-03,   0.00    ) |  4.347E-04 1.526E-03
     599 2.5977E-01 4.3466E-04  (-0.248    ,  1.953E-03,   0.00    ) |  4.347E-04 1.526E-03
     600 2.6021E-01 4.3459E-04  (-0.248    ,  1.953E-03,   0.00    ) |  4.346E-04 1.526E-03
     601 2.6064E-01 4.3452E-04  (-0.248    ,  1.953E-03,   0.00    ) |  4.345E-04 1.526E-03
     602 2.6108E-01 4.3444E-04  (-0.248    ,  1.953E-03,   0.00    ) |  4.344E-04 1.526E-03
     603 2.6151E-01 4.3437E-04  (-0.248    ,  1.953E-03,   0.00    ) |  4.344E-04 1.526E-03
     604 2.6194E-01 4.3429E-04  (-0.248    ,  1.953E-03,   0.00    ) |  4.343E-04 1.526E-03
     605 2.6238E-01 4.3422E-04  (-0.248    ,  1.953E-03,   0.00    ) |  4.342E-04 1.526E-03
     606 2.6281E-01 4.3414E-04  (-0.248    ,  1.953E-03,   0.00    ) |  4.341E-04 1.526E-03
     607 2.6325E-01 4.3407E-04  (-0.248    ,  1.953E-03,   0.00    ) |  4.341E-04 1.526E-03
     608 2.6368E-01 4.3399E-04  (-0.248    ,  1.953E-03,   0.00    ) |  4.340E-04 1.526E-03
     609 2.6411E-01 4.3392E-04  (-0.248    ,  1.953E-03,   0.00    ) |  4.339E-04 1.526E-03
     610 2.6455E-01 4.3385E-04  (-0.248    ,  1.953E-03,   0.00    ) |  4.338E-04 1.526E-03
     611 2.6498E-01 4.3377E-04  (-0.248    ,  1.953E-03,   0.00    ) |  4.338E-04 1.526E-03
     612 2.6542E-01 4.3370E-04  (-0.248    ,  1.953E-03,   0.00    ) |  4.337E-04 1.526E-03
     613 2.6585E-01 4.3362E-04  (-0.248    ,  1.953E-03,   0.00    ) |  4.336E-04 1.526E-03
     614 2.6628E-01 4.3355E-04  (-0.248    ,  1.953E-03,   0.00    ) |  4.335E-04 1.526E-03
     615 2.6672E-01 4.3347E-04  (-0.248    ,  1.953E-03,   0.00    ) |  4.335E-04 1.526E-03
     616 2.6715E-01 4.3340E-04  (-0.248    ,  1.953E-03,   0.00    ) |  4.334E-04 1.526E-03
     617 2.6758E-01 4.3332E-04  (-0.248    ,  1.953E-03,   0.00    ) |  4.333E-04 1.526E-03
     618 2.6802E-01 4.3325E-04  (-0.248    ,  1.953E-03,   0.00    ) |  4.333E-04 1.526E-03
     619 2.6845E-01 4.3318E-04  (-0.248    ,  1.953E-03,   0.00    ) |  4.332E-04 1.526E-03
     620 2.6888E-01 4.3310E-04  (-0.248    ,  1.953E-03,   0.00    ) |  4.331E-04 1.526E-03
     621 2.6932E-01 4.3303E-04  (-0.248    ,  1.953E-03,   0.00    ) |  4.330E-04 1.526E-03
     622 2.6975E-01 4.3295E-04  (-0.248    ,  1.953E-03,   0.00    ) |  4.330E-04 1.526E-03
     623 2.7018E-01 4.3288E-04  (-0.248    ,  1.953E-03,   0.00    ) |  4.329E-04 1.526E-03
     624 2.7062E-01 4.3280E-04  (-0.248    ,  1.953E-03,   0.00    ) |  4.328E-04 1.526E-03
     625 2.7105E-01 4.3273E-04  (-0.248    ,  1.953E-03,   0.00    ) |  4.327E-04 1.526E-03
     626 2.7148E-01 4.3266E-04  (-0.248    ,  1.953E-03,   0.00    ) |  4.327E-04 1.526E-03
     627 2.7191E-01 4.3258E-04  (-0.248    ,  1.953E-03,   0.00    ) |  4.326E-04 1.526E-03
     628 2.7235E-01 4.3251E-04  (-0.248    ,  1.953E-03,   0.00    ) |  4.325E-04 1.526E-03
     629 2.7278E-01 4.3243E-04  (-0.248    ,  1.953E-03,   0.00    ) |  4.324E-04 1.526E-03
     630 2.7321E-01 4.3236E-04  (-0.248    ,  1.953E-03,   0.00    ) |  4.324E-04 1.526E-03
     631 2.7364E-01 4.3229E-04  (-0.248    ,  1.953E-03,   0.00    ) |  4.323E-04 1.526E-03
     632 2.7408E-01 4.3221E-04  (-0.248    ,  1.953E-03,   0.00    ) |  4.322E-04 1.526E-03
     633 2.7451E-01 4.3214E-04  (-0.248    ,  1.953E-03,   0.00    ) |  4.321E-04 1.526E-03
     634 2.7494E-01 4.3206E-04  (-0.248    ,  1.953E-03,   0.00    ) |  4.321E-04 1.526E-03
 *** Wrote plotfile to flash_run_hdf5_plt_cnt_0011 ****
     635 2.7537E-01 4.3199E-04  (-0.248    ,  1.953E-03,   0.00    ) |  4.320E-04 1.526E-03
     636 2.7580E-01 4.3191E-04  (-0.248    ,  1.953E-03,   0.00    ) |  4.319E-04 1.526E-03
     637 2.7624E-01 4.3184E-04  (-0.248    ,  1.953E-03,   0.00    ) |  4.318E-04 1.526E-03
     638 2.7667E-01 4.3177E-04  (-0.248    ,  1.953E-03,   0.00    ) |  4.318E-04 1.526E-03
     639 2.7710E-01 4.3169E-04  (-0.248    ,  1.953E-03,   0.00    ) |  4.317E-04 1.526E-03
     640 2.7753E-01 4.3162E-04  (-0.248    ,  1.953E-03,   0.00    ) |  4.316E-04 1.526E-03
     641 2.7796E-01 4.3154E-04  (-0.248    ,  1.953E-03,   0.00    ) |  4.315E-04 1.526E-03
     642 2.7840E-01 4.3147E-04  (-0.248    ,  1.953E-03,   0.00    ) |  4.315E-04 1.526E-03
     643 2.7883E-01 4.3139E-04  (-0.248    ,  1.953E-03,   0.00    ) |  4.314E-04 1.526E-03
     644 2.7926E-01 4.3132E-04  (-0.248    , -1.953E-03,   0.00    ) |  4.313E-04 1.526E-03
     645 2.7969E-01 4.3125E-04  (-0.248    ,  1.953E-03,   0.00    ) |  4.312E-04 1.526E-03
     646 2.8012E-01 4.3117E-04  (-0.248    ,  1.953E-03,   0.00    ) |  4.312E-04 1.526E-03
     647 2.8055E-01 4.3110E-04  (-0.248    ,  1.953E-03,   0.00    ) |  4.311E-04 1.526E-03
     648 2.8098E-01 4.3102E-04  (-0.248    ,  1.953E-03,   0.00    ) |  4.310E-04 1.526E-03
     649 2.8141E-01 4.3095E-04  (-0.248    ,  1.953E-03,   0.00    ) |  4.309E-04 1.526E-03
     650 2.8184E-01 4.3088E-04  (-0.248    ,  1.953E-03,   0.00    ) |  4.309E-04 1.526E-03
     651 2.8228E-01 4.3080E-04  (-0.248    ,  1.953E-03,   0.00    ) |  4.308E-04 1.526E-03
     652 2.8271E-01 4.3073E-04  (-0.248    , -1.953E-03,   0.00    ) |  4.307E-04 1.526E-03
     653 2.8314E-01 4.3065E-04  (-0.248    , -1.953E-03,   0.00    ) |  4.307E-04 1.526E-03
     654 2.8357E-01 4.3058E-04  (-0.248    , -1.953E-03,   0.00    ) |  4.306E-04 1.526E-03
     655 2.8400E-01 4.3051E-04  (-0.248    , -1.953E-03,   0.00    ) |  4.305E-04 1.526E-03
     656 2.8443E-01 4.3043E-04  (-0.248    , -1.953E-03,   0.00    ) |  4.304E-04 1.526E-03
     657 2.8486E-01 4.3036E-04  (-0.248    , -1.953E-03,   0.00    ) |  4.304E-04 1.526E-03
     658 2.8529E-01 4.3029E-04  ( 0.248    , -1.953E-03,   0.00    ) |  4.303E-04 1.526E-03
     659 2.8572E-01 4.3021E-04  (-0.248    , -1.953E-03,   0.00    ) |  4.302E-04 1.526E-03
     660 2.8615E-01 4.3014E-04  (-0.248    , -1.953E-03,   0.00    ) |  4.301E-04 1.526E-03
     661 2.8658E-01 4.3007E-04  (-0.248    , -1.953E-03,   0.00    ) |  4.301E-04 1.526E-03
     662 2.8701E-01 4.2999E-04  ( 0.248    , -1.953E-03,   0.00    ) |  4.300E-04 1.526E-03
     663 2.8744E-01 4.2992E-04  ( 0.248    , -1.953E-03,   0.00    ) |  4.299E-04 1.526E-03
     664 2.8787E-01 4.2985E-04  ( 0.248    , -1.953E-03,   0.00    ) |  4.298E-04 1.526E-03
     665 2.8830E-01 4.2978E-04  ( 0.248    , -1.953E-03,   0.00    ) |  4.298E-04 1.526E-03
     666 2.8873E-01 4.2971E-04  ( 0.248    , -1.953E-03,   0.00    ) |  4.297E-04 1.526E-03
     667 2.8916E-01 4.2963E-04  ( 0.248    , -1.953E-03,   0.00    ) |  4.296E-04 1.526E-03
     668 2.8959E-01 4.2956E-04  ( 0.248    , -1.953E-03,   0.00    ) |  4.296E-04 1.526E-03
     669 2.9002E-01 4.2949E-04  ( 0.248    , -1.953E-03,   0.00    ) |  4.295E-04 1.526E-03
     670 2.9045E-01 4.2942E-04  ( 0.248    , -1.953E-03,   0.00    ) |  4.294E-04 1.526E-03
     671 2.9088E-01 4.2936E-04  ( 0.248    , -1.953E-03,   0.00    ) |  4.294E-04 1.526E-03
     672 2.9131E-01 4.2929E-04  ( 0.248    , -1.953E-03,   0.00    ) |  4.293E-04 1.526E-03
     673 2.9174E-01 4.2922E-04  ( 0.248    , -1.953E-03,   0.00    ) |  4.292E-04 1.526E-03
     674 2.9217E-01 4.2915E-04  ( 0.248    , -1.953E-03,   0.00    ) |  4.292E-04 1.526E-03
     675 2.9259E-01 4.2909E-04  ( 0.248    , -1.953E-03,   0.00    ) |  4.291E-04 1.526E-03
     676 2.9302E-01 4.2902E-04  ( 0.248    , -1.953E-03,   0.00    ) |  4.290E-04 1.526E-03
     677 2.9345E-01 4.2896E-04  ( 0.248    , -1.953E-03,   0.00    ) |  4.290E-04 1.526E-03
     678 2.9388E-01 4.2889E-04  ( 0.248    , -1.953E-03,   0.00    ) |  4.289E-04 1.526E-03
     679 2.9431E-01 4.2883E-04  ( 0.248    , -1.953E-03,   0.00    ) |  4.288E-04 1.526E-03
     680 2.9474E-01 4.2877E-04  ( 0.248    , -1.953E-03,   0.00    ) |  4.288E-04 1.526E-03
     681 2.9517E-01 4.2871E-04  ( 0.248    , -1.953E-03,   0.00    ) |  4.287E-04 1.526E-03
     682 2.9560E-01 4.2864E-04  ( 0.248    , -1.953E-03,   0.00    ) |  4.286E-04 1.526E-03
     683 2.9603E-01 4.2858E-04  ( 0.248    , -1.953E-03,   0.00    ) |  4.286E-04 1.526E-03
     684 2.9645E-01 4.2852E-04  ( 0.248    , -1.953E-03,   0.00    ) |  4.285E-04 1.526E-03
     685 2.9688E-01 4.2846E-04  ( 0.248    , -1.953E-03,   0.00    ) |  4.285E-04 1.526E-03
     686 2.9731E-01 4.2840E-04  ( 0.248    , -1.953E-03,   0.00    ) |  4.284E-04 1.526E-03
     687 2.9774E-01 4.2834E-04  ( 0.248    , -1.953E-03,   0.00    ) |  4.283E-04 1.526E-03
     688 2.9817E-01 4.2828E-04  ( 0.248    , -1.953E-03,   0.00    ) |  4.283E-04 1.526E-03
     689 2.9860E-01 4.2822E-04  ( 0.248    , -1.953E-03,   0.00    ) |  4.282E-04 1.526E-03
     690 2.9902E-01 4.2816E-04  ( 0.248    , -1.953E-03,   0.00    ) |  4.282E-04 1.526E-03
     691 2.9945E-01 4.2810E-04  ( 0.248    , -1.953E-03,   0.00    ) |  4.281E-04 1.526E-03
     692 2.9988E-01 4.2804E-04  ( 0.248    , -1.953E-03,   0.00    ) |  4.280E-04 1.526E-03
 *** Wrote plotfile to flash_run_hdf5_plt_cnt_0012 ****
     693 3.0031E-01 4.2798E-04  ( 0.248    , -1.953E-03,   0.00    ) |  4.280E-04 1.526E-03
     694 3.0074E-01 4.2792E-04  ( 0.248    , -1.953E-03,   0.00    ) |  4.279E-04 1.526E-03
     695 3.0116E-01 4.2786E-04  ( 0.248    , -1.953E-03,   0.00    ) |  4.279E-04 1.526E-03
     696 3.0159E-01 4.2779E-04  ( 0.248    , -1.953E-03,   0.00    ) |  4.278E-04 1.526E-03
     697 3.0202E-01 4.2773E-04  ( 0.248    , -1.953E-03,   0.00    ) |  4.277E-04 1.526E-03
     698 3.0245E-01 4.2767E-04  ( 0.248    , -1.953E-03,   0.00    ) |  4.277E-04 1.526E-03
     699 3.0288E-01 4.2761E-04  ( 0.248    , -1.953E-03,   0.00    ) |  4.276E-04 1.526E-03
     700 3.0330E-01 4.2754E-04  ( 0.248    , -1.953E-03,   0.00    ) |  4.275E-04 1.526E-03
     701 3.0373E-01 4.2748E-04  ( 0.248    , -1.953E-03,   0.00    ) |  4.275E-04 1.526E-03
     702 3.0416E-01 4.2741E-04  ( 0.248    , -1.953E-03,   0.00    ) |  4.274E-04 1.526E-03
     703 3.0459E-01 4.2734E-04  ( 0.248    , -1.953E-03,   0.00    ) |  4.273E-04 1.526E-03
     704 3.0501E-01 4.2727E-04  ( 0.248    , -1.953E-03,   0.00    ) |  4.273E-04 1.526E-03
     705 3.0544E-01 4.2720E-04  ( 0.248    , -1.953E-03,   0.00    ) |  4.272E-04 1.526E-03
     706 3.0587E-01 4.2713E-04  ( 0.248    , -1.953E-03,   0.00    ) |  4.271E-04 1.526E-03
     707 3.0629E-01 4.2706E-04  ( 0.248    , -1.953E-03,   0.00    ) |  4.271E-04 1.526E-03
     708 3.0672E-01 4.2699E-04  ( 0.248    , -1.953E-03,   0.00    ) |  4.270E-04 1.526E-03
     709 3.0715E-01 4.2691E-04  ( 0.248    , -1.953E-03,   0.00    ) |  4.269E-04 1.526E-03
     710 3.0758E-01 4.2684E-04  ( 0.248    , -1.953E-03,   0.00    ) |  4.268E-04 1.526E-03
     711 3.0800E-01 4.2676E-04  ( 0.248    , -1.953E-03,   0.00    ) |  4.268E-04 1.526E-03
     712 3.0843E-01 4.2669E-04  ( 0.248    , -1.953E-03,   0.00    ) |  4.267E-04 1.526E-03
     713 3.0886E-01 4.2661E-04  ( 0.248    , -1.953E-03,   0.00    ) |  4.266E-04 1.526E-03
     714 3.0928E-01 4.2654E-04  ( 0.248    , -1.953E-03,   0.00    ) |  4.265E-04 1.526E-03
     715 3.0971E-01 4.2646E-04  ( 0.248    , -1.953E-03,   0.00    ) |  4.265E-04 1.526E-03
     716 3.1014E-01 4.2638E-04  ( 0.248    , -1.953E-03,   0.00    ) |  4.264E-04 1.526E-03
     717 3.1056E-01 4.2630E-04  ( 0.248    , -1.953E-03,   0.00    ) |  4.263E-04 1.526E-03
     718 3.1099E-01 4.2623E-04  ( 0.248    , -1.953E-03,   0.00    ) |  4.262E-04 1.526E-03
     719 3.1141E-01 4.2615E-04  ( 0.248    , -1.953E-03,   0.00    ) |  4.262E-04 1.526E-03
     720 3.1184E-01 4.2607E-04  ( 0.248    , -1.953E-03,   0.00    ) |  4.261E-04 1.526E-03
     721 3.1227E-01 4.2600E-04  ( 0.248    , -1.953E-03,   0.00    ) |  4.260E-04 1.526E-03
     722 3.1269E-01 4.2592E-04  ( 0.248    , -1.953E-03,   0.00    ) |  4.259E-04 1.526E-03
     723 3.1312E-01 4.2584E-04  ( 0.248    , -1.953E-03,   0.00    ) |  4.258E-04 1.526E-03
     724 3.1354E-01 4.2577E-04  ( 0.248    , -1.953E-03,   0.00    ) |  4.258E-04 1.526E-03
     725 3.1397E-01 4.2569E-04  ( 0.248    , -1.953E-03,   0.00    ) |  4.257E-04 1.526E-03
     726 3.1440E-01 4.2562E-04  ( 0.248    , -1.953E-03,   0.00    ) |  4.256E-04 1.526E-03
     727 3.1482E-01 4.2554E-04  ( 0.248    , -1.953E-03,   0.00    ) |  4.255E-04 1.526E-03
     728 3.1525E-01 4.2547E-04  ( 0.248    , -1.953E-03,   0.00    ) |  4.255E-04 1.526E-03
     729 3.1567E-01 4.2539E-04  ( 0.248    , -1.953E-03,   0.00    ) |  4.254E-04 1.526E-03
     730 3.1610E-01 4.2532E-04  ( 0.248    , -1.953E-03,   0.00    ) |  4.253E-04 1.526E-03
     731 3.1652E-01 4.2525E-04  ( 0.248    , -1.953E-03,   0.00    ) |  4.252E-04 1.526E-03
     732 3.1695E-01 4.2518E-04  ( 0.248    , -1.953E-03,   0.00    ) |  4.252E-04 1.526E-03
     733 3.1737E-01 4.2510E-04  ( 0.248    , -1.953E-03,   0.00    ) |  4.251E-04 1.526E-03
     734 3.1780E-01 4.2503E-04  ( 0.248    , -1.953E-03,   0.00    ) |  4.250E-04 1.526E-03
     735 3.1822E-01 4.2497E-04  ( 0.248    , -1.953E-03,   0.00    ) |  4.250E-04 1.526E-03
     736 3.1865E-01 4.2490E-04  ( 0.248    , -1.953E-03,   0.00    ) |  4.249E-04 1.526E-03
     737 3.1907E-01 4.2483E-04  ( 0.248    , -1.953E-03,   0.00    ) |  4.248E-04 1.526E-03
     738 3.1950E-01 4.2476E-04  ( 0.248    , -1.953E-03,   0.00    ) |  4.248E-04 1.526E-03
     739 3.1992E-01 4.2470E-04  ( 0.248    , -1.953E-03,   0.00    ) |  4.247E-04 1.526E-03
     740 3.2035E-01 4.2463E-04  ( 0.248    , -1.953E-03,   0.00    ) |  4.246E-04 1.526E-03
     741 3.2077E-01 4.2457E-04  ( 0.248    , -1.953E-03,   0.00    ) |  4.246E-04 1.526E-03
     742 3.2120E-01 4.2451E-04  ( 0.248    , -1.953E-03,   0.00    ) |  4.245E-04 1.526E-03
     743 3.2162E-01 4.2444E-04  ( 0.248    , -1.953E-03,   0.00    ) |  4.244E-04 1.526E-03
     744 3.2205E-01 4.2438E-04  ( 0.248    , -1.953E-03,   0.00    ) |  4.244E-04 1.526E-03
     745 3.2247E-01 4.2432E-04  ( 0.248    , -1.953E-03,   0.00    ) |  4.243E-04 1.526E-03
     746 3.2289E-01 4.2426E-04  ( 0.248    , -1.953E-03,   0.00    ) |  4.243E-04 1.526E-03
     747 3.2332E-01 4.2421E-04  ( 0.248    , -1.953E-03,   0.00    ) |  4.242E-04 1.526E-03
     748 3.2374E-01 4.2415E-04  ( 0.248    , -1.953E-03,   0.00    ) |  4.241E-04 1.526E-03
     749 3.2417E-01 4.2409E-04  ( 0.248    , -1.953E-03,   0.00    ) |  4.241E-04 1.526E-03
     750 3.2459E-01 4.2403E-04  ( 0.248    , -1.953E-03,   0.00    ) |  4.240E-04 1.526E-03
 *** Wrote plotfile to flash_run_hdf5_plt_cnt_0013 ****
     751 3.2502E-01 4.2397E-04  ( 0.248    , -1.953E-03,   0.00    ) |  4.240E-04 1.526E-03
     752 3.2544E-01 4.2392E-04  ( 0.248    , -1.953E-03,   0.00    ) |  4.239E-04 1.526E-03
     753 3.2586E-01 4.2386E-04  ( 0.248    , -1.953E-03,   0.00    ) |  4.239E-04 1.526E-03
     754 3.2629E-01 4.2380E-04  ( 0.248    , -1.953E-03,   0.00    ) |  4.238E-04 1.526E-03
     755 3.2671E-01 4.2374E-04  ( 0.248    , -1.953E-03,   0.00    ) |  4.237E-04 1.526E-03
     756 3.2713E-01 4.2368E-04  ( 0.248    , -1.953E-03,   0.00    ) |  4.237E-04 1.526E-03
     757 3.2756E-01 4.2363E-04  ( 0.248    , -1.953E-03,   0.00    ) |  4.236E-04 1.526E-03
     758 3.2798E-01 4.2357E-04  ( 0.248    , -1.953E-03,   0.00    ) |  4.236E-04 1.526E-03
     759 3.2841E-01 4.2351E-04  ( 0.248    , -1.953E-03,   0.00    ) |  4.235E-04 1.526E-03
     760 3.2883E-01 4.2345E-04  ( 0.248    , -1.953E-03,   0.00    ) |  4.235E-04 1.526E-03
     761 3.2925E-01 4.2339E-04  ( 0.248    , -1.953E-03,   0.00    ) |  4.234E-04 1.526E-03
     762 3.2968E-01 4.2333E-04  ( 0.248    , -1.953E-03,   0.00    ) |  4.233E-04 1.526E-03
     763 3.3010E-01 4.2327E-04  ( 0.248    , -1.953E-03,   0.00    ) |  4.233E-04 1.526E-03
     764 3.3052E-01 4.2321E-04  ( 0.248    , -1.953E-03,   0.00    ) |  4.232E-04 1.526E-03
     765 3.3095E-01 4.2315E-04  ( 0.248    , -1.953E-03,   0.00    ) |  4.232E-04 1.526E-03
     766 3.3137E-01 4.2309E-04  ( 0.248    , -1.953E-03,   0.00    ) |  4.231E-04 1.526E-03
     767 3.3179E-01 4.2303E-04  ( 0.248    , -1.953E-03,   0.00    ) |  4.230E-04 1.526E-03
     768 3.3222E-01 4.2297E-04  ( 0.248    , -1.953E-03,   0.00    ) |  4.230E-04 1.526E-03
     769 3.3264E-01 4.2291E-04  ( 0.248    , -1.953E-03,   0.00    ) |  4.229E-04 1.526E-03
     770 3.3306E-01 4.2285E-04  ( 0.248    , -1.953E-03,   0.00    ) |  4.229E-04 1.526E-03
     771 3.3348E-01 4.2279E-04  ( 0.248    , -1.953E-03,   0.00    ) |  4.228E-04 1.526E-03
     772 3.3391E-01 4.2273E-04  ( 0.248    , -1.953E-03,   0.00    ) |  4.227E-04 1.526E-03
     773 3.3433E-01 4.2267E-04  ( 0.248    , -1.953E-03,   0.00    ) |  4.227E-04 1.526E-03
     774 3.3475E-01 4.2261E-04  ( 0.248    , -1.953E-03,   0.00    ) |  4.226E-04 1.526E-03
     775 3.3517E-01 4.2255E-04  ( 0.248    , -1.953E-03,   0.00    ) |  4.226E-04 1.526E-03
     776 3.3560E-01 4.2249E-04  ( 0.248    , -1.953E-03,   0.00    ) |  4.225E-04 1.526E-03
     777 3.3602E-01 4.2243E-04  ( 0.248    , -1.953E-03,   0.00    ) |  4.224E-04 1.526E-03
     778 3.3644E-01 4.2237E-04  ( 0.248    , -1.953E-03,   0.00    ) |  4.224E-04 1.526E-03
     779 3.3686E-01 4.2230E-04  (-0.248    , -1.953E-03,   0.00    ) |  4.223E-04 1.526E-03
     780 3.3729E-01 4.2224E-04  (-0.248    , -1.953E-03,   0.00    ) |  4.222E-04 1.526E-03
     781 3.3771E-01 4.2218E-04  (-0.248    , -1.953E-03,   0.00    ) |  4.222E-04 1.526E-03
     782 3.3813E-01 4.2212E-04  (-0.248    , -1.953E-03,   0.00    ) |  4.221E-04 1.526E-03
     783 3.3855E-01 4.2206E-04  ( 0.248    ,  1.953E-03,   0.00    ) |  4.221E-04 1.526E-03
     784 3.3898E-01 4.2199E-04  ( 0.248    ,  1.953E-03,   0.00    ) |  4.220E-04 1.526E-03
     785 3.3940E-01 4.2193E-04  ( 0.248    ,  1.953E-03,   0.00    ) |  4.219E-04 1.526E-03
     786 3.3982E-01 4.2187E-04  ( 0.248    ,  1.953E-03,   0.00    ) |  4.219E-04 1.526E-03
     787 3.4024E-01 4.2181E-04  ( 0.248    ,  1.953E-03,   0.00    ) |  4.218E-04 1.526E-03
     788 3.4066E-01 4.2174E-04  ( 0.248    ,  1.953E-03,   0.00    ) |  4.217E-04 1.526E-03
     789 3.4108E-01 4.2168E-04  ( 0.248    ,  1.953E-03,   0.00    ) |  4.217E-04 1.526E-03
     790 3.4151E-01 4.2162E-04  ( 0.248    ,  1.953E-03,   0.00    ) |  4.216E-04 1.526E-03
     791 3.4193E-01 4.2156E-04  ( 0.248    ,  1.953E-03,   0.00    ) |  4.216E-04 1.526E-03
     792 3.4235E-01 4.2149E-04  ( 0.248    ,  1.953E-03,   0.00    ) |  4.215E-04 1.526E-03
     793 3.4277E-01 4.2143E-04  ( 0.248    ,  1.953E-03,   0.00    ) |  4.214E-04 1.526E-03
     794 3.4319E-01 4.2137E-04  ( 0.248    ,  1.953E-03,   0.00    ) |  4.214E-04 1.526E-03
     795 3.4361E-01 4.2130E-04  ( 0.248    ,  1.953E-03,   0.00    ) |  4.213E-04 1.526E-03
     796 3.4404E-01 4.2124E-04  ( 0.248    ,  1.953E-03,   0.00    ) |  4.212E-04 1.526E-03
     797 3.4446E-01 4.2118E-04  ( 0.248    ,  1.953E-03,   0.00    ) |  4.212E-04 1.526E-03
     798 3.4488E-01 4.2111E-04  ( 0.248    ,  1.953E-03,   0.00    ) |  4.211E-04 1.526E-03
     799 3.4530E-01 4.2105E-04  ( 0.248    ,  1.953E-03,   0.00    ) |  4.211E-04 1.526E-03
     800 3.4572E-01 4.2099E-04  ( 0.248    ,  1.953E-03,   0.00    ) |  4.210E-04 1.526E-03
     801 3.4614E-01 4.2093E-04  ( 0.248    ,  1.953E-03,   0.00    ) |  4.209E-04 1.526E-03
     802 3.4656E-01 4.2086E-04  ( 0.248    ,  1.953E-03,   0.00    ) |  4.209E-04 1.526E-03
     803 3.4698E-01 4.2080E-04  ( 0.248    ,  1.953E-03,   0.00    ) |  4.208E-04 1.526E-03
     804 3.4740E-01 4.2074E-04  ( 0.248    ,  1.953E-03,   0.00    ) |  4.207E-04 1.526E-03
     805 3.4782E-01 4.2067E-04  ( 0.248    ,  1.953E-03,   0.00    ) |  4.207E-04 1.526E-03
     806 3.4824E-01 4.2061E-04  ( 0.248    ,  1.953E-03,   0.00    ) |  4.206E-04 1.526E-03
     807 3.4867E-01 4.2055E-04  ( 0.248    ,  1.953E-03,   0.00    ) |  4.205E-04 1.526E-03
     808 3.4909E-01 4.2048E-04  ( 0.248    ,  1.953E-03,   0.00    ) |  4.205E-04 1.526E-03
     809 3.4951E-01 4.2042E-04  ( 0.248    ,  1.953E-03,   0.00    ) |  4.204E-04 1.526E-03
     810 3.4993E-01 4.2036E-04  ( 0.248    ,  1.953E-03,   0.00    ) |  4.204E-04 1.526E-03
 *** Wrote plotfile to flash_run_hdf5_plt_cnt_0014 ****
     811 3.5035E-01 4.2029E-04  ( 0.248    ,  1.953E-03,   0.00    ) |  4.203E-04 1.526E-03
     812 3.5077E-01 4.2023E-04  ( 0.248    ,  1.953E-03,   0.00    ) |  4.202E-04 1.526E-03
     813 3.5119E-01 4.2017E-04  ( 0.248    ,  1.953E-03,   0.00    ) |  4.202E-04 1.526E-03
     814 3.5161E-01 4.2011E-04  ( 0.252    ,  1.953E-03,   0.00    ) |  4.201E-04 1.526E-03
     815 3.5203E-01 4.2004E-04  ( 0.252    ,  1.953E-03,   0.00    ) |  4.200E-04 1.526E-03
     816 3.5245E-01 4.1998E-04  ( 0.252    ,  1.953E-03,   0.00    ) |  4.200E-04 1.526E-03
     817 3.5287E-01 4.1992E-04  ( 0.252    ,  1.953E-03,   0.00    ) |  4.199E-04 1.526E-03
     818 3.5329E-01 4.1985E-04  ( 0.252    ,  1.953E-03,   0.00    ) |  4.199E-04 1.526E-03
     819 3.5371E-01 4.1979E-04  ( 0.252    ,  1.953E-03,   0.00    ) |  4.198E-04 1.526E-03
     820 3.5413E-01 4.1973E-04  ( 0.252    ,  1.953E-03,   0.00    ) |  4.197E-04 1.526E-03
     821 3.5455E-01 4.1966E-04  ( 0.252    ,  1.953E-03,   0.00    ) |  4.197E-04 1.526E-03
     822 3.5497E-01 4.1960E-04  ( 0.252    ,  1.953E-03,   0.00    ) |  4.196E-04 1.526E-03
     823 3.5539E-01 4.1954E-04  ( 0.252    ,  1.953E-03,   0.00    ) |  4.195E-04 1.526E-03
     824 3.5581E-01 4.1948E-04  ( 0.252    ,  1.953E-03,   0.00    ) |  4.195E-04 1.526E-03
     825 3.5623E-01 4.1941E-04  ( 0.252    ,  1.953E-03,   0.00    ) |  4.194E-04 1.526E-03
     826 3.5664E-01 4.1935E-04  ( 0.252    ,  1.953E-03,   0.00    ) |  4.193E-04 1.526E-03
     827 3.5706E-01 4.1929E-04  ( 0.252    ,  1.953E-03,   0.00    ) |  4.193E-04 1.526E-03
     828 3.5748E-01 4.1922E-04  ( 0.252    ,  1.953E-03,   0.00    ) |  4.192E-04 1.526E-03
     829 3.5790E-01 4.1916E-04  ( 0.252    ,  1.953E-03,   0.00    ) |  4.192E-04 1.526E-03
     830 3.5832E-01 4.1910E-04  ( 0.252    ,  1.953E-03,   0.00    ) |  4.191E-04 1.526E-03
     831 3.5874E-01 4.1903E-04  ( 0.252    ,  1.953E-03,   0.00    ) |  4.190E-04 1.526E-03
     832 3.5916E-01 4.1897E-04  ( 0.252    ,  1.953E-03,   0.00    ) |  4.190E-04 1.526E-03
     833 3.5958E-01 4.1891E-04  ( 0.252    ,  1.953E-03,   0.00    ) |  4.189E-04 1.526E-03
     834 3.6000E-01 4.1884E-04  ( 0.252    ,  1.953E-03,   0.00    ) |  4.188E-04 1.526E-03
     835 3.6042E-01 4.1878E-04  ( 0.252    ,  1.953E-03,   0.00    ) |  4.188E-04 1.526E-03
     836 3.6084E-01 4.1872E-04  ( 0.252    ,  1.953E-03,   0.00    ) |  4.187E-04 1.526E-03
     837 3.6125E-01 4.1866E-04  ( 0.252    ,  1.953E-03,   0.00    ) |  4.187E-04 1.526E-03
     838 3.6167E-01 4.1859E-04  ( 0.252    ,  1.953E-03,   0.00    ) |  4.186E-04 1.526E-03
     839 3.6209E-01 4.1853E-04  ( 0.252    ,  1.953E-03,   0.00    ) |  4.185E-04 1.526E-03
     840 3.6251E-01 4.1847E-04  ( 0.252    ,  1.953E-03,   0.00    ) |  4.185E-04 1.526E-03
     841 3.6293E-01 4.1840E-04  ( 0.252    ,  1.953E-03,   0.00    ) |  4.184E-04 1.526E-03
     842 3.6335E-01 4.1834E-04  ( 0.252    ,  1.953E-03,   0.00    ) |  4.183E-04 1.526E-03
     843 3.6377E-01 4.1828E-04  ( 0.252    ,  1.953E-03,   0.00    ) |  4.183E-04 1.526E-03
     844 3.6418E-01 4.1822E-04  ( 0.252    , -1.953E-03,   0.00    ) |  4.182E-04 1.526E-03
     845 3.6460E-01 4.1815E-04  ( 0.252    ,  1.953E-03,   0.00    ) |  4.182E-04 1.526E-03
     846 3.6502E-01 4.1809E-04  ( 0.252    ,  1.953E-03,   0.00    ) |  4.181E-04 1.526E-03
     847 3.6544E-01 4.1803E-04  (-0.252    , -1.953E-03,   0.00    ) |  4.180E-04 1.526E-03
     848 3.6586E-01 4.1796E-04  (-0.252    , -1.953E-03,   0.00    ) |  4.180E-04 1.526E-03
     849 3.6627E-01 4.1790E-04  (-0.252    , -1.953E-03,   0.00    ) |  4.179E-04 1.526E-03
     850 3.6669E-01 4.1784E-04  (-0.252    , -1.953E-03,   0.00    ) |  4.178E-04 1.526E-03
     851 3.6711E-01 4.1778E-04  (-0.252    , -1.953E-03,   0.00    ) |  4.178E-04 1.526E-03
     852 3.6753E-01 4.1771E-04  (-0.252    , -1.953E-03,   0.00    ) |  4.177E-04 1.526E-03
     853 3.6795E-01 4.1765E-04  (-0.252    , -1.953E-03,   0.00    ) |  4.177E-04 1.526E-03
     854 3.6836E-01 4.1759E-04  (-0.252    , -1.953E-03,   0.00    ) |  4.176E-04 1.526E-03
     855 3.6878E-01 4.1753E-04  (-0.252    , -1.953E-03,   0.00    ) |  4.175E-04 1.526E-03
     856 3.6920E-01 4.1746E-04  (-0.252    , -1.953E-03,   0.00    ) |  4.175E-04 1.526E-03
     857 3.6962E-01 4.1740E-04  ( 0.252    , -1.953E-03,   0.00    ) |  4.174E-04 1.526E-03
     858 3.7003E-01 4.1734E-04  ( 0.252    , -1.953E-03,   0.00    ) |  4.173E-04 1.526E-03
     859 3.7045E-01 4.1728E-04  ( 0.252    , -1.953E-03,   0.00    ) |  4.173E-04 1.526E-03
     860 3.7087E-01 4.1721E-04  ( 0.252    , -1.953E-03,   0.00    ) |  4.172E-04 1.526E-03
     861 3.7128E-01 4.1715E-04  ( 0.252    , -1.953E-03,   0.00    ) |  4.172E-04 1.526E-03
     862 3.7170E-01 4.1709E-04  ( 0.252    , -1.953E-03,   0.00    ) |  4.171E-04 1.526E-03
     863 3.7212E-01 4.1703E-04  (-0.252    , -1.953E-03,   0.00    ) |  4.170E-04 1.526E-03
     864 3.7254E-01 4.1697E-04  ( 0.252    , -1.953E-03,   0.00    ) |  4.170E-04 1.526E-03
     865 3.7295E-01 4.1690E-04  ( 0.252    , -1.953E-03,   0.00    ) |  4.169E-04 1.526E-03
     866 3.7337E-01 4.1684E-04  (-0.252    ,  1.953E-03,   0.00    ) |  4.168E-04 1.526E-03
     867 3.7379E-01 4.1678E-04  (-0.252    , -1.953E-03,   0.00    ) |  4.168E-04 1.526E-03
     868 3.7420E-01 4.1672E-04  ( 0.252    , -1.953E-03,   0.00    ) |  4.167E-04 1.526E-03
     869 3.7462E-01 4.1665E-04  (-0.252    ,  1.953E-03,   0.00    ) |  4.167E-04 1.526E-03
 *** Wrote plotfile to flash_run_hdf5_plt_cnt_0015 ****
     870 3.7504E-01 4.1659E-04  (-0.252    ,  1.953E-03,   0.00    ) |  4.166E-04 1.526E-03
     871 3.7545E-01 4.1653E-04  (-0.252    ,  1.953E-03,   0.00    ) |  4.165E-04 1.526E-03
     872 3.7587E-01 4.1647E-04  ( 0.252    , -1.953E-03,   0.00    ) |  4.165E-04 1.526E-03
     873 3.7629E-01 4.1641E-04  ( 0.252    , -1.953E-03,   0.00    ) |  4.164E-04 1.526E-03
     874 3.7670E-01 4.1634E-04  ( 0.252    , -1.953E-03,   0.00    ) |  4.163E-04 1.526E-03
     875 3.7712E-01 4.1628E-04  ( 0.252    , -1.953E-03,   0.00    ) |  4.163E-04 1.526E-03
     876 3.7754E-01 4.1622E-04  ( 0.252    , -1.953E-03,   0.00    ) |  4.162E-04 1.526E-03
     877 3.7795E-01 4.1616E-04  (-0.252    ,  1.953E-03,   0.00    ) |  4.162E-04 1.526E-03
     878 3.7837E-01 4.1610E-04  ( 0.252    , -1.953E-03,   0.00    ) |  4.161E-04 1.526E-03
     879 3.7878E-01 4.1603E-04  ( 0.252    , -1.953E-03,   0.00    ) |  4.160E-04 1.526E-03
     880 3.7920E-01 4.1597E-04  ( 0.252    , -1.953E-03,   0.00    ) |  4.160E-04 1.526E-03
     881 3.7962E-01 4.1591E-04  ( 0.252    , -1.953E-03,   0.00    ) |  4.159E-04 1.526E-03
     882 3.8003E-01 4.1585E-04  ( 0.252    , -1.953E-03,   0.00    ) |  4.158E-04 1.526E-03
     883 3.8045E-01 4.1579E-04  ( 0.252    , -1.953E-03,   0.00    ) |  4.158E-04 1.526E-03
     884 3.8086E-01 4.1572E-04  ( 0.252    , -1.953E-03,   0.00    ) |  4.157E-04 1.526E-03
     885 3.8128E-01 4.1566E-04  ( 0.252    , -1.953E-03,   0.00    ) |  4.157E-04 1.526E-03
     886 3.8169E-01 4.1560E-04  ( 0.252    , -1.953E-03,   0.00    ) |  4.156E-04 1.526E-03
     887 3.8211E-01 4.1554E-04  ( 0.252    , -1.953E-03,   0.00    ) |  4.155E-04 1.526E-03
     888 3.8253E-01 4.1548E-04  ( 0.252    , -1.953E-03,   0.00    ) |  4.155E-04 1.526E-03
     889 3.8294E-01 4.1542E-04  ( 0.252    , -1.953E-03,   0.00    ) |  4.154E-04 1.526E-03
     890 3.8336E-01 4.1535E-04  ( 0.252    , -1.953E-03,   0.00    ) |  4.154E-04 1.526E-03
     891 3.8377E-01 4.1529E-04  ( 0.252    , -1.953E-03,   0.00    ) |  4.153E-04 1.526E-03
     892 3.8419E-01 4.1523E-04  ( 0.252    , -1.953E-03,   0.00    ) |  4.152E-04 1.526E-03
     893 3.8460E-01 4.1517E-04  ( 0.252    , -1.953E-03,   0.00    ) |  4.152E-04 1.526E-03
     894 3.8502E-01 4.1511E-04  ( 0.252    , -1.953E-03,   0.00    ) |  4.151E-04 1.526E-03
     895 3.8543E-01 4.1505E-04  ( 0.252    , -1.953E-03,   0.00    ) |  4.150E-04 1.526E-03
     896 3.8585E-01 4.1499E-04  ( 0.252    , -1.953E-03,   0.00    ) |  4.150E-04 1.526E-03
     897 3.8626E-01 4.1493E-04  ( 0.252    , -1.953E-03,   0.00    ) |  4.149E-04 1.526E-03
     898 3.8668E-01 4.1486E-04  ( 0.252    , -1.953E-03,   0.00    ) |  4.149E-04 1.526E-03
     899 3.8709E-01 4.1480E-04  ( 0.252    , -1.953E-03,   0.00    ) |  4.148E-04 1.526E-03
     900 3.8751E-01 4.1474E-04  ( 0.252    , -1.953E-03,   0.00    ) |  4.147E-04 1.526E-03
     901 3.8792E-01 4.1468E-04  ( 0.252    , -1.953E-03,   0.00    ) |  4.147E-04 1.526E-03
     902 3.8834E-01 4.1462E-04  ( 0.252    , -1.953E-03,   0.00    ) |  4.146E-04 1.526E-03
     903 3.8875E-01 4.1456E-04  ( 0.252    , -1.953E-03,   0.00    ) |  4.146E-04 1.526E-03
     904 3.8917E-01 4.1450E-04  ( 0.252    , -1.953E-03,   0.00    ) |  4.145E-04 1.526E-03
     905 3.8958E-01 4.1444E-04  ( 0.252    , -1.953E-03,   0.00    ) |  4.144E-04 1.526E-03
     906 3.9000E-01 4.1438E-04  ( 0.252    , -1.953E-03,   0.00    ) |  4.144E-04 1.526E-03
     907 3.9041E-01 4.1432E-04  ( 0.252    , -1.953E-03,   0.00    ) |  4.143E-04 1.526E-03
     908 3.9082E-01 4.1426E-04  ( 0.252    , -1.953E-03,   0.00    ) |  4.143E-04 1.526E-03
     909 3.9124E-01 4.1420E-04  ( 0.252    , -1.953E-03,   0.00    ) |  4.142E-04 1.526E-03
     910 3.9165E-01 4.1414E-04  ( 0.252    , -1.953E-03,   0.00    ) |  4.141E-04 1.526E-03
     911 3.9207E-01 4.1407E-04  ( 0.252    , -1.953E-03,   0.00    ) |  4.141E-04 1.526E-03
     912 3.9248E-01 4.1401E-04  ( 0.252    , -1.953E-03,   0.00    ) |  4.140E-04 1.526E-03
     913 3.9289E-01 4.1395E-04  ( 0.252    , -1.953E-03,   0.00    ) |  4.140E-04 1.526E-03
     914 3.9331E-01 4.1389E-04  ( 0.252    , -1.953E-03,   0.00    ) |  4.139E-04 1.526E-03
     915 3.9372E-01 4.1383E-04  ( 0.252    , -1.953E-03,   0.00    ) |  4.138E-04 1.526E-03
     916 3.9414E-01 4.1377E-04  ( 0.252    , -1.953E-03,   0.00    ) |  4.138E-04 1.526E-03
     917 3.9455E-01 4.1371E-04  ( 0.252    , -1.953E-03,   0.00    ) |  4.137E-04 1.526E-03
     918 3.9496E-01 4.1365E-04  ( 0.252    , -1.953E-03,   0.00    ) |  4.137E-04 1.526E-03
     919 3.9538E-01 4.1359E-04  ( 0.252    , -1.953E-03,   0.00    ) |  4.136E-04 1.526E-03
     920 3.9579E-01 4.1353E-04  ( 0.252    , -1.953E-03,   0.00    ) |  4.135E-04 1.526E-03
     921 3.9620E-01 4.1347E-04  ( 0.252    , -1.953E-03,   0.00    ) |  4.135E-04 1.526E-03
     922 3.9662E-01 4.1341E-04  ( 0.252    , -1.953E-03,   0.00    ) |  4.134E-04 1.526E-03
     923 3.9703E-01 4.1335E-04  ( 0.252    , -1.953E-03,   0.00    ) |  4.134E-04 1.526E-03
     924 3.9744E-01 4.1329E-04  ( 0.252    , -1.953E-03,   0.00    ) |  4.133E-04 1.526E-03
     925 3.9786E-01 4.1324E-04  ( 0.252    , -1.953E-03,   0.00    ) |  4.132E-04 1.526E-03
     926 3.9827E-01 4.1318E-04  ( 0.252    , -1.953E-03,   0.00    ) |  4.132E-04 1.526E-03
     927 3.9868E-01 4.1312E-04  ( 0.252    , -1.953E-03,   0.00    ) |  4.131E-04 1.526E-03
     928 3.9910E-01 4.1306E-04  ( 0.252    , -1.953E-03,   0.00    ) |  4.131E-04 1.526E-03
     929 3.9951E-01 4.1300E-04  ( 0.252    , -1.953E-03,   0.00    ) |  4.130E-04 1.526E-03
     930 3.9992E-01 4.1294E-04  ( 0.252    , -1.953E-03,   0.00    ) |  4.129E-04 1.526E-03
 *** Wrote plotfile to flash_run_hdf5_plt_cnt_0016 ****
     931 4.0034E-01 4.1288E-04  ( 0.252    , -1.953E-03,   0.00    ) |  4.129E-04 1.526E-03
     932 4.0075E-01 4.1282E-04  ( 0.252    , -1.953E-03,   0.00    ) |  4.128E-04 1.526E-03
     933 4.0116E-01 4.1276E-04  ( 0.252    , -1.953E-03,   0.00    ) |  4.128E-04 1.526E-03
     934 4.0158E-01 4.1270E-04  ( 0.252    , -1.953E-03,   0.00    ) |  4.127E-04 1.526E-03
     935 4.0199E-01 4.1264E-04  ( 0.252    , -1.953E-03,   0.00    ) |  4.126E-04 1.526E-03
     936 4.0240E-01 4.1258E-04  ( 0.252    , -1.953E-03,   0.00    ) |  4.126E-04 1.526E-03
     937 4.0281E-01 4.1253E-04  ( 0.252    , -1.953E-03,   0.00    ) |  4.125E-04 1.526E-03
     938 4.0323E-01 4.1247E-04  ( 0.252    , -1.953E-03,   0.00    ) |  4.125E-04 1.526E-03
     939 4.0364E-01 4.1241E-04  ( 0.252    , -1.953E-03,   0.00    ) |  4.124E-04 1.526E-03
     940 4.0405E-01 4.1235E-04  ( 0.252    , -1.953E-03,   0.00    ) |  4.123E-04 1.526E-03
     941 4.0446E-01 4.1229E-04  ( 0.252    , -1.953E-03,   0.00    ) |  4.123E-04 1.526E-03
     942 4.0488E-01 4.1223E-04  ( 0.252    , -1.953E-03,   0.00    ) |  4.122E-04 1.526E-03
     943 4.0529E-01 4.1217E-04  ( 0.252    , -1.953E-03,   0.00    ) |  4.122E-04 1.526E-03
     944 4.0570E-01 4.1212E-04  ( 0.252    , -1.953E-03,   0.00    ) |  4.121E-04 1.526E-03
     945 4.0611E-01 4.1206E-04  ( 0.252    , -1.953E-03,   0.00    ) |  4.121E-04 1.526E-03
     946 4.0652E-01 4.1200E-04  ( 0.252    , -1.953E-03,   0.00    ) |  4.120E-04 1.526E-03
     947 4.0694E-01 4.1194E-04  ( 0.252    , -1.953E-03,   0.00    ) |  4.119E-04 1.526E-03
     948 4.0735E-01 4.1188E-04  ( 0.252    , -1.953E-03,   0.00    ) |  4.119E-04 1.526E-03
     949 4.0776E-01 4.1183E-04  ( 0.252    , -1.953E-03,   0.00    ) |  4.118E-04 1.526E-03
     950 4.0817E-01 4.1177E-04  ( 0.252    , -1.953E-03,   0.00    ) |  4.118E-04 1.526E-03
     951 4.0858E-01 4.1171E-04  ( 0.252    , -1.953E-03,   0.00    ) |  4.117E-04 1.526E-03
     952 4.0899E-01 4.1165E-04  ( 0.252    , -1.953E-03,   0.00    ) |  4.117E-04 1.526E-03
     953 4.0941E-01 4.1160E-04  ( 0.252    , -1.953E-03,   0.00    ) |  4.116E-04 1.526E-03
     954 4.0982E-01 4.1154E-04  ( 0.252    , -1.953E-03,   0.00    ) |  4.115E-04 1.526E-03
     955 4.1023E-01 4.1148E-04  ( 0.252    , -1.953E-03,   0.00    ) |  4.115E-04 1.526E-03
     956 4.1064E-01 4.1142E-04  ( 0.252    , -1.953E-03,   0.00    ) |  4.114E-04 1.526E-03
     957 4.1105E-01 4.1137E-04  ( 0.252    , -1.953E-03,   0.00    ) |  4.114E-04 1.526E-03
     958 4.1146E-01 4.1131E-04  ( 0.252    , -1.953E-03,   0.00    ) |  4.113E-04 1.526E-03
     959 4.1188E-01 4.1125E-04  ( 0.252    , -1.953E-03,   0.00    ) |  4.113E-04 1.526E-03
     960 4.1229E-01 4.1119E-04  ( 0.252    , -1.953E-03,   0.00    ) |  4.112E-04 1.526E-03
     961 4.1270E-01 4.1114E-04  ( 0.252    , -1.953E-03,   0.00    ) |  4.111E-04 1.526E-03
     962 4.1311E-01 4.1108E-04  ( 0.252    , -1.953E-03,   0.00    ) |  4.111E-04 1.526E-03
     963 4.1352E-01 4.1102E-04  ( 0.252    , -1.953E-03,   0.00    ) |  4.110E-04 1.526E-03
     964 4.1393E-01 4.1097E-04  ( 0.252    , -1.953E-03,   0.00    ) |  4.110E-04 1.526E-03
     965 4.1434E-01 4.1091E-04  ( 0.252    , -1.953E-03,   0.00    ) |  4.109E-04 1.526E-03
     966 4.1475E-01 4.1085E-04  ( 0.252    , -1.953E-03,   0.00    ) |  4.109E-04 1.526E-03
     967 4.1516E-01 4.1080E-04  ( 0.252    , -1.953E-03,   0.00    ) |  4.108E-04 1.526E-03
     968 4.1557E-01 4.1074E-04  ( 0.252    , -1.953E-03,   0.00    ) |  4.107E-04 1.526E-03
     969 4.1599E-01 4.1069E-04  (-0.252    ,  1.953E-03,   0.00    ) |  4.107E-04 1.526E-03
     970 4.1640E-01 4.1063E-04  (-0.252    ,  1.953E-03,   0.00    ) |  4.106E-04 1.526E-03
     971 4.1681E-01 4.1057E-04  ( 0.252    , -1.953E-03,   0.00    ) |  4.106E-04 1.526E-03
     972 4.1722E-01 4.1052E-04  ( 0.252    , -1.953E-03,   0.00    ) |  4.105E-04 1.526E-03
     973 4.1763E-01 4.1046E-04  ( 0.252    , -1.953E-03,   0.00    ) |  4.105E-04 1.526E-03
     974 4.1804E-01 4.1041E-04  (-0.252    ,  1.953E-03,   0.00    ) |  4.104E-04 1.526E-03
     975 4.1845E-01 4.1035E-04  ( 0.252    ,  1.953E-03,   0.00    ) |  4.103E-04 1.526E-03
     976 4.1886E-01 4.1029E-04  ( 0.252    ,  1.953E-03,   0.00    ) |  4.103E-04 1.526E-03
     977 4.1927E-01 4.1024E-04  ( 0.252    ,  1.953E-03,   0.00    ) |  4.102E-04 1.526E-03
     978 4.1968E-01 4.1018E-04  ( 0.252    ,  1.953E-03,   0.00    ) |  4.102E-04 1.526E-03
     979 4.2009E-01 4.1013E-04  ( 0.252    ,  1.953E-03,   0.00    ) |  4.101E-04 1.526E-03
     980 4.2050E-01 4.1007E-04  ( 0.252    ,  1.953E-03,   0.00    ) |  4.101E-04 1.526E-03
     981 4.2091E-01 4.1002E-04  ( 0.252    ,  1.953E-03,   0.00    ) |  4.100E-04 1.526E-03
     982 4.2132E-01 4.0996E-04  ( 0.252    ,  1.953E-03,   0.00    ) |  4.100E-04 1.526E-03
     983 4.2173E-01 4.0991E-04  (-0.252    ,  1.953E-03,   0.00    ) |  4.099E-04 1.526E-03
     984 4.2214E-01 4.0985E-04  (-0.252    ,  1.953E-03,   0.00    ) |  4.099E-04 1.526E-03
     985 4.2255E-01 4.0980E-04  (-0.252    ,  1.953E-03,   0.00    ) |  4.098E-04 1.526E-03
     986 4.2296E-01 4.0974E-04  (-0.252    ,  1.953E-03,   0.00    ) |  4.097E-04 1.526E-03
     987 4.2337E-01 4.0969E-04  (-0.252    ,  1.953E-03,   0.00    ) |  4.097E-04 1.526E-03
     988 4.2378E-01 4.0964E-04  (-0.252    ,  1.953E-03,   0.00    ) |  4.096E-04 1.526E-03
     989 4.2419E-01 4.0958E-04  (-0.252    ,  1.953E-03,   0.00    ) |  4.096E-04 1.526E-03
     990 4.2460E-01 4.0953E-04  (-0.252    ,  1.953E-03,   0.00    ) |  4.095E-04 1.526E-03
 *** Wrote plotfile to flash_run_hdf5_plt_cnt_0017 ****
     991 4.2501E-01 4.0947E-04  (-0.256    ,  1.953E-03,   0.00    ) |  4.095E-04 1.526E-03
     992 4.2542E-01 4.0942E-04  (-0.256    ,  1.953E-03,   0.00    ) |  4.094E-04 1.526E-03
     993 4.2583E-01 4.0937E-04  (-0.256    ,  1.953E-03,   0.00    ) |  4.094E-04 1.526E-03
     994 4.2624E-01 4.0931E-04  (-0.256    ,  1.953E-03,   0.00    ) |  4.093E-04 1.526E-03
     995 4.2664E-01 4.0926E-04  (-0.256    ,  1.953E-03,   0.00    ) |  4.093E-04 1.526E-03
     996 4.2705E-01 4.0920E-04  (-0.256    ,  1.953E-03,   0.00    ) |  4.092E-04 1.526E-03
     997 4.2746E-01 4.0915E-04  (-0.256    ,  1.953E-03,   0.00    ) |  4.091E-04 1.526E-03
     998 4.2787E-01 4.0909E-04  (-0.256    ,  1.953E-03,   0.00    ) |  4.091E-04 1.526E-03
     999 4.2828E-01 4.0904E-04  (-0.256    ,  1.953E-03,   0.00    ) |  4.090E-04 1.526E-03
    1000 4.2869E-01 4.0899E-04  (-0.256    ,  1.953E-03,   0.00    ) |  4.090E-04 1.526E-03
    1001 4.2910E-01 4.0893E-04  (-0.256    ,  1.953E-03,   0.00    ) |  4.089E-04 1.526E-03
    1002 4.2951E-01 4.0888E-04  (-0.256    ,  1.953E-03,   0.00    ) |  4.089E-04 1.526E-03
    1003 4.2992E-01 4.0883E-04  (-0.256    ,  1.953E-03,   0.00    ) |  4.088E-04 1.526E-03
    1004 4.3033E-01 4.0877E-04  (-0.256    ,  1.953E-03,   0.00    ) |  4.088E-04 1.526E-03
    1005 4.3074E-01 4.0872E-04  (-0.256    ,  1.953E-03,   0.00    ) |  4.087E-04 1.526E-03
    1006 4.3114E-01 4.0867E-04  (-0.256    ,  1.953E-03,   0.00    ) |  4.087E-04 1.526E-03
    1007 4.3155E-01 4.0861E-04  (-0.256    ,  1.953E-03,   0.00    ) |  4.086E-04 1.526E-03
    1008 4.3196E-01 4.0856E-04  (-0.256    ,  1.953E-03,   0.00    ) |  4.086E-04 1.526E-03
    1009 4.3237E-01 4.0851E-04  (-0.256    ,  1.953E-03,   0.00    ) |  4.085E-04 1.526E-03
    1010 4.3278E-01 4.0845E-04  (-0.256    ,  1.953E-03,   0.00    ) |  4.085E-04 1.526E-03
    1011 4.3319E-01 4.0840E-04  (-0.256    ,  1.953E-03,   0.00    ) |  4.084E-04 1.526E-03
    1012 4.3360E-01 4.0835E-04  (-0.256    ,  1.953E-03,   0.00    ) |  4.083E-04 1.526E-03
    1013 4.3400E-01 4.0830E-04  (-0.256    ,  1.953E-03,   0.00    ) |  4.083E-04 1.526E-03
    1014 4.3441E-01 4.0824E-04  (-0.256    ,  1.953E-03,   0.00    ) |  4.082E-04 1.526E-03
    1015 4.3482E-01 4.0819E-04  (-0.256    ,  1.953E-03,   0.00    ) |  4.082E-04 1.526E-03
    1016 4.3523E-01 4.0814E-04  (-0.256    ,  1.953E-03,   0.00    ) |  4.081E-04 1.526E-03
    1017 4.3564E-01 4.0809E-04  (-0.256    ,  1.953E-03,   0.00    ) |  4.081E-04 1.526E-03
    1018 4.3604E-01 4.0803E-04  (-0.256    ,  1.953E-03,   0.00    ) |  4.080E-04 1.526E-03
    1019 4.3645E-01 4.0798E-04  (-0.256    ,  1.953E-03,   0.00    ) |  4.080E-04 1.526E-03
    1020 4.3686E-01 4.0793E-04  ( 0.256    ,  1.953E-03,   0.00    ) |  4.079E-04 1.526E-03
    1021 4.3727E-01 4.0788E-04  ( 0.256    ,  1.953E-03,   0.00    ) |  4.079E-04 1.526E-03
    1022 4.3768E-01 4.0783E-04  (-0.256    ,  1.953E-03,   0.00    ) |  4.078E-04 1.526E-03
    1023 4.3808E-01 4.0777E-04  (-0.256    ,  1.953E-03,   0.00    ) |  4.078E-04 1.526E-03
    1024 4.3849E-01 4.0772E-04  (-0.256    ,  1.953E-03,   0.00    ) |  4.077E-04 1.526E-03
    1025 4.3890E-01 4.0767E-04  (-0.256    ,  1.953E-03,   0.00    ) |  4.077E-04 1.526E-03
    1026 4.3931E-01 4.0762E-04  (-0.256    ,  1.953E-03,   0.00    ) |  4.076E-04 1.526E-03
    1027 4.3971E-01 4.0757E-04  (-0.256    ,  1.953E-03,   0.00    ) |  4.076E-04 1.526E-03
    1028 4.4012E-01 4.0752E-04  (-0.256    ,  1.953E-03,   0.00    ) |  4.075E-04 1.526E-03
    1029 4.4053E-01 4.0747E-04  (-0.256    ,  1.953E-03,   0.00    ) |  4.075E-04 1.526E-03
    1030 4.4094E-01 4.0741E-04  (-0.256    ,  1.953E-03,   0.00    ) |  4.074E-04 1.526E-03
    1031 4.4134E-01 4.0736E-04  (-0.256    ,  1.953E-03,   0.00    ) |  4.074E-04 1.526E-03
    1032 4.4175E-01 4.0731E-04  ( 0.256    ,  1.953E-03,   0.00    ) |  4.073E-04 1.526E-03
    1033 4.4216E-01 4.0726E-04  (-0.256    ,  1.953E-03,   0.00    ) |  4.073E-04 1.526E-03
    1034 4.4257E-01 4.0721E-04  (-0.256    ,  1.953E-03,   0.00    ) |  4.072E-04 1.526E-03
    1035 4.4297E-01 4.0716E-04  (-0.256    ,  1.953E-03,   0.00    ) |  4.072E-04 1.526E-03
    1036 4.4338E-01 4.0711E-04  (-0.256    ,  1.953E-03,   0.00    ) |  4.071E-04 1.526E-03
    1037 4.4379E-01 4.0706E-04  (-0.256    ,  1.953E-03,   0.00    ) |  4.071E-04 1.526E-03
    1038 4.4420E-01 4.0701E-04  (-0.256    , -1.953E-03,   0.00    ) |  4.070E-04 1.526E-03
    1039 4.4460E-01 4.0696E-04  (-0.256    , -1.953E-03,   0.00    ) |  4.070E-04 1.526E-03
    1040 4.4501E-01 4.0691E-04  (-0.256    , -1.953E-03,   0.00    ) |  4.069E-04 1.526E-03
    1041 4.4542E-01 4.0686E-04  (-0.256    , -1.953E-03,   0.00    ) |  4.069E-04 1.526E-03
    1042 4.4582E-01 4.0681E-04  (-0.256    , -1.953E-03,   0.00    ) |  4.068E-04 1.526E-03
    1043 4.4623E-01 4.0676E-04  (-0.256    ,  1.953E-03,   0.00    ) |  4.068E-04 1.526E-03
    1044 4.4664E-01 4.0671E-04  (-0.256    ,  1.953E-03,   0.00    ) |  4.067E-04 1.526E-03
    1045 4.4704E-01 4.0666E-04  (-0.256    ,  1.953E-03,   0.00    ) |  4.067E-04 1.526E-03
    1046 4.4745E-01 4.0661E-04  (-0.256    ,  1.953E-03,   0.00    ) |  4.066E-04 1.526E-03
    1047 4.4786E-01 4.0656E-04  (-0.256    , -1.953E-03,   0.00    ) |  4.066E-04 1.526E-03
    1048 4.4826E-01 4.0651E-04  (-0.256    , -1.953E-03,   0.00    ) |  4.065E-04 1.526E-03
    1049 4.4867E-01 4.0646E-04  (-0.256    , -1.953E-03,   0.00    ) |  4.065E-04 1.526E-03
    1050 4.4908E-01 4.0641E-04  (-0.256    ,  1.953E-03,   0.00    ) |  4.064E-04 1.526E-03
    1051 4.4948E-01 4.0636E-04  ( 0.256    ,  1.953E-03,   0.00    ) |  4.064E-04 1.526E-03
    1052 4.4989E-01 4.0631E-04  ( 0.256    ,  1.953E-03,   0.00    ) |  4.063E-04 1.526E-03
 *** Wrote plotfile to flash_run_hdf5_plt_cnt_0018 ****
    1053 4.5030E-01 4.0626E-04  ( 0.256    ,  1.953E-03,   0.00    ) |  4.063E-04 1.526E-03
    1054 4.5070E-01 4.0621E-04  ( 0.256    ,  1.953E-03,   0.00    ) |  4.062E-04 1.526E-03
    1055 4.5111E-01 4.0616E-04  ( 0.256    ,  1.953E-03,   0.00    ) |  4.062E-04 1.526E-03
    1056 4.5151E-01 4.0611E-04  ( 0.256    ,  1.953E-03,   0.00    ) |  4.061E-04 1.526E-03
    1057 4.5192E-01 4.0606E-04  ( 0.256    ,  1.953E-03,   0.00    ) |  4.061E-04 1.526E-03
    1058 4.5233E-01 4.0602E-04  ( 0.256    ,  1.953E-03,   0.00    ) |  4.060E-04 1.526E-03
    1059 4.5273E-01 4.0597E-04  ( 0.256    ,  1.953E-03,   0.00    ) |  4.060E-04 1.526E-03
    1060 4.5314E-01 4.0592E-04  ( 0.256    ,  1.953E-03,   0.00    ) |  4.059E-04 1.526E-03
    1061 4.5354E-01 4.0587E-04  ( 0.256    ,  1.953E-03,   0.00    ) |  4.059E-04 1.526E-03
    1062 4.5395E-01 4.0582E-04  ( 0.256    ,  1.953E-03,   0.00    ) |  4.058E-04 1.526E-03
    1063 4.5436E-01 4.0577E-04  ( 0.256    ,  1.953E-03,   0.00    ) |  4.058E-04 1.526E-03
    1064 4.5476E-01 4.0572E-04  ( 0.256    ,  1.953E-03,   0.00    ) |  4.057E-04 1.526E-03
    1065 4.5517E-01 4.0568E-04  ( 0.256    ,  1.953E-03,   0.00    ) |  4.057E-04 1.526E-03
    1066 4.5557E-01 4.0563E-04  ( 0.256    ,  1.953E-03,   0.00    ) |  4.056E-04 1.526E-03
    1067 4.5598E-01 4.0558E-04  ( 0.256    ,  1.953E-03,   0.00    ) |  4.056E-04 1.526E-03
    1068 4.5638E-01 4.0553E-04  ( 0.256    ,  1.953E-03,   0.00    ) |  4.055E-04 1.526E-03
    1069 4.5679E-01 4.0548E-04  ( 0.256    ,  1.953E-03,   0.00    ) |  4.055E-04 1.526E-03
    1070 4.5719E-01 4.0544E-04  ( 0.256    ,  1.953E-03,   0.00    ) |  4.054E-04 1.526E-03
    1071 4.5760E-01 4.0539E-04  ( 0.256    ,  1.953E-03,   0.00    ) |  4.054E-04 1.526E-03
    1072 4.5801E-01 4.0534E-04  ( 0.256    ,  1.953E-03,   0.00    ) |  4.053E-04 1.526E-03
    1073 4.5841E-01 4.0529E-04  ( 0.256    ,  1.953E-03,   0.00    ) |  4.053E-04 1.526E-03
    1074 4.5882E-01 4.0525E-04  ( 0.256    ,  1.953E-03,   0.00    ) |  4.052E-04 1.526E-03
    1075 4.5922E-01 4.0520E-04  ( 0.256    ,  1.953E-03,   0.00    ) |  4.052E-04 1.526E-03
    1076 4.5963E-01 4.0515E-04  ( 0.256    ,  1.953E-03,   0.00    ) |  4.052E-04 1.526E-03
    1077 4.6003E-01 4.0511E-04  ( 0.256    ,  1.953E-03,   0.00    ) |  4.051E-04 1.526E-03
    1078 4.6044E-01 4.0506E-04  ( 0.256    ,  1.953E-03,   0.00    ) |  4.051E-04 1.526E-03
    1079 4.6084E-01 4.0501E-04  ( 0.256    ,  1.953E-03,   0.00    ) |  4.050E-04 1.526E-03
    1080 4.6125E-01 4.0497E-04  ( 0.256    ,  1.953E-03,   0.00    ) |  4.050E-04 1.526E-03
    1081 4.6165E-01 4.0492E-04  ( 0.256    ,  1.953E-03,   0.00    ) |  4.049E-04 1.526E-03
    1082 4.6206E-01 4.0487E-04  ( 0.256    ,  1.953E-03,   0.00    ) |  4.049E-04 1.526E-03
    1083 4.6246E-01 4.0483E-04  ( 0.256    ,  1.953E-03,   0.00    ) |  4.048E-04 1.526E-03
    1084 4.6287E-01 4.0478E-04  ( 0.256    ,  1.953E-03,   0.00    ) |  4.048E-04 1.526E-03
    1085 4.6327E-01 4.0473E-04  ( 0.256    ,  1.953E-03,   0.00    ) |  4.047E-04 1.526E-03
    1086 4.6368E-01 4.0469E-04  ( 0.256    ,  1.953E-03,   0.00    ) |  4.047E-04 1.526E-03
    1087 4.6408E-01 4.0464E-04  ( 0.256    ,  1.953E-03,   0.00    ) |  4.046E-04 1.526E-03
    1088 4.6449E-01 4.0460E-04  ( 0.256    ,  1.953E-03,   0.00    ) |  4.046E-04 1.526E-03
    1089 4.6489E-01 4.0455E-04  ( 0.256    ,  1.953E-03,   0.00    ) |  4.046E-04 1.526E-03
    1090 4.6529E-01 4.0450E-04  ( 0.256    ,  1.953E-03,   0.00    ) |  4.045E-04 1.526E-03
    1091 4.6570E-01 4.0446E-04  ( 0.256    ,  1.953E-03,   0.00    ) |  4.045E-04 1.526E-03
    1092 4.6610E-01 4.0441E-04  ( 0.260    ,  1.953E-03,   0.00    ) |  4.044E-04 1.526E-03
    1093 4.6651E-01 4.0437E-04  ( 0.260    ,  1.953E-03,   0.00    ) |  4.044E-04 1.526E-03
    1094 4.6691E-01 4.0432E-04  ( 0.260    ,  1.953E-03,   0.00    ) |  4.043E-04 1.526E-03
    1095 4.6732E-01 4.0428E-04  ( 0.260    ,  1.953E-03,   0.00    ) |  4.043E-04 1.526E-03
    1096 4.6772E-01 4.0423E-04  ( 0.260    ,  1.953E-03,   0.00    ) |  4.042E-04 1.526E-03
    1097 4.6813E-01 4.0418E-04  ( 0.260    ,  1.953E-03,   0.00    ) |  4.042E-04 1.526E-03
    1098 4.6853E-01 4.0414E-04  ( 0.260    ,  1.953E-03,   0.00    ) |  4.041E-04 1.526E-03
    1099 4.6893E-01 4.0409E-04  ( 0.260    ,  1.953E-03,   0.00    ) |  4.041E-04 1.526E-03
    1100 4.6934E-01 4.0405E-04  ( 0.260    ,  1.953E-03,   0.00    ) |  4.040E-04 1.526E-03
    1101 4.6974E-01 4.0400E-04  ( 0.260    ,  1.953E-03,   0.00    ) |  4.040E-04 1.526E-03
    1102 4.7015E-01 4.0396E-04  ( 0.260    ,  1.953E-03,   0.00    ) |  4.040E-04 1.526E-03
    1103 4.7055E-01 4.0391E-04  ( 0.260    ,  1.953E-03,   0.00    ) |  4.039E-04 1.526E-03
    1104 4.7095E-01 4.0387E-04  ( 0.260    ,  1.953E-03,   0.00    ) |  4.039E-04 1.526E-03
    1105 4.7136E-01 4.0382E-04  ( 0.260    ,  1.953E-03,   0.00    ) |  4.038E-04 1.526E-03
    1106 4.7176E-01 4.0378E-04  ( 0.260    ,  1.953E-03,   0.00    ) |  4.038E-04 1.526E-03
    1107 4.7217E-01 4.0373E-04  ( 0.260    ,  1.953E-03,   0.00    ) |  4.037E-04 1.526E-03
    1108 4.7257E-01 4.0369E-04  ( 0.260    ,  1.953E-03,   0.00    ) |  4.037E-04 1.526E-03
    1109 4.7297E-01 4.0364E-04  ( 0.260    ,  1.953E-03,   0.00    ) |  4.036E-04 1.526E-03
    1110 4.7338E-01 4.0360E-04  ( 0.260    ,  1.953E-03,   0.00    ) |  4.036E-04 1.526E-03
    1111 4.7378E-01 4.0356E-04  ( 0.260    ,  1.953E-03,   0.00    ) |  4.036E-04 1.526E-03
    1112 4.7418E-01 4.0351E-04  ( 0.260    ,  1.953E-03,   0.00    ) |  4.035E-04 1.526E-03
    1113 4.7459E-01 4.0347E-04  ( 0.260    ,  1.953E-03,   0.00    ) |  4.035E-04 1.526E-03
    1114 4.7499E-01 4.0342E-04  ( 0.260    ,  1.953E-03,   0.00    ) |  4.034E-04 1.526E-03
 *** Wrote plotfile to flash_run_hdf5_plt_cnt_0019 ****
    1115 4.7539E-01 4.0338E-04  ( 0.260    ,  1.953E-03,   0.00    ) |  4.034E-04 1.526E-03
    1116 4.7580E-01 4.0334E-04  ( 0.260    ,  1.953E-03,   0.00    ) |  4.033E-04 1.526E-03
    1117 4.7620E-01 4.0329E-04  ( 0.260    ,  1.953E-03,   0.00    ) |  4.033E-04 1.526E-03
    1118 4.7660E-01 4.0325E-04  ( 0.260    ,  1.953E-03,   0.00    ) |  4.032E-04 1.526E-03
    1119 4.7701E-01 4.0320E-04  ( 0.260    ,  1.953E-03,   0.00    ) |  4.032E-04 1.526E-03
    1120 4.7741E-01 4.0316E-04  ( 0.260    ,  1.953E-03,   0.00    ) |  4.032E-04 1.526E-03
    1121 4.7781E-01 4.0312E-04  ( 0.260    ,  1.953E-03,   0.00    ) |  4.031E-04 1.526E-03
    1122 4.7822E-01 4.0307E-04  ( 0.260    ,  1.953E-03,   0.00    ) |  4.031E-04 1.526E-03
    1123 4.7862E-01 4.0303E-04  ( 0.260    ,  1.953E-03,   0.00    ) |  4.030E-04 1.526E-03
    1124 4.7902E-01 4.0299E-04  ( 0.260    ,  1.953E-03,   0.00    ) |  4.030E-04 1.526E-03
    1125 4.7943E-01 4.0294E-04  ( 0.260    ,  1.953E-03,   0.00    ) |  4.029E-04 1.526E-03
    1126 4.7983E-01 4.0290E-04  ( 0.260    ,  1.953E-03,   0.00    ) |  4.029E-04 1.526E-03
    1127 4.8023E-01 4.0286E-04  ( 0.260    ,  1.953E-03,   0.00    ) |  4.029E-04 1.526E-03
    1128 4.8063E-01 4.0281E-04  ( 0.260    ,  1.953E-03,   0.00    ) |  4.028E-04 1.526E-03
    1129 4.8104E-01 4.0277E-04  ( 0.260    ,  1.953E-03,   0.00    ) |  4.028E-04 1.526E-03
    1130 4.8144E-01 4.0273E-04  ( 0.260    ,  1.953E-03,   0.00    ) |  4.027E-04 1.526E-03
    1131 4.8184E-01 4.0269E-04  ( 0.260    ,  1.953E-03,   0.00    ) |  4.027E-04 1.526E-03
    1132 4.8225E-01 4.0264E-04  ( 0.260    ,  1.953E-03,   0.00    ) |  4.026E-04 1.526E-03
    1133 4.8265E-01 4.0260E-04  ( 0.260    ,  1.953E-03,   0.00    ) |  4.026E-04 1.526E-03
    1134 4.8305E-01 4.0256E-04  ( 0.260    ,  1.953E-03,   0.00    ) |  4.026E-04 1.526E-03
    1135 4.8345E-01 4.0252E-04  ( 0.260    ,  1.953E-03,   0.00    ) |  4.025E-04 1.526E-03
    1136 4.8386E-01 4.0247E-04  ( 0.260    ,  1.953E-03,   0.00    ) |  4.025E-04 1.526E-03
    1137 4.8426E-01 4.0243E-04  ( 0.260    ,  1.953E-03,   0.00    ) |  4.024E-04 1.526E-03
    1138 4.8466E-01 4.0239E-04  ( 0.260    ,  1.953E-03,   0.00    ) |  4.024E-04 1.526E-03
    1139 4.8506E-01 4.0235E-04  ( 0.260    ,  1.953E-03,   0.00    ) |  4.023E-04 1.526E-03
    1140 4.8547E-01 4.0231E-04  ( 0.260    ,  1.953E-03,   0.00    ) |  4.023E-04 1.526E-03
    1141 4.8587E-01 4.0226E-04  ( 0.260    ,  1.953E-03,   0.00    ) |  4.023E-04 1.526E-03
    1142 4.8627E-01 4.0222E-04  ( 0.260    ,  1.953E-03,   0.00    ) |  4.022E-04 1.526E-03
    1143 4.8667E-01 4.0218E-04  ( 0.260    , -1.953E-03,   0.00    ) |  4.022E-04 1.526E-03
    1144 4.8707E-01 4.0214E-04  ( 0.260    ,  1.953E-03,   0.00    ) |  4.021E-04 1.526E-03
    1145 4.8748E-01 4.0210E-04  ( 0.260    ,  1.953E-03,   0.00    ) |  4.021E-04 1.526E-03
    1146 4.8788E-01 4.0205E-04  ( 0.260    ,  1.953E-03,   0.00    ) |  4.021E-04 1.526E-03
    1147 4.8828E-01 4.0201E-04  ( 0.260    , -1.953E-03,   0.00    ) |  4.020E-04 1.526E-03
    1148 4.8868E-01 4.0197E-04  ( 0.260    ,  1.953E-03,   0.00    ) |  4.020E-04 1.526E-03
    1149 4.8908E-01 4.0193E-04  ( 0.260    , -1.953E-03,   0.00    ) |  4.019E-04 1.526E-03
    1150 4.8949E-01 4.0189E-04  ( 0.260    , -1.953E-03,   0.00    ) |  4.019E-04 1.526E-03
    1151 4.8989E-01 4.0185E-04  ( 0.260    , -1.953E-03,   0.00    ) |  4.018E-04 1.526E-03
    1152 4.9029E-01 4.0181E-04  ( 0.260    , -1.953E-03,   0.00    ) |  4.018E-04 1.526E-03
    1153 4.9069E-01 4.0177E-04  ( 0.260    , -1.953E-03,   0.00    ) |  4.018E-04 1.526E-03
    1154 4.9109E-01 4.0173E-04  ( 0.260    , -1.953E-03,   0.00    ) |  4.017E-04 1.526E-03
    1155 4.9150E-01 4.0168E-04  ( 0.260    , -1.953E-03,   0.00    ) |  4.017E-04 1.526E-03
    1156 4.9190E-01 4.0164E-04  ( 0.260    , -1.953E-03,   0.00    ) |  4.016E-04 1.526E-03
    1157 4.9230E-01 4.0160E-04  ( 0.260    , -1.953E-03,   0.00    ) |  4.016E-04 1.526E-03
    1158 4.9270E-01 4.0156E-04  ( 0.260    , -1.953E-03,   0.00    ) |  4.016E-04 1.526E-03
    1159 4.9310E-01 4.0152E-04  ( 0.260    , -1.953E-03,   0.00    ) |  4.015E-04 1.526E-03
    1160 4.9350E-01 4.0148E-04  ( 0.260    , -1.953E-03,   0.00    ) |  4.015E-04 1.526E-03
    1161 4.9390E-01 4.0144E-04  ( 0.260    , -1.953E-03,   0.00    ) |  4.014E-04 1.526E-03
    1162 4.9431E-01 4.0140E-04  ( 0.260    , -1.953E-03,   0.00    ) |  4.014E-04 1.526E-03
    1163 4.9471E-01 4.0136E-04  ( 0.260    , -1.953E-03,   0.00    ) |  4.014E-04 1.526E-03
    1164 4.9511E-01 4.0132E-04  ( 0.260    , -1.953E-03,   0.00    ) |  4.013E-04 1.526E-03
    1165 4.9551E-01 4.0128E-04  ( 0.260    , -1.953E-03,   0.00    ) |  4.013E-04 1.526E-03
    1166 4.9591E-01 4.0124E-04  ( 0.260    , -1.953E-03,   0.00    ) |  4.012E-04 1.526E-03
    1167 4.9631E-01 4.0120E-04  ( 0.260    , -1.953E-03,   0.00    ) |  4.012E-04 1.526E-03
    1168 4.9671E-01 4.0116E-04  ( 0.260    , -1.953E-03,   0.00    ) |  4.012E-04 1.526E-03
    1169 4.9712E-01 4.0112E-04  ( 0.260    , -1.953E-03,   0.00    ) |  4.011E-04 1.526E-03
    1170 4.9752E-01 4.0108E-04  ( 0.260    , -1.953E-03,   0.00    ) |  4.011E-04 1.526E-03
    1171 4.9792E-01 4.0104E-04  ( 0.260    , -1.953E-03,   0.00    ) |  4.010E-04 1.526E-03
    1172 4.9832E-01 4.0100E-04  ( 0.260    , -1.953E-03,   0.00    ) |  4.010E-04 1.526E-03
    1173 4.9872E-01 4.0096E-04  ( 0.260    , -1.953E-03,   0.00    ) |  4.010E-04 1.526E-03
    1174 4.9912E-01 4.0092E-04  ( 0.260    , -1.953E-03,   0.00    ) |  4.009E-04 1.526E-03
    1175 4.9952E-01 4.0088E-04  ( 0.260    , -1.953E-03,   0.00    ) |  4.009E-04 1.526E-03
    1176 4.9992E-01 4.0085E-04  ( 0.260    , -1.953E-03,   0.00    ) |  4.008E-04 1.526E-03
 *** Wrote plotfile to flash_run_hdf5_plt_cnt_0020 ****
    1177 5.0032E-01 4.0081E-04  ( 0.260    , -1.953E-03,   0.00    ) |  4.008E-04 1.526E-03
    1178 5.0072E-01 4.0077E-04  ( 0.260    , -1.953E-03,   0.00    ) |  4.008E-04 1.526E-03
    1179 5.0112E-01 4.0073E-04  ( 0.260    , -1.953E-03,   0.00    ) |  4.007E-04 1.526E-03
    1180 5.0153E-01 4.0069E-04  ( 0.260    , -1.953E-03,   0.00    ) |  4.007E-04 1.526E-03
    1181 5.0193E-01 4.0065E-04  ( 0.260    , -1.953E-03,   0.00    ) |  4.007E-04 1.526E-03
    1182 5.0233E-01 4.0061E-04  ( 0.260    , -1.953E-03,   0.00    ) |  4.006E-04 1.526E-03
    1183 5.0273E-01 4.0057E-04  ( 0.260    , -1.953E-03,   0.00    ) |  4.006E-04 1.526E-03
    1184 5.0313E-01 4.0054E-04  ( 0.260    , -1.953E-03,   0.00    ) |  4.005E-04 1.526E-03
    1185 5.0353E-01 4.0050E-04  ( 0.260    , -1.953E-03,   0.00    ) |  4.005E-04 1.526E-03
    1186 5.0393E-01 4.0046E-04  ( 0.260    , -1.953E-03,   0.00    ) |  4.005E-04 1.526E-03
    1187 5.0433E-01 4.0042E-04  ( 0.260    , -1.953E-03,   0.00    ) |  4.004E-04 1.526E-03
    1188 5.0473E-01 4.0038E-04  ( 0.260    , -1.953E-03,   0.00    ) |  4.004E-04 1.526E-03
    1189 5.0513E-01 4.0035E-04  ( 0.260    , -1.953E-03,   0.00    ) |  4.003E-04 1.526E-03
    1190 5.0553E-01 4.0031E-04  ( 0.260    , -1.953E-03,   0.00    ) |  4.003E-04 1.526E-03
    1191 5.0593E-01 4.0027E-04  ( 0.260    , -1.953E-03,   0.00    ) |  4.003E-04 1.526E-03
    1192 5.0633E-01 4.0023E-04  ( 0.260    , -1.953E-03,   0.00    ) |  4.002E-04 1.526E-03
    1193 5.0673E-01 4.0020E-04  ( 0.260    , -1.953E-03,   0.00    ) |  4.002E-04 1.526E-03
    1194 5.0713E-01 4.0016E-04  ( 0.260    , -1.953E-03,   0.00    ) |  4.002E-04 1.526E-03
    1195 5.0753E-01 4.0012E-04  ( 0.260    , -1.953E-03,   0.00    ) |  4.001E-04 1.526E-03
    1196 5.0793E-01 4.0009E-04  ( 0.260    , -1.953E-03,   0.00    ) |  4.001E-04 1.526E-03
    1197 5.0833E-01 4.0005E-04  ( 0.260    , -1.953E-03,   0.00    ) |  4.000E-04 1.526E-03
    1198 5.0873E-01 4.0001E-04  ( 0.260    , -1.953E-03,   0.00    ) |  4.000E-04 1.526E-03
    1199 5.0913E-01 3.9997E-04  ( 0.260    , -1.953E-03,   0.00    ) |  4.000E-04 1.526E-03
    1200 5.0953E-01 3.9994E-04  ( 0.260    , -1.953E-03,   0.00    ) |  3.999E-04 1.526E-03
    1201 5.0993E-01 3.9990E-04  ( 0.260    , -1.953E-03,   0.00    ) |  3.999E-04 1.526E-03
    1202 5.1033E-01 3.9986E-04  ( 0.260    , -1.953E-03,   0.00    ) |  3.999E-04 1.526E-03
    1203 5.1073E-01 3.9983E-04  ( 0.260    , -1.953E-03,   0.00    ) |  3.998E-04 1.526E-03
    1204 5.1113E-01 3.9979E-04  ( 0.260    , -1.953E-03,   0.00    ) |  3.998E-04 1.526E-03
    1205 5.1153E-01 3.9976E-04  ( 0.260    , -1.953E-03,   0.00    ) |  3.998E-04 1.526E-03
    1206 5.1193E-01 3.9972E-04  ( 0.260    , -1.953E-03,   0.00    ) |  3.997E-04 1.526E-03
    1207 5.1233E-01 3.9968E-04  ( 0.260    , -1.953E-03,   0.00    ) |  3.997E-04 1.526E-03
    1208 5.1273E-01 3.9965E-04  ( 0.260    , -1.953E-03,   0.00    ) |  3.996E-04 1.526E-03
    1209 5.1313E-01 3.9961E-04  ( 0.260    , -1.953E-03,   0.00    ) |  3.996E-04 1.526E-03
    1210 5.1353E-01 3.9957E-04  ( 0.260    , -1.953E-03,   0.00    ) |  3.996E-04 1.526E-03
    1211 5.1393E-01 3.9954E-04  ( 0.260    , -1.953E-03,   0.00    ) |  3.995E-04 1.526E-03
    1212 5.1433E-01 3.9950E-04  ( 0.260    , -1.953E-03,   0.00    ) |  3.995E-04 1.526E-03
    1213 5.1473E-01 3.9947E-04  ( 0.260    , -1.953E-03,   0.00    ) |  3.995E-04 1.526E-03
    1214 5.1513E-01 3.9943E-04  ( 0.264    , -1.953E-03,   0.00    ) |  3.994E-04 1.526E-03
    1215 5.1553E-01 3.9939E-04  ( 0.264    , -1.953E-03,   0.00    ) |  3.994E-04 1.526E-03
    1216 5.1593E-01 3.9936E-04  ( 0.264    , -1.953E-03,   0.00    ) |  3.994E-04 1.526E-03
    1217 5.1633E-01 3.9932E-04  ( 0.264    , -1.953E-03,   0.00    ) |  3.993E-04 1.526E-03
    1218 5.1673E-01 3.9929E-04  ( 0.264    , -1.953E-03,   0.00    ) |  3.993E-04 1.526E-03
    1219 5.1712E-01 3.9925E-04  ( 0.264    , -1.953E-03,   0.00    ) |  3.992E-04 1.526E-03
    1220 5.1752E-01 3.9921E-04  ( 0.264    , -1.953E-03,   0.00    ) |  3.992E-04 1.526E-03
    1221 5.1792E-01 3.9918E-04  ( 0.264    , -1.953E-03,   0.00    ) |  3.992E-04 1.526E-03
    1222 5.1832E-01 3.9914E-04  ( 0.264    , -1.953E-03,   0.00    ) |  3.991E-04 1.526E-03
    1223 5.1872E-01 3.9911E-04  ( 0.264    , -1.953E-03,   0.00    ) |  3.991E-04 1.526E-03
    1224 5.1912E-01 3.9907E-04  ( 0.264    , -1.953E-03,   0.00    ) |  3.991E-04 1.526E-03
    1225 5.1952E-01 3.9904E-04  ( 0.264    ,  1.953E-03,   0.00    ) |  3.990E-04 1.526E-03
    1226 5.1992E-01 3.9900E-04  ( 0.264    , -1.953E-03,   0.00    ) |  3.990E-04 1.526E-03
    1227 5.2032E-01 3.9897E-04  (-0.264    ,  1.953E-03,   0.00    ) |  3.990E-04 1.526E-03
    1228 5.2072E-01 3.9893E-04  ( 0.264    , -1.953E-03,   0.00    ) |  3.989E-04 1.526E-03
    1229 5.2112E-01 3.9890E-04  ( 0.264    ,  1.953E-03,   0.00    ) |  3.989E-04 1.526E-03
    1230 5.2151E-01 3.9886E-04  (-0.264    ,  1.953E-03,   0.00    ) |  3.989E-04 1.526E-03
    1231 5.2191E-01 3.9883E-04  ( 0.264    , -1.953E-03,   0.00    ) |  3.988E-04 1.526E-03
    1232 5.2231E-01 3.9879E-04  (-0.264    ,  1.953E-03,   0.00    ) |  3.988E-04 1.526E-03
    1233 5.2271E-01 3.9876E-04  (-0.264    ,  1.953E-03,   0.00    ) |  3.988E-04 1.526E-03
    1234 5.2311E-01 3.9872E-04  (-0.264    ,  1.953E-03,   0.00    ) |  3.987E-04 1.526E-03
    1235 5.2351E-01 3.9869E-04  ( 0.264    ,  1.953E-03,   0.00    ) |  3.987E-04 1.526E-03
    1236 5.2391E-01 3.9865E-04  ( 0.264    , -1.953E-03,   0.00    ) |  3.987E-04 1.526E-03
    1237 5.2431E-01 3.9862E-04  (-0.264    ,  1.953E-03,   0.00    ) |  3.986E-04 1.526E-03
    1238 5.2470E-01 3.9858E-04  ( 0.264    ,  1.953E-03,   0.00    ) |  3.986E-04 1.526E-03
 *** Wrote plotfile to flash_run_hdf5_plt_cnt_0021 ****
    1239 5.2510E-01 3.9855E-04  ( 0.264    ,  1.953E-03,   0.00    ) |  3.985E-04 1.526E-03
    1240 5.2550E-01 3.9852E-04  ( 0.264    ,  1.953E-03,   0.00    ) |  3.985E-04 1.526E-03
    1241 5.2590E-01 3.9848E-04  ( 0.264    ,  1.953E-03,   0.00    ) |  3.985E-04 1.526E-03
    1242 5.2630E-01 3.9845E-04  ( 0.264    , -1.953E-03,   0.00    ) |  3.984E-04 1.526E-03
    1243 5.2670E-01 3.9841E-04  ( 0.264    , -1.953E-03,   0.00    ) |  3.984E-04 1.526E-03
    1244 5.2710E-01 3.9838E-04  ( 0.264    , -1.953E-03,   0.00    ) |  3.984E-04 1.526E-03
    1245 5.2749E-01 3.9835E-04  ( 0.264    , -1.953E-03,   0.00    ) |  3.983E-04 1.526E-03
    1246 5.2789E-01 3.9831E-04  ( 0.264    , -1.953E-03,   0.00    ) |  3.983E-04 1.526E-03
    1247 5.2829E-01 3.9828E-04  ( 0.264    , -1.953E-03,   0.00    ) |  3.983E-04 1.526E-03
    1248 5.2869E-01 3.9825E-04  (-0.264    ,  1.953E-03,   0.00    ) |  3.982E-04 1.526E-03
    1249 5.2909E-01 3.9821E-04  ( 0.264    , -1.953E-03,   0.00    ) |  3.982E-04 1.526E-03
    1250 5.2949E-01 3.9818E-04  ( 0.264    , -1.953E-03,   0.00    ) |  3.982E-04 1.526E-03
    1251 5.2988E-01 3.9815E-04  (-0.264    ,  1.953E-03,   0.00    ) |  3.981E-04 1.526E-03
    1252 5.3028E-01 3.9811E-04  (-0.264    ,  1.953E-03,   0.00    ) |  3.981E-04 1.526E-03
    1253 5.3068E-01 3.9808E-04  (-0.264    ,  1.953E-03,   0.00    ) |  3.981E-04 1.526E-03
    1254 5.3108E-01 3.9805E-04  (-0.264    ,  1.953E-03,   0.00    ) |  3.980E-04 1.526E-03
    1255 5.3148E-01 3.9801E-04  (-0.264    ,  1.953E-03,   0.00    ) |  3.980E-04 1.526E-03
    1256 5.3187E-01 3.9798E-04  (-0.264    ,  1.953E-03,   0.00    ) |  3.980E-04 1.526E-03
    1257 5.3227E-01 3.9795E-04  (-0.264    ,  1.953E-03,   0.00    ) |  3.979E-04 1.526E-03
    1258 5.3267E-01 3.9792E-04  (-0.264    ,  1.953E-03,   0.00    ) |  3.979E-04 1.526E-03
    1259 5.3307E-01 3.9788E-04  (-0.264    ,  1.953E-03,   0.00    ) |  3.979E-04 1.526E-03
    1260 5.3347E-01 3.9785E-04  (-0.264    ,  1.953E-03,   0.00    ) |  3.979E-04 1.526E-03
    1261 5.3386E-01 3.9782E-04  (-0.264    ,  1.953E-03,   0.00    ) |  3.978E-04 1.526E-03
    1262 5.3426E-01 3.9779E-04  ( 0.264    , -1.953E-03,   0.00    ) |  3.978E-04 1.526E-03
    1263 5.3466E-01 3.9776E-04  ( 0.264    , -1.953E-03,   0.00    ) |  3.978E-04 1.526E-03
    1264 5.3506E-01 3.9772E-04  ( 0.264    , -1.953E-03,   0.00    ) |  3.977E-04 1.526E-03
    1265 5.3545E-01 3.9769E-04  ( 0.264    , -1.953E-03,   0.00    ) |  3.977E-04 1.526E-03
    1266 5.3585E-01 3.9766E-04  ( 0.264    , -1.953E-03,   0.00    ) |  3.977E-04 1.526E-03
    1267 5.3625E-01 3.9763E-04  ( 0.264    , -1.953E-03,   0.00    ) |  3.976E-04 1.526E-03
    1268 5.3665E-01 3.9760E-04  ( 0.264    , -1.953E-03,   0.00    ) |  3.976E-04 1.526E-03
    1269 5.3704E-01 3.9757E-04  ( 0.264    , -1.953E-03,   0.00    ) |  3.976E-04 1.526E-03
    1270 5.3744E-01 3.9754E-04  ( 0.264    , -1.953E-03,   0.00    ) |  3.975E-04 1.526E-03
    1271 5.3784E-01 3.9751E-04  (-0.264    ,  1.953E-03,   0.00    ) |  3.975E-04 1.526E-03
    1272 5.3824E-01 3.9748E-04  (-0.264    ,  1.953E-03,   0.00    ) |  3.975E-04 1.526E-03
    1273 5.3864E-01 3.9745E-04  ( 0.264    , -1.953E-03,   0.00    ) |  3.974E-04 1.526E-03
    1274 5.3903E-01 3.9742E-04  (-0.264    ,  1.953E-03,   0.00    ) |  3.974E-04 1.526E-03
    1275 5.3943E-01 3.9739E-04  (-0.264    ,  1.953E-03,   0.00    ) |  3.974E-04 1.526E-03
    1276 5.3983E-01 3.9736E-04  (-0.264    ,  1.953E-03,   0.00    ) |  3.974E-04 1.526E-03
    1277 5.4022E-01 3.9733E-04  (-0.264    ,  1.953E-03,   0.00    ) |  3.973E-04 1.526E-03
    1278 5.4062E-01 3.9730E-04  (-0.264    ,  1.953E-03,   0.00    ) |  3.973E-04 1.526E-03
    1279 5.4102E-01 3.9727E-04  (-0.264    ,  1.953E-03,   0.00    ) |  3.973E-04 1.526E-03
    1280 5.4142E-01 3.9724E-04  (-0.264    ,  1.953E-03,   0.00    ) |  3.972E-04 1.526E-03
    1281 5.4181E-01 3.9720E-04  (-0.264    ,  1.953E-03,   0.00    ) |  3.972E-04 1.526E-03
    1282 5.4221E-01 3.9717E-04  (-0.264    ,  1.953E-03,   0.00    ) |  3.972E-04 1.526E-03
    1283 5.4261E-01 3.9714E-04  (-0.264    ,  1.953E-03,   0.00    ) |  3.971E-04 1.526E-03
    1284 5.4301E-01 3.9711E-04  (-0.264    ,  1.953E-03,   0.00    ) |  3.971E-04 1.526E-03
    1285 5.4340E-01 3.9709E-04  (-0.264    ,  1.953E-03,   0.00    ) |  3.971E-04 1.526E-03
    1286 5.4380E-01 3.9706E-04  (-0.264    ,  1.953E-03,   0.00    ) |  3.971E-04 1.526E-03
    1287 5.4420E-01 3.9703E-04  (-0.264    ,  1.953E-03,   0.00    ) |  3.970E-04 1.526E-03
    1288 5.4459E-01 3.9700E-04  (-0.264    ,  1.953E-03,   0.00    ) |  3.970E-04 1.526E-03
    1289 5.4499E-01 3.9697E-04  (-0.264    ,  1.953E-03,   0.00    ) |  3.970E-04 1.526E-03
    1290 5.4539E-01 3.9694E-04  (-0.268    ,  1.953E-03,   0.00    ) |  3.969E-04 1.526E-03
    1291 5.4578E-01 3.9691E-04  (-0.268    ,  1.953E-03,   0.00    ) |  3.969E-04 1.526E-03
    1292 5.4618E-01 3.9688E-04  (-0.268    ,  1.953E-03,   0.00    ) |  3.969E-04 1.526E-03
    1293 5.4658E-01 3.9685E-04  (-0.268    ,  1.953E-03,   0.00    ) |  3.968E-04 1.526E-03
    1294 5.4698E-01 3.9682E-04  (-0.268    ,  1.953E-03,   0.00    ) |  3.968E-04 1.526E-03
    1295 5.4737E-01 3.9679E-04  (-0.268    ,  1.953E-03,   0.00    ) |  3.968E-04 1.526E-03
    1296 5.4777E-01 3.9676E-04  (-0.268    ,  1.953E-03,   0.00    ) |  3.968E-04 1.526E-03
    1297 5.4817E-01 3.9673E-04  (-0.268    ,  1.953E-03,   0.00    ) |  3.967E-04 1.526E-03
    1298 5.4856E-01 3.9670E-04  (-0.268    ,  1.953E-03,   0.00    ) |  3.967E-04 1.526E-03
    1299 5.4896E-01 3.9667E-04  (-0.268    ,  1.953E-03,   0.00    ) |  3.967E-04 1.526E-03
    1300 5.4936E-01 3.9664E-04  (-0.268    ,  1.953E-03,   0.00    ) |  3.966E-04 1.526E-03
    1301 5.4975E-01 3.9661E-04  (-0.268    ,  1.953E-03,   0.00    ) |  3.966E-04 1.526E-03
 *** Wrote plotfile to flash_run_hdf5_plt_cnt_0022 ****
    1302 5.5015E-01 3.9658E-04  (-0.268    ,  1.953E-03,   0.00    ) |  3.966E-04 1.526E-03
    1303 5.5055E-01 3.9655E-04  (-0.268    ,  1.953E-03,   0.00    ) |  3.966E-04 1.526E-03
    1304 5.5094E-01 3.9653E-04  (-0.268    ,  1.953E-03,   0.00    ) |  3.965E-04 1.526E-03
    1305 5.5134E-01 3.9650E-04  (-0.268    ,  1.953E-03,   0.00    ) |  3.965E-04 1.526E-03
    1306 5.5173E-01 3.9647E-04  (-0.268    ,  1.953E-03,   0.00    ) |  3.965E-04 1.526E-03
    1307 5.5213E-01 3.9644E-04  (-0.268    ,  1.953E-03,   0.00    ) |  3.964E-04 1.526E-03
    1308 5.5253E-01 3.9641E-04  (-0.268    ,  1.953E-03,   0.00    ) |  3.964E-04 1.526E-03
    1309 5.5292E-01 3.9638E-04  (-0.268    ,  1.953E-03,   0.00    ) |  3.964E-04 1.526E-03
    1310 5.5332E-01 3.9636E-04  (-0.268    ,  1.953E-03,   0.00    ) |  3.964E-04 1.526E-03
    1311 5.5372E-01 3.9633E-04  (-0.268    ,  1.953E-03,   0.00    ) |  3.963E-04 1.526E-03
    1312 5.5411E-01 3.9630E-04  (-0.268    ,  1.953E-03,   0.00    ) |  3.963E-04 1.526E-03
    1313 5.5451E-01 3.9627E-04  (-0.268    ,  1.953E-03,   0.00    ) |  3.963E-04 1.526E-03
    1314 5.5491E-01 3.9624E-04  (-0.268    ,  1.953E-03,   0.00    ) |  3.962E-04 1.526E-03
    1315 5.5530E-01 3.9622E-04  (-0.268    ,  1.953E-03,   0.00    ) |  3.962E-04 1.526E-03
    1316 5.5570E-01 3.9619E-04  (-0.268    ,  1.953E-03,   0.00    ) |  3.962E-04 1.526E-03
    1317 5.5609E-01 3.9616E-04  (-0.268    ,  1.953E-03,   0.00    ) |  3.962E-04 1.526E-03
    1318 5.5649E-01 3.9613E-04  (-0.268    ,  1.953E-03,   0.00    ) |  3.961E-04 1.526E-03
    1319 5.5689E-01 3.9611E-04  (-0.268    ,  1.953E-03,   0.00    ) |  3.961E-04 1.526E-03
    1320 5.5728E-01 3.9608E-04  (-0.268    ,  1.953E-03,   0.00    ) |  3.961E-04 1.526E-03
    1321 5.5768E-01 3.9605E-04  (-0.268    ,  1.953E-03,   0.00    ) |  3.961E-04 1.526E-03
    1322 5.5808E-01 3.9602E-04  (-0.268    ,  1.953E-03,   0.00    ) |  3.960E-04 1.526E-03
    1323 5.5847E-01 3.9600E-04  (-0.268    ,  1.953E-03,   0.00    ) |  3.960E-04 1.526E-03
    1324 5.5887E-01 3.9597E-04  (-0.268    ,  1.953E-03,   0.00    ) |  3.960E-04 1.526E-03
    1325 5.5926E-01 3.9594E-04  (-0.268    ,  1.953E-03,   0.00    ) |  3.959E-04 1.526E-03
    1326 5.5966E-01 3.9592E-04  (-0.268    ,  1.953E-03,   0.00    ) |  3.959E-04 1.526E-03
    1327 5.6005E-01 3.9589E-04  (-0.268    ,  1.953E-03,   0.00    ) |  3.959E-04 1.526E-03
    1328 5.6045E-01 3.9586E-04  (-0.268    ,  1.953E-03,   0.00    ) |  3.959E-04 1.526E-03
    1329 5.6085E-01 3.9584E-04  (-0.268    ,  1.953E-03,   0.00    ) |  3.958E-04 1.526E-03
    1330 5.6124E-01 3.9581E-04  (-0.268    ,  1.953E-03,   0.00    ) |  3.958E-04 1.526E-03
    1331 5.6164E-01 3.9578E-04  (-0.268    ,  1.953E-03,   0.00    ) |  3.958E-04 1.526E-03
    1332 5.6203E-01 3.9576E-04  (-0.268    ,  1.953E-03,   0.00    ) |  3.958E-04 1.526E-03
    1333 5.6243E-01 3.9573E-04  (-0.268    ,  1.953E-03,   0.00    ) |  3.957E-04 1.526E-03
    1334 5.6283E-01 3.9571E-04  (-0.268    ,  1.953E-03,   0.00    ) |  3.957E-04 1.526E-03
    1335 5.6322E-01 3.9568E-04  (-0.268    ,  1.953E-03,   0.00    ) |  3.957E-04 1.526E-03
    1336 5.6362E-01 3.9566E-04  (-0.268    ,  1.953E-03,   0.00    ) |  3.957E-04 1.526E-03
    1337 5.6401E-01 3.9563E-04  (-0.268    ,  1.953E-03,   0.00    ) |  3.956E-04 1.526E-03
    1338 5.6441E-01 3.9561E-04  (-0.268    ,  1.953E-03,   0.00    ) |  3.956E-04 1.526E-03
    1339 5.6480E-01 3.9558E-04  (-0.268    ,  1.953E-03,   0.00    ) |  3.956E-04 1.526E-03
    1340 5.6520E-01 3.9556E-04  (-0.268    ,  1.953E-03,   0.00    ) |  3.956E-04 1.526E-03
    1341 5.6560E-01 3.9553E-04  (-0.268    ,  1.953E-03,   0.00    ) |  3.955E-04 1.526E-03
    1342 5.6599E-01 3.9551E-04  (-0.268    ,  1.953E-03,   0.00    ) |  3.955E-04 1.526E-03
    1343 5.6639E-01 3.9548E-04  (-0.268    ,  1.953E-03,   0.00    ) |  3.955E-04 1.526E-03
    1344 5.6678E-01 3.9546E-04  (-0.268    ,  1.953E-03,   0.00    ) |  3.955E-04 1.526E-03
    1345 5.6718E-01 3.9543E-04  (-0.268    ,  1.953E-03,   0.00    ) |  3.954E-04 1.526E-03
    1346 5.6757E-01 3.9541E-04  (-0.268    ,  1.953E-03,   0.00    ) |  3.954E-04 1.526E-03
    1347 5.6797E-01 3.9538E-04  (-0.268    ,  1.953E-03,   0.00    ) |  3.954E-04 1.526E-03
    1348 5.6836E-01 3.9536E-04  (-0.268    ,  1.953E-03,   0.00    ) |  3.954E-04 1.526E-03
    1349 5.6876E-01 3.9533E-04  (-0.268    ,  1.953E-03,   0.00    ) |  3.953E-04 1.526E-03
    1350 5.6915E-01 3.9531E-04  (-0.268    ,  1.953E-03,   0.00    ) |  3.953E-04 1.526E-03
    1351 5.6955E-01 3.9528E-04  (-0.268    ,  1.953E-03,   0.00    ) |  3.953E-04 1.526E-03
    1352 5.6994E-01 3.9526E-04  (-0.268    ,  1.953E-03,   0.00    ) |  3.953E-04 1.526E-03
    1353 5.7034E-01 3.9524E-04  (-0.268    ,  1.953E-03,   0.00    ) |  3.952E-04 1.526E-03
    1354 5.7074E-01 3.9521E-04  (-0.268    ,  1.953E-03,   0.00    ) |  3.952E-04 1.526E-03
    1355 5.7113E-01 3.9519E-04  (-0.268    ,  1.953E-03,   0.00    ) |  3.952E-04 1.526E-03
    1356 5.7153E-01 3.9516E-04  ( 0.268    , -1.953E-03,   0.00    ) |  3.952E-04 1.526E-03
    1357 5.7192E-01 3.9514E-04  ( 0.268    , -1.953E-03,   0.00    ) |  3.951E-04 1.526E-03
    1358 5.7232E-01 3.9512E-04  ( 0.268    , -1.953E-03,   0.00    ) |  3.951E-04 1.526E-03
    1359 5.7271E-01 3.9509E-04  ( 0.268    , -1.953E-03,   0.00    ) |  3.951E-04 1.526E-03
    1360 5.7311E-01 3.9507E-04  ( 0.268    , -1.953E-03,   0.00    ) |  3.951E-04 1.526E-03
    1361 5.7350E-01 3.9504E-04  (-0.268    ,  1.953E-03,   0.00    ) |  3.950E-04 1.526E-03
    1362 5.7390E-01 3.9502E-04  (-0.268    ,  1.953E-03,   0.00    ) |  3.950E-04 1.526E-03
    1363 5.7429E-01 3.9500E-04  ( 0.268    , -1.953E-03,   0.00    ) |  3.950E-04 1.526E-03
    1364 5.7469E-01 3.9497E-04  (-0.271    ,  1.953E-03,   0.00    ) |  3.950E-04 1.526E-03
 *** Wrote plotfile to flash_run_hdf5_plt_cnt_0023 ****
    1365 5.7508E-01 3.9495E-04  (-0.271    ,  1.953E-03,   0.00    ) |  3.949E-04 1.526E-03
    1366 5.7548E-01 3.9493E-04  (-0.271    ,  1.953E-03,   0.00    ) |  3.949E-04 1.526E-03
    1367 5.7587E-01 3.9490E-04  (-0.271    ,  1.953E-03,   0.00    ) |  3.949E-04 1.526E-03
    1368 5.7627E-01 3.9488E-04  (-0.271    ,  1.953E-03,   0.00    ) |  3.949E-04 1.526E-03
    1369 5.7666E-01 3.9485E-04  (-0.271    ,  1.953E-03,   0.00    ) |  3.949E-04 1.526E-03
    1370 5.7706E-01 3.9483E-04  (-0.271    ,  1.953E-03,   0.00    ) |  3.948E-04 1.526E-03
    1371 5.7745E-01 3.9481E-04  (-0.271    ,  1.953E-03,   0.00    ) |  3.948E-04 1.526E-03
    1372 5.7785E-01 3.9478E-04  (-0.271    ,  1.953E-03,   0.00    ) |  3.948E-04 1.526E-03
    1373 5.7824E-01 3.9476E-04  ( 0.271    , -1.953E-03,   0.00    ) |  3.948E-04 1.526E-03
    1374 5.7863E-01 3.9474E-04  ( 0.271    , -1.953E-03,   0.00    ) |  3.947E-04 1.526E-03
    1375 5.7903E-01 3.9471E-04  ( 0.271    , -1.953E-03,   0.00    ) |  3.947E-04 1.526E-03
    1376 5.7942E-01 3.9469E-04  ( 0.271    , -1.953E-03,   0.00    ) |  3.947E-04 1.526E-03
    1377 5.7982E-01 3.9467E-04  ( 0.271    , -1.953E-03,   0.00    ) |  3.947E-04 1.526E-03
    1378 5.8021E-01 3.9464E-04  ( 0.271    , -1.953E-03,   0.00    ) |  3.946E-04 1.526E-03
    1379 5.8061E-01 3.9462E-04  ( 0.271    , -1.953E-03,   0.00    ) |  3.946E-04 1.526E-03
    1380 5.8100E-01 3.9460E-04  ( 0.271    , -1.953E-03,   0.00    ) |  3.946E-04 1.526E-03
    1381 5.8140E-01 3.9457E-04  ( 0.271    , -1.953E-03,   0.00    ) |  3.946E-04 1.526E-03
    1382 5.8179E-01 3.9455E-04  ( 0.271    , -1.953E-03,   0.00    ) |  3.945E-04 1.526E-03
    1383 5.8219E-01 3.9453E-04  (-0.271    ,  1.953E-03,   0.00    ) |  3.945E-04 1.526E-03
    1384 5.8258E-01 3.9450E-04  (-0.271    ,  1.953E-03,   0.00    ) |  3.945E-04 1.526E-03
    1385 5.8298E-01 3.9448E-04  ( 0.271    , -1.953E-03,   0.00    ) |  3.945E-04 1.526E-03
    1386 5.8337E-01 3.9446E-04  (-0.271    ,  1.953E-03,   0.00    ) |  3.945E-04 1.526E-03
    1387 5.8376E-01 3.9444E-04  ( 0.271    , -1.953E-03,   0.00    ) |  3.944E-04 1.526E-03
    1388 5.8416E-01 3.9441E-04  ( 0.271    , -1.953E-03,   0.00    ) |  3.944E-04 1.526E-03
    1389 5.8455E-01 3.9439E-04  ( 0.271    , -1.953E-03,   0.00    ) |  3.944E-04 1.526E-03
    1390 5.8495E-01 3.9437E-04  ( 0.271    , -1.953E-03,   0.00    ) |  3.944E-04 1.526E-03
    1391 5.8534E-01 3.9435E-04  ( 0.271    , -1.953E-03,   0.00    ) |  3.943E-04 1.526E-03
    1392 5.8574E-01 3.9432E-04  ( 0.271    , -1.953E-03,   0.00    ) |  3.943E-04 1.526E-03
    1393 5.8613E-01 3.9430E-04  ( 0.271    , -1.953E-03,   0.00    ) |  3.943E-04 1.526E-03
    1394 5.8653E-01 3.9428E-04  ( 0.271    , -1.953E-03,   0.00    ) |  3.943E-04 1.526E-03
    1395 5.8692E-01 3.9426E-04  ( 0.271    , -1.953E-03,   0.00    ) |  3.943E-04 1.526E-03
    1396 5.8731E-01 3.9424E-04  ( 0.271    , -1.953E-03,   0.00    ) |  3.942E-04 1.526E-03
    1397 5.8771E-01 3.9421E-04  ( 0.271    , -1.953E-03,   0.00    ) |  3.942E-04 1.526E-03
    1398 5.8810E-01 3.9419E-04  ( 0.271    , -1.953E-03,   0.00    ) |  3.942E-04 1.526E-03
    1399 5.8850E-01 3.9417E-04  ( 0.271    , -1.953E-03,   0.00    ) |  3.942E-04 1.526E-03
    1400 5.8889E-01 3.9415E-04  ( 0.271    , -1.953E-03,   0.00    ) |  3.941E-04 1.526E-03
    1401 5.8928E-01 3.9413E-04  ( 0.271    , -1.953E-03,   0.00    ) |  3.941E-04 1.526E-03
    1402 5.8968E-01 3.9410E-04  ( 0.271    , -1.953E-03,   0.00    ) |  3.941E-04 1.526E-03
    1403 5.9007E-01 3.9408E-04  ( 0.271    , -1.953E-03,   0.00    ) |  3.941E-04 1.526E-03
    1404 5.9047E-01 3.9406E-04  ( 0.271    , -1.953E-03,   0.00    ) |  3.941E-04 1.526E-03
    1405 5.9086E-01 3.9404E-04  ( 0.271    , -1.953E-03,   0.00    ) |  3.940E-04 1.526E-03
    1406 5.9125E-01 3.9402E-04  ( 0.271    , -1.953E-03,   0.00    ) |  3.940E-04 1.526E-03
    1407 5.9165E-01 3.9399E-04  ( 0.271    , -1.953E-03,   0.00    ) |  3.940E-04 1.526E-03
    1408 5.9204E-01 3.9397E-04  ( 0.271    , -1.953E-03,   0.00    ) |  3.940E-04 1.526E-03
    1409 5.9244E-01 3.9395E-04  ( 0.271    , -1.953E-03,   0.00    ) |  3.940E-04 1.526E-03
    1410 5.9283E-01 3.9393E-04  ( 0.271    , -1.953E-03,   0.00    ) |  3.939E-04 1.526E-03
    1411 5.9322E-01 3.9391E-04  ( 0.271    , -1.953E-03,   0.00    ) |  3.939E-04 1.526E-03
    1412 5.9362E-01 3.9389E-04  ( 0.271    , -1.953E-03,   0.00    ) |  3.939E-04 1.526E-03
    1413 5.9401E-01 3.9387E-04  ( 0.271    , -1.953E-03,   0.00    ) |  3.939E-04 1.526E-03
    1414 5.9441E-01 3.9385E-04  ( 0.271    , -1.953E-03,   0.00    ) |  3.938E-04 1.526E-03
    1415 5.9480E-01 3.9382E-04  ( 0.271    , -1.953E-03,   0.00    ) |  3.938E-04 1.526E-03
    1416 5.9519E-01 3.9380E-04  ( 0.271    , -1.953E-03,   0.00    ) |  3.938E-04 1.526E-03
    1417 5.9559E-01 3.9378E-04  (-0.271    , -1.953E-03,   0.00    ) |  3.938E-04 1.526E-03
    1418 5.9598E-01 3.9376E-04  ( 0.271    , -1.953E-03,   0.00    ) |  3.938E-04 1.526E-03
    1419 5.9638E-01 3.9374E-04  ( 0.271    , -1.953E-03,   0.00    ) |  3.937E-04 1.526E-03
    1420 5.9677E-01 3.9372E-04  ( 0.271    , -1.953E-03,   0.00    ) |  3.937E-04 1.526E-03
    1421 5.9716E-01 3.9371E-04  ( 0.271    , -1.953E-03,   0.00    ) |  3.937E-04 1.526E-03
    1422 5.9756E-01 3.9369E-04  ( 0.271    , -1.953E-03,   0.00    ) |  3.937E-04 1.526E-03
    1423 5.9795E-01 3.9367E-04  ( 0.271    , -1.953E-03,   0.00    ) |  3.937E-04 1.526E-03
    1424 5.9834E-01 3.9365E-04  ( 0.271    , -1.953E-03,   0.00    ) |  3.936E-04 1.526E-03
    1425 5.9874E-01 3.9363E-04  (-0.271    , -1.953E-03,   0.00    ) |  3.936E-04 1.526E-03
    1426 5.9913E-01 3.9361E-04  ( 0.271    , -1.953E-03,   0.00    ) |  3.936E-04 1.526E-03
    1427 5.9952E-01 3.9360E-04  ( 0.271    , -1.953E-03,   0.00    ) |  3.936E-04 1.526E-03
    1428 5.9992E-01 3.9358E-04  (-0.271    , -1.953E-03,   0.00    ) |  3.936E-04 1.526E-03
 *** Wrote plotfile to flash_run_hdf5_plt_cnt_0024 ****
    1429 6.0031E-01 3.9356E-04  ( 0.271    , -1.953E-03,   0.00    ) |  3.936E-04 1.526E-03
    1430 6.0071E-01 3.9355E-04  ( 0.271    , -1.953E-03,   0.00    ) |  3.935E-04 1.526E-03
    1431 6.0110E-01 3.9353E-04  ( 0.271    , -1.953E-03,   0.00    ) |  3.935E-04 1.526E-03
    1432 6.0149E-01 3.9352E-04  ( 0.271    , -1.953E-03,   0.00    ) |  3.935E-04 1.526E-03
    1433 6.0189E-01 3.9350E-04  ( 0.271    , -1.953E-03,   0.00    ) |  3.935E-04 1.526E-03
    1434 6.0228E-01 3.9349E-04  ( 0.271    , -1.953E-03,   0.00    ) |  3.935E-04 1.526E-03
    1435 6.0267E-01 3.9347E-04  ( 0.271    , -1.953E-03,   0.00    ) |  3.935E-04 1.526E-03
    1436 6.0307E-01 3.9346E-04  ( 0.271    , -1.953E-03,   0.00    ) |  3.935E-04 1.526E-03
    1437 6.0346E-01 3.9345E-04  ( 0.271    , -1.953E-03,   0.00    ) |  3.934E-04 1.526E-03
    1438 6.0385E-01 3.9343E-04  ( 0.271    , -1.953E-03,   0.00    ) |  3.934E-04 1.526E-03
    1439 6.0425E-01 3.9342E-04  (-0.271    , -1.953E-03,   0.00    ) |  3.934E-04 1.526E-03
    1440 6.0464E-01 3.9341E-04  (-0.271    , -1.953E-03,   0.00    ) |  3.934E-04 1.526E-03
    1441 6.0503E-01 3.9340E-04  (-0.271    , -1.953E-03,   0.00    ) |  3.934E-04 1.526E-03
    1442 6.0543E-01 3.9338E-04  (-0.271    , -1.953E-03,   0.00    ) |  3.934E-04 1.526E-03
    1443 6.0582E-01 3.9337E-04  ( 0.271    , -1.953E-03,   0.00    ) |  3.934E-04 1.526E-03
    1444 6.0621E-01 3.9336E-04  ( 0.271    , -1.953E-03,   0.00    ) |  3.934E-04 1.526E-03
    1445 6.0661E-01 3.9335E-04  ( 0.271    , -1.953E-03,   0.00    ) |  3.934E-04 1.526E-03
    1446 6.0700E-01 3.9334E-04  ( 0.271    , -1.953E-03,   0.00    ) |  3.933E-04 1.526E-03
    1447 6.0739E-01 3.9333E-04  ( 0.271    , -1.953E-03,   0.00    ) |  3.933E-04 1.526E-03
    1448 6.0779E-01 3.9332E-04  ( 0.271    , -1.953E-03,   0.00    ) |  3.933E-04 1.526E-03
    1449 6.0818E-01 3.9331E-04  ( 0.271    , -1.953E-03,   0.00    ) |  3.933E-04 1.526E-03
    1450 6.0857E-01 3.9330E-04  ( 0.271    , -1.953E-03,   0.00    ) |  3.933E-04 1.526E-03
    1451 6.0897E-01 3.9329E-04  ( 0.271    , -1.953E-03,   0.00    ) |  3.933E-04 1.526E-03
    1452 6.0936E-01 3.9328E-04  ( 0.271    , -1.953E-03,   0.00    ) |  3.933E-04 1.526E-03
    1453 6.0975E-01 3.9327E-04  ( 0.271    , -1.953E-03,   0.00    ) |  3.933E-04 1.526E-03
    1454 6.1015E-01 3.9326E-04  ( 0.271    , -1.953E-03,   0.00    ) |  3.933E-04 1.526E-03
    1455 6.1054E-01 3.9325E-04  ( 0.271    , -1.953E-03,   0.00    ) |  3.933E-04 1.526E-03
    1456 6.1093E-01 3.9324E-04  ( 0.271    , -1.953E-03,   0.00    ) |  3.932E-04 1.526E-03
    1457 6.1133E-01 3.9323E-04  ( 0.271    , -1.953E-03,   0.00    ) |  3.932E-04 1.526E-03
    1458 6.1172E-01 3.9322E-04  ( 0.271    , -1.953E-03,   0.00    ) |  3.932E-04 1.526E-03
    1459 6.1211E-01 3.9321E-04  ( 0.271    , -1.953E-03,   0.00    ) |  3.932E-04 1.526E-03
    1460 6.1251E-01 3.9320E-04  ( 0.271    , -1.953E-03,   0.00    ) |  3.932E-04 1.526E-03
    1461 6.1290E-01 3.9319E-04  ( 0.271    , -1.953E-03,   0.00    ) |  3.932E-04 1.526E-03
    1462 6.1329E-01 3.9318E-04  ( 0.271    , -1.953E-03,   0.00    ) |  3.932E-04 1.526E-03
    1463 6.1369E-01 3.9317E-04  ( 0.271    , -1.953E-03,   0.00    ) |  3.932E-04 1.526E-03
    1464 6.1408E-01 3.9315E-04  ( 0.271    , -1.953E-03,   0.00    ) |  3.932E-04 1.526E-03
    1465 6.1447E-01 3.9314E-04  ( 0.271    , -1.953E-03,   0.00    ) |  3.931E-04 1.526E-03
    1466 6.1487E-01 3.9313E-04  ( 0.271    , -1.953E-03,   0.00    ) |  3.931E-04 1.526E-03
    1467 6.1526E-01 3.9311E-04  ( 0.271    , -1.953E-03,   0.00    ) |  3.931E-04 1.526E-03
    1468 6.1565E-01 3.9310E-04  ( 0.271    , -1.953E-03,   0.00    ) |  3.931E-04 1.526E-03
    1469 6.1605E-01 3.9308E-04  ( 0.271    , -1.953E-03,   0.00    ) |  3.931E-04 1.526E-03
    1470 6.1644E-01 3.9307E-04  ( 0.271    , -1.953E-03,   0.00    ) |  3.931E-04 1.526E-03
    1471 6.1683E-01 3.9305E-04  ( 0.271    , -1.953E-03,   0.00    ) |  3.931E-04 1.526E-03
    1472 6.1722E-01 3.9304E-04  ( 0.271    , -1.953E-03,   0.00    ) |  3.930E-04 1.526E-03
    1473 6.1762E-01 3.9302E-04  ( 0.271    , -1.953E-03,   0.00    ) |  3.930E-04 1.526E-03
    1474 6.1801E-01 3.9300E-04  ( 0.271    , -1.953E-03,   0.00    ) |  3.930E-04 1.526E-03
    1475 6.1840E-01 3.9298E-04  ( 0.271    , -1.953E-03,   0.00    ) |  3.930E-04 1.526E-03
    1476 6.1880E-01 3.9296E-04  ( 0.271    , -1.953E-03,   0.00    ) |  3.930E-04 1.526E-03
    1477 6.1919E-01 3.9295E-04  ( 0.271    , -1.953E-03,   0.00    ) |  3.929E-04 1.526E-03
    1478 6.1958E-01 3.9293E-04  ( 0.271    , -1.953E-03,   0.00    ) |  3.929E-04 1.526E-03
    1479 6.1998E-01 3.9291E-04  ( 0.271    , -1.953E-03,   0.00    ) |  3.929E-04 1.526E-03
    1480 6.2037E-01 3.9289E-04  ( 0.271    , -1.953E-03,   0.00    ) |  3.929E-04 1.526E-03
    1481 6.2076E-01 3.9287E-04  ( 0.271    , -1.953E-03,   0.00    ) |  3.929E-04 1.526E-03
    1482 6.2115E-01 3.9285E-04  ( 0.271    , -1.953E-03,   0.00    ) |  3.928E-04 1.526E-03
    1483 6.2155E-01 3.9283E-04  ( 0.271    , -1.953E-03,   0.00    ) |  3.928E-04 1.526E-03
    1484 6.2194E-01 3.9281E-04  ( 0.271    , -1.953E-03,   0.00    ) |  3.928E-04 1.526E-03
    1485 6.2233E-01 3.9279E-04  ( 0.271    , -1.953E-03,   0.00    ) |  3.928E-04 1.526E-03
    1486 6.2273E-01 3.9277E-04  ( 0.271    , -1.953E-03,   0.00    ) |  3.928E-04 1.526E-03
    1487 6.2312E-01 3.9275E-04  ( 0.271    , -1.953E-03,   0.00    ) |  3.927E-04 1.526E-03
    1488 6.2351E-01 3.9273E-04  ( 0.271    , -1.953E-03,   0.00    ) |  3.927E-04 1.526E-03
    1489 6.2390E-01 3.9271E-04  ( 0.271    , -1.953E-03,   0.00    ) |  3.927E-04 1.526E-03
    1490 6.2430E-01 3.9269E-04  ( 0.275    , -1.953E-03,   0.00    ) |  3.927E-04 1.526E-03
    1491 6.2469E-01 3.9267E-04  ( 0.275    , -1.953E-03,   0.00    ) |  3.927E-04 1.526E-03
 *** Wrote plotfile to flash_run_hdf5_plt_cnt_0025 ****
    1492 6.2508E-01 3.9265E-04  ( 0.275    , -1.953E-03,   0.00    ) |  3.926E-04 1.526E-03
    1493 6.2547E-01 3.9263E-04  ( 0.275    , -1.953E-03,   0.00    ) |  3.926E-04 1.526E-03
    1494 6.2587E-01 3.9261E-04  ( 0.275    , -1.953E-03,   0.00    ) |  3.926E-04 1.526E-03
    1495 6.2626E-01 3.9259E-04  ( 0.275    , -1.953E-03,   0.00    ) |  3.926E-04 1.526E-03
    1496 6.2665E-01 3.9257E-04  ( 0.275    , -1.953E-03,   0.00    ) |  3.926E-04 1.526E-03
    1497 6.2704E-01 3.9256E-04  ( 0.275    , -1.953E-03,   0.00    ) |  3.926E-04 1.526E-03
    1498 6.2744E-01 3.9254E-04  ( 0.275    , -1.953E-03,   0.00    ) |  3.925E-04 1.526E-03
    1499 6.2783E-01 3.9252E-04  ( 0.275    , -1.953E-03,   0.00    ) |  3.925E-04 1.526E-03
    1500 6.2822E-01 3.9251E-04  (-0.275    , -1.953E-03,   0.00    ) |  3.925E-04 1.526E-03
    1501 6.2861E-01 3.9249E-04  (-0.275    , -1.953E-03,   0.00    ) |  3.925E-04 1.526E-03
    1502 6.2901E-01 3.9248E-04  ( 0.275    , -1.953E-03,   0.00    ) |  3.925E-04 1.526E-03
    1503 6.2940E-01 3.9246E-04  ( 0.275    , -1.953E-03,   0.00    ) |  3.925E-04 1.526E-03
    1504 6.2979E-01 3.9245E-04  ( 0.275    , -1.953E-03,   0.00    ) |  3.925E-04 1.526E-03
    1505 6.3018E-01 3.9244E-04  ( 0.275    , -1.953E-03,   0.00    ) |  3.924E-04 1.526E-03
    1506 6.3058E-01 3.9242E-04  ( 0.275    , -1.953E-03,   0.00    ) |  3.924E-04 1.526E-03
    1507 6.3097E-01 3.9241E-04  ( 0.275    , -1.953E-03,   0.00    ) |  3.924E-04 1.526E-03
    1508 6.3136E-01 3.9240E-04  ( 0.275    , -1.953E-03,   0.00    ) |  3.924E-04 1.526E-03
    1509 6.3175E-01 3.9239E-04  ( 0.275    , -1.953E-03,   0.00    ) |  3.924E-04 1.526E-03
    1510 6.3215E-01 3.9238E-04  ( 0.275    , -1.953E-03,   0.00    ) |  3.924E-04 1.526E-03
    1511 6.3254E-01 3.9237E-04  ( 0.275    , -1.953E-03,   0.00    ) |  3.924E-04 1.526E-03
    1512 6.3293E-01 3.9236E-04  ( 0.275    , -1.953E-03,   0.00    ) |  3.924E-04 1.526E-03
    1513 6.3332E-01 3.9235E-04  ( 0.275    , -1.953E-03,   0.00    ) |  3.923E-04 1.526E-03
    1514 6.3372E-01 3.9234E-04  ( 0.275    , -1.953E-03,   0.00    ) |  3.923E-04 1.526E-03
    1515 6.3411E-01 3.9233E-04  ( 0.275    , -1.953E-03,   0.00    ) |  3.923E-04 1.526E-03
    1516 6.3450E-01 3.9232E-04  ( 0.275    , -1.953E-03,   0.00    ) |  3.923E-04 1.526E-03
    1517 6.3489E-01 3.9231E-04  ( 0.275    , -1.953E-03,   0.00    ) |  3.923E-04 1.526E-03
    1518 6.3529E-01 3.9230E-04  ( 0.275    , -1.953E-03,   0.00    ) |  3.923E-04 1.526E-03
    1519 6.3568E-01 3.9229E-04  ( 0.275    , -1.953E-03,   0.00    ) |  3.923E-04 1.526E-03
    1520 6.3607E-01 3.9228E-04  ( 0.275    , -1.953E-03,   0.00    ) |  3.923E-04 1.526E-03
    1521 6.3646E-01 3.9228E-04  ( 0.275    , -1.953E-03,   0.00    ) |  3.923E-04 1.526E-03
    1522 6.3685E-01 3.9227E-04  ( 0.275    , -1.953E-03,   0.00    ) |  3.923E-04 1.526E-03
    1523 6.3725E-01 3.9226E-04  ( 0.275    , -1.953E-03,   0.00    ) |  3.923E-04 1.526E-03
    1524 6.3764E-01 3.9225E-04  ( 0.275    , -1.953E-03,   0.00    ) |  3.923E-04 1.526E-03
    1525 6.3803E-01 3.9224E-04  ( 0.275    , -1.953E-03,   0.00    ) |  3.922E-04 1.526E-03
    1526 6.3842E-01 3.9224E-04  ( 0.275    , -1.953E-03,   0.00    ) |  3.922E-04 1.526E-03
    1527 6.3882E-01 3.9223E-04  ( 0.275    , -1.953E-03,   0.00    ) |  3.922E-04 1.526E-03
    1528 6.3921E-01 3.9222E-04  ( 0.275    , -1.953E-03,   0.00    ) |  3.922E-04 1.526E-03
    1529 6.3960E-01 3.9221E-04  (-0.275    ,  1.953E-03,   0.00    ) |  3.922E-04 1.526E-03
    1530 6.3999E-01 3.9220E-04  (-0.275    ,  1.953E-03,   0.00    ) |  3.922E-04 1.526E-03
    1531 6.4038E-01 3.9220E-04  (-0.275    ,  1.953E-03,   0.00    ) |  3.922E-04 1.526E-03
    1532 6.4078E-01 3.9219E-04  (-0.275    ,  1.953E-03,   0.00    ) |  3.922E-04 1.526E-03
    1533 6.4117E-01 3.9218E-04  (-0.275    ,  1.953E-03,   0.00    ) |  3.922E-04 1.526E-03
    1534 6.4156E-01 3.9217E-04  (-0.275    ,  1.953E-03,   0.00    ) |  3.922E-04 1.526E-03
    1535 6.4195E-01 3.9216E-04  (-0.275    ,  1.953E-03,   0.00    ) |  3.922E-04 1.526E-03
    1536 6.4235E-01 3.9215E-04  (-0.275    ,  1.953E-03,   0.00    ) |  3.921E-04 1.526E-03
    1537 6.4274E-01 3.9214E-04  (-0.275    ,  1.953E-03,   0.00    ) |  3.921E-04 1.526E-03
    1538 6.4313E-01 3.9213E-04  (-0.275    ,  1.953E-03,   0.00    ) |  3.921E-04 1.526E-03
    1539 6.4352E-01 3.9212E-04  ( 0.275    , -1.953E-03,   0.00    ) |  3.921E-04 1.526E-03
    1540 6.4391E-01 3.9211E-04  ( 0.275    , -1.953E-03,   0.00    ) |  3.921E-04 1.526E-03
    1541 6.4431E-01 3.9210E-04  ( 0.275    , -1.953E-03,   0.00    ) |  3.921E-04 1.526E-03
    1542 6.4470E-01 3.9209E-04  ( 0.275    , -1.953E-03,   0.00    ) |  3.921E-04 1.526E-03
    1543 6.4509E-01 3.9207E-04  ( 0.275    , -1.953E-03,   0.00    ) |  3.921E-04 1.526E-03
    1544 6.4548E-01 3.9206E-04  ( 0.275    , -1.953E-03,   0.00    ) |  3.921E-04 1.526E-03
    1545 6.4587E-01 3.9205E-04  ( 0.275    , -1.953E-03,   0.00    ) |  3.921E-04 1.526E-03
    1546 6.4627E-01 3.9204E-04  ( 0.275    , -1.953E-03,   0.00    ) |  3.920E-04 1.526E-03
    1547 6.4666E-01 3.9203E-04  ( 0.275    , -1.953E-03,   0.00    ) |  3.920E-04 1.526E-03
    1548 6.4705E-01 3.9202E-04  ( 0.275    , -1.953E-03,   0.00    ) |  3.920E-04 1.526E-03
    1549 6.4744E-01 3.9201E-04  ( 0.275    , -1.953E-03,   0.00    ) |  3.920E-04 1.526E-03
    1550 6.4783E-01 3.9199E-04  ( 0.275    , -1.953E-03,   0.00    ) |  3.920E-04 1.526E-03
    1551 6.4823E-01 3.9198E-04  ( 0.275    , -1.953E-03,   0.00    ) |  3.920E-04 1.526E-03
    1552 6.4862E-01 3.9197E-04  ( 0.275    , -1.953E-03,   0.00    ) |  3.920E-04 1.526E-03
    1553 6.4901E-01 3.9196E-04  ( 0.275    , -1.953E-03,   0.00    ) |  3.920E-04 1.526E-03
    1554 6.4940E-01 3.9195E-04  ( 0.275    , -1.953E-03,   0.00    ) |  3.919E-04 1.526E-03
    1555 6.4979E-01 3.9193E-04  (-0.275    ,  1.953E-03,   0.00    ) |  3.919E-04 1.526E-03
 *** Wrote plotfile to flash_run_hdf5_plt_cnt_0026 ****
    1556 6.5019E-01 3.9192E-04  (-0.275    ,  1.953E-03,   0.00    ) |  3.919E-04 1.526E-03
    1557 6.5058E-01 3.9191E-04  (-0.275    ,  1.953E-03,   0.00    ) |  3.919E-04 1.526E-03
    1558 6.5097E-01 3.9190E-04  (-0.275    ,  1.953E-03,   0.00    ) |  3.919E-04 1.526E-03
    1559 6.5136E-01 3.9188E-04  (-0.275    , -1.953E-03,   0.00    ) |  3.919E-04 1.526E-03
    1560 6.5175E-01 3.9187E-04  (-0.275    , -1.953E-03,   0.00    ) |  3.919E-04 1.526E-03
    1561 6.5215E-01 3.9186E-04  (-0.275    , -1.953E-03,   0.00    ) |  3.919E-04 1.526E-03
    1562 6.5254E-01 3.9185E-04  (-0.275    ,  1.953E-03,   0.00    ) |  3.918E-04 1.526E-03
    1563 6.5293E-01 3.9183E-04  (-0.275    ,  1.953E-03,   0.00    ) |  3.918E-04 1.526E-03
    1564 6.5332E-01 3.9182E-04  (-0.275    , -1.953E-03,   0.00    ) |  3.918E-04 1.526E-03
    1565 6.5371E-01 3.9181E-04  (-0.275    , -1.953E-03,   0.00    ) |  3.918E-04 1.526E-03
    1566 6.5410E-01 3.9179E-04  (-0.275    , -1.953E-03,   0.00    ) |  3.918E-04 1.526E-03
    1567 6.5450E-01 3.9178E-04  (-0.275    , -1.953E-03,   0.00    ) |  3.918E-04 1.526E-03
    1568 6.5489E-01 3.9177E-04  (-0.275    , -1.953E-03,   0.00    ) |  3.918E-04 1.526E-03
    1569 6.5528E-01 3.9176E-04  (-0.275    , -1.953E-03,   0.00    ) |  3.918E-04 1.526E-03
    1570 6.5567E-01 3.9174E-04  (-0.275    , -1.953E-03,   0.00    ) |  3.917E-04 1.526E-03
    1571 6.5606E-01 3.9173E-04  (-0.275    ,  1.953E-03,   0.00    ) |  3.917E-04 1.526E-03
    1572 6.5646E-01 3.9172E-04  (-0.275    ,  1.953E-03,   0.00    ) |  3.917E-04 1.526E-03
    1573 6.5685E-01 3.9170E-04  (-0.275    ,  1.953E-03,   0.00    ) |  3.917E-04 1.526E-03
    1574 6.5724E-01 3.9169E-04  (-0.275    ,  1.953E-03,   0.00    ) |  3.917E-04 1.526E-03
    1575 6.5763E-01 3.9168E-04  (-0.275    ,  1.953E-03,   0.00    ) |  3.917E-04 1.526E-03
    1576 6.5802E-01 3.9166E-04  (-0.275    ,  1.953E-03,   0.00    ) |  3.917E-04 1.526E-03
    1577 6.5841E-01 3.9165E-04  (-0.275    , -1.953E-03,   0.00    ) |  3.916E-04 1.526E-03
    1578 6.5881E-01 3.9164E-04  (-0.275    , -1.953E-03,   0.00    ) |  3.916E-04 1.526E-03
    1579 6.5920E-01 3.9162E-04  (-0.275    , -1.953E-03,   0.00    ) |  3.916E-04 1.526E-03
    1580 6.5959E-01 3.9161E-04  (-0.275    , -1.953E-03,   0.00    ) |  3.916E-04 1.526E-03
    1581 6.5998E-01 3.9160E-04  (-0.275    , -1.953E-03,   0.00    ) |  3.916E-04 1.526E-03
    1582 6.6037E-01 3.9158E-04  (-0.275    , -1.953E-03,   0.00    ) |  3.916E-04 1.526E-03
    1583 6.6076E-01 3.9157E-04  (-0.275    , -1.953E-03,   0.00    ) |  3.916E-04 1.526E-03
    1584 6.6116E-01 3.9156E-04  (-0.275    , -1.953E-03,   0.00    ) |  3.916E-04 1.526E-03
    1585 6.6155E-01 3.9154E-04  (-0.275    , -1.953E-03,   0.00    ) |  3.915E-04 1.526E-03
    1586 6.6194E-01 3.9153E-04  (-0.275    , -1.953E-03,   0.00    ) |  3.915E-04 1.526E-03
    1587 6.6233E-01 3.9152E-04  ( 0.275    , -1.953E-03,   0.00    ) |  3.915E-04 1.526E-03
    1588 6.6272E-01 3.9150E-04  ( 0.275    ,  1.953E-03,   0.00    ) |  3.915E-04 1.526E-03
    1589 6.6311E-01 3.9149E-04  ( 0.275    ,  1.953E-03,   0.00    ) |  3.915E-04 1.526E-03
    1590 6.6350E-01 3.9148E-04  ( 0.275    ,  1.953E-03,   0.00    ) |  3.915E-04 1.526E-03
    1591 6.6390E-01 3.9146E-04  ( 0.275    ,  1.953E-03,   0.00    ) |  3.915E-04 1.526E-03
    1592 6.6429E-01 3.9145E-04  ( 0.275    ,  1.953E-03,   0.00    ) |  3.914E-04 1.526E-03
    1593 6.6468E-01 3.9143E-04  ( 0.275    ,  1.953E-03,   0.00    ) |  3.914E-04 1.526E-03
    1594 6.6507E-01 3.9142E-04  ( 0.275    ,  1.953E-03,   0.00    ) |  3.914E-04 1.526E-03
    1595 6.6546E-01 3.9141E-04  ( 0.275    ,  1.953E-03,   0.00    ) |  3.914E-04 1.526E-03
    1596 6.6585E-01 3.9139E-04  (-0.275    , -1.953E-03,   0.00    ) |  3.914E-04 1.526E-03
    1597 6.6624E-01 3.9138E-04  (-0.275    , -1.953E-03,   0.00    ) |  3.914E-04 1.526E-03
    1598 6.6664E-01 3.9137E-04  ( 0.275    ,  1.953E-03,   0.00    ) |  3.914E-04 1.526E-03
    1599 6.6703E-01 3.9135E-04  (-0.275    , -1.953E-03,   0.00    ) |  3.914E-04 1.526E-03
    1600 6.6742E-01 3.9134E-04  ( 0.275    ,  1.953E-03,   0.00    ) |  3.913E-04 1.526E-03
    1601 6.6781E-01 3.9133E-04  ( 0.275    ,  1.953E-03,   0.00    ) |  3.913E-04 1.526E-03
    1602 6.6820E-01 3.9131E-04  ( 0.275    ,  1.953E-03,   0.00    ) |  3.913E-04 1.526E-03
    1603 6.6859E-01 3.9130E-04  (-0.275    , -1.953E-03,   0.00    ) |  3.913E-04 1.526E-03
    1604 6.6898E-01 3.9128E-04  (-0.275    , -1.953E-03,   0.00    ) |  3.913E-04 1.526E-03
    1605 6.6938E-01 3.9127E-04  (-0.275    , -1.953E-03,   0.00    ) |  3.913E-04 1.526E-03
    1606 6.6977E-01 3.9126E-04  (-0.275    , -1.953E-03,   0.00    ) |  3.913E-04 1.526E-03
    1607 6.7016E-01 3.9124E-04  (-0.275    , -1.953E-03,   0.00    ) |  3.912E-04 1.526E-03
    1608 6.7055E-01 3.9123E-04  (-0.275    , -1.953E-03,   0.00    ) |  3.912E-04 1.526E-03
    1609 6.7094E-01 3.9121E-04  (-0.275    , -1.953E-03,   0.00    ) |  3.912E-04 1.526E-03
    1610 6.7133E-01 3.9120E-04  (-0.275    , -1.953E-03,   0.00    ) |  3.912E-04 1.526E-03
    1611 6.7172E-01 3.9119E-04  (-0.275    , -1.953E-03,   0.00    ) |  3.912E-04 1.526E-03
    1612 6.7211E-01 3.9117E-04  (-0.275    , -1.953E-03,   0.00    ) |  3.912E-04 1.526E-03
    1613 6.7250E-01 3.9116E-04  (-0.275    , -1.953E-03,   0.00    ) |  3.912E-04 1.526E-03
    1614 6.7290E-01 3.9114E-04  (-0.275    , -1.953E-03,   0.00    ) |  3.911E-04 1.526E-03
    1615 6.7329E-01 3.9113E-04  (-0.275    , -1.953E-03,   0.00    ) |  3.911E-04 1.526E-03
    1616 6.7368E-01 3.9112E-04  (-0.275    , -1.953E-03,   0.00    ) |  3.911E-04 1.526E-03
    1617 6.7407E-01 3.9110E-04  (-0.275    , -1.953E-03,   0.00    ) |  3.911E-04 1.526E-03
    1618 6.7446E-01 3.9109E-04  (-0.275    , -1.953E-03,   0.00    ) |  3.911E-04 1.526E-03
    1619 6.7485E-01 3.9107E-04  (-0.275    , -1.953E-03,   0.00    ) |  3.911E-04 1.526E-03
 *** Wrote plotfile to flash_run_hdf5_plt_cnt_0027 ****
    1620 6.7524E-01 3.9106E-04  (-0.275    , -1.953E-03,   0.00    ) |  3.911E-04 1.526E-03
    1621 6.7563E-01 3.9105E-04  (-0.275    , -1.953E-03,   0.00    ) |  3.910E-04 1.526E-03
    1622 6.7602E-01 3.9103E-04  ( 0.275    ,  1.953E-03,   0.00    ) |  3.910E-04 1.526E-03
    1623 6.7642E-01 3.9102E-04  (-0.275    , -1.953E-03,   0.00    ) |  3.910E-04 1.526E-03
    1624 6.7681E-01 3.9100E-04  (-0.275    , -1.953E-03,   0.00    ) |  3.910E-04 1.526E-03
    1625 6.7720E-01 3.9099E-04  (-0.275    , -1.953E-03,   0.00    ) |  3.910E-04 1.526E-03
    1626 6.7759E-01 3.9097E-04  (-0.275    , -1.953E-03,   0.00    ) |  3.910E-04 1.526E-03
    1627 6.7798E-01 3.9096E-04  (-0.279    , -1.953E-03,   0.00    ) |  3.910E-04 1.526E-03
    1628 6.7837E-01 3.9095E-04  (-0.279    , -1.953E-03,   0.00    ) |  3.909E-04 1.526E-03
    1629 6.7876E-01 3.9093E-04  (-0.279    , -1.953E-03,   0.00    ) |  3.909E-04 1.526E-03
    1630 6.7915E-01 3.9092E-04  (-0.279    , -1.953E-03,   0.00    ) |  3.909E-04 1.526E-03
    1631 6.7954E-01 3.9090E-04  ( 0.279    ,  1.953E-03,   0.00    ) |  3.909E-04 1.526E-03
    1632 6.7993E-01 3.9089E-04  ( 0.279    ,  1.953E-03,   0.00    ) |  3.909E-04 1.526E-03
    1633 6.8033E-01 3.9087E-04  ( 0.279    ,  1.953E-03,   0.00    ) |  3.909E-04 1.526E-03
    1634 6.8072E-01 3.9086E-04  ( 0.279    ,  1.953E-03,   0.00    ) |  3.909E-04 1.526E-03
    1635 6.8111E-01 3.9084E-04  ( 0.279    ,  1.953E-03,   0.00    ) |  3.908E-04 1.526E-03
    1636 6.8150E-01 3.9083E-04  (-0.279    , -1.953E-03,   0.00    ) |  3.908E-04 1.526E-03
    1637 6.8189E-01 3.9081E-04  (-0.279    , -1.953E-03,   0.00    ) |  3.908E-04 1.526E-03
    1638 6.8228E-01 3.9080E-04  (-0.279    , -1.953E-03,   0.00    ) |  3.908E-04 1.526E-03
    1639 6.8267E-01 3.9079E-04  ( 0.279    ,  1.953E-03,   0.00    ) |  3.908E-04 1.526E-03
    1640 6.8306E-01 3.9077E-04  ( 0.279    ,  1.953E-03,   0.00    ) |  3.908E-04 1.526E-03
    1641 6.8345E-01 3.9076E-04  (-0.279    , -1.953E-03,   0.00    ) |  3.908E-04 1.526E-03
    1642 6.8384E-01 3.9074E-04  (-0.279    , -1.953E-03,   0.00    ) |  3.907E-04 1.526E-03
    1643 6.8423E-01 3.9073E-04  ( 0.279    ,  1.953E-03,   0.00    ) |  3.907E-04 1.526E-03
    1644 6.8462E-01 3.9071E-04  (-0.279    , -1.953E-03,   0.00    ) |  3.907E-04 1.526E-03
    1645 6.8501E-01 3.9070E-04  (-0.279    , -1.953E-03,   0.00    ) |  3.907E-04 1.526E-03
    1646 6.8541E-01 3.9069E-04  (-0.279    ,  1.953E-03,   0.00    ) |  3.907E-04 1.526E-03
    1647 6.8580E-01 3.9067E-04  ( 0.279    ,  1.953E-03,   0.00    ) |  3.907E-04 1.526E-03
    1648 6.8619E-01 3.9066E-04  ( 0.279    ,  1.953E-03,   0.00    ) |  3.907E-04 1.526E-03
    1649 6.8658E-01 3.9064E-04  ( 0.279    ,  1.953E-03,   0.00    ) |  3.906E-04 1.526E-03
    1650 6.8697E-01 3.9063E-04  ( 0.279    ,  1.953E-03,   0.00    ) |  3.906E-04 1.526E-03
    1651 6.8736E-01 3.9061E-04  ( 0.279    ,  1.953E-03,   0.00    ) |  3.906E-04 1.526E-03
    1652 6.8775E-01 3.9060E-04  ( 0.279    ,  1.953E-03,   0.00    ) |  3.906E-04 1.526E-03
    1653 6.8814E-01 3.9059E-04  ( 0.279    ,  1.953E-03,   0.00    ) |  3.906E-04 1.526E-03
    1654 6.8853E-01 3.9057E-04  ( 0.279    ,  1.953E-03,   0.00    ) |  3.906E-04 1.526E-03
    1655 6.8892E-01 3.9056E-04  ( 0.279    ,  1.953E-03,   0.00    ) |  3.906E-04 1.526E-03
    1656 6.8931E-01 3.9054E-04  ( 0.279    ,  1.953E-03,   0.00    ) |  3.905E-04 1.526E-03
    1657 6.8970E-01 3.9053E-04  ( 0.279    ,  1.953E-03,   0.00    ) |  3.905E-04 1.526E-03
    1658 6.9009E-01 3.9052E-04  ( 0.279    ,  1.953E-03,   0.00    ) |  3.905E-04 1.526E-03
    1659 6.9048E-01 3.9050E-04  ( 0.279    ,  1.953E-03,   0.00    ) |  3.905E-04 1.526E-03
    1660 6.9087E-01 3.9049E-04  ( 0.279    ,  1.953E-03,   0.00    ) |  3.905E-04 1.526E-03
    1661 6.9126E-01 3.9047E-04  ( 0.279    ,  1.953E-03,   0.00    ) |  3.905E-04 1.526E-03
    1662 6.9165E-01 3.9046E-04  ( 0.279    ,  1.953E-03,   0.00    ) |  3.905E-04 1.526E-03
    1663 6.9205E-01 3.9045E-04  ( 0.279    ,  1.953E-03,   0.00    ) |  3.904E-04 1.526E-03
    1664 6.9244E-01 3.9043E-04  ( 0.279    ,  1.953E-03,   0.00    ) |  3.904E-04 1.526E-03
    1665 6.9283E-01 3.9042E-04  ( 0.279    ,  1.953E-03,   0.00    ) |  3.904E-04 1.526E-03
    1666 6.9322E-01 3.9040E-04  ( 0.279    ,  1.953E-03,   0.00    ) |  3.904E-04 1.526E-03
    1667 6.9361E-01 3.9039E-04  ( 0.279    ,  1.953E-03,   0.00    ) |  3.904E-04 1.526E-03
    1668 6.9400E-01 3.9038E-04  ( 0.279    ,  1.953E-03,   0.00    ) |  3.904E-04 1.526E-03
    1669 6.9439E-01 3.9036E-04  ( 0.279    ,  1.953E-03,   0.00    ) |  3.904E-04 1.526E-03
    1670 6.9478E-01 3.9035E-04  ( 0.279    ,  1.953E-03,   0.00    ) |  3.903E-04 1.526E-03
    1671 6.9517E-01 3.9034E-04  ( 0.279    ,  1.953E-03,   0.00    ) |  3.903E-04 1.526E-03
    1672 6.9556E-01 3.9032E-04  ( 0.279    ,  1.953E-03,   0.00    ) |  3.903E-04 1.526E-03
    1673 6.9595E-01 3.9031E-04  ( 0.279    ,  1.953E-03,   0.00    ) |  3.903E-04 1.526E-03
    1674 6.9634E-01 3.9030E-04  ( 0.279    ,  1.953E-03,   0.00    ) |  3.903E-04 1.526E-03
    1675 6.9673E-01 3.9028E-04  ( 0.279    ,  1.953E-03,   0.00    ) |  3.903E-04 1.526E-03
    1676 6.9712E-01 3.9027E-04  ( 0.279    ,  1.953E-03,   0.00    ) |  3.903E-04 1.526E-03
    1677 6.9751E-01 3.9026E-04  ( 0.279    ,  1.953E-03,   0.00    ) |  3.903E-04 1.526E-03
    1678 6.9790E-01 3.9024E-04  ( 0.279    ,  1.953E-03,   0.00    ) |  3.902E-04 1.526E-03
    1679 6.9829E-01 3.9023E-04  ( 0.279    ,  1.953E-03,   0.00    ) |  3.902E-04 1.526E-03
    1680 6.9868E-01 3.9022E-04  ( 0.279    ,  1.953E-03,   0.00    ) |  3.902E-04 1.526E-03
    1681 6.9907E-01 3.9020E-04  ( 0.279    ,  1.953E-03,   0.00    ) |  3.902E-04 1.526E-03
    1682 6.9946E-01 3.9019E-04  ( 0.279    ,  1.953E-03,   0.00    ) |  3.902E-04 1.526E-03
    1683 6.9985E-01 3.9018E-04  ( 0.279    ,  1.953E-03,   0.00    ) |  3.902E-04 1.526E-03
 *** Wrote plotfile to flash_run_hdf5_plt_cnt_0028 ****
    1684 7.0024E-01 3.9016E-04  ( 0.279    ,  1.953E-03,   0.00    ) |  3.902E-04 1.526E-03
    1685 7.0063E-01 3.9015E-04  ( 0.279    ,  1.953E-03,   0.00    ) |  3.901E-04 1.526E-03
    1686 7.0102E-01 3.9014E-04  ( 0.279    ,  1.953E-03,   0.00    ) |  3.901E-04 1.526E-03
    1687 7.0141E-01 3.9012E-04  ( 0.279    ,  1.953E-03,   0.00    ) |  3.901E-04 1.526E-03
    1688 7.0180E-01 3.9011E-04  ( 0.279    ,  1.953E-03,   0.00    ) |  3.901E-04 1.526E-03
    1689 7.0219E-01 3.9010E-04  ( 0.279    ,  1.953E-03,   0.00    ) |  3.901E-04 1.526E-03
    1690 7.0258E-01 3.9008E-04  ( 0.279    ,  1.953E-03,   0.00    ) |  3.901E-04 1.526E-03
    1691 7.0297E-01 3.9007E-04  ( 0.279    ,  1.953E-03,   0.00    ) |  3.901E-04 1.526E-03
    1692 7.0336E-01 3.9006E-04  (-0.279    ,  1.953E-03,   0.00    ) |  3.901E-04 1.526E-03
    1693 7.0375E-01 3.9005E-04  (-0.279    ,  1.953E-03,   0.00    ) |  3.900E-04 1.526E-03
    1694 7.0414E-01 3.9003E-04  (-0.279    ,  1.953E-03,   0.00    ) |  3.900E-04 1.526E-03
    1695 7.0453E-01 3.9002E-04  ( 0.279    ,  1.953E-03,   0.00    ) |  3.900E-04 1.526E-03
    1696 7.0492E-01 3.9001E-04  ( 0.279    ,  1.953E-03,   0.00    ) |  3.900E-04 1.526E-03
    1697 7.0531E-01 3.9000E-04  (-0.279    ,  1.953E-03,   0.00    ) |  3.900E-04 1.526E-03
    1698 7.0570E-01 3.8998E-04  (-0.279    ,  1.953E-03,   0.00    ) |  3.900E-04 1.526E-03
    1699 7.0609E-01 3.8997E-04  ( 0.279    ,  1.953E-03,   0.00    ) |  3.900E-04 1.526E-03
    1700 7.0648E-01 3.8996E-04  ( 0.279    ,  1.953E-03,   0.00    ) |  3.900E-04 1.526E-03
    1701 7.0687E-01 3.8995E-04  ( 0.279    ,  1.953E-03,   0.00    ) |  3.899E-04 1.526E-03
    1702 7.0726E-01 3.8993E-04  ( 0.279    ,  1.953E-03,   0.00    ) |  3.899E-04 1.526E-03
    1703 7.0765E-01 3.8992E-04  ( 0.279    ,  1.953E-03,   0.00    ) |  3.899E-04 1.526E-03
    1704 7.0804E-01 3.8991E-04  (-0.279    , -1.953E-03,   0.00    ) |  3.899E-04 1.526E-03
    1705 7.0843E-01 3.8990E-04  (-0.279    , -1.953E-03,   0.00    ) |  3.899E-04 1.526E-03
    1706 7.0882E-01 3.8988E-04  (-0.279    , -1.953E-03,   0.00    ) |  3.899E-04 1.526E-03
    1707 7.0921E-01 3.8987E-04  (-0.279    , -1.953E-03,   0.00    ) |  3.899E-04 1.526E-03
    1708 7.0960E-01 3.8986E-04  (-0.279    , -1.953E-03,   0.00    ) |  3.899E-04 1.526E-03
    1709 7.0999E-01 3.8985E-04  (-0.279    , -1.953E-03,   0.00    ) |  3.898E-04 1.526E-03
    1710 7.1038E-01 3.8983E-04  (-0.279    , -1.953E-03,   0.00    ) |  3.898E-04 1.526E-03
    1711 7.1077E-01 3.8982E-04  (-0.279    , -1.953E-03,   0.00    ) |  3.898E-04 1.526E-03
    1712 7.1116E-01 3.8981E-04  (-0.279    , -1.953E-03,   0.00    ) |  3.898E-04 1.526E-03
    1713 7.1155E-01 3.8980E-04  (-0.279    , -1.953E-03,   0.00    ) |  3.898E-04 1.526E-03
    1714 7.1194E-01 3.8979E-04  (-0.279    , -1.953E-03,   0.00    ) |  3.898E-04 1.526E-03
    1715 7.1233E-01 3.8978E-04  (-0.279    , -1.953E-03,   0.00    ) |  3.898E-04 1.526E-03
    1716 7.1272E-01 3.8976E-04  (-0.279    , -1.953E-03,   0.00    ) |  3.898E-04 1.526E-03
    1717 7.1311E-01 3.8975E-04  (-0.279    , -1.953E-03,   0.00    ) |  3.898E-04 1.526E-03
    1718 7.1350E-01 3.8974E-04  (-0.279    , -1.953E-03,   0.00    ) |  3.897E-04 1.526E-03
    1719 7.1389E-01 3.8973E-04  ( 0.279    ,  1.953E-03,   0.00    ) |  3.897E-04 1.526E-03
    1720 7.1428E-01 3.8972E-04  (-0.279    , -1.953E-03,   0.00    ) |  3.897E-04 1.526E-03
    1721 7.1467E-01 3.8971E-04  (-0.279    , -1.953E-03,   0.00    ) |  3.897E-04 1.526E-03
    1722 7.1506E-01 3.8969E-04  (-0.279    , -1.953E-03,   0.00    ) |  3.897E-04 1.526E-03
    1723 7.1545E-01 3.8968E-04  (-0.279    , -1.953E-03,   0.00    ) |  3.897E-04 1.526E-03
    1724 7.1584E-01 3.8967E-04  (-0.279    , -1.953E-03,   0.00    ) |  3.897E-04 1.526E-03
    1725 7.1623E-01 3.8966E-04  (-0.279    , -1.953E-03,   0.00    ) |  3.897E-04 1.526E-03
    1726 7.1662E-01 3.8965E-04  (-0.279    , -1.953E-03,   0.00    ) |  3.897E-04 1.526E-03
    1727 7.1701E-01 3.8964E-04  (-0.279    , -1.953E-03,   0.00    ) |  3.896E-04 1.526E-03
    1728 7.1740E-01 3.8963E-04  (-0.279    , -1.953E-03,   0.00    ) |  3.896E-04 1.526E-03
    1729 7.1779E-01 3.8962E-04  (-0.279    , -1.953E-03,   0.00    ) |  3.896E-04 1.526E-03
    1730 7.1818E-01 3.8961E-04  (-0.279    , -1.953E-03,   0.00    ) |  3.896E-04 1.526E-03
    1731 7.1857E-01 3.8960E-04  (-0.279    , -1.953E-03,   0.00    ) |  3.896E-04 1.526E-03
    1732 7.1896E-01 3.8959E-04  (-0.279    , -1.953E-03,   0.00    ) |  3.896E-04 1.526E-03
    1733 7.1935E-01 3.8958E-04  (-0.279    , -1.953E-03,   0.00    ) |  3.896E-04 1.526E-03
    1734 7.1973E-01 3.8957E-04  (-0.279    , -1.953E-03,   0.00    ) |  3.896E-04 1.526E-03
    1735 7.2012E-01 3.8956E-04  (-0.279    , -1.953E-03,   0.00    ) |  3.896E-04 1.526E-03
    1736 7.2051E-01 3.8955E-04  (-0.279    , -1.953E-03,   0.00    ) |  3.895E-04 1.526E-03
    1737 7.2090E-01 3.8954E-04  (-0.279    , -1.953E-03,   0.00    ) |  3.895E-04 1.526E-03
    1738 7.2129E-01 3.8953E-04  (-0.279    , -1.953E-03,   0.00    ) |  3.895E-04 1.526E-03
    1739 7.2168E-01 3.8952E-04  (-0.279    , -1.953E-03,   0.00    ) |  3.895E-04 1.526E-03
    1740 7.2207E-01 3.8951E-04  (-0.279    , -1.953E-03,   0.00    ) |  3.895E-04 1.526E-03
    1741 7.2246E-01 3.8950E-04  (-0.279    , -1.953E-03,   0.00    ) |  3.895E-04 1.526E-03
    1742 7.2285E-01 3.8949E-04  (-0.279    , -1.953E-03,   0.00    ) |  3.895E-04 1.526E-03
    1743 7.2324E-01 3.8948E-04  (-0.279    , -1.953E-03,   0.00    ) |  3.895E-04 1.526E-03
    1744 7.2363E-01 3.8947E-04  (-0.279    , -1.953E-03,   0.00    ) |  3.895E-04 1.526E-03
    1745 7.2402E-01 3.8946E-04  (-0.279    , -1.953E-03,   0.00    ) |  3.895E-04 1.526E-03
    1746 7.2441E-01 3.8945E-04  (-0.279    , -1.953E-03,   0.00    ) |  3.895E-04 1.526E-03
    1747 7.2480E-01 3.8944E-04  (-0.279    , -1.953E-03,   0.00    ) |  3.894E-04 1.526E-03
 *** Wrote plotfile to flash_run_hdf5_plt_cnt_0029 ****
    1748 7.2519E-01 3.8943E-04  (-0.279    , -1.953E-03,   0.00    ) |  3.894E-04 1.526E-03
    1749 7.2558E-01 3.8942E-04  (-0.279    , -1.953E-03,   0.00    ) |  3.894E-04 1.526E-03
    1750 7.2597E-01 3.8942E-04  (-0.279    , -1.953E-03,   0.00    ) |  3.894E-04 1.526E-03
    1751 7.2636E-01 3.8941E-04  (-0.279    , -1.953E-03,   0.00    ) |  3.894E-04 1.526E-03
    1752 7.2675E-01 3.8940E-04  (-0.279    , -1.953E-03,   0.00    ) |  3.894E-04 1.526E-03
    1753 7.2713E-01 3.8939E-04  (-0.279    , -1.953E-03,   0.00    ) |  3.894E-04 1.526E-03
    1754 7.2752E-01 3.8938E-04  (-0.279    , -1.953E-03,   0.00    ) |  3.894E-04 1.526E-03
    1755 7.2791E-01 3.8937E-04  (-0.279    , -1.953E-03,   0.00    ) |  3.894E-04 1.526E-03
    1756 7.2830E-01 3.8937E-04  (-0.279    , -1.953E-03,   0.00    ) |  3.894E-04 1.526E-03
    1757 7.2869E-01 3.8936E-04  (-0.279    , -1.953E-03,   0.00    ) |  3.894E-04 1.526E-03
    1758 7.2908E-01 3.8935E-04  (-0.279    , -1.953E-03,   0.00    ) |  3.894E-04 1.526E-03
    1759 7.2947E-01 3.8934E-04  (-0.279    , -1.953E-03,   0.00    ) |  3.893E-04 1.526E-03
    1760 7.2986E-01 3.8934E-04  (-0.279    , -1.953E-03,   0.00    ) |  3.893E-04 1.526E-03
    1761 7.3025E-01 3.8933E-04  (-0.279    , -1.953E-03,   0.00    ) |  3.893E-04 1.526E-03
    1762 7.3064E-01 3.8932E-04  (-0.279    , -1.953E-03,   0.00    ) |  3.893E-04 1.526E-03
    1763 7.3103E-01 3.8931E-04  (-0.279    , -1.953E-03,   0.00    ) |  3.893E-04 1.526E-03
    1764 7.3142E-01 3.8930E-04  (-0.279    , -1.953E-03,   0.00    ) |  3.893E-04 1.526E-03
    1765 7.3181E-01 3.8930E-04  (-0.279    , -1.953E-03,   0.00    ) |  3.893E-04 1.526E-03
    1766 7.3220E-01 3.8929E-04  (-0.279    , -1.953E-03,   0.00    ) |  3.893E-04 1.526E-03
    1767 7.3259E-01 3.8928E-04  (-0.279    , -1.953E-03,   0.00    ) |  3.893E-04 1.526E-03
    1768 7.3297E-01 3.8927E-04  (-0.279    , -1.953E-03,   0.00    ) |  3.893E-04 1.526E-03
    1769 7.3336E-01 3.8927E-04  (-0.279    , -1.953E-03,   0.00    ) |  3.893E-04 1.526E-03
    1770 7.3375E-01 3.8926E-04  (-0.279    , -1.953E-03,   0.00    ) |  3.893E-04 1.526E-03
    1771 7.3414E-01 3.8925E-04  (-0.279    , -1.953E-03,   0.00    ) |  3.893E-04 1.526E-03
    1772 7.3453E-01 3.8925E-04  (-0.279    , -1.953E-03,   0.00    ) |  3.892E-04 1.526E-03
    1773 7.3492E-01 3.8924E-04  (-0.279    , -1.953E-03,   0.00    ) |  3.892E-04 1.526E-03
    1774 7.3531E-01 3.8923E-04  (-0.279    , -1.953E-03,   0.00    ) |  3.892E-04 1.526E-03
    1775 7.3570E-01 3.8923E-04  (-0.279    , -1.953E-03,   0.00    ) |  3.892E-04 1.526E-03
    1776 7.3609E-01 3.8922E-04  (-0.279    , -1.953E-03,   0.00    ) |  3.892E-04 1.526E-03
    1777 7.3648E-01 3.8921E-04  (-0.279    , -1.953E-03,   0.00    ) |  3.892E-04 1.526E-03
    1778 7.3687E-01 3.8921E-04  (-0.279    , -1.953E-03,   0.00    ) |  3.892E-04 1.526E-03
    1779 7.3726E-01 3.8920E-04  (-0.279    , -1.953E-03,   0.00    ) |  3.892E-04 1.526E-03
    1780 7.3765E-01 3.8919E-04  (-0.279    , -1.953E-03,   0.00    ) |  3.892E-04 1.526E-03
    1781 7.3803E-01 3.8919E-04  (-0.279    , -1.953E-03,   0.00    ) |  3.892E-04 1.526E-03
    1782 7.3842E-01 3.8918E-04  (-0.279    , -1.953E-03,   0.00    ) |  3.892E-04 1.526E-03
    1783 7.3881E-01 3.8917E-04  ( 0.279    , -1.953E-03,   0.00    ) |  3.892E-04 1.526E-03
    1784 7.3920E-01 3.8917E-04  (-0.279    , -1.953E-03,   0.00    ) |  3.892E-04 1.526E-03
    1785 7.3959E-01 3.8916E-04  (-0.279    , -1.953E-03,   0.00    ) |  3.892E-04 1.526E-03
    1786 7.3998E-01 3.8916E-04  (-0.279    , -1.953E-03,   0.00    ) |  3.892E-04 1.526E-03
    1787 7.4037E-01 3.8915E-04  (-0.279    , -1.953E-03,   0.00    ) |  3.892E-04 1.526E-03
    1788 7.4076E-01 3.8914E-04  ( 0.279    , -1.953E-03,   0.00    ) |  3.891E-04 1.526E-03
    1789 7.4115E-01 3.8914E-04  (-0.279    , -1.953E-03,   0.00    ) |  3.891E-04 1.526E-03
    1790 7.4154E-01 3.8913E-04  (-0.279    , -1.953E-03,   0.00    ) |  3.891E-04 1.526E-03
    1791 7.4193E-01 3.8913E-04  (-0.279    , -1.953E-03,   0.00    ) |  3.891E-04 1.526E-03
    1792 7.4232E-01 3.8912E-04  ( 0.279    , -1.953E-03,   0.00    ) |  3.891E-04 1.526E-03
    1793 7.4270E-01 3.8912E-04  ( 0.279    , -1.953E-03,   0.00    ) |  3.891E-04 1.526E-03
    1794 7.4309E-01 3.8911E-04  (-0.279    , -1.953E-03,   0.00    ) |  3.891E-04 1.526E-03
    1795 7.4348E-01 3.8910E-04  ( 0.283    , -1.953E-03,   0.00    ) |  3.891E-04 1.526E-03
    1796 7.4387E-01 3.8910E-04  (-0.283    , -1.953E-03,   0.00    ) |  3.891E-04 1.526E-03
    1797 7.4426E-01 3.8909E-04  (-0.283    , -1.953E-03,   0.00    ) |  3.891E-04 1.526E-03
    1798 7.4465E-01 3.8909E-04  ( 0.283    , -1.953E-03,   0.00    ) |  3.891E-04 1.526E-03
    1799 7.4504E-01 3.8908E-04  (-0.283    , -1.953E-03,   0.00    ) |  3.891E-04 1.526E-03
    1800 7.4543E-01 3.8908E-04  (-0.283    , -1.953E-03,   0.00    ) |  3.891E-04 1.526E-03
    1801 7.4582E-01 3.8907E-04  (-0.283    , -1.953E-03,   0.00    ) |  3.891E-04 1.526E-03
    1802 7.4621E-01 3.8907E-04  (-0.283    , -1.953E-03,   0.00    ) |  3.891E-04 1.526E-03
    1803 7.4660E-01 3.8906E-04  (-0.283    , -1.953E-03,   0.00    ) |  3.891E-04 1.526E-03
    1804 7.4698E-01 3.8906E-04  (-0.283    , -1.953E-03,   0.00    ) |  3.891E-04 1.526E-03
    1805 7.4737E-01 3.8905E-04  (-0.283    , -1.953E-03,   0.00    ) |  3.891E-04 1.526E-03
    1806 7.4776E-01 3.8905E-04  (-0.283    , -1.953E-03,   0.00    ) |  3.890E-04 1.526E-03
    1807 7.4815E-01 3.8904E-04  (-0.283    , -1.953E-03,   0.00    ) |  3.890E-04 1.526E-03
    1808 7.4854E-01 3.8904E-04  (-0.283    , -1.953E-03,   0.00    ) |  3.890E-04 1.526E-03
    1809 7.4893E-01 3.8903E-04  (-0.283    , -1.953E-03,   0.00    ) |  3.890E-04 1.526E-03
    1810 7.4932E-01 3.8903E-04  (-0.283    , -1.953E-03,   0.00    ) |  3.890E-04 1.526E-03
    1811 7.4971E-01 3.8902E-04  (-0.283    , -1.953E-03,   0.00    ) |  3.890E-04 1.526E-03
 *** Wrote plotfile to flash_run_hdf5_plt_cnt_0030 ****
    1812 7.5010E-01 3.8902E-04  (-0.283    , -1.953E-03,   0.00    ) |  3.890E-04 1.526E-03
    1813 7.5049E-01 3.8901E-04  (-0.283    , -1.953E-03,   0.00    ) |  3.890E-04 1.526E-03
    1814 7.5087E-01 3.8901E-04  (-0.283    , -1.953E-03,   0.00    ) |  3.890E-04 1.526E-03
    1815 7.5126E-01 3.8900E-04  (-0.283    , -1.953E-03,   0.00    ) |  3.890E-04 1.526E-03
    1816 7.5165E-01 3.8900E-04  (-0.283    , -1.953E-03,   0.00    ) |  3.890E-04 1.526E-03
    1817 7.5204E-01 3.8900E-04  (-0.283    , -1.953E-03,   0.00    ) |  3.890E-04 1.526E-03
    1818 7.5243E-01 3.8899E-04  (-0.283    , -1.953E-03,   0.00    ) |  3.890E-04 1.526E-03
    1819 7.5282E-01 3.8899E-04  (-0.283    , -1.953E-03,   0.00    ) |  3.890E-04 1.526E-03
    1820 7.5321E-01 3.8898E-04  (-0.283    , -1.953E-03,   0.00    ) |  3.890E-04 1.526E-03
    1821 7.5360E-01 3.8898E-04  (-0.283    , -1.953E-03,   0.00    ) |  3.890E-04 1.526E-03
    1822 7.5399E-01 3.8898E-04  (-0.283    , -1.953E-03,   0.00    ) |  3.890E-04 1.526E-03
    1823 7.5438E-01 3.8897E-04  (-0.283    , -1.953E-03,   0.00    ) |  3.890E-04 1.526E-03
    1824 7.5476E-01 3.8897E-04  (-0.283    , -1.953E-03,   0.00    ) |  3.890E-04 1.526E-03
    1825 7.5515E-01 3.8896E-04  (-0.283    , -1.953E-03,   0.00    ) |  3.890E-04 1.526E-03
    1826 7.5554E-01 3.8896E-04  (-0.283    , -1.953E-03,   0.00    ) |  3.890E-04 1.526E-03
    1827 7.5593E-01 3.8896E-04  (-0.283    , -1.953E-03,   0.00    ) |  3.890E-04 1.526E-03
    1828 7.5632E-01 3.8895E-04  (-0.283    , -1.953E-03,   0.00    ) |  3.890E-04 1.526E-03
    1829 7.5671E-01 3.8895E-04  (-0.283    , -1.953E-03,   0.00    ) |  3.889E-04 1.526E-03
    1830 7.5710E-01 3.8895E-04  (-0.283    , -1.953E-03,   0.00    ) |  3.889E-04 1.526E-03
    1831 7.5749E-01 3.8894E-04  (-0.283    , -1.953E-03,   0.00    ) |  3.889E-04 1.526E-03
    1832 7.5788E-01 3.8894E-04  (-0.283    , -1.953E-03,   0.00    ) |  3.889E-04 1.526E-03
    1833 7.5827E-01 3.8893E-04  (-0.283    , -1.953E-03,   0.00    ) |  3.889E-04 1.526E-03
    1834 7.5865E-01 3.8893E-04  (-0.283    , -1.953E-03,   0.00    ) |  3.889E-04 1.526E-03
    1835 7.5904E-01 3.8893E-04  (-0.283    , -1.953E-03,   0.00    ) |  3.889E-04 1.526E-03
    1836 7.5943E-01 3.8892E-04  (-0.283    , -1.953E-03,   0.00    ) |  3.889E-04 1.526E-03
    1837 7.5982E-01 3.8892E-04  (-0.283    , -1.953E-03,   0.00    ) |  3.889E-04 1.526E-03
    1838 7.6021E-01 3.8892E-04  (-0.283    , -1.953E-03,   0.00    ) |  3.889E-04 1.526E-03
    1839 7.6060E-01 3.8892E-04  (-0.283    , -1.953E-03,   0.00    ) |  3.889E-04 1.526E-03
    1840 7.6099E-01 3.8891E-04  ( 0.283    , -1.953E-03,   0.00    ) |  3.889E-04 1.526E-03
    1841 7.6138E-01 3.8891E-04  ( 0.283    , -1.953E-03,   0.00    ) |  3.889E-04 1.526E-03
    1842 7.6177E-01 3.8891E-04  ( 0.283    , -1.953E-03,   0.00    ) |  3.889E-04 1.526E-03
    1843 7.6215E-01 3.8890E-04  ( 0.283    , -1.953E-03,   0.00    ) |  3.889E-04 1.526E-03
    1844 7.6254E-01 3.8890E-04  ( 0.283    , -1.953E-03,   0.00    ) |  3.889E-04 1.526E-03
    1845 7.6293E-01 3.8890E-04  ( 0.283    , -1.953E-03,   0.00    ) |  3.889E-04 1.526E-03
    1846 7.6332E-01 3.8890E-04  ( 0.283    , -1.953E-03,   0.00    ) |  3.889E-04 1.526E-03
    1847 7.6371E-01 3.8889E-04  ( 0.283    , -1.953E-03,   0.00    ) |  3.889E-04 1.526E-03
    1848 7.6410E-01 3.8889E-04  ( 0.283    , -1.953E-03,   0.00    ) |  3.889E-04 1.526E-03
    1849 7.6449E-01 3.8889E-04  ( 0.283    , -1.953E-03,   0.00    ) |  3.889E-04 1.526E-03
    1850 7.6488E-01 3.8888E-04  ( 0.283    , -1.953E-03,   0.00    ) |  3.889E-04 1.526E-03
    1851 7.6527E-01 3.8888E-04  ( 0.283    , -1.953E-03,   0.00    ) |  3.889E-04 1.526E-03
    1852 7.6565E-01 3.8888E-04  ( 0.283    , -1.953E-03,   0.00    ) |  3.889E-04 1.526E-03
    1853 7.6604E-01 3.8888E-04  (-0.283    , -1.953E-03,   0.00    ) |  3.889E-04 1.526E-03
    1854 7.6643E-01 3.8888E-04  (-0.283    , -1.953E-03,   0.00    ) |  3.889E-04 1.526E-03
    1855 7.6682E-01 3.8887E-04  (-0.283    , -1.953E-03,   0.00    ) |  3.889E-04 1.526E-03
    1856 7.6721E-01 3.8887E-04  (-0.283    , -1.953E-03,   0.00    ) |  3.889E-04 1.526E-03
    1857 7.6760E-01 3.8887E-04  (-0.283    , -1.953E-03,   0.00    ) |  3.889E-04 1.526E-03
    1858 7.6799E-01 3.8887E-04  (-0.283    , -1.953E-03,   0.00    ) |  3.889E-04 1.526E-03
    1859 7.6838E-01 3.8886E-04  (-0.283    , -1.953E-03,   0.00    ) |  3.889E-04 1.526E-03
    1860 7.6877E-01 3.8886E-04  (-0.283    , -1.953E-03,   0.00    ) |  3.889E-04 1.526E-03
    1861 7.6915E-01 3.8886E-04  (-0.283    , -1.953E-03,   0.00    ) |  3.889E-04 1.526E-03
    1862 7.6954E-01 3.8886E-04  (-0.283    , -1.953E-03,   0.00    ) |  3.889E-04 1.526E-03
    1863 7.6993E-01 3.8886E-04  (-0.283    , -1.953E-03,   0.00    ) |  3.889E-04 1.526E-03
    1864 7.7032E-01 3.8886E-04  (-0.283    , -1.953E-03,   0.00    ) |  3.889E-04 1.526E-03
    1865 7.7071E-01 3.8885E-04  (-0.283    , -1.953E-03,   0.00    ) |  3.889E-04 1.526E-03
    1866 7.7110E-01 3.8885E-04  (-0.283    , -1.953E-03,   0.00    ) |  3.889E-04 1.526E-03
    1867 7.7149E-01 3.8885E-04  (-0.283    , -1.953E-03,   0.00    ) |  3.889E-04 1.526E-03
    1868 7.7188E-01 3.8885E-04  (-0.283    , -1.953E-03,   0.00    ) |  3.888E-04 1.526E-03
    1869 7.7227E-01 3.8885E-04  (-0.283    , -1.953E-03,   0.00    ) |  3.888E-04 1.526E-03
    1870 7.7265E-01 3.8885E-04  (-0.283    , -1.953E-03,   0.00    ) |  3.888E-04 1.526E-03
    1871 7.7304E-01 3.8885E-04  (-0.283    , -1.953E-03,   0.00    ) |  3.888E-04 1.526E-03
    1872 7.7343E-01 3.8884E-04  (-0.283    , -1.953E-03,   0.00    ) |  3.888E-04 1.526E-03
    1873 7.7382E-01 3.8884E-04  ( 0.283    , -1.953E-03,   0.00    ) |  3.888E-04 1.526E-03
    1874 7.7421E-01 3.8884E-04  (-0.283    , -1.953E-03,   0.00    ) |  3.888E-04 1.526E-03
    1875 7.7460E-01 3.8884E-04  (-0.283    , -1.953E-03,   0.00    ) |  3.888E-04 1.526E-03
    1876 7.7499E-01 3.8884E-04  (-0.283    , -1.953E-03,   0.00    ) |  3.888E-04 1.526E-03
 *** Wrote plotfile to flash_run_hdf5_plt_cnt_0031 ****
    1877 7.7538E-01 3.8884E-04  (-0.283    , -1.953E-03,   0.00    ) |  3.888E-04 1.526E-03
    1878 7.7576E-01 3.8884E-04  (-0.283    , -1.953E-03,   0.00    ) |  3.888E-04 1.526E-03
    1879 7.7615E-01 3.8884E-04  (-0.283    , -1.953E-03,   0.00    ) |  3.888E-04 1.526E-03
    1880 7.7654E-01 3.8884E-04  (-0.283    , -1.953E-03,   0.00    ) |  3.888E-04 1.526E-03
    1881 7.7693E-01 3.8883E-04  (-0.283    , -1.953E-03,   0.00    ) |  3.888E-04 1.526E-03
    1882 7.7732E-01 3.8883E-04  ( 0.283    , -1.953E-03,   0.00    ) |  3.888E-04 1.526E-03
    1883 7.7771E-01 3.8883E-04  ( 0.283    , -1.953E-03,   0.00    ) |  3.888E-04 1.526E-03
    1884 7.7810E-01 3.8883E-04  (-0.283    , -1.953E-03,   0.00    ) |  3.888E-04 1.526E-03
    1885 7.7849E-01 3.8883E-04  (-0.283    , -1.953E-03,   0.00    ) |  3.888E-04 1.526E-03
    1886 7.7888E-01 3.8883E-04  (-0.283    , -1.953E-03,   0.00    ) |  3.888E-04 1.526E-03
    1887 7.7926E-01 3.8883E-04  (-0.283    , -1.953E-03,   0.00    ) |  3.888E-04 1.526E-03
    1888 7.7965E-01 3.8883E-04  (-0.283    , -1.953E-03,   0.00    ) |  3.888E-04 1.526E-03
    1889 7.8004E-01 3.8883E-04  (-0.283    , -1.953E-03,   0.00    ) |  3.888E-04 1.526E-03
    1890 7.8043E-01 3.8883E-04  (-0.283    , -1.953E-03,   0.00    ) |  3.888E-04 1.526E-03
    1891 7.8082E-01 3.8883E-04  (-0.283    , -1.953E-03,   0.00    ) |  3.888E-04 1.526E-03
    1892 7.8121E-01 3.8883E-04  (-0.283    , -1.953E-03,   0.00    ) |  3.888E-04 1.526E-03
    1893 7.8160E-01 3.8883E-04  (-0.283    , -1.953E-03,   0.00    ) |  3.888E-04 1.526E-03
    1894 7.8199E-01 3.8883E-04  (-0.283    , -1.953E-03,   0.00    ) |  3.888E-04 1.526E-03
    1895 7.8238E-01 3.8883E-04  (-0.283    , -1.953E-03,   0.00    ) |  3.888E-04 1.526E-03
    1896 7.8276E-01 3.8883E-04  (-0.283    , -1.953E-03,   0.00    ) |  3.888E-04 1.526E-03
    1897 7.8315E-01 3.8883E-04  (-0.283    , -1.953E-03,   0.00    ) |  3.888E-04 1.526E-03
    1898 7.8354E-01 3.8883E-04  (-0.283    , -1.953E-03,   0.00    ) |  3.888E-04 1.526E-03
    1899 7.8393E-01 3.8883E-04  (-0.283    , -1.953E-03,   0.00    ) |  3.888E-04 1.526E-03
    1900 7.8432E-01 3.8883E-04  (-0.283    , -1.953E-03,   0.00    ) |  3.888E-04 1.526E-03
    1901 7.8471E-01 3.8883E-04  (-0.283    , -1.953E-03,   0.00    ) |  3.888E-04 1.526E-03
    1902 7.8510E-01 3.8883E-04  (-0.283    , -1.953E-03,   0.00    ) |  3.888E-04 1.526E-03
    1903 7.8549E-01 3.8883E-04  (-0.283    , -1.953E-03,   0.00    ) |  3.888E-04 1.526E-03
    1904 7.8587E-01 3.8884E-04  (-0.283    , -1.953E-03,   0.00    ) |  3.888E-04 1.526E-03
    1905 7.8626E-01 3.8884E-04  (-0.283    , -1.953E-03,   0.00    ) |  3.888E-04 1.526E-03
    1906 7.8665E-01 3.8884E-04  (-0.283    , -1.953E-03,   0.00    ) |  3.888E-04 1.526E-03
    1907 7.8704E-01 3.8884E-04  (-0.283    , -1.953E-03,   0.00    ) |  3.888E-04 1.526E-03
    1908 7.8743E-01 3.8884E-04  (-0.283    , -1.953E-03,   0.00    ) |  3.888E-04 1.526E-03
    1909 7.8782E-01 3.8884E-04  (-0.283    , -1.953E-03,   0.00    ) |  3.888E-04 1.526E-03
    1910 7.8821E-01 3.8884E-04  (-0.283    , -1.953E-03,   0.00    ) |  3.888E-04 1.526E-03
    1911 7.8860E-01 3.8884E-04  (-0.283    , -1.953E-03,   0.00    ) |  3.888E-04 1.526E-03
    1912 7.8899E-01 3.8884E-04  (-0.283    , -1.953E-03,   0.00    ) |  3.888E-04 1.526E-03
    1913 7.8937E-01 3.8884E-04  (-0.283    , -1.953E-03,   0.00    ) |  3.888E-04 1.526E-03
    1914 7.8976E-01 3.8885E-04  (-0.283    , -1.953E-03,   0.00    ) |  3.888E-04 1.526E-03
    1915 7.9015E-01 3.8885E-04  (-0.283    , -1.953E-03,   0.00    ) |  3.888E-04 1.526E-03
    1916 7.9054E-01 3.8885E-04  (-0.283    , -1.953E-03,   0.00    ) |  3.888E-04 1.526E-03
    1917 7.9093E-01 3.8885E-04  (-0.283    , -1.953E-03,   0.00    ) |  3.888E-04 1.526E-03
    1918 7.9132E-01 3.8885E-04  (-0.283    , -1.953E-03,   0.00    ) |  3.889E-04 1.526E-03
    1919 7.9171E-01 3.8885E-04  (-0.283    , -1.953E-03,   0.00    ) |  3.889E-04 1.526E-03
    1920 7.9210E-01 3.8885E-04  (-0.283    , -1.953E-03,   0.00    ) |  3.889E-04 1.526E-03
    1921 7.9248E-01 3.8886E-04  (-0.283    , -1.953E-03,   0.00    ) |  3.889E-04 1.526E-03
    1922 7.9287E-01 3.8886E-04  (-0.283    , -1.953E-03,   0.00    ) |  3.889E-04 1.526E-03
    1923 7.9326E-01 3.8886E-04  (-0.283    , -1.953E-03,   0.00    ) |  3.889E-04 1.526E-03
    1924 7.9365E-01 3.8886E-04  (-0.283    , -1.953E-03,   0.00    ) |  3.889E-04 1.526E-03
    1925 7.9404E-01 3.8886E-04  (-0.283    , -1.953E-03,   0.00    ) |  3.889E-04 1.526E-03
    1926 7.9443E-01 3.8887E-04  (-0.283    , -1.953E-03,   0.00    ) |  3.889E-04 1.526E-03
    1927 7.9482E-01 3.8887E-04  (-0.283    , -1.953E-03,   0.00    ) |  3.889E-04 1.526E-03
    1928 7.9521E-01 3.8887E-04  (-0.283    , -1.953E-03,   0.00    ) |  3.889E-04 1.526E-03
    1929 7.9560E-01 3.8887E-04  (-0.283    , -1.953E-03,   0.00    ) |  3.889E-04 1.526E-03
    1930 7.9598E-01 3.8887E-04  (-0.283    , -1.953E-03,   0.00    ) |  3.889E-04 1.526E-03
    1931 7.9637E-01 3.8888E-04  (-0.283    , -1.953E-03,   0.00    ) |  3.889E-04 1.526E-03
    1932 7.9676E-01 3.8888E-04  (-0.283    , -1.953E-03,   0.00    ) |  3.889E-04 1.526E-03
    1933 7.9715E-01 3.8888E-04  (-0.283    , -1.953E-03,   0.00    ) |  3.889E-04 1.526E-03
    1934 7.9754E-01 3.8888E-04  (-0.283    , -1.953E-03,   0.00    ) |  3.889E-04 1.526E-03
    1935 7.9793E-01 3.8889E-04  (-0.283    , -1.953E-03,   0.00    ) |  3.889E-04 1.526E-03
    1936 7.9832E-01 3.8889E-04  (-0.283    , -1.953E-03,   0.00    ) |  3.889E-04 1.526E-03
    1937 7.9871E-01 3.8889E-04  (-0.283    , -1.953E-03,   0.00    ) |  3.889E-04 1.526E-03
    1938 7.9910E-01 3.8890E-04  (-0.283    , -1.953E-03,   0.00    ) |  3.889E-04 1.526E-03
    1939 7.9948E-01 3.8890E-04  (-0.283    , -1.953E-03,   0.00    ) |  3.889E-04 1.526E-03
    1940 7.9987E-01 3.8890E-04  (-0.283    , -1.953E-03,   0.00    ) |  3.889E-04 1.526E-03
 *** Wrote plotfile to flash_run_hdf5_plt_cnt_0032 ****
    1941 8.0026E-01 3.8890E-04  (-0.283    , -1.953E-03,   0.00    ) |  3.889E-04 1.526E-03
    1942 8.0065E-01 3.8891E-04  (-0.283    , -1.953E-03,   0.00    ) |  3.889E-04 1.526E-03
    1943 8.0104E-01 3.8891E-04  (-0.283    , -1.953E-03,   0.00    ) |  3.889E-04 1.526E-03
    1944 8.0143E-01 3.8891E-04  (-0.283    , -1.953E-03,   0.00    ) |  3.889E-04 1.526E-03
    1945 8.0182E-01 3.8892E-04  (-0.283    , -1.953E-03,   0.00    ) |  3.889E-04 1.526E-03
    1946 8.0221E-01 3.8892E-04  (-0.283    , -1.953E-03,   0.00    ) |  3.889E-04 1.526E-03
    1947 8.0260E-01 3.8892E-04  (-0.283    , -1.953E-03,   0.00    ) |  3.889E-04 1.526E-03
    1948 8.0298E-01 3.8893E-04  (-0.283    , -1.953E-03,   0.00    ) |  3.889E-04 1.526E-03
    1949 8.0337E-01 3.8893E-04  (-0.283    , -1.953E-03,   0.00    ) |  3.889E-04 1.526E-03
    1950 8.0376E-01 3.8893E-04  (-0.283    , -1.953E-03,   0.00    ) |  3.889E-04 1.526E-03
    1951 8.0415E-01 3.8894E-04  (-0.283    , -1.953E-03,   0.00    ) |  3.889E-04 1.526E-03
    1952 8.0454E-01 3.8894E-04  (-0.283    , -1.953E-03,   0.00    ) |  3.889E-04 1.526E-03
    1953 8.0493E-01 3.8894E-04  (-0.283    , -1.953E-03,   0.00    ) |  3.889E-04 1.526E-03
    1954 8.0532E-01 3.8895E-04  (-0.283    , -1.953E-03,   0.00    ) |  3.889E-04 1.526E-03
    1955 8.0571E-01 3.8895E-04  (-0.283    , -1.953E-03,   0.00    ) |  3.890E-04 1.526E-03
    1956 8.0610E-01 3.8896E-04  (-0.283    , -1.953E-03,   0.00    ) |  3.890E-04 1.526E-03
    1957 8.0649E-01 3.8896E-04  (-0.283    , -1.953E-03,   0.00    ) |  3.890E-04 1.526E-03
    1958 8.0687E-01 3.8896E-04  (-0.283    , -1.953E-03,   0.00    ) |  3.890E-04 1.526E-03
    1959 8.0726E-01 3.8897E-04  (-0.283    , -1.953E-03,   0.00    ) |  3.890E-04 1.526E-03
    1960 8.0765E-01 3.8897E-04  (-0.283    , -1.953E-03,   0.00    ) |  3.890E-04 1.526E-03
    1961 8.0804E-01 3.8898E-04  (-0.283    , -1.953E-03,   0.00    ) |  3.890E-04 1.526E-03
    1962 8.0843E-01 3.8898E-04  (-0.283    , -1.953E-03,   0.00    ) |  3.890E-04 1.526E-03
    1963 8.0882E-01 3.8898E-04  (-0.283    , -1.953E-03,   0.00    ) |  3.890E-04 1.526E-03
    1964 8.0921E-01 3.8899E-04  (-0.283    , -1.953E-03,   0.00    ) |  3.890E-04 1.526E-03
    1965 8.0960E-01 3.8899E-04  (-0.283    , -1.953E-03,   0.00    ) |  3.890E-04 1.526E-03
    1966 8.0999E-01 3.8900E-04  (-0.283    , -1.953E-03,   0.00    ) |  3.890E-04 1.526E-03
    1967 8.1038E-01 3.8900E-04  (-0.283    , -1.953E-03,   0.00    ) |  3.890E-04 1.526E-03
    1968 8.1076E-01 3.8901E-04  (-0.283    , -1.953E-03,   0.00    ) |  3.890E-04 1.526E-03
    1969 8.1115E-01 3.8901E-04  (-0.283    , -1.953E-03,   0.00    ) |  3.890E-04 1.526E-03
    1970 8.1154E-01 3.8901E-04  (-0.283    , -1.953E-03,   0.00    ) |  3.890E-04 1.526E-03
    1971 8.1193E-01 3.8902E-04  (-0.283    , -1.953E-03,   0.00    ) |  3.890E-04 1.526E-03
    1972 8.1232E-01 3.8902E-04  (-0.283    , -1.953E-03,   0.00    ) |  3.890E-04 1.526E-03
    1973 8.1271E-01 3.8903E-04  (-0.283    , -1.953E-03,   0.00    ) |  3.890E-04 1.526E-03
    1974 8.1310E-01 3.8903E-04  (-0.283    , -1.953E-03,   0.00    ) |  3.890E-04 1.526E-03
    1975 8.1349E-01 3.8904E-04  (-0.283    , -1.953E-03,   0.00    ) |  3.890E-04 1.526E-03
    1976 8.1388E-01 3.8904E-04  (-0.283    , -1.953E-03,   0.00    ) |  3.890E-04 1.526E-03
    1977 8.1427E-01 3.8905E-04  (-0.283    , -1.953E-03,   0.00    ) |  3.890E-04 1.526E-03
    1978 8.1465E-01 3.8905E-04  (-0.283    , -1.953E-03,   0.00    ) |  3.891E-04 1.526E-03
    1979 8.1504E-01 3.8906E-04  (-0.283    , -1.953E-03,   0.00    ) |  3.891E-04 1.526E-03
    1980 8.1543E-01 3.8906E-04  (-0.283    , -1.953E-03,   0.00    ) |  3.891E-04 1.526E-03
    1981 8.1582E-01 3.8907E-04  (-0.283    , -1.953E-03,   0.00    ) |  3.891E-04 1.526E-03
    1982 8.1621E-01 3.8907E-04  (-0.283    , -1.953E-03,   0.00    ) |  3.891E-04 1.526E-03
    1983 8.1660E-01 3.8908E-04  (-0.283    , -1.953E-03,   0.00    ) |  3.891E-04 1.526E-03
    1984 8.1699E-01 3.8908E-04  (-0.283    , -1.953E-03,   0.00    ) |  3.891E-04 1.526E-03
    1985 8.1738E-01 3.8909E-04  (-0.283    , -1.953E-03,   0.00    ) |  3.891E-04 1.526E-03
    1986 8.1777E-01 3.8909E-04  (-0.283    , -1.953E-03,   0.00    ) |  3.891E-04 1.526E-03
    1987 8.1816E-01 3.8910E-04  (-0.283    , -1.953E-03,   0.00    ) |  3.891E-04 1.526E-03
    1988 8.1855E-01 3.8910E-04  (-0.283    , -1.953E-03,   0.00    ) |  3.891E-04 1.526E-03
    1989 8.1893E-01 3.8911E-04  (-0.283    , -1.953E-03,   0.00    ) |  3.891E-04 1.526E-03
    1990 8.1932E-01 3.8911E-04  (-0.283    , -1.953E-03,   0.00    ) |  3.891E-04 1.526E-03
    1991 8.1971E-01 3.8912E-04  (-0.283    , -1.953E-03,   0.00    ) |  3.891E-04 1.526E-03
    1992 8.2010E-01 3.8913E-04  (-0.283    , -1.953E-03,   0.00    ) |  3.891E-04 1.526E-03
    1993 8.2049E-01 3.8913E-04  (-0.283    , -1.953E-03,   0.00    ) |  3.891E-04 1.526E-03
    1994 8.2088E-01 3.8914E-04  (-0.283    , -1.953E-03,   0.00    ) |  3.891E-04 1.526E-03
    1995 8.2127E-01 3.8914E-04  (-0.283    , -1.953E-03,   0.00    ) |  3.891E-04 1.526E-03
    1996 8.2166E-01 3.8915E-04  (-0.283    , -1.953E-03,   0.00    ) |  3.891E-04 1.526E-03
    1997 8.2205E-01 3.8916E-04  (-0.283    , -1.953E-03,   0.00    ) |  3.892E-04 1.526E-03
    1998 8.2244E-01 3.8916E-04  (-0.283    , -1.953E-03,   0.00    ) |  3.892E-04 1.526E-03
    1999 8.2283E-01 3.8917E-04  ( 0.283    ,  1.953E-03,   0.00    ) |  3.892E-04 1.526E-03
    2000 8.2321E-01 3.8917E-04  ( 0.283    ,  1.953E-03,   0.00    ) |  3.892E-04 1.526E-03
    2001 8.2360E-01 3.8918E-04  ( 0.283    ,  1.953E-03,   0.00    ) |  3.892E-04 1.526E-03
    2002 8.2399E-01 3.8919E-04  ( 0.283    ,  1.953E-03,   0.00    ) |  3.892E-04 1.526E-03
    2003 8.2438E-01 3.8919E-04  ( 0.283    ,  1.953E-03,   0.00    ) |  3.892E-04 1.526E-03
    2004 8.2477E-01 3.8920E-04  ( 0.283    ,  1.953E-03,   0.00    ) |  3.892E-04 1.526E-03
 *** Wrote plotfile to flash_run_hdf5_plt_cnt_0033 ****
    2005 8.2516E-01 3.8921E-04  ( 0.283    ,  1.953E-03,   0.00    ) |  3.892E-04 1.526E-03
    2006 8.2555E-01 3.8921E-04  ( 0.283    ,  1.953E-03,   0.00    ) |  3.892E-04 1.526E-03
    2007 8.2594E-01 3.8922E-04  ( 0.283    ,  1.953E-03,   0.00    ) |  3.892E-04 1.526E-03
    2008 8.2633E-01 3.8923E-04  ( 0.283    ,  1.953E-03,   0.00    ) |  3.892E-04 1.526E-03
    2009 8.2672E-01 3.8923E-04  ( 0.283    ,  1.953E-03,   0.00    ) |  3.892E-04 1.526E-03
    2010 8.2711E-01 3.8924E-04  ( 0.283    ,  1.953E-03,   0.00    ) |  3.892E-04 1.526E-03
    2011 8.2750E-01 3.8925E-04  ( 0.283    ,  1.953E-03,   0.00    ) |  3.892E-04 1.526E-03
    2012 8.2789E-01 3.8925E-04  ( 0.283    ,  1.953E-03,   0.00    ) |  3.893E-04 1.526E-03
    2013 8.2827E-01 3.8926E-04  ( 0.283    ,  1.953E-03,   0.00    ) |  3.893E-04 1.526E-03
    2014 8.2866E-01 3.8927E-04  ( 0.283    ,  1.953E-03,   0.00    ) |  3.893E-04 1.526E-03
    2015 8.2905E-01 3.8927E-04  ( 0.283    ,  1.953E-03,   0.00    ) |  3.893E-04 1.526E-03
    2016 8.2944E-01 3.8928E-04  ( 0.283    ,  1.953E-03,   0.00    ) |  3.893E-04 1.526E-03
    2017 8.2983E-01 3.8929E-04  ( 0.283    ,  1.953E-03,   0.00    ) |  3.893E-04 1.526E-03
    2018 8.3022E-01 3.8929E-04  ( 0.283    ,  1.953E-03,   0.00    ) |  3.893E-04 1.526E-03
    2019 8.3061E-01 3.8930E-04  ( 0.283    ,  1.953E-03,   0.00    ) |  3.893E-04 1.526E-03
    2020 8.3100E-01 3.8931E-04  ( 0.283    ,  1.953E-03,   0.00    ) |  3.893E-04 1.526E-03
    2021 8.3139E-01 3.8932E-04  ( 0.283    ,  1.953E-03,   0.00    ) |  3.893E-04 1.526E-03
    2022 8.3178E-01 3.8932E-04  (-0.283    , -1.953E-03,   0.00    ) |  3.893E-04 1.526E-03
    2023 8.3217E-01 3.8933E-04  (-0.283    , -1.953E-03,   0.00    ) |  3.893E-04 1.526E-03
    2024 8.3256E-01 3.8934E-04  (-0.283    , -1.953E-03,   0.00    ) |  3.893E-04 1.526E-03
    2025 8.3295E-01 3.8935E-04  (-0.283    , -1.953E-03,   0.00    ) |  3.893E-04 1.526E-03
    2026 8.3334E-01 3.8935E-04  (-0.283    , -1.953E-03,   0.00    ) |  3.894E-04 1.526E-03
    2027 8.3372E-01 3.8936E-04  ( 0.283    , -1.953E-03,   0.00    ) |  3.894E-04 1.526E-03
    2028 8.3411E-01 3.8937E-04  (-0.283    , -1.953E-03,   0.00    ) |  3.894E-04 1.526E-03
    2029 8.3450E-01 3.8938E-04  ( 0.283    , -1.953E-03,   0.00    ) |  3.894E-04 1.526E-03
    2030 8.3489E-01 3.8938E-04  (-0.283    , -1.953E-03,   0.00    ) |  3.894E-04 1.526E-03
    2031 8.3528E-01 3.8939E-04  (-0.283    , -1.953E-03,   0.00    ) |  3.894E-04 1.526E-03
    2032 8.3567E-01 3.8940E-04  (-0.283    , -1.953E-03,   0.00    ) |  3.894E-04 1.526E-03
    2033 8.3606E-01 3.8941E-04  (-0.283    , -1.953E-03,   0.00    ) |  3.894E-04 1.526E-03
    2034 8.3645E-01 3.8942E-04  (-0.283    , -1.953E-03,   0.00    ) |  3.894E-04 1.526E-03
    2035 8.3684E-01 3.8942E-04  (-0.283    , -1.953E-03,   0.00    ) |  3.894E-04 1.526E-03
    2036 8.3723E-01 3.8943E-04  (-0.283    , -1.953E-03,   0.00    ) |  3.894E-04 1.526E-03
    2037 8.3762E-01 3.8944E-04  (-0.283    , -1.953E-03,   0.00    ) |  3.894E-04 1.526E-03
    2038 8.3801E-01 3.8945E-04  (-0.283    , -1.953E-03,   0.00    ) |  3.894E-04 1.526E-03
    2039 8.3840E-01 3.8946E-04  (-0.283    , -1.953E-03,   0.00    ) |  3.895E-04 1.526E-03
    2040 8.3879E-01 3.8946E-04  ( 0.283    , -1.953E-03,   0.00    ) |  3.895E-04 1.526E-03
    2041 8.3918E-01 3.8947E-04  ( 0.283    , -1.953E-03,   0.00    ) |  3.895E-04 1.526E-03
    2042 8.3957E-01 3.8948E-04  ( 0.283    , -1.953E-03,   0.00    ) |  3.895E-04 1.526E-03
    2043 8.3996E-01 3.8949E-04  ( 0.283    , -1.953E-03,   0.00    ) |  3.895E-04 1.526E-03
    2044 8.4034E-01 3.8950E-04  ( 0.283    , -1.953E-03,   0.00    ) |  3.895E-04 1.526E-03
    2045 8.4073E-01 3.8950E-04  ( 0.283    , -1.953E-03,   0.00    ) |  3.895E-04 1.526E-03
    2046 8.4112E-01 3.8951E-04  ( 0.283    , -1.953E-03,   0.00    ) |  3.895E-04 1.526E-03
    2047 8.4151E-01 3.8952E-04  ( 0.283    , -1.953E-03,   0.00    ) |  3.895E-04 1.526E-03
    2048 8.4190E-01 3.8953E-04  ( 0.283    , -1.953E-03,   0.00    ) |  3.895E-04 1.526E-03
    2049 8.4229E-01 3.8954E-04  (-0.283    , -1.953E-03,   0.00    ) |  3.895E-04 1.526E-03
    2050 8.4268E-01 3.8955E-04  (-0.283    , -1.953E-03,   0.00    ) |  3.895E-04 1.526E-03
    2051 8.4307E-01 3.8956E-04  (-0.283    , -1.953E-03,   0.00    ) |  3.896E-04 1.526E-03
    2052 8.4346E-01 3.8956E-04  (-0.283    , -1.953E-03,   0.00    ) |  3.896E-04 1.526E-03
    2053 8.4385E-01 3.8957E-04  (-0.283    , -1.953E-03,   0.00    ) |  3.896E-04 1.526E-03
    2054 8.4424E-01 3.8958E-04  (-0.283    , -1.953E-03,   0.00    ) |  3.896E-04 1.526E-03
    2055 8.4463E-01 3.8959E-04  (-0.283    , -1.953E-03,   0.00    ) |  3.896E-04 1.526E-03
    2056 8.4502E-01 3.8960E-04  (-0.283    , -1.953E-03,   0.00    ) |  3.896E-04 1.526E-03
    2057 8.4541E-01 3.8961E-04  (-0.283    , -1.953E-03,   0.00    ) |  3.896E-04 1.526E-03
    2058 8.4580E-01 3.8962E-04  (-0.283    , -1.953E-03,   0.00    ) |  3.896E-04 1.526E-03
    2059 8.4619E-01 3.8963E-04  (-0.283    , -1.953E-03,   0.00    ) |  3.896E-04 1.526E-03
    2060 8.4658E-01 3.8964E-04  (-0.283    , -1.953E-03,   0.00    ) |  3.896E-04 1.526E-03
    2061 8.4697E-01 3.8965E-04  (-0.283    , -1.953E-03,   0.00    ) |  3.896E-04 1.526E-03
    2062 8.4736E-01 3.8965E-04  (-0.283    , -1.953E-03,   0.00    ) |  3.897E-04 1.526E-03
    2063 8.4775E-01 3.8966E-04  (-0.283    , -1.953E-03,   0.00    ) |  3.897E-04 1.526E-03
    2064 8.4814E-01 3.8967E-04  (-0.283    , -1.953E-03,   0.00    ) |  3.897E-04 1.526E-03
    2065 8.4853E-01 3.8968E-04  ( 0.283    , -1.953E-03,   0.00    ) |  3.897E-04 1.526E-03
    2066 8.4892E-01 3.8969E-04  (-0.283    , -1.953E-03,   0.00    ) |  3.897E-04 1.526E-03
    2067 8.4931E-01 3.8970E-04  (-0.283    , -1.953E-03,   0.00    ) |  3.897E-04 1.526E-03
    2068 8.4970E-01 3.8971E-04  (-0.283    , -1.953E-03,   0.00    ) |  3.897E-04 1.526E-03
 *** Wrote plotfile to flash_run_hdf5_plt_cnt_0034 ****
    2069 8.5009E-01 3.8972E-04  (-0.283    , -1.953E-03,   0.00    ) |  3.897E-04 1.526E-03
    2070 8.5047E-01 3.8973E-04  (-0.283    , -1.953E-03,   0.00    ) |  3.897E-04 1.526E-03
    2071 8.5086E-01 3.8974E-04  (-0.283    , -1.953E-03,   0.00    ) |  3.897E-04 1.526E-03
    2072 8.5125E-01 3.8975E-04  (-0.283    , -1.953E-03,   0.00    ) |  3.897E-04 1.526E-03
    2073 8.5164E-01 3.8976E-04  (-0.283    , -1.953E-03,   0.00    ) |  3.898E-04 1.526E-03
    2074 8.5203E-01 3.8977E-04  (-0.283    , -1.953E-03,   0.00    ) |  3.898E-04 1.526E-03
    2075 8.5242E-01 3.8978E-04  (-0.283    , -1.953E-03,   0.00    ) |  3.898E-04 1.526E-03
    2076 8.5281E-01 3.8979E-04  (-0.283    , -1.953E-03,   0.00    ) |  3.898E-04 1.526E-03
    2077 8.5320E-01 3.8980E-04  (-0.283    , -1.953E-03,   0.00    ) |  3.898E-04 1.526E-03
    2078 8.5359E-01 3.8981E-04  (-0.283    , -1.953E-03,   0.00    ) |  3.898E-04 1.526E-03
    2079 8.5398E-01 3.8982E-04  (-0.283    , -1.953E-03,   0.00    ) |  3.898E-04 1.526E-03
    2080 8.5437E-01 3.8983E-04  (-0.283    , -1.953E-03,   0.00    ) |  3.898E-04 1.526E-03
    2081 8.5476E-01 3.8984E-04  (-0.283    , -1.953E-03,   0.00    ) |  3.898E-04 1.526E-03
    2082 8.5515E-01 3.8985E-04  (-0.283    , -1.953E-03,   0.00    ) |  3.898E-04 1.526E-03
    2083 8.5554E-01 3.8986E-04  (-0.283    , -1.953E-03,   0.00    ) |  3.899E-04 1.526E-03
    2084 8.5593E-01 3.8987E-04  (-0.283    , -1.953E-03,   0.00    ) |  3.899E-04 1.526E-03
    2085 8.5632E-01 3.8988E-04  (-0.283    , -1.953E-03,   0.00    ) |  3.899E-04 1.526E-03
    2086 8.5671E-01 3.8989E-04  (-0.283    , -1.953E-03,   0.00    ) |  3.899E-04 1.526E-03
    2087 8.5710E-01 3.8990E-04  (-0.283    , -1.953E-03,   0.00    ) |  3.899E-04 1.526E-03
    2088 8.5749E-01 3.8991E-04  (-0.283    , -1.953E-03,   0.00    ) |  3.899E-04 1.526E-03
    2089 8.5788E-01 3.8992E-04  (-0.283    , -1.953E-03,   0.00    ) |  3.899E-04 1.526E-03
    2090 8.5827E-01 3.8993E-04  (-0.283    , -1.953E-03,   0.00    ) |  3.899E-04 1.526E-03
    2091 8.5866E-01 3.8994E-04  (-0.283    , -1.953E-03,   0.00    ) |  3.899E-04 1.526E-03
    2092 8.5905E-01 3.8995E-04  (-0.283    , -1.953E-03,   0.00    ) |  3.899E-04 1.526E-03
    2093 8.5944E-01 3.8996E-04  (-0.283    , -1.953E-03,   0.00    ) |  3.900E-04 1.526E-03
    2094 8.5983E-01 3.8997E-04  (-0.283    , -1.953E-03,   0.00    ) |  3.900E-04 1.526E-03
    2095 8.6022E-01 3.8998E-04  (-0.283    , -1.953E-03,   0.00    ) |  3.900E-04 1.526E-03
    2096 8.6061E-01 3.8999E-04  (-0.283    , -1.953E-03,   0.00    ) |  3.900E-04 1.526E-03
    2097 8.6100E-01 3.9000E-04  (-0.283    , -1.953E-03,   0.00    ) |  3.900E-04 1.526E-03
    2098 8.6139E-01 3.9001E-04  (-0.283    , -1.953E-03,   0.00    ) |  3.900E-04 1.526E-03
    2099 8.6178E-01 3.9002E-04  (-0.283    , -1.953E-03,   0.00    ) |  3.900E-04 1.526E-03
    2100 8.6217E-01 3.9003E-04  (-0.283    , -1.953E-03,   0.00    ) |  3.900E-04 1.526E-03
    2101 8.6256E-01 3.9004E-04  (-0.283    , -1.953E-03,   0.00    ) |  3.900E-04 1.526E-03
    2102 8.6295E-01 3.9005E-04  (-0.283    , -1.953E-03,   0.00    ) |  3.901E-04 1.526E-03
    2103 8.6334E-01 3.9006E-04  (-0.283    , -1.953E-03,   0.00    ) |  3.901E-04 1.526E-03
    2104 8.6373E-01 3.9007E-04  (-0.283    , -1.953E-03,   0.00    ) |  3.901E-04 1.526E-03
    2105 8.6412E-01 3.9008E-04  (-0.283    , -1.953E-03,   0.00    ) |  3.901E-04 1.526E-03
    2106 8.6451E-01 3.9009E-04  (-0.283    , -1.953E-03,   0.00    ) |  3.901E-04 1.526E-03
    2107 8.6490E-01 3.9010E-04  (-0.283    , -1.953E-03,   0.00    ) |  3.901E-04 1.526E-03
    2108 8.6529E-01 3.9012E-04  (-0.283    , -1.953E-03,   0.00    ) |  3.901E-04 1.526E-03
    2109 8.6568E-01 3.9013E-04  (-0.283    , -1.953E-03,   0.00    ) |  3.901E-04 1.526E-03
    2110 8.6607E-01 3.9014E-04  (-0.283    , -1.953E-03,   0.00    ) |  3.901E-04 1.526E-03
    2111 8.6646E-01 3.9015E-04  (-0.283    , -1.953E-03,   0.00    ) |  3.901E-04 1.526E-03
    2112 8.6685E-01 3.9016E-04  (-0.283    , -1.953E-03,   0.00    ) |  3.902E-04 1.526E-03
    2113 8.6724E-01 3.9017E-04  (-0.283    , -1.953E-03,   0.00    ) |  3.902E-04 1.526E-03
    2114 8.6763E-01 3.9018E-04  (-0.283    , -1.953E-03,   0.00    ) |  3.902E-04 1.526E-03
    2115 8.6802E-01 3.9019E-04  (-0.283    , -1.953E-03,   0.00    ) |  3.902E-04 1.526E-03
    2116 8.6841E-01 3.9020E-04  (-0.283    , -1.953E-03,   0.00    ) |  3.902E-04 1.526E-03
    2117 8.6880E-01 3.9021E-04  (-0.283    , -1.953E-03,   0.00    ) |  3.902E-04 1.526E-03
    2118 8.6919E-01 3.9023E-04  (-0.283    , -1.953E-03,   0.00    ) |  3.902E-04 1.526E-03
    2119 8.6958E-01 3.9024E-04  (-0.283    , -1.953E-03,   0.00    ) |  3.902E-04 1.526E-03
    2120 8.6997E-01 3.9025E-04  (-0.283    , -1.953E-03,   0.00    ) |  3.902E-04 1.526E-03
    2121 8.7036E-01 3.9026E-04  (-0.283    , -1.953E-03,   0.00    ) |  3.903E-04 1.526E-03
    2122 8.7075E-01 3.9027E-04  (-0.283    , -1.953E-03,   0.00    ) |  3.903E-04 1.526E-03
    2123 8.7114E-01 3.9028E-04  (-0.283    , -1.953E-03,   0.00    ) |  3.903E-04 1.526E-03
    2124 8.7153E-01 3.9029E-04  (-0.283    , -1.953E-03,   0.00    ) |  3.903E-04 1.526E-03
    2125 8.7192E-01 3.9030E-04  (-0.283    , -1.953E-03,   0.00    ) |  3.903E-04 1.526E-03
    2126 8.7232E-01 3.9032E-04  (-0.283    , -1.953E-03,   0.00    ) |  3.903E-04 1.526E-03
    2127 8.7271E-01 3.9033E-04  (-0.283    , -1.953E-03,   0.00    ) |  3.903E-04 1.526E-03
    2128 8.7310E-01 3.9034E-04  (-0.283    , -1.953E-03,   0.00    ) |  3.903E-04 1.526E-03
    2129 8.7349E-01 3.9035E-04  (-0.283    , -1.953E-03,   0.00    ) |  3.903E-04 1.526E-03
    2130 8.7388E-01 3.9036E-04  (-0.283    , -1.953E-03,   0.00    ) |  3.904E-04 1.526E-03
    2131 8.7427E-01 3.9037E-04  (-0.283    , -1.953E-03,   0.00    ) |  3.904E-04 1.526E-03
    2132 8.7466E-01 3.9038E-04  (-0.283    , -1.953E-03,   0.00    ) |  3.904E-04 1.526E-03
 *** Wrote plotfile to flash_run_hdf5_plt_cnt_0035 ****
    2133 8.7505E-01 3.9039E-04  (-0.283    , -1.953E-03,   0.00    ) |  3.904E-04 1.526E-03
    2134 8.7544E-01 3.9041E-04  (-0.283    , -1.953E-03,   0.00    ) |  3.904E-04 1.526E-03
    2135 8.7583E-01 3.9042E-04  (-0.283    , -1.953E-03,   0.00    ) |  3.904E-04 1.526E-03
    2136 8.7622E-01 3.9043E-04  (-0.283    , -1.953E-03,   0.00    ) |  3.904E-04 1.526E-03
    2137 8.7661E-01 3.9044E-04  (-0.283    , -1.953E-03,   0.00    ) |  3.904E-04 1.526E-03
    2138 8.7700E-01 3.9045E-04  (-0.283    , -1.953E-03,   0.00    ) |  3.905E-04 1.526E-03
    2139 8.7739E-01 3.9046E-04  (-0.283    , -1.953E-03,   0.00    ) |  3.905E-04 1.526E-03
    2140 8.7778E-01 3.9047E-04  (-0.283    , -1.953E-03,   0.00    ) |  3.905E-04 1.526E-03
    2141 8.7817E-01 3.9049E-04  (-0.279    , -1.953E-03,   0.00    ) |  3.905E-04 1.526E-03
    2142 8.7856E-01 3.9050E-04  (-0.279    , -1.953E-03,   0.00    ) |  3.905E-04 1.526E-03
    2143 8.7895E-01 3.9051E-04  (-0.279    , -1.953E-03,   0.00    ) |  3.905E-04 1.526E-03
    2144 8.7934E-01 3.9052E-04  (-0.279    , -1.953E-03,   0.00    ) |  3.905E-04 1.526E-03
    2145 8.7973E-01 3.9053E-04  (-0.279    , -1.953E-03,   0.00    ) |  3.905E-04 1.526E-03
    2146 8.8012E-01 3.9054E-04  (-0.279    , -1.953E-03,   0.00    ) |  3.905E-04 1.526E-03
    2147 8.8051E-01 3.9055E-04  (-0.279    , -1.953E-03,   0.00    ) |  3.906E-04 1.526E-03
    2148 8.8090E-01 3.9057E-04  (-0.279    , -1.953E-03,   0.00    ) |  3.906E-04 1.526E-03
    2149 8.8130E-01 3.9058E-04  (-0.279    , -1.953E-03,   0.00    ) |  3.906E-04 1.526E-03
    2150 8.8169E-01 3.9059E-04  (-0.279    , -1.953E-03,   0.00    ) |  3.906E-04 1.526E-03
    2151 8.8208E-01 3.9060E-04  (-0.279    , -1.953E-03,   0.00    ) |  3.906E-04 1.526E-03
    2152 8.8247E-01 3.9061E-04  (-0.279    , -1.953E-03,   0.00    ) |  3.906E-04 1.526E-03
    2153 8.8286E-01 3.9062E-04  (-0.279    , -1.953E-03,   0.00    ) |  3.906E-04 1.526E-03
    2154 8.8325E-01 3.9063E-04  (-0.279    , -1.953E-03,   0.00    ) |  3.906E-04 1.526E-03
    2155 8.8364E-01 3.9065E-04  (-0.279    , -1.953E-03,   0.00    ) |  3.906E-04 1.526E-03
    2156 8.8403E-01 3.9066E-04  (-0.279    , -1.953E-03,   0.00    ) |  3.907E-04 1.526E-03
    2157 8.8442E-01 3.9067E-04  (-0.279    , -1.953E-03,   0.00    ) |  3.907E-04 1.526E-03
    2158 8.8481E-01 3.9068E-04  (-0.279    , -1.953E-03,   0.00    ) |  3.907E-04 1.526E-03
    2159 8.8520E-01 3.9069E-04  (-0.279    , -1.953E-03,   0.00    ) |  3.907E-04 1.526E-03
    2160 8.8559E-01 3.9070E-04  (-0.279    , -1.953E-03,   0.00    ) |  3.907E-04 1.526E-03
    2161 8.8598E-01 3.9071E-04  (-0.279    , -1.953E-03,   0.00    ) |  3.907E-04 1.526E-03
    2162 8.8637E-01 3.9073E-04  (-0.279    , -1.953E-03,   0.00    ) |  3.907E-04 1.526E-03
    2163 8.8676E-01 3.9074E-04  (-0.279    , -1.953E-03,   0.00    ) |  3.907E-04 1.526E-03
    2164 8.8716E-01 3.9075E-04  (-0.279    , -1.953E-03,   0.00    ) |  3.907E-04 1.526E-03
    2165 8.8755E-01 3.9076E-04  (-0.279    , -1.953E-03,   0.00    ) |  3.908E-04 1.526E-03
    2166 8.8794E-01 3.9077E-04  (-0.279    , -1.953E-03,   0.00    ) |  3.908E-04 1.526E-03
    2167 8.8833E-01 3.9078E-04  (-0.279    , -1.953E-03,   0.00    ) |  3.908E-04 1.526E-03
    2168 8.8872E-01 3.9079E-04  (-0.279    , -1.953E-03,   0.00    ) |  3.908E-04 1.526E-03
    2169 8.8911E-01 3.9081E-04  (-0.279    , -1.953E-03,   0.00    ) |  3.908E-04 1.526E-03
    2170 8.8950E-01 3.9082E-04  (-0.279    , -1.953E-03,   0.00    ) |  3.908E-04 1.526E-03
    2171 8.8989E-01 3.9083E-04  (-0.279    , -1.953E-03,   0.00    ) |  3.908E-04 1.526E-03
    2172 8.9028E-01 3.9084E-04  (-0.279    , -1.953E-03,   0.00    ) |  3.908E-04 1.526E-03
    2173 8.9067E-01 3.9085E-04  (-0.279    , -1.953E-03,   0.00    ) |  3.909E-04 1.526E-03
    2174 8.9106E-01 3.9086E-04  (-0.279    , -1.953E-03,   0.00    ) |  3.909E-04 1.526E-03
    2175 8.9145E-01 3.9087E-04  (-0.279    , -1.953E-03,   0.00    ) |  3.909E-04 1.526E-03
    2176 8.9184E-01 3.9088E-04  (-0.279    , -1.953E-03,   0.00    ) |  3.909E-04 1.526E-03
    2177 8.9224E-01 3.9090E-04  (-0.279    , -1.953E-03,   0.00    ) |  3.909E-04 1.526E-03
    2178 8.9263E-01 3.9091E-04  (-0.279    , -1.953E-03,   0.00    ) |  3.909E-04 1.526E-03
    2179 8.9302E-01 3.9092E-04  (-0.279    , -1.953E-03,   0.00    ) |  3.909E-04 1.526E-03
    2180 8.9341E-01 3.9093E-04  (-0.279    , -1.953E-03,   0.00    ) |  3.909E-04 1.526E-03
    2181 8.9380E-01 3.9094E-04  (-0.279    , -1.953E-03,   0.00    ) |  3.909E-04 1.526E-03
    2182 8.9419E-01 3.9095E-04  (-0.279    , -1.953E-03,   0.00    ) |  3.910E-04 1.526E-03
    2183 8.9458E-01 3.9096E-04  (-0.279    , -1.953E-03,   0.00    ) |  3.910E-04 1.526E-03
    2184 8.9497E-01 3.9097E-04  (-0.279    , -1.953E-03,   0.00    ) |  3.910E-04 1.526E-03
    2185 8.9536E-01 3.9098E-04  (-0.279    , -1.953E-03,   0.00    ) |  3.910E-04 1.526E-03
    2186 8.9575E-01 3.9099E-04  (-0.279    , -1.953E-03,   0.00    ) |  3.910E-04 1.526E-03
    2187 8.9615E-01 3.9100E-04  (-0.279    ,  1.953E-03,   0.00    ) |  3.910E-04 1.526E-03
    2188 8.9654E-01 3.9101E-04  (-0.279    ,  1.953E-03,   0.00    ) |  3.910E-04 1.526E-03
    2189 8.9693E-01 3.9103E-04  (-0.279    ,  1.953E-03,   0.00    ) |  3.910E-04 1.526E-03
    2190 8.9732E-01 3.9104E-04  (-0.279    ,  1.953E-03,   0.00    ) |  3.910E-04 1.526E-03
    2191 8.9771E-01 3.9105E-04  (-0.279    , -1.953E-03,   0.00    ) |  3.910E-04 1.526E-03
    2192 8.9810E-01 3.9106E-04  (-0.279    ,  1.953E-03,   0.00    ) |  3.911E-04 1.526E-03
    2193 8.9849E-01 3.9107E-04  (-0.279    ,  1.953E-03,   0.00    ) |  3.911E-04 1.526E-03
    2194 8.9888E-01 3.9108E-04  (-0.279    , -1.953E-03,   0.00    ) |  3.911E-04 1.526E-03
    2195 8.9927E-01 3.9109E-04  (-0.279    , -1.953E-03,   0.00    ) |  3.911E-04 1.526E-03
    2196 8.9966E-01 3.9110E-04  (-0.279    , -1.953E-03,   0.00    ) |  3.911E-04 1.526E-03
 *** Wrote plotfile to flash_run_hdf5_plt_cnt_0036 ****
    2197 9.0006E-01 3.9111E-04  (-0.279    , -1.953E-03,   0.00    ) |  3.911E-04 1.526E-03
    2198 9.0045E-01 3.9112E-04  (-0.279    ,  1.953E-03,   0.00    ) |  3.911E-04 1.526E-03
    2199 9.0084E-01 3.9113E-04  (-0.279    ,  1.953E-03,   0.00    ) |  3.911E-04 1.526E-03
    2200 9.0123E-01 3.9114E-04  (-0.279    , -1.953E-03,   0.00    ) |  3.911E-04 1.526E-03
    2201 9.0162E-01 3.9115E-04  (-0.279    , -1.953E-03,   0.00    ) |  3.911E-04 1.526E-03
    2202 9.0201E-01 3.9116E-04  (-0.279    ,  1.953E-03,   0.00    ) |  3.912E-04 1.526E-03
    2203 9.0240E-01 3.9117E-04  (-0.279    , -1.953E-03,   0.00    ) |  3.912E-04 1.526E-03
    2204 9.0279E-01 3.9118E-04  (-0.279    ,  1.953E-03,   0.00    ) |  3.912E-04 1.526E-03
    2205 9.0318E-01 3.9119E-04  (-0.279    ,  1.953E-03,   0.00    ) |  3.912E-04 1.526E-03
    2206 9.0358E-01 3.9120E-04  (-0.279    ,  1.953E-03,   0.00    ) |  3.912E-04 1.526E-03
    2207 9.0397E-01 3.9121E-04  (-0.279    , -1.953E-03,   0.00    ) |  3.912E-04 1.526E-03
    2208 9.0436E-01 3.9122E-04  (-0.279    , -1.953E-03,   0.00    ) |  3.912E-04 1.526E-03
    2209 9.0475E-01 3.9123E-04  (-0.279    ,  1.953E-03,   0.00    ) |  3.912E-04 1.526E-03
    2210 9.0514E-01 3.9124E-04  (-0.279    ,  1.953E-03,   0.00    ) |  3.912E-04 1.526E-03
    2211 9.0553E-01 3.9125E-04  (-0.279    , -1.953E-03,   0.00    ) |  3.912E-04 1.526E-03
    2212 9.0592E-01 3.9126E-04  (-0.279    ,  1.953E-03,   0.00    ) |  3.913E-04 1.526E-03
    2213 9.0631E-01 3.9127E-04  (-0.279    ,  1.953E-03,   0.00    ) |  3.913E-04 1.526E-03
    2214 9.0671E-01 3.9128E-04  (-0.279    , -1.953E-03,   0.00    ) |  3.913E-04 1.526E-03
    2215 9.0710E-01 3.9129E-04  ( 0.279    , -1.953E-03,   0.00    ) |  3.913E-04 1.526E-03
    2216 9.0749E-01 3.9130E-04  ( 0.279    , -1.953E-03,   0.00    ) |  3.913E-04 1.526E-03
    2217 9.0788E-01 3.9131E-04  ( 0.279    , -1.953E-03,   0.00    ) |  3.913E-04 1.526E-03
    2218 9.0827E-01 3.9132E-04  ( 0.279    , -1.953E-03,   0.00    ) |  3.913E-04 1.526E-03
    2219 9.0866E-01 3.9134E-04  ( 0.279    , -1.953E-03,   0.00    ) |  3.913E-04 1.526E-03
    2220 9.0905E-01 3.9135E-04  ( 0.279    , -1.953E-03,   0.00    ) |  3.913E-04 1.526E-03
    2221 9.0945E-01 3.9136E-04  ( 0.279    , -1.953E-03,   0.00    ) |  3.914E-04 1.526E-03
    2222 9.0984E-01 3.9137E-04  ( 0.279    , -1.953E-03,   0.00    ) |  3.914E-04 1.526E-03
    2223 9.1023E-01 3.9138E-04  ( 0.279    , -1.953E-03,   0.00    ) |  3.914E-04 1.526E-03
    2224 9.1062E-01 3.9139E-04  ( 0.279    , -1.953E-03,   0.00    ) |  3.914E-04 1.526E-03
    2225 9.1101E-01 3.9141E-04  ( 0.279    , -1.953E-03,   0.00    ) |  3.914E-04 1.526E-03
    2226 9.1140E-01 3.9142E-04  ( 0.279    , -1.953E-03,   0.00    ) |  3.914E-04 1.526E-03
    2227 9.1179E-01 3.9143E-04  ( 0.279    , -1.953E-03,   0.00    ) |  3.914E-04 1.526E-03
    2228 9.1218E-01 3.9145E-04  ( 0.279    , -1.953E-03,   0.00    ) |  3.914E-04 1.526E-03
    2229 9.1258E-01 3.9146E-04  (-0.279    , -1.953E-03,   0.00    ) |  3.915E-04 1.526E-03
    2230 9.1297E-01 3.9147E-04  ( 0.279    , -1.953E-03,   0.00    ) |  3.915E-04 1.526E-03
    2231 9.1336E-01 3.9149E-04  ( 0.279    , -1.953E-03,   0.00    ) |  3.915E-04 1.526E-03
    2232 9.1375E-01 3.9150E-04  ( 0.279    , -1.953E-03,   0.00    ) |  3.915E-04 1.526E-03
    2233 9.1414E-01 3.9152E-04  ( 0.279    , -1.953E-03,   0.00    ) |  3.915E-04 1.526E-03
    2234 9.1453E-01 3.9153E-04  (-0.279    , -1.953E-03,   0.00    ) |  3.915E-04 1.526E-03
    2235 9.1493E-01 3.9155E-04  (-0.279    , -1.953E-03,   0.00    ) |  3.915E-04 1.526E-03
    2236 9.1532E-01 3.9156E-04  (-0.279    , -1.953E-03,   0.00    ) |  3.916E-04 1.526E-03
    2237 9.1571E-01 3.9158E-04  (-0.279    , -1.953E-03,   0.00    ) |  3.916E-04 1.526E-03
    2238 9.1610E-01 3.9159E-04  (-0.279    , -1.953E-03,   0.00    ) |  3.916E-04 1.526E-03
    2239 9.1649E-01 3.9161E-04  (-0.279    , -1.953E-03,   0.00    ) |  3.916E-04 1.526E-03
    2240 9.1688E-01 3.9162E-04  (-0.279    , -1.953E-03,   0.00    ) |  3.916E-04 1.526E-03
    2241 9.1727E-01 3.9164E-04  (-0.279    , -1.953E-03,   0.00    ) |  3.916E-04 1.526E-03
    2242 9.1767E-01 3.9166E-04  (-0.279    , -1.953E-03,   0.00    ) |  3.917E-04 1.526E-03
    2243 9.1806E-01 3.9167E-04  (-0.279    , -1.953E-03,   0.00    ) |  3.917E-04 1.526E-03
    2244 9.1845E-01 3.9169E-04  (-0.279    , -1.953E-03,   0.00    ) |  3.917E-04 1.526E-03
    2245 9.1884E-01 3.9171E-04  (-0.279    , -1.953E-03,   0.00    ) |  3.917E-04 1.526E-03
    2246 9.1923E-01 3.9172E-04  (-0.279    , -1.953E-03,   0.00    ) |  3.917E-04 1.526E-03
    2247 9.1962E-01 3.9174E-04  (-0.279    , -1.953E-03,   0.00    ) |  3.917E-04 1.526E-03
    2248 9.2002E-01 3.9175E-04  (-0.279    , -1.953E-03,   0.00    ) |  3.918E-04 1.526E-03
    2249 9.2041E-01 3.9177E-04  ( 0.279    , -1.953E-03,   0.00    ) |  3.918E-04 1.526E-03
    2250 9.2080E-01 3.9179E-04  ( 0.279    , -1.953E-03,   0.00    ) |  3.918E-04 1.526E-03
    2251 9.2119E-01 3.9180E-04  ( 0.279    , -1.953E-03,   0.00    ) |  3.918E-04 1.526E-03
    2252 9.2158E-01 3.9182E-04  ( 0.279    , -1.953E-03,   0.00    ) |  3.918E-04 1.526E-03
    2253 9.2198E-01 3.9184E-04  ( 0.279    , -1.953E-03,   0.00    ) |  3.918E-04 1.526E-03
    2254 9.2237E-01 3.9185E-04  ( 0.279    , -1.953E-03,   0.00    ) |  3.919E-04 1.526E-03
    2255 9.2276E-01 3.9187E-04  ( 0.279    , -1.953E-03,   0.00    ) |  3.919E-04 1.526E-03
    2256 9.2315E-01 3.9188E-04  ( 0.279    , -1.953E-03,   0.00    ) |  3.919E-04 1.526E-03
    2257 9.2354E-01 3.9190E-04  ( 0.279    , -1.953E-03,   0.00    ) |  3.919E-04 1.526E-03
    2258 9.2393E-01 3.9191E-04  (-0.279    , -1.953E-03,   0.00    ) |  3.919E-04 1.526E-03
    2259 9.2433E-01 3.9193E-04  ( 0.279    , -1.953E-03,   0.00    ) |  3.919E-04 1.526E-03
    2260 9.2472E-01 3.9194E-04  ( 0.279    , -1.953E-03,   0.00    ) |  3.919E-04 1.526E-03
 *** Wrote plotfile to flash_run_hdf5_plt_cnt_0037 ****
    2261 9.2511E-01 3.9195E-04  (-0.279    , -1.953E-03,   0.00    ) |  3.920E-04 1.526E-03
    2262 9.2550E-01 3.9197E-04  (-0.279    , -1.953E-03,   0.00    ) |  3.920E-04 1.526E-03
    2263 9.2589E-01 3.9198E-04  (-0.279    , -1.953E-03,   0.00    ) |  3.920E-04 1.526E-03
    2264 9.2629E-01 3.9199E-04  (-0.279    , -1.953E-03,   0.00    ) |  3.920E-04 1.526E-03
    2265 9.2668E-01 3.9200E-04  (-0.279    , -1.953E-03,   0.00    ) |  3.920E-04 1.526E-03
    2266 9.2707E-01 3.9202E-04  (-0.279    , -1.953E-03,   0.00    ) |  3.920E-04 1.526E-03
    2267 9.2746E-01 3.9203E-04  (-0.279    , -1.953E-03,   0.00    ) |  3.920E-04 1.526E-03
    2268 9.2785E-01 3.9204E-04  (-0.279    , -1.953E-03,   0.00    ) |  3.920E-04 1.526E-03
    2269 9.2825E-01 3.9205E-04  (-0.279    , -1.953E-03,   0.00    ) |  3.920E-04 1.526E-03
    2270 9.2864E-01 3.9206E-04  (-0.279    , -1.953E-03,   0.00    ) |  3.921E-04 1.526E-03
    2271 9.2903E-01 3.9207E-04  (-0.279    , -1.953E-03,   0.00    ) |  3.921E-04 1.526E-03
    2272 9.2942E-01 3.9208E-04  (-0.279    , -1.953E-03,   0.00    ) |  3.921E-04 1.526E-03
    2273 9.2981E-01 3.9209E-04  (-0.279    , -1.953E-03,   0.00    ) |  3.921E-04 1.526E-03
    2274 9.3021E-01 3.9209E-04  (-0.279    , -1.953E-03,   0.00    ) |  3.921E-04 1.526E-03
    2275 9.3060E-01 3.9210E-04  (-0.279    , -1.953E-03,   0.00    ) |  3.921E-04 1.526E-03
    2276 9.3099E-01 3.9211E-04  (-0.279    , -1.953E-03,   0.00    ) |  3.921E-04 1.526E-03
    2277 9.3138E-01 3.9212E-04  ( 0.279    , -1.953E-03,   0.00    ) |  3.921E-04 1.526E-03
    2278 9.3178E-01 3.9213E-04  ( 0.279    , -1.953E-03,   0.00    ) |  3.921E-04 1.526E-03
    2279 9.3217E-01 3.9213E-04  ( 0.279    , -1.953E-03,   0.00    ) |  3.921E-04 1.526E-03
    2280 9.3256E-01 3.9214E-04  ( 0.279    , -1.953E-03,   0.00    ) |  3.921E-04 1.526E-03
    2281 9.3295E-01 3.9215E-04  ( 0.279    , -1.953E-03,   0.00    ) |  3.921E-04 1.526E-03
    2282 9.3334E-01 3.9215E-04  ( 0.279    , -1.953E-03,   0.00    ) |  3.922E-04 1.526E-03
    2283 9.3374E-01 3.9216E-04  ( 0.279    , -1.953E-03,   0.00    ) |  3.922E-04 1.526E-03
    2284 9.3413E-01 3.9217E-04  ( 0.279    , -1.953E-03,   0.00    ) |  3.922E-04 1.526E-03
    2285 9.3452E-01 3.9218E-04  ( 0.279    , -1.953E-03,   0.00    ) |  3.922E-04 1.526E-03
    2286 9.3491E-01 3.9218E-04  ( 0.279    , -1.953E-03,   0.00    ) |  3.922E-04 1.526E-03
    2287 9.3530E-01 3.9219E-04  (-0.279    , -1.953E-03,   0.00    ) |  3.922E-04 1.526E-03
    2288 9.3570E-01 3.9220E-04  (-0.279    , -1.953E-03,   0.00    ) |  3.922E-04 1.526E-03
    2289 9.3609E-01 3.9220E-04  (-0.279    , -1.953E-03,   0.00    ) |  3.922E-04 1.526E-03
    2290 9.3648E-01 3.9221E-04  (-0.279    , -1.953E-03,   0.00    ) |  3.922E-04 1.526E-03
    2291 9.3687E-01 3.9222E-04  (-0.279    , -1.953E-03,   0.00    ) |  3.922E-04 1.526E-03
    2292 9.3727E-01 3.9223E-04  (-0.279    , -1.953E-03,   0.00    ) |  3.922E-04 1.526E-03
    2293 9.3766E-01 3.9223E-04  (-0.279    , -1.953E-03,   0.00    ) |  3.922E-04 1.526E-03
    2294 9.3805E-01 3.9224E-04  (-0.279    , -1.953E-03,   0.00    ) |  3.922E-04 1.526E-03
    2295 9.3844E-01 3.9225E-04  (-0.275    , -1.953E-03,   0.00    ) |  3.923E-04 1.526E-03
    2296 9.3883E-01 3.9226E-04  ( 0.275    , -1.953E-03,   0.00    ) |  3.923E-04 1.526E-03
    2297 9.3923E-01 3.9227E-04  (-0.275    , -1.953E-03,   0.00    ) |  3.923E-04 1.526E-03
    2298 9.3962E-01 3.9228E-04  (-0.275    , -1.953E-03,   0.00    ) |  3.923E-04 1.526E-03
    2299 9.4001E-01 3.9229E-04  (-0.275    , -1.953E-03,   0.00    ) |  3.923E-04 1.526E-03
    2300 9.4040E-01 3.9230E-04  (-0.275    , -1.953E-03,   0.00    ) |  3.923E-04 1.526E-03
    2301 9.4080E-01 3.9231E-04  ( 0.275    ,  1.953E-03,   0.00    ) |  3.923E-04 1.526E-03
    2302 9.4119E-01 3.9232E-04  ( 0.275    ,  1.953E-03,   0.00    ) |  3.923E-04 1.526E-03
    2303 9.4158E-01 3.9233E-04  ( 0.275    ,  1.953E-03,   0.00    ) |  3.923E-04 1.526E-03
    2304 9.4197E-01 3.9234E-04  ( 0.275    ,  1.953E-03,   0.00    ) |  3.923E-04 1.526E-03
    2305 9.4237E-01 3.9235E-04  ( 0.279    , -1.953E-03,   0.00    ) |  3.923E-04 1.526E-03
    2306 9.4276E-01 3.9236E-04  (-0.279    , -1.953E-03,   0.00    ) |  3.924E-04 1.526E-03
    2307 9.4315E-01 3.9237E-04  (-0.279    , -1.953E-03,   0.00    ) |  3.924E-04 1.526E-03
    2308 9.4354E-01 3.9238E-04  ( 0.279    ,  1.953E-03,   0.00    ) |  3.924E-04 1.526E-03
    2309 9.4393E-01 3.9239E-04  (-0.279    , -1.953E-03,   0.00    ) |  3.924E-04 1.526E-03
    2310 9.4433E-01 3.9240E-04  (-0.279    , -1.953E-03,   0.00    ) |  3.924E-04 1.526E-03
    2311 9.4472E-01 3.9242E-04  (-0.279    , -1.953E-03,   0.00    ) |  3.924E-04 1.526E-03
    2312 9.4511E-01 3.9243E-04  (-0.279    , -1.953E-03,   0.00    ) |  3.924E-04 1.526E-03
    2313 9.4550E-01 3.9244E-04  (-0.279    , -1.953E-03,   0.00    ) |  3.924E-04 1.526E-03
    2314 9.4590E-01 3.9245E-04  (-0.279    , -1.953E-03,   0.00    ) |  3.925E-04 1.526E-03
    2315 9.4629E-01 3.9246E-04  (-0.279    , -1.953E-03,   0.00    ) |  3.925E-04 1.526E-03
    2316 9.4668E-01 3.9248E-04  (-0.279    , -1.953E-03,   0.00    ) |  3.925E-04 1.526E-03
    2317 9.4707E-01 3.9249E-04  (-0.279    , -1.953E-03,   0.00    ) |  3.925E-04 1.526E-03
    2318 9.4747E-01 3.9250E-04  (-0.279    , -1.953E-03,   0.00    ) |  3.925E-04 1.526E-03
    2319 9.4786E-01 3.9251E-04  (-0.279    , -1.953E-03,   0.00    ) |  3.925E-04 1.526E-03
    2320 9.4825E-01 3.9253E-04  (-0.279    , -1.953E-03,   0.00    ) |  3.925E-04 1.526E-03
    2321 9.4864E-01 3.9254E-04  (-0.279    , -1.953E-03,   0.00    ) |  3.925E-04 1.526E-03
    2322 9.4904E-01 3.9255E-04  ( 0.279    ,  1.953E-03,   0.00    ) |  3.926E-04 1.526E-03
    2323 9.4943E-01 3.9256E-04  ( 0.279    ,  1.953E-03,   0.00    ) |  3.926E-04 1.526E-03
    2324 9.4982E-01 3.9258E-04  ( 0.279    ,  1.953E-03,   0.00    ) |  3.926E-04 1.526E-03
 *** Wrote plotfile to flash_run_hdf5_plt_cnt_0038 ****
    2325 9.5021E-01 3.9259E-04  ( 0.275    ,  1.953E-03,   0.00    ) |  3.926E-04 1.526E-03
    2326 9.5061E-01 3.9260E-04  ( 0.275    ,  1.953E-03,   0.00    ) |  3.926E-04 1.526E-03
    2327 9.5100E-01 3.9261E-04  ( 0.275    ,  1.953E-03,   0.00    ) |  3.926E-04 1.526E-03
    2328 9.5139E-01 3.9262E-04  ( 0.275    ,  1.953E-03,   0.00    ) |  3.926E-04 1.526E-03
    2329 9.5179E-01 3.9263E-04  ( 0.275    ,  1.953E-03,   0.00    ) |  3.926E-04 1.526E-03
    2330 9.5218E-01 3.9265E-04  ( 0.275    ,  1.953E-03,   0.00    ) |  3.926E-04 1.526E-03
    2331 9.5257E-01 3.9266E-04  ( 0.275    ,  1.953E-03,   0.00    ) |  3.927E-04 1.526E-03
    2332 9.5296E-01 3.9267E-04  ( 0.275    ,  1.953E-03,   0.00    ) |  3.927E-04 1.526E-03
    2333 9.5336E-01 3.9268E-04  ( 0.275    ,  1.953E-03,   0.00    ) |  3.927E-04 1.526E-03
    2334 9.5375E-01 3.9269E-04  ( 0.275    ,  1.953E-03,   0.00    ) |  3.927E-04 1.526E-03
    2335 9.5414E-01 3.9270E-04  ( 0.275    ,  1.953E-03,   0.00    ) |  3.927E-04 1.526E-03
    2336 9.5453E-01 3.9271E-04  ( 0.275    ,  1.953E-03,   0.00    ) |  3.927E-04 1.526E-03
    2337 9.5493E-01 3.9272E-04  ( 0.275    ,  1.953E-03,   0.00    ) |  3.927E-04 1.526E-03
    2338 9.5532E-01 3.9273E-04  ( 0.275    ,  1.953E-03,   0.00    ) |  3.927E-04 1.526E-03
    2339 9.5571E-01 3.9274E-04  ( 0.275    , -1.953E-03,   0.00    ) |  3.927E-04 1.526E-03
    2340 9.5610E-01 3.9275E-04  ( 0.275    , -1.953E-03,   0.00    ) |  3.927E-04 1.526E-03
    2341 9.5650E-01 3.9276E-04  ( 0.275    , -1.953E-03,   0.00    ) |  3.928E-04 1.526E-03
    2342 9.5689E-01 3.9277E-04  ( 0.275    , -1.953E-03,   0.00    ) |  3.928E-04 1.526E-03
    2343 9.5728E-01 3.9278E-04  ( 0.275    , -1.953E-03,   0.00    ) |  3.928E-04 1.526E-03
    2344 9.5768E-01 3.9278E-04  ( 0.275    , -1.953E-03,   0.00    ) |  3.928E-04 1.526E-03
    2345 9.5807E-01 3.9279E-04  ( 0.275    , -1.953E-03,   0.00    ) |  3.928E-04 1.526E-03
    2346 9.5846E-01 3.9280E-04  ( 0.275    , -1.953E-03,   0.00    ) |  3.928E-04 1.526E-03
    2347 9.5885E-01 3.9281E-04  (-0.275    ,  1.953E-03,   0.00    ) |  3.928E-04 1.526E-03
    2348 9.5925E-01 3.9282E-04  (-0.275    ,  1.953E-03,   0.00    ) |  3.928E-04 1.526E-03
    2349 9.5964E-01 3.9283E-04  (-0.275    ,  1.953E-03,   0.00    ) |  3.928E-04 1.526E-03
    2350 9.6003E-01 3.9283E-04  (-0.275    ,  1.953E-03,   0.00    ) |  3.928E-04 1.526E-03
    2351 9.6043E-01 3.9284E-04  (-0.275    ,  1.953E-03,   0.00    ) |  3.928E-04 1.526E-03
    2352 9.6082E-01 3.9285E-04  ( 0.275    , -1.953E-03,   0.00    ) |  3.929E-04 1.526E-03
    2353 9.6121E-01 3.9286E-04  ( 0.275    , -1.953E-03,   0.00    ) |  3.929E-04 1.526E-03
    2354 9.6160E-01 3.9287E-04  (-0.275    ,  1.953E-03,   0.00    ) |  3.929E-04 1.526E-03
    2355 9.6200E-01 3.9288E-04  (-0.275    ,  1.953E-03,   0.00    ) |  3.929E-04 1.526E-03
    2356 9.6239E-01 3.9288E-04  (-0.275    ,  1.953E-03,   0.00    ) |  3.929E-04 1.526E-03
    2357 9.6278E-01 3.9289E-04  (-0.275    ,  1.953E-03,   0.00    ) |  3.929E-04 1.526E-03
    2358 9.6318E-01 3.9290E-04  (-0.275    ,  1.953E-03,   0.00    ) |  3.929E-04 1.526E-03
    2359 9.6357E-01 3.9291E-04  (-0.275    ,  1.953E-03,   0.00    ) |  3.929E-04 1.526E-03
    2360 9.6396E-01 3.9291E-04  (-0.275    ,  1.953E-03,   0.00    ) |  3.929E-04 1.526E-03
    2361 9.6435E-01 3.9292E-04  (-0.275    ,  1.953E-03,   0.00    ) |  3.929E-04 1.526E-03
    2362 9.6475E-01 3.9293E-04  (-0.275    ,  1.953E-03,   0.00    ) |  3.929E-04 1.526E-03
    2363 9.6514E-01 3.9294E-04  (-0.275    ,  1.953E-03,   0.00    ) |  3.929E-04 1.526E-03
    2364 9.6553E-01 3.9294E-04  (-0.275    ,  1.953E-03,   0.00    ) |  3.929E-04 1.526E-03
    2365 9.6593E-01 3.9295E-04  (-0.275    ,  1.953E-03,   0.00    ) |  3.930E-04 1.526E-03
    2366 9.6632E-01 3.9296E-04  (-0.275    ,  1.953E-03,   0.00    ) |  3.930E-04 1.526E-03
    2367 9.6671E-01 3.9296E-04  (-0.275    ,  1.953E-03,   0.00    ) |  3.930E-04 1.526E-03
    2368 9.6710E-01 3.9297E-04  (-0.275    ,  1.953E-03,   0.00    ) |  3.930E-04 1.526E-03
    2369 9.6750E-01 3.9298E-04  (-0.275    ,  1.953E-03,   0.00    ) |  3.930E-04 1.526E-03
    2370 9.6789E-01 3.9299E-04  (-0.275    ,  1.953E-03,   0.00    ) |  3.930E-04 1.526E-03
    2371 9.6828E-01 3.9299E-04  (-0.275    ,  1.953E-03,   0.00    ) |  3.930E-04 1.526E-03
    2372 9.6868E-01 3.9300E-04  (-0.275    ,  1.953E-03,   0.00    ) |  3.930E-04 1.526E-03
    2373 9.6907E-01 3.9301E-04  (-0.275    ,  1.953E-03,   0.00    ) |  3.930E-04 1.526E-03
    2374 9.6946E-01 3.9301E-04  (-0.275    ,  1.953E-03,   0.00    ) |  3.930E-04 1.526E-03
    2375 9.6986E-01 3.9302E-04  (-0.275    ,  1.953E-03,   0.00    ) |  3.930E-04 1.526E-03
    2376 9.7025E-01 3.9303E-04  (-0.275    ,  1.953E-03,   0.00    ) |  3.930E-04 1.526E-03
    2377 9.7064E-01 3.9303E-04  (-0.275    ,  1.953E-03,   0.00    ) |  3.930E-04 1.526E-03
    2378 9.7103E-01 3.9304E-04  (-0.275    ,  1.953E-03,   0.00    ) |  3.930E-04 1.526E-03
    2379 9.7143E-01 3.9305E-04  (-0.275    ,  1.953E-03,   0.00    ) |  3.930E-04 1.526E-03
    2380 9.7182E-01 3.9305E-04  (-0.275    ,  1.953E-03,   0.00    ) |  3.931E-04 1.526E-03
    2381 9.7221E-01 3.9306E-04  (-0.275    ,  1.953E-03,   0.00    ) |  3.931E-04 1.526E-03
    2382 9.7261E-01 3.9307E-04  (-0.275    ,  1.953E-03,   0.00    ) |  3.931E-04 1.526E-03
    2383 9.7300E-01 3.9307E-04  (-0.275    ,  1.953E-03,   0.00    ) |  3.931E-04 1.526E-03
    2384 9.7339E-01 3.9308E-04  (-0.275    ,  1.953E-03,   0.00    ) |  3.931E-04 1.526E-03
    2385 9.7379E-01 3.9308E-04  (-0.275    ,  1.953E-03,   0.00    ) |  3.931E-04 1.526E-03
    2386 9.7418E-01 3.9309E-04  (-0.275    ,  1.953E-03,   0.00    ) |  3.931E-04 1.526E-03
    2387 9.7457E-01 3.9310E-04  (-0.275    ,  1.953E-03,   0.00    ) |  3.931E-04 1.526E-03
    2388 9.7497E-01 3.9310E-04  (-0.275    ,  1.953E-03,   0.00    ) |  3.931E-04 1.526E-03
 *** Wrote plotfile to flash_run_hdf5_plt_cnt_0039 ****
    2389 9.7536E-01 3.9311E-04  (-0.275    ,  1.953E-03,   0.00    ) |  3.931E-04 1.526E-03
    2390 9.7575E-01 3.9311E-04  (-0.275    ,  1.953E-03,   0.00    ) |  3.931E-04 1.526E-03
    2391 9.7614E-01 3.9312E-04  (-0.275    ,  1.953E-03,   0.00    ) |  3.931E-04 1.526E-03
    2392 9.7654E-01 3.9313E-04  (-0.275    ,  1.953E-03,   0.00    ) |  3.931E-04 1.526E-03
    2393 9.7693E-01 3.9313E-04  (-0.275    ,  1.953E-03,   0.00    ) |  3.931E-04 1.526E-03
    2394 9.7732E-01 3.9314E-04  (-0.275    ,  1.953E-03,   0.00    ) |  3.931E-04 1.526E-03
    2395 9.7772E-01 3.9314E-04  (-0.275    ,  1.953E-03,   0.00    ) |  3.931E-04 1.526E-03
    2396 9.7811E-01 3.9315E-04  (-0.275    ,  1.953E-03,   0.00    ) |  3.931E-04 1.526E-03
    2397 9.7850E-01 3.9315E-04  (-0.275    ,  1.953E-03,   0.00    ) |  3.932E-04 1.526E-03
    2398 9.7890E-01 3.9316E-04  (-0.275    ,  1.953E-03,   0.00    ) |  3.932E-04 1.526E-03
    2399 9.7929E-01 3.9316E-04  (-0.275    ,  1.953E-03,   0.00    ) |  3.932E-04 1.526E-03
    2400 9.7968E-01 3.9317E-04  (-0.275    ,  1.953E-03,   0.00    ) |  3.932E-04 1.526E-03
    2401 9.8008E-01 3.9317E-04  (-0.275    ,  1.953E-03,   0.00    ) |  3.932E-04 1.526E-03
    2402 9.8047E-01 3.9318E-04  (-0.275    ,  1.953E-03,   0.00    ) |  3.932E-04 1.526E-03
    2403 9.8086E-01 3.9319E-04  (-0.275    ,  1.953E-03,   0.00    ) |  3.932E-04 1.526E-03
    2404 9.8126E-01 3.9319E-04  (-0.275    ,  1.953E-03,   0.00    ) |  3.932E-04 1.526E-03
    2405 9.8165E-01 3.9320E-04  (-0.275    ,  1.953E-03,   0.00    ) |  3.932E-04 1.526E-03
    2406 9.8204E-01 3.9320E-04  (-0.275    ,  1.953E-03,   0.00    ) |  3.932E-04 1.526E-03
    2407 9.8244E-01 3.9321E-04  (-0.275    ,  1.953E-03,   0.00    ) |  3.932E-04 1.526E-03
    2408 9.8283E-01 3.9321E-04  (-0.275    ,  1.953E-03,   0.00    ) |  3.932E-04 1.526E-03
    2409 9.8322E-01 3.9322E-04  ( 0.275    , -1.953E-03,   0.00    ) |  3.932E-04 1.526E-03
    2410 9.8362E-01 3.9322E-04  ( 0.275    , -1.953E-03,   0.00    ) |  3.932E-04 1.526E-03
    2411 9.8401E-01 3.9323E-04  ( 0.275    , -1.953E-03,   0.00    ) |  3.932E-04 1.526E-03
    2412 9.8440E-01 3.9323E-04  (-0.275    ,  1.953E-03,   0.00    ) |  3.932E-04 1.526E-03
    2413 9.8479E-01 3.9324E-04  (-0.275    ,  1.953E-03,   0.00    ) |  3.932E-04 1.526E-03
    2414 9.8519E-01 3.9324E-04  (-0.275    ,  1.953E-03,   0.00    ) |  3.932E-04 1.526E-03
    2415 9.8558E-01 3.9325E-04  (-0.275    ,  1.953E-03,   0.00    ) |  3.932E-04 1.526E-03
    2416 9.8597E-01 3.9325E-04  (-0.275    ,  1.953E-03,   0.00    ) |  3.932E-04 1.526E-03
    2417 9.8637E-01 3.9325E-04  (-0.275    ,  1.953E-03,   0.00    ) |  3.933E-04 1.526E-03
    2418 9.8676E-01 3.9326E-04  (-0.275    ,  1.953E-03,   0.00    ) |  3.933E-04 1.526E-03
    2419 9.8715E-01 3.9326E-04  (-0.275    ,  1.953E-03,   0.00    ) |  3.933E-04 1.526E-03
    2420 9.8755E-01 3.9327E-04  (-0.275    ,  1.953E-03,   0.00    ) |  3.933E-04 1.526E-03
    2421 9.8794E-01 3.9327E-04  (-0.271    ,  1.953E-03,   0.00    ) |  3.933E-04 1.526E-03
    2422 9.8833E-01 3.9328E-04  (-0.271    ,  1.953E-03,   0.00    ) |  3.933E-04 1.526E-03
    2423 9.8873E-01 3.9328E-04  (-0.271    ,  1.953E-03,   0.00    ) |  3.933E-04 1.526E-03
    2424 9.8912E-01 3.9329E-04  (-0.271    ,  1.953E-03,   0.00    ) |  3.933E-04 1.526E-03
    2425 9.8951E-01 3.9329E-04  (-0.271    ,  1.953E-03,   0.00    ) |  3.933E-04 1.526E-03
    2426 9.8991E-01 3.9330E-04  (-0.271    ,  1.953E-03,   0.00    ) |  3.933E-04 1.526E-03
    2427 9.9030E-01 3.9330E-04  (-0.271    ,  1.953E-03,   0.00    ) |  3.933E-04 1.526E-03
    2428 9.9069E-01 3.9330E-04  (-0.271    ,  1.953E-03,   0.00    ) |  3.933E-04 1.526E-03
    2429 9.9109E-01 3.9331E-04  (-0.271    ,  1.953E-03,   0.00    ) |  3.933E-04 1.526E-03
    2430 9.9148E-01 3.9331E-04  (-0.271    ,  1.953E-03,   0.00    ) |  3.933E-04 1.526E-03
    2431 9.9187E-01 3.9332E-04  (-0.271    ,  1.953E-03,   0.00    ) |  3.933E-04 1.526E-03
    2432 9.9227E-01 3.9332E-04  (-0.271    ,  1.953E-03,   0.00    ) |  3.933E-04 1.526E-03
    2433 9.9266E-01 3.9333E-04  (-0.271    ,  1.953E-03,   0.00    ) |  3.933E-04 1.526E-03
    2434 9.9305E-01 3.9333E-04  (-0.271    ,  1.953E-03,   0.00    ) |  3.933E-04 1.526E-03
    2435 9.9345E-01 3.9334E-04  (-0.271    ,  1.953E-03,   0.00    ) |  3.933E-04 1.526E-03
    2436 9.9384E-01 3.9334E-04  (-0.271    ,  1.953E-03,   0.00    ) |  3.933E-04 1.526E-03
    2437 9.9423E-01 3.9335E-04  (-0.271    ,  1.953E-03,   0.00    ) |  3.933E-04 1.526E-03
    2438 9.9463E-01 3.9335E-04  (-0.271    ,  1.953E-03,   0.00    ) |  3.934E-04 1.526E-03
    2439 9.9502E-01 3.9336E-04  (-0.271    ,  1.953E-03,   0.00    ) |  3.934E-04 1.526E-03
    2440 9.9541E-01 3.9336E-04  (-0.271    ,  1.953E-03,   0.00    ) |  3.934E-04 1.526E-03
    2441 9.9581E-01 3.9337E-04  (-0.271    ,  1.953E-03,   0.00    ) |  3.934E-04 1.526E-03
    2442 9.9620E-01 3.9337E-04  (-0.271    ,  1.953E-03,   0.00    ) |  3.934E-04 1.526E-03
    2443 9.9659E-01 3.9338E-04  (-0.271    ,  1.953E-03,   0.00    ) |  3.934E-04 1.526E-03
    2444 9.9699E-01 3.9339E-04  (-0.271    ,  1.953E-03,   0.00    ) |  3.934E-04 1.526E-03
    2445 9.9738E-01 3.9339E-04  (-0.271    ,  1.953E-03,   0.00    ) |  3.934E-04 1.526E-03
    2446 9.9777E-01 3.9340E-04  (-0.271    ,  1.953E-03,   0.00    ) |  3.934E-04 1.526E-03
    2447 9.9817E-01 3.9340E-04  (-0.271    ,  1.953E-03,   0.00    ) |  3.934E-04 1.526E-03
    2448 9.9856E-01 3.9341E-04  (-0.271    ,  1.953E-03,   0.00    ) |  3.934E-04 1.526E-03
    2449 9.9895E-01 3.9342E-04  (-0.271    ,  1.953E-03,   0.00    ) |  3.934E-04 1.526E-03
    2450 9.9935E-01 3.9342E-04  (-0.271    ,  1.953E-03,   0.00    ) |  3.934E-04 1.526E-03
    2451 9.9974E-01 3.9343E-04  (-0.271    ,  1.953E-03,   0.00    ) |  3.934E-04 1.526E-03
 *** Wrote plotfile to flash_run_hdf5_plt_cnt_0040 ****
    2452 1.0001E+00 3.9343E-04  (-0.271    ,  1.953E-03,   0.00    ) |  3.934E-04 1.526E-03
    2453 1.0005E+00 3.9344E-04  (-0.271    ,  1.953E-03,   0.00    ) |  3.934E-04 1.526E-03
    2454 1.0009E+00 3.9345E-04  (-0.271    ,  1.953E-03,   0.00    ) |  3.934E-04 1.526E-03
    2455 1.0013E+00 3.9346E-04  (-0.271    ,  1.953E-03,   0.00    ) |  3.935E-04 1.526E-03
    2456 1.0017E+00 3.9346E-04  (-0.271    ,  1.953E-03,   0.00    ) |  3.935E-04 1.526E-03
    2457 1.0021E+00 3.9347E-04  (-0.271    ,  1.953E-03,   0.00    ) |  3.935E-04 1.526E-03
    2458 1.0025E+00 3.9348E-04  (-0.271    ,  1.953E-03,   0.00    ) |  3.935E-04 1.526E-03
    2459 1.0029E+00 3.9348E-04  (-0.271    ,  1.953E-03,   0.00    ) |  3.935E-04 1.526E-03
    2460 1.0033E+00 3.9349E-04  (-0.271    ,  1.953E-03,   0.00    ) |  3.935E-04 1.526E-03
    2461 1.0037E+00 3.9350E-04  (-0.271    ,  1.953E-03,   0.00    ) |  3.935E-04 1.526E-03
    2462 1.0041E+00 3.9351E-04  (-0.271    ,  1.953E-03,   0.00    ) |  3.935E-04 1.526E-03
    2463 1.0045E+00 3.9351E-04  (-0.271    ,  1.953E-03,   0.00    ) |  3.935E-04 1.526E-03
    2464 1.0049E+00 3.9352E-04  (-0.271    ,  1.953E-03,   0.00    ) |  3.935E-04 1.526E-03
    2465 1.0052E+00 3.9353E-04  (-0.271    ,  1.953E-03,   0.00    ) |  3.935E-04 1.526E-03
    2466 1.0056E+00 3.9354E-04  (-0.271    ,  1.953E-03,   0.00    ) |  3.935E-04 1.526E-03
    2467 1.0060E+00 3.9355E-04  (-0.271    ,  1.953E-03,   0.00    ) |  3.935E-04 1.526E-03
    2468 1.0064E+00 3.9356E-04  (-0.271    ,  1.953E-03,   0.00    ) |  3.936E-04 1.526E-03
    2469 1.0068E+00 3.9356E-04  (-0.271    ,  1.953E-03,   0.00    ) |  3.936E-04 1.526E-03
    2470 1.0072E+00 3.9357E-04  (-0.271    ,  1.953E-03,   0.00    ) |  3.936E-04 1.526E-03
    2471 1.0076E+00 3.9358E-04  (-0.271    ,  1.953E-03,   0.00    ) |  3.936E-04 1.526E-03
    2472 1.0080E+00 3.9359E-04  (-0.271    ,  1.953E-03,   0.00    ) |  3.936E-04 1.526E-03
    2473 1.0084E+00 3.9360E-04  (-0.271    ,  1.953E-03,   0.00    ) |  3.936E-04 1.526E-03
    2474 1.0088E+00 3.9361E-04  (-0.271    ,  1.953E-03,   0.00    ) |  3.936E-04 1.526E-03
    2475 1.0092E+00 3.9361E-04  (-0.271    ,  1.953E-03,   0.00    ) |  3.936E-04 1.526E-03
    2476 1.0096E+00 3.9362E-04  (-0.271    ,  1.953E-03,   0.00    ) |  3.936E-04 1.526E-03
    2477 1.0100E+00 3.9363E-04  (-0.271    ,  1.953E-03,   0.00    ) |  3.936E-04 1.526E-03
    2478 1.0104E+00 3.9364E-04  (-0.271    ,  1.953E-03,   0.00    ) |  3.936E-04 1.526E-03
    2479 1.0108E+00 3.9365E-04  (-0.271    ,  1.953E-03,   0.00    ) |  3.936E-04 1.526E-03
    2480 1.0112E+00 3.9366E-04  (-0.271    ,  1.953E-03,   0.00    ) |  3.937E-04 1.526E-03
    2481 1.0115E+00 3.9367E-04  (-0.271    ,  1.953E-03,   0.00    ) |  3.937E-04 1.526E-03
    2482 1.0119E+00 3.9368E-04  (-0.271    ,  1.953E-03,   0.00    ) |  3.937E-04 1.526E-03
    2483 1.0123E+00 3.9368E-04  ( 0.271    ,  1.953E-03,   0.00    ) |  3.937E-04 1.526E-03
    2484 1.0127E+00 3.9369E-04  (-0.271    ,  1.953E-03,   0.00    ) |  3.937E-04 1.526E-03
    2485 1.0131E+00 3.9370E-04  (-0.271    ,  1.953E-03,   0.00    ) |  3.937E-04 1.526E-03
    2486 1.0135E+00 3.9371E-04  (-0.271    ,  1.953E-03,   0.00    ) |  3.937E-04 1.526E-03
    2487 1.0139E+00 3.9372E-04  (-0.271    ,  1.953E-03,   0.00    ) |  3.937E-04 1.526E-03
    2488 1.0143E+00 3.9373E-04  ( 0.271    ,  1.953E-03,   0.00    ) |  3.937E-04 1.526E-03
    2489 1.0147E+00 3.9373E-04  ( 0.271    ,  1.953E-03,   0.00    ) |  3.937E-04 1.526E-03
    2490 1.0151E+00 3.9374E-04  (-0.271    ,  1.953E-03,   0.00    ) |  3.937E-04 1.526E-03
    2491 1.0155E+00 3.9375E-04  ( 0.271    ,  1.953E-03,   0.00    ) |  3.938E-04 1.526E-03
    2492 1.0159E+00 3.9376E-04  ( 0.271    ,  1.953E-03,   0.00    ) |  3.938E-04 1.526E-03
    2493 1.0163E+00 3.9377E-04  (-0.271    ,  1.953E-03,   0.00    ) |  3.938E-04 1.526E-03
    2494 1.0167E+00 3.9377E-04  (-0.271    ,  1.953E-03,   0.00    ) |  3.938E-04 1.526E-03
    2495 1.0171E+00 3.9378E-04  (-0.271    ,  1.953E-03,   0.00    ) |  3.938E-04 1.526E-03
    2496 1.0175E+00 3.9379E-04  (-0.271    ,  1.953E-03,   0.00    ) |  3.938E-04 1.526E-03
    2497 1.0178E+00 3.9380E-04  (-0.271    ,  1.953E-03,   0.00    ) |  3.938E-04 1.526E-03
    2498 1.0182E+00 3.9381E-04  (-0.271    ,  1.953E-03,   0.00    ) |  3.938E-04 1.526E-03
    2499 1.0186E+00 3.9381E-04  (-0.271    ,  1.953E-03,   0.00    ) |  3.938E-04 1.526E-03
    2500 1.0190E+00 3.9382E-04  (-0.271    ,  1.953E-03,   0.00    ) |  3.938E-04 1.526E-03
    2501 1.0194E+00 3.9383E-04  (-0.271    ,  1.953E-03,   0.00    ) |  3.938E-04 1.526E-03
    2502 1.0198E+00 3.9383E-04  (-0.271    ,  1.953E-03,   0.00    ) |  3.938E-04 1.526E-03
    2503 1.0202E+00 3.9384E-04  (-0.271    ,  1.953E-03,   0.00    ) |  3.938E-04 1.526E-03
    2504 1.0206E+00 3.9385E-04  (-0.271    ,  1.953E-03,   0.00    ) |  3.938E-04 1.526E-03
    2505 1.0210E+00 3.9385E-04  (-0.271    ,  1.953E-03,   0.00    ) |  3.939E-04 1.526E-03
    2506 1.0214E+00 3.9386E-04  (-0.271    ,  1.953E-03,   0.00    ) |  3.939E-04 1.526E-03
    2507 1.0218E+00 3.9387E-04  ( 0.271    ,  1.953E-03,   0.00    ) |  3.939E-04 1.526E-03
    2508 1.0222E+00 3.9387E-04  ( 0.271    ,  1.953E-03,   0.00    ) |  3.939E-04 1.526E-03
    2509 1.0226E+00 3.9388E-04  ( 0.271    ,  1.953E-03,   0.00    ) |  3.939E-04 1.526E-03
    2510 1.0230E+00 3.9388E-04  ( 0.271    ,  1.953E-03,   0.00    ) |  3.939E-04 1.526E-03
    2511 1.0234E+00 3.9389E-04  ( 0.271    ,  1.953E-03,   0.00    ) |  3.939E-04 1.526E-03
    2512 1.0238E+00 3.9390E-04  ( 0.271    ,  1.953E-03,   0.00    ) |  3.939E-04 1.526E-03
    2513 1.0241E+00 3.9390E-04  ( 0.271    ,  1.953E-03,   0.00    ) |  3.939E-04 1.526E-03
    2514 1.0245E+00 3.9391E-04  ( 0.271    ,  1.953E-03,   0.00    ) |  3.939E-04 1.526E-03
    2515 1.0249E+00 3.9391E-04  ( 0.271    ,  1.953E-03,   0.00    ) |  3.939E-04 1.526E-03
 *** Wrote plotfile to flash_run_hdf5_plt_cnt_0041 ****
    2516 1.0253E+00 3.9392E-04  ( 0.271    ,  1.953E-03,   0.00    ) |  3.939E-04 1.526E-03
    2517 1.0257E+00 3.9393E-04  ( 0.271    ,  1.953E-03,   0.00    ) |  3.939E-04 1.526E-03
    2518 1.0261E+00 3.9393E-04  ( 0.271    ,  1.953E-03,   0.00    ) |  3.939E-04 1.526E-03
    2519 1.0265E+00 3.9394E-04  ( 0.271    ,  1.953E-03,   0.00    ) |  3.939E-04 1.526E-03
    2520 1.0269E+00 3.9394E-04  ( 0.271    ,  1.953E-03,   0.00    ) |  3.939E-04 1.526E-03
    2521 1.0273E+00 3.9395E-04  ( 0.271    ,  1.953E-03,   0.00    ) |  3.939E-04 1.526E-03
    2522 1.0277E+00 3.9396E-04  ( 0.271    ,  1.953E-03,   0.00    ) |  3.940E-04 1.526E-03
    2523 1.0281E+00 3.9396E-04  ( 0.271    ,  1.953E-03,   0.00    ) |  3.940E-04 1.526E-03
    2524 1.0285E+00 3.9397E-04  ( 0.271    ,  1.953E-03,   0.00    ) |  3.940E-04 1.526E-03
    2525 1.0289E+00 3.9397E-04  ( 0.271    ,  1.953E-03,   0.00    ) |  3.940E-04 1.526E-03
    2526 1.0293E+00 3.9398E-04  ( 0.271    ,  1.953E-03,   0.00    ) |  3.940E-04 1.526E-03
    2527 1.0297E+00 3.9399E-04  ( 0.271    ,  1.953E-03,   0.00    ) |  3.940E-04 1.526E-03
    2528 1.0301E+00 3.9400E-04  ( 0.271    ,  1.953E-03,   0.00    ) |  3.940E-04 1.526E-03
    2529 1.0305E+00 3.9400E-04  ( 0.271    ,  1.953E-03,   0.00    ) |  3.940E-04 1.526E-03
    2530 1.0308E+00 3.9401E-04  ( 0.271    ,  1.953E-03,   0.00    ) |  3.940E-04 1.526E-03
    2531 1.0312E+00 3.9402E-04  ( 0.271    ,  1.953E-03,   0.00    ) |  3.940E-04 1.526E-03
    2532 1.0316E+00 3.9402E-04  ( 0.271    ,  1.953E-03,   0.00    ) |  3.940E-04 1.526E-03
    2533 1.0320E+00 3.9403E-04  ( 0.271    ,  1.953E-03,   0.00    ) |  3.940E-04 1.526E-03
    2534 1.0324E+00 3.9404E-04  ( 0.271    ,  1.953E-03,   0.00    ) |  3.940E-04 1.526E-03
    2535 1.0328E+00 3.9405E-04  ( 0.271    ,  1.953E-03,   0.00    ) |  3.940E-04 1.526E-03
    2536 1.0332E+00 3.9406E-04  ( 0.271    ,  1.953E-03,   0.00    ) |  3.941E-04 1.526E-03
    2537 1.0336E+00 3.9407E-04  ( 0.271    ,  1.953E-03,   0.00    ) |  3.941E-04 1.526E-03
    2538 1.0340E+00 3.9408E-04  ( 0.271    ,  1.953E-03,   0.00    ) |  3.941E-04 1.526E-03
    2539 1.0344E+00 3.9409E-04  ( 0.271    ,  1.953E-03,   0.00    ) |  3.941E-04 1.526E-03
    2540 1.0348E+00 3.9409E-04  ( 0.271    ,  1.953E-03,   0.00    ) |  3.941E-04 1.526E-03
    2541 1.0352E+00 3.9410E-04  ( 0.271    ,  1.953E-03,   0.00    ) |  3.941E-04 1.526E-03
    2542 1.0356E+00 3.9411E-04  ( 0.271    ,  1.953E-03,   0.00    ) |  3.941E-04 1.526E-03
    2543 1.0360E+00 3.9412E-04  ( 0.271    ,  1.953E-03,   0.00    ) |  3.941E-04 1.526E-03
    2544 1.0364E+00 3.9414E-04  ( 0.271    ,  1.953E-03,   0.00    ) |  3.941E-04 1.526E-03
    2545 1.0368E+00 3.9415E-04  ( 0.271    ,  1.953E-03,   0.00    ) |  3.941E-04 1.526E-03
    2546 1.0372E+00 3.9416E-04  ( 0.271    ,  1.953E-03,   0.00    ) |  3.942E-04 1.526E-03
    2547 1.0375E+00 3.9417E-04  ( 0.271    ,  1.953E-03,   0.00    ) |  3.942E-04 1.526E-03
    2548 1.0379E+00 3.9418E-04  ( 0.271    ,  1.953E-03,   0.00    ) |  3.942E-04 1.526E-03
    2549 1.0383E+00 3.9419E-04  ( 0.271    ,  1.953E-03,   0.00    ) |  3.942E-04 1.526E-03
    2550 1.0387E+00 3.9420E-04  ( 0.271    ,  1.953E-03,   0.00    ) |  3.942E-04 1.526E-03
    2551 1.0391E+00 3.9421E-04  ( 0.271    ,  1.953E-03,   0.00    ) |  3.942E-04 1.526E-03
    2552 1.0395E+00 3.9422E-04  ( 0.271    ,  1.953E-03,   0.00    ) |  3.942E-04 1.526E-03
    2553 1.0399E+00 3.9424E-04  ( 0.271    ,  1.953E-03,   0.00    ) |  3.942E-04 1.526E-03
    2554 1.0403E+00 3.9425E-04  ( 0.271    ,  1.953E-03,   0.00    ) |  3.942E-04 1.526E-03
    2555 1.0407E+00 3.9426E-04  ( 0.271    ,  1.953E-03,   0.00    ) |  3.943E-04 1.526E-03
    2556 1.0411E+00 3.9427E-04  ( 0.271    ,  1.953E-03,   0.00    ) |  3.943E-04 1.526E-03
    2557 1.0415E+00 3.9428E-04  ( 0.271    ,  1.953E-03,   0.00    ) |  3.943E-04 1.526E-03
    2558 1.0419E+00 3.9430E-04  ( 0.271    ,  1.953E-03,   0.00    ) |  3.943E-04 1.526E-03
    2559 1.0423E+00 3.9431E-04  ( 0.271    ,  1.953E-03,   0.00    ) |  3.943E-04 1.526E-03
    2560 1.0427E+00 3.9432E-04  ( 0.271    ,  1.953E-03,   0.00    ) |  3.943E-04 1.526E-03
    2561 1.0431E+00 3.9433E-04  (-0.271    ,  1.953E-03,   0.00    ) |  3.943E-04 1.526E-03
    2562 1.0435E+00 3.9434E-04  (-0.271    , -1.953E-03,   0.00    ) |  3.943E-04 1.526E-03
    2563 1.0439E+00 3.9436E-04  (-0.271    ,  1.953E-03,   0.00    ) |  3.944E-04 1.526E-03
    2564 1.0442E+00 3.9437E-04  (-0.271    ,  1.953E-03,   0.00    ) |  3.944E-04 1.526E-03
    2565 1.0446E+00 3.9438E-04  ( 0.271    ,  1.953E-03,   0.00    ) |  3.944E-04 1.526E-03
    2566 1.0450E+00 3.9439E-04  ( 0.271    ,  1.953E-03,   0.00    ) |  3.944E-04 1.526E-03
    2567 1.0454E+00 3.9440E-04  ( 0.271    ,  1.953E-03,   0.00    ) |  3.944E-04 1.526E-03
    2568 1.0458E+00 3.9441E-04  (-0.271    ,  1.953E-03,   0.00    ) |  3.944E-04 1.526E-03
    2569 1.0462E+00 3.9443E-04  (-0.271    ,  1.953E-03,   0.00    ) |  3.944E-04 1.526E-03
    2570 1.0466E+00 3.9444E-04  (-0.271    ,  1.953E-03,   0.00    ) |  3.944E-04 1.526E-03
    2571 1.0470E+00 3.9445E-04  ( 0.271    ,  1.953E-03,   0.00    ) |  3.944E-04 1.526E-03
    2572 1.0474E+00 3.9446E-04  ( 0.271    ,  1.953E-03,   0.00    ) |  3.945E-04 1.526E-03
    2573 1.0478E+00 3.9447E-04  ( 0.271    ,  1.953E-03,   0.00    ) |  3.945E-04 1.526E-03
    2574 1.0482E+00 3.9448E-04  ( 0.271    ,  1.953E-03,   0.00    ) |  3.945E-04 1.526E-03
    2575 1.0486E+00 3.9449E-04  ( 0.271    , -1.953E-03,   0.00    ) |  3.945E-04 1.526E-03
    2576 1.0490E+00 3.9451E-04  ( 0.271    , -1.953E-03,   0.00    ) |  3.945E-04 1.526E-03
    2577 1.0494E+00 3.9452E-04  ( 0.271    ,  1.953E-03,   0.00    ) |  3.945E-04 1.526E-03
    2578 1.0498E+00 3.9453E-04  ( 0.271    , -1.953E-03,   0.00    ) |  3.945E-04 1.526E-03
 *** Wrote plotfile to flash_run_hdf5_plt_cnt_0042 ****
    2579 1.0502E+00 3.9454E-04  ( 0.271    , -1.953E-03,   0.00    ) |  3.945E-04 1.526E-03
    2580 1.0506E+00 3.9455E-04  ( 0.271    , -1.953E-03,   0.00    ) |  3.945E-04 1.526E-03
    2581 1.0510E+00 3.9456E-04  ( 0.271    , -1.953E-03,   0.00    ) |  3.946E-04 1.526E-03
    2582 1.0513E+00 3.9457E-04  ( 0.271    , -1.953E-03,   0.00    ) |  3.946E-04 1.526E-03
    2583 1.0517E+00 3.9458E-04  ( 0.271    , -1.953E-03,   0.00    ) |  3.946E-04 1.526E-03
    2584 1.0521E+00 3.9459E-04  ( 0.271    , -1.953E-03,   0.00    ) |  3.946E-04 1.526E-03
    2585 1.0525E+00 3.9460E-04  ( 0.271    , -1.953E-03,   0.00    ) |  3.946E-04 1.526E-03
    2586 1.0529E+00 3.9461E-04  ( 0.271    , -1.953E-03,   0.00    ) |  3.946E-04 1.526E-03
    2587 1.0533E+00 3.9462E-04  ( 0.271    ,  1.953E-03,   0.00    ) |  3.946E-04 1.526E-03
    2588 1.0537E+00 3.9463E-04  ( 0.271    , -1.953E-03,   0.00    ) |  3.946E-04 1.526E-03
    2589 1.0541E+00 3.9464E-04  ( 0.271    , -1.953E-03,   0.00    ) |  3.946E-04 1.526E-03
    2590 1.0545E+00 3.9465E-04  ( 0.271    , -1.953E-03,   0.00    ) |  3.947E-04 1.526E-03
    2591 1.0549E+00 3.9466E-04  ( 0.271    ,  1.953E-03,   0.00    ) |  3.947E-04 1.526E-03
    2592 1.0553E+00 3.9467E-04  ( 0.271    , -1.953E-03,   0.00    ) |  3.947E-04 1.526E-03
    2593 1.0557E+00 3.9468E-04  ( 0.271    , -1.953E-03,   0.00    ) |  3.947E-04 1.526E-03
    2594 1.0561E+00 3.9469E-04  ( 0.271    , -1.953E-03,   0.00    ) |  3.947E-04 1.526E-03
    2595 1.0565E+00 3.9470E-04  ( 0.271    , -1.953E-03,   0.00    ) |  3.947E-04 1.526E-03
    2596 1.0569E+00 3.9471E-04  ( 0.271    , -1.953E-03,   0.00    ) |  3.947E-04 1.526E-03
    2597 1.0573E+00 3.9472E-04  ( 0.271    , -1.953E-03,   0.00    ) |  3.947E-04 1.526E-03
    2598 1.0577E+00 3.9473E-04  ( 0.271    ,  1.953E-03,   0.00    ) |  3.947E-04 1.526E-03
    2599 1.0581E+00 3.9474E-04  (-0.271    ,  1.953E-03,   0.00    ) |  3.947E-04 1.526E-03
    2600 1.0585E+00 3.9475E-04  ( 0.271    ,  1.953E-03,   0.00    ) |  3.947E-04 1.526E-03
    2601 1.0588E+00 3.9476E-04  (-0.271    ,  1.953E-03,   0.00    ) |  3.948E-04 1.526E-03
    2602 1.0592E+00 3.9476E-04  ( 0.271    , -1.953E-03,   0.00    ) |  3.948E-04 1.526E-03
    2603 1.0596E+00 3.9477E-04  ( 0.271    ,  1.953E-03,   0.00    ) |  3.948E-04 1.526E-03
    2604 1.0600E+00 3.9478E-04  ( 0.271    , -1.953E-03,   0.00    ) |  3.948E-04 1.526E-03
    2605 1.0604E+00 3.9479E-04  (-0.271    ,  1.953E-03,   0.00    ) |  3.948E-04 1.526E-03
    2606 1.0608E+00 3.9480E-04  ( 0.271    ,  1.953E-03,   0.00    ) |  3.948E-04 1.526E-03
    2607 1.0612E+00 3.9481E-04  (-0.271    ,  1.953E-03,   0.00    ) |  3.948E-04 1.526E-03
    2608 1.0616E+00 3.9482E-04  (-0.271    ,  1.953E-03,   0.00    ) |  3.948E-04 1.526E-03
    2609 1.0620E+00 3.9483E-04  (-0.271    ,  1.953E-03,   0.00    ) |  3.948E-04 1.526E-03
    2610 1.0624E+00 3.9484E-04  (-0.271    ,  1.953E-03,   0.00    ) |  3.948E-04 1.526E-03
    2611 1.0628E+00 3.9485E-04  (-0.271    ,  1.953E-03,   0.00    ) |  3.948E-04 1.526E-03
    2612 1.0632E+00 3.9486E-04  (-0.271    ,  1.953E-03,   0.00    ) |  3.949E-04 1.526E-03
    2613 1.0636E+00 3.9487E-04  (-0.271    ,  1.953E-03,   0.00    ) |  3.949E-04 1.526E-03
    2614 1.0640E+00 3.9488E-04  (-0.271    ,  1.953E-03,   0.00    ) |  3.949E-04 1.526E-03
    2615 1.0644E+00 3.9488E-04  (-0.271    ,  1.953E-03,   0.00    ) |  3.949E-04 1.526E-03
    2616 1.0648E+00 3.9489E-04  ( 0.271    ,  1.953E-03,   0.00    ) |  3.949E-04 1.526E-03
    2617 1.0652E+00 3.9490E-04  (-0.271    ,  1.953E-03,   0.00    ) |  3.949E-04 1.526E-03
    2618 1.0656E+00 3.9491E-04  (-0.271    ,  1.953E-03,   0.00    ) |  3.949E-04 1.526E-03
    2619 1.0660E+00 3.9492E-04  (-0.271    ,  1.953E-03,   0.00    ) |  3.949E-04 1.526E-03
    2620 1.0663E+00 3.9493E-04  ( 0.271    , -1.953E-03,   0.00    ) |  3.949E-04 1.526E-03
    2621 1.0667E+00 3.9494E-04  (-0.271    ,  1.953E-03,   0.00    ) |  3.949E-04 1.526E-03
    2622 1.0671E+00 3.9495E-04  ( 0.271    ,  1.953E-03,   0.00    ) |  3.949E-04 1.526E-03
    2623 1.0675E+00 3.9496E-04  ( 0.271    ,  1.953E-03,   0.00    ) |  3.950E-04 1.526E-03
    2624 1.0679E+00 3.9497E-04  ( 0.271    ,  1.953E-03,   0.00    ) |  3.950E-04 1.526E-03
    2625 1.0683E+00 3.9498E-04  ( 0.271    ,  1.953E-03,   0.00    ) |  3.950E-04 1.526E-03
    2626 1.0687E+00 3.9499E-04  (-0.271    ,  1.953E-03,   0.00    ) |  3.950E-04 1.526E-03
    2627 1.0691E+00 3.9500E-04  ( 0.271    ,  1.953E-03,   0.00    ) |  3.950E-04 1.526E-03
    2628 1.0695E+00 3.9501E-04  ( 0.271    ,  1.953E-03,   0.00    ) |  3.950E-04 1.526E-03
    2629 1.0699E+00 3.9502E-04  ( 0.271    ,  1.953E-03,   0.00    ) |  3.950E-04 1.526E-03
    2630 1.0703E+00 3.9502E-04  ( 0.271    ,  1.953E-03,   0.00    ) |  3.950E-04 1.526E-03
    2631 1.0707E+00 3.9503E-04  ( 0.271    ,  1.953E-03,   0.00    ) |  3.950E-04 1.526E-03
    2632 1.0711E+00 3.9504E-04  ( 0.271    ,  1.953E-03,   0.00    ) |  3.950E-04 1.526E-03
    2633 1.0715E+00 3.9505E-04  ( 0.271    ,  1.953E-03,   0.00    ) |  3.951E-04 1.526E-03
    2634 1.0719E+00 3.9506E-04  ( 0.271    ,  1.953E-03,   0.00    ) |  3.951E-04 1.526E-03
    2635 1.0723E+00 3.9507E-04  ( 0.271    ,  1.953E-03,   0.00    ) |  3.951E-04 1.526E-03
    2636 1.0727E+00 3.9508E-04  ( 0.271    , -1.953E-03,   0.00    ) |  3.951E-04 1.526E-03
    2637 1.0731E+00 3.9509E-04  ( 0.271    ,  1.953E-03,   0.00    ) |  3.951E-04 1.526E-03
    2638 1.0735E+00 3.9510E-04  ( 0.271    ,  1.953E-03,   0.00    ) |  3.951E-04 1.526E-03
    2639 1.0739E+00 3.9511E-04  ( 0.271    ,  1.953E-03,   0.00    ) |  3.951E-04 1.526E-03
    2640 1.0742E+00 3.9512E-04  ( 0.271    ,  1.953E-03,   0.00    ) |  3.951E-04 1.526E-03
    2641 1.0746E+00 3.9513E-04  ( 0.271    ,  1.953E-03,   0.00    ) |  3.951E-04 1.526E-03
 *** Wrote plotfile to flash_run_hdf5_plt_cnt_0043 ****
    2642 1.0750E+00 3.9514E-04  ( 0.271    ,  1.953E-03,   0.00    ) |  3.951E-04 1.526E-03
    2643 1.0754E+00 3.9515E-04  ( 0.271    ,  1.953E-03,   0.00    ) |  3.952E-04 1.526E-03
    2644 1.0758E+00 3.9516E-04  ( 0.271    ,  1.953E-03,   0.00    ) |  3.952E-04 1.526E-03
    2645 1.0762E+00 3.9517E-04  ( 0.271    ,  1.953E-03,   0.00    ) |  3.952E-04 1.526E-03
    2646 1.0766E+00 3.9518E-04  ( 0.271    ,  1.953E-03,   0.00    ) |  3.952E-04 1.526E-03
    2647 1.0770E+00 3.9519E-04  ( 0.271    ,  1.953E-03,   0.00    ) |  3.952E-04 1.526E-03
    2648 1.0774E+00 3.9520E-04  ( 0.271    , -1.953E-03,   0.00    ) |  3.952E-04 1.526E-03
    2649 1.0778E+00 3.9521E-04  ( 0.271    ,  1.953E-03,   0.00    ) |  3.952E-04 1.526E-03
    2650 1.0782E+00 3.9522E-04  ( 0.271    ,  1.953E-03,   0.00    ) |  3.952E-04 1.526E-03
    2651 1.0786E+00 3.9523E-04  ( 0.271    ,  1.953E-03,   0.00    ) |  3.952E-04 1.526E-03
    2652 1.0790E+00 3.9524E-04  ( 0.271    ,  1.953E-03,   0.00    ) |  3.952E-04 1.526E-03
    2653 1.0794E+00 3.9525E-04  ( 0.271    , -1.953E-03,   0.00    ) |  3.953E-04 1.526E-03
    2654 1.0798E+00 3.9526E-04  ( 0.271    , -1.953E-03,   0.00    ) |  3.953E-04 1.526E-03
    2655 1.0802E+00 3.9527E-04  ( 0.271    , -1.953E-03,   0.00    ) |  3.953E-04 1.526E-03
    2656 1.0806E+00 3.9528E-04  ( 0.271    , -1.953E-03,   0.00    ) |  3.953E-04 1.526E-03
    2657 1.0810E+00 3.9530E-04  ( 0.271    ,  1.953E-03,   0.00    ) |  3.953E-04 1.526E-03
    2658 1.0814E+00 3.9531E-04  ( 0.271    , -1.953E-03,   0.00    ) |  3.953E-04 1.526E-03
    2659 1.0818E+00 3.9532E-04  ( 0.271    , -1.953E-03,   0.00    ) |  3.953E-04 1.526E-03
    2660 1.0822E+00 3.9533E-04  ( 0.271    , -1.953E-03,   0.00    ) |  3.953E-04 1.526E-03
    2661 1.0825E+00 3.9534E-04  ( 0.271    , -1.953E-03,   0.00    ) |  3.953E-04 1.526E-03
    2662 1.0829E+00 3.9535E-04  ( 0.271    , -1.953E-03,   0.00    ) |  3.953E-04 1.526E-03
    2663 1.0833E+00 3.9536E-04  ( 0.271    , -1.953E-03,   0.00    ) |  3.954E-04 1.526E-03
    2664 1.0837E+00 3.9537E-04  ( 0.271    , -1.953E-03,   0.00    ) |  3.954E-04 1.526E-03
    2665 1.0841E+00 3.9538E-04  ( 0.271    , -1.953E-03,   0.00    ) |  3.954E-04 1.526E-03
    2666 1.0845E+00 3.9539E-04  ( 0.271    , -1.953E-03,   0.00    ) |  3.954E-04 1.526E-03
    2667 1.0849E+00 3.9540E-04  (-0.271    ,  1.953E-03,   0.00    ) |  3.954E-04 1.526E-03
    2668 1.0853E+00 3.9541E-04  ( 0.271    , -1.953E-03,   0.00    ) |  3.954E-04 1.526E-03
    2669 1.0857E+00 3.9542E-04  ( 0.271    , -1.953E-03,   0.00    ) |  3.954E-04 1.526E-03
    2670 1.0861E+00 3.9543E-04  ( 0.271    , -1.953E-03,   0.00    ) |  3.954E-04 1.526E-03
    2671 1.0865E+00 3.9544E-04  ( 0.271    , -1.953E-03,   0.00    ) |  3.954E-04 1.526E-03
    2672 1.0869E+00 3.9545E-04  ( 0.271    , -1.953E-03,   0.00    ) |  3.955E-04 1.526E-03
    2673 1.0873E+00 3.9546E-04  ( 0.271    , -1.953E-03,   0.00    ) |  3.955E-04 1.526E-03
    2674 1.0877E+00 3.9547E-04  ( 0.271    , -1.953E-03,   0.00    ) |  3.955E-04 1.526E-03
    2675 1.0881E+00 3.9548E-04  ( 0.271    , -1.953E-03,   0.00    ) |  3.955E-04 1.526E-03
    2676 1.0885E+00 3.9550E-04  ( 0.271    , -1.953E-03,   0.00    ) |  3.955E-04 1.526E-03
    2677 1.0889E+00 3.9551E-04  ( 0.271    , -1.953E-03,   0.00    ) |  3.955E-04 1.526E-03
    2678 1.0893E+00 3.9552E-04  ( 0.271    , -1.953E-03,   0.00    ) |  3.955E-04 1.526E-03
    2679 1.0897E+00 3.9553E-04  ( 0.271    , -1.953E-03,   0.00    ) |  3.955E-04 1.526E-03
    2680 1.0901E+00 3.9554E-04  ( 0.271    , -1.953E-03,   0.00    ) |  3.955E-04 1.526E-03
    2681 1.0905E+00 3.9555E-04  ( 0.271    , -1.953E-03,   0.00    ) |  3.955E-04 1.526E-03
    2682 1.0909E+00 3.9556E-04  ( 0.271    , -1.953E-03,   0.00    ) |  3.956E-04 1.526E-03
    2683 1.0912E+00 3.9557E-04  ( 0.271    , -1.953E-03,   0.00    ) |  3.956E-04 1.526E-03
    2684 1.0916E+00 3.9558E-04  ( 0.271    , -1.953E-03,   0.00    ) |  3.956E-04 1.526E-03
    2685 1.0920E+00 3.9559E-04  ( 0.271    , -1.953E-03,   0.00    ) |  3.956E-04 1.526E-03
    2686 1.0924E+00 3.9560E-04  ( 0.271    , -1.953E-03,   0.00    ) |  3.956E-04 1.526E-03
    2687 1.0928E+00 3.9561E-04  ( 0.271    , -1.953E-03,   0.00    ) |  3.956E-04 1.526E-03
    2688 1.0932E+00 3.9562E-04  ( 0.271    , -1.953E-03,   0.00    ) |  3.956E-04 1.526E-03
    2689 1.0936E+00 3.9564E-04  ( 0.271    , -1.953E-03,   0.00    ) |  3.956E-04 1.526E-03
    2690 1.0940E+00 3.9565E-04  ( 0.271    , -1.953E-03,   0.00    ) |  3.956E-04 1.526E-03
    2691 1.0944E+00 3.9566E-04  ( 0.271    , -1.953E-03,   0.00    ) |  3.957E-04 1.526E-03
    2692 1.0948E+00 3.9567E-04  ( 0.271    , -1.953E-03,   0.00    ) |  3.957E-04 1.526E-03
    2693 1.0952E+00 3.9568E-04  ( 0.271    , -1.953E-03,   0.00    ) |  3.957E-04 1.526E-03
    2694 1.0956E+00 3.9569E-04  ( 0.271    , -1.953E-03,   0.00    ) |  3.957E-04 1.526E-03
    2695 1.0960E+00 3.9570E-04  ( 0.271    , -1.953E-03,   0.00    ) |  3.957E-04 1.526E-03
    2696 1.0964E+00 3.9571E-04  ( 0.271    , -1.953E-03,   0.00    ) |  3.957E-04 1.526E-03
    2697 1.0968E+00 3.9572E-04  ( 0.271    , -1.953E-03,   0.00    ) |  3.957E-04 1.526E-03
    2698 1.0972E+00 3.9574E-04  ( 0.271    , -1.953E-03,   0.00    ) |  3.957E-04 1.526E-03
    2699 1.0976E+00 3.9575E-04  ( 0.271    , -1.953E-03,   0.00    ) |  3.957E-04 1.526E-03
    2700 1.0980E+00 3.9576E-04  ( 0.271    , -1.953E-03,   0.00    ) |  3.958E-04 1.526E-03
    2701 1.0984E+00 3.9577E-04  ( 0.271    , -1.953E-03,   0.00    ) |  3.958E-04 1.526E-03
    2702 1.0988E+00 3.9578E-04  ( 0.271    , -1.953E-03,   0.00    ) |  3.958E-04 1.526E-03
    2703 1.0992E+00 3.9579E-04  ( 0.271    , -1.953E-03,   0.00    ) |  3.958E-04 1.526E-03
    2704 1.0996E+00 3.9580E-04  ( 0.271    , -1.953E-03,   0.00    ) |  3.958E-04 1.526E-03
    2705 1.1000E+00 3.9582E-04  ( 0.271    , -1.953E-03,   0.00    ) |  3.958E-04 1.526E-03
 *** Wrote plotfile to flash_run_hdf5_plt_cnt_0044 ****
    2706 1.1003E+00 3.9583E-04  ( 0.271    , -1.953E-03,   0.00    ) |  3.958E-04 1.526E-03
    2707 1.1007E+00 3.9584E-04  ( 0.271    , -1.953E-03,   0.00    ) |  3.958E-04 1.526E-03
    2708 1.1011E+00 3.9585E-04  ( 0.271    , -1.953E-03,   0.00    ) |  3.958E-04 1.526E-03
    2709 1.1015E+00 3.9586E-04  ( 0.271    , -1.953E-03,   0.00    ) |  3.959E-04 1.526E-03
    2710 1.1019E+00 3.9587E-04  ( 0.271    , -1.953E-03,   0.00    ) |  3.959E-04 1.526E-03
    2711 1.1023E+00 3.9588E-04  ( 0.271    , -1.953E-03,   0.00    ) |  3.959E-04 1.526E-03
    2712 1.1027E+00 3.9590E-04  ( 0.271    , -1.953E-03,   0.00    ) |  3.959E-04 1.526E-03
    2713 1.1031E+00 3.9591E-04  ( 0.271    , -1.953E-03,   0.00    ) |  3.959E-04 1.526E-03
    2714 1.1035E+00 3.9592E-04  (-0.268    ,  1.953E-03,   0.00    ) |  3.959E-04 1.526E-03
    2715 1.1039E+00 3.9593E-04  (-0.268    ,  1.953E-03,   0.00    ) |  3.959E-04 1.526E-03
    2716 1.1043E+00 3.9594E-04  (-0.268    ,  1.953E-03,   0.00    ) |  3.959E-04 1.526E-03
    2717 1.1047E+00 3.9596E-04  (-0.268    ,  1.953E-03,   0.00    ) |  3.960E-04 1.526E-03
    2718 1.1051E+00 3.9597E-04  (-0.268    ,  1.953E-03,   0.00    ) |  3.960E-04 1.526E-03
    2719 1.1055E+00 3.9598E-04  (-0.268    ,  1.953E-03,   0.00    ) |  3.960E-04 1.526E-03
    2720 1.1059E+00 3.9599E-04  (-0.268    ,  1.953E-03,   0.00    ) |  3.960E-04 1.526E-03
    2721 1.1063E+00 3.9600E-04  (-0.268    ,  1.953E-03,   0.00    ) |  3.960E-04 1.526E-03
    2722 1.1067E+00 3.9601E-04  (-0.268    ,  1.953E-03,   0.00    ) |  3.960E-04 1.526E-03
    2723 1.1071E+00 3.9603E-04  (-0.268    ,  1.953E-03,   0.00    ) |  3.960E-04 1.526E-03
    2724 1.1075E+00 3.9604E-04  (-0.268    ,  1.953E-03,   0.00    ) |  3.960E-04 1.526E-03
    2725 1.1079E+00 3.9605E-04  (-0.268    ,  1.953E-03,   0.00    ) |  3.961E-04 1.526E-03
    2726 1.1083E+00 3.9606E-04  (-0.268    ,  1.953E-03,   0.00    ) |  3.961E-04 1.526E-03
    2727 1.1087E+00 3.9608E-04  (-0.268    ,  1.953E-03,   0.00    ) |  3.961E-04 1.526E-03
    2728 1.1091E+00 3.9609E-04  ( 0.268    , -1.953E-03,   0.00    ) |  3.961E-04 1.526E-03
    2729 1.1095E+00 3.9610E-04  (-0.268    ,  1.953E-03,   0.00    ) |  3.961E-04 1.526E-03
    2730 1.1099E+00 3.9611E-04  (-0.268    ,  1.953E-03,   0.00    ) |  3.961E-04 1.526E-03
    2731 1.1102E+00 3.9612E-04  ( 0.268    , -1.953E-03,   0.00    ) |  3.961E-04 1.526E-03
    2732 1.1106E+00 3.9614E-04  (-0.268    ,  1.953E-03,   0.00    ) |  3.961E-04 1.526E-03
    2733 1.1110E+00 3.9615E-04  ( 0.268    , -1.953E-03,   0.00    ) |  3.961E-04 1.526E-03
    2734 1.1114E+00 3.9616E-04  (-0.268    ,  1.953E-03,   0.00    ) |  3.962E-04 1.526E-03
    2735 1.1118E+00 3.9617E-04  (-0.268    ,  1.953E-03,   0.00    ) |  3.962E-04 1.526E-03
    2736 1.1122E+00 3.9619E-04  (-0.268    ,  1.953E-03,   0.00    ) |  3.962E-04 1.526E-03
    2737 1.1126E+00 3.9620E-04  (-0.268    ,  1.953E-03,   0.00    ) |  3.962E-04 1.526E-03
    2738 1.1130E+00 3.9621E-04  ( 0.268    , -1.953E-03,   0.00    ) |  3.962E-04 1.526E-03
    2739 1.1134E+00 3.9622E-04  (-0.268    , -1.953E-03,   0.00    ) |  3.962E-04 1.526E-03
    2740 1.1138E+00 3.9624E-04  (-0.268    , -1.953E-03,   0.00    ) |  3.962E-04 1.526E-03
    2741 1.1142E+00 3.9625E-04  (-0.268    , -1.953E-03,   0.00    ) |  3.962E-04 1.526E-03
    2742 1.1146E+00 3.9626E-04  (-0.268    ,  1.953E-03,   0.00    ) |  3.963E-04 1.526E-03
    2743 1.1150E+00 3.9627E-04  ( 0.268    , -1.953E-03,   0.00    ) |  3.963E-04 1.526E-03
    2744 1.1154E+00 3.9629E-04  (-0.268    ,  1.953E-03,   0.00    ) |  3.963E-04 1.526E-03
    2745 1.1158E+00 3.9630E-04  (-0.268    , -1.953E-03,   0.00    ) |  3.963E-04 1.526E-03
    2746 1.1162E+00 3.9631E-04  (-0.268    , -1.953E-03,   0.00    ) |  3.963E-04 1.526E-03
    2747 1.1166E+00 3.9632E-04  (-0.268    , -1.953E-03,   0.00    ) |  3.963E-04 1.526E-03
    2748 1.1170E+00 3.9634E-04  (-0.268    , -1.953E-03,   0.00    ) |  3.963E-04 1.526E-03
    2749 1.1174E+00 3.9635E-04  (-0.268    , -1.953E-03,   0.00    ) |  3.964E-04 1.526E-03
    2750 1.1178E+00 3.9636E-04  (-0.268    , -1.953E-03,   0.00    ) |  3.964E-04 1.526E-03
    2751 1.1182E+00 3.9638E-04  (-0.268    , -1.953E-03,   0.00    ) |  3.964E-04 1.526E-03
    2752 1.1186E+00 3.9639E-04  (-0.268    , -1.953E-03,   0.00    ) |  3.964E-04 1.526E-03
    2753 1.1190E+00 3.9640E-04  (-0.268    , -1.953E-03,   0.00    ) |  3.964E-04 1.526E-03
    2754 1.1194E+00 3.9642E-04  (-0.268    , -1.953E-03,   0.00    ) |  3.964E-04 1.526E-03
    2755 1.1198E+00 3.9643E-04  (-0.268    , -1.953E-03,   0.00    ) |  3.964E-04 1.526E-03
    2756 1.1202E+00 3.9644E-04  (-0.268    , -1.953E-03,   0.00    ) |  3.964E-04 1.526E-03
    2757 1.1206E+00 3.9645E-04  (-0.268    , -1.953E-03,   0.00    ) |  3.965E-04 1.526E-03
    2758 1.1209E+00 3.9647E-04  (-0.268    , -1.953E-03,   0.00    ) |  3.965E-04 1.526E-03
    2759 1.1213E+00 3.9648E-04  (-0.268    , -1.953E-03,   0.00    ) |  3.965E-04 1.526E-03
    2760 1.1217E+00 3.9649E-04  (-0.268    , -1.953E-03,   0.00    ) |  3.965E-04 1.526E-03
    2761 1.1221E+00 3.9651E-04  (-0.268    ,  1.953E-03,   0.00    ) |  3.965E-04 1.526E-03
    2762 1.1225E+00 3.9652E-04  (-0.268    ,  1.953E-03,   0.00    ) |  3.965E-04 1.526E-03
    2763 1.1229E+00 3.9653E-04  (-0.268    , -1.953E-03,   0.00    ) |  3.965E-04 1.526E-03
    2764 1.1233E+00 3.9655E-04  (-0.268    ,  1.953E-03,   0.00    ) |  3.965E-04 1.526E-03
    2765 1.1237E+00 3.9656E-04  (-0.268    , -1.953E-03,   0.00    ) |  3.966E-04 1.526E-03
    2766 1.1241E+00 3.9657E-04  (-0.268    , -1.953E-03,   0.00    ) |  3.966E-04 1.526E-03
    2767 1.1245E+00 3.9659E-04  (-0.268    , -1.953E-03,   0.00    ) |  3.966E-04 1.526E-03
    2768 1.1249E+00 3.9660E-04  (-0.268    , -1.953E-03,   0.00    ) |  3.966E-04 1.526E-03
 *** Wrote plotfile to flash_run_hdf5_plt_cnt_0045 ****
    2769 1.1253E+00 3.9661E-04  (-0.268    , -1.953E-03,   0.00    ) |  3.966E-04 1.526E-03
    2770 1.1257E+00 3.9663E-04  (-0.268    , -1.953E-03,   0.00    ) |  3.966E-04 1.526E-03
    2771 1.1261E+00 3.9664E-04  ( 0.268    , -1.953E-03,   0.00    ) |  3.966E-04 1.526E-03
    2772 1.1265E+00 3.9666E-04  ( 0.268    , -1.953E-03,   0.00    ) |  3.967E-04 1.526E-03
    2773 1.1269E+00 3.9667E-04  (-0.268    , -1.953E-03,   0.00    ) |  3.967E-04 1.526E-03
    2774 1.1273E+00 3.9668E-04  ( 0.268    , -1.953E-03,   0.00    ) |  3.967E-04 1.526E-03
    2775 1.1277E+00 3.9670E-04  ( 0.268    , -1.953E-03,   0.00    ) |  3.967E-04 1.526E-03
    2776 1.1281E+00 3.9671E-04  ( 0.268    , -1.953E-03,   0.00    ) |  3.967E-04 1.526E-03
    2777 1.1285E+00 3.9672E-04  ( 0.268    , -1.953E-03,   0.00    ) |  3.967E-04 1.526E-03
    2778 1.1289E+00 3.9674E-04  ( 0.268    , -1.953E-03,   0.00    ) |  3.967E-04 1.526E-03
    2779 1.1293E+00 3.9675E-04  ( 0.268    , -1.953E-03,   0.00    ) |  3.968E-04 1.526E-03
    2780 1.1297E+00 3.9676E-04  ( 0.268    , -1.953E-03,   0.00    ) |  3.968E-04 1.526E-03
    2781 1.1301E+00 3.9678E-04  ( 0.268    , -1.953E-03,   0.00    ) |  3.968E-04 1.526E-03
    2782 1.1305E+00 3.9679E-04  ( 0.268    , -1.953E-03,   0.00    ) |  3.968E-04 1.526E-03
    2783 1.1309E+00 3.9681E-04  ( 0.268    , -1.953E-03,   0.00    ) |  3.968E-04 1.526E-03
    2784 1.1313E+00 3.9682E-04  ( 0.268    , -1.953E-03,   0.00    ) |  3.968E-04 1.526E-03
    2785 1.1317E+00 3.9683E-04  ( 0.268    , -1.953E-03,   0.00    ) |  3.968E-04 1.526E-03
    2786 1.1321E+00 3.9685E-04  ( 0.268    , -1.953E-03,   0.00    ) |  3.968E-04 1.526E-03
    2787 1.1325E+00 3.9686E-04  ( 0.268    , -1.953E-03,   0.00    ) |  3.969E-04 1.526E-03
    2788 1.1328E+00 3.9688E-04  ( 0.268    , -1.953E-03,   0.00    ) |  3.969E-04 1.526E-03
    2789 1.1332E+00 3.9689E-04  ( 0.268    , -1.953E-03,   0.00    ) |  3.969E-04 1.526E-03
    2790 1.1336E+00 3.9690E-04  ( 0.268    , -1.953E-03,   0.00    ) |  3.969E-04 1.526E-03
    2791 1.1340E+00 3.9692E-04  ( 0.268    , -1.953E-03,   0.00    ) |  3.969E-04 1.526E-03
    2792 1.1344E+00 3.9693E-04  ( 0.268    , -1.953E-03,   0.00    ) |  3.969E-04 1.526E-03
    2793 1.1348E+00 3.9695E-04  ( 0.268    , -1.953E-03,   0.00    ) |  3.969E-04 1.526E-03
    2794 1.1352E+00 3.9696E-04  ( 0.268    , -1.953E-03,   0.00    ) |  3.970E-04 1.526E-03
    2795 1.1356E+00 3.9697E-04  ( 0.268    , -1.953E-03,   0.00    ) |  3.970E-04 1.526E-03
    2796 1.1360E+00 3.9699E-04  ( 0.268    , -1.953E-03,   0.00    ) |  3.970E-04 1.526E-03
    2797 1.1364E+00 3.9700E-04  ( 0.268    , -1.953E-03,   0.00    ) |  3.970E-04 1.526E-03
    2798 1.1368E+00 3.9702E-04  ( 0.268    , -1.953E-03,   0.00    ) |  3.970E-04 1.526E-03
    2799 1.1372E+00 3.9703E-04  ( 0.268    , -1.953E-03,   0.00    ) |  3.970E-04 1.526E-03
    2800 1.1376E+00 3.9705E-04  ( 0.268    , -1.953E-03,   0.00    ) |  3.970E-04 1.526E-03
    2801 1.1380E+00 3.9706E-04  ( 0.268    , -1.953E-03,   0.00    ) |  3.971E-04 1.526E-03
    2802 1.1384E+00 3.9708E-04  ( 0.268    , -1.953E-03,   0.00    ) |  3.971E-04 1.526E-03
    2803 1.1388E+00 3.9709E-04  ( 0.268    , -1.953E-03,   0.00    ) |  3.971E-04 1.526E-03
    2804 1.1392E+00 3.9710E-04  ( 0.268    , -1.953E-03,   0.00    ) |  3.971E-04 1.526E-03
    2805 1.1396E+00 3.9712E-04  ( 0.268    , -1.953E-03,   0.00    ) |  3.971E-04 1.526E-03
    2806 1.1400E+00 3.9713E-04  ( 0.268    , -1.953E-03,   0.00    ) |  3.971E-04 1.526E-03
    2807 1.1404E+00 3.9715E-04  ( 0.268    , -1.953E-03,   0.00    ) |  3.971E-04 1.526E-03
    2808 1.1408E+00 3.9716E-04  ( 0.268    , -1.953E-03,   0.00    ) |  3.972E-04 1.526E-03
    2809 1.1412E+00 3.9718E-04  ( 0.268    , -1.953E-03,   0.00    ) |  3.972E-04 1.526E-03
    2810 1.1416E+00 3.9719E-04  ( 0.268    , -1.953E-03,   0.00    ) |  3.972E-04 1.526E-03
    2811 1.1420E+00 3.9721E-04  ( 0.268    , -1.953E-03,   0.00    ) |  3.972E-04 1.526E-03
    2812 1.1424E+00 3.9723E-04  ( 0.268    , -1.953E-03,   0.00    ) |  3.972E-04 1.526E-03
    2813 1.1428E+00 3.9724E-04  ( 0.268    , -1.953E-03,   0.00    ) |  3.972E-04 1.526E-03
    2814 1.1432E+00 3.9726E-04  ( 0.268    , -1.953E-03,   0.00    ) |  3.973E-04 1.526E-03
    2815 1.1436E+00 3.9727E-04  ( 0.268    , -1.953E-03,   0.00    ) |  3.973E-04 1.526E-03
    2816 1.1440E+00 3.9729E-04  ( 0.268    , -1.953E-03,   0.00    ) |  3.973E-04 1.526E-03
    2817 1.1444E+00 3.9730E-04  ( 0.268    , -1.953E-03,   0.00    ) |  3.973E-04 1.526E-03
    2818 1.1448E+00 3.9732E-04  ( 0.268    , -1.953E-03,   0.00    ) |  3.973E-04 1.526E-03
    2819 1.1452E+00 3.9733E-04  ( 0.268    , -1.953E-03,   0.00    ) |  3.973E-04 1.526E-03
    2820 1.1456E+00 3.9735E-04  ( 0.268    , -1.953E-03,   0.00    ) |  3.973E-04 1.526E-03
    2821 1.1460E+00 3.9737E-04  ( 0.268    , -1.953E-03,   0.00    ) |  3.974E-04 1.526E-03
    2822 1.1463E+00 3.9738E-04  ( 0.268    , -1.953E-03,   0.00    ) |  3.974E-04 1.526E-03
    2823 1.1467E+00 3.9740E-04  ( 0.268    , -1.953E-03,   0.00    ) |  3.974E-04 1.526E-03
    2824 1.1471E+00 3.9741E-04  ( 0.268    , -1.953E-03,   0.00    ) |  3.974E-04 1.526E-03
    2825 1.1475E+00 3.9743E-04  ( 0.268    , -1.953E-03,   0.00    ) |  3.974E-04 1.526E-03
    2826 1.1479E+00 3.9745E-04  ( 0.268    , -1.953E-03,   0.00    ) |  3.974E-04 1.526E-03
    2827 1.1483E+00 3.9746E-04  ( 0.268    , -1.953E-03,   0.00    ) |  3.975E-04 1.526E-03
    2828 1.1487E+00 3.9748E-04  (-0.268    ,  1.953E-03,   0.00    ) |  3.975E-04 1.526E-03
    2829 1.1491E+00 3.9749E-04  (-0.268    ,  1.953E-03,   0.00    ) |  3.975E-04 1.526E-03
    2830 1.1495E+00 3.9751E-04  ( 0.268    , -1.953E-03,   0.00    ) |  3.975E-04 1.526E-03
    2831 1.1499E+00 3.9753E-04  (-0.268    ,  1.953E-03,   0.00    ) |  3.975E-04 1.526E-03
 *** Wrote plotfile to flash_run_hdf5_plt_cnt_0046 ****
    2832 1.1503E+00 3.9754E-04  (-0.268    ,  1.953E-03,   0.00    ) |  3.975E-04 1.526E-03
    2833 1.1507E+00 3.9756E-04  (-0.268    ,  1.953E-03,   0.00    ) |  3.976E-04 1.526E-03
    2834 1.1511E+00 3.9758E-04  (-0.268    ,  1.953E-03,   0.00    ) |  3.976E-04 1.526E-03
    2835 1.1515E+00 3.9759E-04  (-0.268    ,  1.953E-03,   0.00    ) |  3.976E-04 1.526E-03
    2836 1.1519E+00 3.9761E-04  (-0.268    ,  1.953E-03,   0.00    ) |  3.976E-04 1.526E-03
    2837 1.1523E+00 3.9763E-04  (-0.268    ,  1.953E-03,   0.00    ) |  3.976E-04 1.526E-03
    2838 1.1527E+00 3.9764E-04  (-0.268    ,  1.953E-03,   0.00    ) |  3.976E-04 1.526E-03
    2839 1.1531E+00 3.9766E-04  (-0.268    ,  1.953E-03,   0.00    ) |  3.977E-04 1.526E-03
    2840 1.1535E+00 3.9767E-04  (-0.268    ,  1.953E-03,   0.00    ) |  3.977E-04 1.526E-03
    2841 1.1539E+00 3.9769E-04  (-0.268    ,  1.953E-03,   0.00    ) |  3.977E-04 1.526E-03
    2842 1.1543E+00 3.9771E-04  (-0.268    ,  1.953E-03,   0.00    ) |  3.977E-04 1.526E-03
    2843 1.1547E+00 3.9772E-04  (-0.268    ,  1.953E-03,   0.00    ) |  3.977E-04 1.526E-03
    2844 1.1551E+00 3.9774E-04  (-0.268    ,  1.953E-03,   0.00    ) |  3.977E-04 1.526E-03
    2845 1.1555E+00 3.9776E-04  (-0.268    ,  1.953E-03,   0.00    ) |  3.978E-04 1.526E-03
    2846 1.1559E+00 3.9777E-04  (-0.268    ,  1.953E-03,   0.00    ) |  3.978E-04 1.526E-03
    2847 1.1563E+00 3.9779E-04  (-0.268    ,  1.953E-03,   0.00    ) |  3.978E-04 1.526E-03
    2848 1.1567E+00 3.9780E-04  (-0.268    ,  1.953E-03,   0.00    ) |  3.978E-04 1.526E-03
    2849 1.1571E+00 3.9782E-04  (-0.268    ,  1.953E-03,   0.00    ) |  3.978E-04 1.526E-03
    2850 1.1575E+00 3.9784E-04  (-0.268    ,  1.953E-03,   0.00    ) |  3.978E-04 1.526E-03
    2851 1.1579E+00 3.9785E-04  (-0.268    ,  1.953E-03,   0.00    ) |  3.979E-04 1.526E-03
    2852 1.1583E+00 3.9787E-04  (-0.268    ,  1.953E-03,   0.00    ) |  3.979E-04 1.526E-03
    2853 1.1587E+00 3.9788E-04  (-0.268    , -1.953E-03,   0.00    ) |  3.979E-04 1.526E-03
    2854 1.1591E+00 3.9790E-04  (-0.268    , -1.953E-03,   0.00    ) |  3.979E-04 1.526E-03
    2855 1.1595E+00 3.9791E-04  (-0.268    , -1.953E-03,   0.00    ) |  3.979E-04 1.526E-03
    2856 1.1599E+00 3.9793E-04  ( 0.268    , -1.953E-03,   0.00    ) |  3.979E-04 1.526E-03
    2857 1.1603E+00 3.9794E-04  ( 0.268    , -1.953E-03,   0.00    ) |  3.979E-04 1.526E-03
    2858 1.1607E+00 3.9796E-04  ( 0.268    ,  1.953E-03,   0.00    ) |  3.980E-04 1.526E-03
    2859 1.1611E+00 3.9798E-04  ( 0.268    ,  1.953E-03,   0.00    ) |  3.980E-04 1.526E-03
    2860 1.1615E+00 3.9799E-04  ( 0.268    ,  1.953E-03,   0.00    ) |  3.980E-04 1.526E-03
    2861 1.1619E+00 3.9801E-04  ( 0.268    ,  1.953E-03,   0.00    ) |  3.980E-04 1.526E-03
    2862 1.1623E+00 3.9802E-04  ( 0.268    ,  1.953E-03,   0.00    ) |  3.980E-04 1.526E-03
    2863 1.1627E+00 3.9804E-04  ( 0.268    ,  1.953E-03,   0.00    ) |  3.980E-04 1.526E-03
    2864 1.1631E+00 3.9805E-04  (-0.268    ,  1.953E-03,   0.00    ) |  3.981E-04 1.526E-03
    2865 1.1635E+00 3.9807E-04  (-0.268    ,  1.953E-03,   0.00    ) |  3.981E-04 1.526E-03
    2866 1.1638E+00 3.9808E-04  (-0.268    ,  1.953E-03,   0.00    ) |  3.981E-04 1.526E-03
    2867 1.1642E+00 3.9810E-04  (-0.268    ,  1.953E-03,   0.00    ) |  3.981E-04 1.526E-03
    2868 1.1646E+00 3.9811E-04  (-0.268    ,  1.953E-03,   0.00    ) |  3.981E-04 1.526E-03
    2869 1.1650E+00 3.9813E-04  (-0.268    ,  1.953E-03,   0.00    ) |  3.981E-04 1.526E-03
    2870 1.1654E+00 3.9814E-04  (-0.268    ,  1.953E-03,   0.00    ) |  3.981E-04 1.526E-03
    2871 1.1658E+00 3.9816E-04  (-0.268    ,  1.953E-03,   0.00    ) |  3.982E-04 1.526E-03
    2872 1.1662E+00 3.9817E-04  (-0.268    ,  1.953E-03,   0.00    ) |  3.982E-04 1.526E-03
    2873 1.1666E+00 3.9819E-04  (-0.268    ,  1.953E-03,   0.00    ) |  3.982E-04 1.526E-03
    2874 1.1670E+00 3.9820E-04  (-0.268    ,  1.953E-03,   0.00    ) |  3.982E-04 1.526E-03
    2875 1.1674E+00 3.9822E-04  ( 0.268    ,  1.953E-03,   0.00    ) |  3.982E-04 1.526E-03
    2876 1.1678E+00 3.9823E-04  (-0.268    ,  1.953E-03,   0.00    ) |  3.982E-04 1.526E-03
    2877 1.1682E+00 3.9825E-04  (-0.268    ,  1.953E-03,   0.00    ) |  3.982E-04 1.526E-03
    2878 1.1686E+00 3.9826E-04  (-0.268    ,  1.953E-03,   0.00    ) |  3.983E-04 1.526E-03
    2879 1.1690E+00 3.9828E-04  (-0.268    ,  1.953E-03,   0.00    ) |  3.983E-04 1.526E-03
    2880 1.1694E+00 3.9829E-04  (-0.268    ,  1.953E-03,   0.00    ) |  3.983E-04 1.526E-03
    2881 1.1698E+00 3.9831E-04  (-0.268    ,  1.953E-03,   0.00    ) |  3.983E-04 1.526E-03
    2882 1.1702E+00 3.9832E-04  (-0.268    ,  1.953E-03,   0.00    ) |  3.983E-04 1.526E-03
    2883 1.1706E+00 3.9834E-04  (-0.268    ,  1.953E-03,   0.00    ) |  3.983E-04 1.526E-03
    2884 1.1710E+00 3.9835E-04  (-0.268    ,  1.953E-03,   0.00    ) |  3.984E-04 1.526E-03
    2885 1.1714E+00 3.9837E-04  (-0.268    ,  1.953E-03,   0.00    ) |  3.984E-04 1.526E-03
    2886 1.1718E+00 3.9838E-04  (-0.268    ,  1.953E-03,   0.00    ) |  3.984E-04 1.526E-03
    2887 1.1722E+00 3.9840E-04  (-0.268    ,  1.953E-03,   0.00    ) |  3.984E-04 1.526E-03
    2888 1.1726E+00 3.9841E-04  (-0.268    ,  1.953E-03,   0.00    ) |  3.984E-04 1.526E-03
    2889 1.1730E+00 3.9843E-04  (-0.268    ,  1.953E-03,   0.00    ) |  3.984E-04 1.526E-03
    2890 1.1734E+00 3.9845E-04  (-0.268    ,  1.953E-03,   0.00    ) |  3.984E-04 1.526E-03
    2891 1.1738E+00 3.9846E-04  (-0.268    ,  1.953E-03,   0.00    ) |  3.985E-04 1.526E-03
    2892 1.1742E+00 3.9848E-04  (-0.268    ,  1.953E-03,   0.00    ) |  3.985E-04 1.526E-03
    2893 1.1746E+00 3.9849E-04  (-0.268    ,  1.953E-03,   0.00    ) |  3.985E-04 1.526E-03
 *** Wrote plotfile to flash_run_hdf5_plt_cnt_0047 ****
    2894 1.1750E+00 3.9851E-04  (-0.268    ,  1.953E-03,   0.00    ) |  3.985E-04 1.526E-03
    2895 1.1754E+00 3.9852E-04  (-0.268    ,  1.953E-03,   0.00    ) |  3.985E-04 1.526E-03
    2896 1.1758E+00 3.9854E-04  (-0.268    ,  1.953E-03,   0.00    ) |  3.985E-04 1.526E-03
    2897 1.1762E+00 3.9856E-04  ( 0.268    ,  1.953E-03,   0.00    ) |  3.986E-04 1.526E-03
    2898 1.1766E+00 3.9857E-04  (-0.268    ,  1.953E-03,   0.00    ) |  3.986E-04 1.526E-03
    2899 1.1770E+00 3.9859E-04  (-0.268    ,  1.953E-03,   0.00    ) |  3.986E-04 1.526E-03
    2900 1.1774E+00 3.9861E-04  (-0.268    ,  1.953E-03,   0.00    ) |  3.986E-04 1.526E-03
    2901 1.1778E+00 3.9862E-04  (-0.268    ,  1.953E-03,   0.00    ) |  3.986E-04 1.526E-03
    2902 1.1782E+00 3.9864E-04  (-0.268    ,  1.953E-03,   0.00    ) |  3.986E-04 1.526E-03
    2903 1.1786E+00 3.9866E-04  (-0.268    ,  1.953E-03,   0.00    ) |  3.987E-04 1.526E-03
    2904 1.1790E+00 3.9867E-04  (-0.268    ,  1.953E-03,   0.00    ) |  3.987E-04 1.526E-03
    2905 1.1794E+00 3.9869E-04  (-0.268    ,  1.953E-03,   0.00    ) |  3.987E-04 1.526E-03
    2906 1.1798E+00 3.9870E-04  (-0.268    ,  1.953E-03,   0.00    ) |  3.987E-04 1.526E-03
    2907 1.1802E+00 3.9872E-04  (-0.268    ,  1.953E-03,   0.00    ) |  3.987E-04 1.526E-03
    2908 1.1806E+00 3.9874E-04  (-0.268    ,  1.953E-03,   0.00    ) |  3.987E-04 1.526E-03
    2909 1.1810E+00 3.9875E-04  (-0.268    ,  1.953E-03,   0.00    ) |  3.988E-04 1.526E-03
    2910 1.1814E+00 3.9877E-04  (-0.268    ,  1.953E-03,   0.00    ) |  3.988E-04 1.526E-03
    2911 1.1818E+00 3.9879E-04  (-0.268    ,  1.953E-03,   0.00    ) |  3.988E-04 1.526E-03
    2912 1.1822E+00 3.9880E-04  (-0.268    ,  1.953E-03,   0.00    ) |  3.988E-04 1.526E-03
    2913 1.1826E+00 3.9882E-04  ( 0.268    , -1.953E-03,   0.00    ) |  3.988E-04 1.526E-03
    2914 1.1830E+00 3.9884E-04  ( 0.268    ,  1.953E-03,   0.00    ) |  3.988E-04 1.526E-03
    2915 1.1834E+00 3.9885E-04  ( 0.268    ,  1.953E-03,   0.00    ) |  3.989E-04 1.526E-03
    2916 1.1838E+00 3.9887E-04  ( 0.268    ,  1.953E-03,   0.00    ) |  3.989E-04 1.526E-03
    2917 1.1842E+00 3.9889E-04  ( 0.268    ,  1.953E-03,   0.00    ) |  3.989E-04 1.526E-03
    2918 1.1846E+00 3.9891E-04  ( 0.264    ,  1.953E-03,   0.00    ) |  3.989E-04 1.526E-03
    2919 1.1850E+00 3.9892E-04  ( 0.264    ,  1.953E-03,   0.00    ) |  3.989E-04 1.526E-03
    2920 1.1854E+00 3.9894E-04  ( 0.264    ,  1.953E-03,   0.00    ) |  3.989E-04 1.526E-03
    2921 1.1858E+00 3.9896E-04  ( 0.264    ,  1.953E-03,   0.00    ) |  3.990E-04 1.526E-03
    2922 1.1862E+00 3.9897E-04  ( 0.264    ,  1.953E-03,   0.00    ) |  3.990E-04 1.526E-03
    2923 1.1866E+00 3.9899E-04  ( 0.264    ,  1.953E-03,   0.00    ) |  3.990E-04 1.526E-03
    2924 1.1870E+00 3.9901E-04  (-0.264    , -1.953E-03,   0.00    ) |  3.990E-04 1.526E-03
    2925 1.1874E+00 3.9902E-04  (-0.264    , -1.953E-03,   0.00    ) |  3.990E-04 1.526E-03
    2926 1.1878E+00 3.9904E-04  (-0.264    , -1.953E-03,   0.00    ) |  3.990E-04 1.526E-03
    2927 1.1882E+00 3.9906E-04  ( 0.264    ,  1.953E-03,   0.00    ) |  3.991E-04 1.526E-03
    2928 1.1886E+00 3.9907E-04  ( 0.264    ,  1.953E-03,   0.00    ) |  3.991E-04 1.526E-03
    2929 1.1890E+00 3.9909E-04  ( 0.264    , -1.953E-03,   0.00    ) |  3.991E-04 1.526E-03
    2930 1.1894E+00 3.9911E-04  ( 0.264    ,  1.953E-03,   0.00    ) |  3.991E-04 1.526E-03
    2931 1.1898E+00 3.9913E-04  ( 0.264    ,  1.953E-03,   0.00    ) |  3.991E-04 1.526E-03
    2932 1.1902E+00 3.9914E-04  ( 0.264    ,  1.953E-03,   0.00    ) |  3.991E-04 1.526E-03
    2933 1.1906E+00 3.9916E-04  ( 0.264    ,  1.953E-03,   0.00    ) |  3.992E-04 1.526E-03
    2934 1.1910E+00 3.9918E-04  ( 0.264    , -1.953E-03,   0.00    ) |  3.992E-04 1.526E-03
    2935 1.1914E+00 3.9919E-04  ( 0.264    , -1.953E-03,   0.00    ) |  3.992E-04 1.526E-03
    2936 1.1918E+00 3.9921E-04  ( 0.264    , -1.953E-03,   0.00    ) |  3.992E-04 1.526E-03
    2937 1.1922E+00 3.9923E-04  ( 0.264    , -1.953E-03,   0.00    ) |  3.992E-04 1.526E-03
    2938 1.1926E+00 3.9925E-04  ( 0.264    , -1.953E-03,   0.00    ) |  3.992E-04 1.526E-03
    2939 1.1930E+00 3.9926E-04  ( 0.264    ,  1.953E-03,   0.00    ) |  3.993E-04 1.526E-03
    2940 1.1934E+00 3.9928E-04  ( 0.264    , -1.953E-03,   0.00    ) |  3.993E-04 1.526E-03
    2941 1.1937E+00 3.9930E-04  ( 0.264    ,  1.953E-03,   0.00    ) |  3.993E-04 1.526E-03
    2942 1.1941E+00 3.9931E-04  ( 0.264    , -1.953E-03,   0.00    ) |  3.993E-04 1.526E-03
    2943 1.1945E+00 3.9933E-04  ( 0.264    ,  1.953E-03,   0.00    ) |  3.993E-04 1.526E-03
    2944 1.1949E+00 3.9935E-04  ( 0.264    ,  1.953E-03,   0.00    ) |  3.993E-04 1.526E-03
    2945 1.1953E+00 3.9936E-04  ( 0.264    ,  1.953E-03,   0.00    ) |  3.994E-04 1.526E-03
    2946 1.1957E+00 3.9938E-04  ( 0.264    ,  1.953E-03,   0.00    ) |  3.994E-04 1.526E-03
    2947 1.1961E+00 3.9940E-04  ( 0.264    ,  1.953E-03,   0.00    ) |  3.994E-04 1.526E-03
    2948 1.1965E+00 3.9942E-04  ( 0.264    , -1.953E-03,   0.00    ) |  3.994E-04 1.526E-03
    2949 1.1969E+00 3.9943E-04  ( 0.264    , -1.953E-03,   0.00    ) |  3.994E-04 1.526E-03
    2950 1.1973E+00 3.9945E-04  ( 0.264    , -1.953E-03,   0.00    ) |  3.994E-04 1.526E-03
    2951 1.1977E+00 3.9947E-04  ( 0.264    , -1.953E-03,   0.00    ) |  3.995E-04 1.526E-03
    2952 1.1981E+00 3.9948E-04  ( 0.264    ,  1.953E-03,   0.00    ) |  3.995E-04 1.526E-03
    2953 1.1985E+00 3.9950E-04  ( 0.264    ,  1.953E-03,   0.00    ) |  3.995E-04 1.526E-03
    2954 1.1989E+00 3.9952E-04  ( 0.264    , -1.953E-03,   0.00    ) |  3.995E-04 1.526E-03
    2955 1.1993E+00 3.9953E-04  ( 0.264    , -1.953E-03,   0.00    ) |  3.995E-04 1.526E-03
    2956 1.1997E+00 3.9955E-04  ( 0.264    , -1.953E-03,   0.00    ) |  3.995E-04 1.526E-03
 *** Wrote plotfile to flash_run_hdf5_plt_cnt_0048 ****
    2957 1.2001E+00 3.9957E-04  ( 0.264    , -1.953E-03,   0.00    ) |  3.996E-04 1.526E-03
    2958 1.2005E+00 3.9958E-04  ( 0.264    , -1.953E-03,   0.00    ) |  3.996E-04 1.526E-03
    2959 1.2009E+00 3.9960E-04  ( 0.264    ,  1.953E-03,   0.00    ) |  3.996E-04 1.526E-03
    2960 1.2013E+00 3.9962E-04  ( 0.264    ,  1.953E-03,   0.00    ) |  3.996E-04 1.526E-03
    2961 1.2017E+00 3.9963E-04  ( 0.264    ,  1.953E-03,   0.00    ) |  3.996E-04 1.526E-03
    2962 1.2021E+00 3.9965E-04  ( 0.264    ,  1.953E-03,   0.00    ) |  3.996E-04 1.526E-03
    2963 1.2025E+00 3.9967E-04  ( 0.264    ,  1.953E-03,   0.00    ) |  3.997E-04 1.526E-03
    2964 1.2029E+00 3.9968E-04  ( 0.264    , -1.953E-03,   0.00    ) |  3.997E-04 1.526E-03
    2965 1.2033E+00 3.9970E-04  ( 0.264    ,  1.953E-03,   0.00    ) |  3.997E-04 1.526E-03
    2966 1.2037E+00 3.9972E-04  ( 0.264    ,  1.953E-03,   0.00    ) |  3.997E-04 1.526E-03
    2967 1.2041E+00 3.9973E-04  ( 0.264    ,  1.953E-03,   0.00    ) |  3.997E-04 1.526E-03
    2968 1.2045E+00 3.9975E-04  ( 0.264    ,  1.953E-03,   0.00    ) |  3.997E-04 1.526E-03
    2969 1.2049E+00 3.9976E-04  ( 0.264    ,  1.953E-03,   0.00    ) |  3.998E-04 1.526E-03
    2970 1.2053E+00 3.9978E-04  ( 0.264    ,  1.953E-03,   0.00    ) |  3.998E-04 1.526E-03
    2971 1.2057E+00 3.9980E-04  ( 0.264    ,  1.953E-03,   0.00    ) |  3.998E-04 1.526E-03
    2972 1.2061E+00 3.9981E-04  ( 0.264    ,  1.953E-03,   0.00    ) |  3.998E-04 1.526E-03
    2973 1.2065E+00 3.9983E-04  ( 0.264    ,  1.953E-03,   0.00    ) |  3.998E-04 1.526E-03
    2974 1.2069E+00 3.9985E-04  ( 0.264    ,  1.953E-03,   0.00    ) |  3.998E-04 1.526E-03
    2975 1.2073E+00 3.9986E-04  ( 0.264    ,  1.953E-03,   0.00    ) |  3.999E-04 1.526E-03
    2976 1.2077E+00 3.9988E-04  ( 0.264    ,  1.953E-03,   0.00    ) |  3.999E-04 1.526E-03
    2977 1.2081E+00 3.9989E-04  ( 0.264    ,  1.953E-03,   0.00    ) |  3.999E-04 1.526E-03
    2978 1.2085E+00 3.9991E-04  ( 0.264    ,  1.953E-03,   0.00    ) |  3.999E-04 1.526E-03
    2979 1.2089E+00 3.9993E-04  ( 0.264    ,  1.953E-03,   0.00    ) |  3.999E-04 1.526E-03
    2980 1.2093E+00 3.9994E-04  ( 0.264    ,  1.953E-03,   0.00    ) |  3.999E-04 1.526E-03
    2981 1.2097E+00 3.9996E-04  ( 0.264    ,  1.953E-03,   0.00    ) |  4.000E-04 1.526E-03
    2982 1.2101E+00 3.9997E-04  ( 0.264    ,  1.953E-03,   0.00    ) |  4.000E-04 1.526E-03
    2983 1.2105E+00 3.9999E-04  ( 0.264    ,  1.953E-03,   0.00    ) |  4.000E-04 1.526E-03
    2984 1.2109E+00 4.0001E-04  ( 0.264    ,  1.953E-03,   0.00    ) |  4.000E-04 1.526E-03
    2985 1.2113E+00 4.0002E-04  ( 0.264    ,  1.953E-03,   0.00    ) |  4.000E-04 1.526E-03
    2986 1.2117E+00 4.0004E-04  ( 0.264    ,  1.953E-03,   0.00    ) |  4.000E-04 1.526E-03
    2987 1.2121E+00 4.0005E-04  ( 0.264    ,  1.953E-03,   0.00    ) |  4.001E-04 1.526E-03
    2988 1.2125E+00 4.0007E-04  ( 0.264    ,  1.953E-03,   0.00    ) |  4.001E-04 1.526E-03
    2989 1.2129E+00 4.0009E-04  ( 0.264    ,  1.953E-03,   0.00    ) |  4.001E-04 1.526E-03
    2990 1.2133E+00 4.0010E-04  ( 0.264    ,  1.953E-03,   0.00    ) |  4.001E-04 1.526E-03
    2991 1.2137E+00 4.0012E-04  ( 0.264    ,  1.953E-03,   0.00    ) |  4.001E-04 1.526E-03
    2992 1.2141E+00 4.0013E-04  ( 0.264    ,  1.953E-03,   0.00    ) |  4.001E-04 1.526E-03
    2993 1.2145E+00 4.0015E-04  ( 0.264    ,  1.953E-03,   0.00    ) |  4.001E-04 1.526E-03
    2994 1.2149E+00 4.0017E-04  ( 0.264    ,  1.953E-03,   0.00    ) |  4.002E-04 1.526E-03
    2995 1.2153E+00 4.0018E-04  ( 0.264    ,  1.953E-03,   0.00    ) |  4.002E-04 1.526E-03
    2996 1.2157E+00 4.0020E-04  ( 0.264    ,  1.953E-03,   0.00    ) |  4.002E-04 1.526E-03
    2997 1.2161E+00 4.0021E-04  ( 0.264    ,  1.953E-03,   0.00    ) |  4.002E-04 1.526E-03
    2998 1.2165E+00 4.0023E-04  ( 0.264    ,  1.953E-03,   0.00    ) |  4.002E-04 1.526E-03
    2999 1.2169E+00 4.0025E-04  ( 0.264    ,  1.953E-03,   0.00    ) |  4.002E-04 1.526E-03
    3000 1.2173E+00 4.0026E-04  ( 0.264    ,  1.953E-03,   0.00    ) |  4.003E-04 1.526E-03
    3001 1.2177E+00 4.0028E-04  ( 0.264    ,  1.953E-03,   0.00    ) |  4.003E-04 1.526E-03
    3002 1.2181E+00 4.0029E-04  ( 0.264    ,  1.953E-03,   0.00    ) |  4.003E-04 1.526E-03
    3003 1.2185E+00 4.0031E-04  ( 0.264    ,  1.953E-03,   0.00    ) |  4.003E-04 1.526E-03
    3004 1.2189E+00 4.0033E-04  ( 0.264    ,  1.953E-03,   0.00    ) |  4.003E-04 1.526E-03
    3005 1.2193E+00 4.0034E-04  ( 0.264    ,  1.953E-03,   0.00    ) |  4.003E-04 1.526E-03
    3006 1.2197E+00 4.0036E-04  ( 0.264    ,  1.953E-03,   0.00    ) |  4.004E-04 1.526E-03
    3007 1.2201E+00 4.0038E-04  ( 0.264    ,  1.953E-03,   0.00    ) |  4.004E-04 1.526E-03
    3008 1.2205E+00 4.0040E-04  ( 0.264    ,  1.953E-03,   0.00    ) |  4.004E-04 1.526E-03
    3009 1.2209E+00 4.0041E-04  ( 0.264    ,  1.953E-03,   0.00    ) |  4.004E-04 1.526E-03
    3010 1.2213E+00 4.0043E-04  ( 0.264    , -1.953E-03,   0.00    ) |  4.004E-04 1.526E-03
    3011 1.2217E+00 4.0045E-04  ( 0.264    , -1.953E-03,   0.00    ) |  4.004E-04 1.526E-03
    3012 1.2221E+00 4.0047E-04  ( 0.264    , -1.953E-03,   0.00    ) |  4.005E-04 1.526E-03
    3013 1.2225E+00 4.0049E-04  ( 0.264    , -1.953E-03,   0.00    ) |  4.005E-04 1.526E-03
    3014 1.2229E+00 4.0050E-04  ( 0.264    , -1.953E-03,   0.00    ) |  4.005E-04 1.526E-03
    3015 1.2233E+00 4.0052E-04  ( 0.264    , -1.953E-03,   0.00    ) |  4.005E-04 1.526E-03
    3016 1.2237E+00 4.0054E-04  ( 0.264    , -1.953E-03,   0.00    ) |  4.005E-04 1.526E-03
    3017 1.2241E+00 4.0056E-04  ( 0.264    , -1.953E-03,   0.00    ) |  4.006E-04 1.526E-03
    3018 1.2245E+00 4.0058E-04  ( 0.264    , -1.953E-03,   0.00    ) |  4.006E-04 1.526E-03
    3019 1.2249E+00 4.0060E-04  ( 0.264    , -1.953E-03,   0.00    ) |  4.006E-04 1.526E-03
 *** Wrote plotfile to flash_run_hdf5_plt_cnt_0049 ****
    3020 1.2253E+00 4.0062E-04  ( 0.264    , -1.953E-03,   0.00    ) |  4.006E-04 1.526E-03
    3021 1.2257E+00 4.0064E-04  ( 0.264    , -1.953E-03,   0.00    ) |  4.006E-04 1.526E-03
    3022 1.2261E+00 4.0066E-04  ( 0.264    , -1.953E-03,   0.00    ) |  4.007E-04 1.526E-03
    3023 1.2265E+00 4.0068E-04  ( 0.264    , -1.953E-03,   0.00    ) |  4.007E-04 1.526E-03
    3024 1.2269E+00 4.0071E-04  ( 0.264    , -1.953E-03,   0.00    ) |  4.007E-04 1.526E-03
    3025 1.2273E+00 4.0073E-04  ( 0.264    , -1.953E-03,   0.00    ) |  4.007E-04 1.526E-03
    3026 1.2277E+00 4.0075E-04  ( 0.264    , -1.953E-03,   0.00    ) |  4.007E-04 1.526E-03
    3027 1.2281E+00 4.0077E-04  ( 0.264    , -1.953E-03,   0.00    ) |  4.008E-04 1.526E-03
    3028 1.2286E+00 4.0079E-04  ( 0.264    , -1.953E-03,   0.00    ) |  4.008E-04 1.526E-03
    3029 1.2290E+00 4.0081E-04  (-0.264    , -1.953E-03,   0.00    ) |  4.008E-04 1.526E-03
    3030 1.2294E+00 4.0084E-04  (-0.264    , -1.953E-03,   0.00    ) |  4.008E-04 1.526E-03
    3031 1.2298E+00 4.0086E-04  (-0.264    , -1.953E-03,   0.00    ) |  4.009E-04 1.526E-03
    3032 1.2302E+00 4.0088E-04  (-0.264    , -1.953E-03,   0.00    ) |  4.009E-04 1.526E-03
    3033 1.2306E+00 4.0090E-04  (-0.264    , -1.953E-03,   0.00    ) |  4.009E-04 1.526E-03
    3034 1.2310E+00 4.0092E-04  (-0.264    , -1.953E-03,   0.00    ) |  4.009E-04 1.526E-03
    3035 1.2314E+00 4.0095E-04  (-0.264    , -1.953E-03,   0.00    ) |  4.009E-04 1.526E-03
    3036 1.2318E+00 4.0097E-04  (-0.264    , -1.953E-03,   0.00    ) |  4.010E-04 1.526E-03
    3037 1.2322E+00 4.0099E-04  (-0.264    , -1.953E-03,   0.00    ) |  4.010E-04 1.526E-03
    3038 1.2326E+00 4.0101E-04  (-0.264    , -1.953E-03,   0.00    ) |  4.010E-04 1.526E-03
    3039 1.2330E+00 4.0104E-04  (-0.264    , -1.953E-03,   0.00    ) |  4.010E-04 1.526E-03
    3040 1.2334E+00 4.0106E-04  (-0.264    , -1.953E-03,   0.00    ) |  4.011E-04 1.526E-03
    3041 1.2338E+00 4.0108E-04  (-0.264    , -1.953E-03,   0.00    ) |  4.011E-04 1.526E-03
    3042 1.2342E+00 4.0110E-04  (-0.264    , -1.953E-03,   0.00    ) |  4.011E-04 1.526E-03
    3043 1.2346E+00 4.0112E-04  (-0.264    , -1.953E-03,   0.00    ) |  4.011E-04 1.526E-03
    3044 1.2350E+00 4.0115E-04  (-0.264    , -1.953E-03,   0.00    ) |  4.011E-04 1.526E-03
    3045 1.2354E+00 4.0117E-04  (-0.264    , -1.953E-03,   0.00    ) |  4.012E-04 1.526E-03
    3046 1.2358E+00 4.0119E-04  (-0.264    , -1.953E-03,   0.00    ) |  4.012E-04 1.526E-03
    3047 1.2362E+00 4.0121E-04  (-0.264    , -1.953E-03,   0.00    ) |  4.012E-04 1.526E-03
    3048 1.2366E+00 4.0123E-04  ( 0.264    , -1.953E-03,   0.00    ) |  4.012E-04 1.526E-03
    3049 1.2370E+00 4.0125E-04  ( 0.264    , -1.953E-03,   0.00    ) |  4.013E-04 1.526E-03
    3050 1.2374E+00 4.0127E-04  ( 0.264    , -1.953E-03,   0.00    ) |  4.013E-04 1.526E-03
    3051 1.2378E+00 4.0129E-04  ( 0.264    , -1.953E-03,   0.00    ) |  4.013E-04 1.526E-03
    3052 1.2382E+00 4.0131E-04  ( 0.264    , -1.953E-03,   0.00    ) |  4.013E-04 1.526E-03
    3053 1.2386E+00 4.0133E-04  ( 0.264    , -1.953E-03,   0.00    ) |  4.013E-04 1.526E-03
    3054 1.2390E+00 4.0135E-04  ( 0.264    , -1.953E-03,   0.00    ) |  4.014E-04 1.526E-03
    3055 1.2394E+00 4.0137E-04  (-0.264    , -1.953E-03,   0.00    ) |  4.014E-04 1.526E-03
    3056 1.2398E+00 4.0139E-04  (-0.264    , -1.953E-03,   0.00    ) |  4.014E-04 1.526E-03
    3057 1.2402E+00 4.0141E-04  (-0.264    , -1.953E-03,   0.00    ) |  4.014E-04 1.526E-03
    3058 1.2406E+00 4.0142E-04  (-0.264    , -1.953E-03,   0.00    ) |  4.014E-04 1.526E-03
    3059 1.2410E+00 4.0144E-04  (-0.264    , -1.953E-03,   0.00    ) |  4.014E-04 1.526E-03
    3060 1.2414E+00 4.0146E-04  (-0.264    , -1.953E-03,   0.00    ) |  4.015E-04 1.526E-03
    3061 1.2418E+00 4.0147E-04  (-0.264    , -1.953E-03,   0.00    ) |  4.015E-04 1.526E-03
    3062 1.2422E+00 4.0149E-04  (-0.264    , -1.953E-03,   0.00    ) |  4.015E-04 1.526E-03
    3063 1.2426E+00 4.0151E-04  (-0.264    , -1.953E-03,   0.00    ) |  4.015E-04 1.526E-03
    3064 1.2430E+00 4.0152E-04  (-0.264    , -1.953E-03,   0.00    ) |  4.015E-04 1.526E-03
    3065 1.2434E+00 4.0154E-04  (-0.264    , -1.953E-03,   0.00    ) |  4.015E-04 1.526E-03
    3066 1.2438E+00 4.0156E-04  (-0.264    , -1.953E-03,   0.00    ) |  4.016E-04 1.526E-03
    3067 1.2442E+00 4.0157E-04  (-0.264    , -1.953E-03,   0.00    ) |  4.016E-04 1.526E-03
    3068 1.2446E+00 4.0159E-04  (-0.264    , -1.953E-03,   0.00    ) |  4.016E-04 1.526E-03
    3069 1.2450E+00 4.0160E-04  (-0.264    , -1.953E-03,   0.00    ) |  4.016E-04 1.526E-03
    3070 1.2454E+00 4.0162E-04  (-0.264    , -1.953E-03,   0.00    ) |  4.016E-04 1.526E-03
    3071 1.2458E+00 4.0164E-04  (-0.264    , -1.953E-03,   0.00    ) |  4.016E-04 1.526E-03
    3072 1.2462E+00 4.0165E-04  (-0.264    , -1.953E-03,   0.00    ) |  4.017E-04 1.526E-03
    3073 1.2466E+00 4.0167E-04  (-0.264    , -1.953E-03,   0.00    ) |  4.017E-04 1.526E-03
    3074 1.2470E+00 4.0168E-04  (-0.264    , -1.953E-03,   0.00    ) |  4.017E-04 1.526E-03
    3075 1.2474E+00 4.0170E-04  (-0.264    , -1.953E-03,   0.00    ) |  4.017E-04 1.526E-03
    3076 1.2478E+00 4.0171E-04  (-0.264    , -1.953E-03,   0.00    ) |  4.017E-04 1.526E-03
    3077 1.2482E+00 4.0173E-04  (-0.264    , -1.953E-03,   0.00    ) |  4.017E-04 1.526E-03
    3078 1.2486E+00 4.0175E-04  (-0.264    , -1.953E-03,   0.00    ) |  4.017E-04 1.526E-03
    3079 1.2490E+00 4.0176E-04  (-0.264    , -1.953E-03,   0.00    ) |  4.018E-04 1.526E-03
    3080 1.2494E+00 4.0178E-04  (-0.264    , -1.953E-03,   0.00    ) |  4.018E-04 1.526E-03
    3081 1.2498E+00 4.0180E-04  (-0.264    , -1.953E-03,   0.00    ) |  4.018E-04 1.526E-03
 *** Wrote plotfile to flash_run_hdf5_plt_cnt_0050 ****
    3082 1.2502E+00 4.0181E-04  (-0.264    , -1.953E-03,   0.00    ) |  4.018E-04 1.526E-03
    3083 1.2506E+00 4.0183E-04  (-0.264    , -1.953E-03,   0.00    ) |  4.018E-04 1.526E-03
    3084 1.2510E+00 4.0185E-04  (-0.264    , -1.953E-03,   0.00    ) |  4.018E-04 1.526E-03
    3085 1.2514E+00 4.0187E-04  (-0.264    , -1.953E-03,   0.00    ) |  4.019E-04 1.526E-03
    3086 1.2518E+00 4.0188E-04  (-0.264    , -1.953E-03,   0.00    ) |  4.019E-04 1.526E-03
    3087 1.2522E+00 4.0190E-04  (-0.264    , -1.953E-03,   0.00    ) |  4.019E-04 1.526E-03
    3088 1.2526E+00 4.0192E-04  (-0.264    , -1.953E-03,   0.00    ) |  4.019E-04 1.526E-03
    3089 1.2530E+00 4.0194E-04  (-0.264    , -1.953E-03,   0.00    ) |  4.019E-04 1.526E-03
    3090 1.2534E+00 4.0196E-04  (-0.264    , -1.953E-03,   0.00    ) |  4.020E-04 1.526E-03
    3091 1.2538E+00 4.0198E-04  (-0.264    , -1.953E-03,   0.00    ) |  4.020E-04 1.526E-03
    3092 1.2542E+00 4.0199E-04  (-0.264    , -1.953E-03,   0.00    ) |  4.020E-04 1.526E-03
    3093 1.2546E+00 4.0201E-04  (-0.264    , -1.953E-03,   0.00    ) |  4.020E-04 1.526E-03
    3094 1.2550E+00 4.0203E-04  (-0.264    , -1.953E-03,   0.00    ) |  4.020E-04 1.526E-03
    3095 1.2554E+00 4.0205E-04  (-0.264    , -1.953E-03,   0.00    ) |  4.021E-04 1.526E-03
    3096 1.2558E+00 4.0207E-04  (-0.264    , -1.953E-03,   0.00    ) |  4.021E-04 1.526E-03
    3097 1.2563E+00 4.0209E-04  (-0.264    , -1.953E-03,   0.00    ) |  4.021E-04 1.526E-03
    3098 1.2567E+00 4.0211E-04  (-0.264    , -1.953E-03,   0.00    ) |  4.021E-04 1.526E-03
    3099 1.2571E+00 4.0213E-04  (-0.264    , -1.953E-03,   0.00    ) |  4.021E-04 1.526E-03
    3100 1.2575E+00 4.0215E-04  (-0.264    , -1.953E-03,   0.00    ) |  4.022E-04 1.526E-03
    3101 1.2579E+00 4.0217E-04  (-0.264    , -1.953E-03,   0.00    ) |  4.022E-04 1.526E-03
    3102 1.2583E+00 4.0219E-04  (-0.264    , -1.953E-03,   0.00    ) |  4.022E-04 1.526E-03
    3103 1.2587E+00 4.0221E-04  (-0.264    , -1.953E-03,   0.00    ) |  4.022E-04 1.526E-03
    3104 1.2591E+00 4.0223E-04  (-0.264    , -1.953E-03,   0.00    ) |  4.022E-04 1.526E-03
    3105 1.2595E+00 4.0225E-04  (-0.264    , -1.953E-03,   0.00    ) |  4.023E-04 1.526E-03
    3106 1.2599E+00 4.0227E-04  (-0.264    , -1.953E-03,   0.00    ) |  4.023E-04 1.526E-03
    3107 1.2603E+00 4.0229E-04  (-0.264    , -1.953E-03,   0.00    ) |  4.023E-04 1.526E-03
    3108 1.2607E+00 4.0231E-04  (-0.264    , -1.953E-03,   0.00    ) |  4.023E-04 1.526E-03
    3109 1.2611E+00 4.0233E-04  (-0.264    , -1.953E-03,   0.00    ) |  4.023E-04 1.526E-03
    3110 1.2615E+00 4.0235E-04  (-0.264    , -1.953E-03,   0.00    ) |  4.024E-04 1.526E-03
    3111 1.2619E+00 4.0237E-04  (-0.264    , -1.953E-03,   0.00    ) |  4.024E-04 1.526E-03
    3112 1.2623E+00 4.0239E-04  (-0.264    , -1.953E-03,   0.00    ) |  4.024E-04 1.526E-03
    3113 1.2627E+00 4.0241E-04  (-0.264    , -1.953E-03,   0.00    ) |  4.024E-04 1.526E-03
    3114 1.2631E+00 4.0243E-04  (-0.264    , -1.953E-03,   0.00    ) |  4.024E-04 1.526E-03
    3115 1.2635E+00 4.0245E-04  (-0.264    ,  1.953E-03,   0.00    ) |  4.025E-04 1.526E-03
    3116 1.2639E+00 4.0247E-04  (-0.264    ,  1.953E-03,   0.00    ) |  4.025E-04 1.526E-03
    3117 1.2643E+00 4.0249E-04  (-0.264    ,  1.953E-03,   0.00    ) |  4.025E-04 1.526E-03
    3118 1.2647E+00 4.0251E-04  (-0.264    , -1.953E-03,   0.00    ) |  4.025E-04 1.526E-03
    3119 1.2651E+00 4.0253E-04  (-0.264    ,  1.953E-03,   0.00    ) |  4.025E-04 1.526E-03
    3120 1.2655E+00 4.0255E-04  (-0.264    ,  1.953E-03,   0.00    ) |  4.025E-04 1.526E-03
    3121 1.2659E+00 4.0257E-04  (-0.264    ,  1.953E-03,   0.00    ) |  4.026E-04 1.526E-03
    3122 1.2663E+00 4.0259E-04  (-0.264    ,  1.953E-03,   0.00    ) |  4.026E-04 1.526E-03
    3123 1.2667E+00 4.0261E-04  (-0.264    ,  1.953E-03,   0.00    ) |  4.026E-04 1.526E-03
    3124 1.2671E+00 4.0262E-04  (-0.264    ,  1.953E-03,   0.00    ) |  4.026E-04 1.526E-03
    3125 1.2675E+00 4.0264E-04  (-0.264    ,  1.953E-03,   0.00    ) |  4.026E-04 1.526E-03
    3126 1.2679E+00 4.0266E-04  (-0.264    ,  1.953E-03,   0.00    ) |  4.027E-04 1.526E-03
    3127 1.2683E+00 4.0268E-04  (-0.264    ,  1.953E-03,   0.00    ) |  4.027E-04 1.526E-03
    3128 1.2687E+00 4.0270E-04  (-0.264    ,  1.953E-03,   0.00    ) |  4.027E-04 1.526E-03
    3129 1.2691E+00 4.0272E-04  (-0.264    ,  1.953E-03,   0.00    ) |  4.027E-04 1.526E-03
    3130 1.2695E+00 4.0274E-04  (-0.264    ,  1.953E-03,   0.00    ) |  4.027E-04 1.526E-03
    3131 1.2699E+00 4.0275E-04  (-0.264    ,  1.953E-03,   0.00    ) |  4.028E-04 1.526E-03
    3132 1.2703E+00 4.0277E-04  (-0.264    ,  1.953E-03,   0.00    ) |  4.028E-04 1.526E-03
    3133 1.2707E+00 4.0279E-04  (-0.264    ,  1.953E-03,   0.00    ) |  4.028E-04 1.526E-03
    3134 1.2711E+00 4.0281E-04  (-0.264    ,  1.953E-03,   0.00    ) |  4.028E-04 1.526E-03
    3135 1.2715E+00 4.0283E-04  (-0.264    ,  1.953E-03,   0.00    ) |  4.028E-04 1.526E-03
    3136 1.2719E+00 4.0284E-04  (-0.264    ,  1.953E-03,   0.00    ) |  4.028E-04 1.526E-03
    3137 1.2724E+00 4.0286E-04  (-0.264    ,  1.953E-03,   0.00    ) |  4.029E-04 1.526E-03
    3138 1.2728E+00 4.0288E-04  (-0.264    ,  1.953E-03,   0.00    ) |  4.029E-04 1.526E-03
    3139 1.2732E+00 4.0290E-04  (-0.264    ,  1.953E-03,   0.00    ) |  4.029E-04 1.526E-03
    3140 1.2736E+00 4.0291E-04  (-0.264    ,  1.953E-03,   0.00    ) |  4.029E-04 1.526E-03
    3141 1.2740E+00 4.0293E-04  (-0.264    ,  1.953E-03,   0.00    ) |  4.029E-04 1.526E-03
    3142 1.2744E+00 4.0295E-04  (-0.264    ,  1.953E-03,   0.00    ) |  4.030E-04 1.526E-03
    3143 1.2748E+00 4.0297E-04  (-0.264    ,  1.953E-03,   0.00    ) |  4.030E-04 1.526E-03
 *** Wrote plotfile to flash_run_hdf5_plt_cnt_0051 ****
    3144 1.2752E+00 4.0299E-04  (-0.264    ,  1.953E-03,   0.00    ) |  4.030E-04 1.526E-03
    3145 1.2756E+00 4.0300E-04  (-0.264    ,  1.953E-03,   0.00    ) |  4.030E-04 1.526E-03
    3146 1.2760E+00 4.0302E-04  (-0.264    ,  1.953E-03,   0.00    ) |  4.030E-04 1.526E-03
    3147 1.2764E+00 4.0304E-04  (-0.264    ,  1.953E-03,   0.00    ) |  4.030E-04 1.526E-03
    3148 1.2768E+00 4.0306E-04  (-0.264    ,  1.953E-03,   0.00    ) |  4.031E-04 1.526E-03
    3149 1.2772E+00 4.0307E-04  (-0.264    ,  1.953E-03,   0.00    ) |  4.031E-04 1.526E-03
    3150 1.2776E+00 4.0309E-04  (-0.264    ,  1.953E-03,   0.00    ) |  4.031E-04 1.526E-03
    3151 1.2780E+00 4.0311E-04  (-0.264    ,  1.953E-03,   0.00    ) |  4.031E-04 1.526E-03
    3152 1.2784E+00 4.0313E-04  (-0.264    ,  1.953E-03,   0.00    ) |  4.031E-04 1.526E-03
    3153 1.2788E+00 4.0315E-04  (-0.264    ,  1.953E-03,   0.00    ) |  4.031E-04 1.526E-03
    3154 1.2792E+00 4.0316E-04  (-0.264    ,  1.953E-03,   0.00    ) |  4.032E-04 1.526E-03
    3155 1.2796E+00 4.0318E-04  (-0.264    ,  1.953E-03,   0.00    ) |  4.032E-04 1.526E-03
    3156 1.2800E+00 4.0320E-04  (-0.264    ,  1.953E-03,   0.00    ) |  4.032E-04 1.526E-03
    3157 1.2804E+00 4.0322E-04  (-0.264    ,  1.953E-03,   0.00    ) |  4.032E-04 1.526E-03
    3158 1.2808E+00 4.0323E-04  (-0.264    ,  1.953E-03,   0.00    ) |  4.032E-04 1.526E-03
    3159 1.2812E+00 4.0325E-04  (-0.264    ,  1.953E-03,   0.00    ) |  4.033E-04 1.526E-03
    3160 1.2816E+00 4.0327E-04  (-0.264    ,  1.953E-03,   0.00    ) |  4.033E-04 1.526E-03
    3161 1.2820E+00 4.0329E-04  (-0.264    ,  1.953E-03,   0.00    ) |  4.033E-04 1.526E-03
    3162 1.2824E+00 4.0331E-04  (-0.264    ,  1.953E-03,   0.00    ) |  4.033E-04 1.526E-03
    3163 1.2828E+00 4.0332E-04  (-0.264    ,  1.953E-03,   0.00    ) |  4.033E-04 1.526E-03
    3164 1.2832E+00 4.0334E-04  (-0.264    ,  1.953E-03,   0.00    ) |  4.033E-04 1.526E-03
    3165 1.2836E+00 4.0336E-04  (-0.264    ,  1.953E-03,   0.00    ) |  4.034E-04 1.526E-03
    3166 1.2840E+00 4.0338E-04  (-0.264    ,  1.953E-03,   0.00    ) |  4.034E-04 1.526E-03
    3167 1.2844E+00 4.0339E-04  (-0.264    ,  1.953E-03,   0.00    ) |  4.034E-04 1.526E-03
    3168 1.2848E+00 4.0341E-04  (-0.264    ,  1.953E-03,   0.00    ) |  4.034E-04 1.526E-03
    3169 1.2853E+00 4.0343E-04  (-0.264    ,  1.953E-03,   0.00    ) |  4.034E-04 1.526E-03
    3170 1.2857E+00 4.0344E-04  (-0.264    ,  1.953E-03,   0.00    ) |  4.034E-04 1.526E-03
    3171 1.2861E+00 4.0346E-04  (-0.264    ,  1.953E-03,   0.00    ) |  4.035E-04 1.526E-03
    3172 1.2865E+00 4.0348E-04  (-0.264    ,  1.953E-03,   0.00    ) |  4.035E-04 1.526E-03
    3173 1.2869E+00 4.0349E-04  (-0.264    ,  1.953E-03,   0.00    ) |  4.035E-04 1.526E-03
    3174 1.2873E+00 4.0351E-04  (-0.264    ,  1.953E-03,   0.00    ) |  4.035E-04 1.526E-03
    3175 1.2877E+00 4.0353E-04  (-0.264    ,  1.953E-03,   0.00    ) |  4.035E-04 1.526E-03
    3176 1.2881E+00 4.0354E-04  (-0.260    ,  1.953E-03,   0.00    ) |  4.035E-04 1.526E-03
    3177 1.2885E+00 4.0356E-04  (-0.260    ,  1.953E-03,   0.00    ) |  4.036E-04 1.526E-03
    3178 1.2889E+00 4.0357E-04  (-0.260    ,  1.953E-03,   0.00    ) |  4.036E-04 1.526E-03
    3179 1.2893E+00 4.0359E-04  (-0.260    ,  1.953E-03,   0.00    ) |  4.036E-04 1.526E-03
    3180 1.2897E+00 4.0360E-04  (-0.260    ,  1.953E-03,   0.00    ) |  4.036E-04 1.526E-03
    3181 1.2901E+00 4.0362E-04  (-0.260    ,  1.953E-03,   0.00    ) |  4.036E-04 1.526E-03
    3182 1.2905E+00 4.0363E-04  (-0.260    ,  1.953E-03,   0.00    ) |  4.036E-04 1.526E-03
    3183 1.2909E+00 4.0365E-04  (-0.260    ,  1.953E-03,   0.00    ) |  4.036E-04 1.526E-03
    3184 1.2913E+00 4.0366E-04  (-0.260    ,  1.953E-03,   0.00    ) |  4.037E-04 1.526E-03
    3185 1.2917E+00 4.0368E-04  (-0.260    ,  1.953E-03,   0.00    ) |  4.037E-04 1.526E-03
    3186 1.2921E+00 4.0369E-04  (-0.260    ,  1.953E-03,   0.00    ) |  4.037E-04 1.526E-03
    3187 1.2925E+00 4.0370E-04  (-0.260    ,  1.953E-03,   0.00    ) |  4.037E-04 1.526E-03
    3188 1.2929E+00 4.0372E-04  (-0.260    ,  1.953E-03,   0.00    ) |  4.037E-04 1.526E-03
    3189 1.2933E+00 4.0373E-04  (-0.260    ,  1.953E-03,   0.00    ) |  4.037E-04 1.526E-03
    3190 1.2937E+00 4.0374E-04  (-0.260    ,  1.953E-03,   0.00    ) |  4.037E-04 1.526E-03
    3191 1.2941E+00 4.0376E-04  (-0.260    ,  1.953E-03,   0.00    ) |  4.038E-04 1.526E-03
    3192 1.2945E+00 4.0377E-04  (-0.260    ,  1.953E-03,   0.00    ) |  4.038E-04 1.526E-03
    3193 1.2949E+00 4.0378E-04  (-0.260    ,  1.953E-03,   0.00    ) |  4.038E-04 1.526E-03
    3194 1.2953E+00 4.0380E-04  (-0.260    ,  1.953E-03,   0.00    ) |  4.038E-04 1.526E-03
    3195 1.2957E+00 4.0381E-04  (-0.260    ,  1.953E-03,   0.00    ) |  4.038E-04 1.526E-03
    3196 1.2961E+00 4.0382E-04  (-0.260    ,  1.953E-03,   0.00    ) |  4.038E-04 1.526E-03
    3197 1.2966E+00 4.0384E-04  (-0.260    ,  1.953E-03,   0.00    ) |  4.038E-04 1.526E-03
    3198 1.2970E+00 4.0385E-04  (-0.260    ,  1.953E-03,   0.00    ) |  4.039E-04 1.526E-03
    3199 1.2974E+00 4.0386E-04  (-0.260    ,  1.953E-03,   0.00    ) |  4.039E-04 1.526E-03
    3200 1.2978E+00 4.0388E-04  (-0.260    ,  1.953E-03,   0.00    ) |  4.039E-04 1.526E-03
    3201 1.2982E+00 4.0389E-04  (-0.260    ,  1.953E-03,   0.00    ) |  4.039E-04 1.526E-03
    3202 1.2986E+00 4.0390E-04  (-0.260    ,  1.953E-03,   0.00    ) |  4.039E-04 1.526E-03
    3203 1.2990E+00 4.0392E-04  (-0.260    ,  1.953E-03,   0.00    ) |  4.039E-04 1.526E-03
    3204 1.2994E+00 4.0393E-04  (-0.260    ,  1.953E-03,   0.00    ) |  4.039E-04 1.526E-03
    3205 1.2998E+00 4.0394E-04  (-0.260    ,  1.953E-03,   0.00    ) |  4.039E-04 1.526E-03
 *** Wrote plotfile to flash_run_hdf5_plt_cnt_0052 ****
    3206 1.3002E+00 4.0396E-04  (-0.260    ,  1.953E-03,   0.00    ) |  4.040E-04 1.526E-03
    3207 1.3006E+00 4.0397E-04  (-0.260    ,  1.953E-03,   0.00    ) |  4.040E-04 1.526E-03
    3208 1.3010E+00 4.0399E-04  (-0.260    ,  1.953E-03,   0.00    ) |  4.040E-04 1.526E-03
    3209 1.3014E+00 4.0400E-04  (-0.260    ,  1.953E-03,   0.00    ) |  4.040E-04 1.526E-03
    3210 1.3018E+00 4.0402E-04  (-0.260    ,  1.953E-03,   0.00    ) |  4.040E-04 1.526E-03
    3211 1.3022E+00 4.0403E-04  (-0.260    ,  1.953E-03,   0.00    ) |  4.040E-04 1.526E-03
    3212 1.3026E+00 4.0404E-04  (-0.260    ,  1.953E-03,   0.00    ) |  4.040E-04 1.526E-03
    3213 1.3030E+00 4.0406E-04  (-0.260    ,  1.953E-03,   0.00    ) |  4.041E-04 1.526E-03
    3214 1.3034E+00 4.0407E-04  (-0.260    ,  1.953E-03,   0.00    ) |  4.041E-04 1.526E-03
    3215 1.3038E+00 4.0409E-04  (-0.260    ,  1.953E-03,   0.00    ) |  4.041E-04 1.526E-03
    3216 1.3042E+00 4.0411E-04  (-0.260    ,  1.953E-03,   0.00    ) |  4.041E-04 1.526E-03
    3217 1.3046E+00 4.0412E-04  (-0.260    ,  1.953E-03,   0.00    ) |  4.041E-04 1.526E-03
    3218 1.3050E+00 4.0414E-04  (-0.260    ,  1.953E-03,   0.00    ) |  4.041E-04 1.526E-03
    3219 1.3054E+00 4.0415E-04  (-0.260    ,  1.953E-03,   0.00    ) |  4.042E-04 1.526E-03
    3220 1.3058E+00 4.0417E-04  (-0.260    ,  1.953E-03,   0.00    ) |  4.042E-04 1.526E-03
    3221 1.3062E+00 4.0418E-04  (-0.260    ,  1.953E-03,   0.00    ) |  4.042E-04 1.526E-03
    3222 1.3067E+00 4.0420E-04  (-0.260    ,  1.953E-03,   0.00    ) |  4.042E-04 1.526E-03
    3223 1.3071E+00 4.0422E-04  (-0.260    ,  1.953E-03,   0.00    ) |  4.042E-04 1.526E-03
    3224 1.3075E+00 4.0423E-04  (-0.260    ,  1.953E-03,   0.00    ) |  4.042E-04 1.526E-03
    3225 1.3079E+00 4.0425E-04  (-0.260    ,  1.953E-03,   0.00    ) |  4.043E-04 1.526E-03
    3226 1.3083E+00 4.0427E-04  (-0.260    ,  1.953E-03,   0.00    ) |  4.043E-04 1.526E-03
    3227 1.3087E+00 4.0429E-04  (-0.260    ,  1.953E-03,   0.00    ) |  4.043E-04 1.526E-03
    3228 1.3091E+00 4.0430E-04  (-0.260    ,  1.953E-03,   0.00    ) |  4.043E-04 1.526E-03
    3229 1.3095E+00 4.0432E-04  (-0.260    ,  1.953E-03,   0.00    ) |  4.043E-04 1.526E-03
    3230 1.3099E+00 4.0434E-04  (-0.260    ,  1.953E-03,   0.00    ) |  4.043E-04 1.526E-03
    3231 1.3103E+00 4.0436E-04  (-0.260    ,  1.953E-03,   0.00    ) |  4.044E-04 1.526E-03
    3232 1.3107E+00 4.0437E-04  (-0.260    ,  1.953E-03,   0.00    ) |  4.044E-04 1.526E-03
    3233 1.3111E+00 4.0439E-04  (-0.260    ,  1.953E-03,   0.00    ) |  4.044E-04 1.526E-03
    3234 1.3115E+00 4.0441E-04  (-0.260    ,  1.953E-03,   0.00    ) |  4.044E-04 1.526E-03
    3235 1.3119E+00 4.0443E-04  (-0.260    ,  1.953E-03,   0.00    ) |  4.044E-04 1.526E-03
    3236 1.3123E+00 4.0444E-04  (-0.260    ,  1.953E-03,   0.00    ) |  4.044E-04 1.526E-03
    3237 1.3127E+00 4.0446E-04  (-0.260    ,  1.953E-03,   0.00    ) |  4.045E-04 1.526E-03
    3238 1.3131E+00 4.0448E-04  (-0.260    ,  1.953E-03,   0.00    ) |  4.045E-04 1.526E-03
    3239 1.3135E+00 4.0450E-04  (-0.260    ,  1.953E-03,   0.00    ) |  4.045E-04 1.526E-03
    3240 1.3139E+00 4.0452E-04  (-0.260    ,  1.953E-03,   0.00    ) |  4.045E-04 1.526E-03
    3241 1.3143E+00 4.0453E-04  (-0.260    ,  1.953E-03,   0.00    ) |  4.045E-04 1.526E-03
    3242 1.3147E+00 4.0455E-04  (-0.260    ,  1.953E-03,   0.00    ) |  4.046E-04 1.526E-03
    3243 1.3151E+00 4.0457E-04  (-0.260    ,  1.953E-03,   0.00    ) |  4.046E-04 1.526E-03
    3244 1.3155E+00 4.0459E-04  (-0.260    ,  1.953E-03,   0.00    ) |  4.046E-04 1.526E-03
    3245 1.3160E+00 4.0460E-04  (-0.260    ,  1.953E-03,   0.00    ) |  4.046E-04 1.526E-03
    3246 1.3164E+00 4.0462E-04  (-0.260    ,  1.953E-03,   0.00    ) |  4.046E-04 1.526E-03
    3247 1.3168E+00 4.0464E-04  (-0.260    ,  1.953E-03,   0.00    ) |  4.046E-04 1.526E-03
    3248 1.3172E+00 4.0466E-04  (-0.260    ,  1.953E-03,   0.00    ) |  4.047E-04 1.526E-03
    3249 1.3176E+00 4.0468E-04  (-0.260    ,  1.953E-03,   0.00    ) |  4.047E-04 1.526E-03
    3250 1.3180E+00 4.0469E-04  (-0.260    ,  1.953E-03,   0.00    ) |  4.047E-04 1.526E-03
    3251 1.3184E+00 4.0471E-04  (-0.260    ,  1.953E-03,   0.00    ) |  4.047E-04 1.526E-03
    3252 1.3188E+00 4.0473E-04  (-0.260    ,  1.953E-03,   0.00    ) |  4.047E-04 1.526E-03
    3253 1.3192E+00 4.0475E-04  (-0.260    ,  1.953E-03,   0.00    ) |  4.047E-04 1.526E-03
    3254 1.3196E+00 4.0476E-04  (-0.260    ,  1.953E-03,   0.00    ) |  4.048E-04 1.526E-03
    3255 1.3200E+00 4.0478E-04  (-0.260    ,  1.953E-03,   0.00    ) |  4.048E-04 1.526E-03
    3256 1.3204E+00 4.0480E-04  (-0.260    ,  1.953E-03,   0.00    ) |  4.048E-04 1.526E-03
    3257 1.3208E+00 4.0481E-04  (-0.260    ,  1.953E-03,   0.00    ) |  4.048E-04 1.526E-03
    3258 1.3212E+00 4.0483E-04  (-0.260    ,  1.953E-03,   0.00    ) |  4.048E-04 1.526E-03
    3259 1.3216E+00 4.0485E-04  (-0.260    ,  1.953E-03,   0.00    ) |  4.048E-04 1.526E-03
    3260 1.3220E+00 4.0487E-04  (-0.260    ,  1.953E-03,   0.00    ) |  4.049E-04 1.526E-03
    3261 1.3224E+00 4.0488E-04  (-0.260    ,  1.953E-03,   0.00    ) |  4.049E-04 1.526E-03
    3262 1.3228E+00 4.0490E-04  (-0.260    ,  1.953E-03,   0.00    ) |  4.049E-04 1.526E-03
    3263 1.3232E+00 4.0491E-04  (-0.260    ,  1.953E-03,   0.00    ) |  4.049E-04 1.526E-03
    3264 1.3236E+00 4.0493E-04  (-0.260    ,  1.953E-03,   0.00    ) |  4.049E-04 1.526E-03
    3265 1.3240E+00 4.0495E-04  (-0.260    ,  1.953E-03,   0.00    ) |  4.049E-04 1.526E-03
    3266 1.3245E+00 4.0496E-04  (-0.260    ,  1.953E-03,   0.00    ) |  4.050E-04 1.526E-03
    3267 1.3249E+00 4.0498E-04  (-0.260    ,  1.953E-03,   0.00    ) |  4.050E-04 1.526E-03
 *** Wrote plotfile to flash_run_hdf5_plt_cnt_0053 ****
    3268 1.3253E+00 4.0499E-04  (-0.260    ,  1.953E-03,   0.00    ) |  4.050E-04 1.526E-03
    3269 1.3257E+00 4.0501E-04  (-0.260    ,  1.953E-03,   0.00    ) |  4.050E-04 1.526E-03
    3270 1.3261E+00 4.0502E-04  (-0.260    ,  1.953E-03,   0.00    ) |  4.050E-04 1.526E-03
    3271 1.3265E+00 4.0504E-04  (-0.260    ,  1.953E-03,   0.00    ) |  4.050E-04 1.526E-03
    3272 1.3269E+00 4.0505E-04  (-0.260    ,  1.953E-03,   0.00    ) |  4.051E-04 1.526E-03
    3273 1.3273E+00 4.0507E-04  (-0.260    ,  1.953E-03,   0.00    ) |  4.051E-04 1.526E-03
    3274 1.3277E+00 4.0508E-04  (-0.260    ,  1.953E-03,   0.00    ) |  4.051E-04 1.526E-03
    3275 1.3281E+00 4.0510E-04  (-0.260    ,  1.953E-03,   0.00    ) |  4.051E-04 1.526E-03
    3276 1.3285E+00 4.0511E-04  (-0.260    ,  1.953E-03,   0.00    ) |  4.051E-04 1.526E-03
    3277 1.3289E+00 4.0512E-04  (-0.260    ,  1.953E-03,   0.00    ) |  4.051E-04 1.526E-03
    3278 1.3293E+00 4.0514E-04  (-0.260    ,  1.953E-03,   0.00    ) |  4.051E-04 1.526E-03
    3279 1.3297E+00 4.0515E-04  (-0.260    ,  1.953E-03,   0.00    ) |  4.051E-04 1.526E-03
    3280 1.3301E+00 4.0516E-04  (-0.260    ,  1.953E-03,   0.00    ) |  4.052E-04 1.526E-03
    3281 1.3305E+00 4.0518E-04  (-0.260    ,  1.953E-03,   0.00    ) |  4.052E-04 1.526E-03
    3282 1.3309E+00 4.0519E-04  (-0.260    ,  1.953E-03,   0.00    ) |  4.052E-04 1.526E-03
    3283 1.3313E+00 4.0520E-04  (-0.260    ,  1.953E-03,   0.00    ) |  4.052E-04 1.526E-03
    3284 1.3317E+00 4.0521E-04  (-0.260    ,  1.953E-03,   0.00    ) |  4.052E-04 1.526E-03
    3285 1.3322E+00 4.0523E-04  (-0.260    ,  1.953E-03,   0.00    ) |  4.052E-04 1.526E-03
    3286 1.3326E+00 4.0524E-04  (-0.260    ,  1.953E-03,   0.00    ) |  4.052E-04 1.526E-03
    3287 1.3330E+00 4.0525E-04  (-0.260    ,  1.953E-03,   0.00    ) |  4.052E-04 1.526E-03
    3288 1.3334E+00 4.0526E-04  (-0.260    ,  1.953E-03,   0.00    ) |  4.053E-04 1.526E-03
    3289 1.3338E+00 4.0527E-04  (-0.260    ,  1.953E-03,   0.00    ) |  4.053E-04 1.526E-03
    3290 1.3342E+00 4.0528E-04  (-0.260    ,  1.953E-03,   0.00    ) |  4.053E-04 1.526E-03
    3291 1.3346E+00 4.0529E-04  (-0.260    ,  1.953E-03,   0.00    ) |  4.053E-04 1.526E-03
    3292 1.3350E+00 4.0530E-04  (-0.260    ,  1.953E-03,   0.00    ) |  4.053E-04 1.526E-03
    3293 1.3354E+00 4.0531E-04  (-0.260    ,  1.953E-03,   0.00    ) |  4.053E-04 1.526E-03
    3294 1.3358E+00 4.0533E-04  (-0.260    ,  1.953E-03,   0.00    ) |  4.053E-04 1.526E-03
    3295 1.3362E+00 4.0534E-04  (-0.260    ,  1.953E-03,   0.00    ) |  4.053E-04 1.526E-03
    3296 1.3366E+00 4.0535E-04  (-0.260    ,  1.953E-03,   0.00    ) |  4.053E-04 1.526E-03
    3297 1.3370E+00 4.0536E-04  (-0.260    ,  1.953E-03,   0.00    ) |  4.054E-04 1.526E-03
    3298 1.3374E+00 4.0537E-04  (-0.260    ,  1.953E-03,   0.00    ) |  4.054E-04 1.526E-03
    3299 1.3378E+00 4.0538E-04  (-0.260    ,  1.953E-03,   0.00    ) |  4.054E-04 1.526E-03
    3300 1.3382E+00 4.0539E-04  (-0.260    ,  1.953E-03,   0.00    ) |  4.054E-04 1.526E-03
    3301 1.3386E+00 4.0540E-04  (-0.260    ,  1.953E-03,   0.00    ) |  4.054E-04 1.526E-03
    3302 1.3390E+00 4.0541E-04  (-0.260    ,  1.953E-03,   0.00    ) |  4.054E-04 1.526E-03
    3303 1.3394E+00 4.0542E-04  (-0.260    ,  1.953E-03,   0.00    ) |  4.054E-04 1.526E-03
    3304 1.3399E+00 4.0543E-04  (-0.260    ,  1.953E-03,   0.00    ) |  4.054E-04 1.526E-03
    3305 1.3403E+00 4.0544E-04  (-0.260    ,  1.953E-03,   0.00    ) |  4.054E-04 1.526E-03
    3306 1.3407E+00 4.0546E-04  (-0.260    ,  1.953E-03,   0.00    ) |  4.055E-04 1.526E-03
    3307 1.3411E+00 4.0547E-04  (-0.260    ,  1.953E-03,   0.00    ) |  4.055E-04 1.526E-03
    3308 1.3415E+00 4.0548E-04  (-0.260    ,  1.953E-03,   0.00    ) |  4.055E-04 1.526E-03
    3309 1.3419E+00 4.0549E-04  (-0.260    ,  1.953E-03,   0.00    ) |  4.055E-04 1.526E-03
    3310 1.3423E+00 4.0550E-04  (-0.260    ,  1.953E-03,   0.00    ) |  4.055E-04 1.526E-03
    3311 1.3427E+00 4.0551E-04  (-0.260    ,  1.953E-03,   0.00    ) |  4.055E-04 1.526E-03
    3312 1.3431E+00 4.0553E-04  (-0.260    ,  1.953E-03,   0.00    ) |  4.055E-04 1.526E-03
    3313 1.3435E+00 4.0554E-04  (-0.260    ,  1.953E-03,   0.00    ) |  4.055E-04 1.526E-03
    3314 1.3439E+00 4.0555E-04  (-0.260    ,  1.953E-03,   0.00    ) |  4.056E-04 1.526E-03
    3315 1.3443E+00 4.0557E-04  (-0.260    ,  1.953E-03,   0.00    ) |  4.056E-04 1.526E-03
    3316 1.3447E+00 4.0558E-04  (-0.260    ,  1.953E-03,   0.00    ) |  4.056E-04 1.526E-03
    3317 1.3451E+00 4.0559E-04  (-0.260    ,  1.953E-03,   0.00    ) |  4.056E-04 1.526E-03
    3318 1.3455E+00 4.0561E-04  (-0.260    ,  1.953E-03,   0.00    ) |  4.056E-04 1.526E-03
    3319 1.3459E+00 4.0562E-04  (-0.260    ,  1.953E-03,   0.00    ) |  4.056E-04 1.526E-03
    3320 1.3463E+00 4.0563E-04  (-0.260    ,  1.953E-03,   0.00    ) |  4.056E-04 1.526E-03
    3321 1.3467E+00 4.0565E-04  (-0.260    ,  1.953E-03,   0.00    ) |  4.056E-04 1.526E-03
    3322 1.3472E+00 4.0566E-04  ( 0.260    , -1.953E-03,   0.00    ) |  4.057E-04 1.526E-03
    3323 1.3476E+00 4.0568E-04  (-0.260    ,  1.953E-03,   0.00    ) |  4.057E-04 1.526E-03
    3324 1.3480E+00 4.0569E-04  ( 0.260    , -1.953E-03,   0.00    ) |  4.057E-04 1.526E-03
    3325 1.3484E+00 4.0571E-04  ( 0.260    ,  1.953E-03,   0.00    ) |  4.057E-04 1.526E-03
    3326 1.3488E+00 4.0572E-04  ( 0.260    ,  1.953E-03,   0.00    ) |  4.057E-04 1.526E-03
    3327 1.3492E+00 4.0574E-04  ( 0.260    ,  1.953E-03,   0.00    ) |  4.057E-04 1.526E-03
    3328 1.3496E+00 4.0575E-04  ( 0.260    ,  1.953E-03,   0.00    ) |  4.058E-04 1.526E-03
    3329 1.3500E+00 4.0577E-04  (-0.260    ,  1.953E-03,   0.00    ) |  4.058E-04 1.526E-03
 *** Wrote plotfile to flash_run_hdf5_plt_cnt_0054 ****
    3330 1.3504E+00 4.0578E-04  (-0.260    ,  1.953E-03,   0.00    ) |  4.058E-04 1.526E-03
    3331 1.3508E+00 4.0580E-04  ( 0.260    ,  1.953E-03,   0.00    ) |  4.058E-04 1.526E-03
    3332 1.3512E+00 4.0581E-04  (-0.260    ,  1.953E-03,   0.00    ) |  4.058E-04 1.526E-03
    3333 1.3516E+00 4.0583E-04  (-0.260    ,  1.953E-03,   0.00    ) |  4.058E-04 1.526E-03
    3334 1.3520E+00 4.0584E-04  (-0.260    ,  1.953E-03,   0.00    ) |  4.058E-04 1.526E-03
    3335 1.3524E+00 4.0586E-04  (-0.260    ,  1.953E-03,   0.00    ) |  4.059E-04 1.526E-03
    3336 1.3528E+00 4.0587E-04  (-0.260    ,  1.953E-03,   0.00    ) |  4.059E-04 1.526E-03
    3337 1.3532E+00 4.0589E-04  (-0.260    ,  1.953E-03,   0.00    ) |  4.059E-04 1.526E-03
    3338 1.3536E+00 4.0590E-04  (-0.260    ,  1.953E-03,   0.00    ) |  4.059E-04 1.526E-03
    3339 1.3541E+00 4.0592E-04  (-0.260    ,  1.953E-03,   0.00    ) |  4.059E-04 1.526E-03
    3340 1.3545E+00 4.0593E-04  ( 0.260    ,  1.953E-03,   0.00    ) |  4.059E-04 1.526E-03
    3341 1.3549E+00 4.0595E-04  (-0.260    ,  1.953E-03,   0.00    ) |  4.059E-04 1.526E-03
    3342 1.3553E+00 4.0596E-04  (-0.260    ,  1.953E-03,   0.00    ) |  4.060E-04 1.526E-03
    3343 1.3557E+00 4.0597E-04  ( 0.260    ,  1.953E-03,   0.00    ) |  4.060E-04 1.526E-03
    3344 1.3561E+00 4.0599E-04  ( 0.260    ,  1.953E-03,   0.00    ) |  4.060E-04 1.526E-03
    3345 1.3565E+00 4.0600E-04  (-0.260    ,  1.953E-03,   0.00    ) |  4.060E-04 1.526E-03
    3346 1.3569E+00 4.0601E-04  ( 0.260    ,  1.953E-03,   0.00    ) |  4.060E-04 1.526E-03
    3347 1.3573E+00 4.0603E-04  ( 0.260    ,  1.953E-03,   0.00    ) |  4.060E-04 1.526E-03
    3348 1.3577E+00 4.0604E-04  ( 0.260    ,  1.953E-03,   0.00    ) |  4.060E-04 1.526E-03
    3349 1.3581E+00 4.0605E-04  ( 0.256    ,  1.953E-03,   0.00    ) |  4.061E-04 1.526E-03
    3350 1.3585E+00 4.0606E-04  (-0.256    ,  1.953E-03,   0.00    ) |  4.061E-04 1.526E-03
    3351 1.3589E+00 4.0608E-04  (-0.256    ,  1.953E-03,   0.00    ) |  4.061E-04 1.526E-03
    3352 1.3593E+00 4.0609E-04  (-0.256    ,  1.953E-03,   0.00    ) |  4.061E-04 1.526E-03
    3353 1.3597E+00 4.0610E-04  (-0.256    ,  1.953E-03,   0.00    ) |  4.061E-04 1.526E-03
    3354 1.3601E+00 4.0611E-04  (-0.256    ,  1.953E-03,   0.00    ) |  4.061E-04 1.526E-03
    3355 1.3605E+00 4.0612E-04  (-0.256    ,  1.953E-03,   0.00    ) |  4.061E-04 1.526E-03
    3356 1.3610E+00 4.0613E-04  (-0.256    ,  1.953E-03,   0.00    ) |  4.061E-04 1.526E-03
    3357 1.3614E+00 4.0615E-04  (-0.256    ,  1.953E-03,   0.00    ) |  4.061E-04 1.526E-03
    3358 1.3618E+00 4.0616E-04  (-0.256    ,  1.953E-03,   0.00    ) |  4.062E-04 1.526E-03
    3359 1.3622E+00 4.0617E-04  (-0.256    ,  1.953E-03,   0.00    ) |  4.062E-04 1.526E-03
    3360 1.3626E+00 4.0618E-04  (-0.256    ,  1.953E-03,   0.00    ) |  4.062E-04 1.526E-03
    3361 1.3630E+00 4.0619E-04  (-0.256    ,  1.953E-03,   0.00    ) |  4.062E-04 1.526E-03
    3362 1.3634E+00 4.0620E-04  (-0.256    ,  1.953E-03,   0.00    ) |  4.062E-04 1.526E-03
    3363 1.3638E+00 4.0621E-04  (-0.256    ,  1.953E-03,   0.00    ) |  4.062E-04 1.526E-03
    3364 1.3642E+00 4.0622E-04  (-0.256    ,  1.953E-03,   0.00    ) |  4.062E-04 1.526E-03
    3365 1.3646E+00 4.0623E-04  (-0.256    ,  1.953E-03,   0.00    ) |  4.062E-04 1.526E-03
    3366 1.3650E+00 4.0624E-04  ( 0.256    ,  1.953E-03,   0.00    ) |  4.062E-04 1.526E-03
    3367 1.3654E+00 4.0625E-04  (-0.256    ,  1.953E-03,   0.00    ) |  4.062E-04 1.526E-03
    3368 1.3658E+00 4.0626E-04  (-0.256    ,  1.953E-03,   0.00    ) |  4.063E-04 1.526E-03
    3369 1.3662E+00 4.0627E-04  ( 0.256    ,  1.953E-03,   0.00    ) |  4.063E-04 1.526E-03
    3370 1.3666E+00 4.0628E-04  ( 0.256    ,  1.953E-03,   0.00    ) |  4.063E-04 1.526E-03
    3371 1.3670E+00 4.0629E-04  (-0.256    ,  1.953E-03,   0.00    ) |  4.063E-04 1.526E-03
    3372 1.3675E+00 4.0630E-04  (-0.256    ,  1.953E-03,   0.00    ) |  4.063E-04 1.526E-03
    3373 1.3679E+00 4.0631E-04  (-0.256    ,  1.953E-03,   0.00    ) |  4.063E-04 1.526E-03
    3374 1.3683E+00 4.0632E-04  ( 0.256    ,  1.953E-03,   0.00    ) |  4.063E-04 1.526E-03
    3375 1.3687E+00 4.0633E-04  ( 0.256    ,  1.953E-03,   0.00    ) |  4.063E-04 1.526E-03
    3376 1.3691E+00 4.0634E-04  ( 0.256    ,  1.953E-03,   0.00    ) |  4.063E-04 1.526E-03
    3377 1.3695E+00 4.0635E-04  (-0.256    ,  1.953E-03,   0.00    ) |  4.063E-04 1.526E-03
    3378 1.3699E+00 4.0636E-04  ( 0.256    ,  1.953E-03,   0.00    ) |  4.064E-04 1.526E-03
    3379 1.3703E+00 4.0637E-04  (-0.256    ,  1.953E-03,   0.00    ) |  4.064E-04 1.526E-03
    3380 1.3707E+00 4.0638E-04  (-0.256    ,  1.953E-03,   0.00    ) |  4.064E-04 1.526E-03
    3381 1.3711E+00 4.0639E-04  (-0.256    ,  1.953E-03,   0.00    ) |  4.064E-04 1.526E-03
    3382 1.3715E+00 4.0640E-04  ( 0.256    ,  1.953E-03,   0.00    ) |  4.064E-04 1.526E-03
    3383 1.3719E+00 4.0641E-04  ( 0.256    ,  1.953E-03,   0.00    ) |  4.064E-04 1.526E-03
    3384 1.3723E+00 4.0642E-04  ( 0.256    ,  1.953E-03,   0.00    ) |  4.064E-04 1.526E-03
    3385 1.3727E+00 4.0643E-04  (-0.256    ,  1.953E-03,   0.00    ) |  4.064E-04 1.526E-03
    3386 1.3731E+00 4.0644E-04  ( 0.256    ,  1.953E-03,   0.00    ) |  4.064E-04 1.526E-03
    3387 1.3735E+00 4.0645E-04  (-0.256    ,  1.953E-03,   0.00    ) |  4.064E-04 1.526E-03
    3388 1.3740E+00 4.0646E-04  ( 0.256    ,  1.953E-03,   0.00    ) |  4.065E-04 1.526E-03
    3389 1.3744E+00 4.0647E-04  (-0.256    ,  1.953E-03,   0.00    ) |  4.065E-04 1.526E-03
    3390 1.3748E+00 4.0648E-04  ( 0.256    ,  1.953E-03,   0.00    ) |  4.065E-04 1.526E-03
 *** Wrote plotfile to flash_run_hdf5_plt_cnt_0055 ****
    3391 1.3752E+00 4.0649E-04  ( 0.256    ,  1.953E-03,   0.00    ) |  4.065E-04 1.526E-03
    3392 1.3756E+00 4.0650E-04  (-0.256    ,  1.953E-03,   0.00    ) |  4.065E-04 1.526E-03
    3393 1.3760E+00 4.0651E-04  (-0.256    ,  1.953E-03,   0.00    ) |  4.065E-04 1.526E-03
    3394 1.3764E+00 4.0652E-04  (-0.256    ,  1.953E-03,   0.00    ) |  4.065E-04 1.526E-03
    3395 1.3768E+00 4.0653E-04  (-0.256    ,  1.953E-03,   0.00    ) |  4.065E-04 1.526E-03
    3396 1.3772E+00 4.0654E-04  (-0.256    ,  1.953E-03,   0.00    ) |  4.065E-04 1.526E-03
    3397 1.3776E+00 4.0655E-04  (-0.256    ,  1.953E-03,   0.00    ) |  4.065E-04 1.526E-03
    3398 1.3780E+00 4.0656E-04  (-0.256    ,  1.953E-03,   0.00    ) |  4.066E-04 1.526E-03
    3399 1.3784E+00 4.0657E-04  (-0.256    ,  1.953E-03,   0.00    ) |  4.066E-04 1.526E-03
    3400 1.3788E+00 4.0658E-04  (-0.256    ,  1.953E-03,   0.00    ) |  4.066E-04 1.526E-03
    3401 1.3792E+00 4.0659E-04  (-0.256    ,  1.953E-03,   0.00    ) |  4.066E-04 1.526E-03
    3402 1.3796E+00 4.0660E-04  (-0.256    ,  1.953E-03,   0.00    ) |  4.066E-04 1.526E-03
    3403 1.3801E+00 4.0661E-04  (-0.256    ,  1.953E-03,   0.00    ) |  4.066E-04 1.526E-03
    3404 1.3805E+00 4.0662E-04  (-0.256    ,  1.953E-03,   0.00    ) |  4.066E-04 1.526E-03
    3405 1.3809E+00 4.0663E-04  ( 0.256    ,  1.953E-03,   0.00    ) |  4.066E-04 1.526E-03
    3406 1.3813E+00 4.0664E-04  (-0.256    ,  1.953E-03,   0.00    ) |  4.066E-04 1.526E-03
    3407 1.3817E+00 4.0665E-04  ( 0.256    ,  1.953E-03,   0.00    ) |  4.067E-04 1.526E-03
    3408 1.3821E+00 4.0667E-04  ( 0.256    ,  1.953E-03,   0.00    ) |  4.067E-04 1.526E-03
    3409 1.3825E+00 4.0668E-04  ( 0.256    ,  1.953E-03,   0.00    ) |  4.067E-04 1.526E-03
    3410 1.3829E+00 4.0669E-04  ( 0.256    ,  1.953E-03,   0.00    ) |  4.067E-04 1.526E-03
    3411 1.3833E+00 4.0670E-04  ( 0.256    ,  1.953E-03,   0.00    ) |  4.067E-04 1.526E-03
    3412 1.3837E+00 4.0671E-04  ( 0.256    ,  1.953E-03,   0.00    ) |  4.067E-04 1.526E-03
    3413 1.3841E+00 4.0672E-04  ( 0.256    ,  1.953E-03,   0.00    ) |  4.067E-04 1.526E-03
    3414 1.3845E+00 4.0674E-04  ( 0.256    ,  1.953E-03,   0.00    ) |  4.067E-04 1.526E-03
    3415 1.3849E+00 4.0675E-04  ( 0.256    ,  1.953E-03,   0.00    ) |  4.067E-04 1.526E-03
    3416 1.3853E+00 4.0676E-04  ( 0.256    ,  1.953E-03,   0.00    ) |  4.068E-04 1.526E-03
    3417 1.3857E+00 4.0677E-04  ( 0.256    ,  1.953E-03,   0.00    ) |  4.068E-04 1.526E-03
    3418 1.3862E+00 4.0678E-04  ( 0.256    ,  1.953E-03,   0.00    ) |  4.068E-04 1.526E-03
    3419 1.3866E+00 4.0680E-04  ( 0.256    ,  1.953E-03,   0.00    ) |  4.068E-04 1.526E-03
    3420 1.3870E+00 4.0681E-04  ( 0.256    ,  1.953E-03,   0.00    ) |  4.068E-04 1.526E-03
    3421 1.3874E+00 4.0682E-04  ( 0.256    ,  1.953E-03,   0.00    ) |  4.068E-04 1.526E-03
    3422 1.3878E+00 4.0683E-04  ( 0.256    ,  1.953E-03,   0.00    ) |  4.068E-04 1.526E-03
    3423 1.3882E+00 4.0685E-04  ( 0.256    ,  1.953E-03,   0.00    ) |  4.068E-04 1.526E-03
    3424 1.3886E+00 4.0686E-04  ( 0.256    ,  1.953E-03,   0.00    ) |  4.069E-04 1.526E-03
    3425 1.3890E+00 4.0687E-04  ( 0.256    ,  1.953E-03,   0.00    ) |  4.069E-04 1.526E-03
    3426 1.3894E+00 4.0688E-04  ( 0.256    ,  1.953E-03,   0.00    ) |  4.069E-04 1.526E-03
    3427 1.3898E+00 4.0690E-04  ( 0.256    ,  1.953E-03,   0.00    ) |  4.069E-04 1.526E-03
    3428 1.3902E+00 4.0691E-04  (-0.256    , -1.953E-03,   0.00    ) |  4.069E-04 1.526E-03
    3429 1.3906E+00 4.0692E-04  (-0.256    , -1.953E-03,   0.00    ) |  4.069E-04 1.526E-03
    3430 1.3910E+00 4.0694E-04  (-0.256    , -1.953E-03,   0.00    ) |  4.069E-04 1.526E-03
    3431 1.3914E+00 4.0695E-04  (-0.256    , -1.953E-03,   0.00    ) |  4.069E-04 1.526E-03
    3432 1.3918E+00 4.0696E-04  (-0.256    , -1.953E-03,   0.00    ) |  4.070E-04 1.526E-03
    3433 1.3923E+00 4.0697E-04  (-0.256    , -1.953E-03,   0.00    ) |  4.070E-04 1.526E-03
    3434 1.3927E+00 4.0699E-04  (-0.256    , -1.953E-03,   0.00    ) |  4.070E-04 1.526E-03
    3435 1.3931E+00 4.0700E-04  (-0.256    , -1.953E-03,   0.00    ) |  4.070E-04 1.526E-03
    3436 1.3935E+00 4.0701E-04  (-0.256    , -1.953E-03,   0.00    ) |  4.070E-04 1.526E-03
    3437 1.3939E+00 4.0703E-04  (-0.256    , -1.953E-03,   0.00    ) |  4.070E-04 1.526E-03
    3438 1.3943E+00 4.0704E-04  (-0.256    , -1.953E-03,   0.00    ) |  4.070E-04 1.526E-03
    3439 1.3947E+00 4.0705E-04  (-0.256    , -1.953E-03,   0.00    ) |  4.071E-04 1.526E-03
    3440 1.3951E+00 4.0707E-04  (-0.256    , -1.953E-03,   0.00    ) |  4.071E-04 1.526E-03
    3441 1.3955E+00 4.0708E-04  (-0.256    , -1.953E-03,   0.00    ) |  4.071E-04 1.526E-03
    3442 1.3959E+00 4.0710E-04  (-0.256    , -1.953E-03,   0.00    ) |  4.071E-04 1.526E-03
    3443 1.3963E+00 4.0711E-04  (-0.256    , -1.953E-03,   0.00    ) |  4.071E-04 1.526E-03
    3444 1.3967E+00 4.0712E-04  (-0.256    , -1.953E-03,   0.00    ) |  4.071E-04 1.526E-03
    3445 1.3971E+00 4.0714E-04  (-0.256    , -1.953E-03,   0.00    ) |  4.071E-04 1.526E-03
    3446 1.3975E+00 4.0715E-04  (-0.256    , -1.953E-03,   0.00    ) |  4.071E-04 1.526E-03
    3447 1.3980E+00 4.0716E-04  (-0.256    , -1.953E-03,   0.00    ) |  4.072E-04 1.526E-03
    3448 1.3984E+00 4.0718E-04  (-0.256    , -1.953E-03,   0.00    ) |  4.072E-04 1.526E-03
    3449 1.3988E+00 4.0719E-04  (-0.256    , -1.953E-03,   0.00    ) |  4.072E-04 1.526E-03
    3450 1.3992E+00 4.0720E-04  (-0.256    , -1.953E-03,   0.00    ) |  4.072E-04 1.526E-03
    3451 1.3996E+00 4.0722E-04  (-0.256    , -1.953E-03,   0.00    ) |  4.072E-04 1.526E-03
    3452 1.4000E+00 4.0723E-04  (-0.256    , -1.953E-03,   0.00    ) |  4.072E-04 1.526E-03
 *** Wrote plotfile to flash_run_hdf5_plt_cnt_0056 ****
    3453 1.4004E+00 4.0725E-04  (-0.256    , -1.953E-03,   0.00    ) |  4.072E-04 1.526E-03
    3454 1.4008E+00 4.0726E-04  (-0.256    , -1.953E-03,   0.00    ) |  4.073E-04 1.526E-03
    3455 1.4012E+00 4.0727E-04  (-0.256    , -1.953E-03,   0.00    ) |  4.073E-04 1.526E-03
    3456 1.4016E+00 4.0729E-04  (-0.256    , -1.953E-03,   0.00    ) |  4.073E-04 1.526E-03
    3457 1.4020E+00 4.0730E-04  (-0.256    , -1.953E-03,   0.00    ) |  4.073E-04 1.526E-03
    3458 1.4024E+00 4.0732E-04  (-0.256    , -1.953E-03,   0.00    ) |  4.073E-04 1.526E-03
    3459 1.4028E+00 4.0733E-04  (-0.256    , -1.953E-03,   0.00    ) |  4.073E-04 1.526E-03
    3460 1.4032E+00 4.0734E-04  (-0.256    , -1.953E-03,   0.00    ) |  4.073E-04 1.526E-03
    3461 1.4037E+00 4.0736E-04  (-0.256    , -1.953E-03,   0.00    ) |  4.074E-04 1.526E-03
    3462 1.4041E+00 4.0737E-04  (-0.256    , -1.953E-03,   0.00    ) |  4.074E-04 1.526E-03
    3463 1.4045E+00 4.0739E-04  (-0.256    , -1.953E-03,   0.00    ) |  4.074E-04 1.526E-03
    3464 1.4049E+00 4.0740E-04  (-0.256    , -1.953E-03,   0.00    ) |  4.074E-04 1.526E-03
    3465 1.4053E+00 4.0742E-04  (-0.256    , -1.953E-03,   0.00    ) |  4.074E-04 1.526E-03
    3466 1.4057E+00 4.0743E-04  (-0.256    , -1.953E-03,   0.00    ) |  4.074E-04 1.526E-03
    3467 1.4061E+00 4.0745E-04  (-0.256    , -1.953E-03,   0.00    ) |  4.074E-04 1.526E-03
    3468 1.4065E+00 4.0746E-04  (-0.256    , -1.953E-03,   0.00    ) |  4.075E-04 1.526E-03
    3469 1.4069E+00 4.0748E-04  (-0.256    , -1.953E-03,   0.00    ) |  4.075E-04 1.526E-03
    3470 1.4073E+00 4.0749E-04  (-0.256    , -1.953E-03,   0.00    ) |  4.075E-04 1.526E-03
    3471 1.4077E+00 4.0751E-04  (-0.256    , -1.953E-03,   0.00    ) |  4.075E-04 1.526E-03
    3472 1.4081E+00 4.0752E-04  (-0.256    , -1.953E-03,   0.00    ) |  4.075E-04 1.526E-03
    3473 1.4085E+00 4.0754E-04  (-0.256    , -1.953E-03,   0.00    ) |  4.075E-04 1.526E-03
    3474 1.4090E+00 4.0756E-04  (-0.256    , -1.953E-03,   0.00    ) |  4.076E-04 1.526E-03
    3475 1.4094E+00 4.0757E-04  (-0.256    ,  1.953E-03,   0.00    ) |  4.076E-04 1.526E-03
    3476 1.4098E+00 4.0759E-04  (-0.256    , -1.953E-03,   0.00    ) |  4.076E-04 1.526E-03
    3477 1.4102E+00 4.0760E-04  (-0.256    , -1.953E-03,   0.00    ) |  4.076E-04 1.526E-03
    3478 1.4106E+00 4.0762E-04  (-0.256    , -1.953E-03,   0.00    ) |  4.076E-04 1.526E-03
    3479 1.4110E+00 4.0764E-04  (-0.256    , -1.953E-03,   0.00    ) |  4.076E-04 1.526E-03
    3480 1.4114E+00 4.0765E-04  (-0.256    , -1.953E-03,   0.00    ) |  4.077E-04 1.526E-03
    3481 1.4118E+00 4.0767E-04  (-0.256    , -1.953E-03,   0.00    ) |  4.077E-04 1.526E-03
    3482 1.4122E+00 4.0769E-04  (-0.256    , -1.953E-03,   0.00    ) |  4.077E-04 1.526E-03
    3483 1.4126E+00 4.0770E-04  (-0.256    , -1.953E-03,   0.00    ) |  4.077E-04 1.526E-03
    3484 1.4130E+00 4.0772E-04  (-0.256    , -1.953E-03,   0.00    ) |  4.077E-04 1.526E-03
    3485 1.4134E+00 4.0774E-04  (-0.256    ,  1.953E-03,   0.00    ) |  4.077E-04 1.526E-03
    3486 1.4138E+00 4.0775E-04  (-0.256    , -1.953E-03,   0.00    ) |  4.078E-04 1.526E-03
    3487 1.4143E+00 4.0777E-04  (-0.256    ,  1.953E-03,   0.00    ) |  4.078E-04 1.526E-03
    3488 1.4147E+00 4.0779E-04  (-0.256    ,  1.953E-03,   0.00    ) |  4.078E-04 1.526E-03
    3489 1.4151E+00 4.0780E-04  (-0.256    ,  1.953E-03,   0.00    ) |  4.078E-04 1.526E-03
    3490 1.4155E+00 4.0782E-04  (-0.256    ,  1.953E-03,   0.00    ) |  4.078E-04 1.526E-03
    3491 1.4159E+00 4.0784E-04  (-0.256    ,  1.953E-03,   0.00    ) |  4.078E-04 1.526E-03
    3492 1.4163E+00 4.0786E-04  (-0.256    ,  1.953E-03,   0.00    ) |  4.079E-04 1.526E-03
    3493 1.4167E+00 4.0788E-04  (-0.256    ,  1.953E-03,   0.00    ) |  4.079E-04 1.526E-03
    3494 1.4171E+00 4.0789E-04  (-0.256    ,  1.953E-03,   0.00    ) |  4.079E-04 1.526E-03
    3495 1.4175E+00 4.0791E-04  (-0.256    ,  1.953E-03,   0.00    ) |  4.079E-04 1.526E-03
    3496 1.4179E+00 4.0793E-04  (-0.256    ,  1.953E-03,   0.00    ) |  4.079E-04 1.526E-03
    3497 1.4183E+00 4.0795E-04  (-0.256    ,  1.953E-03,   0.00    ) |  4.079E-04 1.526E-03
    3498 1.4187E+00 4.0797E-04  (-0.256    ,  1.953E-03,   0.00    ) |  4.080E-04 1.526E-03
    3499 1.4191E+00 4.0799E-04  (-0.256    ,  1.953E-03,   0.00    ) |  4.080E-04 1.526E-03
    3500 1.4196E+00 4.0800E-04  (-0.256    ,  1.953E-03,   0.00    ) |  4.080E-04 1.526E-03
    3501 1.4200E+00 4.0802E-04  (-0.256    ,  1.953E-03,   0.00    ) |  4.080E-04 1.526E-03
    3502 1.4204E+00 4.0804E-04  (-0.256    ,  1.953E-03,   0.00    ) |  4.080E-04 1.526E-03
    3503 1.4208E+00 4.0806E-04  (-0.256    ,  1.953E-03,   0.00    ) |  4.081E-04 1.526E-03
    3504 1.4212E+00 4.0808E-04  (-0.256    ,  1.953E-03,   0.00    ) |  4.081E-04 1.526E-03
    3505 1.4216E+00 4.0810E-04  (-0.256    ,  1.953E-03,   0.00    ) |  4.081E-04 1.526E-03
    3506 1.4220E+00 4.0812E-04  (-0.256    ,  1.953E-03,   0.00    ) |  4.081E-04 1.526E-03
    3507 1.4224E+00 4.0814E-04  (-0.256    ,  1.953E-03,   0.00    ) |  4.081E-04 1.526E-03
    3508 1.4228E+00 4.0816E-04  (-0.256    ,  1.953E-03,   0.00    ) |  4.082E-04 1.526E-03
    3509 1.4232E+00 4.0818E-04  (-0.256    ,  1.953E-03,   0.00    ) |  4.082E-04 1.526E-03
    3510 1.4236E+00 4.0820E-04  (-0.256    ,  1.953E-03,   0.00    ) |  4.082E-04 1.526E-03
    3511 1.4240E+00 4.0822E-04  (-0.256    ,  1.953E-03,   0.00    ) |  4.082E-04 1.526E-03
    3512 1.4245E+00 4.0824E-04  (-0.256    ,  1.953E-03,   0.00    ) |  4.082E-04 1.526E-03
    3513 1.4249E+00 4.0826E-04  (-0.256    ,  1.953E-03,   0.00    ) |  4.083E-04 1.526E-03
 *** Wrote plotfile to flash_run_hdf5_plt_cnt_0057 ****
    3514 1.4253E+00 4.0828E-04  (-0.256    ,  1.953E-03,   0.00    ) |  4.083E-04 1.526E-03
    3515 1.4257E+00 4.0830E-04  (-0.256    ,  1.953E-03,   0.00    ) |  4.083E-04 1.526E-03
    3516 1.4261E+00 4.0832E-04  (-0.256    ,  1.953E-03,   0.00    ) |  4.083E-04 1.526E-03
    3517 1.4265E+00 4.0834E-04  (-0.256    ,  1.953E-03,   0.00    ) |  4.083E-04 1.526E-03
    3518 1.4269E+00 4.0836E-04  (-0.256    ,  1.953E-03,   0.00    ) |  4.084E-04 1.526E-03
    3519 1.4273E+00 4.0838E-04  (-0.256    ,  1.953E-03,   0.00    ) |  4.084E-04 1.526E-03
    3520 1.4277E+00 4.0840E-04  (-0.256    ,  1.953E-03,   0.00    ) |  4.084E-04 1.526E-03
    3521 1.4281E+00 4.0842E-04  (-0.256    ,  1.953E-03,   0.00    ) |  4.084E-04 1.526E-03
    3522 1.4285E+00 4.0844E-04  (-0.256    ,  1.953E-03,   0.00    ) |  4.084E-04 1.526E-03
    3523 1.4289E+00 4.0846E-04  (-0.256    ,  1.953E-03,   0.00    ) |  4.085E-04 1.526E-03
    3524 1.4294E+00 4.0848E-04  (-0.256    ,  1.953E-03,   0.00    ) |  4.085E-04 1.526E-03
    3525 1.4298E+00 4.0850E-04  (-0.256    ,  1.953E-03,   0.00    ) |  4.085E-04 1.526E-03
    3526 1.4302E+00 4.0852E-04  (-0.256    ,  1.953E-03,   0.00    ) |  4.085E-04 1.526E-03
    3527 1.4306E+00 4.0854E-04  (-0.256    ,  1.953E-03,   0.00    ) |  4.085E-04 1.526E-03
    3528 1.4310E+00 4.0856E-04  (-0.256    ,  1.953E-03,   0.00    ) |  4.086E-04 1.526E-03
    3529 1.4314E+00 4.0858E-04  (-0.256    ,  1.953E-03,   0.00    ) |  4.086E-04 1.526E-03
    3530 1.4318E+00 4.0860E-04  (-0.256    ,  1.953E-03,   0.00    ) |  4.086E-04 1.526E-03
    3531 1.4322E+00 4.0862E-04  (-0.256    ,  1.953E-03,   0.00    ) |  4.086E-04 1.526E-03
    3532 1.4326E+00 4.0864E-04  (-0.256    ,  1.953E-03,   0.00    ) |  4.086E-04 1.526E-03
    3533 1.4330E+00 4.0866E-04  (-0.256    ,  1.953E-03,   0.00    ) |  4.087E-04 1.526E-03
    3534 1.4334E+00 4.0868E-04  (-0.256    ,  1.953E-03,   0.00    ) |  4.087E-04 1.526E-03
    3535 1.4338E+00 4.0870E-04  (-0.256    ,  1.953E-03,   0.00    ) |  4.087E-04 1.526E-03
    3536 1.4343E+00 4.0872E-04  (-0.256    ,  1.953E-03,   0.00    ) |  4.087E-04 1.526E-03
    3537 1.4347E+00 4.0874E-04  (-0.256    ,  1.953E-03,   0.00    ) |  4.087E-04 1.526E-03
    3538 1.4351E+00 4.0876E-04  (-0.256    ,  1.953E-03,   0.00    ) |  4.088E-04 1.526E-03
    3539 1.4355E+00 4.0878E-04  (-0.256    ,  1.953E-03,   0.00    ) |  4.088E-04 1.526E-03
    3540 1.4359E+00 4.0880E-04  (-0.256    ,  1.953E-03,   0.00    ) |  4.088E-04 1.526E-03
    3541 1.4363E+00 4.0882E-04  (-0.256    ,  1.953E-03,   0.00    ) |  4.088E-04 1.526E-03
    3542 1.4367E+00 4.0884E-04  (-0.256    ,  1.953E-03,   0.00    ) |  4.088E-04 1.526E-03
    3543 1.4371E+00 4.0886E-04  (-0.256    ,  1.953E-03,   0.00    ) |  4.089E-04 1.526E-03
    3544 1.4375E+00 4.0888E-04  (-0.256    ,  1.953E-03,   0.00    ) |  4.089E-04 1.526E-03
    3545 1.4379E+00 4.0890E-04  (-0.256    ,  1.953E-03,   0.00    ) |  4.089E-04 1.526E-03
    3546 1.4383E+00 4.0892E-04  (-0.256    ,  1.953E-03,   0.00    ) |  4.089E-04 1.526E-03
    3547 1.4388E+00 4.0894E-04  (-0.256    ,  1.953E-03,   0.00    ) |  4.089E-04 1.526E-03
    3548 1.4392E+00 4.0896E-04  (-0.256    ,  1.953E-03,   0.00    ) |  4.090E-04 1.526E-03
    3549 1.4396E+00 4.0898E-04  (-0.256    ,  1.953E-03,   0.00    ) |  4.090E-04 1.526E-03
    3550 1.4400E+00 4.0901E-04  (-0.256    ,  1.953E-03,   0.00    ) |  4.090E-04 1.526E-03
    3551 1.4404E+00 4.0903E-04  (-0.256    ,  1.953E-03,   0.00    ) |  4.090E-04 1.526E-03
    3552 1.4408E+00 4.0905E-04  (-0.256    ,  1.953E-03,   0.00    ) |  4.090E-04 1.526E-03
    3553 1.4412E+00 4.0907E-04  (-0.256    ,  1.953E-03,   0.00    ) |  4.091E-04 1.526E-03
    3554 1.4416E+00 4.0909E-04  (-0.256    ,  1.953E-03,   0.00    ) |  4.091E-04 1.526E-03
    3555 1.4420E+00 4.0910E-04  (-0.256    ,  1.953E-03,   0.00    ) |  4.091E-04 1.526E-03
    3556 1.4424E+00 4.0912E-04  (-0.256    ,  1.953E-03,   0.00    ) |  4.091E-04 1.526E-03
    3557 1.4428E+00 4.0914E-04  (-0.256    ,  1.953E-03,   0.00    ) |  4.091E-04 1.526E-03
    3558 1.4433E+00 4.0916E-04  ( 0.256    , -1.953E-03,   0.00    ) |  4.092E-04 1.526E-03
    3559 1.4437E+00 4.0918E-04  (-0.256    ,  1.953E-03,   0.00    ) |  4.092E-04 1.526E-03
    3560 1.4441E+00 4.0920E-04  ( 0.256    , -1.953E-03,   0.00    ) |  4.092E-04 1.526E-03
    3561 1.4445E+00 4.0922E-04  ( 0.256    , -1.953E-03,   0.00    ) |  4.092E-04 1.526E-03
    3562 1.4449E+00 4.0924E-04  (-0.256    ,  1.953E-03,   0.00    ) |  4.092E-04 1.526E-03
    3563 1.4453E+00 4.0926E-04  ( 0.256    , -1.953E-03,   0.00    ) |  4.093E-04 1.526E-03
    3564 1.4457E+00 4.0928E-04  ( 0.256    , -1.953E-03,   0.00    ) |  4.093E-04 1.526E-03
    3565 1.4461E+00 4.0930E-04  ( 0.256    , -1.953E-03,   0.00    ) |  4.093E-04 1.526E-03
    3566 1.4465E+00 4.0932E-04  ( 0.256    , -1.953E-03,   0.00    ) |  4.093E-04 1.526E-03
    3567 1.4469E+00 4.0934E-04  ( 0.256    , -1.953E-03,   0.00    ) |  4.093E-04 1.526E-03
    3568 1.4473E+00 4.0936E-04  ( 0.256    , -1.953E-03,   0.00    ) |  4.094E-04 1.526E-03
    3569 1.4478E+00 4.0938E-04  ( 0.256    , -1.953E-03,   0.00    ) |  4.094E-04 1.526E-03
    3570 1.4482E+00 4.0940E-04  ( 0.256    , -1.953E-03,   0.00    ) |  4.094E-04 1.526E-03
    3571 1.4486E+00 4.0942E-04  ( 0.256    ,  1.953E-03,   0.00    ) |  4.094E-04 1.526E-03
    3572 1.4490E+00 4.0944E-04  ( 0.256    ,  1.953E-03,   0.00    ) |  4.094E-04 1.526E-03
    3573 1.4494E+00 4.0946E-04  ( 0.256    ,  1.953E-03,   0.00    ) |  4.095E-04 1.526E-03
    3574 1.4498E+00 4.0948E-04  ( 0.256    ,  1.953E-03,   0.00    ) |  4.095E-04 1.526E-03
 *** Wrote plotfile to flash_run_hdf5_plt_cnt_0058 ****
    3575 1.4502E+00 4.0950E-04  ( 0.256    ,  1.953E-03,   0.00    ) |  4.095E-04 1.526E-03
    3576 1.4506E+00 4.0952E-04  (-0.256    ,  1.953E-03,   0.00    ) |  4.095E-04 1.526E-03
    3577 1.4510E+00 4.0954E-04  (-0.256    ,  1.953E-03,   0.00    ) |  4.095E-04 1.526E-03
    3578 1.4514E+00 4.0956E-04  (-0.256    ,  1.953E-03,   0.00    ) |  4.096E-04 1.526E-03
    3579 1.4518E+00 4.0958E-04  (-0.256    ,  1.953E-03,   0.00    ) |  4.096E-04 1.526E-03
    3580 1.4523E+00 4.0960E-04  (-0.256    ,  1.953E-03,   0.00    ) |  4.096E-04 1.526E-03
    3581 1.4527E+00 4.0963E-04  (-0.256    ,  1.953E-03,   0.00    ) |  4.096E-04 1.526E-03
    3582 1.4531E+00 4.0965E-04  (-0.256    ,  1.953E-03,   0.00    ) |  4.096E-04 1.526E-03
    3583 1.4535E+00 4.0967E-04  (-0.256    ,  1.953E-03,   0.00    ) |  4.097E-04 1.526E-03
    3584 1.4539E+00 4.0969E-04  (-0.256    ,  1.953E-03,   0.00    ) |  4.097E-04 1.526E-03
    3585 1.4543E+00 4.0971E-04  (-0.256    ,  1.953E-03,   0.00    ) |  4.097E-04 1.526E-03
    3586 1.4547E+00 4.0973E-04  (-0.256    ,  1.953E-03,   0.00    ) |  4.097E-04 1.526E-03
    3587 1.4551E+00 4.0975E-04  (-0.256    ,  1.953E-03,   0.00    ) |  4.098E-04 1.526E-03
    3588 1.4555E+00 4.0977E-04  (-0.256    ,  1.953E-03,   0.00    ) |  4.098E-04 1.526E-03
    3589 1.4559E+00 4.0979E-04  (-0.256    ,  1.953E-03,   0.00    ) |  4.098E-04 1.526E-03
    3590 1.4564E+00 4.0981E-04  ( 0.256    , -1.953E-03,   0.00    ) |  4.098E-04 1.526E-03
    3591 1.4568E+00 4.0984E-04  ( 0.256    , -1.953E-03,   0.00    ) |  4.098E-04 1.526E-03
    3592 1.4572E+00 4.0986E-04  ( 0.256    , -1.953E-03,   0.00    ) |  4.099E-04 1.526E-03
    3593 1.4576E+00 4.0988E-04  ( 0.256    , -1.953E-03,   0.00    ) |  4.099E-04 1.526E-03
    3594 1.4580E+00 4.0990E-04  ( 0.256    ,  1.953E-03,   0.00    ) |  4.099E-04 1.526E-03
    3595 1.4584E+00 4.0992E-04  ( 0.256    ,  1.953E-03,   0.00    ) |  4.099E-04 1.526E-03
    3596 1.4588E+00 4.0995E-04  ( 0.256    ,  1.953E-03,   0.00    ) |  4.099E-04 1.526E-03
    3597 1.4592E+00 4.0997E-04  ( 0.256    ,  1.953E-03,   0.00    ) |  4.100E-04 1.526E-03
    3598 1.4596E+00 4.0999E-04  ( 0.256    ,  1.953E-03,   0.00    ) |  4.100E-04 1.526E-03
    3599 1.4600E+00 4.1001E-04  ( 0.256    ,  1.953E-03,   0.00    ) |  4.100E-04 1.526E-03
    3600 1.4605E+00 4.1004E-04  ( 0.256    ,  1.953E-03,   0.00    ) |  4.100E-04 1.526E-03
    3601 1.4609E+00 4.1006E-04  ( 0.256    ,  1.953E-03,   0.00    ) |  4.101E-04 1.526E-03
    3602 1.4613E+00 4.1008E-04  ( 0.256    ,  1.953E-03,   0.00    ) |  4.101E-04 1.526E-03
    3603 1.4617E+00 4.1010E-04  (-0.256    ,  1.953E-03,   0.00    ) |  4.101E-04 1.526E-03
    3604 1.4621E+00 4.1013E-04  (-0.256    ,  1.953E-03,   0.00    ) |  4.101E-04 1.526E-03
    3605 1.4625E+00 4.1015E-04  (-0.256    ,  1.953E-03,   0.00    ) |  4.102E-04 1.526E-03
    3606 1.4629E+00 4.1017E-04  (-0.256    ,  1.953E-03,   0.00    ) |  4.102E-04 1.526E-03
    3607 1.4633E+00 4.1020E-04  (-0.256    ,  1.953E-03,   0.00    ) |  4.102E-04 1.526E-03
    3608 1.4637E+00 4.1022E-04  (-0.256    ,  1.953E-03,   0.00    ) |  4.102E-04 1.526E-03
    3609 1.4641E+00 4.1024E-04  (-0.256    ,  1.953E-03,   0.00    ) |  4.102E-04 1.526E-03
    3610 1.4646E+00 4.1027E-04  (-0.256    ,  1.953E-03,   0.00    ) |  4.103E-04 1.526E-03
    3611 1.4650E+00 4.1029E-04  (-0.256    ,  1.953E-03,   0.00    ) |  4.103E-04 1.526E-03
    3612 1.4654E+00 4.1032E-04  (-0.256    ,  1.953E-03,   0.00    ) |  4.103E-04 1.526E-03
    3613 1.4658E+00 4.1034E-04  (-0.252    ,  1.953E-03,   0.00    ) |  4.103E-04 1.526E-03
    3614 1.4662E+00 4.1036E-04  (-0.252    ,  1.953E-03,   0.00    ) |  4.104E-04 1.526E-03
    3615 1.4666E+00 4.1039E-04  (-0.252    ,  1.953E-03,   0.00    ) |  4.104E-04 1.526E-03
    3616 1.4670E+00 4.1041E-04  (-0.252    ,  1.953E-03,   0.00    ) |  4.104E-04 1.526E-03
    3617 1.4674E+00 4.1043E-04  (-0.252    ,  1.953E-03,   0.00    ) |  4.104E-04 1.526E-03
    3618 1.4678E+00 4.1046E-04  (-0.252    ,  1.953E-03,   0.00    ) |  4.105E-04 1.526E-03
    3619 1.4682E+00 4.1048E-04  (-0.252    ,  1.953E-03,   0.00    ) |  4.105E-04 1.526E-03
    3620 1.4687E+00 4.1051E-04  (-0.252    ,  1.953E-03,   0.00    ) |  4.105E-04 1.526E-03
    3621 1.4691E+00 4.1053E-04  (-0.252    ,  1.953E-03,   0.00    ) |  4.105E-04 1.526E-03
    3622 1.4695E+00 4.1055E-04  (-0.252    ,  1.953E-03,   0.00    ) |  4.106E-04 1.526E-03
    3623 1.4699E+00 4.1058E-04  (-0.252    ,  1.953E-03,   0.00    ) |  4.106E-04 1.526E-03
    3624 1.4703E+00 4.1060E-04  (-0.252    ,  1.953E-03,   0.00    ) |  4.106E-04 1.526E-03
    3625 1.4707E+00 4.1062E-04  (-0.252    ,  1.953E-03,   0.00    ) |  4.106E-04 1.526E-03
    3626 1.4711E+00 4.1065E-04  (-0.252    ,  1.953E-03,   0.00    ) |  4.106E-04 1.526E-03
    3627 1.4715E+00 4.1067E-04  (-0.252    ,  1.953E-03,   0.00    ) |  4.107E-04 1.526E-03
    3628 1.4719E+00 4.1069E-04  (-0.252    ,  1.953E-03,   0.00    ) |  4.107E-04 1.526E-03
    3629 1.4724E+00 4.1072E-04  (-0.252    ,  1.953E-03,   0.00    ) |  4.107E-04 1.526E-03
    3630 1.4728E+00 4.1074E-04  (-0.252    ,  1.953E-03,   0.00    ) |  4.107E-04 1.526E-03
    3631 1.4732E+00 4.1076E-04  (-0.252    ,  1.953E-03,   0.00    ) |  4.108E-04 1.526E-03
    3632 1.4736E+00 4.1079E-04  (-0.256    ,  1.953E-03,   0.00    ) |  4.108E-04 1.526E-03
    3633 1.4740E+00 4.1081E-04  (-0.256    ,  1.953E-03,   0.00    ) |  4.108E-04 1.526E-03
    3634 1.4744E+00 4.1083E-04  (-0.256    ,  1.953E-03,   0.00    ) |  4.108E-04 1.526E-03
    3635 1.4748E+00 4.1086E-04  (-0.256    ,  1.953E-03,   0.00    ) |  4.109E-04 1.526E-03
 *** Wrote plotfile to flash_run_hdf5_plt_cnt_0059 ****
    3636 1.4752E+00 4.1088E-04  (-0.256    ,  1.953E-03,   0.00    ) |  4.109E-04 1.526E-03
    3637 1.4756E+00 4.1090E-04  (-0.256    ,  1.953E-03,   0.00    ) |  4.109E-04 1.526E-03
    3638 1.4761E+00 4.1092E-04  (-0.256    ,  1.953E-03,   0.00    ) |  4.109E-04 1.526E-03
    3639 1.4765E+00 4.1094E-04  (-0.256    ,  1.953E-03,   0.00    ) |  4.109E-04 1.526E-03
    3640 1.4769E+00 4.1097E-04  (-0.256    ,  1.953E-03,   0.00    ) |  4.110E-04 1.526E-03
    3641 1.4773E+00 4.1099E-04  (-0.256    ,  1.953E-03,   0.00    ) |  4.110E-04 1.526E-03
    3642 1.4777E+00 4.1101E-04  (-0.256    ,  1.953E-03,   0.00    ) |  4.110E-04 1.526E-03
    3643 1.4781E+00 4.1103E-04  (-0.256    ,  1.953E-03,   0.00    ) |  4.110E-04 1.526E-03
    3644 1.4785E+00 4.1105E-04  (-0.256    ,  1.953E-03,   0.00    ) |  4.111E-04 1.526E-03
    3645 1.4789E+00 4.1108E-04  (-0.256    ,  1.953E-03,   0.00    ) |  4.111E-04 1.526E-03
    3646 1.4793E+00 4.1110E-04  (-0.256    ,  1.953E-03,   0.00    ) |  4.111E-04 1.526E-03
    3647 1.4798E+00 4.1112E-04  (-0.256    ,  1.953E-03,   0.00    ) |  4.111E-04 1.526E-03
    3648 1.4802E+00 4.1114E-04  (-0.256    ,  1.953E-03,   0.00    ) |  4.111E-04 1.526E-03
    3649 1.4806E+00 4.1116E-04  (-0.256    ,  1.953E-03,   0.00    ) |  4.112E-04 1.526E-03
    3650 1.4810E+00 4.1118E-04  (-0.256    ,  1.953E-03,   0.00    ) |  4.112E-04 1.526E-03
    3651 1.4814E+00 4.1121E-04  (-0.256    ,  1.953E-03,   0.00    ) |  4.112E-04 1.526E-03
    3652 1.4818E+00 4.1123E-04  (-0.256    ,  1.953E-03,   0.00    ) |  4.112E-04 1.526E-03
    3653 1.4822E+00 4.1125E-04  (-0.256    ,  1.953E-03,   0.00    ) |  4.112E-04 1.526E-03
    3654 1.4826E+00 4.1127E-04  (-0.256    ,  1.953E-03,   0.00    ) |  4.113E-04 1.526E-03
    3655 1.4830E+00 4.1129E-04  (-0.256    ,  1.953E-03,   0.00    ) |  4.113E-04 1.526E-03
    3656 1.4835E+00 4.1131E-04  (-0.256    ,  1.953E-03,   0.00    ) |  4.113E-04 1.526E-03
    3657 1.4839E+00 4.1134E-04  (-0.256    ,  1.953E-03,   0.00    ) |  4.113E-04 1.526E-03
    3658 1.4843E+00 4.1136E-04  (-0.256    ,  1.953E-03,   0.00    ) |  4.114E-04 1.526E-03
    3659 1.4847E+00 4.1138E-04  (-0.256    ,  1.953E-03,   0.00    ) |  4.114E-04 1.526E-03
    3660 1.4851E+00 4.1140E-04  (-0.256    ,  1.953E-03,   0.00    ) |  4.114E-04 1.526E-03
    3661 1.4855E+00 4.1142E-04  (-0.256    ,  1.953E-03,   0.00    ) |  4.114E-04 1.526E-03
    3662 1.4859E+00 4.1145E-04  (-0.252    ,  1.953E-03,   0.00    ) |  4.114E-04 1.526E-03
    3663 1.4863E+00 4.1147E-04  (-0.252    ,  1.953E-03,   0.00    ) |  4.115E-04 1.526E-03
    3664 1.4867E+00 4.1149E-04  (-0.252    ,  1.953E-03,   0.00    ) |  4.115E-04 1.526E-03
    3665 1.4872E+00 4.1151E-04  (-0.252    ,  1.953E-03,   0.00    ) |  4.115E-04 1.526E-03
    3666 1.4876E+00 4.1153E-04  (-0.252    ,  1.953E-03,   0.00    ) |  4.115E-04 1.526E-03
    3667 1.4880E+00 4.1156E-04  (-0.252    ,  1.953E-03,   0.00    ) |  4.116E-04 1.526E-03
    3668 1.4884E+00 4.1158E-04  (-0.252    ,  1.953E-03,   0.00    ) |  4.116E-04 1.526E-03
    3669 1.4888E+00 4.1160E-04  (-0.252    ,  1.953E-03,   0.00    ) |  4.116E-04 1.526E-03
    3670 1.4892E+00 4.1162E-04  (-0.252    ,  1.953E-03,   0.00    ) |  4.116E-04 1.526E-03
    3671 1.4896E+00 4.1165E-04  (-0.252    ,  1.953E-03,   0.00    ) |  4.116E-04 1.526E-03
    3672 1.4900E+00 4.1167E-04  (-0.252    ,  1.953E-03,   0.00    ) |  4.117E-04 1.526E-03
    3673 1.4904E+00 4.1169E-04  (-0.252    ,  1.953E-03,   0.00    ) |  4.117E-04 1.526E-03
    3674 1.4909E+00 4.1171E-04  (-0.252    ,  1.953E-03,   0.00    ) |  4.117E-04 1.526E-03
    3675 1.4913E+00 4.1174E-04  (-0.252    ,  1.953E-03,   0.00    ) |  4.117E-04 1.526E-03
    3676 1.4917E+00 4.1176E-04  (-0.252    ,  1.953E-03,   0.00    ) |  4.118E-04 1.526E-03
    3677 1.4921E+00 4.1178E-04  (-0.252    ,  1.953E-03,   0.00    ) |  4.118E-04 1.526E-03
    3678 1.4925E+00 4.1181E-04  (-0.252    ,  1.953E-03,   0.00    ) |  4.118E-04 1.526E-03
    3679 1.4929E+00 4.1183E-04  (-0.252    ,  1.953E-03,   0.00    ) |  4.118E-04 1.526E-03
    3680 1.4933E+00 4.1185E-04  (-0.252    ,  1.953E-03,   0.00    ) |  4.119E-04 1.526E-03
    3681 1.4937E+00 4.1188E-04  (-0.252    ,  1.953E-03,   0.00    ) |  4.119E-04 1.526E-03
    3682 1.4942E+00 4.1190E-04  (-0.252    ,  1.953E-03,   0.00    ) |  4.119E-04 1.526E-03
    3683 1.4946E+00 4.1192E-04  (-0.252    ,  1.953E-03,   0.00    ) |  4.119E-04 1.526E-03
    3684 1.4950E+00 4.1195E-04  (-0.252    ,  1.953E-03,   0.00    ) |  4.119E-04 1.526E-03
    3685 1.4954E+00 4.1197E-04  (-0.252    ,  1.953E-03,   0.00    ) |  4.120E-04 1.526E-03
    3686 1.4958E+00 4.1200E-04  (-0.252    ,  1.953E-03,   0.00    ) |  4.120E-04 1.526E-03
    3687 1.4962E+00 4.1202E-04  (-0.252    ,  1.953E-03,   0.00    ) |  4.120E-04 1.526E-03
    3688 1.4966E+00 4.1205E-04  (-0.252    ,  1.953E-03,   0.00    ) |  4.120E-04 1.526E-03
    3689 1.4970E+00 4.1207E-04  (-0.252    ,  1.953E-03,   0.00    ) |  4.121E-04 1.526E-03
    3690 1.4974E+00 4.1209E-04  (-0.252    ,  1.953E-03,   0.00    ) |  4.121E-04 1.526E-03
    3691 1.4979E+00 4.1212E-04  (-0.252    ,  1.953E-03,   0.00    ) |  4.121E-04 1.526E-03
    3692 1.4983E+00 4.1214E-04  (-0.252    ,  1.953E-03,   0.00    ) |  4.121E-04 1.526E-03
    3693 1.4987E+00 4.1217E-04  (-0.252    ,  1.953E-03,   0.00    ) |  4.122E-04 1.526E-03
    3694 1.4991E+00 4.1219E-04  (-0.252    ,  1.953E-03,   0.00    ) |  4.122E-04 1.526E-03
    3695 1.4995E+00 4.1222E-04  (-0.252    ,  1.953E-03,   0.00    ) |  4.122E-04 1.526E-03
    3696 1.4999E+00 4.1224E-04  (-0.252    ,  1.953E-03,   0.00    ) |  4.122E-04 1.526E-03
 *** Wrote plotfile to flash_run_hdf5_plt_cnt_0060 ****
    3697 1.5003E+00 4.1227E-04  (-0.252    ,  1.953E-03,   0.00    ) |  4.123E-04 1.526E-03
    3698 1.5007E+00 4.1229E-04  (-0.252    ,  1.953E-03,   0.00    ) |  4.123E-04 1.526E-03
    3699 1.5012E+00 4.1232E-04  (-0.252    ,  1.953E-03,   0.00    ) |  4.123E-04 1.526E-03
    3700 1.5016E+00 4.1234E-04  (-0.252    ,  1.953E-03,   0.00    ) |  4.123E-04 1.526E-03
    3701 1.5020E+00 4.1237E-04  (-0.252    ,  1.953E-03,   0.00    ) |  4.124E-04 1.526E-03
    3702 1.5024E+00 4.1239E-04  (-0.252    ,  1.953E-03,   0.00    ) |  4.124E-04 1.526E-03
    3703 1.5028E+00 4.1242E-04  (-0.252    ,  1.953E-03,   0.00    ) |  4.124E-04 1.526E-03
    3704 1.5032E+00 4.1244E-04  (-0.252    ,  1.953E-03,   0.00    ) |  4.124E-04 1.526E-03
    3705 1.5036E+00 4.1247E-04  (-0.252    ,  1.953E-03,   0.00    ) |  4.125E-04 1.526E-03
    3706 1.5040E+00 4.1249E-04  (-0.252    ,  1.953E-03,   0.00    ) |  4.125E-04 1.526E-03
    3707 1.5045E+00 4.1252E-04  (-0.252    ,  1.953E-03,   0.00    ) |  4.125E-04 1.526E-03
    3708 1.5049E+00 4.1254E-04  (-0.252    ,  1.953E-03,   0.00    ) |  4.125E-04 1.526E-03
    3709 1.5053E+00 4.1257E-04  (-0.252    ,  1.953E-03,   0.00    ) |  4.126E-04 1.526E-03
    3710 1.5057E+00 4.1259E-04  (-0.252    ,  1.953E-03,   0.00    ) |  4.126E-04 1.526E-03
    3711 1.5061E+00 4.1262E-04  (-0.252    ,  1.953E-03,   0.00    ) |  4.126E-04 1.526E-03
    3712 1.5065E+00 4.1264E-04  (-0.252    ,  1.953E-03,   0.00    ) |  4.126E-04 1.526E-03
    3713 1.5069E+00 4.1267E-04  (-0.252    ,  1.953E-03,   0.00    ) |  4.127E-04 1.526E-03
    3714 1.5073E+00 4.1269E-04  (-0.252    ,  1.953E-03,   0.00    ) |  4.127E-04 1.526E-03
    3715 1.5078E+00 4.1272E-04  (-0.252    ,  1.953E-03,   0.00    ) |  4.127E-04 1.526E-03
    3716 1.5082E+00 4.1274E-04  (-0.252    ,  1.953E-03,   0.00    ) |  4.127E-04 1.526E-03
    3717 1.5086E+00 4.1277E-04  (-0.252    ,  1.953E-03,   0.00    ) |  4.128E-04 1.526E-03
    3718 1.5090E+00 4.1279E-04  (-0.252    ,  1.953E-03,   0.00    ) |  4.128E-04 1.526E-03
    3719 1.5094E+00 4.1282E-04  (-0.252    ,  1.953E-03,   0.00    ) |  4.128E-04 1.526E-03
    3720 1.5098E+00 4.1284E-04  (-0.252    ,  1.953E-03,   0.00    ) |  4.128E-04 1.526E-03
    3721 1.5102E+00 4.1287E-04  (-0.252    ,  1.953E-03,   0.00    ) |  4.129E-04 1.526E-03
    3722 1.5106E+00 4.1289E-04  (-0.252    ,  1.953E-03,   0.00    ) |  4.129E-04 1.526E-03
    3723 1.5111E+00 4.1292E-04  (-0.252    ,  1.953E-03,   0.00    ) |  4.129E-04 1.526E-03
    3724 1.5115E+00 4.1294E-04  (-0.252    ,  1.953E-03,   0.00    ) |  4.129E-04 1.526E-03
    3725 1.5119E+00 4.1297E-04  (-0.252    ,  1.953E-03,   0.00    ) |  4.130E-04 1.526E-03
    3726 1.5123E+00 4.1299E-04  (-0.252    ,  1.953E-03,   0.00    ) |  4.130E-04 1.526E-03
    3727 1.5127E+00 4.1302E-04  (-0.252    ,  1.953E-03,   0.00    ) |  4.130E-04 1.526E-03
    3728 1.5131E+00 4.1304E-04  (-0.252    ,  1.953E-03,   0.00    ) |  4.130E-04 1.526E-03
    3729 1.5135E+00 4.1306E-04  (-0.252    ,  1.953E-03,   0.00    ) |  4.131E-04 1.526E-03
    3730 1.5140E+00 4.1309E-04  (-0.252    ,  1.953E-03,   0.00    ) |  4.131E-04 1.526E-03
    3731 1.5144E+00 4.1311E-04  (-0.252    ,  1.953E-03,   0.00    ) |  4.131E-04 1.526E-03
    3732 1.5148E+00 4.1314E-04  (-0.252    ,  1.953E-03,   0.00    ) |  4.131E-04 1.526E-03
    3733 1.5152E+00 4.1316E-04  (-0.252    ,  1.953E-03,   0.00    ) |  4.132E-04 1.526E-03
    3734 1.5156E+00 4.1319E-04  (-0.252    ,  1.953E-03,   0.00    ) |  4.132E-04 1.526E-03
    3735 1.5160E+00 4.1321E-04  (-0.252    ,  1.953E-03,   0.00    ) |  4.132E-04 1.526E-03
    3736 1.5164E+00 4.1324E-04  (-0.252    ,  1.953E-03,   0.00    ) |  4.132E-04 1.526E-03
    3737 1.5168E+00 4.1326E-04  (-0.252    ,  1.953E-03,   0.00    ) |  4.133E-04 1.526E-03
    3738 1.5173E+00 4.1328E-04  (-0.252    ,  1.953E-03,   0.00    ) |  4.133E-04 1.526E-03
    3739 1.5177E+00 4.1331E-04  (-0.252    ,  1.953E-03,   0.00    ) |  4.133E-04 1.526E-03
    3740 1.5181E+00 4.1333E-04  (-0.252    ,  1.953E-03,   0.00    ) |  4.133E-04 1.526E-03
    3741 1.5185E+00 4.1336E-04  (-0.252    ,  1.953E-03,   0.00    ) |  4.134E-04 1.526E-03
    3742 1.5189E+00 4.1338E-04  (-0.252    ,  1.953E-03,   0.00    ) |  4.134E-04 1.526E-03
    3743 1.5193E+00 4.1341E-04  (-0.252    ,  1.953E-03,   0.00    ) |  4.134E-04 1.526E-03
    3744 1.5197E+00 4.1343E-04  (-0.252    ,  1.953E-03,   0.00    ) |  4.134E-04 1.526E-03
    3745 1.5202E+00 4.1345E-04  (-0.252    ,  1.953E-03,   0.00    ) |  4.135E-04 1.526E-03
    3746 1.5206E+00 4.1348E-04  (-0.252    ,  1.953E-03,   0.00    ) |  4.135E-04 1.526E-03
    3747 1.5210E+00 4.1350E-04  (-0.252    ,  1.953E-03,   0.00    ) |  4.135E-04 1.526E-03
    3748 1.5214E+00 4.1352E-04  (-0.252    ,  1.953E-03,   0.00    ) |  4.135E-04 1.526E-03
    3749 1.5218E+00 4.1355E-04  (-0.252    ,  1.953E-03,   0.00    ) |  4.135E-04 1.526E-03
    3750 1.5222E+00 4.1357E-04  (-0.252    ,  1.953E-03,   0.00    ) |  4.136E-04 1.526E-03
    3751 1.5226E+00 4.1360E-04  (-0.252    ,  1.953E-03,   0.00    ) |  4.136E-04 1.526E-03
    3752 1.5230E+00 4.1362E-04  (-0.252    ,  1.953E-03,   0.00    ) |  4.136E-04 1.526E-03
    3753 1.5235E+00 4.1364E-04  (-0.252    ,  1.953E-03,   0.00    ) |  4.136E-04 1.526E-03
    3754 1.5239E+00 4.1367E-04  (-0.252    ,  1.953E-03,   0.00    ) |  4.137E-04 1.526E-03
    3755 1.5243E+00 4.1369E-04  (-0.252    ,  1.953E-03,   0.00    ) |  4.137E-04 1.526E-03
    3756 1.5247E+00 4.1371E-04  (-0.252    ,  1.953E-03,   0.00    ) |  4.137E-04 1.526E-03
 *** Wrote plotfile to flash_run_hdf5_plt_cnt_0061 ****
    3757 1.5251E+00 4.1374E-04  (-0.252    ,  1.953E-03,   0.00    ) |  4.137E-04 1.526E-03
    3758 1.5255E+00 4.1376E-04  (-0.252    ,  1.953E-03,   0.00    ) |  4.138E-04 1.526E-03
    3759 1.5259E+00 4.1378E-04  (-0.252    ,  1.953E-03,   0.00    ) |  4.138E-04 1.526E-03
    3760 1.5264E+00 4.1381E-04  (-0.252    ,  1.953E-03,   0.00    ) |  4.138E-04 1.526E-03
    3761 1.5268E+00 4.1383E-04  (-0.252    ,  1.953E-03,   0.00    ) |  4.138E-04 1.526E-03
    3762 1.5272E+00 4.1385E-04  (-0.252    ,  1.953E-03,   0.00    ) |  4.139E-04 1.526E-03
    3763 1.5276E+00 4.1388E-04  (-0.252    ,  1.953E-03,   0.00    ) |  4.139E-04 1.526E-03
    3764 1.5280E+00 4.1390E-04  (-0.252    ,  1.953E-03,   0.00    ) |  4.139E-04 1.526E-03
    3765 1.5284E+00 4.1392E-04  (-0.252    ,  1.953E-03,   0.00    ) |  4.139E-04 1.526E-03
    3766 1.5288E+00 4.1395E-04  (-0.252    ,  1.953E-03,   0.00    ) |  4.139E-04 1.526E-03
    3767 1.5293E+00 4.1397E-04  (-0.252    ,  1.953E-03,   0.00    ) |  4.140E-04 1.526E-03
    3768 1.5297E+00 4.1399E-04  (-0.252    ,  1.953E-03,   0.00    ) |  4.140E-04 1.526E-03
    3769 1.5301E+00 4.1402E-04  (-0.252    ,  1.953E-03,   0.00    ) |  4.140E-04 1.526E-03
    3770 1.5305E+00 4.1404E-04  (-0.252    ,  1.953E-03,   0.00    ) |  4.140E-04 1.526E-03
    3771 1.5309E+00 4.1406E-04  (-0.252    ,  1.953E-03,   0.00    ) |  4.141E-04 1.526E-03
    3772 1.5313E+00 4.1409E-04  (-0.252    ,  1.953E-03,   0.00    ) |  4.141E-04 1.526E-03
    3773 1.5317E+00 4.1411E-04  (-0.252    ,  1.953E-03,   0.00    ) |  4.141E-04 1.526E-03
    3774 1.5322E+00 4.1414E-04  (-0.252    ,  1.953E-03,   0.00    ) |  4.141E-04 1.526E-03
    3775 1.5326E+00 4.1416E-04  (-0.252    ,  1.953E-03,   0.00    ) |  4.142E-04 1.526E-03
    3776 1.5330E+00 4.1419E-04  (-0.252    ,  1.953E-03,   0.00    ) |  4.142E-04 1.526E-03
    3777 1.5334E+00 4.1421E-04  (-0.252    ,  1.953E-03,   0.00    ) |  4.142E-04 1.526E-03
    3778 1.5338E+00 4.1423E-04  (-0.252    ,  1.953E-03,   0.00    ) |  4.142E-04 1.526E-03
    3779 1.5342E+00 4.1426E-04  (-0.252    ,  1.953E-03,   0.00    ) |  4.143E-04 1.526E-03
    3780 1.5346E+00 4.1428E-04  (-0.252    ,  1.953E-03,   0.00    ) |  4.143E-04 1.526E-03
    3781 1.5351E+00 4.1431E-04  (-0.252    ,  1.953E-03,   0.00    ) |  4.143E-04 1.526E-03
    3782 1.5355E+00 4.1433E-04  (-0.252    ,  1.953E-03,   0.00    ) |  4.143E-04 1.526E-03
    3783 1.5359E+00 4.1436E-04  (-0.252    ,  1.953E-03,   0.00    ) |  4.144E-04 1.526E-03
    3784 1.5363E+00 4.1439E-04  (-0.252    ,  1.953E-03,   0.00    ) |  4.144E-04 1.526E-03
    3785 1.5367E+00 4.1441E-04  (-0.252    ,  1.953E-03,   0.00    ) |  4.144E-04 1.526E-03
    3786 1.5371E+00 4.1444E-04  (-0.252    ,  1.953E-03,   0.00    ) |  4.144E-04 1.526E-03
    3787 1.5375E+00 4.1446E-04  (-0.252    ,  1.953E-03,   0.00    ) |  4.145E-04 1.526E-03
    3788 1.5380E+00 4.1449E-04  (-0.252    ,  1.953E-03,   0.00    ) |  4.145E-04 1.526E-03
    3789 1.5384E+00 4.1452E-04  (-0.252    ,  1.953E-03,   0.00    ) |  4.145E-04 1.526E-03
    3790 1.5388E+00 4.1454E-04  (-0.252    ,  1.953E-03,   0.00    ) |  4.145E-04 1.526E-03
    3791 1.5392E+00 4.1457E-04  (-0.252    ,  1.953E-03,   0.00    ) |  4.146E-04 1.526E-03
    3792 1.5396E+00 4.1460E-04  (-0.252    ,  1.953E-03,   0.00    ) |  4.146E-04 1.526E-03
    3793 1.5400E+00 4.1462E-04  (-0.252    ,  1.953E-03,   0.00    ) |  4.146E-04 1.526E-03
    3794 1.5404E+00 4.1465E-04  (-0.252    ,  1.953E-03,   0.00    ) |  4.147E-04 1.526E-03
    3795 1.5409E+00 4.1468E-04  (-0.252    ,  1.953E-03,   0.00    ) |  4.147E-04 1.526E-03
    3796 1.5413E+00 4.1471E-04  (-0.252    ,  1.953E-03,   0.00    ) |  4.147E-04 1.526E-03
    3797 1.5417E+00 4.1473E-04  (-0.252    ,  1.953E-03,   0.00    ) |  4.147E-04 1.526E-03
    3798 1.5421E+00 4.1476E-04  (-0.252    ,  1.953E-03,   0.00    ) |  4.148E-04 1.526E-03
    3799 1.5425E+00 4.1479E-04  (-0.252    ,  1.953E-03,   0.00    ) |  4.148E-04 1.526E-03
    3800 1.5429E+00 4.1482E-04  (-0.252    ,  1.953E-03,   0.00    ) |  4.148E-04 1.526E-03
    3801 1.5433E+00 4.1485E-04  (-0.252    ,  1.953E-03,   0.00    ) |  4.148E-04 1.526E-03
    3802 1.5438E+00 4.1487E-04  (-0.252    ,  1.953E-03,   0.00    ) |  4.149E-04 1.526E-03
    3803 1.5442E+00 4.1490E-04  (-0.252    ,  1.953E-03,   0.00    ) |  4.149E-04 1.526E-03
    3804 1.5446E+00 4.1493E-04  (-0.252    ,  1.953E-03,   0.00    ) |  4.149E-04 1.526E-03
    3805 1.5450E+00 4.1496E-04  (-0.252    ,  1.953E-03,   0.00    ) |  4.150E-04 1.526E-03
    3806 1.5454E+00 4.1499E-04  (-0.252    ,  1.953E-03,   0.00    ) |  4.150E-04 1.526E-03
    3807 1.5458E+00 4.1501E-04  (-0.252    ,  1.953E-03,   0.00    ) |  4.150E-04 1.526E-03
    3808 1.5462E+00 4.1504E-04  (-0.252    ,  1.953E-03,   0.00    ) |  4.150E-04 1.526E-03
    3809 1.5467E+00 4.1507E-04  (-0.252    ,  1.953E-03,   0.00    ) |  4.151E-04 1.526E-03
    3810 1.5471E+00 4.1510E-04  (-0.252    ,  1.953E-03,   0.00    ) |  4.151E-04 1.526E-03
    3811 1.5475E+00 4.1512E-04  (-0.252    ,  1.953E-03,   0.00    ) |  4.151E-04 1.526E-03
    3812 1.5479E+00 4.1515E-04  (-0.252    ,  1.953E-03,   0.00    ) |  4.151E-04 1.526E-03
    3813 1.5483E+00 4.1518E-04  (-0.252    ,  1.953E-03,   0.00    ) |  4.152E-04 1.526E-03
    3814 1.5487E+00 4.1520E-04  (-0.252    ,  1.953E-03,   0.00    ) |  4.152E-04 1.526E-03
    3815 1.5492E+00 4.1523E-04  (-0.252    ,  1.953E-03,   0.00    ) |  4.152E-04 1.526E-03
    3816 1.5496E+00 4.1525E-04  (-0.252    ,  1.953E-03,   0.00    ) |  4.153E-04 1.526E-03
    3817 1.5500E+00 4.1528E-04  (-0.252    ,  1.953E-03,   0.00    ) |  4.153E-04 1.526E-03
 *** Wrote plotfile to flash_run_hdf5_plt_cnt_0062 ****
    3818 1.5504E+00 4.1530E-04  (-0.252    ,  1.953E-03,   0.00    ) |  4.153E-04 1.526E-03
    3819 1.5508E+00 4.1533E-04  (-0.252    ,  1.953E-03,   0.00    ) |  4.153E-04 1.526E-03
    3820 1.5512E+00 4.1535E-04  (-0.252    ,  1.953E-03,   0.00    ) |  4.154E-04 1.526E-03
    3821 1.5516E+00 4.1538E-04  (-0.252    ,  1.953E-03,   0.00    ) |  4.154E-04 1.526E-03
    3822 1.5521E+00 4.1540E-04  (-0.252    ,  1.953E-03,   0.00    ) |  4.154E-04 1.526E-03
    3823 1.5525E+00 4.1543E-04  (-0.252    ,  1.953E-03,   0.00    ) |  4.154E-04 1.526E-03
    3824 1.5529E+00 4.1545E-04  (-0.252    ,  1.953E-03,   0.00    ) |  4.155E-04 1.526E-03
    3825 1.5533E+00 4.1547E-04  (-0.252    ,  1.953E-03,   0.00    ) |  4.155E-04 1.526E-03
    3826 1.5537E+00 4.1550E-04  (-0.252    ,  1.953E-03,   0.00    ) |  4.155E-04 1.526E-03
    3827 1.5541E+00 4.1552E-04  (-0.252    ,  1.953E-03,   0.00    ) |  4.155E-04 1.526E-03
    3828 1.5546E+00 4.1554E-04  (-0.252    ,  1.953E-03,   0.00    ) |  4.155E-04 1.526E-03
    3829 1.5550E+00 4.1557E-04  (-0.252    ,  1.953E-03,   0.00    ) |  4.156E-04 1.526E-03
    3830 1.5554E+00 4.1559E-04  (-0.252    ,  1.953E-03,   0.00    ) |  4.156E-04 1.526E-03
    3831 1.5558E+00 4.1561E-04  (-0.252    ,  1.953E-03,   0.00    ) |  4.156E-04 1.526E-03
    3832 1.5562E+00 4.1563E-04  (-0.252    ,  1.953E-03,   0.00    ) |  4.156E-04 1.526E-03
    3833 1.5566E+00 4.1565E-04  (-0.252    ,  1.953E-03,   0.00    ) |  4.157E-04 1.526E-03
    3834 1.5570E+00 4.1567E-04  (-0.252    ,  1.953E-03,   0.00    ) |  4.157E-04 1.526E-03
    3835 1.5575E+00 4.1570E-04  (-0.252    ,  1.953E-03,   0.00    ) |  4.157E-04 1.526E-03
    3836 1.5579E+00 4.1572E-04  (-0.252    ,  1.953E-03,   0.00    ) |  4.157E-04 1.526E-03
    3837 1.5583E+00 4.1574E-04  (-0.248    ,  1.953E-03,   0.00    ) |  4.157E-04 1.526E-03
    3838 1.5587E+00 4.1576E-04  (-0.248    ,  1.953E-03,   0.00    ) |  4.158E-04 1.526E-03
    3839 1.5591E+00 4.1578E-04  (-0.248    ,  1.953E-03,   0.00    ) |  4.158E-04 1.526E-03
    3840 1.5595E+00 4.1580E-04  (-0.248    ,  1.953E-03,   0.00    ) |  4.158E-04 1.526E-03
    3841 1.5600E+00 4.1582E-04  (-0.248    ,  1.953E-03,   0.00    ) |  4.158E-04 1.526E-03
    3842 1.5604E+00 4.1584E-04  (-0.248    ,  1.953E-03,   0.00    ) |  4.158E-04 1.526E-03
    3843 1.5608E+00 4.1586E-04  (-0.248    ,  1.953E-03,   0.00    ) |  4.159E-04 1.526E-03
    3844 1.5612E+00 4.1589E-04  (-0.248    ,  1.953E-03,   0.00    ) |  4.159E-04 1.526E-03
    3845 1.5616E+00 4.1591E-04  (-0.248    ,  1.953E-03,   0.00    ) |  4.159E-04 1.526E-03
    3846 1.5620E+00 4.1593E-04  ( 0.248    , -1.953E-03,   0.00    ) |  4.159E-04 1.526E-03
    3847 1.5625E+00 4.1595E-04  (-0.248    ,  1.953E-03,   0.00    ) |  4.159E-04 1.526E-03
    3848 1.5629E+00 4.1597E-04  (-0.248    ,  1.953E-03,   0.00    ) |  4.160E-04 1.526E-03
    3849 1.5633E+00 4.1599E-04  (-0.248    ,  1.953E-03,   0.00    ) |  4.160E-04 1.526E-03
    3850 1.5637E+00 4.1601E-04  (-0.248    ,  1.953E-03,   0.00    ) |  4.160E-04 1.526E-03
    3851 1.5641E+00 4.1604E-04  ( 0.248    , -1.953E-03,   0.00    ) |  4.160E-04 1.526E-03
    3852 1.5645E+00 4.1606E-04  ( 0.248    , -1.953E-03,   0.00    ) |  4.161E-04 1.526E-03
    3853 1.5649E+00 4.1608E-04  ( 0.248    , -1.953E-03,   0.00    ) |  4.161E-04 1.526E-03
    3854 1.5654E+00 4.1610E-04  ( 0.248    , -1.953E-03,   0.00    ) |  4.161E-04 1.526E-03
    3855 1.5658E+00 4.1613E-04  ( 0.248    , -1.953E-03,   0.00    ) |  4.161E-04 1.526E-03
    3856 1.5662E+00 4.1615E-04  ( 0.248    , -1.953E-03,   0.00    ) |  4.161E-04 1.526E-03
    3857 1.5666E+00 4.1617E-04  ( 0.248    , -1.953E-03,   0.00    ) |  4.162E-04 1.526E-03
    3858 1.5670E+00 4.1619E-04  ( 0.248    , -1.953E-03,   0.00    ) |  4.162E-04 1.526E-03
    3859 1.5674E+00 4.1622E-04  ( 0.248    , -1.953E-03,   0.00    ) |  4.162E-04 1.526E-03
    3860 1.5679E+00 4.1624E-04  ( 0.248    , -1.953E-03,   0.00    ) |  4.162E-04 1.526E-03
    3861 1.5683E+00 4.1626E-04  ( 0.248    , -1.953E-03,   0.00    ) |  4.163E-04 1.526E-03
    3862 1.5687E+00 4.1629E-04  ( 0.248    , -1.953E-03,   0.00    ) |  4.163E-04 1.526E-03
    3863 1.5691E+00 4.1631E-04  ( 0.248    , -1.953E-03,   0.00    ) |  4.163E-04 1.526E-03
    3864 1.5695E+00 4.1633E-04  ( 0.248    , -1.953E-03,   0.00    ) |  4.163E-04 1.526E-03
    3865 1.5699E+00 4.1636E-04  ( 0.248    , -1.953E-03,   0.00    ) |  4.164E-04 1.526E-03
    3866 1.5704E+00 4.1638E-04  ( 0.248    , -1.953E-03,   0.00    ) |  4.164E-04 1.526E-03
    3867 1.5708E+00 4.1641E-04  ( 0.248    , -1.953E-03,   0.00    ) |  4.164E-04 1.526E-03
    3868 1.5712E+00 4.1643E-04  ( 0.248    , -1.953E-03,   0.00    ) |  4.164E-04 1.526E-03
    3869 1.5716E+00 4.1645E-04  ( 0.248    , -1.953E-03,   0.00    ) |  4.165E-04 1.526E-03
    3870 1.5720E+00 4.1648E-04  ( 0.248    , -1.953E-03,   0.00    ) |  4.165E-04 1.526E-03
    3871 1.5724E+00 4.1650E-04  ( 0.248    ,  1.953E-03,   0.00    ) |  4.165E-04 1.526E-03
    3872 1.5729E+00 4.1653E-04  (-0.248    ,  1.953E-03,   0.00    ) |  4.165E-04 1.526E-03
    3873 1.5733E+00 4.1655E-04  (-0.248    ,  1.953E-03,   0.00    ) |  4.166E-04 1.526E-03
    3874 1.5737E+00 4.1657E-04  (-0.248    ,  1.953E-03,   0.00    ) |  4.166E-04 1.526E-03
    3875 1.5741E+00 4.1660E-04  (-0.248    ,  1.953E-03,   0.00    ) |  4.166E-04 1.526E-03
    3876 1.5745E+00 4.1662E-04  (-0.248    ,  1.953E-03,   0.00    ) |  4.166E-04 1.526E-03
    3877 1.5749E+00 4.1665E-04  (-0.248    ,  1.953E-03,   0.00    ) |  4.166E-04 1.526E-03
 *** Wrote plotfile to flash_run_hdf5_plt_cnt_0063 ****
    3878 1.5754E+00 4.1667E-04  (-0.248    ,  1.953E-03,   0.00    ) |  4.167E-04 1.526E-03
    3879 1.5758E+00 4.1670E-04  (-0.248    ,  1.953E-03,   0.00    ) |  4.167E-04 1.526E-03
    3880 1.5762E+00 4.1672E-04  (-0.248    ,  1.953E-03,   0.00    ) |  4.167E-04 1.526E-03
    3881 1.5766E+00 4.1674E-04  (-0.248    ,  1.953E-03,   0.00    ) |  4.167E-04 1.526E-03
    3882 1.5770E+00 4.1677E-04  (-0.248    ,  1.953E-03,   0.00    ) |  4.168E-04 1.526E-03
    3883 1.5774E+00 4.1679E-04  (-0.248    ,  1.953E-03,   0.00    ) |  4.168E-04 1.526E-03
    3884 1.5779E+00 4.1682E-04  (-0.248    ,  1.953E-03,   0.00    ) |  4.168E-04 1.526E-03
    3885 1.5783E+00 4.1684E-04  (-0.248    ,  1.953E-03,   0.00    ) |  4.168E-04 1.526E-03
    3886 1.5787E+00 4.1686E-04  (-0.248    ,  1.953E-03,   0.00    ) |  4.169E-04 1.526E-03
    3887 1.5791E+00 4.1689E-04  (-0.248    ,  1.953E-03,   0.00    ) |  4.169E-04 1.526E-03
    3888 1.5795E+00 4.1691E-04  (-0.248    ,  1.953E-03,   0.00    ) |  4.169E-04 1.526E-03
    3889 1.5799E+00 4.1694E-04  (-0.248    ,  1.953E-03,   0.00    ) |  4.169E-04 1.526E-03
    3890 1.5804E+00 4.1696E-04  (-0.248    ,  1.953E-03,   0.00    ) |  4.170E-04 1.526E-03
    3891 1.5808E+00 4.1698E-04  (-0.248    ,  1.953E-03,   0.00    ) |  4.170E-04 1.526E-03
    3892 1.5812E+00 4.1701E-04  (-0.248    ,  1.953E-03,   0.00    ) |  4.170E-04 1.526E-03
    3893 1.5816E+00 4.1703E-04  (-0.248    ,  1.953E-03,   0.00    ) |  4.170E-04 1.526E-03
    3894 1.5820E+00 4.1706E-04  (-0.248    ,  1.953E-03,   0.00    ) |  4.171E-04 1.526E-03
    3895 1.5824E+00 4.1708E-04  (-0.248    ,  1.953E-03,   0.00    ) |  4.171E-04 1.526E-03
    3896 1.5829E+00 4.1710E-04  (-0.248    ,  1.953E-03,   0.00    ) |  4.171E-04 1.526E-03
    3897 1.5833E+00 4.1713E-04  (-0.248    ,  1.953E-03,   0.00    ) |  4.171E-04 1.526E-03
    3898 1.5837E+00 4.1715E-04  (-0.248    ,  1.953E-03,   0.00    ) |  4.172E-04 1.526E-03
    3899 1.5841E+00 4.1717E-04  (-0.248    ,  1.953E-03,   0.00    ) |  4.172E-04 1.526E-03
    3900 1.5845E+00 4.1720E-04  (-0.248    ,  1.953E-03,   0.00    ) |  4.172E-04 1.526E-03
    3901 1.5849E+00 4.1722E-04  (-0.248    ,  1.953E-03,   0.00    ) |  4.172E-04 1.526E-03
    3902 1.5854E+00 4.1724E-04  (-0.248    ,  1.953E-03,   0.00    ) |  4.172E-04 1.526E-03
    3903 1.5858E+00 4.1727E-04  (-0.248    ,  1.953E-03,   0.00    ) |  4.173E-04 1.526E-03
    3904 1.5862E+00 4.1729E-04  ( 0.248    ,  1.953E-03,   0.00    ) |  4.173E-04 1.526E-03
    3905 1.5866E+00 4.1731E-04  ( 0.248    ,  1.953E-03,   0.00    ) |  4.173E-04 1.526E-03
    3906 1.5870E+00 4.1733E-04  ( 0.248    ,  1.953E-03,   0.00    ) |  4.173E-04 1.526E-03
    3907 1.5874E+00 4.1735E-04  ( 0.248    ,  1.953E-03,   0.00    ) |  4.174E-04 1.526E-03
    3908 1.5879E+00 4.1738E-04  ( 0.248    ,  1.953E-03,   0.00    ) |  4.174E-04 1.526E-03
    3909 1.5883E+00 4.1740E-04  (-0.248    ,  1.953E-03,   0.00    ) |  4.174E-04 1.526E-03
    3910 1.5887E+00 4.1742E-04  ( 0.248    ,  1.953E-03,   0.00    ) |  4.174E-04 1.526E-03
    3911 1.5891E+00 4.1744E-04  ( 0.248    ,  1.953E-03,   0.00    ) |  4.174E-04 1.526E-03
    3912 1.5895E+00 4.1746E-04  ( 0.248    ,  1.953E-03,   0.00    ) |  4.175E-04 1.526E-03
    3913 1.5900E+00 4.1748E-04  (-0.248    ,  1.953E-03,   0.00    ) |  4.175E-04 1.526E-03
    3914 1.5904E+00 4.1751E-04  (-0.248    ,  1.953E-03,   0.00    ) |  4.175E-04 1.526E-03
    3915 1.5908E+00 4.1753E-04  (-0.248    ,  1.953E-03,   0.00    ) |  4.175E-04 1.526E-03
    3916 1.5912E+00 4.1755E-04  (-0.248    ,  1.953E-03,   0.00    ) |  4.175E-04 1.526E-03
    3917 1.5916E+00 4.1757E-04  (-0.248    ,  1.953E-03,   0.00    ) |  4.176E-04 1.526E-03
    3918 1.5920E+00 4.1759E-04  (-0.248    ,  1.953E-03,   0.00    ) |  4.176E-04 1.526E-03
    3919 1.5925E+00 4.1760E-04  (-0.248    ,  1.953E-03,   0.00    ) |  4.176E-04 1.526E-03
    3920 1.5929E+00 4.1762E-04  (-0.248    ,  1.953E-03,   0.00    ) |  4.176E-04 1.526E-03
    3921 1.5933E+00 4.1764E-04  (-0.248    ,  1.953E-03,   0.00    ) |  4.176E-04 1.526E-03
    3922 1.5937E+00 4.1766E-04  (-0.248    ,  1.953E-03,   0.00    ) |  4.177E-04 1.526E-03
    3923 1.5941E+00 4.1768E-04  (-0.248    ,  1.953E-03,   0.00    ) |  4.177E-04 1.526E-03
    3924 1.5945E+00 4.1770E-04  (-0.248    ,  1.953E-03,   0.00    ) |  4.177E-04 1.526E-03
    3925 1.5950E+00 4.1772E-04  (-0.248    ,  1.953E-03,   0.00    ) |  4.177E-04 1.526E-03
    3926 1.5954E+00 4.1773E-04  (-0.248    ,  1.953E-03,   0.00    ) |  4.177E-04 1.526E-03
    3927 1.5958E+00 4.1775E-04  (-0.248    ,  1.953E-03,   0.00    ) |  4.178E-04 1.526E-03
    3928 1.5962E+00 4.1777E-04  (-0.248    ,  1.953E-03,   0.00    ) |  4.178E-04 1.526E-03
    3929 1.5966E+00 4.1778E-04  (-0.248    ,  1.953E-03,   0.00    ) |  4.178E-04 1.526E-03
    3930 1.5971E+00 4.1780E-04  (-0.248    ,  1.953E-03,   0.00    ) |  4.178E-04 1.526E-03
    3931 1.5975E+00 4.1782E-04  (-0.248    ,  1.953E-03,   0.00    ) |  4.178E-04 1.526E-03
    3932 1.5979E+00 4.1783E-04  (-0.248    ,  1.953E-03,   0.00    ) |  4.178E-04 1.526E-03
    3933 1.5983E+00 4.1785E-04  (-0.248    ,  1.953E-03,   0.00    ) |  4.178E-04 1.526E-03
    3934 1.5987E+00 4.1786E-04  ( 0.248    ,  1.953E-03,   0.00    ) |  4.179E-04 1.526E-03
    3935 1.5991E+00 4.1788E-04  ( 0.248    ,  1.953E-03,   0.00    ) |  4.179E-04 1.526E-03
    3936 1.5996E+00 4.1789E-04  ( 0.248    ,  1.953E-03,   0.00    ) |  4.179E-04 1.526E-03
    3937 1.6000E+00 4.1791E-04  ( 0.248    ,  1.953E-03,   0.00    ) |  4.179E-04 1.526E-03
 *** Wrote plotfile to flash_run_hdf5_plt_cnt_0064 ****
    3938 1.6004E+00 4.1793E-04  ( 0.248    ,  1.953E-03,   0.00    ) |  4.179E-04 1.526E-03
    3939 1.6008E+00 4.1794E-04  ( 0.248    ,  1.953E-03,   0.00    ) |  4.179E-04 1.526E-03
    3940 1.6012E+00 4.1795E-04  ( 0.248    ,  1.953E-03,   0.00    ) |  4.180E-04 1.526E-03
    3941 1.6016E+00 4.1797E-04  ( 0.248    ,  1.953E-03,   0.00    ) |  4.180E-04 1.526E-03
    3942 1.6021E+00 4.1798E-04  ( 0.248    ,  1.953E-03,   0.00    ) |  4.180E-04 1.526E-03
    3943 1.6025E+00 4.1800E-04  ( 0.248    ,  1.953E-03,   0.00    ) |  4.180E-04 1.526E-03
    3944 1.6029E+00 4.1801E-04  ( 0.248    ,  1.953E-03,   0.00    ) |  4.180E-04 1.526E-03
    3945 1.6033E+00 4.1803E-04  ( 0.248    ,  1.953E-03,   0.00    ) |  4.180E-04 1.526E-03
    3946 1.6037E+00 4.1804E-04  ( 0.248    ,  1.953E-03,   0.00    ) |  4.180E-04 1.526E-03
    3947 1.6042E+00 4.1806E-04  ( 0.248    ,  1.953E-03,   0.00    ) |  4.181E-04 1.526E-03
    3948 1.6046E+00 4.1807E-04  ( 0.248    ,  1.953E-03,   0.00    ) |  4.181E-04 1.526E-03
    3949 1.6050E+00 4.1809E-04  ( 0.248    ,  1.953E-03,   0.00    ) |  4.181E-04 1.526E-03
    3950 1.6054E+00 4.1810E-04  (-0.248    ,  1.953E-03,   0.00    ) |  4.181E-04 1.526E-03
    3951 1.6058E+00 4.1812E-04  (-0.248    ,  1.953E-03,   0.00    ) |  4.181E-04 1.526E-03
    3952 1.6062E+00 4.1813E-04  (-0.248    ,  1.953E-03,   0.00    ) |  4.181E-04 1.526E-03
    3953 1.6067E+00 4.1815E-04  (-0.248    ,  1.953E-03,   0.00    ) |  4.181E-04 1.526E-03
    3954 1.6071E+00 4.1816E-04  (-0.248    ,  1.953E-03,   0.00    ) |  4.182E-04 1.526E-03
    3955 1.6075E+00 4.1818E-04  (-0.248    ,  1.953E-03,   0.00    ) |  4.182E-04 1.526E-03
    3956 1.6079E+00 4.1820E-04  (-0.248    ,  1.953E-03,   0.00    ) |  4.182E-04 1.526E-03
    3957 1.6083E+00 4.1821E-04  (-0.248    ,  1.953E-03,   0.00    ) |  4.182E-04 1.526E-03
    3958 1.6088E+00 4.1823E-04  (-0.248    ,  1.953E-03,   0.00    ) |  4.182E-04 1.526E-03
    3959 1.6092E+00 4.1824E-04  (-0.248    ,  1.953E-03,   0.00    ) |  4.182E-04 1.526E-03
    3960 1.6096E+00 4.1826E-04  (-0.248    ,  1.953E-03,   0.00    ) |  4.183E-04 1.526E-03
    3961 1.6100E+00 4.1828E-04  (-0.248    ,  1.953E-03,   0.00    ) |  4.183E-04 1.526E-03
    3962 1.6104E+00 4.1829E-04  (-0.248    ,  1.953E-03,   0.00    ) |  4.183E-04 1.526E-03
    3963 1.6108E+00 4.1831E-04  (-0.248    ,  1.953E-03,   0.00    ) |  4.183E-04 1.526E-03
    3964 1.6113E+00 4.1833E-04  (-0.248    ,  1.953E-03,   0.00    ) |  4.183E-04 1.526E-03
    3965 1.6117E+00 4.1834E-04  (-0.248    ,  1.953E-03,   0.00    ) |  4.183E-04 1.526E-03
    3966 1.6121E+00 4.1836E-04  (-0.248    ,  1.953E-03,   0.00    ) |  4.184E-04 1.526E-03
    3967 1.6125E+00 4.1838E-04  (-0.248    ,  1.953E-03,   0.00    ) |  4.184E-04 1.526E-03
    3968 1.6129E+00 4.1840E-04  (-0.248    ,  1.953E-03,   0.00    ) |  4.184E-04 1.526E-03
    3969 1.6134E+00 4.1841E-04  (-0.248    ,  1.953E-03,   0.00    ) |  4.184E-04 1.526E-03
    3970 1.6138E+00 4.1843E-04  (-0.248    ,  1.953E-03,   0.00    ) |  4.184E-04 1.526E-03
    3971 1.6142E+00 4.1845E-04  (-0.248    ,  1.953E-03,   0.00    ) |  4.184E-04 1.526E-03
    3972 1.6146E+00 4.1846E-04  (-0.248    ,  1.953E-03,   0.00    ) |  4.185E-04 1.526E-03
    3973 1.6150E+00 4.1848E-04  (-0.248    ,  1.953E-03,   0.00    ) |  4.185E-04 1.526E-03
    3974 1.6155E+00 4.1850E-04  (-0.248    ,  1.953E-03,   0.00    ) |  4.185E-04 1.526E-03
    3975 1.6159E+00 4.1852E-04  (-0.248    ,  1.953E-03,   0.00    ) |  4.185E-04 1.526E-03
    3976 1.6163E+00 4.1853E-04  (-0.248    ,  1.953E-03,   0.00    ) |  4.185E-04 1.526E-03
    3977 1.6167E+00 4.1855E-04  (-0.244    ,  1.953E-03,   0.00    ) |  4.185E-04 1.526E-03
    3978 1.6171E+00 4.1857E-04  (-0.244    ,  1.953E-03,   0.00    ) |  4.186E-04 1.526E-03
    3979 1.6175E+00 4.1858E-04  (-0.244    ,  1.953E-03,   0.00    ) |  4.186E-04 1.526E-03
    3980 1.6180E+00 4.1860E-04  (-0.244    ,  1.953E-03,   0.00    ) |  4.186E-04 1.526E-03
    3981 1.6184E+00 4.1861E-04  (-0.244    ,  1.953E-03,   0.00    ) |  4.186E-04 1.526E-03
    3982 1.6188E+00 4.1863E-04  (-0.244    ,  1.953E-03,   0.00    ) |  4.186E-04 1.526E-03
    3983 1.6192E+00 4.1865E-04  (-0.244    ,  1.953E-03,   0.00    ) |  4.186E-04 1.526E-03
    3984 1.6196E+00 4.1866E-04  (-0.244    ,  1.953E-03,   0.00    ) |  4.187E-04 1.526E-03
    3985 1.6201E+00 4.1868E-04  ( 0.244    , -1.953E-03,   0.00    ) |  4.187E-04 1.526E-03
    3986 1.6205E+00 4.1869E-04  ( 0.244    ,  1.953E-03,   0.00    ) |  4.187E-04 1.526E-03
    3987 1.6209E+00 4.1871E-04  ( 0.244    ,  1.953E-03,   0.00    ) |  4.187E-04 1.526E-03
    3988 1.6213E+00 4.1872E-04  ( 0.244    ,  1.953E-03,   0.00    ) |  4.187E-04 1.526E-03
    3989 1.6217E+00 4.1874E-04  ( 0.244    ,  1.953E-03,   0.00    ) |  4.187E-04 1.526E-03
    3990 1.6221E+00 4.1875E-04  ( 0.244    ,  1.953E-03,   0.00    ) |  4.188E-04 1.526E-03
    3991 1.6226E+00 4.1877E-04  ( 0.244    ,  1.953E-03,   0.00    ) |  4.188E-04 1.526E-03
    3992 1.6230E+00 4.1878E-04  ( 0.244    , -1.953E-03,   0.00    ) |  4.188E-04 1.526E-03
    3993 1.6234E+00 4.1880E-04  ( 0.244    , -1.953E-03,   0.00    ) |  4.188E-04 1.526E-03
    3994 1.6238E+00 4.1881E-04  ( 0.244    , -1.953E-03,   0.00    ) |  4.188E-04 1.526E-03
    3995 1.6242E+00 4.1883E-04  ( 0.244    , -1.953E-03,   0.00    ) |  4.188E-04 1.526E-03
    3996 1.6247E+00 4.1884E-04  ( 0.244    , -1.953E-03,   0.00    ) |  4.188E-04 1.526E-03
 *** Wrote plotfile to flash_run_hdf5_plt_cnt_0065 ****
    3997 1.6251E+00 4.1886E-04  ( 0.244    , -1.953E-03,   0.00    ) |  4.189E-04 1.526E-03
    3998 1.6255E+00 4.1887E-04  ( 0.244    , -1.953E-03,   0.00    ) |  4.189E-04 1.526E-03
    3999 1.6259E+00 4.1889E-04  ( 0.244    , -1.953E-03,   0.00    ) |  4.189E-04 1.526E-03
    4000 1.6263E+00 4.1890E-04  ( 0.244    , -1.953E-03,   0.00    ) |  4.189E-04 1.526E-03
    4001 1.6268E+00 4.1892E-04  ( 0.244    , -1.953E-03,   0.00    ) |  4.189E-04 1.526E-03
    4002 1.6272E+00 4.1893E-04  (-0.244    ,  1.953E-03,   0.00    ) |  4.189E-04 1.526E-03
    4003 1.6276E+00 4.1895E-04  (-0.244    ,  1.953E-03,   0.00    ) |  4.189E-04 1.526E-03
    4004 1.6280E+00 4.1897E-04  (-0.244    ,  1.953E-03,   0.00    ) |  4.190E-04 1.526E-03
    4005 1.6284E+00 4.1898E-04  (-0.244    ,  1.953E-03,   0.00    ) |  4.190E-04 1.526E-03
    4006 1.6289E+00 4.1900E-04  (-0.244    ,  1.953E-03,   0.00    ) |  4.190E-04 1.526E-03
    4007 1.6293E+00 4.1901E-04  (-0.244    ,  1.953E-03,   0.00    ) |  4.190E-04 1.526E-03
    4008 1.6297E+00 4.1903E-04  (-0.244    ,  1.953E-03,   0.00    ) |  4.190E-04 1.526E-03
    4009 1.6301E+00 4.1905E-04  (-0.244    ,  1.953E-03,   0.00    ) |  4.190E-04 1.526E-03
    4010 1.6305E+00 4.1906E-04  (-0.244    ,  1.953E-03,   0.00    ) |  4.191E-04 1.526E-03
    4011 1.6309E+00 4.1908E-04  (-0.244    ,  1.953E-03,   0.00    ) |  4.191E-04 1.526E-03
    4012 1.6314E+00 4.1910E-04  (-0.244    ,  1.953E-03,   0.00    ) |  4.191E-04 1.526E-03
    4013 1.6318E+00 4.1911E-04  (-0.244    ,  1.953E-03,   0.00    ) |  4.191E-04 1.526E-03
    4014 1.6322E+00 4.1913E-04  (-0.244    ,  1.953E-03,   0.00    ) |  4.191E-04 1.526E-03
    4015 1.6326E+00 4.1915E-04  (-0.244    ,  1.953E-03,   0.00    ) |  4.191E-04 1.526E-03
    4016 1.6330E+00 4.1916E-04  (-0.244    ,  1.953E-03,   0.00    ) |  4.192E-04 1.526E-03
    4017 1.6335E+00 4.1918E-04  (-0.244    ,  1.953E-03,   0.00    ) |  4.192E-04 1.526E-03
    4018 1.6339E+00 4.1920E-04  (-0.244    ,  1.953E-03,   0.00    ) |  4.192E-04 1.526E-03
    4019 1.6343E+00 4.1922E-04  (-0.244    ,  1.953E-03,   0.00    ) |  4.192E-04 1.526E-03
    4020 1.6347E+00 4.1923E-04  (-0.244    ,  1.953E-03,   0.00    ) |  4.192E-04 1.526E-03
    4021 1.6351E+00 4.1925E-04  ( 0.244    , -1.953E-03,   0.00    ) |  4.192E-04 1.526E-03
    4022 1.6356E+00 4.1927E-04  (-0.244    ,  1.953E-03,   0.00    ) |  4.193E-04 1.526E-03
    4023 1.6360E+00 4.1928E-04  ( 0.244    , -1.953E-03,   0.00    ) |  4.193E-04 1.526E-03
    4024 1.6364E+00 4.1930E-04  (-0.244    ,  1.953E-03,   0.00    ) |  4.193E-04 1.526E-03
    4025 1.6368E+00 4.1932E-04  ( 0.244    , -1.953E-03,   0.00    ) |  4.193E-04 1.526E-03
    4026 1.6372E+00 4.1933E-04  ( 0.244    , -1.953E-03,   0.00    ) |  4.193E-04 1.526E-03
    4027 1.6377E+00 4.1935E-04  ( 0.244    , -1.953E-03,   0.00    ) |  4.194E-04 1.526E-03
    4028 1.6381E+00 4.1937E-04  ( 0.244    , -1.953E-03,   0.00    ) |  4.194E-04 1.526E-03
    4029 1.6385E+00 4.1938E-04  ( 0.244    , -1.953E-03,   0.00    ) |  4.194E-04 1.526E-03
    4030 1.6389E+00 4.1940E-04  ( 0.244    , -1.953E-03,   0.00    ) |  4.194E-04 1.526E-03
    4031 1.6393E+00 4.1941E-04  ( 0.244    , -1.953E-03,   0.00    ) |  4.194E-04 1.526E-03
    4032 1.6398E+00 4.1943E-04  ( 0.244    , -1.953E-03,   0.00    ) |  4.194E-04 1.526E-03
    4033 1.6402E+00 4.1944E-04  ( 0.244    , -1.953E-03,   0.00    ) |  4.194E-04 1.526E-03
    4034 1.6406E+00 4.1946E-04  ( 0.244    , -1.953E-03,   0.00    ) |  4.195E-04 1.526E-03
    4035 1.6410E+00 4.1947E-04  ( 0.244    , -1.953E-03,   0.00    ) |  4.195E-04 1.526E-03
    4036 1.6414E+00 4.1949E-04  ( 0.244    , -1.953E-03,   0.00    ) |  4.195E-04 1.526E-03
    4037 1.6418E+00 4.1950E-04  ( 0.244    , -1.953E-03,   0.00    ) |  4.195E-04 1.526E-03
    4038 1.6423E+00 4.1952E-04  ( 0.244    , -1.953E-03,   0.00    ) |  4.195E-04 1.526E-03
    4039 1.6427E+00 4.1953E-04  ( 0.244    , -1.953E-03,   0.00    ) |  4.195E-04 1.526E-03
    4040 1.6431E+00 4.1954E-04  ( 0.244    , -1.953E-03,   0.00    ) |  4.195E-04 1.526E-03
    4041 1.6435E+00 4.1956E-04  ( 0.244    , -1.953E-03,   0.00    ) |  4.196E-04 1.526E-03
    4042 1.6439E+00 4.1957E-04  ( 0.244    , -1.953E-03,   0.00    ) |  4.196E-04 1.526E-03
    4043 1.6444E+00 4.1958E-04  ( 0.244    , -1.953E-03,   0.00    ) |  4.196E-04 1.526E-03
    4044 1.6448E+00 4.1960E-04  ( 0.244    , -1.953E-03,   0.00    ) |  4.196E-04 1.526E-03
    4045 1.6452E+00 4.1961E-04  ( 0.244    , -1.953E-03,   0.00    ) |  4.196E-04 1.526E-03
    4046 1.6456E+00 4.1962E-04  ( 0.244    , -1.953E-03,   0.00    ) |  4.196E-04 1.526E-03
    4047 1.6460E+00 4.1963E-04  ( 0.244    , -1.953E-03,   0.00    ) |  4.196E-04 1.526E-03
    4048 1.6465E+00 4.1965E-04  ( 0.244    , -1.953E-03,   0.00    ) |  4.196E-04 1.526E-03
    4049 1.6469E+00 4.1966E-04  ( 0.244    , -1.953E-03,   0.00    ) |  4.197E-04 1.526E-03
    4050 1.6473E+00 4.1967E-04  ( 0.244    , -1.953E-03,   0.00    ) |  4.197E-04 1.526E-03
    4051 1.6477E+00 4.1968E-04  (-0.244    ,  1.953E-03,   0.00    ) |  4.197E-04 1.526E-03
    4052 1.6481E+00 4.1969E-04  ( 0.244    , -1.953E-03,   0.00    ) |  4.197E-04 1.526E-03
    4053 1.6486E+00 4.1970E-04  ( 0.244    , -1.953E-03,   0.00    ) |  4.197E-04 1.526E-03
    4054 1.6490E+00 4.1971E-04  ( 0.244    , -1.953E-03,   0.00    ) |  4.197E-04 1.526E-03
    4055 1.6494E+00 4.1973E-04  ( 0.244    , -1.953E-03,   0.00    ) |  4.197E-04 1.526E-03
    4056 1.6498E+00 4.1974E-04  ( 0.244    , -1.953E-03,   0.00    ) |  4.197E-04 1.526E-03
 *** Wrote plotfile to flash_run_hdf5_plt_cnt_0066 ****
    4057 1.6502E+00 4.1975E-04  ( 0.244    , -1.953E-03,   0.00    ) |  4.197E-04 1.526E-03
    4058 1.6507E+00 4.1976E-04  ( 0.244    , -1.953E-03,   0.00    ) |  4.198E-04 1.526E-03
    4059 1.6511E+00 4.1977E-04  ( 0.244    , -1.953E-03,   0.00    ) |  4.198E-04 1.526E-03
    4060 1.6515E+00 4.1978E-04  ( 0.244    , -1.953E-03,   0.00    ) |  4.198E-04 1.526E-03
    4061 1.6519E+00 4.1979E-04  ( 0.244    , -1.953E-03,   0.00    ) |  4.198E-04 1.526E-03
    4062 1.6523E+00 4.1980E-04  ( 0.244    , -1.953E-03,   0.00    ) |  4.198E-04 1.526E-03
    4063 1.6528E+00 4.1981E-04  ( 0.244    , -1.953E-03,   0.00    ) |  4.198E-04 1.526E-03
    4064 1.6532E+00 4.1982E-04  ( 0.244    , -1.953E-03,   0.00    ) |  4.198E-04 1.526E-03
    4065 1.6536E+00 4.1984E-04  ( 0.244    , -1.953E-03,   0.00    ) |  4.198E-04 1.526E-03
    4066 1.6540E+00 4.1985E-04  ( 0.244    , -1.953E-03,   0.00    ) |  4.198E-04 1.526E-03
    4067 1.6544E+00 4.1986E-04  ( 0.244    , -1.953E-03,   0.00    ) |  4.199E-04 1.526E-03
    4068 1.6549E+00 4.1987E-04  ( 0.244    , -1.953E-03,   0.00    ) |  4.199E-04 1.526E-03
    4069 1.6553E+00 4.1988E-04  (-0.244    ,  1.953E-03,   0.00    ) |  4.199E-04 1.526E-03
    4070 1.6557E+00 4.1989E-04  (-0.244    , -1.953E-03,   0.00    ) |  4.199E-04 1.526E-03
    4071 1.6561E+00 4.1991E-04  (-0.244    ,  1.953E-03,   0.00    ) |  4.199E-04 1.526E-03
    4072 1.6565E+00 4.1992E-04  (-0.244    , -1.953E-03,   0.00    ) |  4.199E-04 1.526E-03
    4073 1.6570E+00 4.1993E-04  (-0.244    ,  1.953E-03,   0.00    ) |  4.199E-04 1.526E-03
    4074 1.6574E+00 4.1994E-04  (-0.244    ,  1.953E-03,   0.00    ) |  4.199E-04 1.526E-03
    4075 1.6578E+00 4.1996E-04  (-0.244    , -1.953E-03,   0.00    ) |  4.200E-04 1.526E-03
    4076 1.6582E+00 4.1997E-04  (-0.244    , -1.953E-03,   0.00    ) |  4.200E-04 1.526E-03
    4077 1.6586E+00 4.1998E-04  (-0.244    , -1.953E-03,   0.00    ) |  4.200E-04 1.526E-03
    4078 1.6591E+00 4.2000E-04  (-0.244    , -1.953E-03,   0.00    ) |  4.200E-04 1.526E-03
    4079 1.6595E+00 4.2001E-04  (-0.244    , -1.953E-03,   0.00    ) |  4.200E-04 1.526E-03
    4080 1.6599E+00 4.2002E-04  (-0.244    , -1.953E-03,   0.00    ) |  4.200E-04 1.526E-03
    4081 1.6603E+00 4.2004E-04  (-0.244    , -1.953E-03,   0.00    ) |  4.200E-04 1.526E-03
    4082 1.6607E+00 4.2005E-04  (-0.244    , -1.953E-03,   0.00    ) |  4.200E-04 1.526E-03
    4083 1.6612E+00 4.2006E-04  (-0.244    , -1.953E-03,   0.00    ) |  4.201E-04 1.526E-03
    4084 1.6616E+00 4.2008E-04  (-0.244    , -1.953E-03,   0.00    ) |  4.201E-04 1.526E-03
    4085 1.6620E+00 4.2009E-04  (-0.244    , -1.953E-03,   0.00    ) |  4.201E-04 1.526E-03
    4086 1.6624E+00 4.2011E-04  (-0.244    , -1.953E-03,   0.00    ) |  4.201E-04 1.526E-03
    4087 1.6628E+00 4.2012E-04  ( 0.244    ,  1.953E-03,   0.00    ) |  4.201E-04 1.526E-03
    4088 1.6633E+00 4.2013E-04  ( 0.244    , -1.953E-03,   0.00    ) |  4.201E-04 1.526E-03
    4089 1.6637E+00 4.2015E-04  ( 0.244    , -1.953E-03,   0.00    ) |  4.201E-04 1.526E-03
    4090 1.6641E+00 4.2016E-04  ( 0.244    ,  1.953E-03,   0.00    ) |  4.202E-04 1.526E-03
    4091 1.6645E+00 4.2018E-04  ( 0.244    , -1.953E-03,   0.00    ) |  4.202E-04 1.526E-03
    4092 1.6649E+00 4.2019E-04  ( 0.244    , -1.953E-03,   0.00    ) |  4.202E-04 1.526E-03
    4093 1.6654E+00 4.2021E-04  (-0.244    , -1.953E-03,   0.00    ) |  4.202E-04 1.526E-03
    4094 1.6658E+00 4.2022E-04  ( 0.244    ,  1.953E-03,   0.00    ) |  4.202E-04 1.526E-03
    4095 1.6662E+00 4.2024E-04  (-0.244    , -1.953E-03,   0.00    ) |  4.202E-04 1.526E-03
    4096 1.6666E+00 4.2025E-04  (-0.244    , -1.953E-03,   0.00    ) |  4.203E-04 1.526E-03
    4097 1.6670E+00 4.2027E-04  ( 0.244    , -1.953E-03,   0.00    ) |  4.203E-04 1.526E-03
    4098 1.6675E+00 4.2028E-04  ( 0.244    , -1.953E-03,   0.00    ) |  4.203E-04 1.526E-03
    4099 1.6679E+00 4.2030E-04  (-0.244    , -1.953E-03,   0.00    ) |  4.203E-04 1.526E-03
    4100 1.6683E+00 4.2031E-04  ( 0.244    , -1.953E-03,   0.00    ) |  4.203E-04 1.526E-03
    4101 1.6687E+00 4.2033E-04  (-0.244    , -1.953E-03,   0.00    ) |  4.203E-04 1.526E-03
    4102 1.6691E+00 4.2034E-04  ( 0.244    , -1.953E-03,   0.00    ) |  4.203E-04 1.526E-03
    4103 1.6696E+00 4.2036E-04  ( 0.244    , -1.953E-03,   0.00    ) |  4.204E-04 1.526E-03
    4104 1.6700E+00 4.2037E-04  ( 0.244    , -1.953E-03,   0.00    ) |  4.204E-04 1.526E-03
    4105 1.6704E+00 4.2038E-04  ( 0.244    , -1.953E-03,   0.00    ) |  4.204E-04 1.526E-03
    4106 1.6708E+00 4.2040E-04  ( 0.244    , -1.953E-03,   0.00    ) |  4.204E-04 1.526E-03
    4107 1.6712E+00 4.2041E-04  ( 0.244    , -1.953E-03,   0.00    ) |  4.204E-04 1.526E-03
    4108 1.6717E+00 4.2043E-04  ( 0.244    , -1.953E-03,   0.00    ) |  4.204E-04 1.526E-03
    4109 1.6721E+00 4.2044E-04  ( 0.244    ,  1.953E-03,   0.00    ) |  4.204E-04 1.526E-03
    4110 1.6725E+00 4.2046E-04  ( 0.244    , -1.953E-03,   0.00    ) |  4.205E-04 1.526E-03
    4111 1.6729E+00 4.2047E-04  ( 0.244    , -1.953E-03,   0.00    ) |  4.205E-04 1.526E-03
    4112 1.6733E+00 4.2049E-04  ( 0.244    ,  1.953E-03,   0.00    ) |  4.205E-04 1.526E-03
    4113 1.6738E+00 4.2050E-04  ( 0.244    , -1.953E-03,   0.00    ) |  4.205E-04 1.526E-03
    4114 1.6742E+00 4.2052E-04  ( 0.244    ,  1.953E-03,   0.00    ) |  4.205E-04 1.526E-03
    4115 1.6746E+00 4.2053E-04  ( 0.244    ,  1.953E-03,   0.00    ) |  4.205E-04 1.526E-03
 *** Wrote plotfile to flash_run_hdf5_plt_cnt_0067 ****
    4116 1.6750E+00 4.2055E-04  ( 0.244    ,  1.953E-03,   0.00    ) |  4.205E-04 1.526E-03
    4117 1.6754E+00 4.2056E-04  ( 0.244    ,  1.953E-03,   0.00    ) |  4.206E-04 1.526E-03
    4118 1.6759E+00 4.2058E-04  ( 0.244    , -1.953E-03,   0.00    ) |  4.206E-04 1.526E-03
    4119 1.6763E+00 4.2059E-04  ( 0.244    ,  1.953E-03,   0.00    ) |  4.206E-04 1.526E-03
    4120 1.6767E+00 4.2061E-04  ( 0.244    , -1.953E-03,   0.00    ) |  4.206E-04 1.526E-03
    4121 1.6771E+00 4.2062E-04  ( 0.244    ,  1.953E-03,   0.00    ) |  4.206E-04 1.526E-03
    4122 1.6776E+00 4.2064E-04  ( 0.244    , -1.953E-03,   0.00    ) |  4.206E-04 1.526E-03
    4123 1.6780E+00 4.2065E-04  (-0.244    ,  1.953E-03,   0.00    ) |  4.207E-04 1.526E-03
    4124 1.6784E+00 4.2067E-04  (-0.244    , -1.953E-03,   0.00    ) |  4.207E-04 1.526E-03
    4125 1.6788E+00 4.2068E-04  (-0.244    , -1.953E-03,   0.00    ) |  4.207E-04 1.526E-03
    4126 1.6792E+00 4.2070E-04  (-0.244    ,  1.953E-03,   0.00    ) |  4.207E-04 1.526E-03
    4127 1.6797E+00 4.2071E-04  (-0.244    ,  1.953E-03,   0.00    ) |  4.207E-04 1.526E-03
    4128 1.6801E+00 4.2073E-04  (-0.244    ,  1.953E-03,   0.00    ) |  4.207E-04 1.526E-03
    4129 1.6805E+00 4.2075E-04  (-0.244    ,  1.953E-03,   0.00    ) |  4.207E-04 1.526E-03
    4130 1.6809E+00 4.2076E-04  (-0.244    ,  1.953E-03,   0.00    ) |  4.208E-04 1.526E-03
    4131 1.6813E+00 4.2078E-04  (-0.244    ,  1.953E-03,   0.00    ) |  4.208E-04 1.526E-03
    4132 1.6818E+00 4.2079E-04  (-0.244    ,  1.953E-03,   0.00    ) |  4.208E-04 1.526E-03
    4133 1.6822E+00 4.2081E-04  (-0.244    , -1.953E-03,   0.00    ) |  4.208E-04 1.526E-03
    4134 1.6826E+00 4.2082E-04  (-0.244    ,  1.953E-03,   0.00    ) |  4.208E-04 1.526E-03
    4135 1.6830E+00 4.2084E-04  (-0.244    ,  1.953E-03,   0.00    ) |  4.208E-04 1.526E-03
    4136 1.6834E+00 4.2086E-04  (-0.244    ,  1.953E-03,   0.00    ) |  4.209E-04 1.526E-03
    4137 1.6839E+00 4.2087E-04  (-0.244    ,  1.953E-03,   0.00    ) |  4.209E-04 1.526E-03
    4138 1.6843E+00 4.2089E-04  (-0.244    ,  1.953E-03,   0.00    ) |  4.209E-04 1.526E-03
    4139 1.6847E+00 4.2090E-04  (-0.244    ,  1.953E-03,   0.00    ) |  4.209E-04 1.526E-03
    4140 1.6851E+00 4.2092E-04  (-0.244    ,  1.953E-03,   0.00    ) |  4.209E-04 1.526E-03
    4141 1.6855E+00 4.2094E-04  (-0.244    ,  1.953E-03,   0.00    ) |  4.209E-04 1.526E-03
    4142 1.6860E+00 4.2095E-04  (-0.244    ,  1.953E-03,   0.00    ) |  4.210E-04 1.526E-03
    4143 1.6864E+00 4.2097E-04  (-0.244    ,  1.953E-03,   0.00    ) |  4.210E-04 1.526E-03
    4144 1.6868E+00 4.2099E-04  (-0.244    ,  1.953E-03,   0.00    ) |  4.210E-04 1.526E-03
    4145 1.6872E+00 4.2101E-04  (-0.244    ,  1.953E-03,   0.00    ) |  4.210E-04 1.526E-03
    4146 1.6877E+00 4.2102E-04  (-0.244    ,  1.953E-03,   0.00    ) |  4.210E-04 1.526E-03
    4147 1.6881E+00 4.2104E-04  (-0.244    ,  1.953E-03,   0.00    ) |  4.210E-04 1.526E-03
    4148 1.6885E+00 4.2106E-04  (-0.244    ,  1.953E-03,   0.00    ) |  4.211E-04 1.526E-03
    4149 1.6889E+00 4.2108E-04  (-0.244    ,  1.953E-03,   0.00    ) |  4.211E-04 1.526E-03
    4150 1.6893E+00 4.2109E-04  (-0.244    ,  1.953E-03,   0.00    ) |  4.211E-04 1.526E-03
    4151 1.6898E+00 4.2111E-04  (-0.244    ,  1.953E-03,   0.00    ) |  4.211E-04 1.526E-03
    4152 1.6902E+00 4.2113E-04  (-0.244    ,  1.953E-03,   0.00    ) |  4.211E-04 1.526E-03
    4153 1.6906E+00 4.2115E-04  ( 0.244    , -1.953E-03,   0.00    ) |  4.211E-04 1.526E-03
    4154 1.6910E+00 4.2117E-04  ( 0.244    , -1.953E-03,   0.00    ) |  4.212E-04 1.526E-03
    4155 1.6914E+00 4.2118E-04  ( 0.244    ,  1.953E-03,   0.00    ) |  4.212E-04 1.526E-03
    4156 1.6919E+00 4.2120E-04  (-0.244    ,  1.953E-03,   0.00    ) |  4.212E-04 1.526E-03
    4157 1.6923E+00 4.2122E-04  (-0.244    ,  1.953E-03,   0.00    ) |  4.212E-04 1.526E-03
    4158 1.6927E+00 4.2124E-04  (-0.244    ,  1.953E-03,   0.00    ) |  4.212E-04 1.526E-03
    4159 1.6931E+00 4.2126E-04  (-0.244    ,  1.953E-03,   0.00    ) |  4.213E-04 1.526E-03
    4160 1.6935E+00 4.2128E-04  (-0.244    ,  1.953E-03,   0.00    ) |  4.213E-04 1.526E-03
    4161 1.6940E+00 4.2130E-04  (-0.244    ,  1.953E-03,   0.00    ) |  4.213E-04 1.526E-03
    4162 1.6944E+00 4.2132E-04  (-0.244    ,  1.953E-03,   0.00    ) |  4.213E-04 1.526E-03
    4163 1.6948E+00 4.2134E-04  (-0.244    ,  1.953E-03,   0.00    ) |  4.213E-04 1.526E-03
    4164 1.6952E+00 4.2136E-04  (-0.244    ,  1.953E-03,   0.00    ) |  4.214E-04 1.526E-03
    4165 1.6957E+00 4.2138E-04  (-0.244    ,  1.953E-03,   0.00    ) |  4.214E-04 1.526E-03
    4166 1.6961E+00 4.2140E-04  (-0.244    ,  1.953E-03,   0.00    ) |  4.214E-04 1.526E-03
    4167 1.6965E+00 4.2142E-04  (-0.244    ,  1.953E-03,   0.00    ) |  4.214E-04 1.526E-03
    4168 1.6969E+00 4.2144E-04  (-0.244    ,  1.953E-03,   0.00    ) |  4.214E-04 1.526E-03
    4169 1.6973E+00 4.2146E-04  (-0.244    ,  1.953E-03,   0.00    ) |  4.215E-04 1.526E-03
    4170 1.6978E+00 4.2148E-04  (-0.244    ,  1.953E-03,   0.00    ) |  4.215E-04 1.526E-03
    4171 1.6982E+00 4.2150E-04  (-0.244    ,  1.953E-03,   0.00    ) |  4.215E-04 1.526E-03
    4172 1.6986E+00 4.2152E-04  (-0.244    ,  1.953E-03,   0.00    ) |  4.215E-04 1.526E-03
    4173 1.6990E+00 4.2154E-04  (-0.244    ,  1.953E-03,   0.00    ) |  4.215E-04 1.526E-03
    4174 1.6994E+00 4.2156E-04  (-0.244    ,  1.953E-03,   0.00    ) |  4.216E-04 1.526E-03
    4175 1.6999E+00 4.2158E-04  (-0.244    ,  1.953E-03,   0.00    ) |  4.216E-04 1.526E-03
 *** Wrote plotfile to flash_run_hdf5_plt_cnt_0068 ****
    4176 1.7003E+00 4.2160E-04  (-0.244    ,  1.953E-03,   0.00    ) |  4.216E-04 1.526E-03
    4177 1.7007E+00 4.2162E-04  (-0.244    ,  1.953E-03,   0.00    ) |  4.216E-04 1.526E-03
    4178 1.7011E+00 4.2164E-04  (-0.244    ,  1.953E-03,   0.00    ) |  4.216E-04 1.526E-03
    4179 1.7016E+00 4.2166E-04  (-0.244    ,  1.953E-03,   0.00    ) |  4.217E-04 1.526E-03
    4180 1.7020E+00 4.2168E-04  (-0.244    ,  1.953E-03,   0.00    ) |  4.217E-04 1.526E-03
    4181 1.7024E+00 4.2170E-04  (-0.244    ,  1.953E-03,   0.00    ) |  4.217E-04 1.526E-03
    4182 1.7028E+00 4.2172E-04  ( 0.244    , -1.953E-03,   0.00    ) |  4.217E-04 1.526E-03
    4183 1.7032E+00 4.2175E-04  ( 0.244    , -1.953E-03,   0.00    ) |  4.217E-04 1.526E-03
    4184 1.7037E+00 4.2177E-04  ( 0.244    , -1.953E-03,   0.00    ) |  4.218E-04 1.526E-03
    4185 1.7041E+00 4.2179E-04  (-0.244    ,  1.953E-03,   0.00    ) |  4.218E-04 1.526E-03
    4186 1.7045E+00 4.2181E-04  ( 0.244    , -1.953E-03,   0.00    ) |  4.218E-04 1.526E-03
    4187 1.7049E+00 4.2183E-04  (-0.244    ,  1.953E-03,   0.00    ) |  4.218E-04 1.526E-03
    4188 1.7053E+00 4.2185E-04  (-0.244    ,  1.953E-03,   0.00    ) |  4.218E-04 1.526E-03
    4189 1.7058E+00 4.2187E-04  (-0.244    ,  1.953E-03,   0.00    ) |  4.219E-04 1.526E-03
    4190 1.7062E+00 4.2189E-04  (-0.244    ,  1.953E-03,   0.00    ) |  4.219E-04 1.526E-03
    4191 1.7066E+00 4.2191E-04  (-0.244    ,  1.953E-03,   0.00    ) |  4.219E-04 1.526E-03
    4192 1.7070E+00 4.2192E-04  (-0.244    ,  1.953E-03,   0.00    ) |  4.219E-04 1.526E-03
    4193 1.7075E+00 4.2194E-04  (-0.244    ,  1.953E-03,   0.00    ) |  4.219E-04 1.526E-03
    4194 1.7079E+00 4.2196E-04  (-0.244    ,  1.953E-03,   0.00    ) |  4.220E-04 1.526E-03
    4195 1.7083E+00 4.2198E-04  (-0.244    ,  1.953E-03,   0.00    ) |  4.220E-04 1.526E-03
    4196 1.7087E+00 4.2200E-04  (-0.244    ,  1.953E-03,   0.00    ) |  4.220E-04 1.526E-03
    4197 1.7091E+00 4.2202E-04  (-0.240    ,  1.953E-03,   0.00    ) |  4.220E-04 1.526E-03
    4198 1.7096E+00 4.2204E-04  (-0.240    ,  1.953E-03,   0.00    ) |  4.220E-04 1.526E-03
    4199 1.7100E+00 4.2206E-04  (-0.240    ,  1.953E-03,   0.00    ) |  4.221E-04 1.526E-03
    4200 1.7104E+00 4.2208E-04  (-0.240    ,  1.953E-03,   0.00    ) |  4.221E-04 1.526E-03
    4201 1.7108E+00 4.2210E-04  (-0.240    ,  1.953E-03,   0.00    ) |  4.221E-04 1.526E-03
    4202 1.7113E+00 4.2212E-04  (-0.240    ,  1.953E-03,   0.00    ) |  4.221E-04 1.526E-03
    4203 1.7117E+00 4.2214E-04  (-0.240    ,  1.953E-03,   0.00    ) |  4.221E-04 1.526E-03
    4204 1.7121E+00 4.2216E-04  (-0.240    ,  1.953E-03,   0.00    ) |  4.222E-04 1.526E-03
    4205 1.7125E+00 4.2218E-04  (-0.240    ,  1.953E-03,   0.00    ) |  4.222E-04 1.526E-03
    4206 1.7129E+00 4.2220E-04  (-0.240    ,  1.953E-03,   0.00    ) |  4.222E-04 1.526E-03
    4207 1.7134E+00 4.2222E-04  (-0.240    ,  1.953E-03,   0.00    ) |  4.222E-04 1.526E-03
    4208 1.7138E+00 4.2224E-04  (-0.240    ,  1.953E-03,   0.00    ) |  4.222E-04 1.526E-03
    4209 1.7142E+00 4.2226E-04  (-0.240    ,  1.953E-03,   0.00    ) |  4.223E-04 1.526E-03
    4210 1.7146E+00 4.2228E-04  (-0.240    ,  1.953E-03,   0.00    ) |  4.223E-04 1.526E-03
    4211 1.7151E+00 4.2230E-04  (-0.240    ,  1.953E-03,   0.00    ) |  4.223E-04 1.526E-03
    4212 1.7155E+00 4.2233E-04  (-0.240    ,  1.953E-03,   0.00    ) |  4.223E-04 1.526E-03
    4213 1.7159E+00 4.2235E-04  (-0.240    ,  1.953E-03,   0.00    ) |  4.223E-04 1.526E-03
    4214 1.7163E+00 4.2237E-04  (-0.244    ,  1.953E-03,   0.00    ) |  4.224E-04 1.526E-03
    4215 1.7167E+00 4.2239E-04  ( 0.244    , -1.953E-03,   0.00    ) |  4.224E-04 1.526E-03
    4216 1.7172E+00 4.2241E-04  ( 0.244    , -1.953E-03,   0.00    ) |  4.224E-04 1.526E-03
    4217 1.7176E+00 4.2244E-04  (-0.244    ,  1.953E-03,   0.00    ) |  4.224E-04 1.526E-03
    4218 1.7180E+00 4.2246E-04  (-0.244    ,  1.953E-03,   0.00    ) |  4.225E-04 1.526E-03
    4219 1.7184E+00 4.2248E-04  (-0.244    ,  1.953E-03,   0.00    ) |  4.225E-04 1.526E-03
    4220 1.7189E+00 4.2251E-04  (-0.244    ,  1.953E-03,   0.00    ) |  4.225E-04 1.526E-03
    4221 1.7193E+00 4.2253E-04  (-0.244    ,  1.953E-03,   0.00    ) |  4.225E-04 1.526E-03
    4222 1.7197E+00 4.2255E-04  (-0.244    ,  1.953E-03,   0.00    ) |  4.226E-04 1.526E-03
    4223 1.7201E+00 4.2258E-04  (-0.244    ,  1.953E-03,   0.00    ) |  4.226E-04 1.526E-03
    4224 1.7205E+00 4.2260E-04  (-0.244    ,  1.953E-03,   0.00    ) |  4.226E-04 1.526E-03
    4225 1.7210E+00 4.2263E-04  (-0.244    ,  1.953E-03,   0.00    ) |  4.226E-04 1.526E-03
    4226 1.7214E+00 4.2265E-04  (-0.244    ,  1.953E-03,   0.00    ) |  4.227E-04 1.526E-03
    4227 1.7218E+00 4.2268E-04  (-0.244    ,  1.953E-03,   0.00    ) |  4.227E-04 1.526E-03
    4228 1.7222E+00 4.2271E-04  (-0.244    ,  1.953E-03,   0.00    ) |  4.227E-04 1.526E-03
    4229 1.7227E+00 4.2273E-04  (-0.244    ,  1.953E-03,   0.00    ) |  4.227E-04 1.526E-03
    4230 1.7231E+00 4.2276E-04  (-0.244    ,  1.953E-03,   0.00    ) |  4.228E-04 1.526E-03
    4231 1.7235E+00 4.2278E-04  (-0.244    ,  1.953E-03,   0.00    ) |  4.228E-04 1.526E-03
    4232 1.7239E+00 4.2281E-04  (-0.244    ,  1.953E-03,   0.00    ) |  4.228E-04 1.526E-03
    4233 1.7244E+00 4.2284E-04  (-0.244    ,  1.953E-03,   0.00    ) |  4.228E-04 1.526E-03
    4234 1.7248E+00 4.2287E-04  (-0.244    ,  1.953E-03,   0.00    ) |  4.229E-04 1.526E-03
 *** Wrote plotfile to flash_run_hdf5_plt_cnt_0069 ****
    4235 1.7252E+00 4.2289E-04  (-0.244    ,  1.953E-03,   0.00    ) |  4.229E-04 1.526E-03
    4236 1.7256E+00 4.2292E-04  (-0.244    ,  1.953E-03,   0.00    ) |  4.229E-04 1.526E-03
    4237 1.7260E+00 4.2295E-04  (-0.244    ,  1.953E-03,   0.00    ) |  4.229E-04 1.526E-03
    4238 1.7265E+00 4.2297E-04  (-0.244    ,  1.953E-03,   0.00    ) |  4.230E-04 1.526E-03
    4239 1.7269E+00 4.2300E-04  (-0.244    ,  1.953E-03,   0.00    ) |  4.230E-04 1.526E-03
    4240 1.7273E+00 4.2303E-04  (-0.244    ,  1.953E-03,   0.00    ) |  4.230E-04 1.526E-03
    4241 1.7277E+00 4.2306E-04  (-0.244    ,  1.953E-03,   0.00    ) |  4.231E-04 1.526E-03
    4242 1.7282E+00 4.2308E-04  (-0.244    ,  1.953E-03,   0.00    ) |  4.231E-04 1.526E-03
    4243 1.7286E+00 4.2311E-04  (-0.244    ,  1.953E-03,   0.00    ) |  4.231E-04 1.526E-03
    4244 1.7290E+00 4.2314E-04  (-0.244    ,  1.953E-03,   0.00    ) |  4.231E-04 1.526E-03
    4245 1.7294E+00 4.2317E-04  (-0.244    ,  1.953E-03,   0.00    ) |  4.232E-04 1.526E-03
    4246 1.7299E+00 4.2319E-04  (-0.244    ,  1.953E-03,   0.00    ) |  4.232E-04 1.526E-03
    4247 1.7303E+00 4.2322E-04  (-0.244    ,  1.953E-03,   0.00    ) |  4.232E-04 1.526E-03
    4248 1.7307E+00 4.2325E-04  (-0.244    ,  1.953E-03,   0.00    ) |  4.232E-04 1.526E-03
    4249 1.7311E+00 4.2327E-04  (-0.244    ,  1.953E-03,   0.00    ) |  4.233E-04 1.526E-03
    4250 1.7315E+00 4.2330E-04  (-0.244    ,  1.953E-03,   0.00    ) |  4.233E-04 1.526E-03
    4251 1.7320E+00 4.2332E-04  (-0.244    ,  1.953E-03,   0.00    ) |  4.233E-04 1.526E-03
    4252 1.7324E+00 4.2335E-04  (-0.240    ,  1.953E-03,   0.00    ) |  4.234E-04 1.526E-03
    4253 1.7328E+00 4.2338E-04  (-0.240    ,  1.953E-03,   0.00    ) |  4.234E-04 1.526E-03
    4254 1.7332E+00 4.2340E-04  (-0.240    ,  1.953E-03,   0.00    ) |  4.234E-04 1.526E-03
    4255 1.7337E+00 4.2343E-04  (-0.240    ,  1.953E-03,   0.00    ) |  4.234E-04 1.526E-03
    4256 1.7341E+00 4.2345E-04  (-0.240    ,  1.953E-03,   0.00    ) |  4.235E-04 1.526E-03
    4257 1.7345E+00 4.2348E-04  (-0.240    ,  1.953E-03,   0.00    ) |  4.235E-04 1.526E-03
    4258 1.7349E+00 4.2350E-04  (-0.240    ,  1.953E-03,   0.00    ) |  4.235E-04 1.526E-03
    4259 1.7354E+00 4.2352E-04  (-0.240    ,  1.953E-03,   0.00    ) |  4.235E-04 1.526E-03
    4260 1.7358E+00 4.2355E-04  (-0.240    ,  1.953E-03,   0.00    ) |  4.235E-04 1.526E-03
    4261 1.7362E+00 4.2357E-04  (-0.240    ,  1.953E-03,   0.00    ) |  4.236E-04 1.526E-03
    4262 1.7366E+00 4.2359E-04  (-0.240    ,  1.953E-03,   0.00    ) |  4.236E-04 1.526E-03
    4263 1.7370E+00 4.2362E-04  (-0.240    ,  1.953E-03,   0.00    ) |  4.236E-04 1.526E-03
    4264 1.7375E+00 4.2364E-04  (-0.240    ,  1.953E-03,   0.00    ) |  4.236E-04 1.526E-03
    4265 1.7379E+00 4.2366E-04  (-0.240    ,  1.953E-03,   0.00    ) |  4.237E-04 1.526E-03
    4266 1.7383E+00 4.2369E-04  (-0.240    ,  1.953E-03,   0.00    ) |  4.237E-04 1.526E-03
    4267 1.7387E+00 4.2371E-04  (-0.240    ,  1.953E-03,   0.00    ) |  4.237E-04 1.526E-03
    4268 1.7392E+00 4.2373E-04  (-0.240    ,  1.953E-03,   0.00    ) |  4.237E-04 1.526E-03
    4269 1.7396E+00 4.2375E-04  (-0.240    ,  1.953E-03,   0.00    ) |  4.238E-04 1.526E-03
    4270 1.7400E+00 4.2378E-04  (-0.240    ,  1.953E-03,   0.00    ) |  4.238E-04 1.526E-03
    4271 1.7404E+00 4.2380E-04  (-0.240    ,  1.953E-03,   0.00    ) |  4.238E-04 1.526E-03
    4272 1.7409E+00 4.2382E-04  (-0.240    ,  1.953E-03,   0.00    ) |  4.238E-04 1.526E-03
    4273 1.7413E+00 4.2384E-04  (-0.240    ,  1.953E-03,   0.00    ) |  4.238E-04 1.526E-03
    4274 1.7417E+00 4.2387E-04  ( 0.240    ,  1.953E-03,   0.00    ) |  4.239E-04 1.526E-03
    4275 1.7421E+00 4.2389E-04  ( 0.240    ,  1.953E-03,   0.00    ) |  4.239E-04 1.526E-03
    4276 1.7426E+00 4.2391E-04  ( 0.240    ,  1.953E-03,   0.00    ) |  4.239E-04 1.526E-03
    4277 1.7430E+00 4.2393E-04  ( 0.240    ,  1.953E-03,   0.00    ) |  4.239E-04 1.526E-03
    4278 1.7434E+00 4.2396E-04  ( 0.240    ,  1.953E-03,   0.00    ) |  4.240E-04 1.526E-03
    4279 1.7438E+00 4.2398E-04  ( 0.240    ,  1.953E-03,   0.00    ) |  4.240E-04 1.526E-03
    4280 1.7443E+00 4.2400E-04  ( 0.240    ,  1.953E-03,   0.00    ) |  4.240E-04 1.526E-03
    4281 1.7447E+00 4.2402E-04  ( 0.240    ,  1.953E-03,   0.00    ) |  4.240E-04 1.526E-03
    4282 1.7451E+00 4.2405E-04  ( 0.240    ,  1.953E-03,   0.00    ) |  4.240E-04 1.526E-03
    4283 1.7455E+00 4.2407E-04  ( 0.240    ,  1.953E-03,   0.00    ) |  4.241E-04 1.526E-03
    4284 1.7460E+00 4.2409E-04  ( 0.240    ,  1.953E-03,   0.00    ) |  4.241E-04 1.526E-03
    4285 1.7464E+00 4.2411E-04  ( 0.240    ,  1.953E-03,   0.00    ) |  4.241E-04 1.526E-03
    4286 1.7468E+00 4.2414E-04  ( 0.240    ,  1.953E-03,   0.00    ) |  4.241E-04 1.526E-03
    4287 1.7472E+00 4.2416E-04  ( 0.240    ,  1.953E-03,   0.00    ) |  4.242E-04 1.526E-03
    4288 1.7476E+00 4.2418E-04  ( 0.240    ,  1.953E-03,   0.00    ) |  4.242E-04 1.526E-03
    4289 1.7481E+00 4.2421E-04  ( 0.240    ,  1.953E-03,   0.00    ) |  4.242E-04 1.526E-03
    4290 1.7485E+00 4.2423E-04  ( 0.240    ,  1.953E-03,   0.00    ) |  4.242E-04 1.526E-03
    4291 1.7489E+00 4.2425E-04  ( 0.240    ,  1.953E-03,   0.00    ) |  4.243E-04 1.526E-03
    4292 1.7493E+00 4.2428E-04  ( 0.240    ,  1.953E-03,   0.00    ) |  4.243E-04 1.526E-03
    4293 1.7498E+00 4.2430E-04  ( 0.240    ,  1.953E-03,   0.00    ) |  4.243E-04 1.526E-03
 *** Wrote plotfile to flash_run_hdf5_plt_cnt_0070 ****
    4294 1.7502E+00 4.2432E-04  ( 0.240    ,  1.953E-03,   0.00    ) |  4.243E-04 1.526E-03
    4295 1.7506E+00 4.2435E-04  ( 0.240    ,  1.953E-03,   0.00    ) |  4.243E-04 1.526E-03
    4296 1.7510E+00 4.2437E-04  ( 0.240    ,  1.953E-03,   0.00    ) |  4.244E-04 1.526E-03
    4297 1.7515E+00 4.2439E-04  ( 0.240    ,  1.953E-03,   0.00    ) |  4.244E-04 1.526E-03
    4298 1.7519E+00 4.2442E-04  ( 0.240    ,  1.953E-03,   0.00    ) |  4.244E-04 1.526E-03
    4299 1.7523E+00 4.2444E-04  ( 0.240    ,  1.953E-03,   0.00    ) |  4.244E-04 1.526E-03
    4300 1.7527E+00 4.2446E-04  ( 0.240    ,  1.953E-03,   0.00    ) |  4.245E-04 1.526E-03
    4301 1.7532E+00 4.2449E-04  ( 0.240    ,  1.953E-03,   0.00    ) |  4.245E-04 1.526E-03
    4302 1.7536E+00 4.2451E-04  ( 0.240    ,  1.953E-03,   0.00    ) |  4.245E-04 1.526E-03
    4303 1.7540E+00 4.2453E-04  ( 0.240    ,  1.953E-03,   0.00    ) |  4.245E-04 1.526E-03
    4304 1.7544E+00 4.2456E-04  ( 0.240    ,  1.953E-03,   0.00    ) |  4.246E-04 1.526E-03
    4305 1.7549E+00 4.2458E-04  ( 0.240    ,  1.953E-03,   0.00    ) |  4.246E-04 1.526E-03
    4306 1.7553E+00 4.2460E-04  ( 0.240    ,  1.953E-03,   0.00    ) |  4.246E-04 1.526E-03
    4307 1.7557E+00 4.2463E-04  ( 0.240    ,  1.953E-03,   0.00    ) |  4.246E-04 1.526E-03
    4308 1.7561E+00 4.2465E-04  ( 0.240    ,  1.953E-03,   0.00    ) |  4.246E-04 1.526E-03
    4309 1.7566E+00 4.2467E-04  ( 0.240    ,  1.953E-03,   0.00    ) |  4.247E-04 1.526E-03
    4310 1.7570E+00 4.2469E-04  ( 0.240    ,  1.953E-03,   0.00    ) |  4.247E-04 1.526E-03
    4311 1.7574E+00 4.2472E-04  ( 0.240    ,  1.953E-03,   0.00    ) |  4.247E-04 1.526E-03
    4312 1.7578E+00 4.2474E-04  ( 0.240    ,  1.953E-03,   0.00    ) |  4.247E-04 1.526E-03
    4313 1.7583E+00 4.2476E-04  ( 0.240    ,  1.953E-03,   0.00    ) |  4.248E-04 1.526E-03
    4314 1.7587E+00 4.2478E-04  ( 0.240    ,  1.953E-03,   0.00    ) |  4.248E-04 1.526E-03
    4315 1.7591E+00 4.2481E-04  ( 0.240    ,  1.953E-03,   0.00    ) |  4.248E-04 1.526E-03
    4316 1.7595E+00 4.2483E-04  ( 0.240    ,  1.953E-03,   0.00    ) |  4.248E-04 1.526E-03
    4317 1.7600E+00 4.2485E-04  ( 0.240    ,  1.953E-03,   0.00    ) |  4.249E-04 1.526E-03
    4318 1.7604E+00 4.2487E-04  ( 0.240    ,  1.953E-03,   0.00    ) |  4.249E-04 1.526E-03
    4319 1.7608E+00 4.2489E-04  ( 0.240    ,  1.953E-03,   0.00    ) |  4.249E-04 1.526E-03
    4320 1.7612E+00 4.2492E-04  ( 0.240    ,  1.953E-03,   0.00    ) |  4.249E-04 1.526E-03
    4321 1.7617E+00 4.2494E-04  ( 0.240    ,  1.953E-03,   0.00    ) |  4.249E-04 1.526E-03
    4322 1.7621E+00 4.2496E-04  ( 0.240    ,  1.953E-03,   0.00    ) |  4.250E-04 1.526E-03
    4323 1.7625E+00 4.2498E-04  ( 0.240    ,  1.953E-03,   0.00    ) |  4.250E-04 1.526E-03
    4324 1.7629E+00 4.2500E-04  (-0.240    ,  1.953E-03,   0.00    ) |  4.250E-04 1.526E-03
    4325 1.7634E+00 4.2502E-04  (-0.240    ,  1.953E-03,   0.00    ) |  4.250E-04 1.526E-03
    4326 1.7638E+00 4.2504E-04  (-0.240    ,  1.953E-03,   0.00    ) |  4.250E-04 1.526E-03
    4327 1.7642E+00 4.2506E-04  (-0.240    ,  1.953E-03,   0.00    ) |  4.251E-04 1.526E-03
    4328 1.7646E+00 4.2508E-04  (-0.240    ,  1.953E-03,   0.00    ) |  4.251E-04 1.526E-03
    4329 1.7651E+00 4.2510E-04  (-0.240    ,  1.953E-03,   0.00    ) |  4.251E-04 1.526E-03
    4330 1.7655E+00 4.2512E-04  (-0.240    ,  1.953E-03,   0.00    ) |  4.251E-04 1.526E-03
    4331 1.7659E+00 4.2514E-04  (-0.240    ,  1.953E-03,   0.00    ) |  4.251E-04 1.526E-03
    4332 1.7663E+00 4.2516E-04  (-0.240    ,  1.953E-03,   0.00    ) |  4.252E-04 1.526E-03
    4333 1.7668E+00 4.2518E-04  (-0.240    ,  1.953E-03,   0.00    ) |  4.252E-04 1.526E-03
    4334 1.7672E+00 4.2520E-04  (-0.240    ,  1.953E-03,   0.00    ) |  4.252E-04 1.526E-03
    4335 1.7676E+00 4.2522E-04  (-0.240    ,  1.953E-03,   0.00    ) |  4.252E-04 1.526E-03
    4336 1.7680E+00 4.2525E-04  (-0.240    ,  1.953E-03,   0.00    ) |  4.252E-04 1.526E-03
    4337 1.7685E+00 4.2527E-04  (-0.240    ,  1.953E-03,   0.00    ) |  4.253E-04 1.526E-03
    4338 1.7689E+00 4.2529E-04  (-0.240    ,  1.953E-03,   0.00    ) |  4.253E-04 1.526E-03
    4339 1.7693E+00 4.2531E-04  (-0.240    ,  1.953E-03,   0.00    ) |  4.253E-04 1.526E-03
    4340 1.7697E+00 4.2533E-04  (-0.240    ,  1.953E-03,   0.00    ) |  4.253E-04 1.526E-03
    4341 1.7702E+00 4.2535E-04  (-0.240    ,  1.953E-03,   0.00    ) |  4.253E-04 1.526E-03
    4342 1.7706E+00 4.2537E-04  (-0.240    ,  1.953E-03,   0.00    ) |  4.254E-04 1.526E-03
    4343 1.7710E+00 4.2539E-04  (-0.240    ,  1.953E-03,   0.00    ) |  4.254E-04 1.526E-03
    4344 1.7714E+00 4.2542E-04  (-0.240    ,  1.953E-03,   0.00    ) |  4.254E-04 1.526E-03
    4345 1.7719E+00 4.2544E-04  (-0.240    ,  1.953E-03,   0.00    ) |  4.254E-04 1.526E-03
    4346 1.7723E+00 4.2546E-04  (-0.240    ,  1.953E-03,   0.00    ) |  4.255E-04 1.526E-03
    4347 1.7727E+00 4.2548E-04  (-0.240    ,  1.953E-03,   0.00    ) |  4.255E-04 1.526E-03
    4348 1.7731E+00 4.2551E-04  (-0.240    ,  1.953E-03,   0.00    ) |  4.255E-04 1.526E-03
    4349 1.7736E+00 4.2553E-04  (-0.240    ,  1.953E-03,   0.00    ) |  4.255E-04 1.526E-03
    4350 1.7740E+00 4.2555E-04  (-0.240    ,  1.953E-03,   0.00    ) |  4.256E-04 1.526E-03
    4351 1.7744E+00 4.2558E-04  (-0.240    ,  1.953E-03,   0.00    ) |  4.256E-04 1.526E-03
    4352 1.7748E+00 4.2560E-04  (-0.240    ,  1.953E-03,   0.00    ) |  4.256E-04 1.526E-03
 *** Wrote plotfile to flash_run_hdf5_plt_cnt_0071 ****
    4353 1.7753E+00 4.2562E-04  (-0.240    ,  1.953E-03,   0.00    ) |  4.256E-04 1.526E-03
    4354 1.7757E+00 4.2565E-04  (-0.240    ,  1.953E-03,   0.00    ) |  4.256E-04 1.526E-03
    4355 1.7761E+00 4.2567E-04  (-0.240    ,  1.953E-03,   0.00    ) |  4.257E-04 1.526E-03
    4356 1.7765E+00 4.2570E-04  (-0.240    ,  1.953E-03,   0.00    ) |  4.257E-04 1.526E-03
    4357 1.7770E+00 4.2572E-04  (-0.240    ,  1.953E-03,   0.00    ) |  4.257E-04 1.526E-03
    4358 1.7774E+00 4.2575E-04  (-0.240    ,  1.953E-03,   0.00    ) |  4.257E-04 1.526E-03
    4359 1.7778E+00 4.2577E-04  (-0.240    ,  1.953E-03,   0.00    ) |  4.258E-04 1.526E-03
    4360 1.7782E+00 4.2580E-04  (-0.240    ,  1.953E-03,   0.00    ) |  4.258E-04 1.526E-03
    4361 1.7787E+00 4.2583E-04  (-0.240    ,  1.953E-03,   0.00    ) |  4.258E-04 1.526E-03
    4362 1.7791E+00 4.2585E-04  (-0.240    ,  1.953E-03,   0.00    ) |  4.259E-04 1.526E-03
    4363 1.7795E+00 4.2588E-04  (-0.240    ,  1.953E-03,   0.00    ) |  4.259E-04 1.526E-03
    4364 1.7799E+00 4.2590E-04  (-0.240    ,  1.953E-03,   0.00    ) |  4.259E-04 1.526E-03
    4365 1.7804E+00 4.2593E-04  (-0.240    ,  1.953E-03,   0.00    ) |  4.259E-04 1.526E-03
    4366 1.7808E+00 4.2596E-04  (-0.240    ,  1.953E-03,   0.00    ) |  4.260E-04 1.526E-03
    4367 1.7812E+00 4.2598E-04  (-0.240    ,  1.953E-03,   0.00    ) |  4.260E-04 1.526E-03
    4368 1.7817E+00 4.2601E-04  (-0.240    ,  1.953E-03,   0.00    ) |  4.260E-04 1.526E-03
    4369 1.7821E+00 4.2604E-04  (-0.240    ,  1.953E-03,   0.00    ) |  4.260E-04 1.526E-03
    4370 1.7825E+00 4.2607E-04  (-0.240    ,  1.953E-03,   0.00    ) |  4.261E-04 1.526E-03
    4371 1.7829E+00 4.2609E-04  (-0.240    ,  1.953E-03,   0.00    ) |  4.261E-04 1.526E-03
    4372 1.7834E+00 4.2612E-04  (-0.240    ,  1.953E-03,   0.00    ) |  4.261E-04 1.526E-03
    4373 1.7838E+00 4.2615E-04  (-0.240    ,  1.953E-03,   0.00    ) |  4.261E-04 1.526E-03
    4374 1.7842E+00 4.2618E-04  (-0.236    ,  1.953E-03,   0.00    ) |  4.262E-04 1.526E-03
    4375 1.7846E+00 4.2620E-04  (-0.236    ,  1.953E-03,   0.00    ) |  4.262E-04 1.526E-03
    4376 1.7851E+00 4.2623E-04  (-0.236    ,  1.953E-03,   0.00    ) |  4.262E-04 1.526E-03
    4377 1.7855E+00 4.2626E-04  (-0.236    ,  1.953E-03,   0.00    ) |  4.263E-04 1.526E-03
    4378 1.7859E+00 4.2628E-04  (-0.236    ,  1.953E-03,   0.00    ) |  4.263E-04 1.526E-03
    4379 1.7863E+00 4.2631E-04  (-0.236    ,  1.953E-03,   0.00    ) |  4.263E-04 1.526E-03
    4380 1.7868E+00 4.2634E-04  (-0.236    ,  1.953E-03,   0.00    ) |  4.263E-04 1.526E-03
    4381 1.7872E+00 4.2637E-04  (-0.236    ,  1.953E-03,   0.00    ) |  4.264E-04 1.526E-03
    4382 1.7876E+00 4.2639E-04  (-0.236    ,  1.953E-03,   0.00    ) |  4.264E-04 1.526E-03
    4383 1.7880E+00 4.2642E-04  (-0.236    ,  1.953E-03,   0.00    ) |  4.264E-04 1.526E-03
    4384 1.7885E+00 4.2645E-04  (-0.240    ,  1.953E-03,   0.00    ) |  4.264E-04 1.526E-03
    4385 1.7889E+00 4.2647E-04  (-0.240    ,  1.953E-03,   0.00    ) |  4.265E-04 1.526E-03
    4386 1.7893E+00 4.2650E-04  (-0.240    ,  1.953E-03,   0.00    ) |  4.265E-04 1.526E-03
    4387 1.7898E+00 4.2653E-04  (-0.240    ,  1.953E-03,   0.00    ) |  4.265E-04 1.526E-03
    4388 1.7902E+00 4.2655E-04  (-0.240    ,  1.953E-03,   0.00    ) |  4.266E-04 1.526E-03
    4389 1.7906E+00 4.2658E-04  (-0.240    ,  1.953E-03,   0.00    ) |  4.266E-04 1.526E-03
    4390 1.7910E+00 4.2660E-04  (-0.240    ,  1.953E-03,   0.00    ) |  4.266E-04 1.526E-03
    4391 1.7915E+00 4.2663E-04  (-0.240    ,  1.953E-03,   0.00    ) |  4.266E-04 1.526E-03
    4392 1.7919E+00 4.2666E-04  (-0.240    ,  1.953E-03,   0.00    ) |  4.267E-04 1.526E-03
    4393 1.7923E+00 4.2668E-04  (-0.240    ,  1.953E-03,   0.00    ) |  4.267E-04 1.526E-03
    4394 1.7927E+00 4.2671E-04  (-0.240    ,  1.953E-03,   0.00    ) |  4.267E-04 1.526E-03
    4395 1.7932E+00 4.2673E-04  (-0.240    ,  1.953E-03,   0.00    ) |  4.267E-04 1.526E-03
    4396 1.7936E+00 4.2676E-04  (-0.240    ,  1.953E-03,   0.00    ) |  4.268E-04 1.526E-03
    4397 1.7940E+00 4.2678E-04  (-0.240    ,  1.953E-03,   0.00    ) |  4.268E-04 1.526E-03
    4398 1.7944E+00 4.2680E-04  (-0.240    ,  1.953E-03,   0.00    ) |  4.268E-04 1.526E-03
    4399 1.7949E+00 4.2683E-04  (-0.240    ,  1.953E-03,   0.00    ) |  4.268E-04 1.526E-03
    4400 1.7953E+00 4.2685E-04  (-0.240    ,  1.953E-03,   0.00    ) |  4.269E-04 1.526E-03
    4401 1.7957E+00 4.2688E-04  (-0.240    ,  1.953E-03,   0.00    ) |  4.269E-04 1.526E-03
    4402 1.7962E+00 4.2690E-04  (-0.240    ,  1.953E-03,   0.00    ) |  4.269E-04 1.526E-03
    4403 1.7966E+00 4.2693E-04  (-0.240    ,  1.953E-03,   0.00    ) |  4.269E-04 1.526E-03
    4404 1.7970E+00 4.2695E-04  (-0.240    ,  1.953E-03,   0.00    ) |  4.269E-04 1.526E-03
    4405 1.7974E+00 4.2697E-04  (-0.240    ,  1.953E-03,   0.00    ) |  4.270E-04 1.526E-03
    4406 1.7979E+00 4.2700E-04  (-0.240    ,  1.953E-03,   0.00    ) |  4.270E-04 1.526E-03
    4407 1.7983E+00 4.2702E-04  (-0.240    ,  1.953E-03,   0.00    ) |  4.270E-04 1.526E-03
    4408 1.7987E+00 4.2704E-04  (-0.240    ,  1.953E-03,   0.00    ) |  4.270E-04 1.526E-03
    4409 1.7991E+00 4.2707E-04  (-0.240    ,  1.953E-03,   0.00    ) |  4.271E-04 1.526E-03
    4410 1.7996E+00 4.2709E-04  (-0.240    ,  1.953E-03,   0.00    ) |  4.271E-04 1.526E-03
    4411 1.8000E+00 4.2711E-04  (-0.240    ,  1.953E-03,   0.00    ) |  4.271E-04 1.526E-03
 *** Wrote plotfile to flash_run_hdf5_plt_cnt_0072 ****
    4412 1.8004E+00 4.2714E-04  (-0.240    ,  1.953E-03,   0.00    ) |  4.271E-04 1.526E-03
    4413 1.8008E+00 4.2716E-04  (-0.240    ,  1.953E-03,   0.00    ) |  4.272E-04 1.526E-03
    4414 1.8013E+00 4.2718E-04  (-0.240    ,  1.953E-03,   0.00    ) |  4.272E-04 1.526E-03
    4415 1.8017E+00 4.2721E-04  (-0.240    ,  1.953E-03,   0.00    ) |  4.272E-04 1.526E-03
    4416 1.8021E+00 4.2723E-04  (-0.240    ,  1.953E-03,   0.00    ) |  4.272E-04 1.526E-03
    4417 1.8026E+00 4.2725E-04  (-0.240    ,  1.953E-03,   0.00    ) |  4.273E-04 1.526E-03
    4418 1.8030E+00 4.2728E-04  (-0.240    ,  1.953E-03,   0.00    ) |  4.273E-04 1.526E-03
    4419 1.8034E+00 4.2730E-04  (-0.240    ,  1.953E-03,   0.00    ) |  4.273E-04 1.526E-03
    4420 1.8038E+00 4.2732E-04  (-0.240    ,  1.953E-03,   0.00    ) |  4.273E-04 1.526E-03
    4421 1.8043E+00 4.2735E-04  (-0.240    ,  1.953E-03,   0.00    ) |  4.273E-04 1.526E-03
    4422 1.8047E+00 4.2737E-04  (-0.240    ,  1.953E-03,   0.00    ) |  4.274E-04 1.526E-03
    4423 1.8051E+00 4.2739E-04  (-0.240    ,  1.953E-03,   0.00    ) |  4.274E-04 1.526E-03
    4424 1.8055E+00 4.2742E-04  (-0.240    ,  1.953E-03,   0.00    ) |  4.274E-04 1.526E-03
    4425 1.8060E+00 4.2744E-04  (-0.240    ,  1.953E-03,   0.00    ) |  4.274E-04 1.526E-03
    4426 1.8064E+00 4.2746E-04  (-0.240    ,  1.953E-03,   0.00    ) |  4.275E-04 1.526E-03
    4427 1.8068E+00 4.2749E-04  (-0.240    ,  1.953E-03,   0.00    ) |  4.275E-04 1.526E-03
    4428 1.8073E+00 4.2751E-04  (-0.240    ,  1.953E-03,   0.00    ) |  4.275E-04 1.526E-03
    4429 1.8077E+00 4.2754E-04  (-0.240    ,  1.953E-03,   0.00    ) |  4.275E-04 1.526E-03
    4430 1.8081E+00 4.2756E-04  (-0.240    ,  1.953E-03,   0.00    ) |  4.276E-04 1.526E-03
    4431 1.8085E+00 4.2758E-04  (-0.240    ,  1.953E-03,   0.00    ) |  4.276E-04 1.526E-03
    4432 1.8090E+00 4.2761E-04  (-0.240    ,  1.953E-03,   0.00    ) |  4.276E-04 1.526E-03
    4433 1.8094E+00 4.2763E-04  (-0.240    ,  1.953E-03,   0.00    ) |  4.276E-04 1.526E-03
    4434 1.8098E+00 4.2766E-04  (-0.240    ,  1.953E-03,   0.00    ) |  4.277E-04 1.526E-03
    4435 1.8103E+00 4.2768E-04  (-0.240    ,  1.953E-03,   0.00    ) |  4.277E-04 1.526E-03
    4436 1.8107E+00 4.2771E-04  (-0.240    ,  1.953E-03,   0.00    ) |  4.277E-04 1.526E-03
    4437 1.8111E+00 4.2773E-04  (-0.240    ,  1.953E-03,   0.00    ) |  4.277E-04 1.526E-03
    4438 1.8115E+00 4.2776E-04  (-0.240    ,  1.953E-03,   0.00    ) |  4.278E-04 1.526E-03
    4439 1.8120E+00 4.2778E-04  (-0.240    ,  1.953E-03,   0.00    ) |  4.278E-04 1.526E-03
    4440 1.8124E+00 4.2781E-04  (-0.240    ,  1.953E-03,   0.00    ) |  4.278E-04 1.526E-03
    4441 1.8128E+00 4.2783E-04  (-0.236    ,  1.953E-03,   0.00    ) |  4.278E-04 1.526E-03
    4442 1.8132E+00 4.2786E-04  ( 0.236    , -1.953E-03,   0.00    ) |  4.279E-04 1.526E-03
    4443 1.8137E+00 4.2788E-04  ( 0.236    , -1.953E-03,   0.00    ) |  4.279E-04 1.526E-03
    4444 1.8141E+00 4.2791E-04  ( 0.236    , -1.953E-03,   0.00    ) |  4.279E-04 1.526E-03
    4445 1.8145E+00 4.2793E-04  ( 0.236    , -1.953E-03,   0.00    ) |  4.279E-04 1.526E-03
    4446 1.8150E+00 4.2796E-04  ( 0.236    , -1.953E-03,   0.00    ) |  4.280E-04 1.526E-03
    4447 1.8154E+00 4.2798E-04  ( 0.236    , -1.953E-03,   0.00    ) |  4.280E-04 1.526E-03
    4448 1.8158E+00 4.2801E-04  ( 0.236    , -1.953E-03,   0.00    ) |  4.280E-04 1.526E-03
    4449 1.8162E+00 4.2803E-04  ( 0.236    , -1.953E-03,   0.00    ) |  4.280E-04 1.526E-03
    4450 1.8167E+00 4.2806E-04  ( 0.236    , -1.953E-03,   0.00    ) |  4.281E-04 1.526E-03
    4451 1.8171E+00 4.2808E-04  (-0.236    ,  1.953E-03,   0.00    ) |  4.281E-04 1.526E-03
    4452 1.8175E+00 4.2811E-04  (-0.236    ,  1.953E-03,   0.00    ) |  4.281E-04 1.526E-03
    4453 1.8180E+00 4.2813E-04  (-0.236    , -1.953E-03,   0.00    ) |  4.281E-04 1.526E-03
    4454 1.8184E+00 4.2816E-04  (-0.236    , -1.953E-03,   0.00    ) |  4.282E-04 1.526E-03
    4455 1.8188E+00 4.2818E-04  (-0.236    ,  1.953E-03,   0.00    ) |  4.282E-04 1.526E-03
    4456 1.8192E+00 4.2821E-04  (-0.236    ,  1.953E-03,   0.00    ) |  4.282E-04 1.526E-03
    4457 1.8197E+00 4.2824E-04  (-0.236    , -1.953E-03,   0.00    ) |  4.282E-04 1.526E-03
    4458 1.8201E+00 4.2826E-04  (-0.236    , -1.953E-03,   0.00    ) |  4.283E-04 1.526E-03
    4459 1.8205E+00 4.2829E-04  (-0.236    ,  1.953E-03,   0.00    ) |  4.283E-04 1.526E-03
    4460 1.8210E+00 4.2831E-04  (-0.236    , -1.953E-03,   0.00    ) |  4.283E-04 1.526E-03
    4461 1.8214E+00 4.2834E-04  (-0.236    ,  1.953E-03,   0.00    ) |  4.283E-04 1.526E-03
    4462 1.8218E+00 4.2836E-04  (-0.236    ,  1.953E-03,   0.00    ) |  4.284E-04 1.526E-03
    4463 1.8222E+00 4.2839E-04  (-0.236    ,  1.953E-03,   0.00    ) |  4.284E-04 1.526E-03
    4464 1.8227E+00 4.2841E-04  (-0.236    ,  1.953E-03,   0.00    ) |  4.284E-04 1.526E-03
    4465 1.8231E+00 4.2844E-04  (-0.236    , -1.953E-03,   0.00    ) |  4.284E-04 1.526E-03
    4466 1.8235E+00 4.2847E-04  (-0.236    , -1.953E-03,   0.00    ) |  4.285E-04 1.526E-03
    4467 1.8240E+00 4.2849E-04  (-0.236    , -1.953E-03,   0.00    ) |  4.285E-04 1.526E-03
    4468 1.8244E+00 4.2852E-04  (-0.236    , -1.953E-03,   0.00    ) |  4.285E-04 1.526E-03
    4469 1.8248E+00 4.2854E-04  (-0.236    , -1.953E-03,   0.00    ) |  4.285E-04 1.526E-03
 *** Wrote plotfile to flash_run_hdf5_plt_cnt_0073 ****
    4470 1.8252E+00 4.2857E-04  (-0.236    , -1.953E-03,   0.00    ) |  4.286E-04 1.526E-03
    4471 1.8257E+00 4.2859E-04  (-0.236    , -1.953E-03,   0.00    ) |  4.286E-04 1.526E-03
    4472 1.8261E+00 4.2862E-04  (-0.236    , -1.953E-03,   0.00    ) |  4.286E-04 1.526E-03
    4473 1.8265E+00 4.2864E-04  (-0.236    , -1.953E-03,   0.00    ) |  4.286E-04 1.526E-03
    4474 1.8270E+00 4.2867E-04  (-0.236    , -1.953E-03,   0.00    ) |  4.287E-04 1.526E-03
    4475 1.8274E+00 4.2869E-04  (-0.236    , -1.953E-03,   0.00    ) |  4.287E-04 1.526E-03
    4476 1.8278E+00 4.2872E-04  (-0.236    , -1.953E-03,   0.00    ) |  4.287E-04 1.526E-03
    4477 1.8282E+00 4.2874E-04  (-0.236    , -1.953E-03,   0.00    ) |  4.287E-04 1.526E-03
    4478 1.8287E+00 4.2877E-04  (-0.236    , -1.953E-03,   0.00    ) |  4.288E-04 1.526E-03
    4479 1.8291E+00 4.2879E-04  (-0.236    , -1.953E-03,   0.00    ) |  4.288E-04 1.526E-03
    4480 1.8295E+00 4.2882E-04  (-0.236    , -1.953E-03,   0.00    ) |  4.288E-04 1.526E-03
    4481 1.8300E+00 4.2884E-04  (-0.236    , -1.953E-03,   0.00    ) |  4.288E-04 1.526E-03
    4482 1.8304E+00 4.2886E-04  (-0.236    , -1.953E-03,   0.00    ) |  4.289E-04 1.526E-03
    4483 1.8308E+00 4.2889E-04  (-0.236    , -1.953E-03,   0.00    ) |  4.289E-04 1.526E-03
    4484 1.8312E+00 4.2891E-04  (-0.236    , -1.953E-03,   0.00    ) |  4.289E-04 1.526E-03
    4485 1.8317E+00 4.2894E-04  (-0.236    , -1.953E-03,   0.00    ) |  4.289E-04 1.526E-03
    4486 1.8321E+00 4.2896E-04  (-0.236    , -1.953E-03,   0.00    ) |  4.290E-04 1.526E-03
    4487 1.8325E+00 4.2899E-04  (-0.236    , -1.953E-03,   0.00    ) |  4.290E-04 1.526E-03
    4488 1.8330E+00 4.2901E-04  (-0.236    , -1.953E-03,   0.00    ) |  4.290E-04 1.526E-03
    4489 1.8334E+00 4.2903E-04  (-0.236    , -1.953E-03,   0.00    ) |  4.290E-04 1.526E-03
    4490 1.8338E+00 4.2906E-04  (-0.236    , -1.953E-03,   0.00    ) |  4.291E-04 1.526E-03
    4491 1.8342E+00 4.2908E-04  (-0.236    , -1.953E-03,   0.00    ) |  4.291E-04 1.526E-03
    4492 1.8347E+00 4.2910E-04  (-0.236    , -1.953E-03,   0.00    ) |  4.291E-04 1.526E-03
    4493 1.8351E+00 4.2913E-04  (-0.236    , -1.953E-03,   0.00    ) |  4.291E-04 1.526E-03
    4494 1.8355E+00 4.2915E-04  (-0.236    , -1.953E-03,   0.00    ) |  4.292E-04 1.526E-03
    4495 1.8360E+00 4.2918E-04  (-0.236    , -1.953E-03,   0.00    ) |  4.292E-04 1.526E-03
    4496 1.8364E+00 4.2920E-04  (-0.236    , -1.953E-03,   0.00    ) |  4.292E-04 1.526E-03
    4497 1.8368E+00 4.2922E-04  (-0.236    , -1.953E-03,   0.00    ) |  4.292E-04 1.526E-03
    4498 1.8372E+00 4.2925E-04  (-0.236    , -1.953E-03,   0.00    ) |  4.292E-04 1.526E-03
    4499 1.8377E+00 4.2927E-04  (-0.236    , -1.953E-03,   0.00    ) |  4.293E-04 1.526E-03
    4500 1.8381E+00 4.2929E-04  ( 0.236    , -1.953E-03,   0.00    ) |  4.293E-04 1.526E-03
    4501 1.8385E+00 4.2932E-04  ( 0.236    , -1.953E-03,   0.00    ) |  4.293E-04 1.526E-03
    4502 1.8390E+00 4.2934E-04  (-0.236    , -1.953E-03,   0.00    ) |  4.293E-04 1.526E-03
    4503 1.8394E+00 4.2936E-04  (-0.236    , -1.953E-03,   0.00    ) |  4.294E-04 1.526E-03
    4504 1.8398E+00 4.2939E-04  ( 0.236    , -1.953E-03,   0.00    ) |  4.294E-04 1.526E-03
    4505 1.8403E+00 4.2941E-04  ( 0.236    , -1.953E-03,   0.00    ) |  4.294E-04 1.526E-03
    4506 1.8407E+00 4.2943E-04  ( 0.236    , -1.953E-03,   0.00    ) |  4.294E-04 1.526E-03
    4507 1.8411E+00 4.2946E-04  ( 0.236    , -1.953E-03,   0.00    ) |  4.295E-04 1.526E-03
    4508 1.8415E+00 4.2948E-04  ( 0.236    , -1.953E-03,   0.00    ) |  4.295E-04 1.526E-03
    4509 1.8420E+00 4.2951E-04  ( 0.236    , -1.953E-03,   0.00    ) |  4.295E-04 1.526E-03
    4510 1.8424E+00 4.2953E-04  ( 0.236    , -1.953E-03,   0.00    ) |  4.295E-04 1.526E-03
    4511 1.8428E+00 4.2955E-04  ( 0.236    , -1.953E-03,   0.00    ) |  4.296E-04 1.526E-03
    4512 1.8433E+00 4.2958E-04  ( 0.236    , -1.953E-03,   0.00    ) |  4.296E-04 1.526E-03
    4513 1.8437E+00 4.2960E-04  ( 0.236    , -1.953E-03,   0.00    ) |  4.296E-04 1.526E-03
    4514 1.8441E+00 4.2963E-04  ( 0.236    , -1.953E-03,   0.00    ) |  4.296E-04 1.526E-03
    4515 1.8445E+00 4.2965E-04  ( 0.236    , -1.953E-03,   0.00    ) |  4.297E-04 1.526E-03
    4516 1.8450E+00 4.2968E-04  ( 0.236    , -1.953E-03,   0.00    ) |  4.297E-04 1.526E-03
    4517 1.8454E+00 4.2970E-04  ( 0.236    , -1.953E-03,   0.00    ) |  4.297E-04 1.526E-03
    4518 1.8458E+00 4.2973E-04  ( 0.236    , -1.953E-03,   0.00    ) |  4.297E-04 1.526E-03
    4519 1.8463E+00 4.2975E-04  ( 0.236    , -1.953E-03,   0.00    ) |  4.298E-04 1.526E-03
    4520 1.8467E+00 4.2978E-04  ( 0.236    , -1.953E-03,   0.00    ) |  4.298E-04 1.526E-03
    4521 1.8471E+00 4.2980E-04  ( 0.236    , -1.953E-03,   0.00    ) |  4.298E-04 1.526E-03
    4522 1.8476E+00 4.2983E-04  ( 0.236    , -1.953E-03,   0.00    ) |  4.298E-04 1.526E-03
    4523 1.8480E+00 4.2986E-04  ( 0.236    , -1.953E-03,   0.00    ) |  4.299E-04 1.526E-03
    4524 1.8484E+00 4.2988E-04  ( 0.236    , -1.953E-03,   0.00    ) |  4.299E-04 1.526E-03
    4525 1.8488E+00 4.2991E-04  ( 0.236    , -1.953E-03,   0.00    ) |  4.299E-04 1.526E-03
    4526 1.8493E+00 4.2994E-04  ( 0.236    , -1.953E-03,   0.00    ) |  4.299E-04 1.526E-03
    4527 1.8497E+00 4.2996E-04  ( 0.236    , -1.953E-03,   0.00    ) |  4.300E-04 1.526E-03
 *** Wrote plotfile to flash_run_hdf5_plt_cnt_0074 ****
    4528 1.8501E+00 4.2999E-04  ( 0.236    , -1.953E-03,   0.00    ) |  4.300E-04 1.526E-03
    4529 1.8506E+00 4.3002E-04  ( 0.236    , -1.953E-03,   0.00    ) |  4.300E-04 1.526E-03
    4530 1.8510E+00 4.3005E-04  ( 0.236    , -1.953E-03,   0.00    ) |  4.300E-04 1.526E-03
    4531 1.8514E+00 4.3007E-04  ( 0.236    , -1.953E-03,   0.00    ) |  4.301E-04 1.526E-03
    4532 1.8519E+00 4.3010E-04  ( 0.236    , -1.953E-03,   0.00    ) |  4.301E-04 1.526E-03
    4533 1.8523E+00 4.3013E-04  ( 0.236    , -1.953E-03,   0.00    ) |  4.301E-04 1.526E-03
    4534 1.8527E+00 4.3016E-04  ( 0.236    , -1.953E-03,   0.00    ) |  4.302E-04 1.526E-03
    4535 1.8531E+00 4.3018E-04  ( 0.236    , -1.953E-03,   0.00    ) |  4.302E-04 1.526E-03
    4536 1.8536E+00 4.3021E-04  ( 0.236    , -1.953E-03,   0.00    ) |  4.302E-04 1.526E-03
    4537 1.8540E+00 4.3024E-04  ( 0.236    , -1.953E-03,   0.00    ) |  4.302E-04 1.526E-03
    4538 1.8544E+00 4.3027E-04  ( 0.236    , -1.953E-03,   0.00    ) |  4.303E-04 1.526E-03
    4539 1.8549E+00 4.3030E-04  ( 0.236    , -1.953E-03,   0.00    ) |  4.303E-04 1.526E-03
    4540 1.8553E+00 4.3032E-04  ( 0.236    , -1.953E-03,   0.00    ) |  4.303E-04 1.526E-03
    4541 1.8557E+00 4.3035E-04  ( 0.236    , -1.953E-03,   0.00    ) |  4.304E-04 1.526E-03
    4542 1.8562E+00 4.3038E-04  ( 0.236    , -1.953E-03,   0.00    ) |  4.304E-04 1.526E-03
    4543 1.8566E+00 4.3041E-04  ( 0.236    , -1.953E-03,   0.00    ) |  4.304E-04 1.526E-03
    4544 1.8570E+00 4.3044E-04  ( 0.236    , -1.953E-03,   0.00    ) |  4.304E-04 1.526E-03
    4545 1.8574E+00 4.3046E-04  ( 0.236    , -1.953E-03,   0.00    ) |  4.305E-04 1.526E-03
    4546 1.8579E+00 4.3049E-04  ( 0.236    , -1.953E-03,   0.00    ) |  4.305E-04 1.526E-03
    4547 1.8583E+00 4.3052E-04  ( 0.236    , -1.953E-03,   0.00    ) |  4.305E-04 1.526E-03
    4548 1.8587E+00 4.3055E-04  ( 0.236    , -1.953E-03,   0.00    ) |  4.305E-04 1.526E-03
    4549 1.8592E+00 4.3057E-04  ( 0.236    , -1.953E-03,   0.00    ) |  4.306E-04 1.526E-03
    4550 1.8596E+00 4.3060E-04  ( 0.236    , -1.953E-03,   0.00    ) |  4.306E-04 1.526E-03
    4551 1.8600E+00 4.3063E-04  ( 0.236    , -1.953E-03,   0.00    ) |  4.306E-04 1.526E-03
    4552 1.8605E+00 4.3066E-04  ( 0.236    , -1.953E-03,   0.00    ) |  4.307E-04 1.526E-03
    4553 1.8609E+00 4.3068E-04  ( 0.236    , -1.953E-03,   0.00    ) |  4.307E-04 1.526E-03
    4554 1.8613E+00 4.3071E-04  ( 0.236    , -1.953E-03,   0.00    ) |  4.307E-04 1.526E-03
    4555 1.8618E+00 4.3073E-04  ( 0.236    , -1.953E-03,   0.00    ) |  4.307E-04 1.526E-03
    4556 1.8622E+00 4.3076E-04  ( 0.236    , -1.953E-03,   0.00    ) |  4.308E-04 1.526E-03
    4557 1.8626E+00 4.3079E-04  ( 0.236    , -1.953E-03,   0.00    ) |  4.308E-04 1.526E-03
    4558 1.8630E+00 4.3081E-04  ( 0.236    , -1.953E-03,   0.00    ) |  4.308E-04 1.526E-03
    4559 1.8635E+00 4.3084E-04  ( 0.236    , -1.953E-03,   0.00    ) |  4.308E-04 1.526E-03
    4560 1.8639E+00 4.3086E-04  ( 0.236    , -1.953E-03,   0.00    ) |  4.309E-04 1.526E-03
    4561 1.8643E+00 4.3089E-04  ( 0.236    , -1.953E-03,   0.00    ) |  4.309E-04 1.526E-03
    4562 1.8648E+00 4.3091E-04  ( 0.236    , -1.953E-03,   0.00    ) |  4.309E-04 1.526E-03
    4563 1.8652E+00 4.3094E-04  ( 0.236    , -1.953E-03,   0.00    ) |  4.309E-04 1.526E-03
    4564 1.8656E+00 4.3096E-04  ( 0.236    , -1.953E-03,   0.00    ) |  4.310E-04 1.526E-03
    4565 1.8661E+00 4.3098E-04  ( 0.236    , -1.953E-03,   0.00    ) |  4.310E-04 1.526E-03
    4566 1.8665E+00 4.3101E-04  ( 0.236    , -1.953E-03,   0.00    ) |  4.310E-04 1.526E-03
    4567 1.8669E+00 4.3103E-04  ( 0.236    , -1.953E-03,   0.00    ) |  4.310E-04 1.526E-03
    4568 1.8674E+00 4.3106E-04  ( 0.236    , -1.953E-03,   0.00    ) |  4.311E-04 1.526E-03
    4569 1.8678E+00 4.3108E-04  (-0.236    ,  1.953E-03,   0.00    ) |  4.311E-04 1.526E-03
    4570 1.8682E+00 4.3110E-04  (-0.236    ,  1.953E-03,   0.00    ) |  4.311E-04 1.526E-03
    4571 1.8686E+00 4.3113E-04  ( 0.236    , -1.953E-03,   0.00    ) |  4.311E-04 1.526E-03
    4572 1.8691E+00 4.3115E-04  (-0.236    ,  1.953E-03,   0.00    ) |  4.312E-04 1.526E-03
    4573 1.8695E+00 4.3118E-04  (-0.236    ,  1.953E-03,   0.00    ) |  4.312E-04 1.526E-03
    4574 1.8699E+00 4.3120E-04  (-0.236    ,  1.953E-03,   0.00    ) |  4.312E-04 1.526E-03
    4575 1.8704E+00 4.3122E-04  (-0.236    ,  1.953E-03,   0.00    ) |  4.312E-04 1.526E-03
    4576 1.8708E+00 4.3125E-04  (-0.236    ,  1.953E-03,   0.00    ) |  4.312E-04 1.526E-03
    4577 1.8712E+00 4.3127E-04  (-0.236    ,  1.953E-03,   0.00    ) |  4.313E-04 1.526E-03
    4578 1.8717E+00 4.3129E-04  (-0.236    ,  1.953E-03,   0.00    ) |  4.313E-04 1.526E-03
    4579 1.8721E+00 4.3132E-04  (-0.236    ,  1.953E-03,   0.00    ) |  4.313E-04 1.526E-03
    4580 1.8725E+00 4.3134E-04  (-0.236    ,  1.953E-03,   0.00    ) |  4.313E-04 1.526E-03
    4581 1.8730E+00 4.3136E-04  (-0.236    ,  1.953E-03,   0.00    ) |  4.314E-04 1.526E-03
    4582 1.8734E+00 4.3138E-04  (-0.236    ,  1.953E-03,   0.00    ) |  4.314E-04 1.526E-03
    4583 1.8738E+00 4.3141E-04  (-0.236    ,  1.953E-03,   0.00    ) |  4.314E-04 1.526E-03
    4584 1.8743E+00 4.3143E-04  (-0.236    ,  1.953E-03,   0.00    ) |  4.314E-04 1.526E-03
    4585 1.8747E+00 4.3145E-04  (-0.236    ,  1.953E-03,   0.00    ) |  4.315E-04 1.526E-03
 *** Wrote plotfile to flash_run_hdf5_plt_cnt_0075 ****
    4586 1.8751E+00 4.3148E-04  (-0.236    ,  1.953E-03,   0.00    ) |  4.315E-04 1.526E-03
    4587 1.8755E+00 4.3150E-04  (-0.236    ,  1.953E-03,   0.00    ) |  4.315E-04 1.526E-03
    4588 1.8760E+00 4.3152E-04  (-0.236    ,  1.953E-03,   0.00    ) |  4.315E-04 1.526E-03
    4589 1.8764E+00 4.3155E-04  (-0.236    ,  1.953E-03,   0.00    ) |  4.315E-04 1.526E-03
    4590 1.8768E+00 4.3157E-04  (-0.236    ,  1.953E-03,   0.00    ) |  4.316E-04 1.526E-03
    4591 1.8773E+00 4.3159E-04  (-0.236    ,  1.953E-03,   0.00    ) |  4.316E-04 1.526E-03
    4592 1.8777E+00 4.3162E-04  (-0.236    ,  1.953E-03,   0.00    ) |  4.316E-04 1.526E-03
    4593 1.8781E+00 4.3164E-04  (-0.236    ,  1.953E-03,   0.00    ) |  4.316E-04 1.526E-03
    4594 1.8786E+00 4.3166E-04  (-0.236    ,  1.953E-03,   0.00    ) |  4.317E-04 1.526E-03
    4595 1.8790E+00 4.3169E-04  (-0.236    ,  1.953E-03,   0.00    ) |  4.317E-04 1.526E-03
    4596 1.8794E+00 4.3171E-04  (-0.236    ,  1.953E-03,   0.00    ) |  4.317E-04 1.526E-03
    4597 1.8799E+00 4.3173E-04  (-0.236    ,  1.953E-03,   0.00    ) |  4.317E-04 1.526E-03
    4598 1.8803E+00 4.3176E-04  (-0.236    ,  1.953E-03,   0.00    ) |  4.318E-04 1.526E-03
    4599 1.8807E+00 4.3178E-04  (-0.236    ,  1.953E-03,   0.00    ) |  4.318E-04 1.526E-03
    4600 1.8812E+00 4.3180E-04  (-0.236    ,  1.953E-03,   0.00    ) |  4.318E-04 1.526E-03
    4601 1.8816E+00 4.3183E-04  (-0.236    ,  1.953E-03,   0.00    ) |  4.318E-04 1.526E-03
    4602 1.8820E+00 4.3185E-04  (-0.236    ,  1.953E-03,   0.00    ) |  4.319E-04 1.526E-03
    4603 1.8825E+00 4.3188E-04  (-0.236    ,  1.953E-03,   0.00    ) |  4.319E-04 1.526E-03
    4604 1.8829E+00 4.3190E-04  (-0.236    ,  1.953E-03,   0.00    ) |  4.319E-04 1.526E-03
    4605 1.8833E+00 4.3193E-04  (-0.236    ,  1.953E-03,   0.00    ) |  4.319E-04 1.526E-03
    4606 1.8838E+00 4.3195E-04  (-0.236    ,  1.953E-03,   0.00    ) |  4.320E-04 1.526E-03
    4607 1.8842E+00 4.3198E-04  (-0.236    ,  1.953E-03,   0.00    ) |  4.320E-04 1.526E-03
    4608 1.8846E+00 4.3200E-04  (-0.236    ,  1.953E-03,   0.00    ) |  4.320E-04 1.526E-03
    4609 1.8850E+00 4.3203E-04  (-0.236    ,  1.953E-03,   0.00    ) |  4.320E-04 1.526E-03
    4610 1.8855E+00 4.3205E-04  (-0.236    ,  1.953E-03,   0.00    ) |  4.321E-04 1.526E-03
    4611 1.8859E+00 4.3208E-04  (-0.236    ,  1.953E-03,   0.00    ) |  4.321E-04 1.526E-03
    4612 1.8863E+00 4.3211E-04  (-0.236    ,  1.953E-03,   0.00    ) |  4.321E-04 1.526E-03
    4613 1.8868E+00 4.3213E-04  (-0.236    ,  1.953E-03,   0.00    ) |  4.321E-04 1.526E-03
    4614 1.8872E+00 4.3216E-04  (-0.236    ,  1.953E-03,   0.00    ) |  4.322E-04 1.526E-03
    4615 1.8876E+00 4.3219E-04  (-0.236    ,  1.953E-03,   0.00    ) |  4.322E-04 1.526E-03
    4616 1.8881E+00 4.3221E-04  (-0.236    ,  1.953E-03,   0.00    ) |  4.322E-04 1.526E-03
    4617 1.8885E+00 4.3224E-04  (-0.236    ,  1.953E-03,   0.00    ) |  4.322E-04 1.526E-03
    4618 1.8889E+00 4.3227E-04  (-0.236    ,  1.953E-03,   0.00    ) |  4.323E-04 1.526E-03
    4619 1.8894E+00 4.3230E-04  ( 0.236    , -1.953E-03,   0.00    ) |  4.323E-04 1.526E-03
    4620 1.8898E+00 4.3233E-04  (-0.236    ,  1.953E-03,   0.00    ) |  4.323E-04 1.526E-03
    4621 1.8902E+00 4.3236E-04  (-0.236    ,  1.953E-03,   0.00    ) |  4.324E-04 1.526E-03
    4622 1.8907E+00 4.3238E-04  (-0.236    ,  1.953E-03,   0.00    ) |  4.324E-04 1.526E-03
    4623 1.8911E+00 4.3241E-04  ( 0.236    , -1.953E-03,   0.00    ) |  4.324E-04 1.526E-03
    4624 1.8915E+00 4.3244E-04  ( 0.236    , -1.953E-03,   0.00    ) |  4.324E-04 1.526E-03
    4625 1.8920E+00 4.3247E-04  ( 0.236    , -1.953E-03,   0.00    ) |  4.325E-04 1.526E-03
    4626 1.8924E+00 4.3250E-04  ( 0.236    , -1.953E-03,   0.00    ) |  4.325E-04 1.526E-03
    4627 1.8928E+00 4.3253E-04  ( 0.236    , -1.953E-03,   0.00    ) |  4.325E-04 1.526E-03
    4628 1.8933E+00 4.3256E-04  ( 0.236    , -1.953E-03,   0.00    ) |  4.326E-04 1.526E-03
    4629 1.8937E+00 4.3259E-04  ( 0.232    , -1.953E-03,   0.00    ) |  4.326E-04 1.526E-03
    4630 1.8941E+00 4.3262E-04  ( 0.232    , -1.953E-03,   0.00    ) |  4.326E-04 1.526E-03
    4631 1.8946E+00 4.3265E-04  ( 0.232    , -1.953E-03,   0.00    ) |  4.326E-04 1.526E-03
    4632 1.8950E+00 4.3268E-04  ( 0.232    , -1.953E-03,   0.00    ) |  4.327E-04 1.526E-03
    4633 1.8954E+00 4.3270E-04  ( 0.232    , -1.953E-03,   0.00    ) |  4.327E-04 1.526E-03
    4634 1.8959E+00 4.3273E-04  ( 0.232    , -1.953E-03,   0.00    ) |  4.327E-04 1.526E-03
    4635 1.8963E+00 4.3276E-04  ( 0.232    , -1.953E-03,   0.00    ) |  4.328E-04 1.526E-03
    4636 1.8967E+00 4.3279E-04  (-0.232    , -1.953E-03,   0.00    ) |  4.328E-04 1.526E-03
    4637 1.8972E+00 4.3282E-04  (-0.232    , -1.953E-03,   0.00    ) |  4.328E-04 1.526E-03
    4638 1.8976E+00 4.3284E-04  (-0.232    , -1.953E-03,   0.00    ) |  4.328E-04 1.526E-03
    4639 1.8980E+00 4.3287E-04  (-0.232    , -1.953E-03,   0.00    ) |  4.329E-04 1.526E-03
    4640 1.8985E+00 4.3290E-04  (-0.232    , -1.953E-03,   0.00    ) |  4.329E-04 1.526E-03
    4641 1.8989E+00 4.3292E-04  (-0.232    , -1.953E-03,   0.00    ) |  4.329E-04 1.526E-03
    4642 1.8993E+00 4.3295E-04  ( 0.232    , -1.953E-03,   0.00    ) |  4.329E-04 1.526E-03
    4643 1.8998E+00 4.3297E-04  ( 0.232    , -1.953E-03,   0.00    ) |  4.330E-04 1.526E-03
 *** Wrote plotfile to flash_run_hdf5_plt_cnt_0076 ****
    4644 1.9002E+00 4.3300E-04  (-0.232    , -1.953E-03,   0.00    ) |  4.330E-04 1.526E-03
    4645 1.9006E+00 4.3302E-04  (-0.232    , -1.953E-03,   0.00    ) |  4.330E-04 1.526E-03
    4646 1.9011E+00 4.3305E-04  (-0.232    , -1.953E-03,   0.00    ) |  4.330E-04 1.526E-03
    4647 1.9015E+00 4.3307E-04  ( 0.232    , -1.953E-03,   0.00    ) |  4.331E-04 1.526E-03
    4648 1.9019E+00 4.3309E-04  ( 0.232    , -1.953E-03,   0.00    ) |  4.331E-04 1.526E-03
    4649 1.9023E+00 4.3312E-04  ( 0.232    , -1.953E-03,   0.00    ) |  4.331E-04 1.526E-03
    4650 1.9028E+00 4.3314E-04  ( 0.232    , -1.953E-03,   0.00    ) |  4.331E-04 1.526E-03
    4651 1.9032E+00 4.3316E-04  ( 0.232    , -1.953E-03,   0.00    ) |  4.332E-04 1.526E-03
    4652 1.9036E+00 4.3318E-04  ( 0.232    , -1.953E-03,   0.00    ) |  4.332E-04 1.526E-03
    4653 1.9041E+00 4.3320E-04  ( 0.232    , -1.953E-03,   0.00    ) |  4.332E-04 1.526E-03
    4654 1.9045E+00 4.3322E-04  ( 0.232    , -1.953E-03,   0.00    ) |  4.332E-04 1.526E-03
    4655 1.9049E+00 4.3324E-04  ( 0.232    , -1.953E-03,   0.00    ) |  4.332E-04 1.526E-03
    4656 1.9054E+00 4.3326E-04  ( 0.232    , -1.953E-03,   0.00    ) |  4.333E-04 1.526E-03
    4657 1.9058E+00 4.3328E-04  ( 0.232    , -1.953E-03,   0.00    ) |  4.333E-04 1.526E-03
    4658 1.9062E+00 4.3330E-04  ( 0.232    , -1.953E-03,   0.00    ) |  4.333E-04 1.526E-03
    4659 1.9067E+00 4.3332E-04  ( 0.232    , -1.953E-03,   0.00    ) |  4.333E-04 1.526E-03
    4660 1.9071E+00 4.3334E-04  ( 0.232    , -1.953E-03,   0.00    ) |  4.333E-04 1.526E-03
    4661 1.9075E+00 4.3336E-04  ( 0.232    , -1.953E-03,   0.00    ) |  4.334E-04 1.526E-03
    4662 1.9080E+00 4.3338E-04  ( 0.232    , -1.953E-03,   0.00    ) |  4.334E-04 1.526E-03
    4663 1.9084E+00 4.3339E-04  ( 0.232    , -1.953E-03,   0.00    ) |  4.334E-04 1.526E-03
    4664 1.9088E+00 4.3341E-04  ( 0.232    , -1.953E-03,   0.00    ) |  4.334E-04 1.526E-03
    4665 1.9093E+00 4.3343E-04  ( 0.232    , -1.953E-03,   0.00    ) |  4.334E-04 1.526E-03
    4666 1.9097E+00 4.3345E-04  ( 0.232    , -1.953E-03,   0.00    ) |  4.334E-04 1.526E-03
    4667 1.9101E+00 4.3346E-04  (-0.232    , -1.953E-03,   0.00    ) |  4.335E-04 1.526E-03
    4668 1.9106E+00 4.3348E-04  (-0.232    , -1.953E-03,   0.00    ) |  4.335E-04 1.526E-03
    4669 1.9110E+00 4.3350E-04  (-0.232    , -1.953E-03,   0.00    ) |  4.335E-04 1.526E-03
    4670 1.9114E+00 4.3352E-04  (-0.232    , -1.953E-03,   0.00    ) |  4.335E-04 1.526E-03
    4671 1.9119E+00 4.3354E-04  (-0.232    , -1.953E-03,   0.00    ) |  4.335E-04 1.526E-03
    4672 1.9123E+00 4.3355E-04  (-0.232    , -1.953E-03,   0.00    ) |  4.336E-04 1.526E-03
    4673 1.9127E+00 4.3357E-04  (-0.232    , -1.953E-03,   0.00    ) |  4.336E-04 1.526E-03
    4674 1.9132E+00 4.3359E-04  (-0.232    , -1.953E-03,   0.00    ) |  4.336E-04 1.526E-03
    4675 1.9136E+00 4.3361E-04  ( 0.232    , -1.953E-03,   0.00    ) |  4.336E-04 1.526E-03
    4676 1.9141E+00 4.3363E-04  ( 0.232    , -1.953E-03,   0.00    ) |  4.336E-04 1.526E-03
    4677 1.9145E+00 4.3365E-04  ( 0.232    , -1.953E-03,   0.00    ) |  4.336E-04 1.526E-03
    4678 1.9149E+00 4.3367E-04  ( 0.232    , -1.953E-03,   0.00    ) |  4.337E-04 1.526E-03
    4679 1.9154E+00 4.3369E-04  ( 0.232    , -1.953E-03,   0.00    ) |  4.337E-04 1.526E-03
    4680 1.9158E+00 4.3371E-04  ( 0.232    , -1.953E-03,   0.00    ) |  4.337E-04 1.526E-03
    4681 1.9162E+00 4.3373E-04  ( 0.232    , -1.953E-03,   0.00    ) |  4.337E-04 1.526E-03
    4682 1.9167E+00 4.3375E-04  ( 0.232    , -1.953E-03,   0.00    ) |  4.337E-04 1.526E-03
    4683 1.9171E+00 4.3377E-04  ( 0.232    , -1.953E-03,   0.00    ) |  4.338E-04 1.526E-03
    4684 1.9175E+00 4.3379E-04  ( 0.232    , -1.953E-03,   0.00    ) |  4.338E-04 1.526E-03
    4685 1.9180E+00 4.3381E-04  ( 0.232    , -1.953E-03,   0.00    ) |  4.338E-04 1.526E-03
    4686 1.9184E+00 4.3383E-04  ( 0.232    , -1.953E-03,   0.00    ) |  4.338E-04 1.526E-03
    4687 1.9188E+00 4.3385E-04  ( 0.232    , -1.953E-03,   0.00    ) |  4.338E-04 1.526E-03
    4688 1.9193E+00 4.3387E-04  ( 0.232    , -1.953E-03,   0.00    ) |  4.339E-04 1.526E-03
    4689 1.9197E+00 4.3389E-04  ( 0.232    , -1.953E-03,   0.00    ) |  4.339E-04 1.526E-03
    4690 1.9201E+00 4.3391E-04  ( 0.232    , -1.953E-03,   0.00    ) |  4.339E-04 1.526E-03
    4691 1.9206E+00 4.3393E-04  ( 0.232    , -1.953E-03,   0.00    ) |  4.339E-04 1.526E-03
    4692 1.9210E+00 4.3395E-04  ( 0.232    , -1.953E-03,   0.00    ) |  4.340E-04 1.526E-03
    4693 1.9214E+00 4.3397E-04  ( 0.232    , -1.953E-03,   0.00    ) |  4.340E-04 1.526E-03
    4694 1.9219E+00 4.3399E-04  ( 0.232    , -1.953E-03,   0.00    ) |  4.340E-04 1.526E-03
    4695 1.9223E+00 4.3401E-04  ( 0.232    , -1.953E-03,   0.00    ) |  4.340E-04 1.526E-03
    4696 1.9227E+00 4.3403E-04  ( 0.232    , -1.953E-03,   0.00    ) |  4.340E-04 1.526E-03
    4697 1.9232E+00 4.3405E-04  ( 0.232    , -1.953E-03,   0.00    ) |  4.341E-04 1.526E-03
    4698 1.9236E+00 4.3407E-04  ( 0.232    , -1.953E-03,   0.00    ) |  4.341E-04 1.526E-03
    4699 1.9240E+00 4.3409E-04  ( 0.232    , -1.953E-03,   0.00    ) |  4.341E-04 1.526E-03
    4700 1.9245E+00 4.3411E-04  ( 0.232    , -1.953E-03,   0.00    ) |  4.341E-04 1.526E-03
    4701 1.9249E+00 4.3413E-04  ( 0.232    , -1.953E-03,   0.00    ) |  4.341E-04 1.526E-03
 *** Wrote plotfile to flash_run_hdf5_plt_cnt_0077 ****
    4702 1.9253E+00 4.3415E-04  ( 0.232    , -1.953E-03,   0.00    ) |  4.342E-04 1.526E-03
    4703 1.9258E+00 4.3417E-04  ( 0.232    , -1.953E-03,   0.00    ) |  4.342E-04 1.526E-03
    4704 1.9262E+00 4.3419E-04  ( 0.232    , -1.953E-03,   0.00    ) |  4.342E-04 1.526E-03
    4705 1.9266E+00 4.3421E-04  ( 0.232    , -1.953E-03,   0.00    ) |  4.342E-04 1.526E-03
    4706 1.9271E+00 4.3423E-04  ( 0.232    , -1.953E-03,   0.00    ) |  4.342E-04 1.526E-03
    4707 1.9275E+00 4.3425E-04  ( 0.232    , -1.953E-03,   0.00    ) |  4.342E-04 1.526E-03
    4708 1.9279E+00 4.3427E-04  ( 0.232    , -1.953E-03,   0.00    ) |  4.343E-04 1.526E-03
    4709 1.9284E+00 4.3428E-04  ( 0.232    , -1.953E-03,   0.00    ) |  4.343E-04 1.526E-03
    4710 1.9288E+00 4.3430E-04  ( 0.232    , -1.953E-03,   0.00    ) |  4.343E-04 1.526E-03
    4711 1.9292E+00 4.3432E-04  ( 0.232    , -1.953E-03,   0.00    ) |  4.343E-04 1.526E-03
    4712 1.9297E+00 4.3434E-04  ( 0.232    , -1.953E-03,   0.00    ) |  4.343E-04 1.526E-03
    4713 1.9301E+00 4.3436E-04  ( 0.232    , -1.953E-03,   0.00    ) |  4.344E-04 1.526E-03
    4714 1.9305E+00 4.3438E-04  ( 0.232    , -1.953E-03,   0.00    ) |  4.344E-04 1.526E-03
    4715 1.9310E+00 4.3439E-04  ( 0.232    , -1.953E-03,   0.00    ) |  4.344E-04 1.526E-03
    4716 1.9314E+00 4.3441E-04  ( 0.232    , -1.953E-03,   0.00    ) |  4.344E-04 1.526E-03
    4717 1.9318E+00 4.3443E-04  ( 0.232    , -1.953E-03,   0.00    ) |  4.344E-04 1.526E-03
    4718 1.9323E+00 4.3445E-04  ( 0.232    , -1.953E-03,   0.00    ) |  4.344E-04 1.526E-03
    4719 1.9327E+00 4.3447E-04  ( 0.232    , -1.953E-03,   0.00    ) |  4.345E-04 1.526E-03
    4720 1.9331E+00 4.3449E-04  ( 0.232    , -1.953E-03,   0.00    ) |  4.345E-04 1.526E-03
    4721 1.9336E+00 4.3451E-04  ( 0.232    , -1.953E-03,   0.00    ) |  4.345E-04 1.526E-03
    4722 1.9340E+00 4.3452E-04  ( 0.232    , -1.953E-03,   0.00    ) |  4.345E-04 1.526E-03
    4723 1.9345E+00 4.3454E-04  ( 0.232    , -1.953E-03,   0.00    ) |  4.345E-04 1.526E-03
    4724 1.9349E+00 4.3456E-04  ( 0.232    , -1.953E-03,   0.00    ) |  4.346E-04 1.526E-03
    4725 1.9353E+00 4.3458E-04  ( 0.232    , -1.953E-03,   0.00    ) |  4.346E-04 1.526E-03
    4726 1.9358E+00 4.3460E-04  ( 0.232    , -1.953E-03,   0.00    ) |  4.346E-04 1.526E-03
    4727 1.9362E+00 4.3462E-04  (-0.232    , -1.953E-03,   0.00    ) |  4.346E-04 1.526E-03
    4728 1.9366E+00 4.3465E-04  ( 0.232    , -1.953E-03,   0.00    ) |  4.346E-04 1.526E-03
    4729 1.9371E+00 4.3467E-04  ( 0.232    , -1.953E-03,   0.00    ) |  4.347E-04 1.526E-03
    4730 1.9375E+00 4.3469E-04  ( 0.232    , -1.953E-03,   0.00    ) |  4.347E-04 1.526E-03
    4731 1.9379E+00 4.3471E-04  ( 0.232    , -1.953E-03,   0.00    ) |  4.347E-04 1.526E-03
    4732 1.9384E+00 4.3473E-04  (-0.232    , -1.953E-03,   0.00    ) |  4.347E-04 1.526E-03
    4733 1.9388E+00 4.3475E-04  (-0.232    , -1.953E-03,   0.00    ) |  4.348E-04 1.526E-03
    4734 1.9392E+00 4.3478E-04  ( 0.232    , -1.953E-03,   0.00    ) |  4.348E-04 1.526E-03
    4735 1.9397E+00 4.3480E-04  ( 0.232    , -1.953E-03,   0.00    ) |  4.348E-04 1.526E-03
    4736 1.9401E+00 4.3482E-04  ( 0.232    , -1.953E-03,   0.00    ) |  4.348E-04 1.526E-03
    4737 1.9405E+00 4.3484E-04  ( 0.232    , -1.953E-03,   0.00    ) |  4.348E-04 1.526E-03
    4738 1.9410E+00 4.3487E-04  (-0.232    , -1.953E-03,   0.00    ) |  4.349E-04 1.526E-03
    4739 1.9414E+00 4.3489E-04  (-0.232    , -1.953E-03,   0.00    ) |  4.349E-04 1.526E-03
    4740 1.9418E+00 4.3491E-04  (-0.232    , -1.953E-03,   0.00    ) |  4.349E-04 1.526E-03
    4741 1.9423E+00 4.3494E-04  (-0.232    , -1.953E-03,   0.00    ) |  4.349E-04 1.526E-03
    4742 1.9427E+00 4.3496E-04  ( 0.232    , -1.953E-03,   0.00    ) |  4.350E-04 1.526E-03
    4743 1.9431E+00 4.3498E-04  ( 0.232    , -1.953E-03,   0.00    ) |  4.350E-04 1.526E-03
    4744 1.9436E+00 4.3501E-04  ( 0.232    , -1.953E-03,   0.00    ) |  4.350E-04 1.526E-03
    4745 1.9440E+00 4.3503E-04  ( 0.232    , -1.953E-03,   0.00    ) |  4.350E-04 1.526E-03
    4746 1.9445E+00 4.3505E-04  ( 0.232    , -1.953E-03,   0.00    ) |  4.351E-04 1.526E-03
    4747 1.9449E+00 4.3508E-04  ( 0.232    , -1.953E-03,   0.00    ) |  4.351E-04 1.526E-03
    4748 1.9453E+00 4.3510E-04  (-0.232    , -1.953E-03,   0.00    ) |  4.351E-04 1.526E-03
    4749 1.9458E+00 4.3512E-04  (-0.232    , -1.953E-03,   0.00    ) |  4.351E-04 1.526E-03
    4750 1.9462E+00 4.3515E-04  (-0.232    , -1.953E-03,   0.00    ) |  4.351E-04 1.526E-03
    4751 1.9466E+00 4.3517E-04  (-0.232    , -1.953E-03,   0.00    ) |  4.352E-04 1.526E-03
    4752 1.9471E+00 4.3520E-04  (-0.232    , -1.953E-03,   0.00    ) |  4.352E-04 1.526E-03
    4753 1.9475E+00 4.3522E-04  (-0.232    , -1.953E-03,   0.00    ) |  4.352E-04 1.526E-03
    4754 1.9479E+00 4.3524E-04  ( 0.232    , -1.953E-03,   0.00    ) |  4.352E-04 1.526E-03
    4755 1.9484E+00 4.3527E-04  ( 0.232    , -1.953E-03,   0.00    ) |  4.353E-04 1.526E-03
    4756 1.9488E+00 4.3529E-04  ( 0.232    , -1.953E-03,   0.00    ) |  4.353E-04 1.526E-03
    4757 1.9492E+00 4.3531E-04  ( 0.232    , -1.953E-03,   0.00    ) |  4.353E-04 1.526E-03
    4758 1.9497E+00 4.3533E-04  ( 0.232    , -1.953E-03,   0.00    ) |  4.353E-04 1.526E-03
 *** Wrote plotfile to flash_run_hdf5_plt_cnt_0078 ****
    4759 1.9501E+00 4.3536E-04  ( 0.232    , -1.953E-03,   0.00    ) |  4.354E-04 1.526E-03
    4760 1.9505E+00 4.3538E-04  ( 0.232    , -1.953E-03,   0.00    ) |  4.354E-04 1.526E-03
    4761 1.9510E+00 4.3540E-04  ( 0.232    , -1.953E-03,   0.00    ) |  4.354E-04 1.526E-03
    4762 1.9514E+00 4.3542E-04  ( 0.232    , -1.953E-03,   0.00    ) |  4.354E-04 1.526E-03
    4763 1.9519E+00 4.3545E-04  ( 0.232    , -1.953E-03,   0.00    ) |  4.354E-04 1.526E-03
    4764 1.9523E+00 4.3547E-04  ( 0.232    , -1.953E-03,   0.00    ) |  4.355E-04 1.526E-03
    4765 1.9527E+00 4.3549E-04  ( 0.232    , -1.953E-03,   0.00    ) |  4.355E-04 1.526E-03
    4766 1.9532E+00 4.3551E-04  ( 0.232    , -1.953E-03,   0.00    ) |  4.355E-04 1.526E-03
    4767 1.9536E+00 4.3553E-04  ( 0.232    , -1.953E-03,   0.00    ) |  4.355E-04 1.526E-03
    4768 1.9540E+00 4.3555E-04  ( 0.232    , -1.953E-03,   0.00    ) |  4.356E-04 1.526E-03
    4769 1.9545E+00 4.3557E-04  ( 0.232    , -1.953E-03,   0.00    ) |  4.356E-04 1.526E-03
    4770 1.9549E+00 4.3559E-04  ( 0.232    , -1.953E-03,   0.00    ) |  4.356E-04 1.526E-03
    4771 1.9553E+00 4.3561E-04  ( 0.232    , -1.953E-03,   0.00    ) |  4.356E-04 1.526E-03
    4772 1.9558E+00 4.3563E-04  ( 0.232    , -1.953E-03,   0.00    ) |  4.356E-04 1.526E-03
    4773 1.9562E+00 4.3565E-04  ( 0.232    , -1.953E-03,   0.00    ) |  4.357E-04 1.526E-03
    4774 1.9566E+00 4.3567E-04  ( 0.232    , -1.953E-03,   0.00    ) |  4.357E-04 1.526E-03
    4775 1.9571E+00 4.3569E-04  ( 0.232    , -1.953E-03,   0.00    ) |  4.357E-04 1.526E-03
    4776 1.9575E+00 4.3571E-04  ( 0.232    , -1.953E-03,   0.00    ) |  4.357E-04 1.526E-03
    4777 1.9579E+00 4.3573E-04  ( 0.232    , -1.953E-03,   0.00    ) |  4.357E-04 1.526E-03
    4778 1.9584E+00 4.3575E-04  ( 0.232    , -1.953E-03,   0.00    ) |  4.357E-04 1.526E-03
    4779 1.9588E+00 4.3576E-04  ( 0.232    , -1.953E-03,   0.00    ) |  4.358E-04 1.526E-03
    4780 1.9593E+00 4.3578E-04  ( 0.232    , -1.953E-03,   0.00    ) |  4.358E-04 1.526E-03
    4781 1.9597E+00 4.3580E-04  ( 0.232    , -1.953E-03,   0.00    ) |  4.358E-04 1.526E-03
    4782 1.9601E+00 4.3582E-04  ( 0.232    , -1.953E-03,   0.00    ) |  4.358E-04 1.526E-03
    4783 1.9606E+00 4.3583E-04  ( 0.232    , -1.953E-03,   0.00    ) |  4.358E-04 1.526E-03
    4784 1.9610E+00 4.3585E-04  ( 0.232    , -1.953E-03,   0.00    ) |  4.358E-04 1.526E-03
    4785 1.9614E+00 4.3587E-04  ( 0.232    , -1.953E-03,   0.00    ) |  4.359E-04 1.526E-03
    4786 1.9619E+00 4.3588E-04  ( 0.232    , -1.953E-03,   0.00    ) |  4.359E-04 1.526E-03
    4787 1.9623E+00 4.3590E-04  ( 0.232    , -1.953E-03,   0.00    ) |  4.359E-04 1.526E-03
    4788 1.9627E+00 4.3592E-04  ( 0.232    , -1.953E-03,   0.00    ) |  4.359E-04 1.526E-03
    4789 1.9632E+00 4.3593E-04  ( 0.232    , -1.953E-03,   0.00    ) |  4.359E-04 1.526E-03
    4790 1.9636E+00 4.3595E-04  ( 0.232    , -1.953E-03,   0.00    ) |  4.359E-04 1.526E-03
    4791 1.9641E+00 4.3596E-04  ( 0.232    , -1.953E-03,   0.00    ) |  4.360E-04 1.526E-03
    4792 1.9645E+00 4.3598E-04  ( 0.232    , -1.953E-03,   0.00    ) |  4.360E-04 1.526E-03
    4793 1.9649E+00 4.3600E-04  ( 0.232    , -1.953E-03,   0.00    ) |  4.360E-04 1.526E-03
    4794 1.9654E+00 4.3601E-04  ( 0.232    , -1.953E-03,   0.00    ) |  4.360E-04 1.526E-03
    4795 1.9658E+00 4.3603E-04  ( 0.232    , -1.953E-03,   0.00    ) |  4.360E-04 1.526E-03
    4796 1.9662E+00 4.3604E-04  ( 0.232    , -1.953E-03,   0.00    ) |  4.360E-04 1.526E-03
    4797 1.9667E+00 4.3606E-04  ( 0.232    , -1.953E-03,   0.00    ) |  4.361E-04 1.526E-03
    4798 1.9671E+00 4.3607E-04  ( 0.232    , -1.953E-03,   0.00    ) |  4.361E-04 1.526E-03
    4799 1.9675E+00 4.3609E-04  ( 0.232    , -1.953E-03,   0.00    ) |  4.361E-04 1.526E-03
    4800 1.9680E+00 4.3610E-04  ( 0.232    , -1.953E-03,   0.00    ) |  4.361E-04 1.526E-03
    4801 1.9684E+00 4.3612E-04  ( 0.232    , -1.953E-03,   0.00    ) |  4.361E-04 1.526E-03
    4802 1.9688E+00 4.3613E-04  ( 0.232    , -1.953E-03,   0.00    ) |  4.361E-04 1.526E-03
    4803 1.9693E+00 4.3615E-04  ( 0.232    , -1.953E-03,   0.00    ) |  4.361E-04 1.526E-03
    4804 1.9697E+00 4.3616E-04  ( 0.232    , -1.953E-03,   0.00    ) |  4.362E-04 1.526E-03
    4805 1.9702E+00 4.3618E-04  ( 0.232    , -1.953E-03,   0.00    ) |  4.362E-04 1.526E-03
    4806 1.9706E+00 4.3619E-04  ( 0.232    , -1.953E-03,   0.00    ) |  4.362E-04 1.526E-03
    4807 1.9710E+00 4.3621E-04  ( 0.232    , -1.953E-03,   0.00    ) |  4.362E-04 1.526E-03
    4808 1.9715E+00 4.3622E-04  ( 0.232    , -1.953E-03,   0.00    ) |  4.362E-04 1.526E-03
    4809 1.9719E+00 4.3624E-04  ( 0.232    , -1.953E-03,   0.00    ) |  4.362E-04 1.526E-03
    4810 1.9723E+00 4.3626E-04  ( 0.232    , -1.953E-03,   0.00    ) |  4.363E-04 1.526E-03
    4811 1.9728E+00 4.3627E-04  ( 0.232    , -1.953E-03,   0.00    ) |  4.363E-04 1.526E-03
    4812 1.9732E+00 4.3629E-04  ( 0.232    , -1.953E-03,   0.00    ) |  4.363E-04 1.526E-03
    4813 1.9736E+00 4.3631E-04  ( 0.232    , -1.953E-03,   0.00    ) |  4.363E-04 1.526E-03
    4814 1.9741E+00 4.3632E-04  ( 0.232    , -1.953E-03,   0.00    ) |  4.363E-04 1.526E-03
    4815 1.9745E+00 4.3634E-04  ( 0.232    , -1.953E-03,   0.00    ) |  4.363E-04 1.526E-03
    4816 1.9750E+00 4.3636E-04  ( 0.232    , -1.953E-03,   0.00    ) |  4.364E-04 1.526E-03
 *** Wrote plotfile to flash_run_hdf5_plt_cnt_0079 ****
    4817 1.9754E+00 4.3637E-04  ( 0.232    , -1.953E-03,   0.00    ) |  4.364E-04 1.526E-03
    4818 1.9758E+00 4.3639E-04  ( 0.232    , -1.953E-03,   0.00    ) |  4.364E-04 1.526E-03
    4819 1.9763E+00 4.3641E-04  ( 0.232    , -1.953E-03,   0.00    ) |  4.364E-04 1.526E-03
    4820 1.9767E+00 4.3643E-04  ( 0.232    , -1.953E-03,   0.00    ) |  4.364E-04 1.526E-03
    4821 1.9771E+00 4.3645E-04  ( 0.232    , -1.953E-03,   0.00    ) |  4.364E-04 1.526E-03
    4822 1.9776E+00 4.3647E-04  ( 0.232    , -1.953E-03,   0.00    ) |  4.365E-04 1.526E-03
    4823 1.9780E+00 4.3649E-04  ( 0.232    , -1.953E-03,   0.00    ) |  4.365E-04 1.526E-03
    4824 1.9784E+00 4.3651E-04  ( 0.232    , -1.953E-03,   0.00    ) |  4.365E-04 1.526E-03
    4825 1.9789E+00 4.3653E-04  ( 0.232    , -1.953E-03,   0.00    ) |  4.365E-04 1.526E-03
    4826 1.9793E+00 4.3655E-04  ( 0.232    , -1.953E-03,   0.00    ) |  4.365E-04 1.526E-03
    4827 1.9798E+00 4.3657E-04  ( 0.232    , -1.953E-03,   0.00    ) |  4.366E-04 1.526E-03
    4828 1.9802E+00 4.3659E-04  ( 0.232    , -1.953E-03,   0.00    ) |  4.366E-04 1.526E-03
    4829 1.9806E+00 4.3661E-04  ( 0.232    , -1.953E-03,   0.00    ) |  4.366E-04 1.526E-03
    4830 1.9811E+00 4.3663E-04  ( 0.232    , -1.953E-03,   0.00    ) |  4.366E-04 1.526E-03
    4831 1.9815E+00 4.3665E-04  ( 0.232    , -1.953E-03,   0.00    ) |  4.366E-04 1.526E-03
    4832 1.9819E+00 4.3667E-04  ( 0.232    , -1.953E-03,   0.00    ) |  4.367E-04 1.526E-03
    4833 1.9824E+00 4.3669E-04  ( 0.232    , -1.953E-03,   0.00    ) |  4.367E-04 1.526E-03
    4834 1.9828E+00 4.3671E-04  ( 0.232    , -1.953E-03,   0.00    ) |  4.367E-04 1.526E-03
    4835 1.9832E+00 4.3674E-04  ( 0.232    , -1.953E-03,   0.00    ) |  4.367E-04 1.526E-03
    4836 1.9837E+00 4.3676E-04  ( 0.232    , -1.953E-03,   0.00    ) |  4.368E-04 1.526E-03
    4837 1.9841E+00 4.3678E-04  ( 0.232    , -1.953E-03,   0.00    ) |  4.368E-04 1.526E-03
    4838 1.9846E+00 4.3680E-04  ( 0.232    , -1.953E-03,   0.00    ) |  4.368E-04 1.526E-03
    4839 1.9850E+00 4.3683E-04  ( 0.232    , -1.953E-03,   0.00    ) |  4.368E-04 1.526E-03
    4840 1.9854E+00 4.3685E-04  ( 0.232    , -1.953E-03,   0.00    ) |  4.368E-04 1.526E-03
    4841 1.9859E+00 4.3687E-04  ( 0.232    , -1.953E-03,   0.00    ) |  4.369E-04 1.526E-03
    4842 1.9863E+00 4.3689E-04  ( 0.232    , -1.953E-03,   0.00    ) |  4.369E-04 1.526E-03
    4843 1.9867E+00 4.3692E-04  ( 0.232    , -1.953E-03,   0.00    ) |  4.369E-04 1.526E-03
    4844 1.9872E+00 4.3694E-04  ( 0.232    , -1.953E-03,   0.00    ) |  4.369E-04 1.526E-03
    4845 1.9876E+00 4.3696E-04  ( 0.232    , -1.953E-03,   0.00    ) |  4.370E-04 1.526E-03
    4846 1.9881E+00 4.3698E-04  ( 0.232    , -1.953E-03,   0.00    ) |  4.370E-04 1.526E-03
    4847 1.9885E+00 4.3701E-04  ( 0.232    , -1.953E-03,   0.00    ) |  4.370E-04 1.526E-03
    4848 1.9889E+00 4.3703E-04  ( 0.232    , -1.953E-03,   0.00    ) |  4.370E-04 1.526E-03
    4849 1.9894E+00 4.3705E-04  ( 0.232    , -1.953E-03,   0.00    ) |  4.371E-04 1.526E-03
    4850 1.9898E+00 4.3707E-04  ( 0.232    , -1.953E-03,   0.00    ) |  4.371E-04 1.526E-03
    4851 1.9902E+00 4.3709E-04  ( 0.232    , -1.953E-03,   0.00    ) |  4.371E-04 1.526E-03
    4852 1.9907E+00 4.3712E-04  ( 0.232    , -1.953E-03,   0.00    ) |  4.371E-04 1.526E-03
    4853 1.9911E+00 4.3714E-04  ( 0.232    , -1.953E-03,   0.00    ) |  4.371E-04 1.526E-03
    4854 1.9916E+00 4.3716E-04  ( 0.232    , -1.953E-03,   0.00    ) |  4.372E-04 1.526E-03
    4855 1.9920E+00 4.3718E-04  ( 0.232    , -1.953E-03,   0.00    ) |  4.372E-04 1.526E-03
    4856 1.9924E+00 4.3720E-04  ( 0.232    , -1.953E-03,   0.00    ) |  4.372E-04 1.526E-03
    4857 1.9929E+00 4.3722E-04  ( 0.232    , -1.953E-03,   0.00    ) |  4.372E-04 1.526E-03
    4858 1.9933E+00 4.3724E-04  ( 0.232    , -1.953E-03,   0.00    ) |  4.372E-04 1.526E-03
    4859 1.9937E+00 4.3727E-04  ( 0.232    , -1.953E-03,   0.00    ) |  4.373E-04 1.526E-03
    4860 1.9942E+00 4.3729E-04  ( 0.232    , -1.953E-03,   0.00    ) |  4.373E-04 1.526E-03
    4861 1.9946E+00 4.3731E-04  ( 0.232    , -1.953E-03,   0.00    ) |  4.373E-04 1.526E-03
    4862 1.9950E+00 4.3733E-04  ( 0.232    , -1.953E-03,   0.00    ) |  4.373E-04 1.526E-03
    4863 1.9955E+00 4.3735E-04  ( 0.232    , -1.953E-03,   0.00    ) |  4.373E-04 1.526E-03
    4864 1.9959E+00 4.3737E-04  ( 0.229    , -1.953E-03,   0.00    ) |  4.374E-04 1.526E-03
    4865 1.9964E+00 4.3739E-04  ( 0.229    , -1.953E-03,   0.00    ) |  4.374E-04 1.526E-03
    4866 1.9968E+00 4.3741E-04  ( 0.229    , -1.953E-03,   0.00    ) |  4.374E-04 1.526E-03
    4867 1.9972E+00 4.3743E-04  ( 0.229    , -1.953E-03,   0.00    ) |  4.374E-04 1.526E-03
    4868 1.9977E+00 4.3745E-04  ( 0.229    , -1.953E-03,   0.00    ) |  4.374E-04 1.526E-03
    4869 1.9981E+00 4.3747E-04  ( 0.229    , -1.953E-03,   0.00    ) |  4.375E-04 1.526E-03
    4870 1.9985E+00 4.3749E-04  ( 0.229    , -1.953E-03,   0.00    ) |  4.375E-04 1.526E-03
    4871 1.9990E+00 4.3751E-04  ( 0.229    , -1.953E-03,   0.00    ) |  4.375E-04 1.526E-03
    4872 1.9994E+00 4.3753E-04  ( 0.229    , -1.953E-03,   0.00    ) |  4.375E-04 1.526E-03
    4873 1.9999E+00 4.3755E-04  ( 0.229    , -1.953E-03,   0.00    ) |  4.375E-04 1.526E-03
 *** Wrote plotfile to flash_run_hdf5_plt_cnt_0080 ****
    4874 2.0003E+00 4.3757E-04  ( 0.229    , -1.953E-03,   0.00    ) |  4.376E-04 1.526E-03
    4875 2.0007E+00 4.3759E-04  ( 0.229    , -1.953E-03,   0.00    ) |  4.376E-04 1.526E-03
    4876 2.0012E+00 4.3761E-04  ( 0.229    , -1.953E-03,   0.00    ) |  4.376E-04 1.526E-03
    4877 2.0016E+00 4.3763E-04  ( 0.229    , -1.953E-03,   0.00    ) |  4.376E-04 1.526E-03
    4878 2.0020E+00 4.3765E-04  ( 0.229    , -1.953E-03,   0.00    ) |  4.377E-04 1.526E-03
    4879 2.0025E+00 4.3767E-04  ( 0.229    , -1.953E-03,   0.00    ) |  4.377E-04 1.526E-03
    4880 2.0029E+00 4.3769E-04  ( 0.229    , -1.953E-03,   0.00    ) |  4.377E-04 1.526E-03
    4881 2.0034E+00 4.3771E-04  ( 0.229    , -1.953E-03,   0.00    ) |  4.377E-04 1.526E-03
    4882 2.0038E+00 4.3773E-04  ( 0.229    , -1.953E-03,   0.00    ) |  4.377E-04 1.526E-03
    4883 2.0042E+00 4.3775E-04  ( 0.229    , -1.953E-03,   0.00    ) |  4.378E-04 1.526E-03
    4884 2.0047E+00 4.3778E-04  ( 0.229    , -1.953E-03,   0.00    ) |  4.378E-04 1.526E-03
    4885 2.0051E+00 4.3780E-04  ( 0.229    , -1.953E-03,   0.00    ) |  4.378E-04 1.526E-03
    4886 2.0056E+00 4.3782E-04  ( 0.229    , -1.953E-03,   0.00    ) |  4.378E-04 1.526E-03
    4887 2.0060E+00 4.3784E-04  ( 0.229    , -1.953E-03,   0.00    ) |  4.378E-04 1.526E-03
    4888 2.0064E+00 4.3786E-04  ( 0.229    , -1.953E-03,   0.00    ) |  4.379E-04 1.526E-03
    4889 2.0069E+00 4.3788E-04  ( 0.229    , -1.953E-03,   0.00    ) |  4.379E-04 1.526E-03
    4890 2.0073E+00 4.3790E-04  ( 0.229    , -1.953E-03,   0.00    ) |  4.379E-04 1.526E-03
    4891 2.0077E+00 4.3793E-04  ( 0.229    , -1.953E-03,   0.00    ) |  4.379E-04 1.526E-03
    4892 2.0082E+00 4.3795E-04  ( 0.229    , -1.953E-03,   0.00    ) |  4.379E-04 1.526E-03
    4893 2.0086E+00 4.3797E-04  ( 0.229    , -1.953E-03,   0.00    ) |  4.380E-04 1.526E-03
    4894 2.0091E+00 4.3799E-04  (-0.229    , -1.953E-03,   0.00    ) |  4.380E-04 1.526E-03
    4895 2.0095E+00 4.3801E-04  ( 0.229    , -1.953E-03,   0.00    ) |  4.380E-04 1.526E-03
    4896 2.0099E+00 4.3804E-04  ( 0.229    , -1.953E-03,   0.00    ) |  4.380E-04 1.526E-03
    4897 2.0104E+00 4.3806E-04  ( 0.229    , -1.953E-03,   0.00    ) |  4.381E-04 1.526E-03
    4898 2.0108E+00 4.3808E-04  ( 0.229    , -1.953E-03,   0.00    ) |  4.381E-04 1.526E-03
    4899 2.0112E+00 4.3810E-04  ( 0.229    , -1.953E-03,   0.00    ) |  4.381E-04 1.526E-03
    4900 2.0117E+00 4.3812E-04  ( 0.229    , -1.953E-03,   0.00    ) |  4.381E-04 1.526E-03
    4901 2.0121E+00 4.3814E-04  ( 0.229    , -1.953E-03,   0.00    ) |  4.381E-04 1.526E-03
    4902 2.0126E+00 4.3816E-04  ( 0.229    , -1.953E-03,   0.00    ) |  4.382E-04 1.526E-03
    4903 2.0130E+00 4.3819E-04  ( 0.229    , -1.953E-03,   0.00    ) |  4.382E-04 1.526E-03
    4904 2.0134E+00 4.3821E-04  ( 0.229    ,  1.953E-03,   0.00    ) |  4.382E-04 1.526E-03
    4905 2.0139E+00 4.3823E-04  ( 0.229    , -1.953E-03,   0.00    ) |  4.382E-04 1.526E-03
    4906 2.0143E+00 4.3825E-04  ( 0.229    ,  1.953E-03,   0.00    ) |  4.382E-04 1.526E-03
    4907 2.0147E+00 4.3827E-04  ( 0.229    ,  1.953E-03,   0.00    ) |  4.383E-04 1.526E-03
    4908 2.0152E+00 4.3829E-04  (-0.229    , -1.953E-03,   0.00    ) |  4.383E-04 1.526E-03
    4909 2.0156E+00 4.3831E-04  (-0.229    , -1.953E-03,   0.00    ) |  4.383E-04 1.526E-03
    4910 2.0161E+00 4.3833E-04  (-0.229    , -1.953E-03,   0.00    ) |  4.383E-04 1.526E-03
    4911 2.0165E+00 4.3835E-04  (-0.229    , -1.953E-03,   0.00    ) |  4.383E-04 1.526E-03
    4912 2.0169E+00 4.3837E-04  (-0.229    , -1.953E-03,   0.00    ) |  4.384E-04 1.526E-03
    4913 2.0174E+00 4.3839E-04  ( 0.229    ,  1.953E-03,   0.00    ) |  4.384E-04 1.526E-03
    4914 2.0178E+00 4.3841E-04  (-0.229    , -1.953E-03,   0.00    ) |  4.384E-04 1.526E-03
    4915 2.0183E+00 4.3842E-04  (-0.229    , -1.953E-03,   0.00    ) |  4.384E-04 1.526E-03
    4916 2.0187E+00 4.3844E-04  (-0.229    , -1.953E-03,   0.00    ) |  4.384E-04 1.526E-03
    4917 2.0191E+00 4.3846E-04  (-0.229    , -1.953E-03,   0.00    ) |  4.385E-04 1.526E-03
    4918 2.0196E+00 4.3848E-04  ( 0.229    ,  1.953E-03,   0.00    ) |  4.385E-04 1.526E-03
    4919 2.0200E+00 4.3850E-04  ( 0.229    ,  1.953E-03,   0.00    ) |  4.385E-04 1.526E-03
    4920 2.0204E+00 4.3852E-04  ( 0.229    ,  1.953E-03,   0.00    ) |  4.385E-04 1.526E-03
    4921 2.0209E+00 4.3853E-04  ( 0.229    ,  1.953E-03,   0.00    ) |  4.385E-04 1.526E-03
    4922 2.0213E+00 4.3855E-04  ( 0.229    ,  1.953E-03,   0.00    ) |  4.386E-04 1.526E-03
    4923 2.0218E+00 4.3857E-04  ( 0.229    ,  1.953E-03,   0.00    ) |  4.386E-04 1.526E-03
    4924 2.0222E+00 4.3859E-04  ( 0.229    ,  1.953E-03,   0.00    ) |  4.386E-04 1.526E-03
    4925 2.0226E+00 4.3860E-04  ( 0.229    ,  1.953E-03,   0.00    ) |  4.386E-04 1.526E-03
    4926 2.0231E+00 4.3862E-04  ( 0.229    ,  1.953E-03,   0.00    ) |  4.386E-04 1.526E-03
    4927 2.0235E+00 4.3864E-04  ( 0.229    ,  1.953E-03,   0.00    ) |  4.386E-04 1.526E-03
    4928 2.0240E+00 4.3866E-04  ( 0.229    ,  1.953E-03,   0.00    ) |  4.387E-04 1.526E-03
    4929 2.0244E+00 4.3868E-04  ( 0.229    ,  1.953E-03,   0.00    ) |  4.387E-04 1.526E-03
    4930 2.0248E+00 4.3869E-04  ( 0.229    ,  1.953E-03,   0.00    ) |  4.387E-04 1.526E-03
 *** Wrote plotfile to flash_run_hdf5_plt_cnt_0081 ****
    4931 2.0253E+00 4.3871E-04  ( 0.229    ,  1.953E-03,   0.00    ) |  4.387E-04 1.526E-03
    4932 2.0257E+00 4.3873E-04  ( 0.229    ,  1.953E-03,   0.00    ) |  4.387E-04 1.526E-03
    4933 2.0262E+00 4.3875E-04  ( 0.229    ,  1.953E-03,   0.00    ) |  4.387E-04 1.526E-03
    4934 2.0266E+00 4.3877E-04  ( 0.229    ,  1.953E-03,   0.00    ) |  4.388E-04 1.526E-03
    4935 2.0270E+00 4.3878E-04  ( 0.229    ,  1.953E-03,   0.00    ) |  4.388E-04 1.526E-03
    4936 2.0275E+00 4.3880E-04  ( 0.229    ,  1.953E-03,   0.00    ) |  4.388E-04 1.526E-03
    4937 2.0279E+00 4.3882E-04  ( 0.229    ,  1.953E-03,   0.00    ) |  4.388E-04 1.526E-03
    4938 2.0283E+00 4.3884E-04  (-0.229    , -1.953E-03,   0.00    ) |  4.388E-04 1.526E-03
    4939 2.0288E+00 4.3886E-04  (-0.229    , -1.953E-03,   0.00    ) |  4.389E-04 1.526E-03
    4940 2.0292E+00 4.3888E-04  ( 0.229    ,  1.953E-03,   0.00    ) |  4.389E-04 1.526E-03
    4941 2.0297E+00 4.3890E-04  (-0.229    , -1.953E-03,   0.00    ) |  4.389E-04 1.526E-03
    4942 2.0301E+00 4.3892E-04  ( 0.229    ,  1.953E-03,   0.00    ) |  4.389E-04 1.526E-03
    4943 2.0305E+00 4.3894E-04  ( 0.229    ,  1.953E-03,   0.00    ) |  4.389E-04 1.526E-03
    4944 2.0310E+00 4.3896E-04  ( 0.229    ,  1.953E-03,   0.00    ) |  4.390E-04 1.526E-03
    4945 2.0314E+00 4.3898E-04  ( 0.229    ,  1.953E-03,   0.00    ) |  4.390E-04 1.526E-03
    4946 2.0319E+00 4.3900E-04  ( 0.229    ,  1.953E-03,   0.00    ) |  4.390E-04 1.526E-03
    4947 2.0323E+00 4.3903E-04  ( 0.229    ,  1.953E-03,   0.00    ) |  4.390E-04 1.526E-03
    4948 2.0327E+00 4.3905E-04  ( 0.229    ,  1.953E-03,   0.00    ) |  4.390E-04 1.526E-03
    4949 2.0332E+00 4.3907E-04  ( 0.229    ,  1.953E-03,   0.00    ) |  4.391E-04 1.526E-03
    4950 2.0336E+00 4.3909E-04  ( 0.229    ,  1.953E-03,   0.00    ) |  4.391E-04 1.526E-03
    4951 2.0341E+00 4.3911E-04  ( 0.229    ,  1.953E-03,   0.00    ) |  4.391E-04 1.526E-03
    4952 2.0345E+00 4.3914E-04  ( 0.229    ,  1.953E-03,   0.00    ) |  4.391E-04 1.526E-03
    4953 2.0349E+00 4.3916E-04  ( 0.229    ,  1.953E-03,   0.00    ) |  4.392E-04 1.526E-03
    4954 2.0354E+00 4.3918E-04  ( 0.229    ,  1.953E-03,   0.00    ) |  4.392E-04 1.526E-03
    4955 2.0358E+00 4.3921E-04  ( 0.229    ,  1.953E-03,   0.00    ) |  4.392E-04 1.526E-03
    4956 2.0362E+00 4.3923E-04  ( 0.229    ,  1.953E-03,   0.00    ) |  4.392E-04 1.526E-03
    4957 2.0367E+00 4.3925E-04  ( 0.229    ,  1.953E-03,   0.00    ) |  4.393E-04 1.526E-03
    4958 2.0371E+00 4.3928E-04  ( 0.229    ,  1.953E-03,   0.00    ) |  4.393E-04 1.526E-03
    4959 2.0376E+00 4.3930E-04  ( 0.229    ,  1.953E-03,   0.00    ) |  4.393E-04 1.526E-03
    4960 2.0380E+00 4.3932E-04  ( 0.229    ,  1.953E-03,   0.00    ) |  4.393E-04 1.526E-03
    4961 2.0384E+00 4.3934E-04  ( 0.229    ,  1.953E-03,   0.00    ) |  4.393E-04 1.526E-03
    4962 2.0389E+00 4.3937E-04  ( 0.229    ,  1.953E-03,   0.00    ) |  4.394E-04 1.526E-03
    4963 2.0393E+00 4.3939E-04  ( 0.229    ,  1.953E-03,   0.00    ) |  4.394E-04 1.526E-03
    4964 2.0398E+00 4.3941E-04  ( 0.229    ,  1.953E-03,   0.00    ) |  4.394E-04 1.526E-03
    4965 2.0402E+00 4.3943E-04  ( 0.229    ,  1.953E-03,   0.00    ) |  4.394E-04 1.526E-03
    4966 2.0406E+00 4.3946E-04  ( 0.229    ,  1.953E-03,   0.00    ) |  4.395E-04 1.526E-03
    4967 2.0411E+00 4.3948E-04  ( 0.229    ,  1.953E-03,   0.00    ) |  4.395E-04 1.526E-03
    4968 2.0415E+00 4.3950E-04  ( 0.229    ,  1.953E-03,   0.00    ) |  4.395E-04 1.526E-03
    4969 2.0420E+00 4.3952E-04  ( 0.229    ,  1.953E-03,   0.00    ) |  4.395E-04 1.526E-03
    4970 2.0424E+00 4.3954E-04  ( 0.229    ,  1.953E-03,   0.00    ) |  4.395E-04 1.526E-03
    4971 2.0428E+00 4.3956E-04  ( 0.229    ,  1.953E-03,   0.00    ) |  4.396E-04 1.526E-03
    4972 2.0433E+00 4.3958E-04  ( 0.229    ,  1.953E-03,   0.00    ) |  4.396E-04 1.526E-03
    4973 2.0437E+00 4.3960E-04  ( 0.229    ,  1.953E-03,   0.00    ) |  4.396E-04 1.526E-03
    4974 2.0442E+00 4.3962E-04  ( 0.229    ,  1.953E-03,   0.00    ) |  4.396E-04 1.526E-03
    4975 2.0446E+00 4.3964E-04  ( 0.229    ,  1.953E-03,   0.00    ) |  4.396E-04 1.526E-03
    4976 2.0450E+00 4.3966E-04  ( 0.229    ,  1.953E-03,   0.00    ) |  4.397E-04 1.526E-03
    4977 2.0455E+00 4.3968E-04  ( 0.229    ,  1.953E-03,   0.00    ) |  4.397E-04 1.526E-03
    4978 2.0459E+00 4.3970E-04  ( 0.229    ,  1.953E-03,   0.00    ) |  4.397E-04 1.526E-03
    4979 2.0464E+00 4.3972E-04  ( 0.229    ,  1.953E-03,   0.00    ) |  4.397E-04 1.526E-03
    4980 2.0468E+00 4.3974E-04  ( 0.229    ,  1.953E-03,   0.00    ) |  4.397E-04 1.526E-03
    4981 2.0472E+00 4.3976E-04  ( 0.229    ,  1.953E-03,   0.00    ) |  4.398E-04 1.526E-03
    4982 2.0477E+00 4.3977E-04  ( 0.229    ,  1.953E-03,   0.00    ) |  4.398E-04 1.526E-03
    4983 2.0481E+00 4.3979E-04  ( 0.229    ,  1.953E-03,   0.00    ) |  4.398E-04 1.526E-03
    4984 2.0486E+00 4.3981E-04  ( 0.229    ,  1.953E-03,   0.00    ) |  4.398E-04 1.526E-03
    4985 2.0490E+00 4.3983E-04  ( 0.229    ,  1.953E-03,   0.00    ) |  4.398E-04 1.526E-03
    4986 2.0494E+00 4.3985E-04  ( 0.229    ,  1.953E-03,   0.00    ) |  4.398E-04 1.526E-03
    4987 2.0499E+00 4.3987E-04  ( 0.229    ,  1.953E-03,   0.00    ) |  4.399E-04 1.526E-03
 *** Wrote plotfile to flash_run_hdf5_plt_cnt_0082 ****
    4988 2.0503E+00 4.3988E-04  ( 0.229    ,  1.953E-03,   0.00    ) |  4.399E-04 1.526E-03
    4989 2.0508E+00 4.3990E-04  ( 0.229    ,  1.953E-03,   0.00    ) |  4.399E-04 1.526E-03
    4990 2.0512E+00 4.3992E-04  ( 0.229    ,  1.953E-03,   0.00    ) |  4.399E-04 1.526E-03
    4991 2.0516E+00 4.3994E-04  ( 0.229    ,  1.953E-03,   0.00    ) |  4.399E-04 1.526E-03
    4992 2.0521E+00 4.3996E-04  ( 0.229    ,  1.953E-03,   0.00    ) |  4.400E-04 1.526E-03
    4993 2.0525E+00 4.3998E-04  ( 0.229    ,  1.953E-03,   0.00    ) |  4.400E-04 1.526E-03
    4994 2.0530E+00 4.4000E-04  ( 0.229    ,  1.953E-03,   0.00    ) |  4.400E-04 1.526E-03
    4995 2.0534E+00 4.4001E-04  ( 0.229    ,  1.953E-03,   0.00    ) |  4.400E-04 1.526E-03
    4996 2.0538E+00 4.4003E-04  ( 0.229    ,  1.953E-03,   0.00    ) |  4.400E-04 1.526E-03
    4997 2.0543E+00 4.4005E-04  ( 0.229    ,  1.953E-03,   0.00    ) |  4.401E-04 1.526E-03
    4998 2.0547E+00 4.4007E-04  ( 0.229    ,  1.953E-03,   0.00    ) |  4.401E-04 1.526E-03
    4999 2.0552E+00 4.4009E-04  ( 0.229    ,  1.953E-03,   0.00    ) |  4.401E-04 1.526E-03
    5000 2.0556E+00 4.4011E-04  ( 0.229    ,  1.953E-03,   0.00    ) |  4.401E-04 1.526E-03
    5001 2.0560E+00 4.4013E-04  ( 0.229    ,  1.953E-03,   0.00    ) |  4.401E-04 1.526E-03
    5002 2.0565E+00 4.4015E-04  ( 0.229    ,  1.953E-03,   0.00    ) |  4.402E-04 1.526E-03
    5003 2.0569E+00 4.4017E-04  ( 0.229    ,  1.953E-03,   0.00    ) |  4.402E-04 1.526E-03
    5004 2.0574E+00 4.4020E-04  ( 0.229    ,  1.953E-03,   0.00    ) |  4.402E-04 1.526E-03
    5005 2.0578E+00 4.4022E-04  ( 0.229    ,  1.953E-03,   0.00    ) |  4.402E-04 1.526E-03
    5006 2.0582E+00 4.4024E-04  ( 0.229    ,  1.953E-03,   0.00    ) |  4.402E-04 1.526E-03
    5007 2.0587E+00 4.4026E-04  ( 0.229    ,  1.953E-03,   0.00    ) |  4.403E-04 1.526E-03
    5008 2.0591E+00 4.4028E-04  ( 0.229    ,  1.953E-03,   0.00    ) |  4.403E-04 1.526E-03
    5009 2.0596E+00 4.4030E-04  ( 0.229    ,  1.953E-03,   0.00    ) |  4.403E-04 1.526E-03
    5010 2.0600E+00 4.4033E-04  ( 0.229    ,  1.953E-03,   0.00    ) |  4.403E-04 1.526E-03
    5011 2.0604E+00 4.4035E-04  ( 0.229    ,  1.953E-03,   0.00    ) |  4.403E-04 1.526E-03
    5012 2.0609E+00 4.4037E-04  ( 0.229    ,  1.953E-03,   0.00    ) |  4.404E-04 1.526E-03
    5013 2.0613E+00 4.4039E-04  ( 0.229    ,  1.953E-03,   0.00    ) |  4.404E-04 1.526E-03
    5014 2.0618E+00 4.4042E-04  ( 0.229    ,  1.953E-03,   0.00    ) |  4.404E-04 1.526E-03
    5015 2.0622E+00 4.4044E-04  ( 0.229    ,  1.953E-03,   0.00    ) |  4.404E-04 1.526E-03
    5016 2.0626E+00 4.4046E-04  ( 0.229    ,  1.953E-03,   0.00    ) |  4.405E-04 1.526E-03
    5017 2.0631E+00 4.4048E-04  ( 0.229    ,  1.953E-03,   0.00    ) |  4.405E-04 1.526E-03
    5018 2.0635E+00 4.4050E-04  ( 0.229    ,  1.953E-03,   0.00    ) |  4.405E-04 1.526E-03
    5019 2.0640E+00 4.4053E-04  ( 0.229    ,  1.953E-03,   0.00    ) |  4.405E-04 1.526E-03
    5020 2.0644E+00 4.4055E-04  ( 0.229    ,  1.953E-03,   0.00    ) |  4.405E-04 1.526E-03
    5021 2.0648E+00 4.4057E-04  ( 0.229    ,  1.953E-03,   0.00    ) |  4.406E-04 1.526E-03
    5022 2.0653E+00 4.4059E-04  ( 0.229    ,  1.953E-03,   0.00    ) |  4.406E-04 1.526E-03
    5023 2.0657E+00 4.4061E-04  ( 0.229    ,  1.953E-03,   0.00    ) |  4.406E-04 1.526E-03
    5024 2.0662E+00 4.4063E-04  ( 0.229    ,  1.953E-03,   0.00    ) |  4.406E-04 1.526E-03
    5025 2.0666E+00 4.4065E-04  ( 0.229    ,  1.953E-03,   0.00    ) |  4.407E-04 1.526E-03
    5026 2.0670E+00 4.4068E-04  ( 0.229    ,  1.953E-03,   0.00    ) |  4.407E-04 1.526E-03
    5027 2.0675E+00 4.4070E-04  ( 0.229    ,  1.953E-03,   0.00    ) |  4.407E-04 1.526E-03
    5028 2.0679E+00 4.4072E-04  ( 0.229    ,  1.953E-03,   0.00    ) |  4.407E-04 1.526E-03
    5029 2.0684E+00 4.4074E-04  ( 0.229    ,  1.953E-03,   0.00    ) |  4.407E-04 1.526E-03
    5030 2.0688E+00 4.4076E-04  ( 0.229    ,  1.953E-03,   0.00    ) |  4.408E-04 1.526E-03
    5031 2.0692E+00 4.4078E-04  ( 0.229    ,  1.953E-03,   0.00    ) |  4.408E-04 1.526E-03
    5032 2.0697E+00 4.4080E-04  ( 0.229    ,  1.953E-03,   0.00    ) |  4.408E-04 1.526E-03
    5033 2.0701E+00 4.4082E-04  ( 0.229    ,  1.953E-03,   0.00    ) |  4.408E-04 1.526E-03
    5034 2.0706E+00 4.4084E-04  ( 0.229    ,  1.953E-03,   0.00    ) |  4.408E-04 1.526E-03
    5035 2.0710E+00 4.4086E-04  ( 0.229    ,  1.953E-03,   0.00    ) |  4.409E-04 1.526E-03
    5036 2.0714E+00 4.4088E-04  ( 0.229    ,  1.953E-03,   0.00    ) |  4.409E-04 1.526E-03
    5037 2.0719E+00 4.4089E-04  ( 0.229    ,  1.953E-03,   0.00    ) |  4.409E-04 1.526E-03
    5038 2.0723E+00 4.4091E-04  ( 0.229    ,  1.953E-03,   0.00    ) |  4.409E-04 1.526E-03
    5039 2.0728E+00 4.4093E-04  ( 0.229    ,  1.953E-03,   0.00    ) |  4.409E-04 1.526E-03
    5040 2.0732E+00 4.4095E-04  ( 0.229    ,  1.953E-03,   0.00    ) |  4.410E-04 1.526E-03
    5041 2.0737E+00 4.4097E-04  ( 0.229    ,  1.953E-03,   0.00    ) |  4.410E-04 1.526E-03
    5042 2.0741E+00 4.4099E-04  ( 0.229    ,  1.953E-03,   0.00    ) |  4.410E-04 1.526E-03
    5043 2.0745E+00 4.4101E-04  ( 0.229    ,  1.953E-03,   0.00    ) |  4.410E-04 1.526E-03
    5044 2.0750E+00 4.4103E-04  ( 0.229    ,  1.953E-03,   0.00    ) |  4.410E-04 1.526E-03
 *** Wrote plotfile to flash_run_hdf5_plt_cnt_0083 ****
    5045 2.0754E+00 4.4105E-04  ( 0.229    ,  1.953E-03,   0.00    ) |  4.410E-04 1.526E-03
    5046 2.0759E+00 4.4107E-04  ( 0.229    ,  1.953E-03,   0.00    ) |  4.411E-04 1.526E-03
    5047 2.0763E+00 4.4109E-04  ( 0.229    ,  1.953E-03,   0.00    ) |  4.411E-04 1.526E-03
    5048 2.0767E+00 4.4111E-04  ( 0.229    ,  1.953E-03,   0.00    ) |  4.411E-04 1.526E-03
    5049 2.0772E+00 4.4113E-04  ( 0.229    ,  1.953E-03,   0.00    ) |  4.411E-04 1.526E-03
    5050 2.0776E+00 4.4115E-04  ( 0.229    ,  1.953E-03,   0.00    ) |  4.411E-04 1.526E-03
    5051 2.0781E+00 4.4117E-04  ( 0.229    ,  1.953E-03,   0.00    ) |  4.412E-04 1.526E-03
    5052 2.0785E+00 4.4119E-04  ( 0.229    ,  1.953E-03,   0.00    ) |  4.412E-04 1.526E-03
    5053 2.0789E+00 4.4121E-04  ( 0.229    ,  1.953E-03,   0.00    ) |  4.412E-04 1.526E-03
    5054 2.0794E+00 4.4123E-04  ( 0.229    ,  1.953E-03,   0.00    ) |  4.412E-04 1.526E-03
    5055 2.0798E+00 4.4125E-04  ( 0.229    ,  1.953E-03,   0.00    ) |  4.413E-04 1.526E-03
    5056 2.0803E+00 4.4128E-04  ( 0.229    ,  1.953E-03,   0.00    ) |  4.413E-04 1.526E-03
    5057 2.0807E+00 4.4130E-04  ( 0.229    ,  1.953E-03,   0.00    ) |  4.413E-04 1.526E-03
    5058 2.0812E+00 4.4132E-04  ( 0.229    ,  1.953E-03,   0.00    ) |  4.413E-04 1.526E-03
    5059 2.0816E+00 4.4134E-04  ( 0.229    ,  1.953E-03,   0.00    ) |  4.413E-04 1.526E-03
    5060 2.0820E+00 4.4137E-04  ( 0.229    ,  1.953E-03,   0.00    ) |  4.414E-04 1.526E-03
    5061 2.0825E+00 4.4139E-04  ( 0.229    ,  1.953E-03,   0.00    ) |  4.414E-04 1.526E-03
    5062 2.0829E+00 4.4141E-04  ( 0.229    ,  1.953E-03,   0.00    ) |  4.414E-04 1.526E-03
    5063 2.0834E+00 4.4144E-04  ( 0.229    ,  1.953E-03,   0.00    ) |  4.414E-04 1.526E-03
    5064 2.0838E+00 4.4146E-04  ( 0.229    ,  1.953E-03,   0.00    ) |  4.415E-04 1.526E-03
    5065 2.0842E+00 4.4149E-04  ( 0.229    ,  1.953E-03,   0.00    ) |  4.415E-04 1.526E-03
    5066 2.0847E+00 4.4151E-04  ( 0.229    ,  1.953E-03,   0.00    ) |  4.415E-04 1.526E-03
    5067 2.0851E+00 4.4154E-04  ( 0.229    ,  1.953E-03,   0.00    ) |  4.415E-04 1.526E-03
    5068 2.0856E+00 4.4157E-04  ( 0.229    ,  1.953E-03,   0.00    ) |  4.416E-04 1.526E-03
    5069 2.0860E+00 4.4159E-04  ( 0.229    ,  1.953E-03,   0.00    ) |  4.416E-04 1.526E-03
    5070 2.0865E+00 4.4162E-04  ( 0.229    ,  1.953E-03,   0.00    ) |  4.416E-04 1.526E-03
    5071 2.0869E+00 4.4164E-04  ( 0.229    ,  1.953E-03,   0.00    ) |  4.416E-04 1.526E-03
    5072 2.0873E+00 4.4167E-04  ( 0.229    ,  1.953E-03,   0.00    ) |  4.417E-04 1.526E-03
    5073 2.0878E+00 4.4170E-04  ( 0.229    ,  1.953E-03,   0.00    ) |  4.417E-04 1.526E-03
    5074 2.0882E+00 4.4173E-04  ( 0.229    ,  1.953E-03,   0.00    ) |  4.417E-04 1.526E-03
    5075 2.0887E+00 4.4175E-04  ( 0.229    ,  1.953E-03,   0.00    ) |  4.418E-04 1.526E-03
    5076 2.0891E+00 4.4178E-04  ( 0.229    ,  1.953E-03,   0.00    ) |  4.418E-04 1.526E-03
    5077 2.0895E+00 4.4181E-04  ( 0.229    ,  1.953E-03,   0.00    ) |  4.418E-04 1.526E-03
    5078 2.0900E+00 4.4184E-04  ( 0.229    ,  1.953E-03,   0.00    ) |  4.418E-04 1.526E-03
    5079 2.0904E+00 4.4187E-04  ( 0.229    ,  1.953E-03,   0.00    ) |  4.419E-04 1.526E-03
    5080 2.0909E+00 4.4189E-04  ( 0.229    ,  1.953E-03,   0.00    ) |  4.419E-04 1.526E-03
    5081 2.0913E+00 4.4192E-04  ( 0.229    ,  1.953E-03,   0.00    ) |  4.419E-04 1.526E-03
    5082 2.0918E+00 4.4195E-04  ( 0.229    ,  1.953E-03,   0.00    ) |  4.420E-04 1.526E-03
    5083 2.0922E+00 4.4198E-04  ( 0.229    ,  1.953E-03,   0.00    ) |  4.420E-04 1.526E-03
    5084 2.0926E+00 4.4201E-04  ( 0.225    , -1.953E-03,   0.00    ) |  4.420E-04 1.526E-03
    5085 2.0931E+00 4.4204E-04  ( 0.225    ,  1.953E-03,   0.00    ) |  4.420E-04 1.526E-03
    5086 2.0935E+00 4.4207E-04  ( 0.225    , -1.953E-03,   0.00    ) |  4.421E-04 1.526E-03
    5087 2.0940E+00 4.4210E-04  ( 0.225    , -1.953E-03,   0.00    ) |  4.421E-04 1.526E-03
    5088 2.0944E+00 4.4213E-04  ( 0.225    , -1.953E-03,   0.00    ) |  4.421E-04 1.526E-03
    5089 2.0948E+00 4.4216E-04  ( 0.225    , -1.953E-03,   0.00    ) |  4.422E-04 1.526E-03
    5090 2.0953E+00 4.4219E-04  ( 0.225    , -1.953E-03,   0.00    ) |  4.422E-04 1.526E-03
    5091 2.0957E+00 4.4222E-04  ( 0.225    , -1.953E-03,   0.00    ) |  4.422E-04 1.526E-03
    5092 2.0962E+00 4.4225E-04  ( 0.225    , -1.953E-03,   0.00    ) |  4.422E-04 1.526E-03
    5093 2.0966E+00 4.4228E-04  ( 0.225    , -1.953E-03,   0.00    ) |  4.423E-04 1.526E-03
    5094 2.0971E+00 4.4230E-04  ( 0.225    , -1.953E-03,   0.00    ) |  4.423E-04 1.526E-03
    5095 2.0975E+00 4.4234E-04  ( 0.225    , -1.953E-03,   0.00    ) |  4.423E-04 1.526E-03
    5096 2.0979E+00 4.4237E-04  ( 0.225    , -1.953E-03,   0.00    ) |  4.424E-04 1.526E-03
    5097 2.0984E+00 4.4240E-04  ( 0.225    , -1.953E-03,   0.00    ) |  4.424E-04 1.526E-03
    5098 2.0988E+00 4.4243E-04  ( 0.225    ,  1.953E-03,   0.00    ) |  4.424E-04 1.526E-03
    5099 2.0993E+00 4.4246E-04  ( 0.229    , -1.953E-03,   0.00    ) |  4.425E-04 1.526E-03
    5100 2.0997E+00 4.4249E-04  ( 0.229    , -1.953E-03,   0.00    ) |  4.425E-04 1.526E-03
 *** Wrote plotfile to flash_run_hdf5_plt_cnt_0084 ****
    5101 2.1002E+00 4.4252E-04  ( 0.229    , -1.953E-03,   0.00    ) |  4.425E-04 1.526E-03
    5102 2.1006E+00 4.4255E-04  ( 0.229    , -1.953E-03,   0.00    ) |  4.425E-04 1.526E-03
    5103 2.1010E+00 4.4258E-04  ( 0.229    , -1.953E-03,   0.00    ) |  4.426E-04 1.526E-03
    5104 2.1015E+00 4.4261E-04  ( 0.229    , -1.953E-03,   0.00    ) |  4.426E-04 1.526E-03
    5105 2.1019E+00 4.4264E-04  ( 0.229    , -1.953E-03,   0.00    ) |  4.426E-04 1.526E-03
    5106 2.1024E+00 4.4267E-04  ( 0.229    , -1.953E-03,   0.00    ) |  4.427E-04 1.526E-03
    5107 2.1028E+00 4.4270E-04  ( 0.229    , -1.953E-03,   0.00    ) |  4.427E-04 1.526E-03
    5108 2.1033E+00 4.4273E-04  ( 0.229    , -1.953E-03,   0.00    ) |  4.427E-04 1.526E-03
    5109 2.1037E+00 4.4276E-04  ( 0.229    , -1.953E-03,   0.00    ) |  4.428E-04 1.526E-03
    5110 2.1041E+00 4.4279E-04  ( 0.229    , -1.953E-03,   0.00    ) |  4.428E-04 1.526E-03
    5111 2.1046E+00 4.4282E-04  ( 0.229    , -1.953E-03,   0.00    ) |  4.428E-04 1.526E-03
    5112 2.1050E+00 4.4285E-04  ( 0.229    , -1.953E-03,   0.00    ) |  4.429E-04 1.526E-03
    5113 2.1055E+00 4.4288E-04  ( 0.229    , -1.953E-03,   0.00    ) |  4.429E-04 1.526E-03
    5114 2.1059E+00 4.4291E-04  ( 0.229    , -1.953E-03,   0.00    ) |  4.429E-04 1.526E-03
    5115 2.1064E+00 4.4294E-04  ( 0.229    , -1.953E-03,   0.00    ) |  4.429E-04 1.526E-03
    5116 2.1068E+00 4.4297E-04  ( 0.229    , -1.953E-03,   0.00    ) |  4.430E-04 1.526E-03
    5117 2.1072E+00 4.4300E-04  ( 0.229    , -1.953E-03,   0.00    ) |  4.430E-04 1.526E-03
    5118 2.1077E+00 4.4303E-04  ( 0.229    , -1.953E-03,   0.00    ) |  4.430E-04 1.526E-03
    5119 2.1081E+00 4.4307E-04  ( 0.229    , -1.953E-03,   0.00    ) |  4.431E-04 1.526E-03
    5120 2.1086E+00 4.4310E-04  ( 0.229    , -1.953E-03,   0.00    ) |  4.431E-04 1.526E-03
    5121 2.1090E+00 4.4313E-04  ( 0.229    , -1.953E-03,   0.00    ) |  4.431E-04 1.526E-03
    5122 2.1095E+00 4.4316E-04  ( 0.229    , -1.953E-03,   0.00    ) |  4.432E-04 1.526E-03
    5123 2.1099E+00 4.4319E-04  ( 0.229    , -1.953E-03,   0.00    ) |  4.432E-04 1.526E-03
    5124 2.1103E+00 4.4322E-04  ( 0.229    , -1.953E-03,   0.00    ) |  4.432E-04 1.526E-03
    5125 2.1108E+00 4.4325E-04  ( 0.229    , -1.953E-03,   0.00    ) |  4.432E-04 1.526E-03
    5126 2.1112E+00 4.4328E-04  ( 0.229    , -1.953E-03,   0.00    ) |  4.433E-04 1.526E-03
    5127 2.1117E+00 4.4331E-04  ( 0.229    , -1.953E-03,   0.00    ) |  4.433E-04 1.526E-03
    5128 2.1121E+00 4.4334E-04  ( 0.229    , -1.953E-03,   0.00    ) |  4.433E-04 1.526E-03
    5129 2.1126E+00 4.4337E-04  ( 0.229    , -1.953E-03,   0.00    ) |  4.434E-04 1.526E-03
    5130 2.1130E+00 4.4340E-04  ( 0.229    , -1.953E-03,   0.00    ) |  4.434E-04 1.526E-03
    5131 2.1134E+00 4.4343E-04  ( 0.229    , -1.953E-03,   0.00    ) |  4.434E-04 1.526E-03
    5132 2.1139E+00 4.4346E-04  ( 0.229    , -1.953E-03,   0.00    ) |  4.435E-04 1.526E-03
    5133 2.1143E+00 4.4349E-04  ( 0.229    , -1.953E-03,   0.00    ) |  4.435E-04 1.526E-03
    5134 2.1148E+00 4.4352E-04  ( 0.229    , -1.953E-03,   0.00    ) |  4.435E-04 1.526E-03
    5135 2.1152E+00 4.4355E-04  ( 0.229    , -1.953E-03,   0.00    ) |  4.436E-04 1.526E-03
    5136 2.1157E+00 4.4358E-04  ( 0.229    , -1.953E-03,   0.00    ) |  4.436E-04 1.526E-03
    5137 2.1161E+00 4.4361E-04  ( 0.229    ,  1.953E-03,   0.00    ) |  4.436E-04 1.526E-03
    5138 2.1165E+00 4.4364E-04  ( 0.229    ,  1.953E-03,   0.00    ) |  4.436E-04 1.526E-03
    5139 2.1170E+00 4.4367E-04  ( 0.229    , -1.953E-03,   0.00    ) |  4.437E-04 1.526E-03
    5140 2.1174E+00 4.4370E-04  ( 0.229    , -1.953E-03,   0.00    ) |  4.437E-04 1.526E-03
    5141 2.1179E+00 4.4373E-04  ( 0.229    , -1.953E-03,   0.00    ) |  4.437E-04 1.526E-03
    5142 2.1183E+00 4.4376E-04  ( 0.229    , -1.953E-03,   0.00    ) |  4.438E-04 1.526E-03
    5143 2.1188E+00 4.4379E-04  ( 0.229    , -1.953E-03,   0.00    ) |  4.438E-04 1.526E-03
    5144 2.1192E+00 4.4382E-04  ( 0.229    ,  1.953E-03,   0.00    ) |  4.438E-04 1.526E-03
    5145 2.1197E+00 4.4385E-04  ( 0.229    ,  1.953E-03,   0.00    ) |  4.438E-04 1.526E-03
    5146 2.1201E+00 4.4388E-04  ( 0.229    ,  1.953E-03,   0.00    ) |  4.439E-04 1.526E-03
    5147 2.1205E+00 4.4390E-04  ( 0.229    ,  1.953E-03,   0.00    ) |  4.439E-04 1.526E-03
    5148 2.1210E+00 4.4393E-04  ( 0.229    ,  1.953E-03,   0.00    ) |  4.439E-04 1.526E-03
    5149 2.1214E+00 4.4396E-04  ( 0.229    ,  1.953E-03,   0.00    ) |  4.440E-04 1.526E-03
    5150 2.1219E+00 4.4399E-04  ( 0.229    ,  1.953E-03,   0.00    ) |  4.440E-04 1.526E-03
    5151 2.1223E+00 4.4402E-04  ( 0.225    ,  1.953E-03,   0.00    ) |  4.440E-04 1.526E-03
    5152 2.1228E+00 4.4405E-04  ( 0.225    ,  1.953E-03,   0.00    ) |  4.440E-04 1.526E-03
    5153 2.1232E+00 4.4408E-04  ( 0.225    ,  1.953E-03,   0.00    ) |  4.441E-04 1.526E-03
    5154 2.1236E+00 4.4410E-04  ( 0.225    ,  1.953E-03,   0.00    ) |  4.441E-04 1.526E-03
    5155 2.1241E+00 4.4413E-04  ( 0.225    ,  1.953E-03,   0.00    ) |  4.441E-04 1.526E-03
    5156 2.1245E+00 4.4416E-04  ( 0.225    ,  1.953E-03,   0.00    ) |  4.442E-04 1.526E-03
    5157 2.1250E+00 4.4419E-04  ( 0.225    ,  1.953E-03,   0.00    ) |  4.442E-04 1.526E-03
 *** Wrote plotfile to flash_run_hdf5_plt_cnt_0085 ****
    5158 2.1254E+00 4.4422E-04  ( 0.225    ,  1.953E-03,   0.00    ) |  4.442E-04 1.526E-03
    5159 2.1259E+00 4.4424E-04  ( 0.225    ,  1.953E-03,   0.00    ) |  4.442E-04 1.526E-03
    5160 2.1263E+00 4.4427E-04  ( 0.225    ,  1.953E-03,   0.00    ) |  4.443E-04 1.526E-03
    5161 2.1268E+00 4.4430E-04  ( 0.225    ,  1.953E-03,   0.00    ) |  4.443E-04 1.526E-03
    5162 2.1272E+00 4.4433E-04  ( 0.225    ,  1.953E-03,   0.00    ) |  4.443E-04 1.526E-03
    5163 2.1276E+00 4.4435E-04  ( 0.225    ,  1.953E-03,   0.00    ) |  4.444E-04 1.526E-03
    5164 2.1281E+00 4.4438E-04  ( 0.225    ,  1.953E-03,   0.00    ) |  4.444E-04 1.526E-03
    5165 2.1285E+00 4.4441E-04  ( 0.225    ,  1.953E-03,   0.00    ) |  4.444E-04 1.526E-03
    5166 2.1290E+00 4.4444E-04  ( 0.225    ,  1.953E-03,   0.00    ) |  4.444E-04 1.526E-03
    5167 2.1294E+00 4.4446E-04  ( 0.225    ,  1.953E-03,   0.00    ) |  4.445E-04 1.526E-03
    5168 2.1299E+00 4.4449E-04  ( 0.225    ,  1.953E-03,   0.00    ) |  4.445E-04 1.526E-03
    5169 2.1303E+00 4.4452E-04  ( 0.225    ,  1.953E-03,   0.00    ) |  4.445E-04 1.526E-03
    5170 2.1308E+00 4.4454E-04  ( 0.225    ,  1.953E-03,   0.00    ) |  4.445E-04 1.526E-03
    5171 2.1312E+00 4.4457E-04  ( 0.225    ,  1.953E-03,   0.00    ) |  4.446E-04 1.526E-03
    5172 2.1316E+00 4.4460E-04  ( 0.225    ,  1.953E-03,   0.00    ) |  4.446E-04 1.526E-03
    5173 2.1321E+00 4.4462E-04  ( 0.225    ,  1.953E-03,   0.00    ) |  4.446E-04 1.526E-03
    5174 2.1325E+00 4.4465E-04  ( 0.225    ,  1.953E-03,   0.00    ) |  4.447E-04 1.526E-03
    5175 2.1330E+00 4.4468E-04  ( 0.225    ,  1.953E-03,   0.00    ) |  4.447E-04 1.526E-03
    5176 2.1334E+00 4.4471E-04  ( 0.225    ,  1.953E-03,   0.00    ) |  4.447E-04 1.526E-03
    5177 2.1339E+00 4.4473E-04  ( 0.225    ,  1.953E-03,   0.00    ) |  4.447E-04 1.526E-03
    5178 2.1343E+00 4.4476E-04  ( 0.225    ,  1.953E-03,   0.00    ) |  4.448E-04 1.526E-03
    5179 2.1348E+00 4.4479E-04  ( 0.225    ,  1.953E-03,   0.00    ) |  4.448E-04 1.526E-03
    5180 2.1352E+00 4.4481E-04  ( 0.225    ,  1.953E-03,   0.00    ) |  4.448E-04 1.526E-03
    5181 2.1356E+00 4.4484E-04  ( 0.225    ,  1.953E-03,   0.00    ) |  4.448E-04 1.526E-03
    5182 2.1361E+00 4.4487E-04  ( 0.225    ,  1.953E-03,   0.00    ) |  4.449E-04 1.526E-03
    5183 2.1365E+00 4.4490E-04  ( 0.225    ,  1.953E-03,   0.00    ) |  4.449E-04 1.526E-03
    5184 2.1370E+00 4.4492E-04  ( 0.225    ,  1.953E-03,   0.00    ) |  4.449E-04 1.526E-03
    5185 2.1374E+00 4.4495E-04  ( 0.225    ,  1.953E-03,   0.00    ) |  4.450E-04 1.526E-03
    5186 2.1379E+00 4.4498E-04  ( 0.225    ,  1.953E-03,   0.00    ) |  4.450E-04 1.526E-03
    5187 2.1383E+00 4.4501E-04  ( 0.225    ,  1.953E-03,   0.00    ) |  4.450E-04 1.526E-03
    5188 2.1388E+00 4.4503E-04  ( 0.225    ,  1.953E-03,   0.00    ) |  4.450E-04 1.526E-03
    5189 2.1392E+00 4.4506E-04  ( 0.225    ,  1.953E-03,   0.00    ) |  4.451E-04 1.526E-03
    5190 2.1397E+00 4.4509E-04  ( 0.225    ,  1.953E-03,   0.00    ) |  4.451E-04 1.526E-03
    5191 2.1401E+00 4.4512E-04  ( 0.225    ,  1.953E-03,   0.00    ) |  4.451E-04 1.526E-03
    5192 2.1405E+00 4.4515E-04  ( 0.225    ,  1.953E-03,   0.00    ) |  4.451E-04 1.526E-03
    5193 2.1410E+00 4.4517E-04  ( 0.225    ,  1.953E-03,   0.00    ) |  4.452E-04 1.526E-03
    5194 2.1414E+00 4.4520E-04  ( 0.225    ,  1.953E-03,   0.00    ) |  4.452E-04 1.526E-03
    5195 2.1419E+00 4.4523E-04  ( 0.225    ,  1.953E-03,   0.00    ) |  4.452E-04 1.526E-03
    5196 2.1423E+00 4.4526E-04  ( 0.225    ,  1.953E-03,   0.00    ) |  4.453E-04 1.526E-03
    5197 2.1428E+00 4.4529E-04  ( 0.225    ,  1.953E-03,   0.00    ) |  4.453E-04 1.526E-03
    5198 2.1432E+00 4.4532E-04  ( 0.225    ,  1.953E-03,   0.00    ) |  4.453E-04 1.526E-03
    5199 2.1437E+00 4.4535E-04  ( 0.225    ,  1.953E-03,   0.00    ) |  4.453E-04 1.526E-03
    5200 2.1441E+00 4.4538E-04  ( 0.225    ,  1.953E-03,   0.00    ) |  4.454E-04 1.526E-03
    5201 2.1446E+00 4.4541E-04  ( 0.225    ,  1.953E-03,   0.00    ) |  4.454E-04 1.526E-03
    5202 2.1450E+00 4.4544E-04  ( 0.225    ,  1.953E-03,   0.00    ) |  4.454E-04 1.526E-03
    5203 2.1454E+00 4.4547E-04  ( 0.225    ,  1.953E-03,   0.00    ) |  4.455E-04 1.526E-03
    5204 2.1459E+00 4.4550E-04  ( 0.225    ,  1.953E-03,   0.00    ) |  4.455E-04 1.526E-03
    5205 2.1463E+00 4.4552E-04  ( 0.225    ,  1.953E-03,   0.00    ) |  4.455E-04 1.526E-03
    5206 2.1468E+00 4.4555E-04  ( 0.225    ,  1.953E-03,   0.00    ) |  4.456E-04 1.526E-03
    5207 2.1472E+00 4.4559E-04  ( 0.225    ,  1.953E-03,   0.00    ) |  4.456E-04 1.526E-03
    5208 2.1477E+00 4.4562E-04  ( 0.225    ,  1.953E-03,   0.00    ) |  4.456E-04 1.526E-03
    5209 2.1481E+00 4.4565E-04  ( 0.225    ,  1.953E-03,   0.00    ) |  4.456E-04 1.526E-03
    5210 2.1486E+00 4.4568E-04  ( 0.225    ,  1.953E-03,   0.00    ) |  4.457E-04 1.526E-03
    5211 2.1490E+00 4.4571E-04  ( 0.225    ,  1.953E-03,   0.00    ) |  4.457E-04 1.526E-03
    5212 2.1495E+00 4.4574E-04  ( 0.225    ,  1.953E-03,   0.00    ) |  4.457E-04 1.526E-03
    5213 2.1499E+00 4.4577E-04  ( 0.225    ,  1.953E-03,   0.00    ) |  4.458E-04 1.526E-03
 *** Wrote plotfile to flash_run_hdf5_plt_cnt_0086 ****
    5214 2.1503E+00 4.4580E-04  ( 0.225    ,  1.953E-03,   0.00    ) |  4.458E-04 1.526E-03
    5215 2.1508E+00 4.4583E-04  ( 0.225    ,  1.953E-03,   0.00    ) |  4.458E-04 1.526E-03
    5216 2.1512E+00 4.4586E-04  ( 0.225    ,  1.953E-03,   0.00    ) |  4.459E-04 1.526E-03
    5217 2.1517E+00 4.4589E-04  ( 0.225    ,  1.953E-03,   0.00    ) |  4.459E-04 1.526E-03
    5218 2.1521E+00 4.4592E-04  ( 0.225    ,  1.953E-03,   0.00    ) |  4.459E-04 1.526E-03
    5219 2.1526E+00 4.4595E-04  ( 0.225    ,  1.953E-03,   0.00    ) |  4.460E-04 1.526E-03
    5220 2.1530E+00 4.4599E-04  ( 0.225    ,  1.953E-03,   0.00    ) |  4.460E-04 1.526E-03
    5221 2.1535E+00 4.4602E-04  ( 0.225    ,  1.953E-03,   0.00    ) |  4.460E-04 1.526E-03
    5222 2.1539E+00 4.4605E-04  ( 0.225    ,  1.953E-03,   0.00    ) |  4.460E-04 1.526E-03
    5223 2.1544E+00 4.4608E-04  ( 0.225    ,  1.953E-03,   0.00    ) |  4.461E-04 1.526E-03
    5224 2.1548E+00 4.4611E-04  ( 0.225    ,  1.953E-03,   0.00    ) |  4.461E-04 1.526E-03
    5225 2.1553E+00 4.4614E-04  ( 0.225    ,  1.953E-03,   0.00    ) |  4.461E-04 1.526E-03
    5226 2.1557E+00 4.4617E-04  ( 0.225    ,  1.953E-03,   0.00    ) |  4.462E-04 1.526E-03
    5227 2.1561E+00 4.4620E-04  ( 0.225    ,  1.953E-03,   0.00    ) |  4.462E-04 1.526E-03
    5228 2.1566E+00 4.4624E-04  ( 0.225    ,  1.953E-03,   0.00    ) |  4.462E-04 1.526E-03
    5229 2.1570E+00 4.4627E-04  ( 0.225    ,  1.953E-03,   0.00    ) |  4.463E-04 1.526E-03
    5230 2.1575E+00 4.4630E-04  ( 0.225    ,  1.953E-03,   0.00    ) |  4.463E-04 1.526E-03
    5231 2.1579E+00 4.4633E-04  ( 0.225    ,  1.953E-03,   0.00    ) |  4.463E-04 1.526E-03
    5232 2.1584E+00 4.4636E-04  ( 0.225    ,  1.953E-03,   0.00    ) |  4.464E-04 1.526E-03
    5233 2.1588E+00 4.4639E-04  ( 0.225    ,  1.953E-03,   0.00    ) |  4.464E-04 1.526E-03
    5234 2.1593E+00 4.4642E-04  ( 0.225    ,  1.953E-03,   0.00    ) |  4.464E-04 1.526E-03
    5235 2.1597E+00 4.4645E-04  ( 0.225    ,  1.953E-03,   0.00    ) |  4.465E-04 1.526E-03
    5236 2.1602E+00 4.4649E-04  ( 0.225    ,  1.953E-03,   0.00    ) |  4.465E-04 1.526E-03
    5237 2.1606E+00 4.4652E-04  ( 0.225    ,  1.953E-03,   0.00    ) |  4.465E-04 1.526E-03
    5238 2.1611E+00 4.4655E-04  ( 0.225    , -1.953E-03,   0.00    ) |  4.465E-04 1.526E-03
    5239 2.1615E+00 4.4658E-04  ( 0.225    ,  1.953E-03,   0.00    ) |  4.466E-04 1.526E-03
    5240 2.1619E+00 4.4661E-04  ( 0.225    ,  1.953E-03,   0.00    ) |  4.466E-04 1.526E-03
    5241 2.1624E+00 4.4664E-04  ( 0.225    ,  1.953E-03,   0.00    ) |  4.466E-04 1.526E-03
    5242 2.1628E+00 4.4667E-04  ( 0.225    ,  1.953E-03,   0.00    ) |  4.467E-04 1.526E-03
    5243 2.1633E+00 4.4670E-04  ( 0.225    , -1.953E-03,   0.00    ) |  4.467E-04 1.526E-03
    5244 2.1637E+00 4.4673E-04  ( 0.225    ,  1.953E-03,   0.00    ) |  4.467E-04 1.526E-03
    5245 2.1642E+00 4.4676E-04  ( 0.225    ,  1.953E-03,   0.00    ) |  4.468E-04 1.526E-03
    5246 2.1646E+00 4.4679E-04  ( 0.225    ,  1.953E-03,   0.00    ) |  4.468E-04 1.526E-03
    5247 2.1651E+00 4.4682E-04  ( 0.225    ,  1.953E-03,   0.00    ) |  4.468E-04 1.526E-03
    5248 2.1655E+00 4.4686E-04  ( 0.225    ,  1.953E-03,   0.00    ) |  4.469E-04 1.526E-03
    5249 2.1660E+00 4.4689E-04  ( 0.225    ,  1.953E-03,   0.00    ) |  4.469E-04 1.526E-03
    5250 2.1664E+00 4.4692E-04  ( 0.225    ,  1.953E-03,   0.00    ) |  4.469E-04 1.526E-03
    5251 2.1669E+00 4.4695E-04  ( 0.225    ,  1.953E-03,   0.00    ) |  4.469E-04 1.526E-03
    5252 2.1673E+00 4.4698E-04  ( 0.225    ,  1.953E-03,   0.00    ) |  4.470E-04 1.526E-03
    5253 2.1678E+00 4.4701E-04  ( 0.225    ,  1.953E-03,   0.00    ) |  4.470E-04 1.526E-03
    5254 2.1682E+00 4.4704E-04  ( 0.225    ,  1.953E-03,   0.00    ) |  4.470E-04 1.526E-03
    5255 2.1686E+00 4.4707E-04  ( 0.225    ,  1.953E-03,   0.00    ) |  4.471E-04 1.526E-03
    5256 2.1691E+00 4.4710E-04  ( 0.225    ,  1.953E-03,   0.00    ) |  4.471E-04 1.526E-03
    5257 2.1695E+00 4.4713E-04  ( 0.225    ,  1.953E-03,   0.00    ) |  4.471E-04 1.526E-03
    5258 2.1700E+00 4.4716E-04  ( 0.225    ,  1.953E-03,   0.00    ) |  4.472E-04 1.526E-03
    5259 2.1704E+00 4.4719E-04  ( 0.225    ,  1.953E-03,   0.00    ) |  4.472E-04 1.526E-03
    5260 2.1709E+00 4.4722E-04  ( 0.225    ,  1.953E-03,   0.00    ) |  4.472E-04 1.526E-03
    5261 2.1713E+00 4.4726E-04  ( 0.225    ,  1.953E-03,   0.00    ) |  4.473E-04 1.526E-03
    5262 2.1718E+00 4.4729E-04  ( 0.225    ,  1.953E-03,   0.00    ) |  4.473E-04 1.526E-03
    5263 2.1722E+00 4.4732E-04  ( 0.225    ,  1.953E-03,   0.00    ) |  4.473E-04 1.526E-03
    5264 2.1727E+00 4.4735E-04  ( 0.225    ,  1.953E-03,   0.00    ) |  4.473E-04 1.526E-03
    5265 2.1731E+00 4.4738E-04  ( 0.225    ,  1.953E-03,   0.00    ) |  4.474E-04 1.526E-03
    5266 2.1736E+00 4.4741E-04  ( 0.225    ,  1.953E-03,   0.00    ) |  4.474E-04 1.526E-03
    5267 2.1740E+00 4.4744E-04  ( 0.225    ,  1.953E-03,   0.00    ) |  4.474E-04 1.526E-03
    5268 2.1745E+00 4.4748E-04  ( 0.225    ,  1.953E-03,   0.00    ) |  4.475E-04 1.526E-03
    5269 2.1749E+00 4.4751E-04  ( 0.225    ,  1.953E-03,   0.00    ) |  4.475E-04 1.526E-03
 *** Wrote plotfile to flash_run_hdf5_plt_cnt_0087 ****
    5270 2.1754E+00 4.4754E-04  ( 0.225    ,  1.953E-03,   0.00    ) |  4.475E-04 1.526E-03
    5271 2.1758E+00 4.4757E-04  ( 0.225    ,  1.953E-03,   0.00    ) |  4.476E-04 1.526E-03
    5272 2.1763E+00 4.4760E-04  ( 0.225    ,  1.953E-03,   0.00    ) |  4.476E-04 1.526E-03
    5273 2.1767E+00 4.4763E-04  ( 0.221    , -1.953E-03,   0.00    ) |  4.476E-04 1.526E-03
    5274 2.1771E+00 4.4767E-04  ( 0.221    , -1.953E-03,   0.00    ) |  4.477E-04 1.526E-03
    5275 2.1776E+00 4.4770E-04  ( 0.221    , -1.953E-03,   0.00    ) |  4.477E-04 1.526E-03
    5276 2.1780E+00 4.4773E-04  ( 0.221    , -1.953E-03,   0.00    ) |  4.477E-04 1.526E-03
    5277 2.1785E+00 4.4776E-04  ( 0.221    , -1.953E-03,   0.00    ) |  4.478E-04 1.526E-03
    5278 2.1789E+00 4.4779E-04  ( 0.221    , -1.953E-03,   0.00    ) |  4.478E-04 1.526E-03
    5279 2.1794E+00 4.4782E-04  ( 0.221    , -1.953E-03,   0.00    ) |  4.478E-04 1.526E-03
    5280 2.1798E+00 4.4785E-04  ( 0.221    , -1.953E-03,   0.00    ) |  4.479E-04 1.526E-03
    5281 2.1803E+00 4.4789E-04  ( 0.221    , -1.953E-03,   0.00    ) |  4.479E-04 1.526E-03
    5282 2.1807E+00 4.4792E-04  ( 0.221    , -1.953E-03,   0.00    ) |  4.479E-04 1.526E-03
    5283 2.1812E+00 4.4795E-04  ( 0.221    , -1.953E-03,   0.00    ) |  4.479E-04 1.526E-03
    5284 2.1816E+00 4.4798E-04  ( 0.221    , -1.953E-03,   0.00    ) |  4.480E-04 1.526E-03
    5285 2.1821E+00 4.4801E-04  ( 0.221    , -1.953E-03,   0.00    ) |  4.480E-04 1.526E-03
    5286 2.1825E+00 4.4804E-04  ( 0.221    , -1.953E-03,   0.00    ) |  4.480E-04 1.526E-03
    5287 2.1830E+00 4.4807E-04  ( 0.221    , -1.953E-03,   0.00    ) |  4.481E-04 1.526E-03
    5288 2.1834E+00 4.4810E-04  ( 0.221    , -1.953E-03,   0.00    ) |  4.481E-04 1.526E-03
    5289 2.1839E+00 4.4813E-04  ( 0.221    , -1.953E-03,   0.00    ) |  4.481E-04 1.526E-03
    5290 2.1843E+00 4.4816E-04  ( 0.221    , -1.953E-03,   0.00    ) |  4.482E-04 1.526E-03
    5291 2.1848E+00 4.4819E-04  ( 0.221    , -1.953E-03,   0.00    ) |  4.482E-04 1.526E-03
    5292 2.1852E+00 4.4822E-04  ( 0.221    , -1.953E-03,   0.00    ) |  4.482E-04 1.526E-03
    5293 2.1857E+00 4.4825E-04  ( 0.221    , -1.953E-03,   0.00    ) |  4.483E-04 1.526E-03
    5294 2.1861E+00 4.4828E-04  ( 0.221    , -1.953E-03,   0.00    ) |  4.483E-04 1.526E-03
    5295 2.1866E+00 4.4831E-04  ( 0.221    , -1.953E-03,   0.00    ) |  4.483E-04 1.526E-03
    5296 2.1870E+00 4.4834E-04  ( 0.221    , -1.953E-03,   0.00    ) |  4.483E-04 1.526E-03
    5297 2.1875E+00 4.4837E-04  ( 0.221    , -1.953E-03,   0.00    ) |  4.484E-04 1.526E-03
    5298 2.1879E+00 4.4839E-04  ( 0.221    , -1.953E-03,   0.00    ) |  4.484E-04 1.526E-03
    5299 2.1883E+00 4.4842E-04  ( 0.221    , -1.953E-03,   0.00    ) |  4.484E-04 1.526E-03
    5300 2.1888E+00 4.4845E-04  ( 0.221    , -1.953E-03,   0.00    ) |  4.485E-04 1.526E-03
    5301 2.1892E+00 4.4848E-04  ( 0.221    , -1.953E-03,   0.00    ) |  4.485E-04 1.526E-03
    5302 2.1897E+00 4.4851E-04  ( 0.221    , -1.953E-03,   0.00    ) |  4.485E-04 1.526E-03
    5303 2.1901E+00 4.4853E-04  ( 0.221    , -1.953E-03,   0.00    ) |  4.485E-04 1.526E-03
    5304 2.1906E+00 4.4856E-04  ( 0.221    , -1.953E-03,   0.00    ) |  4.486E-04 1.526E-03
    5305 2.1910E+00 4.4859E-04  ( 0.221    , -1.953E-03,   0.00    ) |  4.486E-04 1.526E-03
    5306 2.1915E+00 4.4862E-04  ( 0.221    , -1.953E-03,   0.00    ) |  4.486E-04 1.526E-03
    5307 2.1919E+00 4.4864E-04  ( 0.221    , -1.953E-03,   0.00    ) |  4.486E-04 1.526E-03
    5308 2.1924E+00 4.4867E-04  ( 0.221    , -1.953E-03,   0.00    ) |  4.487E-04 1.526E-03
    5309 2.1928E+00 4.4870E-04  ( 0.221    , -1.953E-03,   0.00    ) |  4.487E-04 1.526E-03
    5310 2.1933E+00 4.4872E-04  ( 0.221    , -1.953E-03,   0.00    ) |  4.487E-04 1.526E-03
    5311 2.1937E+00 4.4875E-04  ( 0.221    , -1.953E-03,   0.00    ) |  4.488E-04 1.526E-03
    5312 2.1942E+00 4.4878E-04  ( 0.221    , -1.953E-03,   0.00    ) |  4.488E-04 1.526E-03
    5313 2.1946E+00 4.4880E-04  ( 0.221    , -1.953E-03,   0.00    ) |  4.488E-04 1.526E-03
    5314 2.1951E+00 4.4883E-04  ( 0.221    , -1.953E-03,   0.00    ) |  4.488E-04 1.526E-03
    5315 2.1955E+00 4.4886E-04  ( 0.221    , -1.953E-03,   0.00    ) |  4.489E-04 1.526E-03
    5316 2.1960E+00 4.4888E-04  ( 0.221    , -1.953E-03,   0.00    ) |  4.489E-04 1.526E-03
    5317 2.1964E+00 4.4891E-04  ( 0.221    , -1.953E-03,   0.00    ) |  4.489E-04 1.526E-03
    5318 2.1969E+00 4.4894E-04  ( 0.221    , -1.953E-03,   0.00    ) |  4.489E-04 1.526E-03
    5319 2.1973E+00 4.4896E-04  ( 0.221    , -1.953E-03,   0.00    ) |  4.490E-04 1.526E-03
    5320 2.1978E+00 4.4899E-04  ( 0.221    , -1.953E-03,   0.00    ) |  4.490E-04 1.526E-03
    5321 2.1982E+00 4.4902E-04  ( 0.221    , -1.953E-03,   0.00    ) |  4.490E-04 1.526E-03
    5322 2.1987E+00 4.4905E-04  ( 0.221    , -1.953E-03,   0.00    ) |  4.490E-04 1.526E-03
    5323 2.1991E+00 4.4907E-04  ( 0.221    , -1.953E-03,   0.00    ) |  4.491E-04 1.526E-03
    5324 2.1996E+00 4.4910E-04  ( 0.221    , -1.953E-03,   0.00    ) |  4.491E-04 1.526E-03
 *** Wrote plotfile to flash_run_hdf5_plt_cnt_0088 ****
    5325 2.2000E+00 4.4913E-04  ( 0.221    , -1.953E-03,   0.00    ) |  4.491E-04 1.526E-03
    5326 2.2005E+00 4.4916E-04  ( 0.221    , -1.953E-03,   0.00    ) |  4.492E-04 1.526E-03
    5327 2.2009E+00 4.4919E-04  ( 0.221    , -1.953E-03,   0.00    ) |  4.492E-04 1.526E-03
    5328 2.2014E+00 4.4921E-04  ( 0.221    , -1.953E-03,   0.00    ) |  4.492E-04 1.526E-03
    5329 2.2018E+00 4.4924E-04  ( 0.221    , -1.953E-03,   0.00    ) |  4.492E-04 1.526E-03
    5330 2.2023E+00 4.4927E-04  ( 0.221    , -1.953E-03,   0.00    ) |  4.493E-04 1.526E-03
    5331 2.2027E+00 4.4930E-04  ( 0.221    , -1.953E-03,   0.00    ) |  4.493E-04 1.526E-03
    5332 2.2032E+00 4.4933E-04  ( 0.221    , -1.953E-03,   0.00    ) |  4.493E-04 1.526E-03
    5333 2.2036E+00 4.4936E-04  ( 0.221    , -1.953E-03,   0.00    ) |  4.494E-04 1.526E-03
    5334 2.2041E+00 4.4939E-04  ( 0.221    , -1.953E-03,   0.00    ) |  4.494E-04 1.526E-03
    5335 2.2045E+00 4.4942E-04  ( 0.221    , -1.953E-03,   0.00    ) |  4.494E-04 1.526E-03
    5336 2.2050E+00 4.4944E-04  (-0.221    ,  1.953E-03,   0.00    ) |  4.494E-04 1.526E-03
    5337 2.2054E+00 4.4947E-04  (-0.221    ,  1.953E-03,   0.00    ) |  4.495E-04 1.526E-03
    5338 2.2059E+00 4.4950E-04  ( 0.221    , -1.953E-03,   0.00    ) |  4.495E-04 1.526E-03
    5339 2.2063E+00 4.4953E-04  ( 0.221    , -1.953E-03,   0.00    ) |  4.495E-04 1.526E-03
    5340 2.2068E+00 4.4956E-04  ( 0.221    , -1.953E-03,   0.00    ) |  4.496E-04 1.526E-03
    5341 2.2072E+00 4.4959E-04  ( 0.221    , -1.953E-03,   0.00    ) |  4.496E-04 1.526E-03
    5342 2.2077E+00 4.4962E-04  (-0.221    ,  1.953E-03,   0.00    ) |  4.496E-04 1.526E-03
    5343 2.2081E+00 4.4964E-04  ( 0.221    , -1.953E-03,   0.00    ) |  4.496E-04 1.526E-03
    5344 2.2086E+00 4.4967E-04  ( 0.221    , -1.953E-03,   0.00    ) |  4.497E-04 1.526E-03
    5345 2.2090E+00 4.4970E-04  ( 0.221    , -1.953E-03,   0.00    ) |  4.497E-04 1.526E-03
    5346 2.2095E+00 4.4973E-04  ( 0.221    , -1.953E-03,   0.00    ) |  4.497E-04 1.526E-03
    5347 2.2099E+00 4.4976E-04  ( 0.221    , -1.953E-03,   0.00    ) |  4.498E-04 1.526E-03
    5348 2.2104E+00 4.4978E-04  ( 0.221    , -1.953E-03,   0.00    ) |  4.498E-04 1.526E-03
    5349 2.2108E+00 4.4981E-04  ( 0.221    , -1.953E-03,   0.00    ) |  4.498E-04 1.526E-03
    5350 2.2113E+00 4.4984E-04  ( 0.221    , -1.953E-03,   0.00    ) |  4.498E-04 1.526E-03
    5351 2.2117E+00 4.4987E-04  ( 0.221    , -1.953E-03,   0.00    ) |  4.499E-04 1.526E-03
    5352 2.2122E+00 4.4989E-04  ( 0.221    , -1.953E-03,   0.00    ) |  4.499E-04 1.526E-03
    5353 2.2126E+00 4.4992E-04  ( 0.221    , -1.953E-03,   0.00    ) |  4.499E-04 1.526E-03
    5354 2.2131E+00 4.4994E-04  ( 0.221    , -1.953E-03,   0.00    ) |  4.499E-04 1.526E-03
    5355 2.2135E+00 4.4997E-04  ( 0.221    , -1.953E-03,   0.00    ) |  4.500E-04 1.526E-03
    5356 2.2140E+00 4.4999E-04  ( 0.221    , -1.953E-03,   0.00    ) |  4.500E-04 1.526E-03
    5357 2.2144E+00 4.5002E-04  ( 0.221    , -1.953E-03,   0.00    ) |  4.500E-04 1.526E-03
    5358 2.2149E+00 4.5004E-04  ( 0.221    , -1.953E-03,   0.00    ) |  4.500E-04 1.526E-03
    5359 2.2153E+00 4.5007E-04  ( 0.221    , -1.953E-03,   0.00    ) |  4.501E-04 1.526E-03
    5360 2.2158E+00 4.5009E-04  ( 0.221    , -1.953E-03,   0.00    ) |  4.501E-04 1.526E-03
    5361 2.2162E+00 4.5011E-04  ( 0.221    , -1.953E-03,   0.00    ) |  4.501E-04 1.526E-03
    5362 2.2167E+00 4.5014E-04  ( 0.221    , -1.953E-03,   0.00    ) |  4.501E-04 1.526E-03
    5363 2.2171E+00 4.5016E-04  ( 0.221    , -1.953E-03,   0.00    ) |  4.502E-04 1.526E-03
    5364 2.2176E+00 4.5018E-04  ( 0.221    , -1.953E-03,   0.00    ) |  4.502E-04 1.526E-03
    5365 2.2180E+00 4.5020E-04  ( 0.221    , -1.953E-03,   0.00    ) |  4.502E-04 1.526E-03
    5366 2.2185E+00 4.5023E-04  ( 0.221    , -1.953E-03,   0.00    ) |  4.502E-04 1.526E-03
    5367 2.2189E+00 4.5025E-04  ( 0.221    , -1.953E-03,   0.00    ) |  4.502E-04 1.526E-03
    5368 2.2194E+00 4.5027E-04  ( 0.221    , -1.953E-03,   0.00    ) |  4.503E-04 1.526E-03
    5369 2.2198E+00 4.5029E-04  ( 0.221    , -1.953E-03,   0.00    ) |  4.503E-04 1.526E-03
    5370 2.2203E+00 4.5031E-04  ( 0.221    , -1.953E-03,   0.00    ) |  4.503E-04 1.526E-03
    5371 2.2207E+00 4.5033E-04  ( 0.221    , -1.953E-03,   0.00    ) |  4.503E-04 1.526E-03
    5372 2.2212E+00 4.5035E-04  (-0.221    ,  1.953E-03,   0.00    ) |  4.504E-04 1.526E-03
    5373 2.2216E+00 4.5038E-04  (-0.221    ,  1.953E-03,   0.00    ) |  4.504E-04 1.526E-03
    5374 2.2221E+00 4.5040E-04  (-0.221    ,  1.953E-03,   0.00    ) |  4.504E-04 1.526E-03
    5375 2.2225E+00 4.5042E-04  (-0.221    ,  1.953E-03,   0.00    ) |  4.504E-04 1.526E-03
    5376 2.2230E+00 4.5044E-04  (-0.221    ,  1.953E-03,   0.00    ) |  4.504E-04 1.526E-03
    5377 2.2234E+00 4.5046E-04  (-0.221    ,  1.953E-03,   0.00    ) |  4.505E-04 1.526E-03
    5378 2.2239E+00 4.5048E-04  (-0.221    ,  1.953E-03,   0.00    ) |  4.505E-04 1.526E-03
    5379 2.2243E+00 4.5050E-04  (-0.221    ,  1.953E-03,   0.00    ) |  4.505E-04 1.526E-03
    5380 2.2248E+00 4.5052E-04  (-0.221    ,  1.953E-03,   0.00    ) |  4.505E-04 1.526E-03
 *** Wrote plotfile to flash_run_hdf5_plt_cnt_0089 ****
    5381 2.2252E+00 4.5054E-04  (-0.221    ,  1.953E-03,   0.00    ) |  4.505E-04 1.526E-03
    5382 2.2257E+00 4.5057E-04  (-0.221    ,  1.953E-03,   0.00    ) |  4.506E-04 1.526E-03
    5383 2.2261E+00 4.5059E-04  (-0.221    ,  1.953E-03,   0.00    ) |  4.506E-04 1.526E-03
    5384 2.2266E+00 4.5061E-04  ( 0.221    , -1.953E-03,   0.00    ) |  4.506E-04 1.526E-03
    5385 2.2270E+00 4.5063E-04  ( 0.221    , -1.953E-03,   0.00    ) |  4.506E-04 1.526E-03
    5386 2.2275E+00 4.5065E-04  ( 0.221    , -1.953E-03,   0.00    ) |  4.507E-04 1.526E-03
    5387 2.2279E+00 4.5068E-04  ( 0.221    , -1.953E-03,   0.00    ) |  4.507E-04 1.526E-03
    5388 2.2284E+00 4.5070E-04  ( 0.221    , -1.953E-03,   0.00    ) |  4.507E-04 1.526E-03
    5389 2.2288E+00 4.5072E-04  ( 0.221    , -1.953E-03,   0.00    ) |  4.507E-04 1.526E-03
    5390 2.2293E+00 4.5074E-04  ( 0.221    , -1.953E-03,   0.00    ) |  4.507E-04 1.526E-03
    5391 2.2297E+00 4.5076E-04  (-0.221    ,  1.953E-03,   0.00    ) |  4.508E-04 1.526E-03
    5392 2.2302E+00 4.5079E-04  ( 0.221    , -1.953E-03,   0.00    ) |  4.508E-04 1.526E-03
    5393 2.2306E+00 4.5081E-04  (-0.221    ,  1.953E-03,   0.00    ) |  4.508E-04 1.526E-03
    5394 2.2311E+00 4.5083E-04  (-0.221    ,  1.953E-03,   0.00    ) |  4.508E-04 1.526E-03
    5395 2.2315E+00 4.5086E-04  (-0.221    ,  1.953E-03,   0.00    ) |  4.509E-04 1.526E-03
    5396 2.2320E+00 4.5088E-04  (-0.221    ,  1.953E-03,   0.00    ) |  4.509E-04 1.526E-03
    5397 2.2324E+00 4.5090E-04  (-0.221    ,  1.953E-03,   0.00    ) |  4.509E-04 1.526E-03
    5398 2.2329E+00 4.5093E-04  (-0.221    ,  1.953E-03,   0.00    ) |  4.509E-04 1.526E-03
    5399 2.2333E+00 4.5095E-04  (-0.221    ,  1.953E-03,   0.00    ) |  4.509E-04 1.526E-03
    5400 2.2338E+00 4.5097E-04  ( 0.221    , -1.953E-03,   0.00    ) |  4.510E-04 1.526E-03
    5401 2.2342E+00 4.5099E-04  (-0.221    ,  1.953E-03,   0.00    ) |  4.510E-04 1.526E-03
    5402 2.2347E+00 4.5102E-04  (-0.221    ,  1.953E-03,   0.00    ) |  4.510E-04 1.526E-03
    5403 2.2351E+00 4.5104E-04  (-0.221    ,  1.953E-03,   0.00    ) |  4.510E-04 1.526E-03
    5404 2.2356E+00 4.5106E-04  (-0.221    ,  1.953E-03,   0.00    ) |  4.511E-04 1.526E-03
    5405 2.2360E+00 4.5109E-04  (-0.221    ,  1.953E-03,   0.00    ) |  4.511E-04 1.526E-03
    5406 2.2365E+00 4.5111E-04  (-0.221    ,  1.953E-03,   0.00    ) |  4.511E-04 1.526E-03
    5407 2.2369E+00 4.5113E-04  (-0.221    ,  1.953E-03,   0.00    ) |  4.511E-04 1.526E-03
    5408 2.2374E+00 4.5115E-04  ( 0.217    , -1.953E-03,   0.00    ) |  4.512E-04 1.526E-03
    5409 2.2378E+00 4.5117E-04  ( 0.217    , -1.953E-03,   0.00    ) |  4.512E-04 1.526E-03
    5410 2.2383E+00 4.5120E-04  ( 0.217    , -1.953E-03,   0.00    ) |  4.512E-04 1.526E-03
    5411 2.2387E+00 4.5122E-04  ( 0.217    , -1.953E-03,   0.00    ) |  4.512E-04 1.526E-03
    5412 2.2392E+00 4.5124E-04  ( 0.217    , -1.953E-03,   0.00    ) |  4.512E-04 1.526E-03
    5413 2.2396E+00 4.5126E-04  ( 0.217    , -1.953E-03,   0.00    ) |  4.513E-04 1.526E-03
    5414 2.2401E+00 4.5128E-04  ( 0.217    , -1.953E-03,   0.00    ) |  4.513E-04 1.526E-03
    5415 2.2405E+00 4.5130E-04  ( 0.217    , -1.953E-03,   0.00    ) |  4.513E-04 1.526E-03
    5416 2.2410E+00 4.5132E-04  ( 0.217    , -1.953E-03,   0.00    ) |  4.513E-04 1.526E-03
    5417 2.2414E+00 4.5134E-04  ( 0.217    , -1.953E-03,   0.00    ) |  4.513E-04 1.526E-03
    5418 2.2419E+00 4.5136E-04  ( 0.217    , -1.953E-03,   0.00    ) |  4.514E-04 1.526E-03
    5419 2.2423E+00 4.5138E-04  ( 0.217    , -1.953E-03,   0.00    ) |  4.514E-04 1.526E-03
    5420 2.2428E+00 4.5140E-04  ( 0.217    , -1.953E-03,   0.00    ) |  4.514E-04 1.526E-03
    5421 2.2432E+00 4.5142E-04  ( 0.217    , -1.953E-03,   0.00    ) |  4.514E-04 1.526E-03
    5422 2.2437E+00 4.5144E-04  ( 0.217    , -1.953E-03,   0.00    ) |  4.514E-04 1.526E-03
    5423 2.2442E+00 4.5146E-04  ( 0.217    , -1.953E-03,   0.00    ) |  4.515E-04 1.526E-03
    5424 2.2446E+00 4.5148E-04  ( 0.217    , -1.953E-03,   0.00    ) |  4.515E-04 1.526E-03
    5425 2.2451E+00 4.5150E-04  ( 0.217    , -1.953E-03,   0.00    ) |  4.515E-04 1.526E-03
    5426 2.2455E+00 4.5152E-04  ( 0.217    , -1.953E-03,   0.00    ) |  4.515E-04 1.526E-03
    5427 2.2460E+00 4.5153E-04  ( 0.217    , -1.953E-03,   0.00    ) |  4.515E-04 1.526E-03
    5428 2.2464E+00 4.5155E-04  ( 0.217    , -1.953E-03,   0.00    ) |  4.516E-04 1.526E-03
    5429 2.2469E+00 4.5157E-04  ( 0.217    , -1.953E-03,   0.00    ) |  4.516E-04 1.526E-03
    5430 2.2473E+00 4.5159E-04  ( 0.217    , -1.953E-03,   0.00    ) |  4.516E-04 1.526E-03
    5431 2.2478E+00 4.5161E-04  ( 0.217    , -1.953E-03,   0.00    ) |  4.516E-04 1.526E-03
    5432 2.2482E+00 4.5163E-04  ( 0.217    , -1.953E-03,   0.00    ) |  4.516E-04 1.526E-03
    5433 2.2487E+00 4.5165E-04  ( 0.217    , -1.953E-03,   0.00    ) |  4.516E-04 1.526E-03
    5434 2.2491E+00 4.5167E-04  ( 0.217    , -1.953E-03,   0.00    ) |  4.517E-04 1.526E-03
    5435 2.2496E+00 4.5168E-04  ( 0.217    , -1.953E-03,   0.00    ) |  4.517E-04 1.526E-03
 *** Wrote plotfile to flash_run_hdf5_plt_cnt_0090 ****
    5436 2.2500E+00 4.5170E-04  ( 0.217    , -1.953E-03,   0.00    ) |  4.517E-04 1.526E-03
    5437 2.2505E+00 4.5172E-04  ( 0.217    , -1.953E-03,   0.00    ) |  4.517E-04 1.526E-03
    5438 2.2509E+00 4.5174E-04  ( 0.217    , -1.953E-03,   0.00    ) |  4.517E-04 1.526E-03
    5439 2.2514E+00 4.5176E-04  ( 0.217    , -1.953E-03,   0.00    ) |  4.518E-04 1.526E-03
    5440 2.2518E+00 4.5178E-04  ( 0.217    , -1.953E-03,   0.00    ) |  4.518E-04 1.526E-03
    5441 2.2523E+00 4.5180E-04  ( 0.217    , -1.953E-03,   0.00    ) |  4.518E-04 1.526E-03
    5442 2.2527E+00 4.5182E-04  ( 0.217    , -1.953E-03,   0.00    ) |  4.518E-04 1.526E-03
    5443 2.2532E+00 4.5184E-04  ( 0.217    , -1.953E-03,   0.00    ) |  4.518E-04 1.526E-03
    5444 2.2536E+00 4.5185E-04  ( 0.217    , -1.953E-03,   0.00    ) |  4.519E-04 1.526E-03
    5445 2.2541E+00 4.5187E-04  ( 0.217    , -1.953E-03,   0.00    ) |  4.519E-04 1.526E-03
    5446 2.2545E+00 4.5189E-04  ( 0.217    , -1.953E-03,   0.00    ) |  4.519E-04 1.526E-03
    5447 2.2550E+00 4.5191E-04  ( 0.217    , -1.953E-03,   0.00    ) |  4.519E-04 1.526E-03
    5448 2.2554E+00 4.5193E-04  ( 0.217    , -1.953E-03,   0.00    ) |  4.519E-04 1.526E-03
    5449 2.2559E+00 4.5195E-04  ( 0.217    , -1.953E-03,   0.00    ) |  4.520E-04 1.526E-03
    5450 2.2563E+00 4.5197E-04  ( 0.217    , -1.953E-03,   0.00    ) |  4.520E-04 1.526E-03
    5451 2.2568E+00 4.5199E-04  ( 0.217    , -1.953E-03,   0.00    ) |  4.520E-04 1.526E-03
    5452 2.2573E+00 4.5201E-04  ( 0.217    , -1.953E-03,   0.00    ) |  4.520E-04 1.526E-03
    5453 2.2577E+00 4.5203E-04  ( 0.217    , -1.953E-03,   0.00    ) |  4.520E-04 1.526E-03
    5454 2.2582E+00 4.5205E-04  ( 0.217    , -1.953E-03,   0.00    ) |  4.520E-04 1.526E-03
    5455 2.2586E+00 4.5207E-04  ( 0.217    , -1.953E-03,   0.00    ) |  4.521E-04 1.526E-03
    5456 2.2591E+00 4.5209E-04  ( 0.217    , -1.953E-03,   0.00    ) |  4.521E-04 1.526E-03
    5457 2.2595E+00 4.5211E-04  ( 0.217    , -1.953E-03,   0.00    ) |  4.521E-04 1.526E-03
    5458 2.2600E+00 4.5213E-04  ( 0.217    , -1.953E-03,   0.00    ) |  4.521E-04 1.526E-03
    5459 2.2604E+00 4.5215E-04  ( 0.217    , -1.953E-03,   0.00    ) |  4.521E-04 1.526E-03
    5460 2.2609E+00 4.5217E-04  ( 0.217    , -1.953E-03,   0.00    ) |  4.522E-04 1.526E-03
    5461 2.2613E+00 4.5218E-04  ( 0.217    , -1.953E-03,   0.00    ) |  4.522E-04 1.526E-03
    5462 2.2618E+00 4.5220E-04  ( 0.217    , -1.953E-03,   0.00    ) |  4.522E-04 1.526E-03
    5463 2.2622E+00 4.5222E-04  ( 0.217    , -1.953E-03,   0.00    ) |  4.522E-04 1.526E-03
    5464 2.2627E+00 4.5224E-04  ( 0.217    , -1.953E-03,   0.00    ) |  4.522E-04 1.526E-03
    5465 2.2631E+00 4.5226E-04  ( 0.217    , -1.953E-03,   0.00    ) |  4.523E-04 1.526E-03
    5466 2.2636E+00 4.5228E-04  (-0.217    ,  1.953E-03,   0.00    ) |  4.523E-04 1.526E-03
    5467 2.2640E+00 4.5230E-04  (-0.217    ,  1.953E-03,   0.00    ) |  4.523E-04 1.526E-03
    5468 2.2645E+00 4.5232E-04  (-0.217    ,  1.953E-03,   0.00    ) |  4.523E-04 1.526E-03
    5469 2.2649E+00 4.5234E-04  (-0.217    ,  1.953E-03,   0.00    ) |  4.523E-04 1.526E-03
    5470 2.2654E+00 4.5236E-04  (-0.217    ,  1.953E-03,   0.00    ) |  4.524E-04 1.526E-03
    5471 2.2658E+00 4.5237E-04  ( 0.217    , -1.953E-03,   0.00    ) |  4.524E-04 1.526E-03
    5472 2.2663E+00 4.5239E-04  (-0.217    ,  1.953E-03,   0.00    ) |  4.524E-04 1.526E-03
    5473 2.2667E+00 4.5241E-04  ( 0.217    , -1.953E-03,   0.00    ) |  4.524E-04 1.526E-03
    5474 2.2672E+00 4.5243E-04  (-0.217    ,  1.953E-03,   0.00    ) |  4.524E-04 1.526E-03
    5475 2.2677E+00 4.5245E-04  ( 0.217    , -1.953E-03,   0.00    ) |  4.524E-04 1.526E-03
    5476 2.2681E+00 4.5246E-04  (-0.217    ,  1.953E-03,   0.00    ) |  4.525E-04 1.526E-03
    5477 2.2686E+00 4.5248E-04  ( 0.217    , -1.953E-03,   0.00    ) |  4.525E-04 1.526E-03
    5478 2.2690E+00 4.5250E-04  (-0.217    ,  1.953E-03,   0.00    ) |  4.525E-04 1.526E-03
    5479 2.2695E+00 4.5252E-04  (-0.217    ,  1.953E-03,   0.00    ) |  4.525E-04 1.526E-03
    5480 2.2699E+00 4.5253E-04  (-0.217    ,  1.953E-03,   0.00    ) |  4.525E-04 1.526E-03
    5481 2.2704E+00 4.5255E-04  (-0.217    ,  1.953E-03,   0.00    ) |  4.525E-04 1.526E-03
    5482 2.2708E+00 4.5257E-04  (-0.217    ,  1.953E-03,   0.00    ) |  4.526E-04 1.526E-03
    5483 2.2713E+00 4.5258E-04  (-0.217    ,  1.953E-03,   0.00    ) |  4.526E-04 1.526E-03
    5484 2.2717E+00 4.5260E-04  (-0.217    ,  1.953E-03,   0.00    ) |  4.526E-04 1.526E-03
    5485 2.2722E+00 4.5261E-04  (-0.217    ,  1.953E-03,   0.00    ) |  4.526E-04 1.526E-03
    5486 2.2726E+00 4.5263E-04  (-0.217    ,  1.953E-03,   0.00    ) |  4.526E-04 1.526E-03
    5487 2.2731E+00 4.5264E-04  (-0.217    ,  1.953E-03,   0.00    ) |  4.526E-04 1.526E-03
    5488 2.2735E+00 4.5266E-04  (-0.217    ,  1.953E-03,   0.00    ) |  4.527E-04 1.526E-03
    5489 2.2740E+00 4.5267E-04  (-0.217    ,  1.953E-03,   0.00    ) |  4.527E-04 1.526E-03
    5490 2.2744E+00 4.5269E-04  (-0.217    ,  1.953E-03,   0.00    ) |  4.527E-04 1.526E-03
    5491 2.2749E+00 4.5270E-04  (-0.217    ,  1.953E-03,   0.00    ) |  4.527E-04 1.526E-03
 *** Wrote plotfile to flash_run_hdf5_plt_cnt_0091 ****
    5492 2.2753E+00 4.5272E-04  (-0.217    ,  1.953E-03,   0.00    ) |  4.527E-04 1.526E-03
    5493 2.2758E+00 4.5273E-04  (-0.217    ,  1.953E-03,   0.00    ) |  4.527E-04 1.526E-03
    5494 2.2763E+00 4.5275E-04  (-0.217    ,  1.953E-03,   0.00    ) |  4.527E-04 1.526E-03
    5495 2.2767E+00 4.5276E-04  (-0.217    ,  1.953E-03,   0.00    ) |  4.528E-04 1.526E-03
    5496 2.2772E+00 4.5278E-04  (-0.217    ,  1.953E-03,   0.00    ) |  4.528E-04 1.526E-03
    5497 2.2776E+00 4.5279E-04  (-0.217    ,  1.953E-03,   0.00    ) |  4.528E-04 1.526E-03
    5498 2.2781E+00 4.5280E-04  (-0.217    ,  1.953E-03,   0.00    ) |  4.528E-04 1.526E-03
    5499 2.2785E+00 4.5282E-04  (-0.217    ,  1.953E-03,   0.00    ) |  4.528E-04 1.526E-03
    5500 2.2790E+00 4.5283E-04  (-0.217    ,  1.953E-03,   0.00    ) |  4.528E-04 1.526E-03
    5501 2.2794E+00 4.5284E-04  (-0.217    ,  1.953E-03,   0.00    ) |  4.528E-04 1.526E-03
    5502 2.2799E+00 4.5286E-04  (-0.217    ,  1.953E-03,   0.00    ) |  4.529E-04 1.526E-03
    5503 2.2803E+00 4.5287E-04  (-0.217    ,  1.953E-03,   0.00    ) |  4.529E-04 1.526E-03
    5504 2.2808E+00 4.5288E-04  (-0.217    ,  1.953E-03,   0.00    ) |  4.529E-04 1.526E-03
    5505 2.2812E+00 4.5290E-04  (-0.217    ,  1.953E-03,   0.00    ) |  4.529E-04 1.526E-03
    5506 2.2817E+00 4.5291E-04  (-0.217    ,  1.953E-03,   0.00    ) |  4.529E-04 1.526E-03
    5507 2.2821E+00 4.5292E-04  (-0.217    ,  1.953E-03,   0.00    ) |  4.529E-04 1.526E-03
    5508 2.2826E+00 4.5294E-04  (-0.217    ,  1.953E-03,   0.00    ) |  4.529E-04 1.526E-03
    5509 2.2830E+00 4.5295E-04  (-0.217    ,  1.953E-03,   0.00    ) |  4.530E-04 1.526E-03
    5510 2.2835E+00 4.5297E-04  (-0.217    ,  1.953E-03,   0.00    ) |  4.530E-04 1.526E-03
    5511 2.2840E+00 4.5298E-04  (-0.217    ,  1.953E-03,   0.00    ) |  4.530E-04 1.526E-03
    5512 2.2844E+00 4.5299E-04  (-0.217    ,  1.953E-03,   0.00    ) |  4.530E-04 1.526E-03
    5513 2.2849E+00 4.5301E-04  (-0.217    ,  1.953E-03,   0.00    ) |  4.530E-04 1.526E-03
    5514 2.2853E+00 4.5302E-04  (-0.217    ,  1.953E-03,   0.00    ) |  4.530E-04 1.526E-03
    5515 2.2858E+00 4.5304E-04  (-0.217    ,  1.953E-03,   0.00    ) |  4.530E-04 1.526E-03
    5516 2.2862E+00 4.5305E-04  ( 0.217    , -1.953E-03,   0.00    ) |  4.531E-04 1.526E-03
    5517 2.2867E+00 4.5306E-04  ( 0.217    , -1.953E-03,   0.00    ) |  4.531E-04 1.526E-03
    5518 2.2871E+00 4.5308E-04  ( 0.217    , -1.953E-03,   0.00    ) |  4.531E-04 1.526E-03
    5519 2.2876E+00 4.5310E-04  ( 0.217    , -1.953E-03,   0.00    ) |  4.531E-04 1.526E-03
    5520 2.2880E+00 4.5311E-04  ( 0.217    , -1.953E-03,   0.00    ) |  4.531E-04 1.526E-03
    5521 2.2885E+00 4.5313E-04  ( 0.217    , -1.953E-03,   0.00    ) |  4.531E-04 1.526E-03
    5522 2.2889E+00 4.5314E-04  ( 0.217    , -1.953E-03,   0.00    ) |  4.531E-04 1.526E-03
    5523 2.2894E+00 4.5316E-04  ( 0.217    , -1.953E-03,   0.00    ) |  4.532E-04 1.526E-03
    5524 2.2898E+00 4.5317E-04  ( 0.217    , -1.953E-03,   0.00    ) |  4.532E-04 1.526E-03
    5525 2.2903E+00 4.5319E-04  ( 0.217    , -1.953E-03,   0.00    ) |  4.532E-04 1.526E-03
    5526 2.2907E+00 4.5321E-04  ( 0.217    , -1.953E-03,   0.00    ) |  4.532E-04 1.526E-03
    5527 2.2912E+00 4.5322E-04  (-0.217    ,  1.953E-03,   0.00    ) |  4.532E-04 1.526E-03
    5528 2.2917E+00 4.5324E-04  (-0.217    ,  1.953E-03,   0.00    ) |  4.532E-04 1.526E-03
    5529 2.2921E+00 4.5326E-04  (-0.217    ,  1.953E-03,   0.00    ) |  4.533E-04 1.526E-03
    5530 2.2926E+00 4.5327E-04  ( 0.217    , -1.953E-03,   0.00    ) |  4.533E-04 1.526E-03
    5531 2.2930E+00 4.5329E-04  (-0.217    ,  1.953E-03,   0.00    ) |  4.533E-04 1.526E-03
    5532 2.2935E+00 4.5331E-04  ( 0.217    , -1.953E-03,   0.00    ) |  4.533E-04 1.526E-03
    5533 2.2939E+00 4.5332E-04  (-0.217    ,  1.953E-03,   0.00    ) |  4.533E-04 1.526E-03
    5534 2.2944E+00 4.5334E-04  (-0.217    ,  1.953E-03,   0.00    ) |  4.533E-04 1.526E-03
    5535 2.2948E+00 4.5336E-04  (-0.217    ,  1.953E-03,   0.00    ) |  4.534E-04 1.526E-03
    5536 2.2953E+00 4.5338E-04  (-0.217    ,  1.953E-03,   0.00    ) |  4.534E-04 1.526E-03
    5537 2.2957E+00 4.5339E-04  (-0.217    ,  1.953E-03,   0.00    ) |  4.534E-04 1.526E-03
    5538 2.2962E+00 4.5341E-04  (-0.217    ,  1.953E-03,   0.00    ) |  4.534E-04 1.526E-03
    5539 2.2966E+00 4.5343E-04  ( 0.217    , -1.953E-03,   0.00    ) |  4.534E-04 1.526E-03
    5540 2.2971E+00 4.5345E-04  ( 0.217    , -1.953E-03,   0.00    ) |  4.534E-04 1.526E-03
    5541 2.2975E+00 4.5346E-04  ( 0.217    , -1.953E-03,   0.00    ) |  4.535E-04 1.526E-03
    5542 2.2980E+00 4.5348E-04  ( 0.217    , -1.953E-03,   0.00    ) |  4.535E-04 1.526E-03
    5543 2.2985E+00 4.5350E-04  ( 0.217    , -1.953E-03,   0.00    ) |  4.535E-04 1.526E-03
    5544 2.2989E+00 4.5351E-04  ( 0.217    , -1.953E-03,   0.00    ) |  4.535E-04 1.526E-03
    5545 2.2994E+00 4.5353E-04  ( 0.217    , -1.953E-03,   0.00    ) |  4.535E-04 1.526E-03
    5546 2.2998E+00 4.5355E-04  (-0.217    ,  1.953E-03,   0.00    ) |  4.535E-04 1.526E-03
 *** Wrote plotfile to flash_run_hdf5_plt_cnt_0092 ****
    5547 2.3003E+00 4.5356E-04  ( 0.217    , -1.953E-03,   0.00    ) |  4.536E-04 1.526E-03
    5548 2.3007E+00 4.5358E-04  ( 0.217    , -1.953E-03,   0.00    ) |  4.536E-04 1.526E-03
    5549 2.3012E+00 4.5360E-04  ( 0.217    , -1.953E-03,   0.00    ) |  4.536E-04 1.526E-03
    5550 2.3016E+00 4.5361E-04  ( 0.217    , -1.953E-03,   0.00    ) |  4.536E-04 1.526E-03
    5551 2.3021E+00 4.5363E-04  ( 0.217    , -1.953E-03,   0.00    ) |  4.536E-04 1.526E-03
    5552 2.3025E+00 4.5365E-04  ( 0.217    , -1.953E-03,   0.00    ) |  4.536E-04 1.526E-03
    5553 2.3030E+00 4.5366E-04  ( 0.217    , -1.953E-03,   0.00    ) |  4.537E-04 1.526E-03
    5554 2.3034E+00 4.5368E-04  ( 0.217    , -1.953E-03,   0.00    ) |  4.537E-04 1.526E-03
    5555 2.3039E+00 4.5369E-04  ( 0.217    , -1.953E-03,   0.00    ) |  4.537E-04 1.526E-03
    5556 2.3043E+00 4.5371E-04  ( 0.217    , -1.953E-03,   0.00    ) |  4.537E-04 1.526E-03
    5557 2.3048E+00 4.5372E-04  ( 0.213    , -1.953E-03,   0.00    ) |  4.537E-04 1.526E-03
    5558 2.3053E+00 4.5374E-04  ( 0.213    , -1.953E-03,   0.00    ) |  4.537E-04 1.526E-03
    5559 2.3057E+00 4.5375E-04  ( 0.213    , -1.953E-03,   0.00    ) |  4.538E-04 1.526E-03
    5560 2.3062E+00 4.5377E-04  ( 0.213    , -1.953E-03,   0.00    ) |  4.538E-04 1.526E-03
    5561 2.3066E+00 4.5378E-04  ( 0.213    , -1.953E-03,   0.00    ) |  4.538E-04 1.526E-03
    5562 2.3071E+00 4.5380E-04  ( 0.213    , -1.953E-03,   0.00    ) |  4.538E-04 1.526E-03
    5563 2.3075E+00 4.5381E-04  ( 0.213    , -1.953E-03,   0.00    ) |  4.538E-04 1.526E-03
    5564 2.3080E+00 4.5383E-04  ( 0.213    , -1.953E-03,   0.00    ) |  4.538E-04 1.526E-03
    5565 2.3084E+00 4.5384E-04  ( 0.213    , -1.953E-03,   0.00    ) |  4.538E-04 1.526E-03
    5566 2.3089E+00 4.5386E-04  ( 0.213    , -1.953E-03,   0.00    ) |  4.539E-04 1.526E-03
    5567 2.3093E+00 4.5387E-04  ( 0.213    , -1.953E-03,   0.00    ) |  4.539E-04 1.526E-03
    5568 2.3098E+00 4.5389E-04  ( 0.213    , -1.953E-03,   0.00    ) |  4.539E-04 1.526E-03
    5569 2.3102E+00 4.5390E-04  ( 0.213    , -1.953E-03,   0.00    ) |  4.539E-04 1.526E-03
    5570 2.3107E+00 4.5392E-04  ( 0.213    , -1.953E-03,   0.00    ) |  4.539E-04 1.526E-03
    5571 2.3112E+00 4.5394E-04  ( 0.213    , -1.953E-03,   0.00    ) |  4.539E-04 1.526E-03
    5572 2.3116E+00 4.5395E-04  (-0.213    ,  1.953E-03,   0.00    ) |  4.540E-04 1.526E-03
    5573 2.3121E+00 4.5397E-04  ( 0.213    , -1.953E-03,   0.00    ) |  4.540E-04 1.526E-03
    5574 2.3125E+00 4.5399E-04  ( 0.213    , -1.953E-03,   0.00    ) |  4.540E-04 1.526E-03
    5575 2.3130E+00 4.5401E-04  ( 0.213    , -1.953E-03,   0.00    ) |  4.540E-04 1.526E-03
    5576 2.3134E+00 4.5403E-04  ( 0.213    , -1.953E-03,   0.00    ) |  4.540E-04 1.526E-03
    5577 2.3139E+00 4.5404E-04  ( 0.213    , -1.953E-03,   0.00    ) |  4.540E-04 1.526E-03
    5578 2.3143E+00 4.5406E-04  ( 0.213    , -1.953E-03,   0.00    ) |  4.541E-04 1.526E-03
    5579 2.3148E+00 4.5408E-04  (-0.217    ,  1.953E-03,   0.00    ) |  4.541E-04 1.526E-03
    5580 2.3152E+00 4.5410E-04  ( 0.217    , -1.953E-03,   0.00    ) |  4.541E-04 1.526E-03
    5581 2.3157E+00 4.5412E-04  (-0.217    ,  1.953E-03,   0.00    ) |  4.541E-04 1.526E-03
    5582 2.3162E+00 4.5414E-04  (-0.217    ,  1.953E-03,   0.00    ) |  4.541E-04 1.526E-03
    5583 2.3166E+00 4.5416E-04  ( 0.217    , -1.953E-03,   0.00    ) |  4.542E-04 1.526E-03
    5584 2.3171E+00 4.5418E-04  (-0.217    ,  1.953E-03,   0.00    ) |  4.542E-04 1.526E-03
    5585 2.3175E+00 4.5421E-04  ( 0.217    , -1.953E-03,   0.00    ) |  4.542E-04 1.526E-03
    5586 2.3180E+00 4.5423E-04  ( 0.217    , -1.953E-03,   0.00    ) |  4.542E-04 1.526E-03
    5587 2.3184E+00 4.5425E-04  ( 0.217    , -1.953E-03,   0.00    ) |  4.542E-04 1.526E-03
    5588 2.3189E+00 4.5427E-04  ( 0.217    , -1.953E-03,   0.00    ) |  4.543E-04 1.526E-03
    5589 2.3193E+00 4.5429E-04  ( 0.217    , -1.953E-03,   0.00    ) |  4.543E-04 1.526E-03
    5590 2.3198E+00 4.5432E-04  ( 0.217    , -1.953E-03,   0.00    ) |  4.543E-04 1.526E-03
    5591 2.3202E+00 4.5434E-04  ( 0.217    , -1.953E-03,   0.00    ) |  4.543E-04 1.526E-03
    5592 2.3207E+00 4.5436E-04  ( 0.217    , -1.953E-03,   0.00    ) |  4.544E-04 1.526E-03
    5593 2.3211E+00 4.5439E-04  ( 0.217    , -1.953E-03,   0.00    ) |  4.544E-04 1.526E-03
    5594 2.3216E+00 4.5441E-04  ( 0.213    , -1.953E-03,   0.00    ) |  4.544E-04 1.526E-03
    5595 2.3221E+00 4.5443E-04  ( 0.213    , -1.953E-03,   0.00    ) |  4.544E-04 1.526E-03
    5596 2.3225E+00 4.5446E-04  ( 0.213    , -1.953E-03,   0.00    ) |  4.545E-04 1.526E-03
    5597 2.3230E+00 4.5448E-04  (-0.213    ,  1.953E-03,   0.00    ) |  4.545E-04 1.526E-03
    5598 2.3234E+00 4.5450E-04  (-0.213    ,  1.953E-03,   0.00    ) |  4.545E-04 1.526E-03
    5599 2.3239E+00 4.5452E-04  (-0.213    ,  1.953E-03,   0.00    ) |  4.545E-04 1.526E-03
    5600 2.3243E+00 4.5454E-04  (-0.213    ,  1.953E-03,   0.00    ) |  4.545E-04 1.526E-03
    5601 2.3248E+00 4.5457E-04  (-0.213    ,  1.953E-03,   0.00    ) |  4.546E-04 1.526E-03
 *** Wrote plotfile to flash_run_hdf5_plt_cnt_0093 ****
    5602 2.3252E+00 4.5459E-04  (-0.213    ,  1.953E-03,   0.00    ) |  4.546E-04 1.526E-03
    5603 2.3257E+00 4.5461E-04  (-0.213    ,  1.953E-03,   0.00    ) |  4.546E-04 1.526E-03
    5604 2.3261E+00 4.5463E-04  (-0.213    ,  1.953E-03,   0.00    ) |  4.546E-04 1.526E-03
    5605 2.3266E+00 4.5465E-04  (-0.213    ,  1.953E-03,   0.00    ) |  4.547E-04 1.526E-03
    5606 2.3271E+00 4.5467E-04  (-0.213    ,  1.953E-03,   0.00    ) |  4.547E-04 1.526E-03
    5607 2.3275E+00 4.5469E-04  (-0.213    ,  1.953E-03,   0.00    ) |  4.547E-04 1.526E-03
    5608 2.3280E+00 4.5471E-04  (-0.213    ,  1.953E-03,   0.00    ) |  4.547E-04 1.526E-03
    5609 2.3284E+00 4.5473E-04  (-0.213    ,  1.953E-03,   0.00    ) |  4.547E-04 1.526E-03
    5610 2.3289E+00 4.5475E-04  (-0.213    ,  1.953E-03,   0.00    ) |  4.548E-04 1.526E-03
    5611 2.3293E+00 4.5477E-04  (-0.213    ,  1.953E-03,   0.00    ) |  4.548E-04 1.526E-03
    5612 2.3298E+00 4.5479E-04  (-0.213    ,  1.953E-03,   0.00    ) |  4.548E-04 1.526E-03
    5613 2.3302E+00 4.5481E-04  (-0.213    ,  1.953E-03,   0.00    ) |  4.548E-04 1.526E-03
    5614 2.3307E+00 4.5482E-04  (-0.213    ,  1.953E-03,   0.00    ) |  4.548E-04 1.526E-03
    5615 2.3311E+00 4.5484E-04  (-0.213    ,  1.953E-03,   0.00    ) |  4.548E-04 1.526E-03
    5616 2.3316E+00 4.5486E-04  (-0.213    ,  1.953E-03,   0.00    ) |  4.549E-04 1.526E-03
    5617 2.3321E+00 4.5488E-04  (-0.213    ,  1.953E-03,   0.00    ) |  4.549E-04 1.526E-03
    5618 2.3325E+00 4.5489E-04  (-0.213    ,  1.953E-03,   0.00    ) |  4.549E-04 1.526E-03
    5619 2.3330E+00 4.5491E-04  (-0.213    ,  1.953E-03,   0.00    ) |  4.549E-04 1.526E-03
    5620 2.3334E+00 4.5493E-04  (-0.213    ,  1.953E-03,   0.00    ) |  4.549E-04 1.526E-03
    5621 2.3339E+00 4.5495E-04  (-0.213    ,  1.953E-03,   0.00    ) |  4.549E-04 1.526E-03
    5622 2.3343E+00 4.5496E-04  (-0.213    ,  1.953E-03,   0.00    ) |  4.550E-04 1.526E-03
    5623 2.3348E+00 4.5498E-04  (-0.213    ,  1.953E-03,   0.00    ) |  4.550E-04 1.526E-03
    5624 2.3352E+00 4.5499E-04  (-0.213    ,  1.953E-03,   0.00    ) |  4.550E-04 1.526E-03
    5625 2.3357E+00 4.5501E-04  (-0.213    ,  1.953E-03,   0.00    ) |  4.550E-04 1.526E-03
    5626 2.3362E+00 4.5503E-04  (-0.213    ,  1.953E-03,   0.00    ) |  4.550E-04 1.526E-03
    5627 2.3366E+00 4.5504E-04  ( 0.213    , -1.953E-03,   0.00    ) |  4.550E-04 1.526E-03
    5628 2.3371E+00 4.5506E-04  (-0.213    ,  1.953E-03,   0.00    ) |  4.551E-04 1.526E-03
    5629 2.3375E+00 4.5508E-04  (-0.213    ,  1.953E-03,   0.00    ) |  4.551E-04 1.526E-03
    5630 2.3380E+00 4.5509E-04  (-0.213    ,  1.953E-03,   0.00    ) |  4.551E-04 1.526E-03
    5631 2.3384E+00 4.5511E-04  (-0.213    ,  1.953E-03,   0.00    ) |  4.551E-04 1.526E-03
    5632 2.3389E+00 4.5512E-04  (-0.213    ,  1.953E-03,   0.00    ) |  4.551E-04 1.526E-03
    5633 2.3393E+00 4.5514E-04  ( 0.213    , -1.953E-03,   0.00    ) |  4.551E-04 1.526E-03
    5634 2.3398E+00 4.5516E-04  ( 0.213    , -1.953E-03,   0.00    ) |  4.552E-04 1.526E-03
    5635 2.3402E+00 4.5517E-04  ( 0.213    , -1.953E-03,   0.00    ) |  4.552E-04 1.526E-03
    5636 2.3407E+00 4.5519E-04  ( 0.213    , -1.953E-03,   0.00    ) |  4.552E-04 1.526E-03
    5637 2.3412E+00 4.5521E-04  (-0.213    ,  1.953E-03,   0.00    ) |  4.552E-04 1.526E-03
    5638 2.3416E+00 4.5523E-04  (-0.213    ,  1.953E-03,   0.00    ) |  4.552E-04 1.526E-03
    5639 2.3421E+00 4.5524E-04  (-0.213    ,  1.953E-03,   0.00    ) |  4.552E-04 1.526E-03
    5640 2.3425E+00 4.5526E-04  (-0.213    ,  1.953E-03,   0.00    ) |  4.553E-04 1.526E-03
    5641 2.3430E+00 4.5528E-04  (-0.213    ,  1.953E-03,   0.00    ) |  4.553E-04 1.526E-03
    5642 2.3434E+00 4.5530E-04  (-0.213    ,  1.953E-03,   0.00    ) |  4.553E-04 1.526E-03
    5643 2.3439E+00 4.5531E-04  (-0.213    ,  1.953E-03,   0.00    ) |  4.553E-04 1.526E-03
    5644 2.3443E+00 4.5533E-04  (-0.213    ,  1.953E-03,   0.00    ) |  4.553E-04 1.526E-03
    5645 2.3448E+00 4.5535E-04  (-0.213    ,  1.953E-03,   0.00    ) |  4.554E-04 1.526E-03
    5646 2.3453E+00 4.5537E-04  (-0.213    ,  1.953E-03,   0.00    ) |  4.554E-04 1.526E-03
    5647 2.3457E+00 4.5539E-04  (-0.213    ,  1.953E-03,   0.00    ) |  4.554E-04 1.526E-03
    5648 2.3462E+00 4.5541E-04  (-0.213    ,  1.953E-03,   0.00    ) |  4.554E-04 1.526E-03
    5649 2.3466E+00 4.5543E-04  ( 0.213    , -1.953E-03,   0.00    ) |  4.554E-04 1.526E-03
    5650 2.3471E+00 4.5545E-04  (-0.213    ,  1.953E-03,   0.00    ) |  4.554E-04 1.526E-03
    5651 2.3475E+00 4.5547E-04  (-0.213    , -1.953E-03,   0.00    ) |  4.555E-04 1.526E-03
    5652 2.3480E+00 4.5549E-04  (-0.213    , -1.953E-03,   0.00    ) |  4.555E-04 1.526E-03
    5653 2.3484E+00 4.5551E-04  (-0.213    ,  1.953E-03,   0.00    ) |  4.555E-04 1.526E-03
    5654 2.3489E+00 4.5553E-04  (-0.213    , -1.953E-03,   0.00    ) |  4.555E-04 1.526E-03
    5655 2.3494E+00 4.5555E-04  (-0.213    ,  1.953E-03,   0.00    ) |  4.555E-04 1.526E-03
    5656 2.3498E+00 4.5557E-04  (-0.213    , -1.953E-03,   0.00    ) |  4.556E-04 1.526E-03
 *** Wrote plotfile to flash_run_hdf5_plt_cnt_0094 ****
    5657 2.3503E+00 4.5559E-04  (-0.213    , -1.953E-03,   0.00    ) |  4.556E-04 1.526E-03
    5658 2.3507E+00 4.5561E-04  (-0.213    , -1.953E-03,   0.00    ) |  4.556E-04 1.526E-03
    5659 2.3512E+00 4.5563E-04  (-0.213    , -1.953E-03,   0.00    ) |  4.556E-04 1.526E-03
    5660 2.3516E+00 4.5565E-04  (-0.213    ,  1.953E-03,   0.00    ) |  4.557E-04 1.526E-03
    5661 2.3521E+00 4.5567E-04  ( 0.213    , -1.953E-03,   0.00    ) |  4.557E-04 1.526E-03
    5662 2.3525E+00 4.5570E-04  (-0.213    ,  1.953E-03,   0.00    ) |  4.557E-04 1.526E-03
    5663 2.3530E+00 4.5572E-04  (-0.213    ,  1.953E-03,   0.00    ) |  4.557E-04 1.526E-03
    5664 2.3535E+00 4.5574E-04  (-0.213    ,  1.953E-03,   0.00    ) |  4.557E-04 1.526E-03
    5665 2.3539E+00 4.5576E-04  (-0.213    ,  1.953E-03,   0.00    ) |  4.558E-04 1.526E-03
    5666 2.3544E+00 4.5578E-04  (-0.213    ,  1.953E-03,   0.00    ) |  4.558E-04 1.526E-03
    5667 2.3548E+00 4.5580E-04  (-0.213    ,  1.953E-03,   0.00    ) |  4.558E-04 1.526E-03
    5668 2.3553E+00 4.5583E-04  (-0.213    ,  1.953E-03,   0.00    ) |  4.558E-04 1.526E-03
    5669 2.3557E+00 4.5585E-04  (-0.213    ,  1.953E-03,   0.00    ) |  4.558E-04 1.526E-03
    5670 2.3562E+00 4.5587E-04  (-0.213    ,  1.953E-03,   0.00    ) |  4.559E-04 1.526E-03
    5671 2.3566E+00 4.5589E-04  (-0.213    , -1.953E-03,   0.00    ) |  4.559E-04 1.526E-03
    5672 2.3571E+00 4.5592E-04  (-0.213    , -1.953E-03,   0.00    ) |  4.559E-04 1.526E-03
    5673 2.3576E+00 4.5594E-04  (-0.213    , -1.953E-03,   0.00    ) |  4.559E-04 1.526E-03
    5674 2.3580E+00 4.5596E-04  ( 0.213    , -1.953E-03,   0.00    ) |  4.560E-04 1.526E-03
    5675 2.3585E+00 4.5598E-04  ( 0.213    , -1.953E-03,   0.00    ) |  4.560E-04 1.526E-03
    5676 2.3589E+00 4.5601E-04  ( 0.213    , -1.953E-03,   0.00    ) |  4.560E-04 1.526E-03
    5677 2.3594E+00 4.5603E-04  ( 0.213    , -1.953E-03,   0.00    ) |  4.560E-04 1.526E-03
    5678 2.3598E+00 4.5605E-04  ( 0.213    , -1.953E-03,   0.00    ) |  4.561E-04 1.526E-03
    5679 2.3603E+00 4.5608E-04  ( 0.213    , -1.953E-03,   0.00    ) |  4.561E-04 1.526E-03
    5680 2.3608E+00 4.5610E-04  ( 0.213    , -1.953E-03,   0.00    ) |  4.561E-04 1.526E-03
    5681 2.3612E+00 4.5613E-04  ( 0.213    , -1.953E-03,   0.00    ) |  4.561E-04 1.526E-03
    5682 2.3617E+00 4.5615E-04  ( 0.213    , -1.953E-03,   0.00    ) |  4.561E-04 1.526E-03
    5683 2.3621E+00 4.5617E-04  ( 0.213    , -1.953E-03,   0.00    ) |  4.562E-04 1.526E-03
    5684 2.3626E+00 4.5620E-04  ( 0.213    , -1.953E-03,   0.00    ) |  4.562E-04 1.526E-03
    5685 2.3630E+00 4.5622E-04  ( 0.213    , -1.953E-03,   0.00    ) |  4.562E-04 1.526E-03
    5686 2.3635E+00 4.5625E-04  ( 0.213    , -1.953E-03,   0.00    ) |  4.562E-04 1.526E-03
    5687 2.3639E+00 4.5627E-04  ( 0.213    , -1.953E-03,   0.00    ) |  4.563E-04 1.526E-03
    5688 2.3644E+00 4.5630E-04  ( 0.213    , -1.953E-03,   0.00    ) |  4.563E-04 1.526E-03
    5689 2.3649E+00 4.5632E-04  ( 0.213    , -1.953E-03,   0.00    ) |  4.563E-04 1.526E-03
    5690 2.3653E+00 4.5635E-04  ( 0.213    , -1.953E-03,   0.00    ) |  4.563E-04 1.526E-03
    5691 2.3658E+00 4.5637E-04  ( 0.213    , -1.953E-03,   0.00    ) |  4.564E-04 1.526E-03
    5692 2.3662E+00 4.5640E-04  ( 0.213    , -1.953E-03,   0.00    ) |  4.564E-04 1.526E-03
    5693 2.3667E+00 4.5643E-04  ( 0.213    , -1.953E-03,   0.00    ) |  4.564E-04 1.526E-03
    5694 2.3671E+00 4.5645E-04  ( 0.213    , -1.953E-03,   0.00    ) |  4.565E-04 1.526E-03
    5695 2.3676E+00 4.5648E-04  ( 0.213    , -1.953E-03,   0.00    ) |  4.565E-04 1.526E-03
    5696 2.3681E+00 4.5651E-04  ( 0.213    , -1.953E-03,   0.00    ) |  4.565E-04 1.526E-03
    5697 2.3685E+00 4.5653E-04  (-0.213    ,  1.953E-03,   0.00    ) |  4.565E-04 1.526E-03
    5698 2.3690E+00 4.5656E-04  (-0.213    ,  1.953E-03,   0.00    ) |  4.566E-04 1.526E-03
    5699 2.3694E+00 4.5659E-04  ( 0.213    , -1.953E-03,   0.00    ) |  4.566E-04 1.526E-03
    5700 2.3699E+00 4.5662E-04  (-0.213    ,  1.953E-03,   0.00    ) |  4.566E-04 1.526E-03
    5701 2.3703E+00 4.5664E-04  (-0.213    ,  1.953E-03,   0.00    ) |  4.566E-04 1.526E-03
    5702 2.3708E+00 4.5667E-04  (-0.213    ,  1.953E-03,   0.00    ) |  4.567E-04 1.526E-03
    5703 2.3712E+00 4.5670E-04  (-0.213    ,  1.953E-03,   0.00    ) |  4.567E-04 1.526E-03
    5704 2.3717E+00 4.5673E-04  (-0.213    ,  1.953E-03,   0.00    ) |  4.567E-04 1.526E-03
    5705 2.3722E+00 4.5676E-04  ( 0.213    , -1.953E-03,   0.00    ) |  4.568E-04 1.526E-03
    5706 2.3726E+00 4.5678E-04  ( 0.213    , -1.953E-03,   0.00    ) |  4.568E-04 1.526E-03
    5707 2.3731E+00 4.5681E-04  ( 0.213    , -1.953E-03,   0.00    ) |  4.568E-04 1.526E-03
    5708 2.3735E+00 4.5684E-04  ( 0.213    , -1.953E-03,   0.00    ) |  4.568E-04 1.526E-03
    5709 2.3740E+00 4.5687E-04  ( 0.213    , -1.953E-03,   0.00    ) |  4.569E-04 1.526E-03
    5710 2.3744E+00 4.5690E-04  ( 0.213    , -1.953E-03,   0.00    ) |  4.569E-04 1.526E-03
    5711 2.3749E+00 4.5693E-04  ( 0.213    , -1.953E-03,   0.00    ) |  4.569E-04 1.526E-03
 *** Wrote plotfile to flash_run_hdf5_plt_cnt_0095 ****
    5712 2.3754E+00 4.5696E-04  ( 0.213    , -1.953E-03,   0.00    ) |  4.570E-04 1.526E-03
    5713 2.3758E+00 4.5699E-04  ( 0.213    , -1.953E-03,   0.00    ) |  4.570E-04 1.526E-03
    5714 2.3763E+00 4.5702E-04  ( 0.213    , -1.953E-03,   0.00    ) |  4.570E-04 1.526E-03
    5715 2.3767E+00 4.5705E-04  ( 0.213    , -1.953E-03,   0.00    ) |  4.570E-04 1.526E-03
    5716 2.3772E+00 4.5707E-04  ( 0.213    , -1.953E-03,   0.00    ) |  4.571E-04 1.526E-03
    5717 2.3776E+00 4.5710E-04  ( 0.213    , -1.953E-03,   0.00    ) |  4.571E-04 1.526E-03
    5718 2.3781E+00 4.5713E-04  ( 0.213    , -1.953E-03,   0.00    ) |  4.571E-04 1.526E-03
    5719 2.3786E+00 4.5716E-04  ( 0.213    , -1.953E-03,   0.00    ) |  4.572E-04 1.526E-03
    5720 2.3790E+00 4.5719E-04  ( 0.213    , -1.953E-03,   0.00    ) |  4.572E-04 1.526E-03
    5721 2.3795E+00 4.5722E-04  ( 0.213    , -1.953E-03,   0.00    ) |  4.572E-04 1.526E-03
    5722 2.3799E+00 4.5725E-04  ( 0.213    , -1.953E-03,   0.00    ) |  4.573E-04 1.526E-03
    5723 2.3804E+00 4.5728E-04  ( 0.213    , -1.953E-03,   0.00    ) |  4.573E-04 1.526E-03
    5724 2.3808E+00 4.5731E-04  ( 0.213    , -1.953E-03,   0.00    ) |  4.573E-04 1.526E-03
    5725 2.3813E+00 4.5734E-04  ( 0.213    , -1.953E-03,   0.00    ) |  4.573E-04 1.526E-03
    5726 2.3818E+00 4.5737E-04  ( 0.213    , -1.953E-03,   0.00    ) |  4.574E-04 1.526E-03
    5727 2.3822E+00 4.5741E-04  ( 0.213    , -1.953E-03,   0.00    ) |  4.574E-04 1.526E-03
    5728 2.3827E+00 4.5744E-04  ( 0.213    , -1.953E-03,   0.00    ) |  4.574E-04 1.526E-03
    5729 2.3831E+00 4.5747E-04  ( 0.213    , -1.953E-03,   0.00    ) |  4.575E-04 1.526E-03
    5730 2.3836E+00 4.5750E-04  ( 0.213    , -1.953E-03,   0.00    ) |  4.575E-04 1.526E-03
    5731 2.3840E+00 4.5753E-04  ( 0.213    , -1.953E-03,   0.00    ) |  4.575E-04 1.526E-03
    5732 2.3845E+00 4.5756E-04  ( 0.213    , -1.953E-03,   0.00    ) |  4.576E-04 1.526E-03
    5733 2.3850E+00 4.5759E-04  ( 0.213    , -1.953E-03,   0.00    ) |  4.576E-04 1.526E-03
    5734 2.3854E+00 4.5762E-04  ( 0.213    , -1.953E-03,   0.00    ) |  4.576E-04 1.526E-03
    5735 2.3859E+00 4.5765E-04  ( 0.213    , -1.953E-03,   0.00    ) |  4.576E-04 1.526E-03
    5736 2.3863E+00 4.5768E-04  ( 0.213    , -1.953E-03,   0.00    ) |  4.577E-04 1.526E-03
    5737 2.3868E+00 4.5771E-04  ( 0.213    , -1.953E-03,   0.00    ) |  4.577E-04 1.526E-03
    5738 2.3873E+00 4.5774E-04  ( 0.213    , -1.953E-03,   0.00    ) |  4.577E-04 1.526E-03
    5739 2.3877E+00 4.5777E-04  (-0.213    , -1.953E-03,   0.00    ) |  4.578E-04 1.526E-03
    5740 2.3882E+00 4.5780E-04  (-0.213    , -1.953E-03,   0.00    ) |  4.578E-04 1.526E-03
    5741 2.3886E+00 4.5783E-04  (-0.213    , -1.953E-03,   0.00    ) |  4.578E-04 1.526E-03
    5742 2.3891E+00 4.5786E-04  (-0.213    , -1.953E-03,   0.00    ) |  4.579E-04 1.526E-03
    5743 2.3895E+00 4.5789E-04  (-0.213    , -1.953E-03,   0.00    ) |  4.579E-04 1.526E-03
    5744 2.3900E+00 4.5792E-04  (-0.213    , -1.953E-03,   0.00    ) |  4.579E-04 1.526E-03
    5745 2.3905E+00 4.5795E-04  (-0.213    , -1.953E-03,   0.00    ) |  4.580E-04 1.526E-03
    5746 2.3909E+00 4.5798E-04  (-0.213    , -1.953E-03,   0.00    ) |  4.580E-04 1.526E-03
    5747 2.3914E+00 4.5801E-04  (-0.213    , -1.953E-03,   0.00    ) |  4.580E-04 1.526E-03
    5748 2.3918E+00 4.5804E-04  (-0.209    , -1.953E-03,   0.00    ) |  4.580E-04 1.526E-03
    5749 2.3923E+00 4.5807E-04  (-0.209    , -1.953E-03,   0.00    ) |  4.581E-04 1.526E-03
    5750 2.3927E+00 4.5810E-04  (-0.209    , -1.953E-03,   0.00    ) |  4.581E-04 1.526E-03
    5751 2.3932E+00 4.5813E-04  (-0.209    , -1.953E-03,   0.00    ) |  4.581E-04 1.526E-03
    5752 2.3937E+00 4.5816E-04  (-0.209    , -1.953E-03,   0.00    ) |  4.582E-04 1.526E-03
    5753 2.3941E+00 4.5819E-04  (-0.209    , -1.953E-03,   0.00    ) |  4.582E-04 1.526E-03
    5754 2.3946E+00 4.5822E-04  (-0.209    , -1.953E-03,   0.00    ) |  4.582E-04 1.526E-03
    5755 2.3950E+00 4.5825E-04  (-0.209    , -1.953E-03,   0.00    ) |  4.582E-04 1.526E-03
    5756 2.3955E+00 4.5828E-04  ( 0.209    , -1.953E-03,   0.00    ) |  4.583E-04 1.526E-03
    5757 2.3960E+00 4.5831E-04  ( 0.209    , -1.953E-03,   0.00    ) |  4.583E-04 1.526E-03
    5758 2.3964E+00 4.5834E-04  ( 0.209    , -1.953E-03,   0.00    ) |  4.583E-04 1.526E-03
    5759 2.3969E+00 4.5836E-04  ( 0.209    , -1.953E-03,   0.00    ) |  4.584E-04 1.526E-03
    5760 2.3973E+00 4.5839E-04  ( 0.209    , -1.953E-03,   0.00    ) |  4.584E-04 1.526E-03
    5761 2.3978E+00 4.5842E-04  ( 0.209    , -1.953E-03,   0.00    ) |  4.584E-04 1.526E-03
    5762 2.3982E+00 4.5845E-04  ( 0.209    , -1.953E-03,   0.00    ) |  4.585E-04 1.526E-03
    5763 2.3987E+00 4.5848E-04  ( 0.209    , -1.953E-03,   0.00    ) |  4.585E-04 1.526E-03
    5764 2.3992E+00 4.5851E-04  ( 0.209    , -1.953E-03,   0.00    ) |  4.585E-04 1.526E-03
    5765 2.3996E+00 4.5854E-04  ( 0.209    , -1.953E-03,   0.00    ) |  4.585E-04 1.526E-03
 *** Wrote plotfile to flash_run_hdf5_plt_cnt_0096 ****
    5766 2.4001E+00 4.5857E-04  ( 0.209    , -1.953E-03,   0.00    ) |  4.586E-04 1.526E-03
    5767 2.4005E+00 4.5860E-04  ( 0.209    , -1.953E-03,   0.00    ) |  4.586E-04 1.526E-03
    5768 2.4010E+00 4.5863E-04  ( 0.209    , -1.953E-03,   0.00    ) |  4.586E-04 1.526E-03
    5769 2.4015E+00 4.5866E-04  ( 0.209    , -1.953E-03,   0.00    ) |  4.587E-04 1.526E-03
    5770 2.4019E+00 4.5869E-04  ( 0.209    , -1.953E-03,   0.00    ) |  4.587E-04 1.526E-03
    5771 2.4024E+00 4.5872E-04  ( 0.209    , -1.953E-03,   0.00    ) |  4.587E-04 1.526E-03
    5772 2.4028E+00 4.5875E-04  ( 0.209    , -1.953E-03,   0.00    ) |  4.587E-04 1.526E-03
    5773 2.4033E+00 4.5878E-04  ( 0.209    , -1.953E-03,   0.00    ) |  4.588E-04 1.526E-03
    5774 2.4037E+00 4.5881E-04  ( 0.209    , -1.953E-03,   0.00    ) |  4.588E-04 1.526E-03
    5775 2.4042E+00 4.5884E-04  ( 0.209    , -1.953E-03,   0.00    ) |  4.588E-04 1.526E-03
    5776 2.4047E+00 4.5887E-04  ( 0.209    , -1.953E-03,   0.00    ) |  4.589E-04 1.526E-03
    5777 2.4051E+00 4.5890E-04  ( 0.209    , -1.953E-03,   0.00    ) |  4.589E-04 1.526E-03
    5778 2.4056E+00 4.5894E-04  ( 0.209    , -1.953E-03,   0.00    ) |  4.589E-04 1.526E-03
    5779 2.4060E+00 4.5897E-04  ( 0.209    , -1.953E-03,   0.00    ) |  4.590E-04 1.526E-03
    5780 2.4065E+00 4.5900E-04  ( 0.209    , -1.953E-03,   0.00    ) |  4.590E-04 1.526E-03
    5781 2.4070E+00 4.5903E-04  (-0.213    , -1.953E-03,   0.00    ) |  4.590E-04 1.526E-03
    5782 2.4074E+00 4.5906E-04  ( 0.213    , -1.953E-03,   0.00    ) |  4.591E-04 1.526E-03
    5783 2.4079E+00 4.5910E-04  (-0.213    , -1.953E-03,   0.00    ) |  4.591E-04 1.526E-03
    5784 2.4083E+00 4.5913E-04  (-0.213    , -1.953E-03,   0.00    ) |  4.591E-04 1.526E-03
    5785 2.4088E+00 4.5916E-04  (-0.213    , -1.953E-03,   0.00    ) |  4.592E-04 1.526E-03
    5786 2.4093E+00 4.5920E-04  (-0.213    , -1.953E-03,   0.00    ) |  4.592E-04 1.526E-03
    5787 2.4097E+00 4.5923E-04  (-0.213    , -1.953E-03,   0.00    ) |  4.592E-04 1.526E-03
    5788 2.4102E+00 4.5927E-04  ( 0.213    , -1.953E-03,   0.00    ) |  4.593E-04 1.526E-03
    5789 2.4106E+00 4.5930E-04  ( 0.213    , -1.953E-03,   0.00    ) |  4.593E-04 1.526E-03
    5790 2.4111E+00 4.5934E-04  ( 0.213    , -1.953E-03,   0.00    ) |  4.593E-04 1.526E-03
    5791 2.4116E+00 4.5937E-04  (-0.213    , -1.953E-03,   0.00    ) |  4.594E-04 1.526E-03
    5792 2.4120E+00 4.5941E-04  (-0.213    , -1.953E-03,   0.00    ) |  4.594E-04 1.526E-03
    5793 2.4125E+00 4.5944E-04  (-0.213    , -1.953E-03,   0.00    ) |  4.594E-04 1.526E-03
    5794 2.4129E+00 4.5948E-04  (-0.213    , -1.953E-03,   0.00    ) |  4.595E-04 1.526E-03
    5795 2.4134E+00 4.5951E-04  (-0.213    , -1.953E-03,   0.00    ) |  4.595E-04 1.526E-03
    5796 2.4138E+00 4.5955E-04  ( 0.213    , -1.953E-03,   0.00    ) |  4.595E-04 1.526E-03
    5797 2.4143E+00 4.5958E-04  ( 0.213    , -1.953E-03,   0.00    ) |  4.596E-04 1.526E-03
    5798 2.4148E+00 4.5962E-04  (-0.213    , -1.953E-03,   0.00    ) |  4.596E-04 1.526E-03
    5799 2.4152E+00 4.5966E-04  ( 0.213    , -1.953E-03,   0.00    ) |  4.597E-04 1.526E-03
    5800 2.4157E+00 4.5969E-04  ( 0.213    , -1.953E-03,   0.00    ) |  4.597E-04 1.526E-03
    5801 2.4161E+00 4.5973E-04  ( 0.213    , -1.953E-03,   0.00    ) |  4.597E-04 1.526E-03
    5802 2.4166E+00 4.5976E-04  ( 0.209    , -1.953E-03,   0.00    ) |  4.598E-04 1.526E-03
    5803 2.4171E+00 4.5980E-04  ( 0.209    , -1.953E-03,   0.00    ) |  4.598E-04 1.526E-03
    5804 2.4175E+00 4.5983E-04  ( 0.209    , -1.953E-03,   0.00    ) |  4.598E-04 1.526E-03
    5805 2.4180E+00 4.5987E-04  ( 0.209    , -1.953E-03,   0.00    ) |  4.599E-04 1.526E-03
    5806 2.4184E+00 4.5990E-04  ( 0.209    , -1.953E-03,   0.00    ) |  4.599E-04 1.526E-03
    5807 2.4189E+00 4.5994E-04  ( 0.209    , -1.953E-03,   0.00    ) |  4.599E-04 1.526E-03
    5808 2.4194E+00 4.5997E-04  ( 0.209    , -1.953E-03,   0.00    ) |  4.600E-04 1.526E-03
    5809 2.4198E+00 4.6000E-04  ( 0.209    , -1.953E-03,   0.00    ) |  4.600E-04 1.526E-03
    5810 2.4203E+00 4.6004E-04  ( 0.209    , -1.953E-03,   0.00    ) |  4.600E-04 1.526E-03
    5811 2.4207E+00 4.6007E-04  ( 0.209    , -1.953E-03,   0.00    ) |  4.601E-04 1.526E-03
    5812 2.4212E+00 4.6010E-04  ( 0.209    , -1.953E-03,   0.00    ) |  4.601E-04 1.526E-03
    5813 2.4217E+00 4.6013E-04  ( 0.209    , -1.953E-03,   0.00    ) |  4.601E-04 1.526E-03
    5814 2.4221E+00 4.6017E-04  ( 0.209    , -1.953E-03,   0.00    ) |  4.602E-04 1.526E-03
    5815 2.4226E+00 4.6020E-04  ( 0.209    , -1.953E-03,   0.00    ) |  4.602E-04 1.526E-03
    5816 2.4230E+00 4.6023E-04  ( 0.209    , -1.953E-03,   0.00    ) |  4.602E-04 1.526E-03
    5817 2.4235E+00 4.6026E-04  ( 0.209    , -1.953E-03,   0.00    ) |  4.603E-04 1.526E-03
    5818 2.4240E+00 4.6029E-04  ( 0.209    , -1.953E-03,   0.00    ) |  4.603E-04 1.526E-03
    5819 2.4244E+00 4.6032E-04  ( 0.209    , -1.953E-03,   0.00    ) |  4.603E-04 1.526E-03
    5820 2.4249E+00 4.6035E-04  ( 0.209    , -1.953E-03,   0.00    ) |  4.603E-04 1.526E-03
 *** Wrote plotfile to flash_run_hdf5_plt_cnt_0097 ****
    5821 2.4253E+00 4.6038E-04  ( 0.209    , -1.953E-03,   0.00    ) |  4.604E-04 1.526E-03
    5822 2.4258E+00 4.6041E-04  ( 0.209    , -1.953E-03,   0.00    ) |  4.604E-04 1.526E-03
    5823 2.4263E+00 4.6044E-04  ( 0.209    , -1.953E-03,   0.00    ) |  4.604E-04 1.526E-03
    5824 2.4267E+00 4.6047E-04  ( 0.209    , -1.953E-03,   0.00    ) |  4.605E-04 1.526E-03
    5825 2.4272E+00 4.6049E-04  ( 0.209    , -1.953E-03,   0.00    ) |  4.605E-04 1.526E-03
    5826 2.4277E+00 4.6052E-04  ( 0.209    , -1.953E-03,   0.00    ) |  4.605E-04 1.526E-03
    5827 2.4281E+00 4.6055E-04  ( 0.209    , -1.953E-03,   0.00    ) |  4.605E-04 1.526E-03
    5828 2.4286E+00 4.6058E-04  ( 0.209    , -1.953E-03,   0.00    ) |  4.606E-04 1.526E-03
    5829 2.4290E+00 4.6060E-04  ( 0.209    , -1.953E-03,   0.00    ) |  4.606E-04 1.526E-03
    5830 2.4295E+00 4.6063E-04  ( 0.209    , -1.953E-03,   0.00    ) |  4.606E-04 1.526E-03
    5831 2.4300E+00 4.6066E-04  ( 0.209    , -1.953E-03,   0.00    ) |  4.607E-04 1.526E-03
    5832 2.4304E+00 4.6069E-04  ( 0.209    , -1.953E-03,   0.00    ) |  4.607E-04 1.526E-03
    5833 2.4309E+00 4.6071E-04  ( 0.209    , -1.953E-03,   0.00    ) |  4.607E-04 1.526E-03
    5834 2.4313E+00 4.6074E-04  ( 0.209    , -1.953E-03,   0.00    ) |  4.607E-04 1.526E-03
    5835 2.4318E+00 4.6076E-04  ( 0.209    , -1.953E-03,   0.00    ) |  4.608E-04 1.526E-03
    5836 2.4323E+00 4.6079E-04  ( 0.209    , -1.953E-03,   0.00    ) |  4.608E-04 1.526E-03
    5837 2.4327E+00 4.6082E-04  ( 0.209    , -1.953E-03,   0.00    ) |  4.608E-04 1.526E-03
    5838 2.4332E+00 4.6084E-04  ( 0.209    , -1.953E-03,   0.00    ) |  4.608E-04 1.526E-03
    5839 2.4336E+00 4.6087E-04  ( 0.209    , -1.953E-03,   0.00    ) |  4.609E-04 1.526E-03
    5840 2.4341E+00 4.6090E-04  ( 0.209    , -1.953E-03,   0.00    ) |  4.609E-04 1.526E-03
    5841 2.4346E+00 4.6092E-04  ( 0.209    , -1.953E-03,   0.00    ) |  4.609E-04 1.526E-03
    5842 2.4350E+00 4.6095E-04  ( 0.209    , -1.953E-03,   0.00    ) |  4.609E-04 1.526E-03
    5843 2.4355E+00 4.6097E-04  ( 0.209    , -1.953E-03,   0.00    ) |  4.610E-04 1.526E-03
    5844 2.4359E+00 4.6100E-04  ( 0.209    , -1.953E-03,   0.00    ) |  4.610E-04 1.526E-03
    5845 2.4364E+00 4.6103E-04  ( 0.209    , -1.953E-03,   0.00    ) |  4.610E-04 1.526E-03
    5846 2.4369E+00 4.6105E-04  ( 0.209    , -1.953E-03,   0.00    ) |  4.611E-04 1.526E-03
    5847 2.4373E+00 4.6108E-04  ( 0.209    , -1.953E-03,   0.00    ) |  4.611E-04 1.526E-03
    5848 2.4378E+00 4.6111E-04  ( 0.209    , -1.953E-03,   0.00    ) |  4.611E-04 1.526E-03
    5849 2.4382E+00 4.6113E-04  ( 0.209    , -1.953E-03,   0.00    ) |  4.611E-04 1.526E-03
    5850 2.4387E+00 4.6116E-04  ( 0.209    , -1.953E-03,   0.00    ) |  4.612E-04 1.526E-03
    5851 2.4392E+00 4.6119E-04  ( 0.209    , -1.953E-03,   0.00    ) |  4.612E-04 1.526E-03
    5852 2.4396E+00 4.6121E-04  ( 0.209    , -1.953E-03,   0.00    ) |  4.612E-04 1.526E-03
    5853 2.4401E+00 4.6124E-04  ( 0.209    , -1.953E-03,   0.00    ) |  4.612E-04 1.526E-03
    5854 2.4406E+00 4.6127E-04  ( 0.209    , -1.953E-03,   0.00    ) |  4.613E-04 1.526E-03
    5855 2.4410E+00 4.6129E-04  ( 0.209    , -1.953E-03,   0.00    ) |  4.613E-04 1.526E-03
    5856 2.4415E+00 4.6132E-04  ( 0.209    , -1.953E-03,   0.00    ) |  4.613E-04 1.526E-03
    5857 2.4419E+00 4.6135E-04  ( 0.209    , -1.953E-03,   0.00    ) |  4.613E-04 1.526E-03
    5858 2.4424E+00 4.6138E-04  ( 0.209    , -1.953E-03,   0.00    ) |  4.614E-04 1.526E-03
    5859 2.4429E+00 4.6140E-04  ( 0.209    , -1.953E-03,   0.00    ) |  4.614E-04 1.526E-03
    5860 2.4433E+00 4.6143E-04  ( 0.209    , -1.953E-03,   0.00    ) |  4.614E-04 1.526E-03
    5861 2.4438E+00 4.6146E-04  ( 0.209    , -1.953E-03,   0.00    ) |  4.615E-04 1.526E-03
    5862 2.4442E+00 4.6148E-04  ( 0.209    , -1.953E-03,   0.00    ) |  4.615E-04 1.526E-03
    5863 2.4447E+00 4.6151E-04  ( 0.209    , -1.953E-03,   0.00    ) |  4.615E-04 1.526E-03
    5864 2.4452E+00 4.6154E-04  ( 0.209    , -1.953E-03,   0.00    ) |  4.615E-04 1.526E-03
    5865 2.4456E+00 4.6157E-04  ( 0.209    , -1.953E-03,   0.00    ) |  4.616E-04 1.526E-03
    5866 2.4461E+00 4.6159E-04  ( 0.209    , -1.953E-03,   0.00    ) |  4.616E-04 1.526E-03
    5867 2.4466E+00 4.6162E-04  ( 0.209    , -1.953E-03,   0.00    ) |  4.616E-04 1.526E-03
    5868 2.4470E+00 4.6165E-04  ( 0.209    , -1.953E-03,   0.00    ) |  4.616E-04 1.526E-03
    5869 2.4475E+00 4.6167E-04  ( 0.209    , -1.953E-03,   0.00    ) |  4.617E-04 1.526E-03
    5870 2.4479E+00 4.6170E-04  ( 0.209    , -1.953E-03,   0.00    ) |  4.617E-04 1.526E-03
    5871 2.4484E+00 4.6173E-04  ( 0.209    , -1.953E-03,   0.00    ) |  4.617E-04 1.526E-03
    5872 2.4489E+00 4.6175E-04  ( 0.209    , -1.953E-03,   0.00    ) |  4.618E-04 1.526E-03
    5873 2.4493E+00 4.6178E-04  ( 0.209    , -1.953E-03,   0.00    ) |  4.618E-04 1.526E-03
    5874 2.4498E+00 4.6181E-04  ( 0.209    , -1.953E-03,   0.00    ) |  4.618E-04 1.526E-03
 *** Wrote plotfile to flash_run_hdf5_plt_cnt_0098 ****
    5875 2.4502E+00 4.6183E-04  ( 0.209    , -1.953E-03,   0.00    ) |  4.618E-04 1.526E-03
    5876 2.4507E+00 4.6186E-04  ( 0.209    , -1.953E-03,   0.00    ) |  4.619E-04 1.526E-03
    5877 2.4512E+00 4.6188E-04  (-0.205    ,  1.953E-03,   0.00    ) |  4.619E-04 1.526E-03
    5878 2.4516E+00 4.6191E-04  (-0.205    ,  1.953E-03,   0.00    ) |  4.619E-04 1.526E-03
    5879 2.4521E+00 4.6193E-04  (-0.205    ,  1.953E-03,   0.00    ) |  4.619E-04 1.526E-03
    5880 2.4526E+00 4.6196E-04  (-0.205    ,  1.953E-03,   0.00    ) |  4.620E-04 1.526E-03
    5881 2.4530E+00 4.6198E-04  (-0.205    ,  1.953E-03,   0.00    ) |  4.620E-04 1.526E-03
    5882 2.4535E+00 4.6201E-04  (-0.205    ,  1.953E-03,   0.00    ) |  4.620E-04 1.526E-03
    5883 2.4539E+00 4.6203E-04  (-0.205    ,  1.953E-03,   0.00    ) |  4.620E-04 1.526E-03
    5884 2.4544E+00 4.6206E-04  (-0.205    ,  1.953E-03,   0.00    ) |  4.621E-04 1.526E-03
    5885 2.4549E+00 4.6208E-04  (-0.205    ,  1.953E-03,   0.00    ) |  4.621E-04 1.526E-03
    5886 2.4553E+00 4.6210E-04  (-0.205    ,  1.953E-03,   0.00    ) |  4.621E-04 1.526E-03
    5887 2.4558E+00 4.6213E-04  (-0.205    ,  1.953E-03,   0.00    ) |  4.621E-04 1.526E-03
    5888 2.4563E+00 4.6215E-04  (-0.205    ,  1.953E-03,   0.00    ) |  4.622E-04 1.526E-03
    5889 2.4567E+00 4.6218E-04  (-0.205    ,  1.953E-03,   0.00    ) |  4.622E-04 1.526E-03
    5890 2.4572E+00 4.6220E-04  (-0.205    ,  1.953E-03,   0.00    ) |  4.622E-04 1.526E-03
    5891 2.4576E+00 4.6222E-04  (-0.205    ,  1.953E-03,   0.00    ) |  4.622E-04 1.526E-03
    5892 2.4581E+00 4.6225E-04  (-0.205    ,  1.953E-03,   0.00    ) |  4.622E-04 1.526E-03
    5893 2.4586E+00 4.6227E-04  (-0.205    ,  1.953E-03,   0.00    ) |  4.623E-04 1.526E-03
    5894 2.4590E+00 4.6229E-04  (-0.205    ,  1.953E-03,   0.00    ) |  4.623E-04 1.526E-03
    5895 2.4595E+00 4.6232E-04  (-0.205    ,  1.953E-03,   0.00    ) |  4.623E-04 1.526E-03
    5896 2.4600E+00 4.6234E-04  (-0.205    ,  1.953E-03,   0.00    ) |  4.623E-04 1.526E-03
    5897 2.4604E+00 4.6236E-04  (-0.205    ,  1.953E-03,   0.00    ) |  4.624E-04 1.526E-03
    5898 2.4609E+00 4.6239E-04  (-0.205    ,  1.953E-03,   0.00    ) |  4.624E-04 1.526E-03
    5899 2.4613E+00 4.6241E-04  (-0.205    ,  1.953E-03,   0.00    ) |  4.624E-04 1.526E-03
    5900 2.4618E+00 4.6244E-04  (-0.205    ,  1.953E-03,   0.00    ) |  4.624E-04 1.526E-03
    5901 2.4623E+00 4.6246E-04  (-0.205    ,  1.953E-03,   0.00    ) |  4.625E-04 1.526E-03
    5902 2.4627E+00 4.6249E-04  (-0.205    ,  1.953E-03,   0.00    ) |  4.625E-04 1.526E-03
    5903 2.4632E+00 4.6251E-04  (-0.205    ,  1.953E-03,   0.00    ) |  4.625E-04 1.526E-03
    5904 2.4637E+00 4.6253E-04  (-0.205    ,  1.953E-03,   0.00    ) |  4.625E-04 1.526E-03
    5905 2.4641E+00 4.6256E-04  (-0.205    ,  1.953E-03,   0.00    ) |  4.626E-04 1.526E-03
    5906 2.4646E+00 4.6258E-04  (-0.205    ,  1.953E-03,   0.00    ) |  4.626E-04 1.526E-03
    5907 2.4650E+00 4.6261E-04  (-0.205    ,  1.953E-03,   0.00    ) |  4.626E-04 1.526E-03
    5908 2.4655E+00 4.6263E-04  (-0.205    ,  1.953E-03,   0.00    ) |  4.626E-04 1.526E-03
    5909 2.4660E+00 4.6266E-04  (-0.205    ,  1.953E-03,   0.00    ) |  4.627E-04 1.526E-03
    5910 2.4664E+00 4.6268E-04  (-0.205    ,  1.953E-03,   0.00    ) |  4.627E-04 1.526E-03
    5911 2.4669E+00 4.6271E-04  (-0.205    ,  1.953E-03,   0.00    ) |  4.627E-04 1.526E-03
    5912 2.4674E+00 4.6274E-04  (-0.205    ,  1.953E-03,   0.00    ) |  4.627E-04 1.526E-03
    5913 2.4678E+00 4.6276E-04  (-0.205    ,  1.953E-03,   0.00    ) |  4.628E-04 1.526E-03
    5914 2.4683E+00 4.6279E-04  (-0.205    ,  1.953E-03,   0.00    ) |  4.628E-04 1.526E-03
    5915 2.4687E+00 4.6282E-04  (-0.205    ,  1.953E-03,   0.00    ) |  4.628E-04 1.526E-03
    5916 2.4692E+00 4.6284E-04  (-0.205    ,  1.953E-03,   0.00    ) |  4.628E-04 1.526E-03
    5917 2.4697E+00 4.6287E-04  (-0.205    ,  1.953E-03,   0.00    ) |  4.629E-04 1.526E-03
    5918 2.4701E+00 4.6290E-04  (-0.205    ,  1.953E-03,   0.00    ) |  4.629E-04 1.526E-03
    5919 2.4706E+00 4.6292E-04  (-0.205    ,  1.953E-03,   0.00    ) |  4.629E-04 1.526E-03
    5920 2.4711E+00 4.6295E-04  (-0.205    ,  1.953E-03,   0.00    ) |  4.630E-04 1.526E-03
    5921 2.4715E+00 4.6298E-04  (-0.205    ,  1.953E-03,   0.00    ) |  4.630E-04 1.526E-03
    5922 2.4720E+00 4.6301E-04  (-0.205    ,  1.953E-03,   0.00    ) |  4.630E-04 1.526E-03
    5923 2.4724E+00 4.6303E-04  (-0.205    ,  1.953E-03,   0.00    ) |  4.630E-04 1.526E-03
    5924 2.4729E+00 4.6306E-04  (-0.205    ,  1.953E-03,   0.00    ) |  4.631E-04 1.526E-03
    5925 2.4734E+00 4.6309E-04  (-0.205    ,  1.953E-03,   0.00    ) |  4.631E-04 1.526E-03
    5926 2.4738E+00 4.6312E-04  (-0.205    ,  1.953E-03,   0.00    ) |  4.631E-04 1.526E-03
    5927 2.4743E+00 4.6315E-04  (-0.205    ,  1.953E-03,   0.00    ) |  4.631E-04 1.526E-03
    5928 2.4748E+00 4.6317E-04  (-0.205    ,  1.953E-03,   0.00    ) |  4.632E-04 1.526E-03
 *** Wrote plotfile to flash_run_hdf5_plt_cnt_0099 ****
    5929 2.4752E+00 4.6320E-04  (-0.205    ,  1.953E-03,   0.00    ) |  4.632E-04 1.526E-03
    5930 2.4757E+00 4.6323E-04  (-0.205    ,  1.953E-03,   0.00    ) |  4.632E-04 1.526E-03
    5931 2.4761E+00 4.6326E-04  (-0.205    ,  1.953E-03,   0.00    ) |  4.633E-04 1.526E-03
    5932 2.4766E+00 4.6328E-04  (-0.205    ,  1.953E-03,   0.00    ) |  4.633E-04 1.526E-03
    5933 2.4771E+00 4.6331E-04  (-0.205    ,  1.953E-03,   0.00    ) |  4.633E-04 1.526E-03
    5934 2.4775E+00 4.6334E-04  (-0.205    ,  1.953E-03,   0.00    ) |  4.633E-04 1.526E-03
    5935 2.4780E+00 4.6337E-04  (-0.205    ,  1.953E-03,   0.00    ) |  4.634E-04 1.526E-03
    5936 2.4785E+00 4.6340E-04  (-0.205    ,  1.953E-03,   0.00    ) |  4.634E-04 1.526E-03
    5937 2.4789E+00 4.6342E-04  (-0.205    ,  1.953E-03,   0.00    ) |  4.634E-04 1.526E-03
    5938 2.4794E+00 4.6345E-04  (-0.205    ,  1.953E-03,   0.00    ) |  4.635E-04 1.526E-03
    5939 2.4799E+00 4.6348E-04  (-0.404    ,  1.953E-03,   0.00    ) |  4.635E-04 1.526E-03
    5940 2.4803E+00 4.6348E-04  (-0.404    ,  1.953E-03,   0.00    ) |  4.635E-04 1.526E-03
    5941 2.4808E+00 4.6349E-04  (-0.404    ,  1.953E-03,   0.00    ) |  4.635E-04 1.526E-03
    5942 2.4812E+00 4.6350E-04  (-0.404    ,  1.953E-03,   0.00    ) |  4.635E-04 1.526E-03
    5943 2.4817E+00 4.6351E-04  (-0.404    ,  1.953E-03,   0.00    ) |  4.635E-04 1.526E-03
    5944 2.4822E+00 4.6351E-04  (-0.404    ,  1.953E-03,   0.00    ) |  4.635E-04 1.526E-03
    5945 2.4826E+00 4.6352E-04  (-0.404    ,  1.953E-03,   0.00    ) |  4.635E-04 1.526E-03
    5946 2.4831E+00 4.6353E-04  (-0.404    ,  1.953E-03,   0.00    ) |  4.635E-04 1.526E-03
    5947 2.4836E+00 4.6354E-04  (-0.404    ,  1.953E-03,   0.00    ) |  4.635E-04 1.526E-03
    5948 2.4840E+00 4.6355E-04  (-0.404    ,  1.953E-03,   0.00    ) |  4.635E-04 1.526E-03
    5949 2.4845E+00 4.6356E-04  (-0.404    ,  1.953E-03,   0.00    ) |  4.636E-04 1.526E-03
    5950 2.4850E+00 4.6357E-04  (-0.404    ,  1.953E-03,   0.00    ) |  4.636E-04 1.526E-03
    5951 2.4854E+00 4.6358E-04  (-0.404    ,  1.953E-03,   0.00    ) |  4.636E-04 1.526E-03
    5952 2.4859E+00 4.6359E-04  (-0.404    ,  1.953E-03,   0.00    ) |  4.636E-04 1.526E-03
    5953 2.4863E+00 4.6360E-04  (-0.404    ,  1.953E-03,   0.00    ) |  4.636E-04 1.526E-03
    5954 2.4868E+00 4.6361E-04  (-0.404    ,  1.953E-03,   0.00    ) |  4.636E-04 1.526E-03
    5955 2.4873E+00 4.6362E-04  (-0.404    ,  1.953E-03,   0.00    ) |  4.636E-04 1.526E-03
    5956 2.4877E+00 4.6363E-04  (-0.404    ,  1.953E-03,   0.00    ) |  4.636E-04 1.526E-03
    5957 2.4882E+00 4.6364E-04  (-0.404    ,  1.953E-03,   0.00    ) |  4.636E-04 1.526E-03
    5958 2.4887E+00 4.6365E-04  (-0.404    ,  1.953E-03,   0.00    ) |  4.636E-04 1.526E-03
    5959 2.4891E+00 4.6366E-04  (-0.404    ,  1.953E-03,   0.00    ) |  4.637E-04 1.526E-03
    5960 2.4896E+00 4.6367E-04  (-0.404    ,  1.953E-03,   0.00    ) |  4.637E-04 1.526E-03
    5961 2.4901E+00 4.6368E-04  (-0.404    ,  1.953E-03,   0.00    ) |  4.637E-04 1.526E-03
    5962 2.4905E+00 4.6368E-04  (-0.404    ,  1.953E-03,   0.00    ) |  4.637E-04 1.526E-03
    5963 2.4910E+00 4.6369E-04  (-0.404    ,  1.953E-03,   0.00    ) |  4.637E-04 1.526E-03
    5964 2.4914E+00 4.6370E-04  (-0.404    ,  1.953E-03,   0.00    ) |  4.637E-04 1.526E-03
    5965 2.4919E+00 4.6371E-04  (-0.404    ,  1.953E-03,   0.00    ) |  4.637E-04 1.526E-03
    5966 2.4924E+00 4.6372E-04  (-0.404    ,  1.953E-03,   0.00    ) |  4.637E-04 1.526E-03
    5967 2.4928E+00 4.6372E-04  (-0.404    ,  1.953E-03,   0.00    ) |  4.637E-04 1.526E-03
    5968 2.4933E+00 4.6373E-04  (-0.404    ,  1.953E-03,   0.00    ) |  4.637E-04 1.526E-03
    5969 2.4938E+00 4.6374E-04  (-0.404    ,  1.953E-03,   0.00    ) |  4.637E-04 1.526E-03
    5970 2.4942E+00 4.6374E-04  (-0.404    ,  1.953E-03,   0.00    ) |  4.637E-04 1.526E-03
    5971 2.4947E+00 4.6375E-04  (-0.404    ,  1.953E-03,   0.00    ) |  4.637E-04 1.526E-03
    5972 2.4952E+00 4.6375E-04  (-0.404    ,  1.953E-03,   0.00    ) |  4.638E-04 1.526E-03
    5973 2.4956E+00 4.6376E-04  (-0.404    ,  1.953E-03,   0.00    ) |  4.638E-04 1.526E-03
    5974 2.4961E+00 4.6376E-04  (-0.404    ,  1.953E-03,   0.00    ) |  4.638E-04 1.526E-03
    5975 2.4965E+00 4.6377E-04  (-0.404    ,  1.953E-03,   0.00    ) |  4.638E-04 1.526E-03
    5976 2.4970E+00 4.6377E-04  (-0.404    ,  1.953E-03,   0.00    ) |  4.638E-04 1.526E-03
    5977 2.4975E+00 4.6377E-04  (-0.404    ,  1.953E-03,   0.00    ) |  4.638E-04 1.526E-03
    5978 2.4979E+00 4.6378E-04  (-0.404    ,  1.953E-03,   0.00    ) |  4.638E-04 1.526E-03
    5979 2.4984E+00 4.6378E-04  (-0.404    ,  1.953E-03,   0.00    ) |  4.638E-04 1.526E-03
    5980 2.4989E+00 4.6378E-04  (-0.404    ,  1.953E-03,   0.00    ) |  4.638E-04 1.526E-03
    5981 2.4993E+00 4.6378E-04  (-0.404    ,  1.953E-03,   0.00    ) |  4.638E-04 1.526E-03
    5982 2.4998E+00 4.6378E-04  (-0.404    ,  1.953E-03,   0.00    ) |  4.638E-04 1.526E-03
 *** Wrote plotfile to flash_run_hdf5_plt_cnt_0100 ****
    5983 2.5003E+00 4.6379E-04  (-0.404    ,  1.953E-03,   0.00    ) |  4.638E-04 1.526E-03
    5984 2.5007E+00 4.6379E-04  (-0.404    ,  1.953E-03,   0.00    ) |  4.638E-04 1.526E-03
    5985 2.5012E+00 4.6379E-04  (-0.404    ,  1.953E-03,   0.00    ) |  4.638E-04 1.526E-03
    5986 2.5016E+00 4.6379E-04  (-0.404    ,  1.953E-03,   0.00    ) |  4.638E-04 1.526E-03
    5987 2.5021E+00 4.6379E-04  (-0.404    ,  1.953E-03,   0.00    ) |  4.638E-04 1.526E-03
    5988 2.5026E+00 4.6379E-04  (-0.404    ,  1.953E-03,   0.00    ) |  4.638E-04 1.526E-03
    5989 2.5030E+00 4.6379E-04  (-0.404    ,  1.953E-03,   0.00    ) |  4.638E-04 1.526E-03
    5990 2.5035E+00 4.6379E-04  (-0.404    ,  1.953E-03,   0.00    ) |  4.638E-04 1.526E-03
    5991 2.5040E+00 4.6379E-04  (-0.404    ,  1.953E-03,   0.00    ) |  4.638E-04 1.526E-03
    5992 2.5044E+00 4.6379E-04  (-0.404    ,  1.953E-03,   0.00    ) |  4.638E-04 1.526E-03
    5993 2.5049E+00 4.6380E-04  (-0.404    ,  1.953E-03,   0.00    ) |  4.638E-04 1.526E-03
    5994 2.5054E+00 4.6380E-04  (-0.404    ,  1.953E-03,   0.00    ) |  4.638E-04 1.526E-03
    5995 2.5058E+00 4.6380E-04  (-0.404    ,  1.953E-03,   0.00    ) |  4.638E-04 1.526E-03
    5996 2.5063E+00 4.6380E-04  (-0.404    ,  1.953E-03,   0.00    ) |  4.638E-04 1.526E-03
    5997 2.5067E+00 4.6380E-04  (-0.404    ,  1.953E-03,   0.00    ) |  4.638E-04 1.526E-03
    5998 2.5072E+00 4.6381E-04  (-0.404    ,  1.953E-03,   0.00    ) |  4.638E-04 1.526E-03
    5999 2.5077E+00 4.6381E-04  (-0.404    ,  1.953E-03,   0.00    ) |  4.638E-04 1.526E-03
    6000 2.5081E+00 4.6381E-04  (-0.404    ,  1.953E-03,   0.00    ) |  4.638E-04 1.526E-03
    6001 2.5086E+00 4.6382E-04  (-0.404    ,  1.953E-03,   0.00    ) |  4.638E-04 1.526E-03
    6002 2.5091E+00 4.6382E-04  (-0.404    ,  1.953E-03,   0.00    ) |  4.638E-04 1.526E-03
    6003 2.5095E+00 4.6382E-04  (-0.404    ,  1.953E-03,   0.00    ) |  4.638E-04 1.526E-03
    6004 2.5100E+00 4.6383E-04  (-0.404    ,  1.953E-03,   0.00    ) |  4.638E-04 1.526E-03
    6005 2.5105E+00 4.6383E-04  (-0.404    ,  1.953E-03,   0.00    ) |  4.638E-04 1.526E-03
    6006 2.5109E+00 4.6384E-04  (-0.404    ,  1.953E-03,   0.00    ) |  4.638E-04 1.526E-03
    6007 2.5114E+00 4.6385E-04  (-0.404    ,  1.953E-03,   0.00    ) |  4.638E-04 1.526E-03
    6008 2.5119E+00 4.6385E-04  (-0.404    ,  1.953E-03,   0.00    ) |  4.639E-04 1.526E-03
    6009 2.5123E+00 4.6386E-04  (-0.404    ,  1.953E-03,   0.00    ) |  4.639E-04 1.526E-03
    6010 2.5128E+00 4.6387E-04  (-0.404    ,  1.953E-03,   0.00    ) |  4.639E-04 1.526E-03
    6011 2.5132E+00 4.6388E-04  (-0.404    ,  1.953E-03,   0.00    ) |  4.639E-04 1.526E-03
    6012 2.5137E+00 4.6388E-04  (-0.404    ,  1.953E-03,   0.00    ) |  4.639E-04 1.526E-03
    6013 2.5142E+00 4.6389E-04  (-0.404    ,  1.953E-03,   0.00    ) |  4.639E-04 1.526E-03
    6014 2.5146E+00 4.6390E-04  (-0.404    ,  1.953E-03,   0.00    ) |  4.639E-04 1.526E-03
    6015 2.5151E+00 4.6391E-04  (-0.404    ,  1.953E-03,   0.00    ) |  4.639E-04 1.526E-03
    6016 2.5156E+00 4.6392E-04  (-0.404    ,  1.953E-03,   0.00    ) |  4.639E-04 1.526E-03
    6017 2.5160E+00 4.6393E-04  (-0.404    ,  1.953E-03,   0.00    ) |  4.639E-04 1.526E-03
    6018 2.5165E+00 4.6394E-04  (-0.404    ,  1.953E-03,   0.00    ) |  4.639E-04 1.526E-03
    6019 2.5170E+00 4.6395E-04  (-0.404    ,  1.953E-03,   0.00    ) |  4.640E-04 1.526E-03
    6020 2.5174E+00 4.6396E-04  (-0.404    ,  1.953E-03,   0.00    ) |  4.640E-04 1.526E-03
    6021 2.5179E+00 4.6397E-04  (-0.404    ,  1.953E-03,   0.00    ) |  4.640E-04 1.526E-03
    6022 2.5183E+00 4.6399E-04  (-0.404    ,  1.953E-03,   0.00    ) |  4.640E-04 1.526E-03
    6023 2.5188E+00 4.6400E-04  (-0.404    ,  1.953E-03,   0.00    ) |  4.640E-04 1.526E-03
    6024 2.5193E+00 4.6401E-04  (-0.404    ,  1.953E-03,   0.00    ) |  4.640E-04 1.526E-03
    6025 2.5197E+00 4.6402E-04  (-0.404    ,  1.953E-03,   0.00    ) |  4.640E-04 1.526E-03
    6026 2.5202E+00 4.6403E-04  (-0.404    ,  1.953E-03,   0.00    ) |  4.640E-04 1.526E-03
    6027 2.5207E+00 4.6405E-04  (-0.404    ,  1.953E-03,   0.00    ) |  4.640E-04 1.526E-03
    6028 2.5211E+00 4.6406E-04  (-0.404    ,  1.953E-03,   0.00    ) |  4.641E-04 1.526E-03
    6029 2.5216E+00 4.6407E-04  (-0.404    ,  1.953E-03,   0.00    ) |  4.641E-04 1.526E-03
    6030 2.5221E+00 4.6408E-04  (-0.404    ,  1.953E-03,   0.00    ) |  4.641E-04 1.526E-03
    6031 2.5225E+00 4.6410E-04  (-0.404    ,  1.953E-03,   0.00    ) |  4.641E-04 1.526E-03
    6032 2.5230E+00 4.6411E-04  (-0.404    ,  1.953E-03,   0.00    ) |  4.641E-04 1.526E-03
    6033 2.5235E+00 4.6412E-04  (-0.404    ,  1.953E-03,   0.00    ) |  4.641E-04 1.526E-03
    6034 2.5239E+00 4.6413E-04  (-0.404    ,  1.953E-03,   0.00    ) |  4.641E-04 1.526E-03
    6035 2.5244E+00 4.6415E-04  (-0.404    ,  1.953E-03,   0.00    ) |  4.641E-04 1.526E-03
    6036 2.5248E+00 4.6416E-04  (-0.404    ,  1.953E-03,   0.00    ) |  4.642E-04 1.526E-03
 *** Wrote plotfile to flash_run_hdf5_plt_cnt_0101 ****
    6037 2.5253E+00 4.6417E-04  (-0.404    ,  1.953E-03,   0.00    ) |  4.642E-04 1.526E-03
    6038 2.5258E+00 4.6418E-04  (-0.404    ,  1.953E-03,   0.00    ) |  4.642E-04 1.526E-03
    6039 2.5262E+00 4.6419E-04  (-0.404    ,  1.953E-03,   0.00    ) |  4.642E-04 1.526E-03
    6040 2.5267E+00 4.6420E-04  (-0.404    ,  1.953E-03,   0.00    ) |  4.642E-04 1.526E-03
    6041 2.5272E+00 4.6421E-04  (-0.404    ,  1.953E-03,   0.00    ) |  4.642E-04 1.526E-03
    6042 2.5276E+00 4.6422E-04  (-0.404    ,  1.953E-03,   0.00    ) |  4.642E-04 1.526E-03
    6043 2.5281E+00 4.6423E-04  (-0.404    ,  1.953E-03,   0.00    ) |  4.642E-04 1.526E-03
    6044 2.5286E+00 4.6424E-04  (-0.404    ,  1.953E-03,   0.00    ) |  4.642E-04 1.526E-03
    6045 2.5290E+00 4.6425E-04  (-0.404    ,  1.953E-03,   0.00    ) |  4.643E-04 1.526E-03
    6046 2.5295E+00 4.6426E-04  (-0.404    ,  1.953E-03,   0.00    ) |  4.643E-04 1.526E-03
    6047 2.5299E+00 4.6427E-04  (-0.404    ,  1.953E-03,   0.00    ) |  4.643E-04 1.526E-03
    6048 2.5304E+00 4.6427E-04  (-0.404    ,  1.953E-03,   0.00    ) |  4.643E-04 1.526E-03
    6049 2.5309E+00 4.6428E-04  (-0.404    ,  1.953E-03,   0.00    ) |  4.643E-04 1.526E-03
    6050 2.5313E+00 4.6428E-04  (-0.404    ,  1.953E-03,   0.00    ) |  4.643E-04 1.526E-03
    6051 2.5318E+00 4.6429E-04  (-0.404    ,  1.953E-03,   0.00    ) |  4.643E-04 1.526E-03
    6052 2.5323E+00 4.6429E-04  (-0.404    ,  1.953E-03,   0.00    ) |  4.643E-04 1.526E-03
    6053 2.5327E+00 4.6430E-04  (-0.404    ,  1.953E-03,   0.00    ) |  4.643E-04 1.526E-03
    6054 2.5332E+00 4.6430E-04  (-0.404    ,  1.953E-03,   0.00    ) |  4.643E-04 1.526E-03
    6055 2.5337E+00 4.6430E-04  (-0.404    ,  1.953E-03,   0.00    ) |  4.643E-04 1.526E-03
    6056 2.5341E+00 4.6431E-04  (-0.404    ,  1.953E-03,   0.00    ) |  4.643E-04 1.526E-03
    6057 2.5346E+00 4.6431E-04  (-0.404    ,  1.953E-03,   0.00    ) |  4.643E-04 1.526E-03
    6058 2.5351E+00 4.6431E-04  (-0.404    ,  1.953E-03,   0.00    ) |  4.643E-04 1.526E-03
    6059 2.5355E+00 4.6431E-04  (-0.404    ,  1.953E-03,   0.00    ) |  4.643E-04 1.526E-03
    6060 2.5360E+00 4.6431E-04  (-0.404    ,  1.953E-03,   0.00    ) |  4.643E-04 1.526E-03
    6061 2.5364E+00 4.6431E-04  (-0.404    ,  1.953E-03,   0.00    ) |  4.643E-04 1.526E-03
    6062 2.5369E+00 4.6431E-04  (-0.404    ,  1.953E-03,   0.00    ) |  4.643E-04 1.526E-03
    6063 2.5374E+00 4.6431E-04  (-0.404    ,  1.953E-03,   0.00    ) |  4.643E-04 1.526E-03
    6064 2.5378E+00 4.6430E-04  (-0.404    ,  1.953E-03,   0.00    ) |  4.643E-04 1.526E-03
    6065 2.5383E+00 4.6430E-04  (-0.404    ,  1.953E-03,   0.00    ) |  4.643E-04 1.526E-03
    6066 2.5388E+00 4.6430E-04  (-0.404    ,  1.953E-03,   0.00    ) |  4.643E-04 1.526E-03
    6067 2.5392E+00 4.6429E-04  (-0.404    ,  1.953E-03,   0.00    ) |  4.643E-04 1.526E-03
    6068 2.5397E+00 4.6429E-04  (-0.404    ,  1.953E-03,   0.00    ) |  4.643E-04 1.526E-03
    6069 2.5402E+00 4.6429E-04  (-0.404    ,  1.953E-03,   0.00    ) |  4.643E-04 1.526E-03
    6070 2.5406E+00 4.6428E-04  (-0.404    ,  1.953E-03,   0.00    ) |  4.643E-04 1.526E-03
    6071 2.5411E+00 4.6428E-04  (-0.404    ,  1.953E-03,   0.00    ) |  4.643E-04 1.526E-03
    6072 2.5416E+00 4.6427E-04  (-0.404    ,  1.953E-03,   0.00    ) |  4.643E-04 1.526E-03
    6073 2.5420E+00 4.6427E-04  (-0.404    ,  1.953E-03,   0.00    ) |  4.643E-04 1.526E-03
    6074 2.5425E+00 4.6426E-04  (-0.404    ,  1.953E-03,   0.00    ) |  4.643E-04 1.526E-03
    6075 2.5429E+00 4.6426E-04  (-0.404    ,  1.953E-03,   0.00    ) |  4.643E-04 1.526E-03
    6076 2.5434E+00 4.6425E-04  (-0.404    ,  1.953E-03,   0.00    ) |  4.643E-04 1.526E-03
    6077 2.5439E+00 4.6425E-04  (-0.404    ,  1.953E-03,   0.00    ) |  4.642E-04 1.526E-03
    6078 2.5443E+00 4.6424E-04  (-0.404    ,  1.953E-03,   0.00    ) |  4.642E-04 1.526E-03
    6079 2.5448E+00 4.6424E-04  (-0.404    ,  1.953E-03,   0.00    ) |  4.642E-04 1.526E-03
    6080 2.5453E+00 4.6423E-04  (-0.404    ,  1.953E-03,   0.00    ) |  4.642E-04 1.526E-03
    6081 2.5457E+00 4.6423E-04  (-0.404    ,  1.953E-03,   0.00    ) |  4.642E-04 1.526E-03
    6082 2.5462E+00 4.6422E-04  (-0.404    ,  1.953E-03,   0.00    ) |  4.642E-04 1.526E-03
    6083 2.5467E+00 4.6422E-04  (-0.404    ,  1.953E-03,   0.00    ) |  4.642E-04 1.526E-03
    6084 2.5471E+00 4.6421E-04  (-0.404    ,  1.953E-03,   0.00    ) |  4.642E-04 1.526E-03
    6085 2.5476E+00 4.6421E-04  (-0.404    ,  1.953E-03,   0.00    ) |  4.642E-04 1.526E-03
    6086 2.5481E+00 4.6421E-04  (-0.404    ,  1.953E-03,   0.00    ) |  4.642E-04 1.526E-03
    6087 2.5485E+00 4.6420E-04  (-0.404    ,  1.953E-03,   0.00    ) |  4.642E-04 1.526E-03
    6088 2.5490E+00 4.6420E-04  (-0.404    ,  1.953E-03,   0.00    ) |  4.642E-04 1.526E-03
    6089 2.5494E+00 4.6420E-04  (-0.404    ,  1.953E-03,   0.00    ) |  4.642E-04 1.526E-03
    6090 2.5499E+00 4.6420E-04  (-0.404    ,  1.953E-03,   0.00    ) |  4.642E-04 1.526E-03
 *** Wrote plotfile to flash_run_hdf5_plt_cnt_0102 ****
    6091 2.5504E+00 4.6419E-04  (-0.404    ,  1.953E-03,   0.00    ) |  4.642E-04 1.526E-03
    6092 2.5508E+00 4.6419E-04  (-0.404    ,  1.953E-03,   0.00    ) |  4.642E-04 1.526E-03
    6093 2.5513E+00 4.6419E-04  (-0.400    ,  1.953E-03,   0.00    ) |  4.642E-04 1.526E-03
    6094 2.5518E+00 4.6419E-04  (-0.400    ,  1.953E-03,   0.00    ) |  4.642E-04 1.526E-03
    6095 2.5522E+00 4.6419E-04  (-0.400    ,  1.953E-03,   0.00    ) |  4.642E-04 1.526E-03
    6096 2.5527E+00 4.6419E-04  (-0.400    ,  1.953E-03,   0.00    ) |  4.642E-04 1.526E-03
    6097 2.5532E+00 4.6419E-04  (-0.400    ,  1.953E-03,   0.00    ) |  4.642E-04 1.526E-03
    6098 2.5536E+00 4.6420E-04  (-0.400    ,  1.953E-03,   0.00    ) |  4.642E-04 1.526E-03
    6099 2.5541E+00 4.6420E-04  (-0.400    ,  1.953E-03,   0.00    ) |  4.642E-04 1.526E-03
    6100 2.5546E+00 4.6420E-04  (-0.400    ,  1.953E-03,   0.00    ) |  4.642E-04 1.526E-03
    6101 2.5550E+00 4.6420E-04  (-0.400    ,  1.953E-03,   0.00    ) |  4.642E-04 1.526E-03
    6102 2.5555E+00 4.6421E-04  (-0.400    ,  1.953E-03,   0.00    ) |  4.642E-04 1.526E-03
    6103 2.5559E+00 4.6421E-04  (-0.400    ,  1.953E-03,   0.00    ) |  4.642E-04 1.526E-03
    6104 2.5564E+00 4.6422E-04  (-0.400    ,  1.953E-03,   0.00    ) |  4.642E-04 1.526E-03
    6105 2.5569E+00 4.6422E-04  (-0.400    ,  1.953E-03,   0.00    ) |  4.642E-04 1.526E-03
    6106 2.5573E+00 4.6423E-04  (-0.400    ,  1.953E-03,   0.00    ) |  4.642E-04 1.526E-03
    6107 2.5578E+00 4.6424E-04  (-0.400    ,  1.953E-03,   0.00    ) |  4.642E-04 1.526E-03
    6108 2.5583E+00 4.6425E-04  (-0.400    ,  1.953E-03,   0.00    ) |  4.642E-04 1.526E-03
    6109 2.5587E+00 4.6425E-04  (-0.400    ,  1.953E-03,   0.00    ) |  4.643E-04 1.526E-03
    6110 2.5592E+00 4.6426E-04  (-0.400    ,  1.953E-03,   0.00    ) |  4.643E-04 1.526E-03
    6111 2.5597E+00 4.6427E-04  (-0.400    ,  1.953E-03,   0.00    ) |  4.643E-04 1.526E-03
    6112 2.5601E+00 4.6428E-04  (-0.400    ,  1.953E-03,   0.00    ) |  4.643E-04 1.526E-03
    6113 2.5606E+00 4.6429E-04  (-0.400    ,  1.953E-03,   0.00    ) |  4.643E-04 1.526E-03
    6114 2.5611E+00 4.6430E-04  (-0.400    ,  1.953E-03,   0.00    ) |  4.643E-04 1.526E-03
    6115 2.5615E+00 4.6431E-04  (-0.400    ,  1.953E-03,   0.00    ) |  4.643E-04 1.526E-03
    6116 2.5620E+00 4.6432E-04  (-0.400    ,  1.953E-03,   0.00    ) |  4.643E-04 1.526E-03
    6117 2.5624E+00 4.6433E-04  (-0.400    ,  1.953E-03,   0.00    ) |  4.643E-04 1.526E-03
    6118 2.5629E+00 4.6434E-04  (-0.400    ,  1.953E-03,   0.00    ) |  4.643E-04 1.526E-03
    6119 2.5634E+00 4.6435E-04  (-0.400    ,  1.953E-03,   0.00    ) |  4.644E-04 1.526E-03
    6120 2.5638E+00 4.6436E-04  (-0.400    ,  1.953E-03,   0.00    ) |  4.644E-04 1.526E-03
    6121 2.5643E+00 4.6438E-04  (-0.400    ,  1.953E-03,   0.00    ) |  4.644E-04 1.526E-03
    6122 2.5648E+00 4.6439E-04  (-0.400    ,  1.953E-03,   0.00    ) |  4.644E-04 1.526E-03
    6123 2.5652E+00 4.6440E-04  (-0.400    ,  1.953E-03,   0.00    ) |  4.644E-04 1.526E-03
    6124 2.5657E+00 4.6441E-04  (-0.400    ,  1.953E-03,   0.00    ) |  4.644E-04 1.526E-03
    6125 2.5662E+00 4.6442E-04  (-0.400    ,  1.953E-03,   0.00    ) |  4.644E-04 1.526E-03
    6126 2.5666E+00 4.6443E-04  (-0.400    ,  1.953E-03,   0.00    ) |  4.644E-04 1.526E-03
    6127 2.5671E+00 4.6444E-04  (-0.400    ,  1.953E-03,   0.00    ) |  4.644E-04 1.526E-03
    6128 2.5676E+00 4.6445E-04  (-0.400    ,  1.953E-03,   0.00    ) |  4.644E-04 1.526E-03
    6129 2.5680E+00 4.6446E-04  (-0.400    ,  1.953E-03,   0.00    ) |  4.645E-04 1.526E-03
    6130 2.5685E+00 4.6447E-04  (-0.400    ,  1.953E-03,   0.00    ) |  4.645E-04 1.526E-03
    6131 2.5689E+00 4.6447E-04  (-0.400    ,  1.953E-03,   0.00    ) |  4.645E-04 1.526E-03
    6132 2.5694E+00 4.6448E-04  (-0.400    ,  1.953E-03,   0.00    ) |  4.645E-04 1.526E-03
    6133 2.5699E+00 4.6449E-04  (-0.400    ,  1.953E-03,   0.00    ) |  4.645E-04 1.526E-03
    6134 2.5703E+00 4.6450E-04  (-0.400    ,  1.953E-03,   0.00    ) |  4.645E-04 1.526E-03
    6135 2.5708E+00 4.6450E-04  (-0.400    ,  1.953E-03,   0.00    ) |  4.645E-04 1.526E-03
    6136 2.5713E+00 4.6451E-04  (-0.400    ,  1.953E-03,   0.00    ) |  4.645E-04 1.526E-03
    6137 2.5717E+00 4.6452E-04  (-0.400    ,  1.953E-03,   0.00    ) |  4.645E-04 1.526E-03
    6138 2.5722E+00 4.6452E-04  (-0.400    ,  1.953E-03,   0.00    ) |  4.645E-04 1.526E-03
    6139 2.5727E+00 4.6453E-04  (-0.400    ,  1.953E-03,   0.00    ) |  4.645E-04 1.526E-03
    6140 2.5731E+00 4.6453E-04  (-0.400    ,  1.953E-03,   0.00    ) |  4.645E-04 1.526E-03
    6141 2.5736E+00 4.6453E-04  (-0.400    ,  1.953E-03,   0.00    ) |  4.645E-04 1.526E-03
    6142 2.5741E+00 4.6454E-04  (-0.400    ,  1.953E-03,   0.00    ) |  4.645E-04 1.526E-03
    6143 2.5745E+00 4.6454E-04  (-0.400    ,  1.953E-03,   0.00    ) |  4.645E-04 1.526E-03
    6144 2.5750E+00 4.6454E-04  (-0.400    ,  1.953E-03,   0.00    ) |  4.645E-04 1.526E-03
 *** Wrote plotfile to flash_run_hdf5_plt_cnt_0103 ****
    6145 2.5755E+00 4.6455E-04  (-0.400    ,  1.953E-03,   0.00    ) |  4.645E-04 1.526E-03
    6146 2.5759E+00 4.6455E-04  (-0.400    ,  1.953E-03,   0.00    ) |  4.645E-04 1.526E-03
    6147 2.5764E+00 4.6455E-04  (-0.400    ,  1.953E-03,   0.00    ) |  4.645E-04 1.526E-03
    6148 2.5768E+00 4.6455E-04  (-0.400    ,  1.953E-03,   0.00    ) |  4.645E-04 1.526E-03
    6149 2.5773E+00 4.6455E-04  (-0.400    ,  1.953E-03,   0.00    ) |  4.645E-04 1.526E-03
    6150 2.5778E+00 4.6455E-04  (-0.400    ,  1.953E-03,   0.00    ) |  4.645E-04 1.526E-03
    6151 2.5782E+00 4.6455E-04  (-0.400    ,  1.953E-03,   0.00    ) |  4.645E-04 1.526E-03
    6152 2.5787E+00 4.6455E-04  (-0.400    ,  1.953E-03,   0.00    ) |  4.645E-04 1.526E-03
    6153 2.5792E+00 4.6455E-04  (-0.400    ,  1.953E-03,   0.00    ) |  4.645E-04 1.526E-03
    6154 2.5796E+00 4.6454E-04  (-0.400    ,  1.953E-03,   0.00    ) |  4.645E-04 1.526E-03
    6155 2.5801E+00 4.6454E-04  (-0.400    ,  1.953E-03,   0.00    ) |  4.645E-04 1.526E-03
    6156 2.5806E+00 4.6454E-04  (-0.400    ,  1.953E-03,   0.00    ) |  4.645E-04 1.526E-03
    6157 2.5810E+00 4.6454E-04  (-0.400    ,  1.953E-03,   0.00    ) |  4.645E-04 1.526E-03
    6158 2.5815E+00 4.6454E-04  (-0.400    ,  1.953E-03,   0.00    ) |  4.645E-04 1.526E-03
    6159 2.5820E+00 4.6454E-04  (-0.400    ,  1.953E-03,   0.00    ) |  4.645E-04 1.526E-03
    6160 2.5824E+00 4.6453E-04  (-0.400    ,  1.953E-03,   0.00    ) |  4.645E-04 1.526E-03
    6161 2.5829E+00 4.6453E-04  (-0.400    ,  1.953E-03,   0.00    ) |  4.645E-04 1.526E-03
    6162 2.5833E+00 4.6453E-04  (-0.400    ,  1.953E-03,   0.00    ) |  4.645E-04 1.526E-03
    6163 2.5838E+00 4.6452E-04  (-0.400    ,  1.953E-03,   0.00    ) |  4.645E-04 1.526E-03
    6164 2.5843E+00 4.6452E-04  (-0.400    ,  1.953E-03,   0.00    ) |  4.645E-04 1.526E-03
    6165 2.5847E+00 4.6452E-04  (-0.400    ,  1.953E-03,   0.00    ) |  4.645E-04 1.526E-03
    6166 2.5852E+00 4.6452E-04  (-0.400    ,  1.953E-03,   0.00    ) |  4.645E-04 1.526E-03
    6167 2.5857E+00 4.6451E-04  (-0.400    ,  1.953E-03,   0.00    ) |  4.645E-04 1.526E-03
    6168 2.5861E+00 4.6451E-04  (-0.400    ,  1.953E-03,   0.00    ) |  4.645E-04 1.526E-03
    6169 2.5866E+00 4.6451E-04  (-0.400    ,  1.953E-03,   0.00    ) |  4.645E-04 1.526E-03
    6170 2.5871E+00 4.6451E-04  (-0.400    ,  1.953E-03,   0.00    ) |  4.645E-04 1.526E-03
    6171 2.5875E+00 4.6451E-04  (-0.400    ,  1.953E-03,   0.00    ) |  4.645E-04 1.526E-03
    6172 2.5880E+00 4.6450E-04  (-0.400    ,  1.953E-03,   0.00    ) |  4.645E-04 1.526E-03
    6173 2.5885E+00 4.6450E-04  (-0.400    ,  1.953E-03,   0.00    ) |  4.645E-04 1.526E-03
    6174 2.5889E+00 4.6450E-04  (-0.400    ,  1.953E-03,   0.00    ) |  4.645E-04 1.526E-03
    6175 2.5894E+00 4.6450E-04  (-0.400    ,  1.953E-03,   0.00    ) |  4.645E-04 1.526E-03
    6176 2.5899E+00 4.6450E-04  (-0.400    ,  1.953E-03,   0.00    ) |  4.645E-04 1.526E-03
    6177 2.5903E+00 4.6449E-04  (-0.400    ,  1.953E-03,   0.00    ) |  4.645E-04 1.526E-03
    6178 2.5908E+00 4.6449E-04  (-0.400    ,  1.953E-03,   0.00    ) |  4.645E-04 1.526E-03
    6179 2.5912E+00 4.6449E-04  (-0.400    ,  1.953E-03,   0.00    ) |  4.645E-04 1.526E-03
    6180 2.5917E+00 4.6449E-04  (-0.400    ,  1.953E-03,   0.00    ) |  4.645E-04 1.526E-03
    6181 2.5922E+00 4.6449E-04  (-0.400    ,  1.953E-03,   0.00    ) |  4.645E-04 1.526E-03
    6182 2.5926E+00 4.6449E-04  (-0.400    ,  1.953E-03,   0.00    ) |  4.645E-04 1.526E-03
    6183 2.5931E+00 4.6449E-04  (-0.400    ,  1.953E-03,   0.00    ) |  4.645E-04 1.526E-03
    6184 2.5936E+00 4.6449E-04  (-0.400    ,  1.953E-03,   0.00    ) |  4.645E-04 1.526E-03
    6185 2.5940E+00 4.6449E-04  (-0.400    ,  1.953E-03,   0.00    ) |  4.645E-04 1.526E-03
    6186 2.5945E+00 4.6449E-04  (-0.400    ,  1.953E-03,   0.00    ) |  4.645E-04 1.526E-03
    6187 2.5950E+00 4.6449E-04  (-0.400    ,  1.953E-03,   0.00    ) |  4.645E-04 1.526E-03
    6188 2.5954E+00 4.6449E-04  (-0.400    ,  1.953E-03,   0.00    ) |  4.645E-04 1.526E-03
    6189 2.5959E+00 4.6449E-04  (-0.400    ,  1.953E-03,   0.00    ) |  4.645E-04 1.526E-03
    6190 2.5964E+00 4.6449E-04  (-0.400    ,  1.953E-03,   0.00    ) |  4.645E-04 1.526E-03
    6191 2.5968E+00 4.6449E-04  (-0.400    ,  1.953E-03,   0.00    ) |  4.645E-04 1.526E-03
    6192 2.5973E+00 4.6449E-04  (-0.400    ,  1.953E-03,   0.00    ) |  4.645E-04 1.526E-03
    6193 2.5977E+00 4.6449E-04  (-0.400    ,  1.953E-03,   0.00    ) |  4.645E-04 1.526E-03
    6194 2.5982E+00 4.6450E-04  (-0.400    ,  1.953E-03,   0.00    ) |  4.645E-04 1.526E-03
    6195 2.5987E+00 4.6450E-04  (-0.400    ,  1.953E-03,   0.00    ) |  4.645E-04 1.526E-03
    6196 2.5991E+00 4.6450E-04  (-0.400    ,  1.953E-03,   0.00    ) |  4.645E-04 1.526E-03
    6197 2.5996E+00 4.6450E-04  (-0.400    ,  1.953E-03,   0.00    ) |  4.645E-04 1.526E-03
 *** Wrote plotfile to flash_run_hdf5_plt_cnt_0104 ****
    6198 2.6001E+00 4.6450E-04  (-0.400    ,  1.953E-03,   0.00    ) |  4.645E-04 1.526E-03
    6199 2.6005E+00 4.6450E-04  (-0.400    ,  1.953E-03,   0.00    ) |  4.645E-04 1.526E-03
    6200 2.6010E+00 4.6450E-04  (-0.400    ,  1.953E-03,   0.00    ) |  4.645E-04 1.526E-03
    6201 2.6015E+00 4.6451E-04  (-0.400    ,  1.953E-03,   0.00    ) |  4.645E-04 1.526E-03
    6202 2.6019E+00 4.6451E-04  (-0.400    ,  1.953E-03,   0.00    ) |  4.645E-04 1.526E-03
    6203 2.6024E+00 4.6451E-04  (-0.400    ,  1.953E-03,   0.00    ) |  4.645E-04 1.526E-03
    6204 2.6029E+00 4.6451E-04  (-0.400    ,  1.953E-03,   0.00    ) |  4.645E-04 1.526E-03
    6205 2.6033E+00 4.6451E-04  (-0.400    ,  1.953E-03,   0.00    ) |  4.645E-04 1.526E-03
    6206 2.6038E+00 4.6451E-04  (-0.400    ,  1.953E-03,   0.00    ) |  4.645E-04 1.526E-03
    6207 2.6043E+00 4.6451E-04  (-0.400    ,  1.953E-03,   0.00    ) |  4.645E-04 1.526E-03
    6208 2.6047E+00 4.6452E-04  (-0.400    ,  1.953E-03,   0.00    ) |  4.645E-04 1.526E-03
    6209 2.6052E+00 4.6452E-04  (-0.400    ,  1.953E-03,   0.00    ) |  4.645E-04 1.526E-03
    6210 2.6056E+00 4.6452E-04  (-0.400    ,  1.953E-03,   0.00    ) |  4.645E-04 1.526E-03
    6211 2.6061E+00 4.6452E-04  (-0.400    ,  1.953E-03,   0.00    ) |  4.645E-04 1.526E-03
    6212 2.6066E+00 4.6452E-04  (-0.400    ,  1.953E-03,   0.00    ) |  4.645E-04 1.526E-03
    6213 2.6070E+00 4.6452E-04  (-0.400    ,  1.953E-03,   0.00    ) |  4.645E-04 1.526E-03
    6214 2.6075E+00 4.6452E-04  (-0.400    ,  1.953E-03,   0.00    ) |  4.645E-04 1.526E-03
    6215 2.6080E+00 4.6452E-04  (-0.400    ,  1.953E-03,   0.00    ) |  4.645E-04 1.526E-03
    6216 2.6084E+00 4.6452E-04  (-0.400    ,  1.953E-03,   0.00    ) |  4.645E-04 1.526E-03
    6217 2.6089E+00 4.6453E-04  (-0.400    ,  1.953E-03,   0.00    ) |  4.645E-04 1.526E-03
    6218 2.6094E+00 4.6453E-04  (-0.400    ,  1.953E-03,   0.00    ) |  4.645E-04 1.526E-03
    6219 2.6098E+00 4.6453E-04  (-0.400    ,  1.953E-03,   0.00    ) |  4.645E-04 1.526E-03
    6220 2.6103E+00 4.6453E-04  (-0.400    ,  1.953E-03,   0.00    ) |  4.645E-04 1.526E-03
    6221 2.6108E+00 4.6453E-04  (-0.400    ,  1.953E-03,   0.00    ) |  4.645E-04 1.526E-03
    6222 2.6112E+00 4.6453E-04  (-0.400    ,  1.953E-03,   0.00    ) |  4.645E-04 1.526E-03
    6223 2.6117E+00 4.6453E-04  (-0.400    ,  1.953E-03,   0.00    ) |  4.645E-04 1.526E-03
    6224 2.6121E+00 4.6453E-04  (-0.400    ,  1.953E-03,   0.00    ) |  4.645E-04 1.526E-03
    6225 2.6126E+00 4.6453E-04  (-0.400    ,  1.953E-03,   0.00    ) |  4.645E-04 1.526E-03
    6226 2.6131E+00 4.6453E-04  (-0.400    ,  1.953E-03,   0.00    ) |  4.645E-04 1.526E-03
    6227 2.6135E+00 4.6453E-04  (-0.400    ,  1.953E-03,   0.00    ) |  4.645E-04 1.526E-03
    6228 2.6140E+00 4.6453E-04  (-0.400    ,  1.953E-03,   0.00    ) |  4.645E-04 1.526E-03
    6229 2.6145E+00 4.6453E-04  (-0.400    ,  1.953E-03,   0.00    ) |  4.645E-04 1.526E-03
    6230 2.6149E+00 4.6453E-04  (-0.400    ,  1.953E-03,   0.00    ) |  4.645E-04 1.526E-03
    6231 2.6154E+00 4.6453E-04  (-0.400    ,  1.953E-03,   0.00    ) |  4.645E-04 1.526E-03
    6232 2.6159E+00 4.6454E-04  (-0.400    ,  1.953E-03,   0.00    ) |  4.645E-04 1.526E-03
    6233 2.6163E+00 4.6454E-04  (-0.400    ,  1.953E-03,   0.00    ) |  4.645E-04 1.526E-03
    6234 2.6168E+00 4.6454E-04  (-0.400    ,  1.953E-03,   0.00    ) |  4.645E-04 1.526E-03
    6235 2.6173E+00 4.6454E-04  (-0.400    ,  1.953E-03,   0.00    ) |  4.645E-04 1.526E-03
    6236 2.6177E+00 4.6454E-04  (-0.400    ,  1.953E-03,   0.00    ) |  4.645E-04 1.526E-03
    6237 2.6182E+00 4.6454E-04  (-0.400    ,  1.953E-03,   0.00    ) |  4.645E-04 1.526E-03
    6238 2.6187E+00 4.6454E-04  (-0.400    ,  1.953E-03,   0.00    ) |  4.645E-04 1.526E-03
    6239 2.6191E+00 4.6455E-04  (-0.400    ,  1.953E-03,   0.00    ) |  4.645E-04 1.526E-03
    6240 2.6196E+00 4.6455E-04  (-0.400    ,  1.953E-03,   0.00    ) |  4.645E-04 1.526E-03
    6241 2.6200E+00 4.6455E-04  (-0.400    ,  1.953E-03,   0.00    ) |  4.646E-04 1.526E-03
    6242 2.6205E+00 4.6455E-04  (-0.400    ,  1.953E-03,   0.00    ) |  4.646E-04 1.526E-03
    6243 2.6210E+00 4.6456E-04  (-0.400    ,  1.953E-03,   0.00    ) |  4.646E-04 1.526E-03
    6244 2.6214E+00 4.6456E-04  (-0.400    ,  1.953E-03,   0.00    ) |  4.646E-04 1.526E-03
    6245 2.6219E+00 4.6456E-04  (-0.400    ,  1.953E-03,   0.00    ) |  4.646E-04 1.526E-03
    6246 2.6224E+00 4.6457E-04  (-0.396    ,  1.953E-03,   0.00    ) |  4.646E-04 1.526E-03
    6247 2.6228E+00 4.6457E-04  (-0.396    ,  1.953E-03,   0.00    ) |  4.646E-04 1.526E-03
    6248 2.6233E+00 4.6458E-04  (-0.396    ,  1.953E-03,   0.00    ) |  4.646E-04 1.526E-03
    6249 2.6238E+00 4.6458E-04  (-0.396    ,  1.953E-03,   0.00    ) |  4.646E-04 1.526E-03
    6250 2.6242E+00 4.6458E-04  (-0.396    ,  1.953E-03,   0.00    ) |  4.646E-04 1.526E-03
    6251 2.6247E+00 4.6459E-04  (-0.396    ,  1.953E-03,   0.00    ) |  4.646E-04 1.526E-03
 *** Wrote plotfile to flash_run_hdf5_plt_cnt_0105 ****
    6252 2.6252E+00 4.6459E-04  (-0.396    ,  1.953E-03,   0.00    ) |  4.646E-04 1.526E-03
    6253 2.6256E+00 4.6460E-04  (-0.396    ,  1.953E-03,   0.00    ) |  4.646E-04 1.526E-03
    6254 2.6261E+00 4.6460E-04  (-0.396    ,  1.953E-03,   0.00    ) |  4.646E-04 1.526E-03
    6255 2.6265E+00 4.6461E-04  (-0.396    ,  1.953E-03,   0.00    ) |  4.646E-04 1.526E-03
    6256 2.6270E+00 4.6462E-04  (-0.396    ,  1.953E-03,   0.00    ) |  4.646E-04 1.526E-03
    6257 2.6275E+00 4.6462E-04  (-0.396    ,  1.953E-03,   0.00    ) |  4.646E-04 1.526E-03
    6258 2.6279E+00 4.6463E-04  (-0.396    ,  1.953E-03,   0.00    ) |  4.646E-04 1.526E-03
    6259 2.6284E+00 4.6464E-04  (-0.396    ,  1.953E-03,   0.00    ) |  4.646E-04 1.526E-03
    6260 2.6289E+00 4.6464E-04  (-0.396    ,  1.953E-03,   0.00    ) |  4.646E-04 1.526E-03
    6261 2.6293E+00 4.6465E-04  (-0.396    ,  1.953E-03,   0.00    ) |  4.646E-04 1.526E-03
    6262 2.6298E+00 4.6466E-04  (-0.396    ,  1.953E-03,   0.00    ) |  4.647E-04 1.526E-03
    6263 2.6303E+00 4.6466E-04  (-0.396    ,  1.953E-03,   0.00    ) |  4.647E-04 1.526E-03
    6264 2.6307E+00 4.6467E-04  (-0.396    ,  1.953E-03,   0.00    ) |  4.647E-04 1.526E-03
    6265 2.6312E+00 4.6468E-04  (-0.396    ,  1.953E-03,   0.00    ) |  4.647E-04 1.526E-03
    6266 2.6317E+00 4.6469E-04  (-0.396    ,  1.953E-03,   0.00    ) |  4.647E-04 1.526E-03
    6267 2.6321E+00 4.6469E-04  (-0.396    ,  1.953E-03,   0.00    ) |  4.647E-04 1.526E-03
    6268 2.6326E+00 4.6470E-04  (-0.396    ,  1.953E-03,   0.00    ) |  4.647E-04 1.526E-03
    6269 2.6331E+00 4.6471E-04  (-0.396    ,  1.953E-03,   0.00    ) |  4.647E-04 1.526E-03
    6270 2.6335E+00 4.6472E-04  (-0.396    ,  1.953E-03,   0.00    ) |  4.647E-04 1.526E-03
    6271 2.6340E+00 4.6472E-04  (-0.396    ,  1.953E-03,   0.00    ) |  4.647E-04 1.526E-03
    6272 2.6344E+00 4.6473E-04  (-0.396    ,  1.953E-03,   0.00    ) |  4.647E-04 1.526E-03
    6273 2.6349E+00 4.6474E-04  (-0.396    ,  1.953E-03,   0.00    ) |  4.647E-04 1.526E-03
    6274 2.6354E+00 4.6475E-04  (-0.396    ,  1.953E-03,   0.00    ) |  4.647E-04 1.526E-03
    6275 2.6358E+00 4.6475E-04  (-0.396    ,  1.953E-03,   0.00    ) |  4.648E-04 1.526E-03
    6276 2.6363E+00 4.6476E-04  (-0.396    ,  1.953E-03,   0.00    ) |  4.648E-04 1.526E-03
    6277 2.6368E+00 4.6476E-04  (-0.396    ,  1.953E-03,   0.00    ) |  4.648E-04 1.526E-03
    6278 2.6372E+00 4.6477E-04  (-0.396    ,  1.953E-03,   0.00    ) |  4.648E-04 1.526E-03
    6279 2.6377E+00 4.6478E-04  (-0.396    ,  1.953E-03,   0.00    ) |  4.648E-04 1.526E-03
    6280 2.6382E+00 4.6478E-04  (-0.396    ,  1.953E-03,   0.00    ) |  4.648E-04 1.526E-03
    6281 2.6386E+00 4.6479E-04  (-0.396    ,  1.953E-03,   0.00    ) |  4.648E-04 1.526E-03
    6282 2.6391E+00 4.6479E-04  (-0.396    ,  1.953E-03,   0.00    ) |  4.648E-04 1.526E-03
    6283 2.6396E+00 4.6479E-04  (-0.396    ,  1.953E-03,   0.00    ) |  4.648E-04 1.526E-03
    6284 2.6400E+00 4.6480E-04  (-0.396    ,  1.953E-03,   0.00    ) |  4.648E-04 1.526E-03
    6285 2.6405E+00 4.6480E-04  (-0.396    ,  1.953E-03,   0.00    ) |  4.648E-04 1.526E-03
    6286 2.6410E+00 4.6480E-04  (-0.396    ,  1.953E-03,   0.00    ) |  4.648E-04 1.526E-03
    6287 2.6414E+00 4.6481E-04  (-0.396    ,  1.953E-03,   0.00    ) |  4.648E-04 1.526E-03
    6288 2.6419E+00 4.6481E-04  (-0.396    ,  1.953E-03,   0.00    ) |  4.648E-04 1.526E-03
    6289 2.6423E+00 4.6481E-04  (-0.396    ,  1.953E-03,   0.00    ) |  4.648E-04 1.526E-03
    6290 2.6428E+00 4.6482E-04  (-0.396    ,  1.953E-03,   0.00    ) |  4.648E-04 1.526E-03
    6291 2.6433E+00 4.6482E-04  (-0.396    ,  1.953E-03,   0.00    ) |  4.648E-04 1.526E-03
    6292 2.6437E+00 4.6482E-04  (-0.396    ,  1.953E-03,   0.00    ) |  4.648E-04 1.526E-03
    6293 2.6442E+00 4.6482E-04  (-0.396    ,  1.953E-03,   0.00    ) |  4.648E-04 1.526E-03
    6294 2.6447E+00 4.6482E-04  (-0.396    ,  1.953E-03,   0.00    ) |  4.648E-04 1.526E-03
    6295 2.6451E+00 4.6483E-04  (-0.396    ,  1.953E-03,   0.00    ) |  4.648E-04 1.526E-03
    6296 2.6456E+00 4.6483E-04  (-0.396    ,  1.953E-03,   0.00    ) |  4.648E-04 1.526E-03
    6297 2.6461E+00 4.6483E-04  (-0.396    ,  1.953E-03,   0.00    ) |  4.648E-04 1.526E-03
    6298 2.6465E+00 4.6483E-04  (-0.396    ,  1.953E-03,   0.00    ) |  4.648E-04 1.526E-03
    6299 2.6470E+00 4.6483E-04  (-0.396    ,  1.953E-03,   0.00    ) |  4.648E-04 1.526E-03
    6300 2.6475E+00 4.6484E-04  (-0.396    ,  1.953E-03,   0.00    ) |  4.648E-04 1.526E-03
    6301 2.6479E+00 4.6484E-04  (-0.396    ,  1.953E-03,   0.00    ) |  4.648E-04 1.526E-03
    6302 2.6484E+00 4.6484E-04  (-0.396    ,  1.953E-03,   0.00    ) |  4.648E-04 1.526E-03
    6303 2.6489E+00 4.6484E-04  (-0.396    ,  1.953E-03,   0.00    ) |  4.648E-04 1.526E-03
    6304 2.6493E+00 4.6484E-04  (-0.396    ,  1.953E-03,   0.00    ) |  4.648E-04 1.526E-03
    6305 2.6498E+00 4.6485E-04  (-0.396    ,  1.953E-03,   0.00    ) |  4.648E-04 1.526E-03
 *** Wrote plotfile to flash_run_hdf5_plt_cnt_0106 ****
    6306 2.6503E+00 4.6485E-04  (-0.396    ,  1.953E-03,   0.00    ) |  4.648E-04 1.526E-03
    6307 2.6507E+00 4.6485E-04  (-0.396    ,  1.953E-03,   0.00    ) |  4.649E-04 1.526E-03
    6308 2.6512E+00 4.6486E-04  (-0.396    ,  1.953E-03,   0.00    ) |  4.649E-04 1.526E-03
    6309 2.6516E+00 4.6486E-04  (-0.396    ,  1.953E-03,   0.00    ) |  4.649E-04 1.526E-03
    6310 2.6521E+00 4.6486E-04  (-0.396    ,  1.953E-03,   0.00    ) |  4.649E-04 1.526E-03
    6311 2.6526E+00 4.6487E-04  (-0.396    ,  1.953E-03,   0.00    ) |  4.649E-04 1.526E-03
    6312 2.6530E+00 4.6487E-04  (-0.396    ,  1.953E-03,   0.00    ) |  4.649E-04 1.526E-03
    6313 2.6535E+00 4.6488E-04  (-0.396    ,  1.953E-03,   0.00    ) |  4.649E-04 1.526E-03
    6314 2.6540E+00 4.6488E-04  (-0.396    ,  1.953E-03,   0.00    ) |  4.649E-04 1.526E-03
    6315 2.6544E+00 4.6489E-04  (-0.396    ,  1.953E-03,   0.00    ) |  4.649E-04 1.526E-03
    6316 2.6549E+00 4.6489E-04  (-0.396    ,  1.953E-03,   0.00    ) |  4.649E-04 1.526E-03
    6317 2.6554E+00 4.6490E-04  (-0.396    ,  1.953E-03,   0.00    ) |  4.649E-04 1.526E-03
    6318 2.6558E+00 4.6490E-04  (-0.396    ,  1.953E-03,   0.00    ) |  4.649E-04 1.526E-03
    6319 2.6563E+00 4.6491E-04  (-0.396    ,  1.953E-03,   0.00    ) |  4.649E-04 1.526E-03
    6320 2.6568E+00 4.6492E-04  (-0.396    ,  1.953E-03,   0.00    ) |  4.649E-04 1.526E-03
    6321 2.6572E+00 4.6492E-04  (-0.396    ,  1.953E-03,   0.00    ) |  4.649E-04 1.526E-03
    6322 2.6577E+00 4.6493E-04  (-0.396    ,  1.953E-03,   0.00    ) |  4.649E-04 1.526E-03
    6323 2.6582E+00 4.6493E-04  (-0.396    ,  1.953E-03,   0.00    ) |  4.649E-04 1.526E-03
    6324 2.6586E+00 4.6494E-04  (-0.396    ,  1.953E-03,   0.00    ) |  4.649E-04 1.526E-03
    6325 2.6591E+00 4.6495E-04  (-0.396    ,  1.953E-03,   0.00    ) |  4.649E-04 1.526E-03
    6326 2.6595E+00 4.6495E-04  (-0.396    ,  1.953E-03,   0.00    ) |  4.650E-04 1.526E-03
    6327 2.6600E+00 4.6496E-04  (-0.396    ,  1.953E-03,   0.00    ) |  4.650E-04 1.526E-03
    6328 2.6605E+00 4.6497E-04  (-0.396    ,  1.953E-03,   0.00    ) |  4.650E-04 1.526E-03
    6329 2.6609E+00 4.6497E-04  (-0.396    ,  1.953E-03,   0.00    ) |  4.650E-04 1.526E-03
    6330 2.6614E+00 4.6498E-04  (-0.396    ,  1.953E-03,   0.00    ) |  4.650E-04 1.526E-03
    6331 2.6619E+00 4.6499E-04  (-0.396    ,  1.953E-03,   0.00    ) |  4.650E-04 1.526E-03
    6332 2.6623E+00 4.6499E-04  (-0.396    ,  1.953E-03,   0.00    ) |  4.650E-04 1.526E-03
    6333 2.6628E+00 4.6500E-04  (-0.396    ,  1.953E-03,   0.00    ) |  4.650E-04 1.526E-03
    6334 2.6633E+00 4.6501E-04  (-0.396    ,  1.953E-03,   0.00    ) |  4.650E-04 1.526E-03
    6335 2.6637E+00 4.6501E-04  (-0.396    ,  1.953E-03,   0.00    ) |  4.650E-04 1.526E-03
    6336 2.6642E+00 4.6502E-04  (-0.396    ,  1.953E-03,   0.00    ) |  4.650E-04 1.526E-03
    6337 2.6647E+00 4.6502E-04  (-0.396    ,  1.953E-03,   0.00    ) |  4.650E-04 1.526E-03
    6338 2.6651E+00 4.6503E-04  (-0.396    ,  1.953E-03,   0.00    ) |  4.650E-04 1.526E-03
    6339 2.6656E+00 4.6503E-04  (-0.396    ,  1.953E-03,   0.00    ) |  4.650E-04 1.526E-03
    6340 2.6661E+00 4.6504E-04  (-0.396    ,  1.953E-03,   0.00    ) |  4.650E-04 1.526E-03
    6341 2.6665E+00 4.6504E-04  (-0.396    ,  1.953E-03,   0.00    ) |  4.650E-04 1.526E-03
    6342 2.6670E+00 4.6505E-04  (-0.396    ,  1.953E-03,   0.00    ) |  4.650E-04 1.526E-03
    6343 2.6675E+00 4.6505E-04  (-0.396    ,  1.953E-03,   0.00    ) |  4.650E-04 1.526E-03
    6344 2.6679E+00 4.6505E-04  (-0.396    ,  1.953E-03,   0.00    ) |  4.651E-04 1.526E-03
    6345 2.6684E+00 4.6506E-04  (-0.396    ,  1.953E-03,   0.00    ) |  4.651E-04 1.526E-03
    6346 2.6689E+00 4.6506E-04  (-0.396    ,  1.953E-03,   0.00    ) |  4.651E-04 1.526E-03
    6347 2.6693E+00 4.6506E-04  (-0.396    ,  1.953E-03,   0.00    ) |  4.651E-04 1.526E-03
    6348 2.6698E+00 4.6506E-04  (-0.396    ,  1.953E-03,   0.00    ) |  4.651E-04 1.526E-03
    6349 2.6702E+00 4.6507E-04  (-0.396    ,  1.953E-03,   0.00    ) |  4.651E-04 1.526E-03
    6350 2.6707E+00 4.6507E-04  (-0.396    ,  1.953E-03,   0.00    ) |  4.651E-04 1.526E-03
    6351 2.6712E+00 4.6507E-04  (-0.396    ,  1.953E-03,   0.00    ) |  4.651E-04 1.526E-03
    6352 2.6716E+00 4.6507E-04  (-0.396    ,  1.953E-03,   0.00    ) |  4.651E-04 1.526E-03
    6353 2.6721E+00 4.6507E-04  (-0.396    ,  1.953E-03,   0.00    ) |  4.651E-04 1.526E-03
    6354 2.6726E+00 4.6507E-04  (-0.396    ,  1.953E-03,   0.00    ) |  4.651E-04 1.526E-03
    6355 2.6730E+00 4.6507E-04  (-0.396    ,  1.953E-03,   0.00    ) |  4.651E-04 1.526E-03
    6356 2.6735E+00 4.6508E-04  (-0.396    ,  1.953E-03,   0.00    ) |  4.651E-04 1.526E-03
    6357 2.6740E+00 4.6508E-04  (-0.396    ,  1.953E-03,   0.00    ) |  4.651E-04 1.526E-03
    6358 2.6744E+00 4.6508E-04  (-0.396    ,  1.953E-03,   0.00    ) |  4.651E-04 1.526E-03
    6359 2.6749E+00 4.6508E-04  (-0.396    ,  1.953E-03,   0.00    ) |  4.651E-04 1.526E-03
 *** Wrote plotfile to flash_run_hdf5_plt_cnt_0107 ****
    6360 2.6754E+00 4.6508E-04  (-0.396    ,  1.953E-03,   0.00    ) |  4.651E-04 1.526E-03
    6361 2.6758E+00 4.6508E-04  (-0.396    ,  1.953E-03,   0.00    ) |  4.651E-04 1.526E-03
    6362 2.6763E+00 4.6508E-04  (-0.396    ,  1.953E-03,   0.00    ) |  4.651E-04 1.526E-03
    6363 2.6768E+00 4.6508E-04  (-0.396    ,  1.953E-03,   0.00    ) |  4.651E-04 1.526E-03
    6364 2.6772E+00 4.6508E-04  (-0.396    ,  1.953E-03,   0.00    ) |  4.651E-04 1.526E-03
    6365 2.6777E+00 4.6508E-04  (-0.396    ,  1.953E-03,   0.00    ) |  4.651E-04 1.526E-03
    6366 2.6782E+00 4.6508E-04  (-0.396    ,  1.953E-03,   0.00    ) |  4.651E-04 1.526E-03
    6367 2.6786E+00 4.6508E-04  (-0.396    ,  1.953E-03,   0.00    ) |  4.651E-04 1.526E-03
    6368 2.6791E+00 4.6508E-04  (-0.396    ,  1.953E-03,   0.00    ) |  4.651E-04 1.526E-03
    6369 2.6795E+00 4.6508E-04  (-0.396    ,  1.953E-03,   0.00    ) |  4.651E-04 1.526E-03
    6370 2.6800E+00 4.6508E-04  (-0.396    ,  1.953E-03,   0.00    ) |  4.651E-04 1.526E-03
    6371 2.6805E+00 4.6508E-04  (-0.396    ,  1.953E-03,   0.00    ) |  4.651E-04 1.526E-03
    6372 2.6809E+00 4.6508E-04  (-0.396    ,  1.953E-03,   0.00    ) |  4.651E-04 1.526E-03
    6373 2.6814E+00 4.6508E-04  (-0.396    ,  1.953E-03,   0.00    ) |  4.651E-04 1.526E-03
    6374 2.6819E+00 4.6508E-04  (-0.396    ,  1.953E-03,   0.00    ) |  4.651E-04 1.526E-03
    6375 2.6823E+00 4.6508E-04  (-0.396    ,  1.953E-03,   0.00    ) |  4.651E-04 1.526E-03
    6376 2.6828E+00 4.6508E-04  (-0.396    ,  1.953E-03,   0.00    ) |  4.651E-04 1.526E-03
    6377 2.6833E+00 4.6508E-04  (-0.396    ,  1.953E-03,   0.00    ) |  4.651E-04 1.526E-03
    6378 2.6837E+00 4.6508E-04  (-0.396    ,  1.953E-03,   0.00    ) |  4.651E-04 1.526E-03
    6379 2.6842E+00 4.6508E-04  (-0.396    ,  1.953E-03,   0.00    ) |  4.651E-04 1.526E-03
    6380 2.6847E+00 4.6509E-04  (-0.396    ,  1.953E-03,   0.00    ) |  4.651E-04 1.526E-03
    6381 2.6851E+00 4.6509E-04  (-0.396    ,  1.953E-03,   0.00    ) |  4.651E-04 1.526E-03
    6382 2.6856E+00 4.6509E-04  (-0.396    ,  1.953E-03,   0.00    ) |  4.651E-04 1.526E-03
    6383 2.6861E+00 4.6509E-04  (-0.396    ,  1.953E-03,   0.00    ) |  4.651E-04 1.526E-03
    6384 2.6865E+00 4.6509E-04  (-0.396    ,  1.953E-03,   0.00    ) |  4.651E-04 1.526E-03
    6385 2.6870E+00 4.6510E-04  (-0.396    ,  1.953E-03,   0.00    ) |  4.651E-04 1.526E-03
    6386 2.6875E+00 4.6510E-04  (-0.396    ,  1.953E-03,   0.00    ) |  4.651E-04 1.526E-03
    6387 2.6879E+00 4.6510E-04  (-0.396    ,  1.953E-03,   0.00    ) |  4.651E-04 1.526E-03
    6388 2.6884E+00 4.6511E-04  (-0.396    ,  1.953E-03,   0.00    ) |  4.651E-04 1.526E-03
    6389 2.6888E+00 4.6511E-04  (-0.396    ,  1.953E-03,   0.00    ) |  4.651E-04 1.526E-03
    6390 2.6893E+00 4.6511E-04  (-0.396    ,  1.953E-03,   0.00    ) |  4.651E-04 1.526E-03
    6391 2.6898E+00 4.6512E-04  (-0.396    ,  1.953E-03,   0.00    ) |  4.651E-04 1.526E-03
    6392 2.6902E+00 4.6512E-04  (-0.396    ,  1.953E-03,   0.00    ) |  4.651E-04 1.526E-03
    6393 2.6907E+00 4.6513E-04  (-0.396    ,  1.953E-03,   0.00    ) |  4.651E-04 1.526E-03
    6394 2.6912E+00 4.6513E-04  (-0.396    ,  1.953E-03,   0.00    ) |  4.651E-04 1.526E-03
    6395 2.6916E+00 4.6514E-04  (-0.396    ,  1.953E-03,   0.00    ) |  4.651E-04 1.526E-03
    6396 2.6921E+00 4.6514E-04  (-0.396    ,  1.953E-03,   0.00    ) |  4.651E-04 1.526E-03
    6397 2.6926E+00 4.6515E-04  (-0.396    ,  1.953E-03,   0.00    ) |  4.651E-04 1.526E-03
    6398 2.6930E+00 4.6515E-04  (-0.396    ,  1.953E-03,   0.00    ) |  4.652E-04 1.526E-03
    6399 2.6935E+00 4.6516E-04  (-0.396    ,  1.953E-03,   0.00    ) |  4.652E-04 1.526E-03
    6400 2.6940E+00 4.6516E-04  (-0.396    ,  1.953E-03,   0.00    ) |  4.652E-04 1.526E-03
    6401 2.6944E+00 4.6517E-04  (-0.396    ,  1.953E-03,   0.00    ) |  4.652E-04 1.526E-03
    6402 2.6949E+00 4.6517E-04  (-0.396    ,  1.953E-03,   0.00    ) |  4.652E-04 1.526E-03
    6403 2.6954E+00 4.6518E-04  (-0.396    ,  1.953E-03,   0.00    ) |  4.652E-04 1.526E-03
    6404 2.6958E+00 4.6518E-04  (-0.396    ,  1.953E-03,   0.00    ) |  4.652E-04 1.526E-03
    6405 2.6963E+00 4.6519E-04  (-0.396    ,  1.953E-03,   0.00    ) |  4.652E-04 1.526E-03
    6406 2.6968E+00 4.6519E-04  (-0.396    ,  1.953E-03,   0.00    ) |  4.652E-04 1.526E-03
    6407 2.6972E+00 4.6520E-04  (-0.396    ,  1.953E-03,   0.00    ) |  4.652E-04 1.526E-03
    6408 2.6977E+00 4.6520E-04  (-0.396    ,  1.953E-03,   0.00    ) |  4.652E-04 1.526E-03
    6409 2.6982E+00 4.6520E-04  (-0.396    ,  1.953E-03,   0.00    ) |  4.652E-04 1.526E-03
    6410 2.6986E+00 4.6521E-04  (-0.393    ,  1.953E-03,   0.00    ) |  4.652E-04 1.526E-03
    6411 2.6991E+00 4.6521E-04  (-0.393    ,  1.953E-03,   0.00    ) |  4.652E-04 1.526E-03
    6412 2.6995E+00 4.6521E-04  (-0.393    ,  1.953E-03,   0.00    ) |  4.652E-04 1.526E-03
 *** Wrote plotfile to flash_run_hdf5_plt_cnt_0108 ****
    6413 2.7000E+00 4.6522E-04  (-0.393    ,  1.953E-03,   0.00    ) |  4.652E-04 1.526E-03
    6414 2.7005E+00 4.6522E-04  (-0.393    ,  1.953E-03,   0.00    ) |  4.652E-04 1.526E-03
    6415 2.7009E+00 4.6522E-04  (-0.393    ,  1.953E-03,   0.00    ) |  4.652E-04 1.526E-03
    6416 2.7014E+00 4.6522E-04  (-0.393    ,  1.953E-03,   0.00    ) |  4.652E-04 1.526E-03
    6417 2.7019E+00 4.6523E-04  (-0.393    ,  1.953E-03,   0.00    ) |  4.652E-04 1.526E-03
    6418 2.7023E+00 4.6523E-04  (-0.393    ,  1.953E-03,   0.00    ) |  4.652E-04 1.526E-03
    6419 2.7028E+00 4.6523E-04  (-0.393    ,  1.953E-03,   0.00    ) |  4.652E-04 1.526E-03
    6420 2.7033E+00 4.6523E-04  (-0.393    ,  1.953E-03,   0.00    ) |  4.652E-04 1.526E-03
    6421 2.7037E+00 4.6523E-04  (-0.393    ,  1.953E-03,   0.00    ) |  4.652E-04 1.526E-03
    6422 2.7042E+00 4.6523E-04  (-0.393    ,  1.953E-03,   0.00    ) |  4.652E-04 1.526E-03
    6423 2.7047E+00 4.6523E-04  (-0.393    ,  1.953E-03,   0.00    ) |  4.652E-04 1.526E-03
    6424 2.7051E+00 4.6523E-04  (-0.393    ,  1.953E-03,   0.00    ) |  4.652E-04 1.526E-03
    6425 2.7056E+00 4.6523E-04  (-0.393    ,  1.953E-03,   0.00    ) |  4.652E-04 1.526E-03
    6426 2.7061E+00 4.6523E-04  (-0.393    ,  1.953E-03,   0.00    ) |  4.652E-04 1.526E-03
    6427 2.7065E+00 4.6523E-04  (-0.393    ,  1.953E-03,   0.00    ) |  4.652E-04 1.526E-03
    6428 2.7070E+00 4.6522E-04  (-0.393    ,  1.953E-03,   0.00    ) |  4.652E-04 1.526E-03
    6429 2.7075E+00 4.6522E-04  (-0.393    ,  1.953E-03,   0.00    ) |  4.652E-04 1.526E-03
    6430 2.7079E+00 4.6522E-04  (-0.393    ,  1.953E-03,   0.00    ) |  4.652E-04 1.526E-03
    6431 2.7084E+00 4.6522E-04  (-0.393    ,  1.953E-03,   0.00    ) |  4.652E-04 1.526E-03
    6432 2.7089E+00 4.6521E-04  (-0.393    ,  1.953E-03,   0.00    ) |  4.652E-04 1.526E-03
    6433 2.7093E+00 4.6521E-04  (-0.393    ,  1.953E-03,   0.00    ) |  4.652E-04 1.526E-03
    6434 2.7098E+00 4.6520E-04  (-0.396    ,  1.953E-03,   0.00    ) |  4.652E-04 1.526E-03
    6435 2.7102E+00 4.6520E-04  (-0.396    ,  1.953E-03,   0.00    ) |  4.652E-04 1.526E-03
    6436 2.7107E+00 4.6519E-04  (-0.396    ,  1.953E-03,   0.00    ) |  4.652E-04 1.526E-03
    6437 2.7112E+00 4.6518E-04  (-0.396    ,  1.953E-03,   0.00    ) |  4.652E-04 1.526E-03
    6438 2.7116E+00 4.6518E-04  (-0.396    ,  1.953E-03,   0.00    ) |  4.652E-04 1.526E-03
    6439 2.7121E+00 4.6517E-04  (-0.396    ,  1.953E-03,   0.00    ) |  4.652E-04 1.526E-03
    6440 2.7126E+00 4.6516E-04  (-0.396    ,  1.953E-03,   0.00    ) |  4.652E-04 1.526E-03
    6441 2.7130E+00 4.6515E-04  (-0.396    ,  1.953E-03,   0.00    ) |  4.652E-04 1.526E-03
    6442 2.7135E+00 4.6514E-04  (-0.396    ,  1.953E-03,   0.00    ) |  4.651E-04 1.526E-03
    6443 2.7140E+00 4.6513E-04  (-0.396    ,  1.953E-03,   0.00    ) |  4.651E-04 1.526E-03
    6444 2.7144E+00 4.6512E-04  (-0.396    ,  1.953E-03,   0.00    ) |  4.651E-04 1.526E-03
    6445 2.7149E+00 4.6511E-04  (-0.396    ,  1.953E-03,   0.00    ) |  4.651E-04 1.526E-03
    6446 2.7154E+00 4.6510E-04  (-0.396    ,  1.953E-03,   0.00    ) |  4.651E-04 1.526E-03
    6447 2.7158E+00 4.6509E-04  (-0.396    ,  1.953E-03,   0.00    ) |  4.651E-04 1.526E-03
    6448 2.7163E+00 4.6508E-04  (-0.396    ,  1.953E-03,   0.00    ) |  4.651E-04 1.526E-03
    6449 2.7168E+00 4.6507E-04  (-0.396    ,  1.953E-03,   0.00    ) |  4.651E-04 1.526E-03
    6450 2.7172E+00 4.6506E-04  (-0.396    ,  1.953E-03,   0.00    ) |  4.651E-04 1.526E-03
    6451 2.7177E+00 4.6505E-04  (-0.396    ,  1.953E-03,   0.00    ) |  4.651E-04 1.526E-03
    6452 2.7182E+00 4.6504E-04  (-0.396    ,  1.953E-03,   0.00    ) |  4.650E-04 1.526E-03
    6453 2.7186E+00 4.6504E-04  (-0.396    ,  1.953E-03,   0.00    ) |  4.650E-04 1.526E-03
    6454 2.7191E+00 4.6503E-04  (-0.396    ,  1.953E-03,   0.00    ) |  4.650E-04 1.526E-03
    6455 2.7195E+00 4.6502E-04  (-0.396    ,  1.953E-03,   0.00    ) |  4.650E-04 1.526E-03
    6456 2.7200E+00 4.6501E-04  (-0.396    ,  1.953E-03,   0.00    ) |  4.650E-04 1.526E-03
    6457 2.7205E+00 4.6500E-04  (-0.393    ,  1.953E-03,   0.00    ) |  4.650E-04 1.526E-03
    6458 2.7209E+00 4.6499E-04  (-0.393    ,  1.953E-03,   0.00    ) |  4.650E-04 1.526E-03
    6459 2.7214E+00 4.6498E-04  (-0.393    ,  1.953E-03,   0.00    ) |  4.650E-04 1.526E-03
    6460 2.7219E+00 4.6497E-04  (-0.393    ,  1.953E-03,   0.00    ) |  4.650E-04 1.526E-03
    6461 2.7223E+00 4.6496E-04  (-0.393    ,  1.953E-03,   0.00    ) |  4.650E-04 1.526E-03
    6462 2.7228E+00 4.6495E-04  (-0.393    ,  1.953E-03,   0.00    ) |  4.650E-04 1.526E-03
    6463 2.7233E+00 4.6494E-04  (-0.393    ,  1.953E-03,   0.00    ) |  4.649E-04 1.526E-03
    6464 2.7237E+00 4.6494E-04  (-0.393    ,  1.953E-03,   0.00    ) |  4.649E-04 1.526E-03
    6465 2.7242E+00 4.6493E-04  (-0.393    ,  1.953E-03,   0.00    ) |  4.649E-04 1.526E-03
    6466 2.7247E+00 4.6492E-04  (-0.393    ,  1.953E-03,   0.00    ) |  4.649E-04 1.526E-03
 *** Wrote plotfile to flash_run_hdf5_plt_cnt_0109 ****
    6467 2.7251E+00 4.6491E-04  (-0.393    ,  1.953E-03,   0.00    ) |  4.649E-04 1.526E-03
    6468 2.7256E+00 4.6491E-04  (-0.393    ,  1.953E-03,   0.00    ) |  4.649E-04 1.526E-03
    6469 2.7261E+00 4.6490E-04  (-0.393    ,  1.953E-03,   0.00    ) |  4.649E-04 1.526E-03
    6470 2.7265E+00 4.6490E-04  (-0.393    ,  1.953E-03,   0.00    ) |  4.649E-04 1.526E-03
    6471 2.7270E+00 4.6489E-04  (-0.393    ,  1.953E-03,   0.00    ) |  4.649E-04 1.526E-03
    6472 2.7275E+00 4.6489E-04  (-0.393    ,  1.953E-03,   0.00    ) |  4.649E-04 1.526E-03
    6473 2.7279E+00 4.6489E-04  (-0.393    ,  1.953E-03,   0.00    ) |  4.649E-04 1.526E-03
    6474 2.7284E+00 4.6488E-04  (-0.393    ,  1.953E-03,   0.00    ) |  4.649E-04 1.526E-03
    6475 2.7288E+00 4.6488E-04  (-0.393    ,  1.953E-03,   0.00    ) |  4.649E-04 1.526E-03
    6476 2.7293E+00 4.6488E-04  (-0.393    ,  1.953E-03,   0.00    ) |  4.649E-04 1.526E-03
    6477 2.7298E+00 4.6488E-04  (-0.393    ,  1.953E-03,   0.00    ) |  4.649E-04 1.526E-03
    6478 2.7302E+00 4.6488E-04  (-0.393    ,  1.953E-03,   0.00    ) |  4.649E-04 1.526E-03
    6479 2.7307E+00 4.6488E-04  (-0.393    ,  1.953E-03,   0.00    ) |  4.649E-04 1.526E-03
    6480 2.7312E+00 4.6488E-04  (-0.393    ,  1.953E-03,   0.00    ) |  4.649E-04 1.526E-03
    6481 2.7316E+00 4.6488E-04  (-0.393    ,  1.953E-03,   0.00    ) |  4.649E-04 1.526E-03
    6482 2.7321E+00 4.6488E-04  (-0.393    ,  1.953E-03,   0.00    ) |  4.649E-04 1.526E-03
    6483 2.7326E+00 4.6488E-04  (-0.393    ,  1.953E-03,   0.00    ) |  4.649E-04 1.526E-03
    6484 2.7330E+00 4.6488E-04  (-0.393    ,  1.953E-03,   0.00    ) |  4.649E-04 1.526E-03
    6485 2.7335E+00 4.6488E-04  (-0.393    ,  1.953E-03,   0.00    ) |  4.649E-04 1.526E-03
    6486 2.7340E+00 4.6488E-04  (-0.393    ,  1.953E-03,   0.00    ) |  4.649E-04 1.526E-03
    6487 2.7344E+00 4.6488E-04  (-0.393    ,  1.953E-03,   0.00    ) |  4.649E-04 1.526E-03
    6488 2.7349E+00 4.6488E-04  (-0.393    ,  1.953E-03,   0.00    ) |  4.649E-04 1.526E-03
    6489 2.7354E+00 4.6488E-04  (-0.393    ,  1.953E-03,   0.00    ) |  4.649E-04 1.526E-03
    6490 2.7358E+00 4.6488E-04  (-0.393    ,  1.953E-03,   0.00    ) |  4.649E-04 1.526E-03
    6491 2.7363E+00 4.6488E-04  (-0.393    ,  1.953E-03,   0.00    ) |  4.649E-04 1.526E-03
    6492 2.7368E+00 4.6488E-04  (-0.393    ,  1.953E-03,   0.00    ) |  4.649E-04 1.526E-03
    6493 2.7372E+00 4.6488E-04  (-0.393    ,  1.953E-03,   0.00    ) |  4.649E-04 1.526E-03
    6494 2.7377E+00 4.6488E-04  (-0.393    ,  1.953E-03,   0.00    ) |  4.649E-04 1.526E-03
    6495 2.7381E+00 4.6488E-04  (-0.393    ,  1.953E-03,   0.00    ) |  4.649E-04 1.526E-03
    6496 2.7386E+00 4.6488E-04  (-0.393    ,  1.953E-03,   0.00    ) |  4.649E-04 1.526E-03
    6497 2.7391E+00 4.6488E-04  (-0.393    ,  1.953E-03,   0.00    ) |  4.649E-04 1.526E-03
    6498 2.7395E+00 4.6488E-04  (-0.393    ,  1.953E-03,   0.00    ) |  4.649E-04 1.526E-03
    6499 2.7400E+00 4.6488E-04  (-0.393    ,  1.953E-03,   0.00    ) |  4.649E-04 1.526E-03
    6500 2.7405E+00 4.6487E-04  (-0.393    ,  1.953E-03,   0.00    ) |  4.649E-04 1.526E-03
    6501 2.7409E+00 4.6487E-04  (-0.393    ,  1.953E-03,   0.00    ) |  4.649E-04 1.526E-03
    6502 2.7414E+00 4.6487E-04  (-0.393    ,  1.953E-03,   0.00    ) |  4.649E-04 1.526E-03
    6503 2.7419E+00 4.6486E-04  (-0.393    ,  1.953E-03,   0.00    ) |  4.649E-04 1.526E-03
    6504 2.7423E+00 4.6486E-04  (-0.393    ,  1.953E-03,   0.00    ) |  4.649E-04 1.526E-03
    6505 2.7428E+00 4.6485E-04  (-0.393    ,  1.953E-03,   0.00    ) |  4.649E-04 1.526E-03
    6506 2.7433E+00 4.6485E-04  (-0.393    ,  1.953E-03,   0.00    ) |  4.648E-04 1.526E-03
    6507 2.7437E+00 4.6484E-04  (-0.393    ,  1.953E-03,   0.00    ) |  4.648E-04 1.526E-03
    6508 2.7442E+00 4.6484E-04  (-0.393    ,  1.953E-03,   0.00    ) |  4.648E-04 1.526E-03
    6509 2.7447E+00 4.6483E-04  (-0.393    ,  1.953E-03,   0.00    ) |  4.648E-04 1.526E-03
    6510 2.7451E+00 4.6482E-04  (-0.393    ,  1.953E-03,   0.00    ) |  4.648E-04 1.526E-03
    6511 2.7456E+00 4.6482E-04  (-0.393    ,  1.953E-03,   0.00    ) |  4.648E-04 1.526E-03
    6512 2.7460E+00 4.6481E-04  (-0.393    ,  1.953E-03,   0.00    ) |  4.648E-04 1.526E-03
    6513 2.7465E+00 4.6480E-04  (-0.393    ,  1.953E-03,   0.00    ) |  4.648E-04 1.526E-03
    6514 2.7470E+00 4.6479E-04  (-0.393    ,  1.953E-03,   0.00    ) |  4.648E-04 1.526E-03
    6515 2.7474E+00 4.6478E-04  (-0.393    ,  1.953E-03,   0.00    ) |  4.648E-04 1.526E-03
    6516 2.7479E+00 4.6477E-04  (-0.393    ,  1.953E-03,   0.00    ) |  4.648E-04 1.526E-03
    6517 2.7484E+00 4.6477E-04  (-0.393    ,  1.953E-03,   0.00    ) |  4.648E-04 1.526E-03
    6518 2.7488E+00 4.6476E-04  (-0.393    ,  1.953E-03,   0.00    ) |  4.648E-04 1.526E-03
    6519 2.7493E+00 4.6475E-04  (-0.393    ,  1.953E-03,   0.00    ) |  4.647E-04 1.526E-03
    6520 2.7498E+00 4.6474E-04  (-0.393    ,  1.953E-03,   0.00    ) |  4.647E-04 1.526E-03
 *** Wrote plotfile to flash_run_hdf5_plt_cnt_0110 ****
    6521 2.7502E+00 4.6473E-04  (-0.393    ,  1.953E-03,   0.00    ) |  4.647E-04 1.526E-03
    6522 2.7507E+00 4.6472E-04  (-0.393    ,  1.953E-03,   0.00    ) |  4.647E-04 1.526E-03
    6523 2.7512E+00 4.6471E-04  (-0.393    ,  1.953E-03,   0.00    ) |  4.647E-04 1.526E-03
    6524 2.7516E+00 4.6470E-04  (-0.393    ,  1.953E-03,   0.00    ) |  4.647E-04 1.526E-03
    6525 2.7521E+00 4.6469E-04  (-0.393    ,  1.953E-03,   0.00    ) |  4.647E-04 1.526E-03
    6526 2.7526E+00 4.6469E-04  (-0.393    ,  1.953E-03,   0.00    ) |  4.647E-04 1.526E-03
    6527 2.7530E+00 4.6468E-04  (-0.393    ,  1.953E-03,   0.00    ) |  4.647E-04 1.526E-03
    6528 2.7535E+00 4.6467E-04  (-0.393    ,  1.953E-03,   0.00    ) |  4.647E-04 1.526E-03
    6529 2.7539E+00 4.6466E-04  (-0.393    ,  1.953E-03,   0.00    ) |  4.647E-04 1.526E-03
    6530 2.7544E+00 4.6466E-04  (-0.393    ,  1.953E-03,   0.00    ) |  4.647E-04 1.526E-03
    6531 2.7549E+00 4.6465E-04  (-0.393    ,  1.953E-03,   0.00    ) |  4.646E-04 1.526E-03
    6532 2.7553E+00 4.6464E-04  (-0.393    ,  1.953E-03,   0.00    ) |  4.646E-04 1.526E-03
    6533 2.7558E+00 4.6464E-04  (-0.393    ,  1.953E-03,   0.00    ) |  4.646E-04 1.526E-03
    6534 2.7563E+00 4.6463E-04  (-0.393    ,  1.953E-03,   0.00    ) |  4.646E-04 1.526E-03
    6535 2.7567E+00 4.6463E-04  (-0.393    ,  1.953E-03,   0.00    ) |  4.646E-04 1.526E-03
    6536 2.7572E+00 4.6462E-04  (-0.393    ,  1.953E-03,   0.00    ) |  4.646E-04 1.526E-03
    6537 2.7577E+00 4.6462E-04  (-0.393    ,  1.953E-03,   0.00    ) |  4.646E-04 1.526E-03
    6538 2.7581E+00 4.6461E-04  (-0.393    ,  1.953E-03,   0.00    ) |  4.646E-04 1.526E-03
    6539 2.7586E+00 4.6461E-04  (-0.393    ,  1.953E-03,   0.00    ) |  4.646E-04 1.526E-03
    6540 2.7591E+00 4.6461E-04  (-0.393    ,  1.953E-03,   0.00    ) |  4.646E-04 1.526E-03
    6541 2.7595E+00 4.6461E-04  (-0.393    ,  1.953E-03,   0.00    ) |  4.646E-04 1.526E-03
    6542 2.7600E+00 4.6461E-04  (-0.393    ,  1.953E-03,   0.00    ) |  4.646E-04 1.526E-03
    6543 2.7605E+00 4.6460E-04  (-0.393    ,  1.953E-03,   0.00    ) |  4.646E-04 1.526E-03
    6544 2.7609E+00 4.6460E-04  (-0.393    ,  1.953E-03,   0.00    ) |  4.646E-04 1.526E-03
    6545 2.7614E+00 4.6460E-04  (-0.393    ,  1.953E-03,   0.00    ) |  4.646E-04 1.526E-03
    6546 2.7618E+00 4.6460E-04  (-0.393    ,  1.953E-03,   0.00    ) |  4.646E-04 1.526E-03
    6547 2.7623E+00 4.6460E-04  (-0.393    ,  1.953E-03,   0.00    ) |  4.646E-04 1.526E-03
    6548 2.7628E+00 4.6460E-04  (-0.389    ,  1.953E-03,   0.00    ) |  4.646E-04 1.526E-03
    6549 2.7632E+00 4.6460E-04  (-0.389    ,  1.953E-03,   0.00    ) |  4.646E-04 1.526E-03
    6550 2.7637E+00 4.6460E-04  (-0.389    ,  1.953E-03,   0.00    ) |  4.646E-04 1.526E-03
    6551 2.7642E+00 4.6460E-04  (-0.389    ,  1.953E-03,   0.00    ) |  4.646E-04 1.526E-03
    6552 2.7646E+00 4.6460E-04  (-0.389    ,  1.953E-03,   0.00    ) |  4.646E-04 1.526E-03
    6553 2.7651E+00 4.6461E-04  (-0.389    ,  1.953E-03,   0.00    ) |  4.646E-04 1.526E-03
    6554 2.7656E+00 4.6461E-04  (-0.389    ,  1.953E-03,   0.00    ) |  4.646E-04 1.526E-03
    6555 2.7660E+00 4.6461E-04  (-0.389    ,  1.953E-03,   0.00    ) |  4.646E-04 1.526E-03
    6556 2.7665E+00 4.6461E-04  (-0.389    ,  1.953E-03,   0.00    ) |  4.646E-04 1.526E-03
    6557 2.7670E+00 4.6461E-04  (-0.389    ,  1.953E-03,   0.00    ) |  4.646E-04 1.526E-03
    6558 2.7674E+00 4.6461E-04  (-0.389    ,  1.953E-03,   0.00    ) |  4.646E-04 1.526E-03
    6559 2.7679E+00 4.6461E-04  (-0.389    ,  1.953E-03,   0.00    ) |  4.646E-04 1.526E-03
    6560 2.7684E+00 4.6462E-04  (-0.389    ,  1.953E-03,   0.00    ) |  4.646E-04 1.526E-03
    6561 2.7688E+00 4.6462E-04  (-0.389    ,  1.953E-03,   0.00    ) |  4.646E-04 1.526E-03
    6562 2.7693E+00 4.6462E-04  (-0.389    ,  1.953E-03,   0.00    ) |  4.646E-04 1.526E-03
    6563 2.7697E+00 4.6462E-04  (-0.389    ,  1.953E-03,   0.00    ) |  4.646E-04 1.526E-03
    6564 2.7702E+00 4.6462E-04  (-0.389    ,  1.953E-03,   0.00    ) |  4.646E-04 1.526E-03
    6565 2.7707E+00 4.6462E-04  (-0.389    ,  1.953E-03,   0.00    ) |  4.646E-04 1.526E-03
    6566 2.7711E+00 4.6463E-04  (-0.389    ,  1.953E-03,   0.00    ) |  4.646E-04 1.526E-03
    6567 2.7716E+00 4.6463E-04  (-0.389    ,  1.953E-03,   0.00    ) |  4.646E-04 1.526E-03
    6568 2.7721E+00 4.6463E-04  (-0.389    ,  1.953E-03,   0.00    ) |  4.646E-04 1.526E-03
    6569 2.7725E+00 4.6463E-04  (-0.389    ,  1.953E-03,   0.00    ) |  4.646E-04 1.526E-03
    6570 2.7730E+00 4.6463E-04  (-0.389    ,  1.953E-03,   0.00    ) |  4.646E-04 1.526E-03
    6571 2.7735E+00 4.6463E-04  (-0.389    ,  1.953E-03,   0.00    ) |  4.646E-04 1.526E-03
    6572 2.7739E+00 4.6463E-04  (-0.389    ,  1.953E-03,   0.00    ) |  4.646E-04 1.526E-03
    6573 2.7744E+00 4.6463E-04  (-0.389    ,  1.953E-03,   0.00    ) |  4.646E-04 1.526E-03
    6574 2.7749E+00 4.6463E-04  (-0.389    ,  1.953E-03,   0.00    ) |  4.646E-04 1.526E-03
 *** Wrote plotfile to flash_run_hdf5_plt_cnt_0111 ****
    6575 2.7753E+00 4.6463E-04  (-0.389    ,  1.953E-03,   0.00    ) |  4.646E-04 1.526E-03
    6576 2.7758E+00 4.6463E-04  (-0.389    ,  1.953E-03,   0.00    ) |  4.646E-04 1.526E-03
    6577 2.7763E+00 4.6463E-04  (-0.389    ,  1.953E-03,   0.00    ) |  4.646E-04 1.526E-03
    6578 2.7767E+00 4.6463E-04  (-0.389    ,  1.953E-03,   0.00    ) |  4.646E-04 1.526E-03
    6579 2.7772E+00 4.6463E-04  (-0.389    ,  1.953E-03,   0.00    ) |  4.646E-04 1.526E-03
    6580 2.7776E+00 4.6463E-04  (-0.389    ,  1.953E-03,   0.00    ) |  4.646E-04 1.526E-03
    6581 2.7781E+00 4.6463E-04  (-0.389    ,  1.953E-03,   0.00    ) |  4.646E-04 1.526E-03
    6582 2.7786E+00 4.6463E-04  (-0.389    ,  1.953E-03,   0.00    ) |  4.646E-04 1.526E-03
    6583 2.7790E+00 4.6463E-04  (-0.389    ,  1.953E-03,   0.00    ) |  4.646E-04 1.526E-03
    6584 2.7795E+00 4.6463E-04  (-0.389    ,  1.953E-03,   0.00    ) |  4.646E-04 1.526E-03
    6585 2.7800E+00 4.6463E-04  (-0.389    ,  1.953E-03,   0.00    ) |  4.646E-04 1.526E-03
    6586 2.7804E+00 4.6463E-04  (-0.389    ,  1.953E-03,   0.00    ) |  4.646E-04 1.526E-03
    6587 2.7809E+00 4.6463E-04  (-0.389    ,  1.953E-03,   0.00    ) |  4.646E-04 1.526E-03
    6588 2.7814E+00 4.6463E-04  (-0.389    ,  1.953E-03,   0.00    ) |  4.646E-04 1.526E-03
    6589 2.7818E+00 4.6463E-04  (-0.389    ,  1.953E-03,   0.00    ) |  4.646E-04 1.526E-03
    6590 2.7823E+00 4.6463E-04  (-0.389    ,  1.953E-03,   0.00    ) |  4.646E-04 1.526E-03
    6591 2.7828E+00 4.6463E-04  (-0.389    ,  1.953E-03,   0.00    ) |  4.646E-04 1.526E-03
    6592 2.7832E+00 4.6463E-04  (-0.389    ,  1.953E-03,   0.00    ) |  4.646E-04 1.526E-03
    6593 2.7837E+00 4.6463E-04  (-0.389    ,  1.953E-03,   0.00    ) |  4.646E-04 1.526E-03
    6594 2.7841E+00 4.6463E-04  (-0.389    ,  1.953E-03,   0.00    ) |  4.646E-04 1.526E-03
    6595 2.7846E+00 4.6463E-04  (-0.389    ,  1.953E-03,   0.00    ) |  4.646E-04 1.526E-03
    6596 2.7851E+00 4.6463E-04  (-0.389    ,  1.953E-03,   0.00    ) |  4.646E-04 1.526E-03
    6597 2.7855E+00 4.6463E-04  (-0.389    ,  1.953E-03,   0.00    ) |  4.646E-04 1.526E-03
    6598 2.7860E+00 4.6463E-04  (-0.389    ,  1.953E-03,   0.00    ) |  4.646E-04 1.526E-03
    6599 2.7865E+00 4.6463E-04  (-0.389    ,  1.953E-03,   0.00    ) |  4.646E-04 1.526E-03
    6600 2.7869E+00 4.6463E-04  (-0.389    ,  1.953E-03,   0.00    ) |  4.646E-04 1.526E-03
    6601 2.7874E+00 4.6464E-04  (-0.389    ,  1.953E-03,   0.00    ) |  4.646E-04 1.526E-03
    6602 2.7879E+00 4.6464E-04  (-0.389    ,  1.953E-03,   0.00    ) |  4.646E-04 1.526E-03
    6603 2.7883E+00 4.6464E-04  (-0.389    ,  1.953E-03,   0.00    ) |  4.646E-04 1.526E-03
    6604 2.7888E+00 4.6465E-04  (-0.389    ,  1.953E-03,   0.00    ) |  4.646E-04 1.526E-03
    6605 2.7893E+00 4.6465E-04  (-0.389    ,  1.953E-03,   0.00    ) |  4.646E-04 1.526E-03
    6606 2.7897E+00 4.6465E-04  ( 1.953E-03,  0.303    ,   0.00    ) |  4.647E-04 1.526E-03
    6607 2.7902E+00 4.6464E-04  ( 1.953E-03,  0.303    ,   0.00    ) |  4.646E-04 1.526E-03
    6608 2.7907E+00 4.6463E-04  ( 1.953E-03,  0.303    ,   0.00    ) |  4.646E-04 1.526E-03
    6609 2.7911E+00 4.6462E-04  ( 1.953E-03,  0.303    ,   0.00    ) |  4.646E-04 1.526E-03
    6610 2.7916E+00 4.6461E-04  ( 1.953E-03,  0.303    ,   0.00    ) |  4.646E-04 1.526E-03
    6611 2.7920E+00 4.6459E-04  ( 1.953E-03,  0.303    ,   0.00    ) |  4.646E-04 1.526E-03
    6612 2.7925E+00 4.6458E-04  ( 1.953E-03,  0.303    ,   0.00    ) |  4.646E-04 1.526E-03
    6613 2.7930E+00 4.6456E-04  ( 1.953E-03,  0.303    ,   0.00    ) |  4.646E-04 1.526E-03
    6614 2.7934E+00 4.6455E-04  ( 1.953E-03,  0.303    ,   0.00    ) |  4.645E-04 1.526E-03
    6615 2.7939E+00 4.6453E-04  ( 1.953E-03,  0.303    ,   0.00    ) |  4.645E-04 1.526E-03
    6616 2.7944E+00 4.6452E-04  ( 1.953E-03,  0.303    ,   0.00    ) |  4.645E-04 1.526E-03
    6617 2.7948E+00 4.6450E-04  ( 1.953E-03,  0.303    ,   0.00    ) |  4.645E-04 1.526E-03
    6618 2.7953E+00 4.6449E-04  ( 1.953E-03,  0.303    ,   0.00    ) |  4.645E-04 1.526E-03
    6619 2.7958E+00 4.6447E-04  ( 1.953E-03,  0.303    ,   0.00    ) |  4.645E-04 1.526E-03
    6620 2.7962E+00 4.6445E-04  ( 1.953E-03,  0.303    ,   0.00    ) |  4.645E-04 1.526E-03
    6621 2.7967E+00 4.6444E-04  ( 1.953E-03,  0.303    ,   0.00    ) |  4.644E-04 1.526E-03
    6622 2.7972E+00 4.6442E-04  ( 1.953E-03,  0.303    ,   0.00    ) |  4.644E-04 1.526E-03
    6623 2.7976E+00 4.6440E-04  ( 1.953E-03,  0.303    ,   0.00    ) |  4.644E-04 1.526E-03
    6624 2.7981E+00 4.6438E-04  ( 1.953E-03,  0.303    ,   0.00    ) |  4.644E-04 1.526E-03
    6625 2.7986E+00 4.6436E-04  ( 1.953E-03,  0.303    ,   0.00    ) |  4.644E-04 1.526E-03
    6626 2.7990E+00 4.6434E-04  ( 1.953E-03,  0.303    ,   0.00    ) |  4.643E-04 1.526E-03
    6627 2.7995E+00 4.6432E-04  ( 1.953E-03,  0.303    ,   0.00    ) |  4.643E-04 1.526E-03
    6628 2.7999E+00 4.6431E-04  ( 1.953E-03,  0.303    ,   0.00    ) |  4.643E-04 1.526E-03
 *** Wrote plotfile to flash_run_hdf5_plt_cnt_0112 ****
    6629 2.8004E+00 4.6429E-04  ( 1.953E-03,  0.303    ,   0.00    ) |  4.643E-04 1.526E-03
    6630 2.8009E+00 4.6427E-04  ( 1.953E-03,  0.303    ,   0.00    ) |  4.643E-04 1.526E-03
    6631 2.8013E+00 4.6425E-04  ( 1.953E-03,  0.303    ,   0.00    ) |  4.642E-04 1.526E-03
    6632 2.8018E+00 4.6423E-04  ( 1.953E-03,  0.303    ,   0.00    ) |  4.642E-04 1.526E-03
    6633 2.8023E+00 4.6421E-04  ( 1.953E-03,  0.303    ,   0.00    ) |  4.642E-04 1.526E-03
    6634 2.8027E+00 4.6419E-04  ( 1.953E-03,  0.303    ,   0.00    ) |  4.642E-04 1.526E-03
    6635 2.8032E+00 4.6417E-04  ( 1.953E-03,  0.303    ,   0.00    ) |  4.642E-04 1.526E-03
    6636 2.8037E+00 4.6415E-04  ( 1.953E-03,  0.303    ,   0.00    ) |  4.641E-04 1.526E-03
    6637 2.8041E+00 4.6413E-04  ( 1.953E-03,  0.303    ,   0.00    ) |  4.641E-04 1.526E-03
    6638 2.8046E+00 4.6411E-04  ( 1.953E-03,  0.303    ,   0.00    ) |  4.641E-04 1.526E-03
    6639 2.8051E+00 4.6409E-04  ( 1.953E-03,  0.303    ,   0.00    ) |  4.641E-04 1.526E-03
    6640 2.8055E+00 4.6407E-04  ( 1.953E-03,  0.303    ,   0.00    ) |  4.641E-04 1.526E-03
    6641 2.8060E+00 4.6405E-04  ( 1.953E-03,  0.303    ,   0.00    ) |  4.640E-04 1.526E-03
    6642 2.8064E+00 4.6403E-04  ( 1.953E-03,  0.303    ,   0.00    ) |  4.640E-04 1.526E-03
    6643 2.8069E+00 4.6401E-04  ( 1.953E-03,  0.303    ,   0.00    ) |  4.640E-04 1.526E-03
    6644 2.8074E+00 4.6399E-04  ( 1.953E-03,  0.303    ,   0.00    ) |  4.640E-04 1.526E-03
    6645 2.8078E+00 4.6397E-04  ( 1.953E-03,  0.303    ,   0.00    ) |  4.640E-04 1.526E-03
    6646 2.8083E+00 4.6395E-04  ( 1.953E-03,  0.303    ,   0.00    ) |  4.640E-04 1.526E-03
    6647 2.8088E+00 4.6393E-04  ( 1.953E-03,  0.303    ,   0.00    ) |  4.639E-04 1.526E-03
    6648 2.8092E+00 4.6391E-04  ( 1.953E-03,  0.303    ,   0.00    ) |  4.639E-04 1.526E-03
    6649 2.8097E+00 4.6389E-04  ( 1.953E-03,  0.303    ,   0.00    ) |  4.639E-04 1.526E-03
    6650 2.8102E+00 4.6387E-04  ( 1.953E-03,  0.303    ,   0.00    ) |  4.639E-04 1.526E-03
    6651 2.8106E+00 4.6385E-04  ( 1.953E-03,  0.303    ,   0.00    ) |  4.639E-04 1.526E-03
    6652 2.8111E+00 4.6384E-04  ( 1.953E-03,  0.303    ,   0.00    ) |  4.638E-04 1.526E-03
    6653 2.8115E+00 4.6382E-04  ( 1.953E-03,  0.303    ,   0.00    ) |  4.638E-04 1.526E-03
    6654 2.8120E+00 4.6380E-04  ( 1.953E-03,  0.303    ,   0.00    ) |  4.638E-04 1.526E-03
    6655 2.8125E+00 4.6378E-04  ( 1.953E-03,  0.303    ,   0.00    ) |  4.638E-04 1.526E-03
    6656 2.8129E+00 4.6376E-04  ( 1.953E-03,  0.303    ,   0.00    ) |  4.638E-04 1.526E-03
    6657 2.8134E+00 4.6374E-04  ( 1.953E-03,  0.303    ,   0.00    ) |  4.637E-04 1.526E-03
    6658 2.8139E+00 4.6372E-04  ( 1.953E-03,  0.303    ,   0.00    ) |  4.637E-04 1.526E-03
    6659 2.8143E+00 4.6370E-04  ( 1.953E-03,  0.303    ,   0.00    ) |  4.637E-04 1.526E-03
    6660 2.8148E+00 4.6369E-04  ( 1.953E-03,  0.303    ,   0.00    ) |  4.637E-04 1.526E-03
    6661 2.8153E+00 4.6367E-04  ( 1.953E-03,  0.303    ,   0.00    ) |  4.637E-04 1.526E-03
    6662 2.8157E+00 4.6365E-04  ( 1.953E-03,  0.303    ,   0.00    ) |  4.637E-04 1.526E-03
    6663 2.8162E+00 4.6363E-04  ( 1.953E-03,  0.303    ,   0.00    ) |  4.636E-04 1.526E-03
    6664 2.8166E+00 4.6361E-04  ( 1.953E-03,  0.303    ,   0.00    ) |  4.636E-04 1.526E-03
    6665 2.8171E+00 4.6360E-04  ( 1.953E-03,  0.303    ,   0.00    ) |  4.636E-04 1.526E-03
    6666 2.8176E+00 4.6358E-04  ( 1.953E-03,  0.303    ,   0.00    ) |  4.636E-04 1.526E-03
    6667 2.8180E+00 4.6356E-04  ( 1.953E-03,  0.303    ,   0.00    ) |  4.636E-04 1.526E-03
    6668 2.8185E+00 4.6354E-04  ( 1.953E-03,  0.303    ,   0.00    ) |  4.635E-04 1.526E-03
    6669 2.8190E+00 4.6353E-04  ( 1.953E-03,  0.303    ,   0.00    ) |  4.635E-04 1.526E-03
    6670 2.8194E+00 4.6351E-04  ( 1.953E-03,  0.303    ,   0.00    ) |  4.635E-04 1.526E-03
    6671 2.8199E+00 4.6349E-04  ( 1.953E-03,  0.303    ,   0.00    ) |  4.635E-04 1.526E-03
    6672 2.8204E+00 4.6347E-04  ( 1.953E-03,  0.303    ,   0.00    ) |  4.635E-04 1.526E-03
    6673 2.8208E+00 4.6346E-04  ( 1.953E-03,  0.303    ,   0.00    ) |  4.635E-04 1.526E-03
    6674 2.8213E+00 4.6344E-04  ( 1.953E-03,  0.303    ,   0.00    ) |  4.634E-04 1.526E-03
    6675 2.8217E+00 4.6342E-04  ( 1.953E-03,  0.303    ,   0.00    ) |  4.634E-04 1.526E-03
    6676 2.8222E+00 4.6341E-04  ( 1.953E-03,  0.303    ,   0.00    ) |  4.634E-04 1.526E-03
    6677 2.8227E+00 4.6339E-04  ( 1.953E-03,  0.303    ,   0.00    ) |  4.634E-04 1.526E-03
    6678 2.8231E+00 4.6337E-04  ( 1.953E-03,  0.303    ,   0.00    ) |  4.634E-04 1.526E-03
    6679 2.8236E+00 4.6335E-04  ( 1.953E-03,  0.303    ,   0.00    ) |  4.634E-04 1.526E-03
    6680 2.8241E+00 4.6334E-04  ( 1.953E-03,  0.303    ,   0.00    ) |  4.633E-04 1.526E-03
    6681 2.8245E+00 4.6332E-04  ( 1.953E-03,  0.303    ,   0.00    ) |  4.633E-04 1.526E-03
    6682 2.8250E+00 4.6330E-04  ( 1.953E-03,  0.303    ,   0.00    ) |  4.633E-04 1.526E-03
 *** Wrote plotfile to flash_run_hdf5_plt_cnt_0113 ****
    6683 2.8255E+00 4.6329E-04  ( 1.953E-03,  0.303    ,   0.00    ) |  4.633E-04 1.526E-03
    6684 2.8259E+00 4.6327E-04  ( 1.953E-03,  0.303    ,   0.00    ) |  4.633E-04 1.526E-03
    6685 2.8264E+00 4.6326E-04  ( 1.953E-03,  0.303    ,   0.00    ) |  4.633E-04 1.526E-03
    6686 2.8268E+00 4.6324E-04  ( 1.953E-03,  0.303    ,   0.00    ) |  4.632E-04 1.526E-03
    6687 2.8273E+00 4.6322E-04  ( 1.953E-03,  0.303    ,   0.00    ) |  4.632E-04 1.526E-03
    6688 2.8278E+00 4.6321E-04  ( 1.953E-03,  0.303    ,   0.00    ) |  4.632E-04 1.526E-03
    6689 2.8282E+00 4.6319E-04  ( 1.953E-03,  0.303    ,   0.00    ) |  4.632E-04 1.526E-03
    6690 2.8287E+00 4.6318E-04  ( 1.953E-03,  0.303    ,   0.00    ) |  4.632E-04 1.526E-03
    6691 2.8292E+00 4.6316E-04  ( 1.953E-03,  0.303    ,   0.00    ) |  4.632E-04 1.526E-03
    6692 2.8296E+00 4.6315E-04  ( 1.953E-03,  0.303    ,   0.00    ) |  4.631E-04 1.526E-03
    6693 2.8301E+00 4.6313E-04  ( 1.953E-03,  0.303    ,   0.00    ) |  4.631E-04 1.526E-03
    6694 2.8305E+00 4.6312E-04  ( 1.953E-03,  0.303    ,   0.00    ) |  4.631E-04 1.526E-03
    6695 2.8310E+00 4.6310E-04  ( 1.953E-03,  0.303    ,   0.00    ) |  4.631E-04 1.526E-03
    6696 2.8315E+00 4.6309E-04  ( 1.953E-03,  0.303    ,   0.00    ) |  4.631E-04 1.526E-03
    6697 2.8319E+00 4.6307E-04  ( 1.953E-03,  0.303    ,   0.00    ) |  4.631E-04 1.526E-03
    6698 2.8324E+00 4.6306E-04  ( 1.953E-03,  0.303    ,   0.00    ) |  4.631E-04 1.526E-03
    6699 2.8329E+00 4.6304E-04  ( 1.953E-03,  0.303    ,   0.00    ) |  4.630E-04 1.526E-03
    6700 2.8333E+00 4.6303E-04  ( 1.953E-03,  0.303    ,   0.00    ) |  4.630E-04 1.526E-03
    6701 2.8338E+00 4.6302E-04  ( 1.953E-03,  0.303    ,   0.00    ) |  4.630E-04 1.526E-03
    6702 2.8343E+00 4.6300E-04  ( 1.953E-03,  0.303    ,   0.00    ) |  4.630E-04 1.526E-03
    6703 2.8347E+00 4.6299E-04  ( 1.953E-03,  0.303    ,   0.00    ) |  4.630E-04 1.526E-03
    6704 2.8352E+00 4.6298E-04  ( 1.953E-03,  0.303    ,   0.00    ) |  4.630E-04 1.526E-03
    6705 2.8356E+00 4.6297E-04  ( 1.953E-03,  0.303    ,   0.00    ) |  4.630E-04 1.526E-03
    6706 2.8361E+00 4.6295E-04  ( 1.953E-03,  0.303    ,   0.00    ) |  4.630E-04 1.526E-03
    6707 2.8366E+00 4.6294E-04  ( 1.953E-03,  0.303    ,   0.00    ) |  4.629E-04 1.526E-03
    6708 2.8370E+00 4.6293E-04  ( 1.953E-03,  0.303    ,   0.00    ) |  4.629E-04 1.526E-03
    6709 2.8375E+00 4.6292E-04  ( 1.953E-03,  0.303    ,   0.00    ) |  4.629E-04 1.526E-03
    6710 2.8380E+00 4.6291E-04  ( 1.953E-03,  0.303    ,   0.00    ) |  4.629E-04 1.526E-03
    6711 2.8384E+00 4.6289E-04  ( 1.953E-03,  0.303    ,   0.00    ) |  4.629E-04 1.526E-03
    6712 2.8389E+00 4.6288E-04  ( 1.953E-03,  0.303    ,   0.00    ) |  4.629E-04 1.526E-03
    6713 2.8393E+00 4.6287E-04  ( 1.953E-03,  0.303    ,   0.00    ) |  4.629E-04 1.526E-03
    6714 2.8398E+00 4.6286E-04  ( 1.953E-03,  0.303    ,   0.00    ) |  4.629E-04 1.526E-03
    6715 2.8403E+00 4.6285E-04  ( 1.953E-03,  0.303    ,   0.00    ) |  4.629E-04 1.526E-03
    6716 2.8407E+00 4.6284E-04  ( 1.953E-03,  0.303    ,   0.00    ) |  4.628E-04 1.526E-03
    6717 2.8412E+00 4.6283E-04  ( 1.953E-03,  0.303    ,   0.00    ) |  4.628E-04 1.526E-03
    6718 2.8417E+00 4.6282E-04  ( 1.953E-03,  0.303    ,   0.00    ) |  4.628E-04 1.526E-03
    6719 2.8421E+00 4.6281E-04  ( 1.953E-03,  0.303    ,   0.00    ) |  4.628E-04 1.526E-03
    6720 2.8426E+00 4.6280E-04  ( 1.953E-03,  0.303    ,   0.00    ) |  4.628E-04 1.526E-03
    6721 2.8430E+00 4.6279E-04  ( 1.953E-03,  0.303    ,   0.00    ) |  4.628E-04 1.526E-03
    6722 2.8435E+00 4.6278E-04  ( 1.953E-03,  0.303    ,   0.00    ) |  4.628E-04 1.526E-03
    6723 2.8440E+00 4.6277E-04  ( 1.953E-03,  0.303    ,   0.00    ) |  4.628E-04 1.526E-03
    6724 2.8444E+00 4.6276E-04  (-1.953E-03, -0.303    ,   0.00    ) |  4.628E-04 1.526E-03
    6725 2.8449E+00 4.6275E-04  ( 1.953E-03,  0.303    ,   0.00    ) |  4.627E-04 1.526E-03
    6726 2.8454E+00 4.6274E-04  (-1.953E-03, -0.303    ,   0.00    ) |  4.627E-04 1.526E-03
    6727 2.8458E+00 4.6272E-04  (-1.953E-03, -0.303    ,   0.00    ) |  4.627E-04 1.526E-03
    6728 2.8463E+00 4.6271E-04  (-1.953E-03, -0.303    ,   0.00    ) |  4.627E-04 1.526E-03
    6729 2.8467E+00 4.6270E-04  (-1.953E-03, -0.303    ,   0.00    ) |  4.627E-04 1.526E-03
    6730 2.8472E+00 4.6269E-04  (-1.953E-03, -0.303    ,   0.00    ) |  4.627E-04 1.526E-03
    6731 2.8477E+00 4.6268E-04  (-1.953E-03, -0.303    ,   0.00    ) |  4.627E-04 1.526E-03
    6732 2.8481E+00 4.6267E-04  (-1.953E-03, -0.303    ,   0.00    ) |  4.627E-04 1.526E-03
    6733 2.8486E+00 4.6266E-04  (-1.953E-03, -0.303    ,   0.00    ) |  4.627E-04 1.526E-03
    6734 2.8491E+00 4.6265E-04  (-1.953E-03, -0.303    ,   0.00    ) |  4.626E-04 1.526E-03
    6735 2.8495E+00 4.6264E-04  (-1.953E-03, -0.303    ,   0.00    ) |  4.626E-04 1.526E-03
    6736 2.8500E+00 4.6262E-04  (-1.953E-03, -0.303    ,   0.00    ) |  4.626E-04 1.526E-03
 *** Wrote plotfile to flash_run_hdf5_plt_cnt_0114 ****
    6737 2.8505E+00 4.6261E-04  (-1.953E-03, -0.303    ,   0.00    ) |  4.626E-04 1.526E-03
    6738 2.8509E+00 4.6260E-04  (-1.953E-03, -0.303    ,   0.00    ) |  4.626E-04 1.526E-03
    6739 2.8514E+00 4.6259E-04  ( 1.953E-03,  0.303    ,   0.00    ) |  4.626E-04 1.526E-03
    6740 2.8518E+00 4.6257E-04  (-1.953E-03, -0.303    ,   0.00    ) |  4.626E-04 1.526E-03
    6741 2.8523E+00 4.6256E-04  (-1.953E-03, -0.303    ,   0.00    ) |  4.626E-04 1.526E-03
    6742 2.8528E+00 4.6254E-04  (-1.953E-03, -0.303    ,   0.00    ) |  4.625E-04 1.526E-03
    6743 2.8532E+00 4.6253E-04  (-1.953E-03, -0.303    ,   0.00    ) |  4.625E-04 1.526E-03
    6744 2.8537E+00 4.6251E-04  (-1.953E-03, -0.303    ,   0.00    ) |  4.625E-04 1.526E-03
    6745 2.8542E+00 4.6250E-04  ( 1.953E-03,  0.303    ,   0.00    ) |  4.625E-04 1.526E-03
    6746 2.8546E+00 4.6248E-04  ( 1.953E-03,  0.303    ,   0.00    ) |  4.625E-04 1.526E-03
    6747 2.8551E+00 4.6247E-04  (-1.953E-03, -0.303    ,   0.00    ) |  4.625E-04 1.526E-03
    6748 2.8555E+00 4.6245E-04  ( 1.953E-03,  0.303    ,   0.00    ) |  4.625E-04 1.526E-03
    6749 2.8560E+00 4.6244E-04  ( 1.953E-03,  0.303    ,   0.00    ) |  4.624E-04 1.526E-03
    6750 2.8565E+00 4.6242E-04  ( 1.953E-03,  0.303    ,   0.00    ) |  4.624E-04 1.526E-03
    6751 2.8569E+00 4.6240E-04  ( 1.953E-03,  0.303    ,   0.00    ) |  4.624E-04 1.526E-03
    6752 2.8574E+00 4.6239E-04  ( 1.953E-03,  0.303    ,   0.00    ) |  4.624E-04 1.526E-03
    6753 2.8579E+00 4.6237E-04  ( 1.953E-03,  0.303    ,   0.00    ) |  4.624E-04 1.526E-03
    6754 2.8583E+00 4.6235E-04  ( 1.953E-03,  0.303    ,   0.00    ) |  4.624E-04 1.526E-03
    6755 2.8588E+00 4.6233E-04  (-1.953E-03, -0.303    ,   0.00    ) |  4.623E-04 1.526E-03
    6756 2.8592E+00 4.6232E-04  (-1.953E-03, -0.303    ,   0.00    ) |  4.623E-04 1.526E-03
    6757 2.8597E+00 4.6230E-04  (-1.953E-03, -0.303    ,   0.00    ) |  4.623E-04 1.526E-03
    6758 2.8602E+00 4.6228E-04  (-1.953E-03, -0.303    ,   0.00    ) |  4.623E-04 1.526E-03
    6759 2.8606E+00 4.6226E-04  (-1.953E-03, -0.303    ,   0.00    ) |  4.623E-04 1.526E-03
    6760 2.8611E+00 4.6224E-04  (-1.953E-03, -0.303    ,   0.00    ) |  4.622E-04 1.526E-03
    6761 2.8615E+00 4.6222E-04  (-1.953E-03, -0.303    ,   0.00    ) |  4.622E-04 1.526E-03
    6762 2.8620E+00 4.6220E-04  ( 1.953E-03,  0.303    ,   0.00    ) |  4.622E-04 1.526E-03
    6763 2.8625E+00 4.6219E-04  ( 1.953E-03,  0.303    ,   0.00    ) |  4.622E-04 1.526E-03
    6764 2.8629E+00 4.6217E-04  (-1.953E-03, -0.303    ,   0.00    ) |  4.622E-04 1.526E-03
    6765 2.8634E+00 4.6215E-04  (-1.953E-03, -0.303    ,   0.00    ) |  4.621E-04 1.526E-03
    6766 2.8639E+00 4.6213E-04  (-1.953E-03, -0.303    ,   0.00    ) |  4.621E-04 1.526E-03
    6767 2.8643E+00 4.6211E-04  (-1.953E-03, -0.303    ,   0.00    ) |  4.621E-04 1.526E-03
    6768 2.8648E+00 4.6209E-04  (-1.953E-03, -0.303    ,   0.00    ) |  4.621E-04 1.526E-03
    6769 2.8652E+00 4.6207E-04  (-1.953E-03, -0.303    ,   0.00    ) |  4.621E-04 1.526E-03
    6770 2.8657E+00 4.6205E-04  (-1.953E-03, -0.303    ,   0.00    ) |  4.621E-04 1.526E-03
    6771 2.8662E+00 4.6203E-04  (-1.953E-03, -0.303    ,   0.00    ) |  4.620E-04 1.526E-03
    6772 2.8666E+00 4.6201E-04  (-1.953E-03, -0.303    ,   0.00    ) |  4.620E-04 1.526E-03
    6773 2.8671E+00 4.6200E-04  (-1.953E-03, -0.303    ,   0.00    ) |  4.620E-04 1.526E-03
    6774 2.8676E+00 4.6198E-04  (-1.953E-03, -0.303    ,   0.00    ) |  4.620E-04 1.526E-03
    6775 2.8680E+00 4.6196E-04  (-1.953E-03, -0.303    ,   0.00    ) |  4.620E-04 1.526E-03
    6776 2.8685E+00 4.6194E-04  (-1.953E-03, -0.303    ,   0.00    ) |  4.619E-04 1.526E-03
    6777 2.8689E+00 4.6192E-04  (-1.953E-03, -0.303    ,   0.00    ) |  4.619E-04 1.526E-03
    6778 2.8694E+00 4.6191E-04  (-1.953E-03, -0.303    ,   0.00    ) |  4.619E-04 1.526E-03
    6779 2.8699E+00 4.6189E-04  (-1.953E-03, -0.303    ,   0.00    ) |  4.619E-04 1.526E-03
    6780 2.8703E+00 4.6187E-04  (-1.953E-03, -0.303    ,   0.00    ) |  4.619E-04 1.526E-03
    6781 2.8708E+00 4.6186E-04  (-1.953E-03, -0.303    ,   0.00    ) |  4.619E-04 1.526E-03
    6782 2.8713E+00 4.6184E-04  (-1.953E-03, -0.303    ,   0.00    ) |  4.618E-04 1.526E-03
    6783 2.8717E+00 4.6182E-04  (-1.953E-03, -0.303    ,   0.00    ) |  4.618E-04 1.526E-03
    6784 2.8722E+00 4.6181E-04  (-1.953E-03, -0.303    ,   0.00    ) |  4.618E-04 1.526E-03
    6785 2.8726E+00 4.6179E-04  (-1.953E-03, -0.303    ,   0.00    ) |  4.618E-04 1.526E-03
    6786 2.8731E+00 4.6178E-04  (-1.953E-03, -0.303    ,   0.00    ) |  4.618E-04 1.526E-03
    6787 2.8736E+00 4.6176E-04  (-1.953E-03, -0.303    ,   0.00    ) |  4.618E-04 1.526E-03
    6788 2.8740E+00 4.6175E-04  (-1.953E-03, -0.303    ,   0.00    ) |  4.617E-04 1.526E-03
    6789 2.8745E+00 4.6173E-04  (-1.953E-03, -0.303    ,   0.00    ) |  4.617E-04 1.526E-03
    6790 2.8749E+00 4.6172E-04  (-1.953E-03, -0.303    ,   0.00    ) |  4.617E-04 1.526E-03
 *** Wrote plotfile to flash_run_hdf5_plt_cnt_0115 ****
    6791 2.8754E+00 4.6170E-04  (-1.953E-03, -0.303    ,   0.00    ) |  4.617E-04 1.526E-03
    6792 2.8759E+00 4.6169E-04  (-1.953E-03, -0.303    ,   0.00    ) |  4.617E-04 1.526E-03
    6793 2.8763E+00 4.6168E-04  ( 1.953E-03,  0.303    ,   0.00    ) |  4.617E-04 1.526E-03
    6794 2.8768E+00 4.6166E-04  ( 1.953E-03,  0.303    ,   0.00    ) |  4.617E-04 1.526E-03
    6795 2.8773E+00 4.6165E-04  ( 1.953E-03,  0.303    ,   0.00    ) |  4.616E-04 1.526E-03
    6796 2.8777E+00 4.6164E-04  ( 1.953E-03,  0.303    ,   0.00    ) |  4.616E-04 1.526E-03
    6797 2.8782E+00 4.6162E-04  ( 1.953E-03,  0.303    ,   0.00    ) |  4.616E-04 1.526E-03
    6798 2.8786E+00 4.6161E-04  ( 1.953E-03,  0.303    ,   0.00    ) |  4.616E-04 1.526E-03
    6799 2.8791E+00 4.6160E-04  ( 1.953E-03,  0.303    ,   0.00    ) |  4.616E-04 1.526E-03
    6800 2.8796E+00 4.6159E-04  ( 1.953E-03,  0.303    ,   0.00    ) |  4.616E-04 1.526E-03
    6801 2.8800E+00 4.6157E-04  ( 1.953E-03,  0.303    ,   0.00    ) |  4.616E-04 1.526E-03
    6802 2.8805E+00 4.6156E-04  ( 1.953E-03,  0.303    ,   0.00    ) |  4.616E-04 1.526E-03
    6803 2.8809E+00 4.6155E-04  ( 1.953E-03,  0.303    ,   0.00    ) |  4.616E-04 1.526E-03
    6804 2.8814E+00 4.6154E-04  ( 1.953E-03,  0.303    ,   0.00    ) |  4.615E-04 1.526E-03
    6805 2.8819E+00 4.6153E-04  ( 1.953E-03,  0.303    ,   0.00    ) |  4.615E-04 1.526E-03
    6806 2.8823E+00 4.6152E-04  ( 1.953E-03,  0.303    ,   0.00    ) |  4.615E-04 1.526E-03
    6807 2.8828E+00 4.6151E-04  ( 1.953E-03,  0.303    ,   0.00    ) |  4.615E-04 1.526E-03
    6808 2.8833E+00 4.6149E-04  ( 1.953E-03,  0.303    ,   0.00    ) |  4.615E-04 1.526E-03
    6809 2.8837E+00 4.6148E-04  ( 1.953E-03,  0.303    ,   0.00    ) |  4.615E-04 1.526E-03
    6810 2.8842E+00 4.6147E-04  ( 1.953E-03,  0.303    ,   0.00    ) |  4.615E-04 1.526E-03
    6811 2.8846E+00 4.6146E-04  ( 1.953E-03, -0.303    ,   0.00    ) |  4.615E-04 1.526E-03
    6812 2.8851E+00 4.6145E-04  (-1.953E-03, -0.303    ,   0.00    ) |  4.615E-04 1.526E-03
    6813 2.8856E+00 4.6144E-04  ( 1.953E-03, -0.303    ,   0.00    ) |  4.614E-04 1.526E-03
    6814 2.8860E+00 4.6143E-04  ( 1.953E-03, -0.303    ,   0.00    ) |  4.614E-04 1.526E-03
    6815 2.8865E+00 4.6142E-04  ( 1.953E-03, -0.303    ,   0.00    ) |  4.614E-04 1.526E-03
    6816 2.8869E+00 4.6141E-04  (-1.953E-03, -0.307    ,   0.00    ) |  4.614E-04 1.526E-03
    6817 2.8874E+00 4.6140E-04  (-1.953E-03, -0.307    ,   0.00    ) |  4.614E-04 1.526E-03
    6818 2.8879E+00 4.6140E-04  (-1.953E-03, -0.307    ,   0.00    ) |  4.614E-04 1.526E-03
    6819 2.8883E+00 4.6139E-04  (-1.953E-03, -0.307    ,   0.00    ) |  4.614E-04 1.526E-03
    6820 2.8888E+00 4.6138E-04  (-1.953E-03, -0.307    ,   0.00    ) |  4.614E-04 1.526E-03
    6821 2.8893E+00 4.6137E-04  (-1.953E-03, -0.307    ,   0.00    ) |  4.614E-04 1.526E-03
    6822 2.8897E+00 4.6136E-04  (-1.953E-03, -0.307    ,   0.00    ) |  4.614E-04 1.526E-03
    6823 2.8902E+00 4.6135E-04  ( 1.953E-03,  0.307    ,   0.00    ) |  4.613E-04 1.526E-03
    6824 2.8906E+00 4.6134E-04  ( 1.953E-03,  0.307    ,   0.00    ) |  4.613E-04 1.526E-03
    6825 2.8911E+00 4.6133E-04  ( 1.953E-03,  0.307    ,   0.00    ) |  4.613E-04 1.526E-03
    6826 2.8916E+00 4.6133E-04  ( 1.953E-03,  0.307    ,   0.00    ) |  4.613E-04 1.526E-03
    6827 2.8920E+00 4.6132E-04  ( 1.953E-03,  0.307    ,   0.00    ) |  4.613E-04 1.526E-03
    6828 2.8925E+00 4.6131E-04  (-1.953E-03, -0.307    ,   0.00    ) |  4.613E-04 1.526E-03
    6829 2.8929E+00 4.6130E-04  (-1.953E-03, -0.307    ,   0.00    ) |  4.613E-04 1.526E-03
    6830 2.8934E+00 4.6130E-04  ( 1.953E-03,  0.307    ,   0.00    ) |  4.613E-04 1.526E-03
    6831 2.8939E+00 4.6129E-04  (-1.953E-03, -0.307    ,   0.00    ) |  4.613E-04 1.526E-03
    6832 2.8943E+00 4.6129E-04  (-1.953E-03, -0.307    ,   0.00    ) |  4.613E-04 1.526E-03
    6833 2.8948E+00 4.6128E-04  (-1.953E-03, -0.307    ,   0.00    ) |  4.613E-04 1.526E-03
    6834 2.8953E+00 4.6128E-04  (-1.953E-03, -0.307    ,   0.00    ) |  4.613E-04 1.526E-03
    6835 2.8957E+00 4.6127E-04  (-1.953E-03, -0.307    ,   0.00    ) |  4.613E-04 1.526E-03
    6836 2.8962E+00 4.6127E-04  (-1.953E-03, -0.307    ,   0.00    ) |  4.613E-04 1.526E-03
    6837 2.8966E+00 4.6126E-04  (-1.953E-03, -0.307    ,   0.00    ) |  4.613E-04 1.526E-03
    6838 2.8971E+00 4.6126E-04  (-1.953E-03, -0.307    ,   0.00    ) |  4.613E-04 1.526E-03
    6839 2.8976E+00 4.6126E-04  (-1.953E-03, -0.307    ,   0.00    ) |  4.613E-04 1.526E-03
    6840 2.8980E+00 4.6125E-04  (-1.953E-03, -0.307    ,   0.00    ) |  4.613E-04 1.526E-03
    6841 2.8985E+00 4.6125E-04  (-1.953E-03, -0.307    ,   0.00    ) |  4.613E-04 1.526E-03
    6842 2.8989E+00 4.6125E-04  (-1.953E-03, -0.307    ,   0.00    ) |  4.612E-04 1.526E-03
    6843 2.8994E+00 4.6125E-04  (-1.953E-03, -0.307    ,   0.00    ) |  4.612E-04 1.526E-03
    6844 2.8999E+00 4.6125E-04  (-1.953E-03, -0.307    ,   0.00    ) |  4.612E-04 1.526E-03
 *** Wrote plotfile to flash_run_hdf5_plt_cnt_0116 ****
    6845 2.9003E+00 4.6124E-04  (-1.953E-03, -0.307    ,   0.00    ) |  4.612E-04 1.526E-03
    6846 2.9008E+00 4.6124E-04  (-1.953E-03, -0.307    ,   0.00    ) |  4.612E-04 1.526E-03
    6847 2.9012E+00 4.6124E-04  (-1.953E-03, -0.307    ,   0.00    ) |  4.612E-04 1.526E-03
    6848 2.9017E+00 4.6124E-04  (-1.953E-03, -0.307    ,   0.00    ) |  4.612E-04 1.526E-03
    6849 2.9022E+00 4.6124E-04  (-1.953E-03, -0.307    ,   0.00    ) |  4.612E-04 1.526E-03
    6850 2.9026E+00 4.6124E-04  (-1.953E-03, -0.307    ,   0.00    ) |  4.612E-04 1.526E-03
    6851 2.9031E+00 4.6124E-04  (-1.953E-03, -0.307    ,   0.00    ) |  4.612E-04 1.526E-03
    6852 2.9036E+00 4.6124E-04  (-1.953E-03, -0.307    ,   0.00    ) |  4.612E-04 1.526E-03
    6853 2.9040E+00 4.6124E-04  (-1.953E-03, -0.307    ,   0.00    ) |  4.612E-04 1.526E-03
    6854 2.9045E+00 4.6124E-04  (-1.953E-03, -0.307    ,   0.00    ) |  4.612E-04 1.526E-03
    6855 2.9049E+00 4.6124E-04  (-1.953E-03, -0.307    ,   0.00    ) |  4.612E-04 1.526E-03
    6856 2.9054E+00 4.6124E-04  (-1.953E-03, -0.307    ,   0.00    ) |  4.612E-04 1.526E-03
    6857 2.9059E+00 4.6124E-04  (-1.953E-03, -0.307    ,   0.00    ) |  4.612E-04 1.526E-03
    6858 2.9063E+00 4.6124E-04  (-1.953E-03, -0.307    ,   0.00    ) |  4.612E-04 1.526E-03
    6859 2.9068E+00 4.6124E-04  (-1.953E-03, -0.307    ,   0.00    ) |  4.612E-04 1.526E-03
    6860 2.9072E+00 4.6124E-04  ( 1.953E-03, -0.303    ,   0.00    ) |  4.612E-04 1.526E-03
    6861 2.9077E+00 4.6123E-04  ( 1.953E-03, -0.303    ,   0.00    ) |  4.612E-04 1.526E-03
    6862 2.9082E+00 4.6123E-04  ( 1.953E-03, -0.303    ,   0.00    ) |  4.612E-04 1.526E-03
    6863 2.9086E+00 4.6123E-04  ( 1.953E-03, -0.303    ,   0.00    ) |  4.612E-04 1.526E-03
    6864 2.9091E+00 4.6123E-04  ( 1.953E-03, -0.303    ,   0.00    ) |  4.612E-04 1.526E-03
    6865 2.9095E+00 4.6123E-04  ( 1.953E-03, -0.303    ,   0.00    ) |  4.612E-04 1.526E-03
    6866 2.9100E+00 4.6122E-04  ( 1.953E-03, -0.303    ,   0.00    ) |  4.612E-04 1.526E-03
    6867 2.9105E+00 4.6122E-04  ( 1.953E-03, -0.303    ,   0.00    ) |  4.612E-04 1.526E-03
    6868 2.9109E+00 4.6122E-04  ( 1.953E-03, -0.303    ,   0.00    ) |  4.612E-04 1.526E-03
    6869 2.9114E+00 4.6121E-04  ( 1.953E-03, -0.303    ,   0.00    ) |  4.612E-04 1.526E-03
    6870 2.9119E+00 4.6121E-04  ( 1.953E-03, -0.303    ,   0.00    ) |  4.612E-04 1.526E-03
    6871 2.9123E+00 4.6120E-04  ( 1.953E-03, -0.303    ,   0.00    ) |  4.612E-04 1.526E-03
    6872 2.9128E+00 4.6120E-04  ( 1.953E-03, -0.303    ,   0.00    ) |  4.612E-04 1.526E-03
    6873 2.9132E+00 4.6119E-04  ( 1.953E-03, -0.303    ,   0.00    ) |  4.612E-04 1.526E-03
    6874 2.9137E+00 4.6119E-04  ( 1.953E-03, -0.303    ,   0.00    ) |  4.612E-04 1.526E-03
    6875 2.9142E+00 4.6118E-04  ( 1.953E-03, -0.303    ,   0.00    ) |  4.612E-04 1.526E-03
    6876 2.9146E+00 4.6117E-04  ( 1.953E-03, -0.303    ,   0.00    ) |  4.612E-04 1.526E-03
    6877 2.9151E+00 4.6117E-04  ( 1.953E-03, -0.303    ,   0.00    ) |  4.612E-04 1.526E-03
    6878 2.9155E+00 4.6116E-04  ( 1.953E-03, -0.303    ,   0.00    ) |  4.612E-04 1.526E-03
    6879 2.9160E+00 4.6115E-04  ( 1.953E-03, -0.303    ,   0.00    ) |  4.612E-04 1.526E-03
    6880 2.9165E+00 4.6114E-04  ( 1.953E-03, -0.303    ,   0.00    ) |  4.611E-04 1.526E-03
    6881 2.9169E+00 4.6113E-04  ( 1.953E-03, -0.303    ,   0.00    ) |  4.611E-04 1.526E-03
    6882 2.9174E+00 4.6112E-04  ( 1.953E-03, -0.303    ,   0.00    ) |  4.611E-04 1.526E-03
    6883 2.9179E+00 4.6112E-04  ( 1.953E-03, -0.303    ,   0.00    ) |  4.611E-04 1.526E-03
    6884 2.9183E+00 4.6111E-04  ( 1.953E-03, -0.303    ,   0.00    ) |  4.611E-04 1.526E-03
    6885 2.9188E+00 4.6110E-04  ( 1.953E-03, -0.303    ,   0.00    ) |  4.611E-04 1.526E-03
    6886 2.9192E+00 4.6109E-04  ( 1.953E-03, -0.303    ,   0.00    ) |  4.611E-04 1.526E-03
    6887 2.9197E+00 4.6108E-04  ( 1.953E-03, -0.303    ,   0.00    ) |  4.611E-04 1.526E-03
    6888 2.9202E+00 4.6107E-04  ( 1.953E-03, -0.303    ,   0.00    ) |  4.611E-04 1.526E-03
    6889 2.9206E+00 4.6105E-04  ( 1.953E-03, -0.303    ,   0.00    ) |  4.611E-04 1.526E-03
    6890 2.9211E+00 4.6104E-04  ( 1.953E-03, -0.303    ,   0.00    ) |  4.610E-04 1.526E-03
    6891 2.9215E+00 4.6103E-04  ( 1.953E-03, -0.303    ,   0.00    ) |  4.610E-04 1.526E-03
    6892 2.9220E+00 4.6102E-04  ( 1.953E-03, -0.303    ,   0.00    ) |  4.610E-04 1.526E-03
    6893 2.9225E+00 4.6101E-04  ( 1.953E-03, -0.303    ,   0.00    ) |  4.610E-04 1.526E-03
    6894 2.9229E+00 4.6100E-04  ( 1.953E-03, -0.303    ,   0.00    ) |  4.610E-04 1.526E-03
    6895 2.9234E+00 4.6099E-04  ( 1.953E-03, -0.303    ,   0.00    ) |  4.610E-04 1.526E-03
    6896 2.9238E+00 4.6098E-04  ( 1.953E-03, -0.303    ,   0.00    ) |  4.610E-04 1.526E-03
    6897 2.9243E+00 4.6097E-04  ( 1.953E-03, -0.303    ,   0.00    ) |  4.610E-04 1.526E-03
    6898 2.9248E+00 4.6096E-04  ( 1.953E-03, -0.303    ,   0.00    ) |  4.610E-04 1.526E-03
 *** Wrote plotfile to flash_run_hdf5_plt_cnt_0117 ****
    6899 2.9252E+00 4.6095E-04  (-1.953E-03, -0.303    ,   0.00    ) |  4.609E-04 1.526E-03
    6900 2.9257E+00 4.6094E-04  ( 1.953E-03, -0.303    ,   0.00    ) |  4.609E-04 1.526E-03
    6901 2.9261E+00 4.6093E-04  ( 1.953E-03, -0.303    ,   0.00    ) |  4.609E-04 1.526E-03
    6902 2.9266E+00 4.6092E-04  ( 1.953E-03, -0.303    ,   0.00    ) |  4.609E-04 1.526E-03
    6903 2.9271E+00 4.6091E-04  ( 1.953E-03, -0.303    ,   0.00    ) |  4.609E-04 1.526E-03
    6904 2.9275E+00 4.6090E-04  ( 1.953E-03, -0.303    ,   0.00    ) |  4.609E-04 1.526E-03
    6905 2.9280E+00 4.6089E-04  ( 1.953E-03, -0.303    ,   0.00    ) |  4.609E-04 1.526E-03
    6906 2.9285E+00 4.6088E-04  ( 1.953E-03, -0.303    ,   0.00    ) |  4.609E-04 1.526E-03
    6907 2.9289E+00 4.6087E-04  ( 1.953E-03, -0.303    ,   0.00    ) |  4.609E-04 1.526E-03
    6908 2.9294E+00 4.6086E-04  ( 1.953E-03, -0.303    ,   0.00    ) |  4.609E-04 1.526E-03
    6909 2.9298E+00 4.6085E-04  ( 1.953E-03, -0.303    ,   0.00    ) |  4.609E-04 1.526E-03
    6910 2.9303E+00 4.6085E-04  ( 1.953E-03, -0.303    ,   0.00    ) |  4.608E-04 1.526E-03
    6911 2.9308E+00 4.6084E-04  ( 1.953E-03, -0.303    ,   0.00    ) |  4.608E-04 1.526E-03
    6912 2.9312E+00 4.6084E-04  ( 1.953E-03, -0.303    ,   0.00    ) |  4.608E-04 1.526E-03
    6913 2.9317E+00 4.6083E-04  ( 1.953E-03, -0.303    ,   0.00    ) |  4.608E-04 1.526E-03
    6914 2.9321E+00 4.6082E-04  ( 1.953E-03, -0.303    ,   0.00    ) |  4.608E-04 1.526E-03
    6915 2.9326E+00 4.6082E-04  (-1.953E-03, -0.303    ,   0.00    ) |  4.608E-04 1.526E-03
    6916 2.9331E+00 4.6082E-04  (-1.953E-03, -0.303    ,   0.00    ) |  4.608E-04 1.526E-03
    6917 2.9335E+00 4.6081E-04  (-1.953E-03, -0.303    ,   0.00    ) |  4.608E-04 1.526E-03
    6918 2.9340E+00 4.6081E-04  (-1.953E-03, -0.303    ,   0.00    ) |  4.608E-04 1.526E-03
    6919 2.9344E+00 4.6081E-04  (-1.953E-03, -0.303    ,   0.00    ) |  4.608E-04 1.526E-03
    6920 2.9349E+00 4.6081E-04  (-1.953E-03, -0.303    ,   0.00    ) |  4.608E-04 1.526E-03
    6921 2.9354E+00 4.6080E-04  ( 1.953E-03,  0.303    ,   0.00    ) |  4.608E-04 1.526E-03
    6922 2.9358E+00 4.6080E-04  ( 1.953E-03, -0.303    ,   0.00    ) |  4.608E-04 1.526E-03
    6923 2.9363E+00 4.6080E-04  (-1.953E-03, -0.303    ,   0.00    ) |  4.608E-04 1.526E-03
    6924 2.9367E+00 4.6080E-04  (-1.953E-03, -0.303    ,   0.00    ) |  4.608E-04 1.526E-03
    6925 2.9372E+00 4.6080E-04  ( 1.953E-03,  0.303    ,   0.00    ) |  4.608E-04 1.526E-03
    6926 2.9377E+00 4.6080E-04  ( 1.953E-03,  0.303    ,   0.00    ) |  4.608E-04 1.526E-03
    6927 2.9381E+00 4.6080E-04  ( 1.953E-03,  0.303    ,   0.00    ) |  4.608E-04 1.526E-03
    6928 2.9386E+00 4.6081E-04  ( 1.953E-03,  0.303    ,   0.00    ) |  4.608E-04 1.526E-03
    6929 2.9391E+00 4.6081E-04  ( 1.953E-03,  0.303    ,   0.00    ) |  4.608E-04 1.526E-03
    6930 2.9395E+00 4.6081E-04  (-1.953E-03, -0.303    ,   0.00    ) |  4.608E-04 1.526E-03
    6931 2.9400E+00 4.6081E-04  (-1.953E-03, -0.303    ,   0.00    ) |  4.608E-04 1.526E-03
    6932 2.9404E+00 4.6081E-04  (-1.953E-03, -0.303    ,   0.00    ) |  4.608E-04 1.526E-03
    6933 2.9409E+00 4.6082E-04  (-1.953E-03, -0.303    ,   0.00    ) |  4.608E-04 1.526E-03
    6934 2.9414E+00 4.6082E-04  ( 1.953E-03,  0.303    ,   0.00    ) |  4.608E-04 1.526E-03
    6935 2.9418E+00 4.6082E-04  ( 1.953E-03,  0.303    ,   0.00    ) |  4.608E-04 1.526E-03
    6936 2.9423E+00 4.6082E-04  ( 1.953E-03,  0.303    ,   0.00    ) |  4.608E-04 1.526E-03
    6937 2.9427E+00 4.6083E-04  ( 1.953E-03,  0.303    ,   0.00    ) |  4.608E-04 1.526E-03
    6938 2.9432E+00 4.6083E-04  ( 1.953E-03,  0.303    ,   0.00    ) |  4.608E-04 1.526E-03
    6939 2.9437E+00 4.6083E-04  ( 1.953E-03,  0.303    ,   0.00    ) |  4.608E-04 1.526E-03
    6940 2.9441E+00 4.6083E-04  ( 1.953E-03,  0.303    ,   0.00    ) |  4.608E-04 1.526E-03
    6941 2.9446E+00 4.6083E-04  ( 1.953E-03, -0.303    ,   0.00    ) |  4.608E-04 1.526E-03
    6942 2.9450E+00 4.6084E-04  (-1.953E-03, -0.303    ,   0.00    ) |  4.608E-04 1.526E-03
    6943 2.9455E+00 4.6084E-04  (-1.953E-03, -0.303    ,   0.00    ) |  4.608E-04 1.526E-03
    6944 2.9460E+00 4.6084E-04  (-1.953E-03, -0.303    ,   0.00    ) |  4.608E-04 1.526E-03
    6945 2.9464E+00 4.6084E-04  (-1.953E-03, -0.303    ,   0.00    ) |  4.608E-04 1.526E-03
    6946 2.9469E+00 4.6084E-04  (-1.953E-03, -0.303    ,   0.00    ) |  4.608E-04 1.526E-03
    6947 2.9473E+00 4.6084E-04  (-1.953E-03, -0.303    ,   0.00    ) |  4.608E-04 1.526E-03
    6948 2.9478E+00 4.6084E-04  (-1.953E-03, -0.303    ,   0.00    ) |  4.608E-04 1.526E-03
    6949 2.9483E+00 4.6084E-04  (-1.953E-03, -0.303    ,   0.00    ) |  4.608E-04 1.526E-03
    6950 2.9487E+00 4.6084E-04  (-1.953E-03, -0.303    ,   0.00    ) |  4.608E-04 1.526E-03
    6951 2.9492E+00 4.6084E-04  (-1.953E-03, -0.303    ,   0.00    ) |  4.608E-04 1.526E-03
    6952 2.9497E+00 4.6084E-04  (-1.953E-03, -0.303    ,   0.00    ) |  4.608E-04 1.526E-03
 *** Wrote plotfile to flash_run_hdf5_plt_cnt_0118 ****
    6953 2.9501E+00 4.6083E-04  (-1.953E-03, -0.303    ,   0.00    ) |  4.608E-04 1.526E-03
    6954 2.9506E+00 4.6083E-04  ( 1.953E-03,  0.303    ,   0.00    ) |  4.608E-04 1.526E-03
    6955 2.9510E+00 4.6083E-04  ( 1.953E-03,  0.303    ,   0.00    ) |  4.608E-04 1.526E-03
    6956 2.9515E+00 4.6083E-04  ( 1.953E-03,  0.303    ,   0.00    ) |  4.608E-04 1.526E-03
    6957 2.9520E+00 4.6082E-04  ( 1.953E-03,  0.303    ,   0.00    ) |  4.608E-04 1.526E-03
    6958 2.9524E+00 4.6082E-04  ( 1.953E-03,  0.303    ,   0.00    ) |  4.608E-04 1.526E-03
    6959 2.9529E+00 4.6081E-04  (-1.953E-03, -0.303    ,   0.00    ) |  4.608E-04 1.526E-03
    6960 2.9533E+00 4.6081E-04  ( 1.953E-03,  0.299    ,   0.00    ) |  4.608E-04 1.526E-03
    6961 2.9538E+00 4.6080E-04  ( 1.953E-03,  0.299    ,   0.00    ) |  4.608E-04 1.526E-03
    6962 2.9543E+00 4.6080E-04  ( 1.953E-03,  0.299    ,   0.00    ) |  4.608E-04 1.526E-03
    6963 2.9547E+00 4.6079E-04  ( 1.953E-03,  0.299    ,   0.00    ) |  4.608E-04 1.526E-03
    6964 2.9552E+00 4.6078E-04  ( 1.953E-03,  0.299    ,   0.00    ) |  4.608E-04 1.526E-03
    6965 2.9556E+00 4.6077E-04  ( 1.953E-03,  0.299    ,   0.00    ) |  4.608E-04 1.526E-03
    6966 2.9561E+00 4.6076E-04  ( 1.953E-03,  0.299    ,   0.00    ) |  4.608E-04 1.526E-03
    6967 2.9566E+00 4.6075E-04  ( 1.953E-03,  0.299    ,   0.00    ) |  4.608E-04 1.526E-03
    6968 2.9570E+00 4.6075E-04  ( 1.953E-03,  0.299    ,   0.00    ) |  4.607E-04 1.526E-03
    6969 2.9575E+00 4.6074E-04  ( 1.953E-03,  0.299    ,   0.00    ) |  4.607E-04 1.526E-03
    6970 2.9579E+00 4.6073E-04  ( 1.953E-03,  0.299    ,   0.00    ) |  4.607E-04 1.526E-03
    6971 2.9584E+00 4.6072E-04  ( 1.953E-03,  0.299    ,   0.00    ) |  4.607E-04 1.526E-03
    6972 2.9589E+00 4.6071E-04  ( 1.953E-03,  0.299    ,   0.00    ) |  4.607E-04 1.526E-03
    6973 2.9593E+00 4.6070E-04  ( 1.953E-03,  0.299    ,   0.00    ) |  4.607E-04 1.526E-03
    6974 2.9598E+00 4.6068E-04  ( 1.953E-03,  0.299    ,   0.00    ) |  4.607E-04 1.526E-03
    6975 2.9602E+00 4.6067E-04  ( 1.953E-03,  0.299    ,   0.00    ) |  4.607E-04 1.526E-03
    6976 2.9607E+00 4.6066E-04  ( 1.953E-03,  0.299    ,   0.00    ) |  4.607E-04 1.526E-03
    6977 2.9612E+00 4.6065E-04  ( 1.953E-03,  0.299    ,   0.00    ) |  4.606E-04 1.526E-03
    6978 2.9616E+00 4.6064E-04  ( 1.953E-03,  0.299    ,   0.00    ) |  4.606E-04 1.526E-03
    6979 2.9621E+00 4.6063E-04  ( 1.953E-03,  0.299    ,   0.00    ) |  4.606E-04 1.526E-03
    6980 2.9626E+00 4.6062E-04  ( 1.953E-03,  0.299    ,   0.00    ) |  4.606E-04 1.526E-03
    6981 2.9630E+00 4.6060E-04  ( 1.953E-03,  0.299    ,   0.00    ) |  4.606E-04 1.526E-03
    6982 2.9635E+00 4.6059E-04  ( 1.953E-03,  0.299    ,   0.00    ) |  4.606E-04 1.526E-03
    6983 2.9639E+00 4.6058E-04  ( 1.953E-03,  0.299    ,   0.00    ) |  4.606E-04 1.526E-03
    6984 2.9644E+00 4.6057E-04  ( 1.953E-03,  0.299    ,   0.00    ) |  4.606E-04 1.526E-03
    6985 2.9649E+00 4.6056E-04  ( 1.953E-03,  0.299    ,   0.00    ) |  4.606E-04 1.526E-03
    6986 2.9653E+00 4.6054E-04  ( 1.953E-03,  0.299    ,   0.00    ) |  4.605E-04 1.526E-03
    6987 2.9658E+00 4.6053E-04  ( 1.953E-03,  0.299    ,   0.00    ) |  4.605E-04 1.526E-03
    6988 2.9662E+00 4.6052E-04  ( 1.953E-03,  0.299    ,   0.00    ) |  4.605E-04 1.526E-03
    6989 2.9667E+00 4.6051E-04  ( 1.953E-03,  0.295    ,   0.00    ) |  4.605E-04 1.526E-03
    6990 2.9672E+00 4.6050E-04  ( 1.953E-03,  0.295    ,   0.00    ) |  4.605E-04 1.526E-03
    6991 2.9676E+00 4.6048E-04  ( 1.953E-03,  0.295    ,   0.00    ) |  4.605E-04 1.526E-03
    6992 2.9681E+00 4.6047E-04  ( 1.953E-03,  0.295    ,   0.00    ) |  4.605E-04 1.526E-03
    6993 2.9685E+00 4.6046E-04  ( 1.953E-03,  0.295    ,   0.00    ) |  4.605E-04 1.526E-03
    6994 2.9690E+00 4.6045E-04  ( 1.953E-03,  0.295    ,   0.00    ) |  4.605E-04 1.526E-03
    6995 2.9695E+00 4.6044E-04  ( 1.953E-03,  0.295    ,   0.00    ) |  4.604E-04 1.526E-03
    6996 2.9699E+00 4.6043E-04  ( 1.953E-03,  0.295    ,   0.00    ) |  4.604E-04 1.526E-03
    6997 2.9704E+00 4.6042E-04  ( 1.953E-03,  0.295    ,   0.00    ) |  4.604E-04 1.526E-03
    6998 2.9708E+00 4.6041E-04  ( 1.953E-03,  0.295    ,   0.00    ) |  4.604E-04 1.526E-03
    6999 2.9713E+00 4.6040E-04  ( 1.953E-03,  0.295    ,   0.00    ) |  4.604E-04 1.526E-03
    7000 2.9718E+00 4.6039E-04  ( 1.953E-03,  0.299    ,   0.00    ) |  4.604E-04 1.526E-03
    7001 2.9722E+00 4.6039E-04  ( 1.953E-03,  0.299    ,   0.00    ) |  4.604E-04 1.526E-03
    7002 2.9727E+00 4.6038E-04  ( 1.953E-03,  0.299    ,   0.00    ) |  4.604E-04 1.526E-03
    7003 2.9731E+00 4.6037E-04  ( 1.953E-03,  0.299    ,   0.00    ) |  4.604E-04 1.526E-03
    7004 2.9736E+00 4.6036E-04  ( 1.953E-03,  0.299    ,   0.00    ) |  4.604E-04 1.526E-03
    7005 2.9741E+00 4.6035E-04  ( 1.953E-03,  0.299    ,   0.00    ) |  4.604E-04 1.526E-03
    7006 2.9745E+00 4.6035E-04  ( 1.953E-03,  0.299    ,   0.00    ) |  4.603E-04 1.526E-03
    7007 2.9750E+00 4.6034E-04  ( 1.953E-03,  0.299    ,   0.00    ) |  4.603E-04 1.526E-03
 *** Wrote plotfile to flash_run_hdf5_plt_cnt_0119 ****
    7008 2.9754E+00 4.6033E-04  ( 1.953E-03,  0.299    ,   0.00    ) |  4.603E-04 1.526E-03
    7009 2.9759E+00 4.6033E-04  ( 1.953E-03,  0.299    ,   0.00    ) |  4.603E-04 1.526E-03
    7010 2.9764E+00 4.6032E-04  ( 1.953E-03,  0.299    ,   0.00    ) |  4.603E-04 1.526E-03
    7011 2.9768E+00 4.6032E-04  ( 1.953E-03,  0.299    ,   0.00    ) |  4.603E-04 1.526E-03
    7012 2.9773E+00 4.6031E-04  ( 1.953E-03,  0.299    ,   0.00    ) |  4.603E-04 1.526E-03
    7013 2.9777E+00 4.6031E-04  ( 1.953E-03,  0.299    ,   0.00    ) |  4.603E-04 1.526E-03
    7014 2.9782E+00 4.6030E-04  ( 1.953E-03,  0.299    ,   0.00    ) |  4.603E-04 1.526E-03
    7015 2.9787E+00 4.6030E-04  ( 1.953E-03,  0.299    ,   0.00    ) |  4.603E-04 1.526E-03
    7016 2.9791E+00 4.6030E-04  ( 1.953E-03,  0.299    ,   0.00    ) |  4.603E-04 1.526E-03
    7017 2.9796E+00 4.6029E-04  ( 1.953E-03,  0.299    ,   0.00    ) |  4.603E-04 1.526E-03
    7018 2.9800E+00 4.6029E-04  ( 1.953E-03,  0.299    ,   0.00    ) |  4.603E-04 1.526E-03
    7019 2.9805E+00 4.6029E-04  ( 1.953E-03,  0.299    ,   0.00    ) |  4.603E-04 1.526E-03
    7020 2.9810E+00 4.6029E-04  ( 1.953E-03,  0.299    ,   0.00    ) |  4.603E-04 1.526E-03
    7021 2.9814E+00 4.6029E-04  ( 1.953E-03,  0.299    ,   0.00    ) |  4.603E-04 1.526E-03
    7022 2.9819E+00 4.6029E-04  ( 1.953E-03,  0.299    ,   0.00    ) |  4.603E-04 1.526E-03
    7023 2.9824E+00 4.6029E-04  ( 1.953E-03,  0.299    ,   0.00    ) |  4.603E-04 1.526E-03
    7024 2.9828E+00 4.6029E-04  ( 1.953E-03,  0.299    ,   0.00    ) |  4.603E-04 1.526E-03
    7025 2.9833E+00 4.6028E-04  ( 1.953E-03,  0.299    ,   0.00    ) |  4.603E-04 1.526E-03
    7026 2.9837E+00 4.6028E-04  ( 1.953E-03,  0.299    ,   0.00    ) |  4.603E-04 1.526E-03
    7027 2.9842E+00 4.6028E-04  ( 1.953E-03,  0.299    ,   0.00    ) |  4.603E-04 1.526E-03
    7028 2.9847E+00 4.6028E-04  ( 1.953E-03,  0.299    ,   0.00    ) |  4.603E-04 1.526E-03
    7029 2.9851E+00 4.6028E-04  ( 1.953E-03,  0.299    ,   0.00    ) |  4.603E-04 1.526E-03
    7030 2.9856E+00 4.6029E-04  ( 1.953E-03,  0.303    ,   0.00    ) |  4.603E-04 1.526E-03
    7031 2.9860E+00 4.6029E-04  ( 1.953E-03,  0.303    ,   0.00    ) |  4.603E-04 1.526E-03
    7032 2.9865E+00 4.6029E-04  ( 1.953E-03,  0.303    ,   0.00    ) |  4.603E-04 1.526E-03
    7033 2.9870E+00 4.6029E-04  ( 1.953E-03,  0.303    ,   0.00    ) |  4.603E-04 1.526E-03
    7034 2.9874E+00 4.6029E-04  ( 1.953E-03,  0.303    ,   0.00    ) |  4.603E-04 1.526E-03
    7035 2.9879E+00 4.6029E-04  ( 1.953E-03,  0.303    ,   0.00    ) |  4.603E-04 1.526E-03
    7036 2.9883E+00 4.6029E-04  ( 1.953E-03,  0.303    ,   0.00    ) |  4.603E-04 1.526E-03
    7037 2.9888E+00 4.6029E-04  ( 1.953E-03,  0.303    ,   0.00    ) |  4.603E-04 1.526E-03
    7038 2.9893E+00 4.6029E-04  ( 1.953E-03,  0.303    ,   0.00    ) |  4.603E-04 1.526E-03
    7039 2.9897E+00 4.6029E-04  ( 1.953E-03,  0.303    ,   0.00    ) |  4.603E-04 1.526E-03
    7040 2.9902E+00 4.6029E-04  ( 1.953E-03,  0.303    ,   0.00    ) |  4.603E-04 1.526E-03
    7041 2.9906E+00 4.6030E-04  ( 1.953E-03,  0.303    ,   0.00    ) |  4.603E-04 1.526E-03
    7042 2.9911E+00 4.6030E-04  ( 1.953E-03,  0.303    ,   0.00    ) |  4.603E-04 1.526E-03
    7043 2.9916E+00 4.6030E-04  ( 1.953E-03,  0.303    ,   0.00    ) |  4.603E-04 1.526E-03
    7044 2.9920E+00 4.6030E-04  ( 1.953E-03,  0.303    ,   0.00    ) |  4.603E-04 1.526E-03
    7045 2.9925E+00 4.6030E-04  ( 1.953E-03,  0.303    ,   0.00    ) |  4.603E-04 1.526E-03
    7046 2.9929E+00 4.6031E-04  ( 1.953E-03,  0.303    ,   0.00    ) |  4.603E-04 1.526E-03
    7047 2.9934E+00 4.6031E-04  ( 1.953E-03,  0.303    ,   0.00    ) |  4.603E-04 1.526E-03
    7048 2.9939E+00 4.6031E-04  ( 1.953E-03,  0.303    ,   0.00    ) |  4.603E-04 1.526E-03
    7049 2.9943E+00 4.6031E-04  ( 1.953E-03,  0.299    ,   0.00    ) |  4.603E-04 1.526E-03
    7050 2.9948E+00 4.6031E-04  ( 1.953E-03,  0.299    ,   0.00    ) |  4.603E-04 1.526E-03
    7051 2.9952E+00 4.6032E-04  ( 1.953E-03,  0.299    ,   0.00    ) |  4.603E-04 1.526E-03
    7052 2.9957E+00 4.6032E-04  ( 1.953E-03,  0.299    ,   0.00    ) |  4.603E-04 1.526E-03
    7053 2.9962E+00 4.6032E-04  ( 1.953E-03,  0.299    ,   0.00    ) |  4.603E-04 1.526E-03
    7054 2.9966E+00 4.6032E-04  ( 1.953E-03,  0.299    ,   0.00    ) |  4.603E-04 1.526E-03
    7055 2.9971E+00 4.6032E-04  ( 1.953E-03,  0.299    ,   0.00    ) |  4.603E-04 1.526E-03
    7056 2.9975E+00 4.6032E-04  ( 1.953E-03,  0.299    ,   0.00    ) |  4.603E-04 1.526E-03
    7057 2.9980E+00 4.6032E-04  ( 1.953E-03,  0.299    ,   0.00    ) |  4.603E-04 1.526E-03
    7058 2.9985E+00 4.6032E-04  ( 1.953E-03,  0.299    ,   0.00    ) |  4.603E-04 1.526E-03
    7059 2.9989E+00 4.6032E-04  ( 1.953E-03,  0.299    ,   0.00    ) |  4.603E-04 1.526E-03
    7060 2.9994E+00 4.6032E-04  ( 1.953E-03,  0.299    ,   0.00    ) |  4.603E-04 1.526E-03
    7061 2.9998E+00 4.6033E-04  ( 1.953E-03,  0.299    ,   0.00    ) |  4.603E-04 1.526E-03
Shortening dt from 4.6032568435414223827E-04 to 1.5775997336975322582E-04 for reaching tmax=  3.000000000000000000    
 *** Wrote plotfile to flash_run_hdf5_plt_cnt_0120 ****
    7062 3.0000E+00 1.8931E-04  ( 1.953E-03,  0.299    ,   0.00    ) |  4.603E-04 1.526E-03
 *** Wrote checkpoint file to flash_run_hdf5_chk_0001 ****
 *** Wrote plotfile to flash_run_forced_hdf5_plt_cnt_0000 ****
