hwloc/linux: failed to find sysfs cpu topology directory, aborting linux discovery.
hwloc/linux: failed to find sysfs cpu topology directory, aborting linux discovery.
hwloc/linux: failed to find sysfs cpu topology directory, aborting linux discovery.
hwloc/linux: failed to find sysfs cpu topology directory, aborting linux discovery.
hwloc/linux: failed to find sysfs cpu topology directory, aborting linux discovery.
hwloc/linux: failed to find sysfs cpu topology directory, aborting linux discovery.
hwloc/linux: failed to find sysfs cpu topology directory, aborting linux discovery.
hwloc/linux: failed to find sysfs cpu topology directory, aborting linux discovery.
hwloc/linux: failed to find sysfs cpu topology directory, aborting linux discovery.
hwloc/linux: failed to find sysfs cpu topology directory, aborting linux discovery.
[1791438798.924419] [Rog-GA401:7    :0]       tcp_iface.c:893  UCX  ERROR scandir(/sys/class/net) failed: No such file or directory
[1791438798.924378] [Rog-GA401:8    :0]       tcp_iface.c:893  UCX  ERROR scandir(/sys/class/net) failed: No such file or directory
[1791438798.924411] [Rog-GA401:9    :0]       tcp_iface.c:893  UCX  ERROR scandir(/sys/class/net) failed: No such file or directory
[1791438798.924389] [Rog-GA401:10   :0]       tcp_iface.c:893  UCX  ERROR scandir(/sys/class/net) failed: No such file or directory
 MaterialProperties initialized
 Cosmology initialized
 Source terms initialized
  Finished with Grid_initDomain, no restart
 Ready to call Hydro_init
 Hydro initialized
 Gravity initialized
 Initial dt verified
 *** Wrote checkpoint file to flash_run_hdf5_chk_0000 ****
 *** Wrote plotfile to flash_run_hdf5_plt_cnt_0000 ****
 Initial plotfile written
 Driver init all done
       n          t         dt  (         x,          y,          z) |  dt_hydro  dt_Diff  
       1 1.0000E-06 1.2000E-06  (-1.302E-03,  5.339E-02,   0.00    ) |  6.189E-04 1.085E-02
       2 2.2000E-06 1.4400E-06  (-1.302E-03,  5.339E-02,   0.00    ) |  6.189E-04 1.085E-02
       3 3.6400E-06 1.7280E-06  (-1.302E-03,  5.339E-02,   0.00    ) |  6.189E-04 1.085E-02
       4 5.3680E-06 2.0736E-06  (-1.302E-03,  5.339E-02,   0.00    ) |  6.189E-04 1.085E-02
       5 7.4416E-06 2.4883E-06  (-1.302E-03,  5.339E-02,   0.00    ) |  6.189E-04 1.085E-02
       6 9.9299E-06 2.9860E-06  (-1.302E-03,  5.339E-02,   0.00    ) |  6.189E-04 1.085E-02
       7 1.2916E-05 3.5832E-06  (-1.302E-03,  5.339E-02,   0.00    ) |  6.189E-04 1.085E-02
       8 1.6499E-05 4.2998E-06  (-1.302E-03,  5.339E-02,   0.00    ) |  6.189E-04 1.085E-02
       9 2.0799E-05 5.1598E-06  (-1.302E-03,  5.339E-02,   0.00    ) |  6.189E-04 1.085E-02
      10 2.5959E-05 6.1917E-06  (-1.302E-03,  5.339E-02,   0.00    ) |  6.189E-04 1.085E-02
      11 3.2150E-05 7.4301E-06  (-1.302E-03,  5.339E-02,   0.00    ) |  6.189E-04 1.085E-02
      12 3.9581E-05 8.9161E-06  (-1.302E-03,  5.339E-02,   0.00    ) |  6.189E-04 1.085E-02
      13 4.8497E-05 1.0699E-05  (-1.302E-03,  5.339E-02,   0.00    ) |  6.189E-04 1.085E-02
      14 5.9196E-05 1.2839E-05  (-1.302E-03,  5.339E-02,   0.00    ) |  6.189E-04 1.085E-02
      15 7.2035E-05 1.5407E-05  (-1.302E-03,  5.339E-02,   0.00    ) |  6.189E-04 1.085E-02
      16 8.7442E-05 1.8488E-05  (-1.302E-03,  5.339E-02,   0.00    ) |  6.189E-04 1.085E-02
      17 1.0593E-04 2.2186E-05  (-1.302E-03,  5.339E-02,   0.00    ) |  6.189E-04 1.085E-02
      18 1.2812E-04 2.6623E-05  (-1.302E-03,  5.339E-02,   0.00    ) |  6.189E-04 1.085E-02
      19 1.5474E-04 3.1948E-05  (-1.302E-03,  5.339E-02,   0.00    ) |  6.189E-04 1.085E-02
      20 1.8669E-04 3.8338E-05  (-1.302E-03,  5.339E-02,   0.00    ) |  6.189E-04 1.085E-02
      21 2.2503E-04 4.6005E-05  (-1.302E-03,  5.339E-02,   0.00    ) |  6.189E-04 1.085E-02
      22 2.7103E-04 5.5206E-05  (-1.302E-03,  5.339E-02,   0.00    ) |  6.189E-04 1.085E-02
      23 3.2624E-04 6.6247E-05  ( 1.302E-03,  5.339E-02,   0.00    ) |  6.189E-04 1.085E-02
      24 3.9248E-04 7.9497E-05  ( 1.302E-03,  5.339E-02,   0.00    ) |  6.189E-04 1.085E-02
      25 4.7198E-04 9.5396E-05  ( 1.302E-03,  5.339E-02,   0.00    ) |  6.189E-04 1.085E-02
      26 5.6738E-04 1.1448E-04  (-1.302E-03,  5.339E-02,   0.00    ) |  6.189E-04 1.085E-02
      27 6.8185E-04 1.3737E-04  ( 1.302E-03,  5.339E-02,   0.00    ) |  6.189E-04 1.085E-02
      28 8.1922E-04 1.6484E-04  ( 1.302E-03,  5.339E-02,   0.00    ) |  6.189E-04 1.085E-02
      29 9.8407E-04 1.9781E-04  ( 1.302E-03,  5.339E-02,   0.00    ) |  6.189E-04 1.085E-02
      30 1.1819E-03 2.3738E-04  ( 1.302E-03,  5.339E-02,   0.00    ) |  6.189E-04 1.085E-02
      31 1.4193E-03 2.8485E-04  ( 1.302E-03,  5.339E-02,   0.00    ) |  6.189E-04 1.085E-02
      32 1.7041E-03 3.4182E-04  (-1.302E-03,  5.339E-02,   0.00    ) |  6.189E-04 1.085E-02
      33 2.0459E-03 4.1019E-04  ( 1.302E-03,  5.339E-02,   0.00    ) |  6.189E-04 1.085E-02
      34 2.4561E-03 4.9222E-04  ( 1.302E-03,  5.339E-02,   0.00    ) |  6.189E-04 1.085E-02
      35 2.9483E-03 5.9067E-04  ( 1.302E-03,  5.339E-02,   0.00    ) |  6.189E-04 1.085E-02
      36 3.5390E-03 6.1890E-04  ( 1.302E-03,  5.339E-02,   0.00    ) |  6.189E-04 1.085E-02
      37 4.1579E-03 6.1890E-04  ( 1.302E-03,  5.339E-02,   0.00    ) |  6.189E-04 1.085E-02
      38 4.7768E-03 6.1889E-04  ( 1.302E-03,  5.339E-02,   0.00    ) |  6.189E-04 1.085E-02
      39 5.3957E-03 6.1889E-04  ( 1.302E-03,  5.339E-02,   0.00    ) |  6.189E-04 1.085E-02
      40 6.0146E-03 6.1888E-04  ( 1.302E-03,  5.339E-02,   0.00    ) |  6.189E-04 1.085E-02
      41 6.6335E-03 6.1888E-04  ( 1.302E-03,  5.339E-02,   0.00    ) |  6.189E-04 1.085E-02
      42 7.2523E-03 6.1888E-04  ( 1.302E-03,  5.339E-02,   0.00    ) |  6.189E-04 1.085E-02
      43 7.8712E-03 6.1887E-04  (-1.302E-03,  5.339E-02,   0.00    ) |  6.189E-04 1.085E-02
      44 8.4901E-03 6.1887E-04  ( 1.302E-03,  5.339E-02,   0.00    ) |  6.189E-04 1.085E-02
      45 9.1090E-03 6.1886E-04  ( 1.302E-03,  5.339E-02,   0.00    ) |  6.189E-04 1.085E-02
      46 9.7278E-03 6.1886E-04  ( 1.302E-03,  5.339E-02,   0.00    ) |  6.189E-04 1.085E-02
      47 1.0347E-02 6.1885E-04  (-1.302E-03,  5.339E-02,   0.00    ) |  6.188E-04 1.085E-02
      48 1.0966E-02 6.1884E-04  (-1.302E-03,  5.339E-02,   0.00    ) |  6.188E-04 1.085E-02
      49 1.1584E-02 6.1883E-04  ( 1.302E-03,  5.339E-02,   0.00    ) |  6.188E-04 1.085E-02
      50 1.2203E-02 6.1883E-04  (-1.302E-03,  5.339E-02,   0.00    ) |  6.188E-04 1.085E-02
      51 1.2822E-02 6.1882E-04  (-1.302E-03,  5.339E-02,   0.00    ) |  6.188E-04 1.085E-02
      52 1.3441E-02 6.1881E-04  (-1.302E-03,  5.339E-02,   0.00    ) |  6.188E-04 1.085E-02
      53 1.4060E-02 6.1880E-04  (-1.302E-03,  5.339E-02,   0.00    ) |  6.188E-04 1.085E-02
      54 1.4678E-02 6.1879E-04  ( 1.302E-03,  5.339E-02,   0.00    ) |  6.188E-04 1.085E-02
      55 1.5297E-02 6.1878E-04  ( 1.302E-03,  5.339E-02,   0.00    ) |  6.188E-04 1.085E-02
      56 1.5916E-02 6.1876E-04  (-1.302E-03,  5.339E-02,   0.00    ) |  6.188E-04 1.085E-02
      57 1.6535E-02 6.1875E-04  (-1.302E-03,  5.339E-02,   0.00    ) |  6.188E-04 1.085E-02
      58 1.7154E-02 6.1874E-04  (-1.302E-03,  5.339E-02,   0.00    ) |  6.187E-04 1.085E-02
      59 1.7772E-02 6.1872E-04  (-1.302E-03,  5.339E-02,   0.00    ) |  6.187E-04 1.085E-02
      60 1.8391E-02 6.1871E-04  (-1.302E-03,  5.339E-02,   0.00    ) |  6.187E-04 1.085E-02
      61 1.9010E-02 6.1869E-04  (-1.302E-03,  5.339E-02,   0.00    ) |  6.187E-04 1.085E-02
      62 1.9628E-02 6.1867E-04  ( 1.302E-03,  5.339E-02,   0.00    ) |  6.187E-04 1.085E-02
      63 2.0247E-02 6.1866E-04  (-1.302E-03,  5.339E-02,   0.00    ) |  6.187E-04 1.085E-02
      64 2.0866E-02 6.1864E-04  (-1.302E-03,  5.339E-02,   0.00    ) |  6.186E-04 1.085E-02
      65 2.1484E-02 6.1862E-04  (-1.302E-03,  5.339E-02,   0.00    ) |  6.186E-04 1.085E-02
      66 2.2103E-02 6.1859E-04  ( 1.302E-03,  5.339E-02,   0.00    ) |  6.186E-04 1.085E-02
      67 2.2722E-02 6.1857E-04  (-1.302E-03,  5.339E-02,   0.00    ) |  6.186E-04 1.085E-02
      68 2.3340E-02 6.1855E-04  ( 1.302E-03,  5.339E-02,   0.00    ) |  6.185E-04 1.085E-02
      69 2.3959E-02 6.1852E-04  ( 1.302E-03,  5.339E-02,   0.00    ) |  6.185E-04 1.085E-02
      70 2.4577E-02 6.1850E-04  ( 1.302E-03,  5.339E-02,   0.00    ) |  6.185E-04 1.085E-02
 *** Wrote plotfile to flash_run_hdf5_plt_cnt_0001 ****
      71 2.5196E-02 6.1847E-04  (-1.302E-03,  5.339E-02,   0.00    ) |  6.185E-04 1.085E-02
      72 2.5814E-02 6.1844E-04  (-1.302E-03,  5.339E-02,   0.00    ) |  6.184E-04 1.085E-02
      73 2.6433E-02 6.1842E-04  (-1.302E-03,  5.339E-02,   0.00    ) |  6.184E-04 1.085E-02
      74 2.7051E-02 6.1839E-04  (-1.302E-03,  5.339E-02,   0.00    ) |  6.184E-04 1.085E-02
      75 2.7669E-02 6.1836E-04  (-1.302E-03,  5.339E-02,   0.00    ) |  6.184E-04 1.085E-02
      76 2.8288E-02 6.1833E-04  (-1.302E-03,  5.339E-02,   0.00    ) |  6.183E-04 1.085E-02
      77 2.8906E-02 6.1830E-04  (-1.302E-03,  5.339E-02,   0.00    ) |  6.183E-04 1.085E-02
      78 2.9524E-02 6.1827E-04  (-1.302E-03,  5.339E-02,   0.00    ) |  6.183E-04 1.085E-02
      79 3.0143E-02 6.1824E-04  (-1.302E-03,  5.339E-02,   0.00    ) |  6.182E-04 1.085E-02
      80 3.0761E-02 6.1821E-04  (-1.302E-03,  5.339E-02,   0.00    ) |  6.182E-04 1.085E-02
      81 3.1379E-02 6.1818E-04  (-1.302E-03,  5.339E-02,   0.00    ) |  6.182E-04 1.085E-02
      82 3.1997E-02 6.1815E-04  (-1.302E-03,  5.339E-02,   0.00    ) |  6.181E-04 1.085E-02
      83 3.2615E-02 6.1812E-04  (-1.302E-03,  5.339E-02,   0.00    ) |  6.181E-04 1.085E-02
      84 3.3234E-02 6.1808E-04  (-1.302E-03,  5.339E-02,   0.00    ) |  6.181E-04 1.085E-02
      85 3.3852E-02 6.1805E-04  (-1.302E-03,  5.339E-02,   0.00    ) |  6.181E-04 1.085E-02
      86 3.4470E-02 6.1802E-04  (-1.302E-03,  5.339E-02,   0.00    ) |  6.180E-04 1.085E-02
      87 3.5088E-02 6.1799E-04  (-1.302E-03,  5.339E-02,   0.00    ) |  6.180E-04 1.085E-02
      88 3.5706E-02 6.1796E-04  ( 1.302E-03,  5.339E-02,   0.00    ) |  6.180E-04 1.085E-02
      89 3.6324E-02 6.1793E-04  (-1.302E-03,  5.339E-02,   0.00    ) |  6.179E-04 1.085E-02
      90 3.6942E-02 6.1790E-04  ( 1.302E-03,  5.339E-02,   0.00    ) |  6.179E-04 1.085E-02
      91 3.7560E-02 6.1786E-04  (-1.302E-03,  5.339E-02,   0.00    ) |  6.179E-04 1.085E-02
      92 3.8177E-02 6.1783E-04  (-1.302E-03,  5.339E-02,   0.00    ) |  6.178E-04 1.085E-02
      93 3.8795E-02 6.1780E-04  ( 1.302E-03,  5.339E-02,   0.00    ) |  6.178E-04 1.085E-02
      94 3.9413E-02 6.1777E-04  (-1.302E-03,  5.339E-02,   0.00    ) |  6.178E-04 1.085E-02
      95 4.0031E-02 6.1774E-04  (-1.302E-03,  5.339E-02,   0.00    ) |  6.177E-04 1.085E-02
      96 4.0649E-02 6.1771E-04  (-1.302E-03,  5.339E-02,   0.00    ) |  6.177E-04 1.085E-02
      97 4.1266E-02 6.1769E-04  (-1.302E-03,  5.339E-02,   0.00    ) |  6.177E-04 1.085E-02
      98 4.1884E-02 6.1766E-04  (-1.302E-03,  5.339E-02,   0.00    ) |  6.177E-04 1.085E-02
      99 4.2502E-02 6.1763E-04  ( 1.302E-03,  5.339E-02,   0.00    ) |  6.176E-04 1.085E-02
     100 4.3119E-02 6.1760E-04  ( 1.302E-03,  5.339E-02,   0.00    ) |  6.176E-04 1.085E-02
     101 4.3737E-02 6.1757E-04  (-1.302E-03,  5.339E-02,   0.00    ) |  6.176E-04 1.085E-02
     102 4.4354E-02 6.1755E-04  ( 1.302E-03,  5.339E-02,   0.00    ) |  6.175E-04 1.085E-02
     103 4.4972E-02 6.1752E-04  (-1.302E-03,  5.339E-02,   0.00    ) |  6.175E-04 1.085E-02
     104 4.5589E-02 6.1749E-04  (-1.302E-03,  5.339E-02,   0.00    ) |  6.175E-04 1.085E-02
     105 4.6207E-02 6.1747E-04  (-1.302E-03,  5.339E-02,   0.00    ) |  6.175E-04 1.085E-02
     106 4.6824E-02 6.1744E-04  (-1.302E-03,  5.339E-02,   0.00    ) |  6.174E-04 1.085E-02
     107 4.7442E-02 6.1742E-04  (-1.302E-03,  5.339E-02,   0.00    ) |  6.174E-04 1.085E-02
     108 4.8059E-02 6.1739E-04  (-1.302E-03,  5.339E-02,   0.00    ) |  6.174E-04 1.085E-02
     109 4.8677E-02 6.1737E-04  (-1.302E-03,  5.339E-02,   0.00    ) |  6.174E-04 1.085E-02
     110 4.9294E-02 6.1734E-04  (-1.302E-03,  5.339E-02,   0.00    ) |  6.173E-04 1.085E-02
     111 4.9911E-02 6.1732E-04  (-1.302E-03,  5.339E-02,   0.00    ) |  6.173E-04 1.085E-02
 *** Wrote plotfile to flash_run_hdf5_plt_cnt_0002 ****
     112 5.0529E-02 6.1730E-04  (-1.302E-03,  5.339E-02,   0.00    ) |  6.173E-04 1.085E-02
     113 5.1146E-02 6.1727E-04  (-1.302E-03,  5.339E-02,   0.00    ) |  6.173E-04 1.085E-02
     114 5.1763E-02 6.1725E-04  (-1.302E-03,  5.339E-02,   0.00    ) |  6.173E-04 1.085E-02
     115 5.2381E-02 6.1723E-04  (-1.302E-03,  5.339E-02,   0.00    ) |  6.172E-04 1.085E-02
     116 5.2998E-02 6.1721E-04  (-1.302E-03,  5.339E-02,   0.00    ) |  6.172E-04 1.085E-02
     117 5.3615E-02 6.1718E-04  (-1.302E-03,  5.339E-02,   0.00    ) |  6.172E-04 1.085E-02
     118 5.4232E-02 6.1716E-04  (-1.302E-03,  5.339E-02,   0.00    ) |  6.172E-04 1.085E-02
     119 5.4849E-02 6.1714E-04  (-1.302E-03,  5.339E-02,   0.00    ) |  6.171E-04 1.085E-02
     120 5.5466E-02 6.1712E-04  (-1.302E-03,  5.339E-02,   0.00    ) |  6.171E-04 1.085E-02
     121 5.6084E-02 6.1710E-04  (-1.302E-03,  5.339E-02,   0.00    ) |  6.171E-04 1.085E-02
     122 5.6701E-02 6.1708E-04  (-1.302E-03,  5.339E-02,   0.00    ) |  6.171E-04 1.085E-02
     123 5.7318E-02 6.1706E-04  (-1.302E-03,  5.339E-02,   0.00    ) |  6.171E-04 1.085E-02
     124 5.7935E-02 6.1704E-04  (-1.302E-03,  5.339E-02,   0.00    ) |  6.170E-04 1.085E-02
     125 5.8552E-02 6.1702E-04  (-1.302E-03,  5.339E-02,   0.00    ) |  6.170E-04 1.085E-02
     126 5.9169E-02 6.1700E-04  (-1.302E-03,  5.339E-02,   0.00    ) |  6.170E-04 1.085E-02
     127 5.9786E-02 6.1699E-04  (-1.302E-03,  5.339E-02,   0.00    ) |  6.170E-04 1.085E-02
     128 6.0403E-02 6.1697E-04  (-1.302E-03,  5.339E-02,   0.00    ) |  6.170E-04 1.085E-02
     129 6.1020E-02 6.1695E-04  (-1.302E-03,  5.339E-02,   0.00    ) |  6.170E-04 1.085E-02
     130 6.1637E-02 6.1693E-04  (-1.302E-03,  5.339E-02,   0.00    ) |  6.169E-04 1.085E-02
     131 6.2254E-02 6.1692E-04  (-1.302E-03,  5.339E-02,   0.00    ) |  6.169E-04 1.085E-02
     132 6.2871E-02 6.1690E-04  (-1.302E-03,  5.339E-02,   0.00    ) |  6.169E-04 1.085E-02
     133 6.3488E-02 6.1688E-04  (-1.302E-03,  5.339E-02,   0.00    ) |  6.169E-04 1.085E-02
     134 6.4104E-02 6.1686E-04  (-1.302E-03,  5.339E-02,   0.00    ) |  6.169E-04 1.085E-02
     135 6.4721E-02 6.1685E-04  (-1.302E-03,  5.339E-02,   0.00    ) |  6.168E-04 1.085E-02
     136 6.5338E-02 6.1683E-04  (-1.302E-03,  5.339E-02,   0.00    ) |  6.168E-04 1.085E-02
     137 6.5955E-02 6.1681E-04  (-1.302E-03,  5.339E-02,   0.00    ) |  6.168E-04 1.085E-02
     138 6.6572E-02 6.1680E-04  (-1.302E-03,  5.339E-02,   0.00    ) |  6.168E-04 1.085E-02
     139 6.7189E-02 6.1678E-04  (-1.302E-03,  5.339E-02,   0.00    ) |  6.168E-04 1.085E-02
     140 6.7805E-02 6.1676E-04  (-1.302E-03,  5.339E-02,   0.00    ) |  6.168E-04 1.085E-02
     141 6.8422E-02 6.1675E-04  (-1.302E-03,  5.339E-02,   0.00    ) |  6.167E-04 1.085E-02
     142 6.9039E-02 6.1673E-04  (-1.302E-03,  5.339E-02,   0.00    ) |  6.167E-04 1.085E-02
     143 6.9656E-02 6.1672E-04  (-1.302E-03,  5.339E-02,   0.00    ) |  6.167E-04 1.085E-02
     144 7.0272E-02 6.1670E-04  (-1.302E-03,  5.339E-02,   0.00    ) |  6.167E-04 1.085E-02
     145 7.0889E-02 6.1669E-04  (-1.302E-03,  5.339E-02,   0.00    ) |  6.167E-04 1.085E-02
     146 7.1506E-02 6.1667E-04  (-1.302E-03,  5.339E-02,   0.00    ) |  6.167E-04 1.085E-02
     147 7.2122E-02 6.1666E-04  (-1.302E-03,  5.339E-02,   0.00    ) |  6.167E-04 1.085E-02
     148 7.2739E-02 6.1664E-04  (-1.302E-03,  5.339E-02,   0.00    ) |  6.166E-04 1.085E-02
     149 7.3356E-02 6.1663E-04  (-1.302E-03,  5.339E-02,   0.00    ) |  6.166E-04 1.085E-02
     150 7.3972E-02 6.1662E-04  (-1.302E-03,  5.339E-02,   0.00    ) |  6.166E-04 1.085E-02
     151 7.4589E-02 6.1660E-04  (-1.302E-03,  5.339E-02,   0.00    ) |  6.166E-04 1.085E-02
 *** Wrote plotfile to flash_run_hdf5_plt_cnt_0003 ****
     152 7.5206E-02 6.1659E-04  (-1.302E-03,  5.339E-02,   0.00    ) |  6.166E-04 1.085E-02
     153 7.5822E-02 6.1657E-04  (-1.302E-03,  5.339E-02,   0.00    ) |  6.166E-04 1.085E-02
     154 7.6439E-02 6.1656E-04  (-1.302E-03,  5.339E-02,   0.00    ) |  6.166E-04 1.085E-02
     155 7.7055E-02 6.1655E-04  (-1.302E-03,  5.339E-02,   0.00    ) |  6.165E-04 1.085E-02
     156 7.7672E-02 6.1653E-04  (-1.302E-03,  5.339E-02,   0.00    ) |  6.165E-04 1.085E-02
     157 7.8288E-02 6.1652E-04  (-1.302E-03,  5.339E-02,   0.00    ) |  6.165E-04 1.085E-02
     158 7.8905E-02 6.1651E-04  (-1.302E-03,  5.339E-02,   0.00    ) |  6.165E-04 1.085E-02
     159 7.9521E-02 6.1650E-04  (-1.302E-03,  5.339E-02,   0.00    ) |  6.165E-04 1.085E-02
     160 8.0138E-02 6.1648E-04  (-1.302E-03,  5.078E-02,   0.00    ) |  6.165E-04 1.085E-02
     161 8.0754E-02 6.1647E-04  (-1.302E-03,  5.078E-02,   0.00    ) |  6.165E-04 1.085E-02
     162 8.1371E-02 6.1645E-04  (-1.302E-03,  5.078E-02,   0.00    ) |  6.165E-04 1.085E-02
     163 8.1987E-02 6.1644E-04  (-1.302E-03,  5.078E-02,   0.00    ) |  6.164E-04 1.085E-02
     164 8.2604E-02 6.1643E-04  (-1.302E-03,  5.078E-02,   0.00    ) |  6.164E-04 1.085E-02
     165 8.3220E-02 6.1641E-04  (-1.302E-03,  5.078E-02,   0.00    ) |  6.164E-04 1.085E-02
     166 8.3837E-02 6.1640E-04  (-1.302E-03,  5.078E-02,   0.00    ) |  6.164E-04 1.085E-02
     167 8.4453E-02 6.1638E-04  (-1.302E-03,  5.078E-02,   0.00    ) |  6.164E-04 1.085E-02
     168 8.5069E-02 6.1637E-04  (-1.302E-03,  5.078E-02,   0.00    ) |  6.164E-04 1.085E-02
     169 8.5686E-02 6.1636E-04  (-1.302E-03,  5.078E-02,   0.00    ) |  6.164E-04 1.085E-02
     170 8.6302E-02 6.1634E-04  (-1.302E-03,  5.078E-02,   0.00    ) |  6.163E-04 1.085E-02
     171 8.6918E-02 6.1633E-04  (-1.302E-03,  5.078E-02,   0.00    ) |  6.163E-04 1.085E-02
     172 8.7535E-02 6.1632E-04  (-1.302E-03,  5.078E-02,   0.00    ) |  6.163E-04 1.085E-02
     173 8.8151E-02 6.1630E-04  (-1.302E-03,  5.078E-02,   0.00    ) |  6.163E-04 1.085E-02
     174 8.8767E-02 6.1629E-04  (-1.302E-03,  5.078E-02,   0.00    ) |  6.163E-04 1.085E-02
     175 8.9384E-02 6.1628E-04  (-1.302E-03,  5.078E-02,   0.00    ) |  6.163E-04 1.085E-02
     176 9.0000E-02 6.1627E-04  (-1.302E-03,  5.078E-02,   0.00    ) |  6.163E-04 1.085E-02
     177 9.0616E-02 6.1625E-04  (-1.302E-03,  5.078E-02,   0.00    ) |  6.163E-04 1.085E-02
     178 9.1232E-02 6.1624E-04  (-1.302E-03,  5.078E-02,   0.00    ) |  6.162E-04 1.085E-02
     179 9.1849E-02 6.1623E-04  (-1.302E-03,  5.078E-02,   0.00    ) |  6.162E-04 1.085E-02
     180 9.2465E-02 6.1622E-04  (-1.302E-03,  5.078E-02,   0.00    ) |  6.162E-04 1.085E-02
     181 9.3081E-02 6.1620E-04  (-1.302E-03,  5.078E-02,   0.00    ) |  6.162E-04 1.085E-02
     182 9.3697E-02 6.1619E-04  (-1.302E-03,  5.078E-02,   0.00    ) |  6.162E-04 1.085E-02
     183 9.4313E-02 6.1618E-04  (-1.302E-03,  5.078E-02,   0.00    ) |  6.162E-04 1.085E-02
     184 9.4930E-02 6.1617E-04  (-1.302E-03,  5.078E-02,   0.00    ) |  6.162E-04 1.085E-02
     185 9.5546E-02 6.1616E-04  (-1.302E-03,  5.078E-02,   0.00    ) |  6.162E-04 1.085E-02
     186 9.6162E-02 6.1615E-04  (-1.302E-03,  5.078E-02,   0.00    ) |  6.161E-04 1.085E-02
     187 9.6778E-02 6.1614E-04  (-1.302E-03,  5.078E-02,   0.00    ) |  6.161E-04 1.085E-02
     188 9.7394E-02 6.1613E-04  (-1.302E-03,  5.078E-02,   0.00    ) |  6.161E-04 1.085E-02
     189 9.8010E-02 6.1612E-04  (-1.302E-03,  5.078E-02,   0.00    ) |  6.161E-04 1.085E-02
     190 9.8627E-02 6.1611E-04  (-1.302E-03,  5.078E-02,   0.00    ) |  6.161E-04 1.085E-02
     191 9.9243E-02 6.1610E-04  (-1.302E-03,  5.078E-02,   0.00    ) |  6.161E-04 1.085E-02
     192 9.9859E-02 6.1609E-04  (-1.302E-03,  5.078E-02,   0.00    ) |  6.161E-04 1.085E-02
 *** Wrote plotfile to flash_run_hdf5_plt_cnt_0004 ****
     193 1.0047E-01 6.1608E-04  (-1.302E-03,  5.078E-02,   0.00    ) |  6.161E-04 1.085E-02
     194 1.0109E-01 6.1607E-04  (-1.302E-03,  5.078E-02,   0.00    ) |  6.161E-04 1.085E-02
     195 1.0171E-01 6.1606E-04  (-1.302E-03,  5.078E-02,   0.00    ) |  6.161E-04 1.085E-02
     196 1.0232E-01 6.1605E-04  (-1.302E-03,  5.078E-02,   0.00    ) |  6.160E-04 1.085E-02
     197 1.0294E-01 6.1604E-04  (-1.302E-03,  5.078E-02,   0.00    ) |  6.160E-04 1.085E-02
     198 1.0356E-01 6.1603E-04  (-1.302E-03,  5.078E-02,   0.00    ) |  6.160E-04 1.085E-02
     199 1.0417E-01 6.1602E-04  (-1.302E-03,  5.078E-02,   0.00    ) |  6.160E-04 1.085E-02
     200 1.0479E-01 6.1601E-04  (-1.302E-03,  5.078E-02,   0.00    ) |  6.160E-04 1.085E-02
     201 1.0540E-01 6.1600E-04  (-1.302E-03,  5.078E-02,   0.00    ) |  6.160E-04 1.085E-02
     202 1.0602E-01 6.1599E-04  (-1.302E-03,  5.078E-02,   0.00    ) |  6.160E-04 1.085E-02
     203 1.0664E-01 6.1598E-04  (-1.302E-03,  5.078E-02,   0.00    ) |  6.160E-04 1.085E-02
     204 1.0725E-01 6.1597E-04  (-1.302E-03,  5.078E-02,   0.00    ) |  6.160E-04 1.085E-02
     205 1.0787E-01 6.1596E-04  (-1.302E-03,  5.078E-02,   0.00    ) |  6.160E-04 1.085E-02
     206 1.0848E-01 6.1596E-04  (-1.302E-03,  5.078E-02,   0.00    ) |  6.160E-04 1.085E-02
     207 1.0910E-01 6.1595E-04  (-1.302E-03,  5.078E-02,   0.00    ) |  6.159E-04 1.085E-02
     208 1.0971E-01 6.1594E-04  (-1.302E-03,  5.078E-02,   0.00    ) |  6.159E-04 1.085E-02
     209 1.1033E-01 6.1593E-04  (-1.302E-03,  5.078E-02,   0.00    ) |  6.159E-04 1.085E-02
     210 1.1095E-01 6.1592E-04  (-1.302E-03,  5.078E-02,   0.00    ) |  6.159E-04 1.085E-02
     211 1.1156E-01 6.1591E-04  (-1.302E-03,  5.078E-02,   0.00    ) |  6.159E-04 1.085E-02
     212 1.1218E-01 6.1591E-04  (-1.302E-03,  5.078E-02,   0.00    ) |  6.159E-04 1.085E-02
     213 1.1279E-01 6.1590E-04  (-1.302E-03,  5.078E-02,   0.00    ) |  6.159E-04 1.085E-02
     214 1.1341E-01 6.1589E-04  (-1.302E-03,  5.078E-02,   0.00    ) |  6.159E-04 1.085E-02
     215 1.1403E-01 6.1589E-04  (-1.302E-03,  5.078E-02,   0.00    ) |  6.159E-04 1.085E-02
     216 1.1464E-01 6.1588E-04  (-1.302E-03,  5.078E-02,   0.00    ) |  6.159E-04 1.085E-02
     217 1.1526E-01 6.1587E-04  (-1.302E-03,  5.078E-02,   0.00    ) |  6.159E-04 1.085E-02
     218 1.1587E-01 6.1587E-04  (-1.302E-03,  5.078E-02,   0.00    ) |  6.159E-04 1.085E-02
     219 1.1649E-01 6.1586E-04  (-1.302E-03,  5.078E-02,   0.00    ) |  6.159E-04 1.085E-02
     220 1.1711E-01 6.1585E-04  (-1.302E-03,  5.078E-02,   0.00    ) |  6.159E-04 1.085E-02
     221 1.1772E-01 6.1585E-04  (-1.302E-03,  5.078E-02,   0.00    ) |  6.158E-04 1.085E-02
     222 1.1834E-01 6.1584E-04  (-1.302E-03,  5.078E-02,   0.00    ) |  6.158E-04 1.085E-02
     223 1.1895E-01 6.1583E-04  (-1.302E-03,  5.078E-02,   0.00    ) |  6.158E-04 1.085E-02
     224 1.1957E-01 6.1583E-04  (-1.302E-03,  5.078E-02,   0.00    ) |  6.158E-04 1.085E-02
     225 1.2018E-01 6.1582E-04  (-1.302E-03,  5.078E-02,   0.00    ) |  6.158E-04 1.085E-02
     226 1.2080E-01 6.1582E-04  (-1.302E-03,  5.078E-02,   0.00    ) |  6.158E-04 1.085E-02
     227 1.2142E-01 6.1581E-04  (-1.302E-03,  5.078E-02,   0.00    ) |  6.158E-04 1.085E-02
     228 1.2203E-01 6.1581E-04  (-1.302E-03,  5.078E-02,   0.00    ) |  6.158E-04 1.085E-02
     229 1.2265E-01 6.1580E-04  (-1.302E-03,  5.078E-02,   0.00    ) |  6.158E-04 1.085E-02
     230 1.2326E-01 6.1580E-04  (-1.302E-03,  5.078E-02,   0.00    ) |  6.158E-04 1.085E-02
     231 1.2388E-01 6.1579E-04  (-1.302E-03,  5.078E-02,   0.00    ) |  6.158E-04 1.085E-02
     232 1.2450E-01 6.1579E-04  (-1.302E-03,  5.078E-02,   0.00    ) |  6.158E-04 1.085E-02
 *** Wrote plotfile to flash_run_hdf5_plt_cnt_0005 ****
     233 1.2511E-01 6.1578E-04  (-1.302E-03,  5.078E-02,   0.00    ) |  6.158E-04 1.085E-02
     234 1.2573E-01 6.1578E-04  (-1.302E-03, -4.818E-02,   0.00    ) |  6.158E-04 1.085E-02
     235 1.2634E-01 6.1577E-04  (-1.302E-03, -4.818E-02,   0.00    ) |  6.158E-04 1.085E-02
     236 1.2696E-01 6.1576E-04  (-1.302E-03, -4.818E-02,   0.00    ) |  6.158E-04 1.085E-02
     237 1.2757E-01 6.1576E-04  (-1.302E-03, -4.818E-02,   0.00    ) |  6.158E-04 1.085E-02
     238 1.2819E-01 6.1575E-04  (-1.302E-03, -4.818E-02,   0.00    ) |  6.158E-04 1.085E-02
     239 1.2881E-01 6.1574E-04  (-1.302E-03, -4.818E-02,   0.00    ) |  6.157E-04 1.085E-02
     240 1.2942E-01 6.1574E-04  (-1.302E-03, -4.818E-02,   0.00    ) |  6.157E-04 1.085E-02
     241 1.3004E-01 6.1573E-04  (-1.302E-03, -4.818E-02,   0.00    ) |  6.157E-04 1.085E-02
     242 1.3065E-01 6.1572E-04  (-1.302E-03, -4.818E-02,   0.00    ) |  6.157E-04 1.085E-02
     243 1.3127E-01 6.1572E-04  (-1.302E-03, -4.818E-02,   0.00    ) |  6.157E-04 1.085E-02
     244 1.3188E-01 6.1571E-04  ( 1.302E-03, -4.818E-02,   0.00    ) |  6.157E-04 1.085E-02
     245 1.3250E-01 6.1571E-04  ( 1.302E-03,  4.818E-02,   0.00    ) |  6.157E-04 1.085E-02
     246 1.3312E-01 6.1570E-04  ( 1.302E-03,  4.818E-02,   0.00    ) |  6.157E-04 1.085E-02
     247 1.3373E-01 6.1570E-04  (-1.302E-03, -4.818E-02,   0.00    ) |  6.157E-04 1.085E-02
     248 1.3435E-01 6.1569E-04  (-1.302E-03, -4.818E-02,   0.00    ) |  6.157E-04 1.085E-02
     249 1.3496E-01 6.1569E-04  (-1.302E-03, -4.818E-02,   0.00    ) |  6.157E-04 1.085E-02
     250 1.3558E-01 6.1568E-04  (-1.302E-03, -4.818E-02,   0.00    ) |  6.157E-04 1.085E-02
     251 1.3619E-01 6.1568E-04  (-1.302E-03, -4.818E-02,   0.00    ) |  6.157E-04 1.085E-02
     252 1.3681E-01 6.1567E-04  (-1.302E-03, -4.818E-02,   0.00    ) |  6.157E-04 1.085E-02
     253 1.3743E-01 6.1567E-04  (-1.302E-03, -4.818E-02,   0.00    ) |  6.157E-04 1.085E-02
     254 1.3804E-01 6.1566E-04  (-1.302E-03, -4.818E-02,   0.00    ) |  6.157E-04 1.085E-02
     255 1.3866E-01 6.1566E-04  (-1.302E-03, -4.818E-02,   0.00    ) |  6.157E-04 1.085E-02
     256 1.3927E-01 6.1566E-04  (-1.302E-03, -4.818E-02,   0.00    ) |  6.157E-04 1.085E-02
     257 1.3989E-01 6.1565E-04  (-1.302E-03, -4.818E-02,   0.00    ) |  6.157E-04 1.085E-02
     258 1.4050E-01 6.1565E-04  (-1.302E-03, -4.818E-02,   0.00    ) |  6.156E-04 1.085E-02
     259 1.4112E-01 6.1565E-04  (-1.302E-03, -4.818E-02,   0.00    ) |  6.156E-04 1.085E-02
     260 1.4174E-01 6.1564E-04  (-1.302E-03, -4.818E-02,   0.00    ) |  6.156E-04 1.085E-02
     261 1.4235E-01 6.1564E-04  (-1.302E-03, -4.818E-02,   0.00    ) |  6.156E-04 1.085E-02
     262 1.4297E-01 6.1564E-04  (-1.302E-03, -4.818E-02,   0.00    ) |  6.156E-04 1.085E-02
     263 1.4358E-01 6.1563E-04  (-1.302E-03, -4.818E-02,   0.00    ) |  6.156E-04 1.085E-02
     264 1.4420E-01 6.1563E-04  (-1.302E-03, -4.818E-02,   0.00    ) |  6.156E-04 1.085E-02
     265 1.4481E-01 6.1563E-04  (-1.302E-03, -4.818E-02,   0.00    ) |  6.156E-04 1.085E-02
     266 1.4543E-01 6.1563E-04  ( 1.302E-03,  4.818E-02,   0.00    ) |  6.156E-04 1.085E-02
     267 1.4604E-01 6.1562E-04  ( 1.302E-03,  4.818E-02,   0.00    ) |  6.156E-04 1.085E-02
     268 1.4666E-01 6.1562E-04  (-1.302E-03, -4.818E-02,   0.00    ) |  6.156E-04 1.085E-02
     269 1.4728E-01 6.1562E-04  (-1.302E-03, -4.818E-02,   0.00    ) |  6.156E-04 1.085E-02
     270 1.4789E-01 6.1562E-04  (-1.302E-03, -4.818E-02,   0.00    ) |  6.156E-04 1.085E-02
     271 1.4851E-01 6.1560E-04  ( 0.259    , -1.302E-03,   0.00    ) |  6.156E-04 1.085E-02
     272 1.4912E-01 6.1543E-04  ( 0.259    , -1.302E-03,   0.00    ) |  6.154E-04 1.085E-02
     273 1.4974E-01 6.1526E-04  ( 0.259    , -1.302E-03,   0.00    ) |  6.153E-04 1.085E-02
 *** Wrote plotfile to flash_run_hdf5_plt_cnt_0006 ****
     274 1.5035E-01 6.1509E-04  ( 0.259    , -1.302E-03,   0.00    ) |  6.151E-04 1.085E-02
     275 1.5097E-01 6.1492E-04  (-0.259    , -1.302E-03,   0.00    ) |  6.149E-04 1.085E-02
     276 1.5158E-01 6.1475E-04  (-0.259    , -1.302E-03,   0.00    ) |  6.148E-04 1.085E-02
     277 1.5220E-01 6.1458E-04  ( 0.259    , -1.302E-03,   0.00    ) |  6.146E-04 1.085E-02
     278 1.5281E-01 6.1442E-04  (-0.259    , -1.302E-03,   0.00    ) |  6.144E-04 1.085E-02
     279 1.5343E-01 6.1425E-04  (-0.259    , -1.302E-03,   0.00    ) |  6.142E-04 1.085E-02
     280 1.5404E-01 6.1408E-04  (-0.259    , -1.302E-03,   0.00    ) |  6.141E-04 1.085E-02
     281 1.5466E-01 6.1391E-04  (-0.259    , -1.302E-03,   0.00    ) |  6.139E-04 1.085E-02
     282 1.5527E-01 6.1375E-04  (-0.259    , -1.302E-03,   0.00    ) |  6.137E-04 1.085E-02
     283 1.5588E-01 6.1358E-04  (-0.259    , -1.302E-03,   0.00    ) |  6.136E-04 1.085E-02
     284 1.5650E-01 6.1341E-04  (-0.259    , -1.302E-03,   0.00    ) |  6.134E-04 1.085E-02
     285 1.5711E-01 6.1325E-04  (-0.259    , -1.302E-03,   0.00    ) |  6.132E-04 1.085E-02
     286 1.5772E-01 6.1308E-04  ( 0.259    , -1.302E-03,   0.00    ) |  6.131E-04 1.085E-02
     287 1.5834E-01 6.1291E-04  (-0.259    , -1.302E-03,   0.00    ) |  6.129E-04 1.085E-02
     288 1.5895E-01 6.1275E-04  (-0.259    , -1.302E-03,   0.00    ) |  6.127E-04 1.085E-02
     289 1.5956E-01 6.1258E-04  (-0.259    , -1.302E-03,   0.00    ) |  6.126E-04 1.085E-02
     290 1.6017E-01 6.1242E-04  (-0.259    , -1.302E-03,   0.00    ) |  6.124E-04 1.085E-02
     291 1.6079E-01 6.1225E-04  (-0.259    , -1.302E-03,   0.00    ) |  6.123E-04 1.085E-02
     292 1.6140E-01 6.1209E-04  ( 0.259    , -1.302E-03,   0.00    ) |  6.121E-04 1.085E-02
     293 1.6201E-01 6.1192E-04  ( 0.259    , -1.302E-03,   0.00    ) |  6.119E-04 1.085E-02
     294 1.6262E-01 6.1176E-04  ( 0.259    ,  1.302E-03,   0.00    ) |  6.118E-04 1.085E-02
     295 1.6324E-01 6.1159E-04  ( 0.259    ,  1.302E-03,   0.00    ) |  6.116E-04 1.085E-02
     296 1.6385E-01 6.1143E-04  ( 0.259    ,  1.302E-03,   0.00    ) |  6.114E-04 1.085E-02
     297 1.6446E-01 6.1126E-04  ( 0.259    ,  1.302E-03,   0.00    ) |  6.113E-04 1.085E-02
     298 1.6507E-01 6.1110E-04  ( 0.259    ,  1.302E-03,   0.00    ) |  6.111E-04 1.085E-02
     299 1.6568E-01 6.1094E-04  (-0.259    , -1.302E-03,   0.00    ) |  6.109E-04 1.085E-02
     300 1.6629E-01 6.1077E-04  ( 0.259    ,  1.302E-03,   0.00    ) |  6.108E-04 1.085E-02
     301 1.6690E-01 6.1061E-04  (-0.259    , -1.302E-03,   0.00    ) |  6.106E-04 1.085E-02
     302 1.6751E-01 6.1045E-04  ( 0.259    ,  1.302E-03,   0.00    ) |  6.104E-04 1.085E-02
     303 1.6812E-01 6.1028E-04  ( 0.259    ,  1.302E-03,   0.00    ) |  6.103E-04 1.085E-02
     304 1.6873E-01 6.1012E-04  ( 0.259    , -1.302E-03,   0.00    ) |  6.101E-04 1.085E-02
     305 1.6934E-01 6.0996E-04  ( 0.259    , -1.302E-03,   0.00    ) |  6.100E-04 1.085E-02
     306 1.6995E-01 6.0980E-04  ( 0.259    , -1.302E-03,   0.00    ) |  6.098E-04 1.085E-02
     307 1.7056E-01 6.0964E-04  ( 0.259    ,  1.302E-03,   0.00    ) |  6.096E-04 1.085E-02
     308 1.7117E-01 6.0947E-04  (-0.259    , -1.302E-03,   0.00    ) |  6.095E-04 1.085E-02
     309 1.7178E-01 6.0931E-04  ( 0.259    ,  1.302E-03,   0.00    ) |  6.093E-04 1.085E-02
     310 1.7239E-01 6.0915E-04  (-0.259    , -1.302E-03,   0.00    ) |  6.092E-04 1.085E-02
     311 1.7300E-01 6.0899E-04  ( 0.259    ,  1.302E-03,   0.00    ) |  6.090E-04 1.085E-02
     312 1.7361E-01 6.0883E-04  ( 0.259    , -1.302E-03,   0.00    ) |  6.088E-04 1.085E-02
     313 1.7422E-01 6.0867E-04  ( 0.259    , -1.302E-03,   0.00    ) |  6.087E-04 1.085E-02
     314 1.7483E-01 6.0851E-04  ( 0.259    , -1.302E-03,   0.00    ) |  6.085E-04 1.085E-02
 *** Wrote plotfile to flash_run_hdf5_plt_cnt_0007 ****
     315 1.7544E-01 6.0835E-04  ( 0.259    , -1.302E-03,   0.00    ) |  6.083E-04 1.085E-02
     316 1.7604E-01 6.0819E-04  ( 0.259    ,  1.302E-03,   0.00    ) |  6.082E-04 1.085E-02
     317 1.7665E-01 6.0803E-04  ( 0.259    , -1.302E-03,   0.00    ) |  6.080E-04 1.085E-02
     318 1.7726E-01 6.0787E-04  ( 0.259    , -1.302E-03,   0.00    ) |  6.079E-04 1.085E-02
     319 1.7787E-01 6.0771E-04  ( 0.259    , -1.302E-03,   0.00    ) |  6.077E-04 1.085E-02
     320 1.7848E-01 6.0755E-04  ( 0.259    , -1.302E-03,   0.00    ) |  6.075E-04 1.085E-02
     321 1.7908E-01 6.0739E-04  ( 0.259    , -1.302E-03,   0.00    ) |  6.074E-04 1.085E-02
     322 1.7969E-01 6.0723E-04  ( 0.259    ,  1.302E-03,   0.00    ) |  6.072E-04 1.085E-02
     323 1.8030E-01 6.0707E-04  ( 0.259    , -1.302E-03,   0.00    ) |  6.071E-04 1.085E-02
     324 1.8091E-01 6.0692E-04  ( 0.259    , -1.302E-03,   0.00    ) |  6.069E-04 1.085E-02
     325 1.8151E-01 6.0676E-04  ( 0.262    , -1.302E-03,   0.00    ) |  6.068E-04 1.085E-02
     326 1.8212E-01 6.0660E-04  ( 0.262    ,  1.302E-03,   0.00    ) |  6.066E-04 1.085E-02
     327 1.8273E-01 6.0644E-04  ( 0.262    ,  1.302E-03,   0.00    ) |  6.064E-04 1.085E-02
     328 1.8333E-01 6.0628E-04  ( 0.262    , -1.302E-03,   0.00    ) |  6.063E-04 1.085E-02
     329 1.8394E-01 6.0613E-04  ( 0.262    ,  1.302E-03,   0.00    ) |  6.061E-04 1.085E-02
     330 1.8454E-01 6.0597E-04  ( 0.262    ,  1.302E-03,   0.00    ) |  6.060E-04 1.085E-02
     331 1.8515E-01 6.0581E-04  ( 0.262    ,  1.302E-03,   0.00    ) |  6.058E-04 1.085E-02
     332 1.8576E-01 6.0565E-04  ( 0.262    ,  1.302E-03,   0.00    ) |  6.057E-04 1.085E-02
     333 1.8636E-01 6.0550E-04  ( 0.262    ,  1.302E-03,   0.00    ) |  6.055E-04 1.085E-02
     334 1.8697E-01 6.0534E-04  ( 0.262    ,  1.302E-03,   0.00    ) |  6.053E-04 1.085E-02
     335 1.8757E-01 6.0518E-04  ( 0.262    ,  1.302E-03,   0.00    ) |  6.052E-04 1.085E-02
     336 1.8818E-01 6.0503E-04  ( 0.262    ,  1.302E-03,   0.00    ) |  6.050E-04 1.085E-02
     337 1.8878E-01 6.0487E-04  ( 0.262    ,  1.302E-03,   0.00    ) |  6.049E-04 1.085E-02
     338 1.8939E-01 6.0472E-04  (-0.262    ,  1.302E-03,   0.00    ) |  6.047E-04 1.085E-02
     339 1.8999E-01 6.0456E-04  (-0.262    ,  1.302E-03,   0.00    ) |  6.046E-04 1.085E-02
     340 1.9060E-01 6.0441E-04  (-0.262    ,  1.302E-03,   0.00    ) |  6.044E-04 1.085E-02
     341 1.9120E-01 6.0425E-04  (-0.262    ,  1.302E-03,   0.00    ) |  6.042E-04 1.085E-02
     342 1.9181E-01 6.0409E-04  (-0.262    ,  1.302E-03,   0.00    ) |  6.041E-04 1.085E-02
     343 1.9241E-01 6.0394E-04  (-0.262    ,  1.302E-03,   0.00    ) |  6.039E-04 1.085E-02
     344 1.9301E-01 6.0379E-04  (-0.262    ,  1.302E-03,   0.00    ) |  6.038E-04 1.085E-02
     345 1.9362E-01 6.0363E-04  (-0.262    ,  1.302E-03,   0.00    ) |  6.036E-04 1.085E-02
     346 1.9422E-01 6.0348E-04  (-0.262    ,  1.302E-03,   0.00    ) |  6.035E-04 1.085E-02
     347 1.9483E-01 6.0332E-04  ( 0.262    ,  1.302E-03,   0.00    ) |  6.033E-04 1.085E-02
     348 1.9543E-01 6.0317E-04  ( 0.262    ,  1.302E-03,   0.00    ) |  6.032E-04 1.085E-02
     349 1.9603E-01 6.0302E-04  ( 0.262    ,  1.302E-03,   0.00    ) |  6.030E-04 1.085E-02
     350 1.9663E-01 6.0286E-04  ( 0.262    ,  1.302E-03,   0.00    ) |  6.029E-04 1.085E-02
     351 1.9724E-01 6.0271E-04  ( 0.262    , -1.302E-03,   0.00    ) |  6.027E-04 1.085E-02
     352 1.9784E-01 6.0256E-04  (-0.262    ,  1.302E-03,   0.00    ) |  6.026E-04 1.085E-02
     353 1.9844E-01 6.0240E-04  (-0.262    ,  1.302E-03,   0.00    ) |  6.024E-04 1.085E-02
     354 1.9905E-01 6.0225E-04  (-0.262    ,  1.302E-03,   0.00    ) |  6.022E-04 1.085E-02
     355 1.9965E-01 6.0210E-04  (-0.262    ,  1.302E-03,   0.00    ) |  6.021E-04 1.085E-02
 *** Wrote plotfile to flash_run_hdf5_plt_cnt_0008 ****
     356 2.0025E-01 6.0194E-04  (-0.262    ,  1.302E-03,   0.00    ) |  6.019E-04 1.085E-02
     357 2.0085E-01 6.0179E-04  (-0.262    ,  1.302E-03,   0.00    ) |  6.018E-04 1.085E-02
     358 2.0145E-01 6.0164E-04  (-0.262    , -1.302E-03,   0.00    ) |  6.016E-04 1.085E-02
     359 2.0205E-01 6.0149E-04  (-0.262    ,  1.302E-03,   0.00    ) |  6.015E-04 1.085E-02
     360 2.0266E-01 6.0134E-04  (-0.262    ,  1.302E-03,   0.00    ) |  6.013E-04 1.085E-02
     361 2.0326E-01 6.0119E-04  (-0.262    ,  1.302E-03,   0.00    ) |  6.012E-04 1.085E-02
     362 2.0386E-01 6.0103E-04  (-0.262    ,  1.302E-03,   0.00    ) |  6.010E-04 1.085E-02
     363 2.0446E-01 6.0088E-04  (-0.262    , -1.302E-03,   0.00    ) |  6.009E-04 1.085E-02
     364 2.0506E-01 6.0073E-04  (-0.262    , -1.302E-03,   0.00    ) |  6.007E-04 1.085E-02
     365 2.0566E-01 6.0058E-04  (-0.262    , -1.302E-03,   0.00    ) |  6.006E-04 1.085E-02
     366 2.0626E-01 6.0043E-04  (-0.262    , -1.302E-03,   0.00    ) |  6.004E-04 1.085E-02
     367 2.0686E-01 6.0028E-04  (-0.262    , -1.302E-03,   0.00    ) |  6.003E-04 1.085E-02
     368 2.0746E-01 6.0013E-04  (-0.262    , -1.302E-03,   0.00    ) |  6.001E-04 1.085E-02
     369 2.0806E-01 5.9998E-04  (-0.262    , -1.302E-03,   0.00    ) |  6.000E-04 1.085E-02
     370 2.0866E-01 5.9983E-04  (-0.262    , -1.302E-03,   0.00    ) |  5.998E-04 1.085E-02
     371 2.0926E-01 5.9968E-04  (-0.262    , -1.302E-03,   0.00    ) |  5.997E-04 1.085E-02
     372 2.0986E-01 5.9953E-04  (-0.262    , -1.302E-03,   0.00    ) |  5.995E-04 1.085E-02
     373 2.1046E-01 5.9938E-04  (-0.262    , -1.302E-03,   0.00    ) |  5.994E-04 1.085E-02
     374 2.1106E-01 5.9923E-04  (-0.262    , -1.302E-03,   0.00    ) |  5.992E-04 1.085E-02
     375 2.1166E-01 5.9909E-04  (-0.262    ,  1.302E-03,   0.00    ) |  5.991E-04 1.085E-02
     376 2.1226E-01 5.9894E-04  (-0.262    ,  1.302E-03,   0.00    ) |  5.989E-04 1.085E-02
     377 2.1286E-01 5.9879E-04  (-0.262    ,  1.302E-03,   0.00    ) |  5.988E-04 1.085E-02
     378 2.1346E-01 5.9864E-04  (-0.262    ,  1.302E-03,   0.00    ) |  5.986E-04 1.085E-02
     379 2.1406E-01 5.9849E-04  (-0.262    ,  1.302E-03,   0.00    ) |  5.985E-04 1.085E-02
     380 2.1465E-01 5.9834E-04  (-0.262    ,  1.302E-03,   0.00    ) |  5.983E-04 1.085E-02
     381 2.1525E-01 5.9820E-04  (-0.262    ,  1.302E-03,   0.00    ) |  5.982E-04 1.085E-02
     382 2.1585E-01 5.9805E-04  (-0.264    , -1.302E-03,   0.00    ) |  5.980E-04 1.085E-02
     383 2.1645E-01 5.9790E-04  (-0.264    , -1.302E-03,   0.00    ) |  5.979E-04 1.085E-02
     384 2.1705E-01 5.9775E-04  (-0.264    , -1.302E-03,   0.00    ) |  5.978E-04 1.085E-02
     385 2.1764E-01 5.9761E-04  (-0.264    , -1.302E-03,   0.00    ) |  5.976E-04 1.085E-02
     386 2.1824E-01 5.9746E-04  (-0.264    , -1.302E-03,   0.00    ) |  5.975E-04 1.085E-02
     387 2.1884E-01 5.9731E-04  (-0.264    , -1.302E-03,   0.00    ) |  5.973E-04 1.085E-02
     388 2.1944E-01 5.9716E-04  (-0.264    , -1.302E-03,   0.00    ) |  5.972E-04 1.085E-02
     389 2.2003E-01 5.9702E-04  (-0.264    , -1.302E-03,   0.00    ) |  5.970E-04 1.085E-02
     390 2.2063E-01 5.9687E-04  (-0.264    , -1.302E-03,   0.00    ) |  5.969E-04 1.085E-02
     391 2.2123E-01 5.9672E-04  ( 0.264    , -1.302E-03,   0.00    ) |  5.967E-04 1.085E-02
     392 2.2182E-01 5.9658E-04  (-0.264    , -1.302E-03,   0.00    ) |  5.966E-04 1.085E-02
     393 2.2242E-01 5.9643E-04  (-0.264    ,  1.302E-03,   0.00    ) |  5.964E-04 1.085E-02
     394 2.2302E-01 5.9629E-04  (-0.264    , -1.302E-03,   0.00    ) |  5.963E-04 1.085E-02
     395 2.2361E-01 5.9614E-04  (-0.264    , -1.302E-03,   0.00    ) |  5.961E-04 1.085E-02
     396 2.2421E-01 5.9599E-04  (-0.264    , -1.302E-03,   0.00    ) |  5.960E-04 1.085E-02
     397 2.2481E-01 5.9585E-04  (-0.264    , -1.302E-03,   0.00    ) |  5.958E-04 1.085E-02
 *** Wrote plotfile to flash_run_hdf5_plt_cnt_0009 ****
     398 2.2540E-01 5.9570E-04  (-0.264    , -1.302E-03,   0.00    ) |  5.957E-04 1.085E-02
     399 2.2600E-01 5.9556E-04  (-0.264    , -1.302E-03,   0.00    ) |  5.956E-04 1.085E-02
     400 2.2659E-01 5.9541E-04  (-0.264    , -1.302E-03,   0.00    ) |  5.954E-04 1.085E-02
     401 2.2719E-01 5.9527E-04  (-0.264    , -1.302E-03,   0.00    ) |  5.953E-04 1.085E-02
     402 2.2778E-01 5.9512E-04  (-0.264    , -1.302E-03,   0.00    ) |  5.951E-04 1.085E-02
     403 2.2838E-01 5.9498E-04  (-0.264    , -1.302E-03,   0.00    ) |  5.950E-04 1.085E-02
     404 2.2897E-01 5.9483E-04  (-0.264    , -1.302E-03,   0.00    ) |  5.948E-04 1.085E-02
     405 2.2957E-01 5.9469E-04  (-0.264    , -1.302E-03,   0.00    ) |  5.947E-04 1.085E-02
     406 2.3016E-01 5.9455E-04  (-0.264    , -1.302E-03,   0.00    ) |  5.945E-04 1.085E-02
     407 2.3076E-01 5.9440E-04  (-0.264    , -1.302E-03,   0.00    ) |  5.944E-04 1.085E-02
     408 2.3135E-01 5.9426E-04  (-0.264    , -1.302E-03,   0.00    ) |  5.943E-04 1.085E-02
     409 2.3195E-01 5.9411E-04  (-0.264    , -1.302E-03,   0.00    ) |  5.941E-04 1.085E-02
     410 2.3254E-01 5.9397E-04  (-0.264    , -1.302E-03,   0.00    ) |  5.940E-04 1.085E-02
     411 2.3313E-01 5.9383E-04  (-0.264    , -1.302E-03,   0.00    ) |  5.938E-04 1.085E-02
     412 2.3373E-01 5.9368E-04  (-0.264    , -1.302E-03,   0.00    ) |  5.937E-04 1.085E-02
     413 2.3432E-01 5.9354E-04  (-0.264    , -1.302E-03,   0.00    ) |  5.935E-04 1.085E-02
     414 2.3492E-01 5.9340E-04  (-0.264    , -1.302E-03,   0.00    ) |  5.934E-04 1.085E-02
     415 2.3551E-01 5.9326E-04  (-0.264    , -1.302E-03,   0.00    ) |  5.933E-04 1.085E-02
     416 2.3610E-01 5.9311E-04  (-0.264    , -1.302E-03,   0.00    ) |  5.931E-04 1.085E-02
     417 2.3670E-01 5.9297E-04  (-0.264    , -1.302E-03,   0.00    ) |  5.930E-04 1.085E-02
     418 2.3729E-01 5.9283E-04  (-0.264    , -1.302E-03,   0.00    ) |  5.928E-04 1.085E-02
     419 2.3788E-01 5.9269E-04  (-0.264    , -1.302E-03,   0.00    ) |  5.927E-04 1.085E-02
     420 2.3847E-01 5.9254E-04  (-0.264    , -1.302E-03,   0.00    ) |  5.925E-04 1.085E-02
     421 2.3907E-01 5.9240E-04  (-0.264    , -1.302E-03,   0.00    ) |  5.924E-04 1.085E-02
     422 2.3966E-01 5.9226E-04  (-0.264    , -1.302E-03,   0.00    ) |  5.923E-04 1.085E-02
     423 2.4025E-01 5.9212E-04  (-0.264    , -1.302E-03,   0.00    ) |  5.921E-04 1.085E-02
     424 2.4084E-01 5.9198E-04  (-0.264    , -1.302E-03,   0.00    ) |  5.920E-04 1.085E-02
     425 2.4144E-01 5.9183E-04  (-0.264    , -1.302E-03,   0.00    ) |  5.918E-04 1.085E-02
     426 2.4203E-01 5.9169E-04  (-0.264    , -1.302E-03,   0.00    ) |  5.917E-04 1.085E-02
     427 2.4262E-01 5.9155E-04  (-0.264    , -1.302E-03,   0.00    ) |  5.916E-04 1.085E-02
     428 2.4321E-01 5.9141E-04  (-0.264    , -1.302E-03,   0.00    ) |  5.914E-04 1.085E-02
     429 2.4380E-01 5.9127E-04  (-0.264    , -1.302E-03,   0.00    ) |  5.913E-04 1.085E-02
     430 2.4439E-01 5.9113E-04  (-0.264    , -1.302E-03,   0.00    ) |  5.911E-04 1.085E-02
     431 2.4498E-01 5.9099E-04  (-0.264    , -1.302E-03,   0.00    ) |  5.910E-04 1.085E-02
     432 2.4558E-01 5.9085E-04  (-0.264    , -1.302E-03,   0.00    ) |  5.908E-04 1.085E-02
     433 2.4617E-01 5.9071E-04  (-0.264    , -1.302E-03,   0.00    ) |  5.907E-04 1.085E-02
     434 2.4676E-01 5.9057E-04  (-0.264    , -1.302E-03,   0.00    ) |  5.906E-04 1.085E-02
     435 2.4735E-01 5.9043E-04  (-0.264    , -1.302E-03,   0.00    ) |  5.904E-04 1.085E-02
     436 2.4794E-01 5.9028E-04  (-0.264    , -1.302E-03,   0.00    ) |  5.903E-04 1.085E-02
     437 2.4853E-01 5.9014E-04  (-0.264    , -1.302E-03,   0.00    ) |  5.901E-04 1.085E-02
     438 2.4912E-01 5.9000E-04  (-0.264    , -1.302E-03,   0.00    ) |  5.900E-04 1.085E-02
     439 2.4971E-01 5.8986E-04  (-0.267    , -1.302E-03,   0.00    ) |  5.899E-04 1.085E-02
 *** Wrote plotfile to flash_run_hdf5_plt_cnt_0010 ****
     440 2.5030E-01 5.8972E-04  (-0.267    , -1.302E-03,   0.00    ) |  5.897E-04 1.085E-02
     441 2.5089E-01 5.8958E-04  (-0.267    , -1.302E-03,   0.00    ) |  5.896E-04 1.085E-02
     442 2.5148E-01 5.8944E-04  (-0.267    , -1.302E-03,   0.00    ) |  5.894E-04 1.085E-02
     443 2.5207E-01 5.8930E-04  (-0.267    , -1.302E-03,   0.00    ) |  5.893E-04 1.085E-02
     444 2.5266E-01 5.8916E-04  (-0.267    , -1.302E-03,   0.00    ) |  5.892E-04 1.085E-02
     445 2.5325E-01 5.8902E-04  (-0.267    , -1.302E-03,   0.00    ) |  5.890E-04 1.085E-02
     446 2.5383E-01 5.8889E-04  (-0.267    , -1.302E-03,   0.00    ) |  5.889E-04 1.085E-02
     447 2.5442E-01 5.8875E-04  (-0.267    , -1.302E-03,   0.00    ) |  5.887E-04 1.085E-02
     448 2.5501E-01 5.8861E-04  (-0.267    , -1.302E-03,   0.00    ) |  5.886E-04 1.085E-02
     449 2.5560E-01 5.8847E-04  (-0.267    , -1.302E-03,   0.00    ) |  5.885E-04 1.085E-02
     450 2.5619E-01 5.8833E-04  (-0.267    , -1.302E-03,   0.00    ) |  5.883E-04 1.085E-02
     451 2.5678E-01 5.8819E-04  (-0.267    , -1.302E-03,   0.00    ) |  5.882E-04 1.085E-02
     452 2.5737E-01 5.8805E-04  (-0.267    , -1.302E-03,   0.00    ) |  5.880E-04 1.085E-02
     453 2.5795E-01 5.8791E-04  (-0.267    , -1.302E-03,   0.00    ) |  5.879E-04 1.085E-02
     454 2.5854E-01 5.8777E-04  (-0.267    , -1.302E-03,   0.00    ) |  5.878E-04 1.085E-02
     455 2.5913E-01 5.8763E-04  (-0.267    , -1.302E-03,   0.00    ) |  5.876E-04 1.085E-02
     456 2.5972E-01 5.8749E-04  (-0.267    , -1.302E-03,   0.00    ) |  5.875E-04 1.085E-02
     457 2.6030E-01 5.8735E-04  (-0.267    , -1.302E-03,   0.00    ) |  5.874E-04 1.085E-02
     458 2.6089E-01 5.8722E-04  (-0.267    , -1.302E-03,   0.00    ) |  5.872E-04 1.085E-02
     459 2.6148E-01 5.8708E-04  (-0.267    , -1.302E-03,   0.00    ) |  5.871E-04 1.085E-02
     460 2.6207E-01 5.8694E-04  (-0.267    , -1.302E-03,   0.00    ) |  5.869E-04 1.085E-02
     461 2.6265E-01 5.8680E-04  (-0.267    , -1.302E-03,   0.00    ) |  5.868E-04 1.085E-02
     462 2.6324E-01 5.8666E-04  (-0.267    , -1.302E-03,   0.00    ) |  5.867E-04 1.085E-02
     463 2.6383E-01 5.8652E-04  (-0.267    , -1.302E-03,   0.00    ) |  5.865E-04 1.085E-02
     464 2.6441E-01 5.8638E-04  (-0.267    , -1.302E-03,   0.00    ) |  5.864E-04 1.085E-02
     465 2.6500E-01 5.8625E-04  (-0.267    , -1.302E-03,   0.00    ) |  5.862E-04 1.085E-02
     466 2.6559E-01 5.8611E-04  (-0.267    , -1.302E-03,   0.00    ) |  5.861E-04 1.085E-02
     467 2.6617E-01 5.8597E-04  (-0.267    , -1.302E-03,   0.00    ) |  5.860E-04 1.085E-02
     468 2.6676E-01 5.8583E-04  (-0.267    , -1.302E-03,   0.00    ) |  5.858E-04 1.085E-02
     469 2.6734E-01 5.8569E-04  (-0.267    , -1.302E-03,   0.00    ) |  5.857E-04 1.085E-02
     470 2.6793E-01 5.8555E-04  (-0.267    , -1.302E-03,   0.00    ) |  5.856E-04 1.085E-02
     471 2.6851E-01 5.8542E-04  (-0.267    , -1.302E-03,   0.00    ) |  5.854E-04 1.085E-02
     472 2.6910E-01 5.8528E-04  (-0.267    , -1.302E-03,   0.00    ) |  5.853E-04 1.085E-02
     473 2.6969E-01 5.8514E-04  (-0.267    , -1.302E-03,   0.00    ) |  5.851E-04 1.085E-02
     474 2.7027E-01 5.8500E-04  (-0.267    , -1.302E-03,   0.00    ) |  5.850E-04 1.085E-02
     475 2.7086E-01 5.8486E-04  (-0.267    , -1.302E-03,   0.00    ) |  5.849E-04 1.085E-02
     476 2.7144E-01 5.8472E-04  (-0.267    , -1.302E-03,   0.00    ) |  5.847E-04 1.085E-02
     477 2.7203E-01 5.8459E-04  (-0.267    , -1.302E-03,   0.00    ) |  5.846E-04 1.085E-02
     478 2.7261E-01 5.8445E-04  (-0.267    , -1.302E-03,   0.00    ) |  5.844E-04 1.085E-02
     479 2.7319E-01 5.8431E-04  (-0.267    , -1.302E-03,   0.00    ) |  5.843E-04 1.085E-02
     480 2.7378E-01 5.8417E-04  (-0.267    , -1.302E-03,   0.00    ) |  5.842E-04 1.085E-02
     481 2.7436E-01 5.8403E-04  (-0.267    , -1.302E-03,   0.00    ) |  5.840E-04 1.085E-02
     482 2.7495E-01 5.8389E-04  (-0.267    , -1.302E-03,   0.00    ) |  5.839E-04 1.085E-02
 *** Wrote plotfile to flash_run_hdf5_plt_cnt_0011 ****
     483 2.7553E-01 5.8375E-04  (-0.267    , -1.302E-03,   0.00    ) |  5.838E-04 1.085E-02
     484 2.7611E-01 5.8362E-04  (-0.267    , -1.302E-03,   0.00    ) |  5.836E-04 1.085E-02
     485 2.7670E-01 5.8348E-04  (-0.267    , -1.302E-03,   0.00    ) |  5.835E-04 1.085E-02
     486 2.7728E-01 5.8334E-04  (-0.267    , -1.302E-03,   0.00    ) |  5.833E-04 1.085E-02
     487 2.7787E-01 5.8320E-04  (-0.267    , -1.302E-03,   0.00    ) |  5.832E-04 1.085E-02
     488 2.7845E-01 5.8306E-04  (-0.267    , -1.302E-03,   0.00    ) |  5.831E-04 1.085E-02
     489 2.7903E-01 5.8292E-04  (-0.267    , -1.302E-03,   0.00    ) |  5.829E-04 1.085E-02
     490 2.7961E-01 5.8278E-04  (-0.267    , -1.302E-03,   0.00    ) |  5.828E-04 1.085E-02
     491 2.8020E-01 5.8264E-04  (-0.267    , -1.302E-03,   0.00    ) |  5.826E-04 1.085E-02
     492 2.8078E-01 5.8250E-04  (-0.267    , -1.302E-03,   0.00    ) |  5.825E-04 1.085E-02
     493 2.8136E-01 5.8237E-04  (-0.267    , -1.302E-03,   0.00    ) |  5.824E-04 1.085E-02
     494 2.8194E-01 5.8223E-04  (-0.267    , -1.302E-03,   0.00    ) |  5.822E-04 1.085E-02
     495 2.8253E-01 5.8209E-04  (-0.267    , -1.302E-03,   0.00    ) |  5.821E-04 1.085E-02
     496 2.8311E-01 5.8195E-04  (-0.267    , -1.302E-03,   0.00    ) |  5.819E-04 1.085E-02
     497 2.8369E-01 5.8181E-04  (-0.267    , -1.302E-03,   0.00    ) |  5.818E-04 1.085E-02
     498 2.8427E-01 5.8167E-04  (-0.267    , -1.302E-03,   0.00    ) |  5.817E-04 1.085E-02
     499 2.8485E-01 5.8153E-04  (-0.267    , -1.302E-03,   0.00    ) |  5.815E-04 1.085E-02
     500 2.8544E-01 5.8139E-04  (-0.267    , -1.302E-03,   0.00    ) |  5.814E-04 1.085E-02
     501 2.8602E-01 5.8125E-04  (-0.267    , -1.302E-03,   0.00    ) |  5.812E-04 1.085E-02
     502 2.8660E-01 5.8111E-04  (-0.267    , -1.302E-03,   0.00    ) |  5.811E-04 1.085E-02
     503 2.8718E-01 5.8097E-04  (-0.267    , -1.302E-03,   0.00    ) |  5.810E-04 1.085E-02
     504 2.8776E-01 5.8083E-04  (-0.267    , -1.302E-03,   0.00    ) |  5.808E-04 1.085E-02
     505 2.8834E-01 5.8069E-04  (-0.267    , -1.302E-03,   0.00    ) |  5.807E-04 1.085E-02
     506 2.8892E-01 5.8055E-04  (-0.267    , -1.302E-03,   0.00    ) |  5.806E-04 1.085E-02
     507 2.8950E-01 5.8041E-04  (-0.267    , -1.302E-03,   0.00    ) |  5.804E-04 1.085E-02
     508 2.9008E-01 5.8027E-04  (-0.267    , -1.302E-03,   0.00    ) |  5.803E-04 1.085E-02
     509 2.9066E-01 5.8013E-04  (-0.267    , -1.302E-03,   0.00    ) |  5.801E-04 1.085E-02
     510 2.9124E-01 5.7999E-04  (-0.267    , -1.302E-03,   0.00    ) |  5.800E-04 1.085E-02
     511 2.9182E-01 5.7985E-04  (-0.267    , -1.302E-03,   0.00    ) |  5.799E-04 1.085E-02
     512 2.9240E-01 5.7971E-04  (-0.267    , -1.302E-03,   0.00    ) |  5.797E-04 1.085E-02
     513 2.9298E-01 5.7957E-04  (-0.267    , -1.302E-03,   0.00    ) |  5.796E-04 1.085E-02
     514 2.9356E-01 5.7943E-04  (-0.267    , -1.302E-03,   0.00    ) |  5.794E-04 1.085E-02
     515 2.9414E-01 5.7930E-04  (-0.267    , -1.302E-03,   0.00    ) |  5.793E-04 1.085E-02
     516 2.9472E-01 5.7916E-04  (-0.267    , -1.302E-03,   0.00    ) |  5.792E-04 1.085E-02
     517 2.9530E-01 5.7902E-04  (-0.267    , -1.302E-03,   0.00    ) |  5.790E-04 1.085E-02
     518 2.9588E-01 5.7888E-04  (-0.267    , -1.302E-03,   0.00    ) |  5.789E-04 1.085E-02
     519 2.9646E-01 5.7874E-04  (-0.270    , -1.302E-03,   0.00    ) |  5.787E-04 1.085E-02
     520 2.9704E-01 5.7860E-04  (-0.270    , -1.302E-03,   0.00    ) |  5.786E-04 1.085E-02
     521 2.9762E-01 5.7847E-04  (-0.270    , -1.302E-03,   0.00    ) |  5.785E-04 1.085E-02
     522 2.9819E-01 5.7833E-04  (-0.270    , -1.302E-03,   0.00    ) |  5.783E-04 1.085E-02
     523 2.9877E-01 5.7819E-04  (-0.270    , -1.302E-03,   0.00    ) |  5.782E-04 1.085E-02
     524 2.9935E-01 5.7805E-04  (-0.270    , -1.302E-03,   0.00    ) |  5.781E-04 1.085E-02
     525 2.9993E-01 5.7792E-04  (-0.270    , -1.302E-03,   0.00    ) |  5.779E-04 1.085E-02
 *** Wrote plotfile to flash_run_hdf5_plt_cnt_0012 ****
     526 3.0051E-01 5.7778E-04  (-0.270    , -1.302E-03,   0.00    ) |  5.778E-04 1.085E-02
     527 3.0108E-01 5.7764E-04  (-0.270    , -1.302E-03,   0.00    ) |  5.776E-04 1.085E-02
     528 3.0166E-01 5.7751E-04  (-0.270    , -1.302E-03,   0.00    ) |  5.775E-04 1.085E-02
     529 3.0224E-01 5.7737E-04  (-0.270    , -1.302E-03,   0.00    ) |  5.774E-04 1.085E-02
     530 3.0282E-01 5.7723E-04  (-0.270    , -1.302E-03,   0.00    ) |  5.772E-04 1.085E-02
     531 3.0339E-01 5.7710E-04  (-0.270    , -1.302E-03,   0.00    ) |  5.771E-04 1.085E-02
     532 3.0397E-01 5.7696E-04  (-0.270    , -1.302E-03,   0.00    ) |  5.770E-04 1.085E-02
     533 3.0455E-01 5.7682E-04  (-0.270    , -1.302E-03,   0.00    ) |  5.768E-04 1.085E-02
     534 3.0512E-01 5.7668E-04  (-0.270    , -1.302E-03,   0.00    ) |  5.767E-04 1.085E-02
     535 3.0570E-01 5.7655E-04  (-0.270    , -1.302E-03,   0.00    ) |  5.765E-04 1.085E-02
     536 3.0628E-01 5.7641E-04  (-0.270    , -1.302E-03,   0.00    ) |  5.764E-04 1.085E-02
     537 3.0685E-01 5.7627E-04  (-0.270    , -1.302E-03,   0.00    ) |  5.763E-04 1.085E-02
     538 3.0743E-01 5.7613E-04  (-0.270    , -1.302E-03,   0.00    ) |  5.761E-04 1.085E-02
     539 3.0801E-01 5.7599E-04  (-0.270    , -1.302E-03,   0.00    ) |  5.760E-04 1.085E-02
     540 3.0858E-01 5.7586E-04  (-0.270    , -1.302E-03,   0.00    ) |  5.759E-04 1.085E-02
     541 3.0916E-01 5.7572E-04  (-0.270    , -1.302E-03,   0.00    ) |  5.757E-04 1.085E-02
     542 3.0973E-01 5.7558E-04  (-0.270    , -1.302E-03,   0.00    ) |  5.756E-04 1.085E-02
     543 3.1031E-01 5.7544E-04  (-0.270    , -1.302E-03,   0.00    ) |  5.754E-04 1.085E-02
     544 3.1089E-01 5.7530E-04  (-0.270    , -1.302E-03,   0.00    ) |  5.753E-04 1.085E-02
     545 3.1146E-01 5.7516E-04  (-0.270    , -1.302E-03,   0.00    ) |  5.752E-04 1.085E-02
     546 3.1204E-01 5.7502E-04  (-0.270    , -1.302E-03,   0.00    ) |  5.750E-04 1.085E-02
     547 3.1261E-01 5.7488E-04  (-0.270    , -1.302E-03,   0.00    ) |  5.749E-04 1.085E-02
     548 3.1319E-01 5.7474E-04  (-0.270    , -1.302E-03,   0.00    ) |  5.747E-04 1.085E-02
     549 3.1376E-01 5.7460E-04  (-0.270    , -1.302E-03,   0.00    ) |  5.746E-04 1.085E-02
     550 3.1434E-01 5.7446E-04  (-0.270    , -1.302E-03,   0.00    ) |  5.745E-04 1.085E-02
     551 3.1491E-01 5.7432E-04  (-0.270    , -1.302E-03,   0.00    ) |  5.743E-04 1.085E-02
     552 3.1548E-01 5.7418E-04  (-0.270    , -1.302E-03,   0.00    ) |  5.742E-04 1.085E-02
     553 3.1606E-01 5.7404E-04  (-0.270    , -1.302E-03,   0.00    ) |  5.740E-04 1.085E-02
     554 3.1663E-01 5.7391E-04  (-0.270    , -1.302E-03,   0.00    ) |  5.739E-04 1.085E-02
     555 3.1721E-01 5.7377E-04  (-0.270    , -1.302E-03,   0.00    ) |  5.738E-04 1.085E-02
     556 3.1778E-01 5.7363E-04  (-0.270    , -1.302E-03,   0.00    ) |  5.736E-04 1.085E-02
     557 3.1835E-01 5.7349E-04  (-0.270    , -1.302E-03,   0.00    ) |  5.735E-04 1.085E-02
     558 3.1893E-01 5.7335E-04  (-0.270    , -1.302E-03,   0.00    ) |  5.734E-04 1.085E-02
     559 3.1950E-01 5.7322E-04  (-0.270    , -1.302E-03,   0.00    ) |  5.732E-04 1.085E-02
     560 3.2007E-01 5.7308E-04  (-0.270    , -1.302E-03,   0.00    ) |  5.731E-04 1.085E-02
     561 3.2065E-01 5.7294E-04  (-0.270    , -1.302E-03,   0.00    ) |  5.729E-04 1.085E-02
     562 3.2122E-01 5.7281E-04  (-0.270    , -1.302E-03,   0.00    ) |  5.728E-04 1.085E-02
     563 3.2179E-01 5.7267E-04  (-0.270    , -1.302E-03,   0.00    ) |  5.727E-04 1.085E-02
     564 3.2237E-01 5.7254E-04  (-0.270    , -1.302E-03,   0.00    ) |  5.725E-04 1.085E-02
     565 3.2294E-01 5.7240E-04  (-0.270    , -1.302E-03,   0.00    ) |  5.724E-04 1.085E-02
     566 3.2351E-01 5.7227E-04  (-0.270    , -1.302E-03,   0.00    ) |  5.723E-04 1.085E-02
     567 3.2408E-01 5.7213E-04  (-0.270    , -1.302E-03,   0.00    ) |  5.721E-04 1.085E-02
     568 3.2465E-01 5.7200E-04  (-0.270    , -1.302E-03,   0.00    ) |  5.720E-04 1.085E-02
 *** Wrote plotfile to flash_run_hdf5_plt_cnt_0013 ****
     569 3.2523E-01 5.7186E-04  (-0.270    , -1.302E-03,   0.00    ) |  5.719E-04 1.085E-02
     570 3.2580E-01 5.7173E-04  (-0.270    , -1.302E-03,   0.00    ) |  5.717E-04 1.085E-02
     571 3.2637E-01 5.7160E-04  (-0.270    , -1.302E-03,   0.00    ) |  5.716E-04 1.085E-02
     572 3.2694E-01 5.7146E-04  (-0.270    , -1.302E-03,   0.00    ) |  5.715E-04 1.085E-02
     573 3.2751E-01 5.7133E-04  (-0.270    , -1.302E-03,   0.00    ) |  5.713E-04 1.085E-02
     574 3.2808E-01 5.7120E-04  (-0.270    , -1.302E-03,   0.00    ) |  5.712E-04 1.085E-02
     575 3.2866E-01 5.7107E-04  (-0.270    , -1.302E-03,   0.00    ) |  5.711E-04 1.085E-02
     576 3.2923E-01 5.7093E-04  (-0.270    , -1.302E-03,   0.00    ) |  5.709E-04 1.085E-02
     577 3.2980E-01 5.7080E-04  (-0.270    , -1.302E-03,   0.00    ) |  5.708E-04 1.085E-02
     578 3.3037E-01 5.7067E-04  (-0.270    , -1.302E-03,   0.00    ) |  5.707E-04 1.085E-02
     579 3.3094E-01 5.7054E-04  (-0.272    , -1.302E-03,   0.00    ) |  5.705E-04 1.085E-02
     580 3.3151E-01 5.7041E-04  (-0.272    , -1.302E-03,   0.00    ) |  5.704E-04 1.085E-02
     581 3.3208E-01 5.7027E-04  (-0.272    , -1.302E-03,   0.00    ) |  5.703E-04 1.085E-02
     582 3.3265E-01 5.7014E-04  (-0.272    , -1.302E-03,   0.00    ) |  5.701E-04 1.085E-02
     583 3.3322E-01 5.7001E-04  (-0.272    , -1.302E-03,   0.00    ) |  5.700E-04 1.085E-02
     584 3.3379E-01 5.6988E-04  (-0.272    , -1.302E-03,   0.00    ) |  5.699E-04 1.085E-02
     585 3.3436E-01 5.6975E-04  (-0.272    , -1.302E-03,   0.00    ) |  5.697E-04 1.085E-02
     586 3.3493E-01 5.6962E-04  (-0.272    , -1.302E-03,   0.00    ) |  5.696E-04 1.085E-02
     587 3.3550E-01 5.6949E-04  (-0.272    , -1.302E-03,   0.00    ) |  5.695E-04 1.085E-02
     588 3.3607E-01 5.6936E-04  (-0.272    , -1.302E-03,   0.00    ) |  5.694E-04 1.085E-02
     589 3.3664E-01 5.6923E-04  (-0.272    , -1.302E-03,   0.00    ) |  5.692E-04 1.085E-02
     590 3.3721E-01 5.6910E-04  (-0.272    , -1.302E-03,   0.00    ) |  5.691E-04 1.085E-02
     591 3.3778E-01 5.6897E-04  (-0.272    , -1.302E-03,   0.00    ) |  5.690E-04 1.085E-02
     592 3.3835E-01 5.6884E-04  (-0.272    , -1.302E-03,   0.00    ) |  5.688E-04 1.085E-02
     593 3.3891E-01 5.6870E-04  (-0.272    , -1.302E-03,   0.00    ) |  5.687E-04 1.085E-02
     594 3.3948E-01 5.6857E-04  (-0.272    , -1.302E-03,   0.00    ) |  5.686E-04 1.085E-02
     595 3.4005E-01 5.6844E-04  (-0.272    , -1.302E-03,   0.00    ) |  5.684E-04 1.085E-02
     596 3.4062E-01 5.6831E-04  (-0.272    , -1.302E-03,   0.00    ) |  5.683E-04 1.085E-02
     597 3.4119E-01 5.6818E-04  (-0.272    , -1.302E-03,   0.00    ) |  5.682E-04 1.085E-02
     598 3.4176E-01 5.6805E-04  (-0.272    , -1.302E-03,   0.00    ) |  5.681E-04 1.085E-02
     599 3.4233E-01 5.6792E-04  (-0.272    , -1.302E-03,   0.00    ) |  5.679E-04 1.085E-02
     600 3.4289E-01 5.6779E-04  (-0.272    , -1.302E-03,   0.00    ) |  5.678E-04 1.085E-02
     601 3.4346E-01 5.6766E-04  (-0.272    , -1.302E-03,   0.00    ) |  5.677E-04 1.085E-02
     602 3.4403E-01 5.6753E-04  (-0.272    , -1.302E-03,   0.00    ) |  5.675E-04 1.085E-02
     603 3.4460E-01 5.6739E-04  (-0.272    , -1.302E-03,   0.00    ) |  5.674E-04 1.085E-02
     604 3.4516E-01 5.6726E-04  (-0.272    , -1.302E-03,   0.00    ) |  5.673E-04 1.085E-02
     605 3.4573E-01 5.6713E-04  (-0.272    , -1.302E-03,   0.00    ) |  5.671E-04 1.085E-02
     606 3.4630E-01 5.6700E-04  (-0.272    , -1.302E-03,   0.00    ) |  5.670E-04 1.085E-02
     607 3.4686E-01 5.6687E-04  (-0.272    , -1.302E-03,   0.00    ) |  5.669E-04 1.085E-02
     608 3.4743E-01 5.6674E-04  (-0.272    , -1.302E-03,   0.00    ) |  5.667E-04 1.085E-02
     609 3.4800E-01 5.6660E-04  (-0.272    , -1.302E-03,   0.00    ) |  5.666E-04 1.085E-02
     610 3.4856E-01 5.6647E-04  (-0.272    , -1.302E-03,   0.00    ) |  5.665E-04 1.085E-02
     611 3.4913E-01 5.6634E-04  (-0.272    , -1.302E-03,   0.00    ) |  5.663E-04 1.085E-02
     612 3.4970E-01 5.6621E-04  (-0.272    , -1.302E-03,   0.00    ) |  5.662E-04 1.085E-02
 *** Wrote plotfile to flash_run_hdf5_plt_cnt_0014 ****
     613 3.5026E-01 5.6607E-04  (-0.272    , -1.302E-03,   0.00    ) |  5.661E-04 1.085E-02
     614 3.5083E-01 5.6594E-04  (-0.272    , -1.302E-03,   0.00    ) |  5.659E-04 1.085E-02
     615 3.5140E-01 5.6581E-04  (-0.272    , -1.302E-03,   0.00    ) |  5.658E-04 1.085E-02
     616 3.5196E-01 5.6567E-04  (-0.272    , -1.302E-03,   0.00    ) |  5.657E-04 1.085E-02
     617 3.5253E-01 5.6554E-04  (-0.272    , -1.302E-03,   0.00    ) |  5.655E-04 1.085E-02
     618 3.5309E-01 5.6541E-04  (-0.272    , -1.302E-03,   0.00    ) |  5.654E-04 1.085E-02
     619 3.5366E-01 5.6527E-04  (-0.272    , -1.302E-03,   0.00    ) |  5.653E-04 1.085E-02
     620 3.5422E-01 5.6514E-04  (-0.272    , -1.302E-03,   0.00    ) |  5.651E-04 1.085E-02
     621 3.5479E-01 5.6500E-04  (-0.272    , -1.302E-03,   0.00    ) |  5.650E-04 1.085E-02
     622 3.5535E-01 5.6487E-04  (-0.272    , -1.302E-03,   0.00    ) |  5.649E-04 1.085E-02
     623 3.5592E-01 5.6473E-04  (-0.272    , -1.302E-03,   0.00    ) |  5.647E-04 1.085E-02
     624 3.5648E-01 5.6460E-04  (-0.272    , -1.302E-03,   0.00    ) |  5.646E-04 1.085E-02
     625 3.5705E-01 5.6447E-04  (-0.272    , -1.302E-03,   0.00    ) |  5.645E-04 1.085E-02
     626 3.5761E-01 5.6433E-04  (-0.272    , -1.302E-03,   0.00    ) |  5.643E-04 1.085E-02
     627 3.5818E-01 5.6420E-04  (-0.272    , -1.302E-03,   0.00    ) |  5.642E-04 1.085E-02
     628 3.5874E-01 5.6406E-04  (-0.272    , -1.302E-03,   0.00    ) |  5.641E-04 1.085E-02
     629 3.5931E-01 5.6392E-04  (-0.272    , -1.302E-03,   0.00    ) |  5.639E-04 1.085E-02
     630 3.5987E-01 5.6379E-04  (-0.272    , -1.302E-03,   0.00    ) |  5.638E-04 1.085E-02
     631 3.6043E-01 5.6365E-04  (-0.272    , -1.302E-03,   0.00    ) |  5.637E-04 1.085E-02
     632 3.6100E-01 5.6352E-04  (-0.272    , -1.302E-03,   0.00    ) |  5.635E-04 1.085E-02
     633 3.6156E-01 5.6338E-04  (-0.272    , -1.302E-03,   0.00    ) |  5.634E-04 1.085E-02
     634 3.6212E-01 5.6325E-04  (-0.272    , -1.302E-03,   0.00    ) |  5.632E-04 1.085E-02
     635 3.6269E-01 5.6311E-04  (-0.272    , -1.302E-03,   0.00    ) |  5.631E-04 1.085E-02
     636 3.6325E-01 5.6297E-04  (-0.272    , -1.302E-03,   0.00    ) |  5.630E-04 1.085E-02
     637 3.6381E-01 5.6284E-04  (-0.272    , -1.302E-03,   0.00    ) |  5.628E-04 1.085E-02
     638 3.6438E-01 5.6270E-04  (-0.272    , -1.302E-03,   0.00    ) |  5.627E-04 1.085E-02
     639 3.6494E-01 5.6256E-04  (-0.272    , -1.302E-03,   0.00    ) |  5.626E-04 1.085E-02
     640 3.6550E-01 5.6243E-04  (-0.272    , -1.302E-03,   0.00    ) |  5.624E-04 1.085E-02
     641 3.6606E-01 5.6229E-04  (-0.272    , -1.302E-03,   0.00    ) |  5.623E-04 1.085E-02
     642 3.6663E-01 5.6215E-04  (-0.272    , -1.302E-03,   0.00    ) |  5.622E-04 1.085E-02
     643 3.6719E-01 5.6201E-04  (-0.272    , -1.302E-03,   0.00    ) |  5.620E-04 1.085E-02
     644 3.6775E-01 5.6188E-04  (-0.272    , -1.302E-03,   0.00    ) |  5.619E-04 1.085E-02
     645 3.6831E-01 5.6174E-04  ( 0.272    , -1.302E-03,   0.00    ) |  5.617E-04 1.085E-02
     646 3.6887E-01 5.6160E-04  ( 0.272    , -1.302E-03,   0.00    ) |  5.616E-04 1.085E-02
     647 3.6943E-01 5.6146E-04  ( 0.272    , -1.302E-03,   0.00    ) |  5.615E-04 1.085E-02
     648 3.7000E-01 5.6132E-04  ( 0.272    , -1.302E-03,   0.00    ) |  5.613E-04 1.085E-02
     649 3.7056E-01 5.6119E-04  ( 0.272    , -1.302E-03,   0.00    ) |  5.612E-04 1.085E-02
     650 3.7112E-01 5.6105E-04  ( 0.272    , -1.302E-03,   0.00    ) |  5.610E-04 1.085E-02
     651 3.7168E-01 5.6091E-04  ( 0.272    , -1.302E-03,   0.00    ) |  5.609E-04 1.085E-02
     652 3.7224E-01 5.6077E-04  ( 0.272    , -1.302E-03,   0.00    ) |  5.608E-04 1.085E-02
     653 3.7280E-01 5.6063E-04  ( 0.272    , -1.302E-03,   0.00    ) |  5.606E-04 1.085E-02
     654 3.7336E-01 5.6049E-04  ( 0.272    , -1.302E-03,   0.00    ) |  5.605E-04 1.085E-02
     655 3.7392E-01 5.6036E-04  ( 0.272    , -1.302E-03,   0.00    ) |  5.604E-04 1.085E-02
     656 3.7448E-01 5.6022E-04  ( 0.272    , -1.302E-03,   0.00    ) |  5.602E-04 1.085E-02
 *** Wrote plotfile to flash_run_hdf5_plt_cnt_0015 ****
     657 3.7504E-01 5.6008E-04  ( 0.272    , -1.302E-03,   0.00    ) |  5.601E-04 1.085E-02
     658 3.7560E-01 5.5994E-04  ( 0.272    , -1.302E-03,   0.00    ) |  5.599E-04 1.085E-02
     659 3.7616E-01 5.5980E-04  ( 0.272    , -1.302E-03,   0.00    ) |  5.598E-04 1.085E-02
     660 3.7672E-01 5.5966E-04  ( 0.272    , -1.302E-03,   0.00    ) |  5.597E-04 1.085E-02
     661 3.7728E-01 5.5952E-04  ( 0.272    , -1.302E-03,   0.00    ) |  5.595E-04 1.085E-02
     662 3.7784E-01 5.5938E-04  ( 0.272    ,  1.302E-03,   0.00    ) |  5.594E-04 1.085E-02
     663 3.7840E-01 5.5924E-04  ( 0.272    , -1.302E-03,   0.00    ) |  5.592E-04 1.085E-02
     664 3.7896E-01 5.5910E-04  ( 0.272    , -1.302E-03,   0.00    ) |  5.591E-04 1.085E-02
     665 3.7952E-01 5.5896E-04  ( 0.272    , -1.302E-03,   0.00    ) |  5.590E-04 1.085E-02
     666 3.8008E-01 5.5882E-04  ( 0.275    , -1.302E-03,   0.00    ) |  5.588E-04 1.085E-02
     667 3.8064E-01 5.5868E-04  ( 0.275    , -1.302E-03,   0.00    ) |  5.587E-04 1.085E-02
     668 3.8120E-01 5.5854E-04  ( 0.275    , -1.302E-03,   0.00    ) |  5.585E-04 1.085E-02
     669 3.8175E-01 5.5840E-04  ( 0.275    , -1.302E-03,   0.00    ) |  5.584E-04 1.085E-02
     670 3.8231E-01 5.5826E-04  ( 0.275    , -1.302E-03,   0.00    ) |  5.583E-04 1.085E-02
     671 3.8287E-01 5.5812E-04  ( 0.275    ,  1.302E-03,   0.00    ) |  5.581E-04 1.085E-02
     672 3.8343E-01 5.5798E-04  ( 0.275    ,  1.302E-03,   0.00    ) |  5.580E-04 1.085E-02
     673 3.8399E-01 5.5784E-04  ( 0.275    ,  1.302E-03,   0.00    ) |  5.578E-04 1.085E-02
     674 3.8455E-01 5.5770E-04  ( 0.275    , -1.302E-03,   0.00    ) |  5.577E-04 1.085E-02
     675 3.8510E-01 5.5756E-04  ( 0.275    , -1.302E-03,   0.00    ) |  5.576E-04 1.085E-02
     676 3.8566E-01 5.5742E-04  ( 0.275    , -1.302E-03,   0.00    ) |  5.574E-04 1.085E-02
     677 3.8622E-01 5.5728E-04  ( 0.275    , -1.302E-03,   0.00    ) |  5.573E-04 1.085E-02
     678 3.8678E-01 5.5714E-04  ( 0.275    , -1.302E-03,   0.00    ) |  5.571E-04 1.085E-02
     679 3.8733E-01 5.5699E-04  ( 0.275    ,  1.302E-03,   0.00    ) |  5.570E-04 1.085E-02
     680 3.8789E-01 5.5685E-04  ( 0.275    ,  1.302E-03,   0.00    ) |  5.569E-04 1.085E-02
     681 3.8845E-01 5.5671E-04  ( 0.275    , -1.302E-03,   0.00    ) |  5.567E-04 1.085E-02
     682 3.8900E-01 5.5657E-04  ( 0.275    , -1.302E-03,   0.00    ) |  5.566E-04 1.085E-02
     683 3.8956E-01 5.5643E-04  ( 0.275    , -1.302E-03,   0.00    ) |  5.564E-04 1.085E-02
     684 3.9012E-01 5.5629E-04  ( 0.275    , -1.302E-03,   0.00    ) |  5.563E-04 1.085E-02
     685 3.9067E-01 5.5615E-04  ( 0.275    , -1.302E-03,   0.00    ) |  5.561E-04 1.085E-02
     686 3.9123E-01 5.5601E-04  ( 0.275    , -1.302E-03,   0.00    ) |  5.560E-04 1.085E-02
     687 3.9178E-01 5.5586E-04  ( 0.275    , -1.302E-03,   0.00    ) |  5.559E-04 1.085E-02
     688 3.9234E-01 5.5572E-04  ( 0.275    , -1.302E-03,   0.00    ) |  5.557E-04 1.085E-02
     689 3.9290E-01 5.5558E-04  ( 0.275    , -1.302E-03,   0.00    ) |  5.556E-04 1.085E-02
     690 3.9345E-01 5.5544E-04  ( 0.275    , -1.302E-03,   0.00    ) |  5.554E-04 1.085E-02
     691 3.9401E-01 5.5530E-04  ( 0.275    , -1.302E-03,   0.00    ) |  5.553E-04 1.085E-02
     692 3.9456E-01 5.5515E-04  ( 0.275    , -1.302E-03,   0.00    ) |  5.552E-04 1.085E-02
     693 3.9512E-01 5.5501E-04  ( 0.275    , -1.302E-03,   0.00    ) |  5.550E-04 1.085E-02
     694 3.9567E-01 5.5487E-04  ( 0.275    , -1.302E-03,   0.00    ) |  5.549E-04 1.085E-02
     695 3.9623E-01 5.5473E-04  ( 0.275    , -1.302E-03,   0.00    ) |  5.547E-04 1.085E-02
     696 3.9678E-01 5.5459E-04  ( 0.275    , -1.302E-03,   0.00    ) |  5.546E-04 1.085E-02
     697 3.9734E-01 5.5444E-04  ( 0.275    , -1.302E-03,   0.00    ) |  5.544E-04 1.085E-02
     698 3.9789E-01 5.5430E-04  ( 0.275    , -1.302E-03,   0.00    ) |  5.543E-04 1.085E-02
     699 3.9845E-01 5.5416E-04  ( 0.275    , -1.302E-03,   0.00    ) |  5.542E-04 1.085E-02
     700 3.9900E-01 5.5402E-04  ( 0.275    , -1.302E-03,   0.00    ) |  5.540E-04 1.085E-02
     701 3.9955E-01 5.5388E-04  ( 0.275    , -1.302E-03,   0.00    ) |  5.539E-04 1.085E-02
 *** Wrote plotfile to flash_run_hdf5_plt_cnt_0016 ****
     702 4.0011E-01 5.5374E-04  ( 0.275    , -1.302E-03,   0.00    ) |  5.537E-04 1.085E-02
     703 4.0066E-01 5.5359E-04  ( 0.275    , -1.302E-03,   0.00    ) |  5.536E-04 1.085E-02
     704 4.0122E-01 5.5345E-04  ( 0.275    , -1.302E-03,   0.00    ) |  5.535E-04 1.085E-02
     705 4.0177E-01 5.5331E-04  ( 0.275    , -1.302E-03,   0.00    ) |  5.533E-04 1.085E-02
     706 4.0232E-01 5.5317E-04  ( 0.275    , -1.302E-03,   0.00    ) |  5.532E-04 1.085E-02
     707 4.0287E-01 5.5303E-04  ( 0.275    , -1.302E-03,   0.00    ) |  5.530E-04 1.085E-02
     708 4.0343E-01 5.5288E-04  ( 0.275    , -1.302E-03,   0.00    ) |  5.529E-04 1.085E-02
     709 4.0398E-01 5.5274E-04  ( 0.277    , -1.302E-03,   0.00    ) |  5.527E-04 1.085E-02
     710 4.0453E-01 5.5260E-04  ( 0.277    , -1.302E-03,   0.00    ) |  5.526E-04 1.085E-02
     711 4.0509E-01 5.5246E-04  ( 0.277    , -1.302E-03,   0.00    ) |  5.525E-04 1.085E-02
     712 4.0564E-01 5.5231E-04  ( 0.277    , -1.302E-03,   0.00    ) |  5.523E-04 1.085E-02
     713 4.0619E-01 5.5217E-04  ( 0.277    , -1.302E-03,   0.00    ) |  5.522E-04 1.085E-02
     714 4.0674E-01 5.5203E-04  ( 0.277    , -1.302E-03,   0.00    ) |  5.520E-04 1.085E-02
     715 4.0730E-01 5.5188E-04  ( 0.277    , -1.302E-03,   0.00    ) |  5.519E-04 1.085E-02
     716 4.0785E-01 5.5174E-04  ( 0.277    , -1.302E-03,   0.00    ) |  5.517E-04 1.085E-02
     717 4.0840E-01 5.5160E-04  ( 0.277    , -1.302E-03,   0.00    ) |  5.516E-04 1.085E-02
     718 4.0895E-01 5.5146E-04  ( 0.277    , -1.302E-03,   0.00    ) |  5.515E-04 1.085E-02
     719 4.0950E-01 5.5131E-04  ( 0.277    , -1.302E-03,   0.00    ) |  5.513E-04 1.085E-02
     720 4.1005E-01 5.5117E-04  ( 0.277    , -1.302E-03,   0.00    ) |  5.512E-04 1.085E-02
     721 4.1060E-01 5.5103E-04  ( 0.277    , -1.302E-03,   0.00    ) |  5.510E-04 1.085E-02
     722 4.1116E-01 5.5088E-04  ( 0.277    , -1.302E-03,   0.00    ) |  5.509E-04 1.085E-02
     723 4.1171E-01 5.5074E-04  ( 0.277    , -1.302E-03,   0.00    ) |  5.507E-04 1.085E-02
     724 4.1226E-01 5.5060E-04  ( 0.277    , -1.302E-03,   0.00    ) |  5.506E-04 1.085E-02
     725 4.1281E-01 5.5045E-04  ( 0.277    , -1.302E-03,   0.00    ) |  5.505E-04 1.085E-02
     726 4.1336E-01 5.5031E-04  ( 0.277    , -1.302E-03,   0.00    ) |  5.503E-04 1.085E-02
     727 4.1391E-01 5.5017E-04  ( 0.277    , -1.302E-03,   0.00    ) |  5.502E-04 1.085E-02
     728 4.1446E-01 5.5003E-04  ( 0.277    , -1.302E-03,   0.00    ) |  5.500E-04 1.085E-02
     729 4.1501E-01 5.4988E-04  ( 0.277    , -1.302E-03,   0.00    ) |  5.499E-04 1.085E-02
     730 4.1556E-01 5.4974E-04  ( 0.277    , -1.302E-03,   0.00    ) |  5.497E-04 1.085E-02
     731 4.1611E-01 5.4960E-04  ( 0.277    , -1.302E-03,   0.00    ) |  5.496E-04 1.085E-02
     732 4.1666E-01 5.4945E-04  ( 0.277    , -1.302E-03,   0.00    ) |  5.495E-04 1.085E-02
     733 4.1721E-01 5.4931E-04  ( 0.277    , -1.302E-03,   0.00    ) |  5.493E-04 1.085E-02
     734 4.1776E-01 5.4917E-04  ( 0.277    , -1.302E-03,   0.00    ) |  5.492E-04 1.085E-02
     735 4.1831E-01 5.4903E-04  ( 0.277    , -1.302E-03,   0.00    ) |  5.490E-04 1.085E-02
     736 4.1885E-01 5.4888E-04  ( 0.277    , -1.302E-03,   0.00    ) |  5.489E-04 1.085E-02
     737 4.1940E-01 5.4874E-04  ( 0.277    , -1.302E-03,   0.00    ) |  5.487E-04 1.085E-02
     738 4.1995E-01 5.4860E-04  ( 0.277    , -1.302E-03,   0.00    ) |  5.486E-04 1.085E-02
     739 4.2050E-01 5.4845E-04  ( 0.280    , -1.302E-03,   0.00    ) |  5.485E-04 1.085E-02
     740 4.2105E-01 5.4831E-04  ( 0.280    , -1.302E-03,   0.00    ) |  5.483E-04 1.085E-02
     741 4.2160E-01 5.4817E-04  ( 0.280    , -1.302E-03,   0.00    ) |  5.482E-04 1.085E-02
     742 4.2215E-01 5.4802E-04  ( 0.280    , -1.302E-03,   0.00    ) |  5.480E-04 1.085E-02
     743 4.2269E-01 5.4788E-04  ( 0.280    , -1.302E-03,   0.00    ) |  5.479E-04 1.085E-02
     744 4.2324E-01 5.4774E-04  ( 0.280    , -1.302E-03,   0.00    ) |  5.477E-04 1.085E-02
     745 4.2379E-01 5.4759E-04  ( 0.280    , -1.302E-03,   0.00    ) |  5.476E-04 1.085E-02
     746 4.2434E-01 5.4745E-04  ( 0.280    , -1.302E-03,   0.00    ) |  5.474E-04 1.085E-02
     747 4.2488E-01 5.4730E-04  ( 0.280    , -1.302E-03,   0.00    ) |  5.473E-04 1.085E-02
 *** Wrote plotfile to flash_run_hdf5_plt_cnt_0017 ****
     748 4.2543E-01 5.4716E-04  ( 0.280    , -1.302E-03,   0.00    ) |  5.472E-04 1.085E-02
     749 4.2598E-01 5.4702E-04  ( 0.280    , -1.302E-03,   0.00    ) |  5.470E-04 1.085E-02
     750 4.2653E-01 5.4687E-04  ( 0.280    , -1.302E-03,   0.00    ) |  5.469E-04 1.085E-02
     751 4.2707E-01 5.4673E-04  ( 0.280    , -1.302E-03,   0.00    ) |  5.467E-04 1.085E-02
     752 4.2762E-01 5.4659E-04  ( 0.280    , -1.302E-03,   0.00    ) |  5.466E-04 1.085E-02
     753 4.2817E-01 5.4644E-04  ( 0.280    , -1.302E-03,   0.00    ) |  5.464E-04 1.085E-02
     754 4.2871E-01 5.4630E-04  ( 0.280    , -1.302E-03,   0.00    ) |  5.463E-04 1.085E-02
     755 4.2926E-01 5.4616E-04  ( 0.280    , -1.302E-03,   0.00    ) |  5.462E-04 1.085E-02
     756 4.2981E-01 5.4601E-04  ( 0.280    , -1.302E-03,   0.00    ) |  5.460E-04 1.085E-02
     757 4.3035E-01 5.4587E-04  ( 0.280    , -1.302E-03,   0.00    ) |  5.459E-04 1.085E-02
     758 4.3090E-01 5.4573E-04  ( 0.280    , -1.302E-03,   0.00    ) |  5.457E-04 1.085E-02
     759 4.3144E-01 5.4558E-04  ( 0.280    , -1.302E-03,   0.00    ) |  5.456E-04 1.085E-02
     760 4.3199E-01 5.4544E-04  ( 0.280    , -1.302E-03,   0.00    ) |  5.454E-04 1.085E-02
     761 4.3253E-01 5.4530E-04  ( 0.280    , -1.302E-03,   0.00    ) |  5.453E-04 1.085E-02
     762 4.3308E-01 5.4516E-04  ( 0.280    , -1.302E-03,   0.00    ) |  5.452E-04 1.085E-02
     763 4.3362E-01 5.4501E-04  ( 0.280    , -1.302E-03,   0.00    ) |  5.450E-04 1.085E-02
     764 4.3417E-01 5.4487E-04  ( 0.280    , -1.302E-03,   0.00    ) |  5.449E-04 1.085E-02
     765 4.3471E-01 5.4473E-04  ( 0.283    , -1.302E-03,   0.00    ) |  5.447E-04 1.085E-02
     766 4.3526E-01 5.4458E-04  ( 0.283    , -1.302E-03,   0.00    ) |  5.446E-04 1.085E-02
     767 4.3580E-01 5.4444E-04  ( 0.283    , -1.302E-03,   0.00    ) |  5.444E-04 1.085E-02
     768 4.3635E-01 5.4429E-04  ( 0.283    , -1.302E-03,   0.00    ) |  5.443E-04 1.085E-02
     769 4.3689E-01 5.4415E-04  ( 0.283    , -1.302E-03,   0.00    ) |  5.441E-04 1.085E-02
     770 4.3744E-01 5.4401E-04  ( 0.283    , -1.302E-03,   0.00    ) |  5.440E-04 1.085E-02
     771 4.3798E-01 5.4386E-04  ( 0.283    , -1.302E-03,   0.00    ) |  5.439E-04 1.085E-02
     772 4.3852E-01 5.4372E-04  ( 0.283    , -1.302E-03,   0.00    ) |  5.437E-04 1.085E-02
     773 4.3907E-01 5.4357E-04  ( 0.283    , -1.302E-03,   0.00    ) |  5.436E-04 1.085E-02
     774 4.3961E-01 5.4343E-04  ( 0.283    , -1.302E-03,   0.00    ) |  5.434E-04 1.085E-02
     775 4.4015E-01 5.4329E-04  ( 0.283    , -1.302E-03,   0.00    ) |  5.433E-04 1.085E-02
     776 4.4070E-01 5.4314E-04  ( 0.283    , -1.302E-03,   0.00    ) |  5.431E-04 1.085E-02
     777 4.4124E-01 5.4300E-04  ( 0.283    , -1.302E-03,   0.00    ) |  5.430E-04 1.085E-02
     778 4.4178E-01 5.4286E-04  ( 0.283    , -1.302E-03,   0.00    ) |  5.429E-04 1.085E-02
     779 4.4233E-01 5.4271E-04  ( 0.283    , -1.302E-03,   0.00    ) |  5.427E-04 1.085E-02
     780 4.4287E-01 5.4257E-04  ( 0.283    ,  1.302E-03,   0.00    ) |  5.426E-04 1.085E-02
     781 4.4341E-01 5.4243E-04  ( 0.283    , -1.302E-03,   0.00    ) |  5.424E-04 1.085E-02
     782 4.4395E-01 5.4228E-04  ( 0.283    ,  1.302E-03,   0.00    ) |  5.423E-04 1.085E-02
     783 4.4450E-01 5.4214E-04  ( 0.283    , -1.302E-03,   0.00    ) |  5.421E-04 1.085E-02
     784 4.4504E-01 5.4200E-04  ( 0.283    ,  1.302E-03,   0.00    ) |  5.420E-04 1.085E-02
     785 4.4558E-01 5.4185E-04  ( 0.283    ,  1.302E-03,   0.00    ) |  5.419E-04 1.085E-02
     786 4.4612E-01 5.4171E-04  ( 0.283    ,  1.302E-03,   0.00    ) |  5.417E-04 1.085E-02
     787 4.4666E-01 5.4157E-04  ( 0.283    ,  1.302E-03,   0.00    ) |  5.416E-04 1.085E-02
     788 4.4721E-01 5.4142E-04  ( 0.285    ,  1.302E-03,   0.00    ) |  5.414E-04 1.085E-02
     789 4.4775E-01 5.4128E-04  ( 0.285    ,  1.302E-03,   0.00    ) |  5.413E-04 1.085E-02
     790 4.4829E-01 5.4114E-04  ( 0.285    ,  1.302E-03,   0.00    ) |  5.411E-04 1.085E-02
     791 4.4883E-01 5.4099E-04  ( 0.285    ,  1.302E-03,   0.00    ) |  5.410E-04 1.085E-02
     792 4.4937E-01 5.4085E-04  ( 0.285    ,  1.302E-03,   0.00    ) |  5.408E-04 1.085E-02
     793 4.4991E-01 5.4070E-04  ( 0.285    ,  1.302E-03,   0.00    ) |  5.407E-04 1.085E-02
 *** Wrote plotfile to flash_run_hdf5_plt_cnt_0018 ****
     794 4.5045E-01 5.4056E-04  ( 0.285    ,  1.302E-03,   0.00    ) |  5.406E-04 1.085E-02
     795 4.5099E-01 5.4042E-04  ( 0.285    ,  1.302E-03,   0.00    ) |  5.404E-04 1.085E-02
     796 4.5153E-01 5.4027E-04  ( 0.285    ,  1.302E-03,   0.00    ) |  5.403E-04 1.085E-02
     797 4.5207E-01 5.4013E-04  ( 0.285    ,  1.302E-03,   0.00    ) |  5.401E-04 1.085E-02
     798 4.5261E-01 5.3999E-04  ( 0.285    ,  1.302E-03,   0.00    ) |  5.400E-04 1.085E-02
     799 4.5315E-01 5.3984E-04  ( 0.285    ,  1.302E-03,   0.00    ) |  5.398E-04 1.085E-02
     800 4.5369E-01 5.3970E-04  ( 0.285    ,  1.302E-03,   0.00    ) |  5.397E-04 1.085E-02
     801 4.5423E-01 5.3955E-04  ( 0.285    ,  1.302E-03,   0.00    ) |  5.396E-04 1.085E-02
     802 4.5477E-01 5.3941E-04  ( 0.285    ,  1.302E-03,   0.00    ) |  5.394E-04 1.085E-02
     803 4.5531E-01 5.3927E-04  ( 0.285    ,  1.302E-03,   0.00    ) |  5.393E-04 1.085E-02
     804 4.5585E-01 5.3912E-04  ( 0.285    ,  1.302E-03,   0.00    ) |  5.391E-04 1.085E-02
     805 4.5639E-01 5.3898E-04  ( 0.285    ,  1.302E-03,   0.00    ) |  5.390E-04 1.085E-02
     806 4.5693E-01 5.3884E-04  ( 0.285    ,  1.302E-03,   0.00    ) |  5.388E-04 1.085E-02
     807 4.5747E-01 5.3869E-04  ( 0.285    ,  1.302E-03,   0.00    ) |  5.387E-04 1.085E-02
     808 4.5801E-01 5.3855E-04  ( 0.285    ,  1.302E-03,   0.00    ) |  5.386E-04 1.085E-02
     809 4.5855E-01 5.3841E-04  ( 0.288    ,  1.302E-03,   0.00    ) |  5.384E-04 1.085E-02
     810 4.5908E-01 5.3826E-04  ( 0.288    ,  1.302E-03,   0.00    ) |  5.383E-04 1.085E-02
     811 4.5962E-01 5.3812E-04  ( 0.288    ,  1.302E-03,   0.00    ) |  5.381E-04 1.085E-02
     812 4.6016E-01 5.3798E-04  ( 0.288    ,  1.302E-03,   0.00    ) |  5.380E-04 1.085E-02
     813 4.6070E-01 5.3783E-04  ( 0.288    ,  1.302E-03,   0.00    ) |  5.378E-04 1.085E-02
     814 4.6124E-01 5.3769E-04  ( 0.288    ,  1.302E-03,   0.00    ) |  5.377E-04 1.085E-02
     815 4.6177E-01 5.3754E-04  ( 0.288    ,  1.302E-03,   0.00    ) |  5.375E-04 1.085E-02
     816 4.6231E-01 5.3740E-04  ( 0.288    ,  1.302E-03,   0.00    ) |  5.374E-04 1.085E-02
     817 4.6285E-01 5.3726E-04  ( 0.288    ,  1.302E-03,   0.00    ) |  5.373E-04 1.085E-02
     818 4.6339E-01 5.3711E-04  ( 0.288    ,  1.302E-03,   0.00    ) |  5.371E-04 1.085E-02
     819 4.6392E-01 5.3697E-04  ( 0.288    ,  1.302E-03,   0.00    ) |  5.370E-04 1.085E-02
     820 4.6446E-01 5.3682E-04  ( 0.288    ,  1.302E-03,   0.00    ) |  5.368E-04 1.085E-02
     821 4.6500E-01 5.3668E-04  ( 0.288    ,  1.302E-03,   0.00    ) |  5.367E-04 1.085E-02
     822 4.6553E-01 5.3654E-04  ( 0.288    ,  1.302E-03,   0.00    ) |  5.365E-04 1.085E-02
     823 4.6607E-01 5.3639E-04  ( 0.288    ,  1.302E-03,   0.00    ) |  5.364E-04 1.085E-02
     824 4.6661E-01 5.3625E-04  ( 0.288    ,  1.302E-03,   0.00    ) |  5.362E-04 1.085E-02
     825 4.6714E-01 5.3611E-04  ( 0.288    ,  1.302E-03,   0.00    ) |  5.361E-04 1.085E-02
     826 4.6768E-01 5.3596E-04  ( 0.288    , -1.302E-03,   0.00    ) |  5.360E-04 1.085E-02
     827 4.6822E-01 5.3582E-04  ( 0.288    ,  1.302E-03,   0.00    ) |  5.358E-04 1.085E-02
     828 4.6875E-01 5.3568E-04  ( 0.288    ,  1.302E-03,   0.00    ) |  5.357E-04 1.085E-02
     829 4.6929E-01 5.3553E-04  ( 0.290    ,  1.302E-03,   0.00    ) |  5.355E-04 1.085E-02
     830 4.6982E-01 5.3539E-04  ( 0.290    ,  1.302E-03,   0.00    ) |  5.354E-04 1.085E-02
     831 4.7036E-01 5.3524E-04  ( 0.290    ,  1.302E-03,   0.00    ) |  5.352E-04 1.085E-02
     832 4.7089E-01 5.3510E-04  ( 0.290    ,  1.302E-03,   0.00    ) |  5.351E-04 1.085E-02
     833 4.7143E-01 5.3496E-04  ( 0.290    ,  1.302E-03,   0.00    ) |  5.350E-04 1.085E-02
     834 4.7196E-01 5.3481E-04  ( 0.290    ,  1.302E-03,   0.00    ) |  5.348E-04 1.085E-02
     835 4.7250E-01 5.3467E-04  ( 0.290    ,  1.302E-03,   0.00    ) |  5.347E-04 1.085E-02
     836 4.7303E-01 5.3452E-04  ( 0.290    ,  1.302E-03,   0.00    ) |  5.345E-04 1.085E-02
     837 4.7357E-01 5.3438E-04  ( 0.290    ,  1.302E-03,   0.00    ) |  5.344E-04 1.085E-02
     838 4.7410E-01 5.3424E-04  ( 0.290    ,  1.302E-03,   0.00    ) |  5.342E-04 1.085E-02
     839 4.7464E-01 5.3409E-04  ( 0.290    ,  1.302E-03,   0.00    ) |  5.341E-04 1.085E-02
 *** Wrote plotfile to flash_run_hdf5_plt_cnt_0019 ****
     840 4.7517E-01 5.3395E-04  ( 0.290    ,  1.302E-03,   0.00    ) |  5.339E-04 1.085E-02
     841 4.7570E-01 5.3381E-04  ( 0.290    ,  1.302E-03,   0.00    ) |  5.338E-04 1.085E-02
     842 4.7624E-01 5.3366E-04  ( 0.290    ,  1.302E-03,   0.00    ) |  5.337E-04 1.085E-02
     843 4.7677E-01 5.3352E-04  ( 0.290    ,  1.302E-03,   0.00    ) |  5.335E-04 1.085E-02
     844 4.7730E-01 5.3338E-04  ( 0.290    ,  1.302E-03,   0.00    ) |  5.334E-04 1.085E-02
     845 4.7784E-01 5.3323E-04  ( 0.290    ,  1.302E-03,   0.00    ) |  5.332E-04 1.085E-02
     846 4.7837E-01 5.3309E-04  ( 0.290    , -1.302E-03,   0.00    ) |  5.331E-04 1.085E-02
     847 4.7890E-01 5.3295E-04  ( 0.290    ,  1.302E-03,   0.00    ) |  5.329E-04 1.085E-02
     848 4.7944E-01 5.3280E-04  ( 0.293    ,  1.302E-03,   0.00    ) |  5.328E-04 1.085E-02
     849 4.7997E-01 5.3266E-04  ( 0.293    ,  1.302E-03,   0.00    ) |  5.327E-04 1.085E-02
     850 4.8050E-01 5.3251E-04  ( 0.293    , -1.302E-03,   0.00    ) |  5.325E-04 1.085E-02
     851 4.8104E-01 5.3237E-04  ( 0.293    ,  1.302E-03,   0.00    ) |  5.324E-04 1.085E-02
     852 4.8157E-01 5.3223E-04  ( 0.293    ,  1.302E-03,   0.00    ) |  5.322E-04 1.085E-02
     853 4.8210E-01 5.3208E-04  ( 0.293    ,  1.302E-03,   0.00    ) |  5.321E-04 1.085E-02
     854 4.8263E-01 5.3194E-04  ( 0.293    ,  1.302E-03,   0.00    ) |  5.319E-04 1.085E-02
     855 4.8316E-01 5.3179E-04  ( 0.293    ,  1.302E-03,   0.00    ) |  5.318E-04 1.085E-02
     856 4.8370E-01 5.3165E-04  ( 0.293    ,  1.302E-03,   0.00    ) |  5.317E-04 1.085E-02
     857 4.8423E-01 5.3151E-04  ( 0.293    ,  1.302E-03,   0.00    ) |  5.315E-04 1.085E-02
     858 4.8476E-01 5.3136E-04  ( 0.293    ,  1.302E-03,   0.00    ) |  5.314E-04 1.085E-02
     859 4.8529E-01 5.3122E-04  ( 0.293    ,  1.302E-03,   0.00    ) |  5.312E-04 1.085E-02
     860 4.8582E-01 5.3108E-04  ( 0.293    ,  1.302E-03,   0.00    ) |  5.311E-04 1.085E-02
     861 4.8635E-01 5.3094E-04  ( 0.293    ,  1.302E-03,   0.00    ) |  5.309E-04 1.085E-02
     862 4.8688E-01 5.3079E-04  ( 0.293    ,  1.302E-03,   0.00    ) |  5.308E-04 1.085E-02
     863 4.8741E-01 5.3065E-04  ( 0.293    ,  1.302E-03,   0.00    ) |  5.306E-04 1.085E-02
     864 4.8795E-01 5.3051E-04  ( 0.293    ,  1.302E-03,   0.00    ) |  5.305E-04 1.085E-02
     865 4.8848E-01 5.3037E-04  ( 0.293    ,  1.302E-03,   0.00    ) |  5.304E-04 1.085E-02
     866 4.8901E-01 5.3022E-04  ( 0.296    ,  1.302E-03,   0.00    ) |  5.302E-04 1.085E-02
     867 4.8954E-01 5.3008E-04  ( 0.296    ,  1.302E-03,   0.00    ) |  5.301E-04 1.085E-02
     868 4.9007E-01 5.2993E-04  ( 0.296    ,  1.302E-03,   0.00    ) |  5.299E-04 1.085E-02
     869 4.9060E-01 5.2979E-04  ( 0.296    ,  1.302E-03,   0.00    ) |  5.298E-04 1.085E-02
     870 4.9113E-01 5.2965E-04  ( 0.296    ,  1.302E-03,   0.00    ) |  5.296E-04 1.085E-02
     871 4.9166E-01 5.2950E-04  ( 0.296    ,  1.302E-03,   0.00    ) |  5.295E-04 1.085E-02
     872 4.9219E-01 5.2936E-04  ( 0.296    ,  1.302E-03,   0.00    ) |  5.294E-04 1.085E-02
     873 4.9271E-01 5.2922E-04  ( 0.296    ,  1.302E-03,   0.00    ) |  5.292E-04 1.085E-02
     874 4.9324E-01 5.2907E-04  ( 0.296    ,  1.302E-03,   0.00    ) |  5.291E-04 1.085E-02
     875 4.9377E-01 5.2893E-04  ( 0.296    ,  1.302E-03,   0.00    ) |  5.289E-04 1.085E-02
     876 4.9430E-01 5.2879E-04  ( 0.296    ,  1.302E-03,   0.00    ) |  5.288E-04 1.085E-02
     877 4.9483E-01 5.2865E-04  ( 0.296    ,  1.302E-03,   0.00    ) |  5.286E-04 1.085E-02
     878 4.9536E-01 5.2850E-04  ( 0.296    ,  1.302E-03,   0.00    ) |  5.285E-04 1.085E-02
     879 4.9589E-01 5.2836E-04  ( 0.296    ,  1.302E-03,   0.00    ) |  5.284E-04 1.085E-02
     880 4.9642E-01 5.2822E-04  ( 0.296    ,  1.302E-03,   0.00    ) |  5.282E-04 1.085E-02
     881 4.9694E-01 5.2808E-04  ( 0.296    ,  1.302E-03,   0.00    ) |  5.281E-04 1.085E-02
     882 4.9747E-01 5.2793E-04  ( 0.298    ,  1.302E-03,   0.00    ) |  5.279E-04 1.085E-02
     883 4.9800E-01 5.2779E-04  ( 0.298    ,  1.302E-03,   0.00    ) |  5.278E-04 1.085E-02
     884 4.9853E-01 5.2765E-04  ( 0.298    ,  1.302E-03,   0.00    ) |  5.276E-04 1.085E-02
     885 4.9906E-01 5.2750E-04  ( 0.298    ,  1.302E-03,   0.00    ) |  5.275E-04 1.085E-02
     886 4.9958E-01 5.2736E-04  ( 0.298    ,  1.302E-03,   0.00    ) |  5.274E-04 1.085E-02
 *** Wrote plotfile to flash_run_hdf5_plt_cnt_0020 ****
     887 5.0011E-01 5.2722E-04  ( 0.298    ,  1.302E-03,   0.00    ) |  5.272E-04 1.085E-02
     888 5.0064E-01 5.2707E-04  ( 0.298    ,  1.302E-03,   0.00    ) |  5.271E-04 1.085E-02
     889 5.0116E-01 5.2693E-04  ( 0.298    ,  1.302E-03,   0.00    ) |  5.269E-04 1.085E-02
     890 5.0169E-01 5.2679E-04  ( 0.298    ,  1.302E-03,   0.00    ) |  5.268E-04 1.085E-02
     891 5.0222E-01 5.2664E-04  ( 0.298    ,  1.302E-03,   0.00    ) |  5.266E-04 1.085E-02
     892 5.0275E-01 5.2650E-04  ( 0.298    ,  1.302E-03,   0.00    ) |  5.265E-04 1.085E-02
     893 5.0327E-01 5.2636E-04  ( 0.298    ,  1.302E-03,   0.00    ) |  5.264E-04 1.085E-02
     894 5.0380E-01 5.2622E-04  ( 0.298    ,  1.302E-03,   0.00    ) |  5.262E-04 1.085E-02
     895 5.0432E-01 5.2608E-04  ( 0.298    ,  1.302E-03,   0.00    ) |  5.261E-04 1.085E-02
     896 5.0485E-01 5.2593E-04  ( 0.298    ,  1.302E-03,   0.00    ) |  5.259E-04 1.085E-02
     897 5.0538E-01 5.2579E-04  ( 0.298    ,  1.302E-03,   0.00    ) |  5.258E-04 1.085E-02
     898 5.0590E-01 5.2565E-04  ( 0.301    ,  1.302E-03,   0.00    ) |  5.256E-04 1.085E-02
     899 5.0643E-01 5.2551E-04  ( 0.301    ,  1.302E-03,   0.00    ) |  5.255E-04 1.085E-02
     900 5.0695E-01 5.2536E-04  ( 0.301    ,  1.302E-03,   0.00    ) |  5.254E-04 1.085E-02
     901 5.0748E-01 5.2522E-04  ( 0.301    ,  1.302E-03,   0.00    ) |  5.252E-04 1.085E-02
     902 5.0800E-01 5.2508E-04  ( 0.301    ,  1.302E-03,   0.00    ) |  5.251E-04 1.085E-02
     903 5.0853E-01 5.2494E-04  ( 0.301    ,  1.302E-03,   0.00    ) |  5.249E-04 1.085E-02
     904 5.0905E-01 5.2479E-04  ( 0.301    ,  1.302E-03,   0.00    ) |  5.248E-04 1.085E-02
     905 5.0958E-01 5.2465E-04  ( 0.301    ,  1.302E-03,   0.00    ) |  5.247E-04 1.085E-02
     906 5.1010E-01 5.2451E-04  ( 0.301    ,  1.302E-03,   0.00    ) |  5.245E-04 1.085E-02
     907 5.1063E-01 5.2437E-04  ( 0.301    ,  1.302E-03,   0.00    ) |  5.244E-04 1.085E-02
     908 5.1115E-01 5.2422E-04  ( 0.301    ,  1.302E-03,   0.00    ) |  5.242E-04 1.085E-02
     909 5.1168E-01 5.2408E-04  ( 0.301    ,  1.302E-03,   0.00    ) |  5.241E-04 1.085E-02
     910 5.1220E-01 5.2394E-04  ( 0.301    ,  1.302E-03,   0.00    ) |  5.239E-04 1.085E-02
     911 5.1272E-01 5.2380E-04  ( 0.301    ,  1.302E-03,   0.00    ) |  5.238E-04 1.085E-02
     912 5.1325E-01 5.2366E-04  ( 0.301    ,  1.302E-03,   0.00    ) |  5.237E-04 1.085E-02
     913 5.1377E-01 5.2352E-04  ( 0.303    ,  1.302E-03,   0.00    ) |  5.235E-04 1.085E-02
     914 5.1430E-01 5.2337E-04  ( 0.303    ,  1.302E-03,   0.00    ) |  5.234E-04 1.085E-02
     915 5.1482E-01 5.2323E-04  ( 0.303    ,  1.302E-03,   0.00    ) |  5.232E-04 1.085E-02
     916 5.1534E-01 5.2309E-04  ( 0.303    ,  1.302E-03,   0.00    ) |  5.231E-04 1.085E-02
     917 5.1587E-01 5.2295E-04  ( 0.303    ,  1.302E-03,   0.00    ) |  5.229E-04 1.085E-02
     918 5.1639E-01 5.2281E-04  ( 0.303    ,  1.302E-03,   0.00    ) |  5.228E-04 1.085E-02
     919 5.1691E-01 5.2266E-04  ( 0.303    ,  1.302E-03,   0.00    ) |  5.227E-04 1.085E-02
     920 5.1743E-01 5.2252E-04  ( 0.303    ,  1.302E-03,   0.00    ) |  5.225E-04 1.085E-02
     921 5.1796E-01 5.2238E-04  ( 0.303    ,  1.302E-03,   0.00    ) |  5.224E-04 1.085E-02
     922 5.1848E-01 5.2224E-04  ( 0.303    ,  1.302E-03,   0.00    ) |  5.222E-04 1.085E-02
     923 5.1900E-01 5.2210E-04  ( 0.303    ,  1.302E-03,   0.00    ) |  5.221E-04 1.085E-02
     924 5.1952E-01 5.2196E-04  ( 0.303    ,  1.302E-03,   0.00    ) |  5.220E-04 1.085E-02
     925 5.2004E-01 5.2182E-04  ( 0.303    ,  1.302E-03,   0.00    ) |  5.218E-04 1.085E-02
     926 5.2057E-01 5.2168E-04  ( 0.303    ,  1.302E-03,   0.00    ) |  5.217E-04 1.085E-02
     927 5.2109E-01 5.2154E-04  ( 0.306    ,  1.302E-03,   0.00    ) |  5.215E-04 1.085E-02
     928 5.2161E-01 5.2140E-04  ( 0.306    ,  1.302E-03,   0.00    ) |  5.214E-04 1.085E-02
     929 5.2213E-01 5.2126E-04  ( 0.306    ,  1.302E-03,   0.00    ) |  5.213E-04 1.085E-02
     930 5.2265E-01 5.2112E-04  ( 0.306    ,  1.302E-03,   0.00    ) |  5.211E-04 1.085E-02
     931 5.2317E-01 5.2097E-04  ( 0.306    ,  1.302E-03,   0.00    ) |  5.210E-04 1.085E-02
     932 5.2369E-01 5.2083E-04  ( 0.306    ,  1.302E-03,   0.00    ) |  5.208E-04 1.085E-02
     933 5.2422E-01 5.2069E-04  ( 0.306    ,  1.302E-03,   0.00    ) |  5.207E-04 1.085E-02
     934 5.2474E-01 5.2055E-04  ( 0.306    ,  1.302E-03,   0.00    ) |  5.206E-04 1.085E-02
 *** Wrote plotfile to flash_run_hdf5_plt_cnt_0021 ****
     935 5.2526E-01 5.2041E-04  ( 0.306    ,  1.302E-03,   0.00    ) |  5.204E-04 1.085E-02
     936 5.2578E-01 5.2027E-04  ( 0.306    ,  1.302E-03,   0.00    ) |  5.203E-04 1.085E-02
     937 5.2630E-01 5.2013E-04  ( 0.306    ,  1.302E-03,   0.00    ) |  5.201E-04 1.085E-02
     938 5.2682E-01 5.2000E-04  ( 0.306    ,  1.302E-03,   0.00    ) |  5.200E-04 1.085E-02
     939 5.2734E-01 5.1986E-04  ( 0.306    ,  1.302E-03,   0.00    ) |  5.199E-04 1.085E-02
     940 5.2786E-01 5.1972E-04  ( 0.306    ,  1.302E-03,   0.00    ) |  5.197E-04 1.085E-02
     941 5.2838E-01 5.1958E-04  ( 0.309    ,  1.302E-03,   0.00    ) |  5.196E-04 1.085E-02
     942 5.2890E-01 5.1944E-04  ( 0.309    ,  1.302E-03,   0.00    ) |  5.194E-04 1.085E-02
     943 5.2942E-01 5.1930E-04  ( 0.309    ,  1.302E-03,   0.00    ) |  5.193E-04 1.085E-02
     944 5.2994E-01 5.1916E-04  ( 0.309    ,  1.302E-03,   0.00    ) |  5.192E-04 1.085E-02
     945 5.3045E-01 5.1902E-04  ( 0.309    ,  1.302E-03,   0.00    ) |  5.190E-04 1.085E-02
     946 5.3097E-01 5.1888E-04  ( 0.309    ,  1.302E-03,   0.00    ) |  5.189E-04 1.085E-02
     947 5.3149E-01 5.1874E-04  ( 0.309    ,  1.302E-03,   0.00    ) |  5.187E-04 1.085E-02
     948 5.3201E-01 5.1860E-04  ( 0.309    ,  1.302E-03,   0.00    ) |  5.186E-04 1.085E-02
     949 5.3253E-01 5.1846E-04  ( 0.309    ,  1.302E-03,   0.00    ) |  5.185E-04 1.085E-02
     950 5.3305E-01 5.1833E-04  ( 0.309    ,  1.302E-03,   0.00    ) |  5.183E-04 1.085E-02
     951 5.3357E-01 5.1819E-04  ( 0.309    ,  1.302E-03,   0.00    ) |  5.182E-04 1.085E-02
     952 5.3408E-01 5.1805E-04  ( 0.309    ,  1.302E-03,   0.00    ) |  5.181E-04 1.085E-02
     953 5.3460E-01 5.1791E-04  ( 0.309    ,  1.302E-03,   0.00    ) |  5.179E-04 1.085E-02
     954 5.3512E-01 5.1778E-04  ( 0.309    ,  1.302E-03,   0.00    ) |  5.178E-04 1.085E-02
     955 5.3564E-01 5.1764E-04  ( 0.311    ,  1.302E-03,   0.00    ) |  5.176E-04 1.085E-02
     956 5.3616E-01 5.1750E-04  ( 0.311    ,  1.302E-03,   0.00    ) |  5.175E-04 1.085E-02
     957 5.3667E-01 5.1737E-04  ( 0.311    ,  1.302E-03,   0.00    ) |  5.174E-04 1.085E-02
     958 5.3719E-01 5.1723E-04  ( 0.311    ,  1.302E-03,   0.00    ) |  5.172E-04 1.085E-02
     959 5.3771E-01 5.1709E-04  ( 0.311    ,  1.302E-03,   0.00    ) |  5.171E-04 1.085E-02
     960 5.3823E-01 5.1695E-04  ( 0.311    ,  1.302E-03,   0.00    ) |  5.170E-04 1.085E-02
     961 5.3874E-01 5.1682E-04  ( 0.311    ,  1.302E-03,   0.00    ) |  5.168E-04 1.085E-02
     962 5.3926E-01 5.1668E-04  ( 0.311    ,  1.302E-03,   0.00    ) |  5.167E-04 1.085E-02
     963 5.3978E-01 5.1655E-04  ( 0.311    ,  1.302E-03,   0.00    ) |  5.165E-04 1.085E-02
     964 5.4029E-01 5.1641E-04  ( 0.311    ,  1.302E-03,   0.00    ) |  5.164E-04 1.085E-02
     965 5.4081E-01 5.1628E-04  ( 0.311    ,  1.302E-03,   0.00    ) |  5.163E-04 1.085E-02
     966 5.4132E-01 5.1614E-04  ( 0.311    ,  1.302E-03,   0.00    ) |  5.161E-04 1.085E-02
     967 5.4184E-01 5.1601E-04  ( 0.311    ,  1.302E-03,   0.00    ) |  5.160E-04 1.085E-02
     968 5.4236E-01 5.1588E-04  ( 0.311    ,  1.302E-03,   0.00    ) |  5.159E-04 1.085E-02
     969 5.4287E-01 5.1574E-04  ( 0.314    ,  1.302E-03,   0.00    ) |  5.157E-04 1.085E-02
     970 5.4339E-01 5.1561E-04  ( 0.314    ,  1.302E-03,   0.00    ) |  5.156E-04 1.085E-02
     971 5.4390E-01 5.1547E-04  ( 0.314    ,  1.302E-03,   0.00    ) |  5.155E-04 1.085E-02
     972 5.4442E-01 5.1534E-04  ( 0.314    ,  1.302E-03,   0.00    ) |  5.153E-04 1.085E-02
     973 5.4494E-01 5.1520E-04  ( 0.314    ,  1.302E-03,   0.00    ) |  5.152E-04 1.085E-02
     974 5.4545E-01 5.1507E-04  ( 0.314    ,  1.302E-03,   0.00    ) |  5.151E-04 1.085E-02
     975 5.4597E-01 5.1494E-04  ( 0.314    , -1.302E-03,   0.00    ) |  5.149E-04 1.085E-02
     976 5.4648E-01 5.1480E-04  ( 0.314    ,  1.302E-03,   0.00    ) |  5.148E-04 1.085E-02
     977 5.4700E-01 5.1467E-04  ( 0.314    ,  1.302E-03,   0.00    ) |  5.147E-04 1.085E-02
     978 5.4751E-01 5.1454E-04  ( 0.314    ,  1.302E-03,   0.00    ) |  5.145E-04 1.085E-02
     979 5.4802E-01 5.1441E-04  ( 0.314    ,  1.302E-03,   0.00    ) |  5.144E-04 1.085E-02
     980 5.4854E-01 5.1428E-04  ( 0.314    ,  1.302E-03,   0.00    ) |  5.143E-04 1.085E-02
     981 5.4905E-01 5.1415E-04  ( 0.314    ,  1.302E-03,   0.00    ) |  5.141E-04 1.085E-02
     982 5.4957E-01 5.1402E-04  ( 0.316    ,  1.302E-03,   0.00    ) |  5.140E-04 1.085E-02
 *** Wrote plotfile to flash_run_hdf5_plt_cnt_0022 ****
     983 5.5008E-01 5.1388E-04  ( 0.316    ,  1.302E-03,   0.00    ) |  5.139E-04 1.085E-02
     984 5.5060E-01 5.1375E-04  ( 0.316    ,  1.302E-03,   0.00    ) |  5.138E-04 1.085E-02
     985 5.5111E-01 5.1362E-04  ( 0.316    , -1.302E-03,   0.00    ) |  5.136E-04 1.085E-02
     986 5.5162E-01 5.1349E-04  ( 0.316    ,  1.302E-03,   0.00    ) |  5.135E-04 1.085E-02
     987 5.5214E-01 5.1336E-04  ( 0.316    ,  1.302E-03,   0.00    ) |  5.134E-04 1.085E-02
     988 5.5265E-01 5.1323E-04  (-0.316    ,  1.302E-03,   0.00    ) |  5.132E-04 1.085E-02
     989 5.5316E-01 5.1310E-04  (-0.316    ,  1.302E-03,   0.00    ) |  5.131E-04 1.085E-02
     990 5.5368E-01 5.1297E-04  (-0.316    ,  1.302E-03,   0.00    ) |  5.130E-04 1.085E-02
     991 5.5419E-01 5.1284E-04  (-0.316    ,  1.302E-03,   0.00    ) |  5.128E-04 1.085E-02
     992 5.5470E-01 5.1271E-04  (-0.316    ,  1.302E-03,   0.00    ) |  5.127E-04 1.085E-02
     993 5.5521E-01 5.1259E-04  (-0.316    ,  1.302E-03,   0.00    ) |  5.126E-04 1.085E-02
     994 5.5573E-01 5.1246E-04  ( 0.319    ,  1.302E-03,   0.00    ) |  5.125E-04 1.085E-02
     995 5.5624E-01 5.1233E-04  (-0.319    ,  1.302E-03,   0.00    ) |  5.123E-04 1.085E-02
     996 5.5675E-01 5.1220E-04  (-0.319    ,  1.302E-03,   0.00    ) |  5.122E-04 1.085E-02
     997 5.5726E-01 5.1207E-04  (-0.319    ,  1.302E-03,   0.00    ) |  5.121E-04 1.085E-02
     998 5.5778E-01 5.1194E-04  (-0.319    ,  1.302E-03,   0.00    ) |  5.119E-04 1.085E-02
     999 5.5829E-01 5.1182E-04  (-0.319    ,  1.302E-03,   0.00    ) |  5.118E-04 1.085E-02
    1000 5.5880E-01 5.1169E-04  (-0.319    ,  1.302E-03,   0.00    ) |  5.117E-04 1.085E-02
    1001 5.5931E-01 5.1156E-04  (-0.319    ,  1.302E-03,   0.00    ) |  5.116E-04 1.085E-02
    1002 5.5982E-01 5.1144E-04  (-0.319    ,  1.302E-03,   0.00    ) |  5.114E-04 1.085E-02
    1003 5.6033E-01 5.1131E-04  (-0.319    ,  1.302E-03,   0.00    ) |  5.113E-04 1.085E-02
    1004 5.6085E-01 5.1119E-04  (-0.319    ,  1.302E-03,   0.00    ) |  5.112E-04 1.085E-02
    1005 5.6136E-01 5.1106E-04  (-0.319    ,  1.302E-03,   0.00    ) |  5.111E-04 1.085E-02
    1006 5.6187E-01 5.1094E-04  (-0.322    ,  1.302E-03,   0.00    ) |  5.109E-04 1.085E-02
    1007 5.6238E-01 5.1081E-04  (-0.322    ,  1.302E-03,   0.00    ) |  5.108E-04 1.085E-02
    1008 5.6289E-01 5.1069E-04  (-0.322    ,  1.302E-03,   0.00    ) |  5.107E-04 1.085E-02
    1009 5.6340E-01 5.1056E-04  (-0.322    ,  1.302E-03,   0.00    ) |  5.106E-04 1.085E-02
    1010 5.6391E-01 5.1043E-04  (-0.322    ,  1.302E-03,   0.00    ) |  5.104E-04 1.085E-02
    1011 5.6442E-01 5.1031E-04  (-0.322    ,  1.302E-03,   0.00    ) |  5.103E-04 1.085E-02
    1012 5.6493E-01 5.1019E-04  (-0.322    ,  1.302E-03,   0.00    ) |  5.102E-04 1.085E-02
    1013 5.6544E-01 5.1006E-04  (-0.322    ,  1.302E-03,   0.00    ) |  5.101E-04 1.085E-02
    1014 5.6595E-01 5.0994E-04  (-0.322    ,  1.302E-03,   0.00    ) |  5.099E-04 1.085E-02
    1015 5.6646E-01 5.0982E-04  (-0.322    ,  1.302E-03,   0.00    ) |  5.098E-04 1.085E-02
    1016 5.6697E-01 5.0970E-04  (-0.322    ,  1.302E-03,   0.00    ) |  5.097E-04 1.085E-02
    1017 5.6748E-01 5.0958E-04  (-0.322    ,  1.302E-03,   0.00    ) |  5.096E-04 1.085E-02
    1018 5.6799E-01 5.0946E-04  (-0.324    ,  1.302E-03,   0.00    ) |  5.095E-04 1.085E-02
    1019 5.6850E-01 5.0933E-04  (-0.324    ,  1.302E-03,   0.00    ) |  5.093E-04 1.085E-02
    1020 5.6901E-01 5.0921E-04  (-0.324    ,  1.302E-03,   0.00    ) |  5.092E-04 1.085E-02
    1021 5.6952E-01 5.0909E-04  (-0.324    ,  1.302E-03,   0.00    ) |  5.091E-04 1.085E-02
    1022 5.7003E-01 5.0897E-04  (-0.324    ,  1.302E-03,   0.00    ) |  5.090E-04 1.085E-02
    1023 5.7054E-01 5.0884E-04  (-0.324    ,  1.302E-03,   0.00    ) |  5.088E-04 1.085E-02
    1024 5.7105E-01 5.0872E-04  (-0.324    ,  1.302E-03,   0.00    ) |  5.087E-04 1.085E-02
    1025 5.7155E-01 5.0860E-04  (-0.324    ,  1.302E-03,   0.00    ) |  5.086E-04 1.085E-02
    1026 5.7206E-01 5.0849E-04  (-0.324    ,  1.302E-03,   0.00    ) |  5.085E-04 1.085E-02
    1027 5.7257E-01 5.0837E-04  (-0.324    ,  1.302E-03,   0.00    ) |  5.084E-04 1.085E-02
    1028 5.7308E-01 5.0825E-04  (-0.324    ,  1.302E-03,   0.00    ) |  5.082E-04 1.085E-02
    1029 5.7359E-01 5.0813E-04  (-0.324    ,  1.302E-03,   0.00    ) |  5.081E-04 1.085E-02
    1030 5.7410E-01 5.0801E-04  (-0.327    ,  1.302E-03,   0.00    ) |  5.080E-04 1.085E-02
    1031 5.7460E-01 5.0789E-04  (-0.327    ,  1.302E-03,   0.00    ) |  5.079E-04 1.085E-02
 *** Wrote plotfile to flash_run_hdf5_plt_cnt_0023 ****
    1032 5.7511E-01 5.0777E-04  (-0.327    ,  1.302E-03,   0.00    ) |  5.078E-04 1.085E-02
    1033 5.7562E-01 5.0765E-04  (-0.327    ,  1.302E-03,   0.00    ) |  5.077E-04 1.085E-02
    1034 5.7613E-01 5.0754E-04  (-0.327    ,  1.302E-03,   0.00    ) |  5.075E-04 1.085E-02
    1035 5.7664E-01 5.0742E-04  (-0.327    ,  1.302E-03,   0.00    ) |  5.074E-04 1.085E-02
    1036 5.7714E-01 5.0730E-04  (-0.327    ,  1.302E-03,   0.00    ) |  5.073E-04 1.085E-02
    1037 5.7765E-01 5.0719E-04  (-0.327    ,  1.302E-03,   0.00    ) |  5.072E-04 1.085E-02
    1038 5.7816E-01 5.0707E-04  (-0.327    ,  1.302E-03,   0.00    ) |  5.071E-04 1.085E-02
    1039 5.7866E-01 5.0696E-04  (-0.327    ,  1.302E-03,   0.00    ) |  5.070E-04 1.085E-02
    1040 5.7917E-01 5.0684E-04  (-0.327    ,  1.302E-03,   0.00    ) |  5.068E-04 1.085E-02
    1041 5.7968E-01 5.0673E-04  (-0.329    ,  1.302E-03,   0.00    ) |  5.067E-04 1.085E-02
    1042 5.8018E-01 5.0661E-04  (-0.329    ,  1.302E-03,   0.00    ) |  5.066E-04 1.085E-02
    1043 5.8069E-01 5.0649E-04  (-0.329    ,  1.302E-03,   0.00    ) |  5.065E-04 1.085E-02
    1044 5.8120E-01 5.0638E-04  (-0.329    ,  1.302E-03,   0.00    ) |  5.064E-04 1.085E-02
    1045 5.8170E-01 5.0626E-04  (-0.329    ,  1.302E-03,   0.00    ) |  5.063E-04 1.085E-02
    1046 5.8221E-01 5.0615E-04  (-0.329    ,  1.302E-03,   0.00    ) |  5.062E-04 1.085E-02
    1047 5.8272E-01 5.0604E-04  (-0.329    ,  1.302E-03,   0.00    ) |  5.060E-04 1.085E-02
    1048 5.8322E-01 5.0593E-04  (-0.329    ,  1.302E-03,   0.00    ) |  5.059E-04 1.085E-02
    1049 5.8373E-01 5.0581E-04  (-0.329    ,  1.302E-03,   0.00    ) |  5.058E-04 1.085E-02
    1050 5.8423E-01 5.0570E-04  (-0.329    ,  1.302E-03,   0.00    ) |  5.057E-04 1.085E-02
    1051 5.8474E-01 5.0559E-04  (-0.332    ,  1.302E-03,   0.00    ) |  5.056E-04 1.085E-02
    1052 5.8525E-01 5.0548E-04  (-0.332    ,  1.302E-03,   0.00    ) |  5.055E-04 1.085E-02
    1053 5.8575E-01 5.0536E-04  (-0.332    ,  1.302E-03,   0.00    ) |  5.054E-04 1.085E-02
    1054 5.8626E-01 5.0525E-04  (-0.332    ,  1.302E-03,   0.00    ) |  5.053E-04 1.085E-02
    1055 5.8676E-01 5.0514E-04  (-0.332    ,  1.302E-03,   0.00    ) |  5.051E-04 1.085E-02
    1056 5.8727E-01 5.0503E-04  (-0.332    ,  1.302E-03,   0.00    ) |  5.050E-04 1.085E-02
    1057 5.8777E-01 5.0492E-04  (-0.332    ,  1.302E-03,   0.00    ) |  5.049E-04 1.085E-02
    1058 5.8828E-01 5.0481E-04  (-0.332    ,  1.302E-03,   0.00    ) |  5.048E-04 1.085E-02
    1059 5.8878E-01 5.0470E-04  (-0.332    ,  1.302E-03,   0.00    ) |  5.047E-04 1.085E-02
    1060 5.8929E-01 5.0459E-04  (-0.332    ,  1.302E-03,   0.00    ) |  5.046E-04 1.085E-02
    1061 5.8979E-01 5.0449E-04  (-0.335    ,  1.302E-03,   0.00    ) |  5.045E-04 1.085E-02
    1062 5.9030E-01 5.0438E-04  (-0.335    ,  1.302E-03,   0.00    ) |  5.044E-04 1.085E-02
    1063 5.9080E-01 5.0427E-04  (-0.335    ,  1.302E-03,   0.00    ) |  5.043E-04 1.085E-02
    1064 5.9130E-01 5.0416E-04  (-0.335    ,  1.302E-03,   0.00    ) |  5.042E-04 1.085E-02
    1065 5.9181E-01 5.0405E-04  (-0.335    ,  1.302E-03,   0.00    ) |  5.040E-04 1.085E-02
    1066 5.9231E-01 5.0394E-04  (-0.335    ,  1.302E-03,   0.00    ) |  5.039E-04 1.085E-02
    1067 5.9282E-01 5.0384E-04  (-0.335    ,  1.302E-03,   0.00    ) |  5.038E-04 1.085E-02
    1068 5.9332E-01 5.0373E-04  (-0.335    ,  1.302E-03,   0.00    ) |  5.037E-04 1.085E-02
    1069 5.9382E-01 5.0363E-04  (-0.335    ,  1.302E-03,   0.00    ) |  5.036E-04 1.085E-02
    1070 5.9433E-01 5.0352E-04  (-0.335    ,  1.302E-03,   0.00    ) |  5.035E-04 1.085E-02
    1071 5.9483E-01 5.0341E-04  (-0.337    ,  1.302E-03,   0.00    ) |  5.034E-04 1.085E-02
    1072 5.9533E-01 5.0331E-04  (-0.337    ,  1.302E-03,   0.00    ) |  5.033E-04 1.085E-02
    1073 5.9584E-01 5.0320E-04  (-0.337    ,  1.302E-03,   0.00    ) |  5.032E-04 1.085E-02
    1074 5.9634E-01 5.0310E-04  (-0.337    ,  1.302E-03,   0.00    ) |  5.031E-04 1.085E-02
    1075 5.9684E-01 5.0299E-04  (-0.337    ,  1.302E-03,   0.00    ) |  5.030E-04 1.085E-02
    1076 5.9735E-01 5.0289E-04  (-0.337    ,  1.302E-03,   0.00    ) |  5.029E-04 1.085E-02
    1077 5.9785E-01 5.0279E-04  (-0.337    ,  1.302E-03,   0.00    ) |  5.028E-04 1.085E-02
    1078 5.9835E-01 5.0268E-04  (-0.337    ,  1.302E-03,   0.00    ) |  5.027E-04 1.085E-02
    1079 5.9886E-01 5.0258E-04  (-0.337    ,  1.302E-03,   0.00    ) |  5.026E-04 1.085E-02
    1080 5.9936E-01 5.0248E-04  (-0.337    ,  1.302E-03,   0.00    ) |  5.025E-04 1.085E-02
    1081 5.9986E-01 5.0238E-04  (-0.340    ,  1.302E-03,   0.00    ) |  5.024E-04 1.085E-02
 *** Wrote plotfile to flash_run_hdf5_plt_cnt_0024 ****
    1082 6.0036E-01 5.0227E-04  (-0.340    ,  1.302E-03,   0.00    ) |  5.023E-04 1.085E-02
    1083 6.0086E-01 5.0217E-04  (-0.340    ,  1.302E-03,   0.00    ) |  5.022E-04 1.085E-02
    1084 6.0137E-01 5.0207E-04  (-0.340    ,  1.302E-03,   0.00    ) |  5.021E-04 1.085E-02
    1085 6.0187E-01 5.0197E-04  (-0.340    ,  1.302E-03,   0.00    ) |  5.020E-04 1.085E-02
    1086 6.0237E-01 5.0187E-04  (-0.340    ,  1.302E-03,   0.00    ) |  5.019E-04 1.085E-02
    1087 6.0287E-01 5.0177E-04  (-0.340    ,  1.302E-03,   0.00    ) |  5.018E-04 1.085E-02
    1088 6.0337E-01 5.0167E-04  (-0.340    ,  1.302E-03,   0.00    ) |  5.017E-04 1.085E-02
    1089 6.0388E-01 5.0157E-04  (-0.340    ,  1.302E-03,   0.00    ) |  5.016E-04 1.085E-02
    1090 6.0438E-01 5.0147E-04  (-0.342    ,  1.302E-03,   0.00    ) |  5.015E-04 1.085E-02
    1091 6.0488E-01 5.0137E-04  (-0.342    ,  1.302E-03,   0.00    ) |  5.014E-04 1.085E-02
    1092 6.0538E-01 5.0127E-04  (-0.342    ,  1.302E-03,   0.00    ) |  5.013E-04 1.085E-02
    1093 6.0588E-01 5.0117E-04  (-0.342    ,  1.302E-03,   0.00    ) |  5.012E-04 1.085E-02
    1094 6.0638E-01 5.0107E-04  (-0.342    ,  1.302E-03,   0.00    ) |  5.011E-04 1.085E-02
    1095 6.0688E-01 5.0098E-04  (-0.342    ,  1.302E-03,   0.00    ) |  5.010E-04 1.085E-02
    1096 6.0739E-01 5.0088E-04  (-0.342    ,  1.302E-03,   0.00    ) |  5.009E-04 1.085E-02
    1097 6.0789E-01 5.0079E-04  (-0.342    ,  1.302E-03,   0.00    ) |  5.008E-04 1.085E-02
    1098 6.0839E-01 5.0069E-04  (-0.345    ,  1.302E-03,   0.00    ) |  5.007E-04 1.085E-02
    1099 6.0889E-01 5.0060E-04  (-0.345    ,  1.302E-03,   0.00    ) |  5.006E-04 1.085E-02
    1100 6.0939E-01 5.0050E-04  (-0.345    ,  1.302E-03,   0.00    ) |  5.005E-04 1.085E-02
    1101 6.0989E-01 5.0040E-04  (-0.345    ,  1.302E-03,   0.00    ) |  5.004E-04 1.085E-02
    1102 6.1039E-01 5.0031E-04  (-0.345    ,  1.302E-03,   0.00    ) |  5.003E-04 1.085E-02
    1103 6.1089E-01 5.0022E-04  (-0.345    ,  1.302E-03,   0.00    ) |  5.002E-04 1.085E-02
    1104 6.1139E-01 5.0012E-04  (-0.345    ,  1.302E-03,   0.00    ) |  5.001E-04 1.085E-02
    1105 6.1189E-01 5.0003E-04  (-0.345    ,  1.302E-03,   0.00    ) |  5.000E-04 1.085E-02
    1106 6.1239E-01 4.9994E-04  (-0.345    ,  1.302E-03,   0.00    ) |  4.999E-04 1.085E-02
    1107 6.1289E-01 4.9985E-04  (-0.348    ,  1.302E-03,   0.00    ) |  4.998E-04 1.085E-02
    1108 6.1339E-01 4.9976E-04  (-0.348    ,  1.302E-03,   0.00    ) |  4.998E-04 1.085E-02
    1109 6.1389E-01 4.9966E-04  (-0.348    ,  1.302E-03,   0.00    ) |  4.997E-04 1.085E-02
    1110 6.1439E-01 4.9957E-04  (-0.348    ,  1.302E-03,   0.00    ) |  4.996E-04 1.085E-02
    1111 6.1489E-01 4.9948E-04  (-0.348    ,  1.302E-03,   0.00    ) |  4.995E-04 1.085E-02
    1112 6.1539E-01 4.9939E-04  (-0.348    , -1.302E-03,   0.00    ) |  4.994E-04 1.085E-02
    1113 6.1589E-01 4.9930E-04  (-0.348    ,  1.302E-03,   0.00    ) |  4.993E-04 1.085E-02
    1114 6.1639E-01 4.9921E-04  (-0.348    ,  1.302E-03,   0.00    ) |  4.992E-04 1.085E-02
    1115 6.1689E-01 4.9913E-04  (-0.348    ,  1.302E-03,   0.00    ) |  4.991E-04 1.085E-02
    1116 6.1739E-01 4.9904E-04  (-0.350    ,  1.302E-03,   0.00    ) |  4.990E-04 1.085E-02
    1117 6.1788E-01 4.9895E-04  (-0.350    , -1.302E-03,   0.00    ) |  4.989E-04 1.085E-02
    1118 6.1838E-01 4.9886E-04  (-0.350    ,  1.302E-03,   0.00    ) |  4.989E-04 1.085E-02
    1119 6.1888E-01 4.9877E-04  (-0.350    ,  1.302E-03,   0.00    ) |  4.988E-04 1.085E-02
    1120 6.1938E-01 4.9868E-04  (-0.350    ,  1.302E-03,   0.00    ) |  4.987E-04 1.085E-02
    1121 6.1988E-01 4.9859E-04  (-0.350    , -1.302E-03,   0.00    ) |  4.986E-04 1.085E-02
    1122 6.2038E-01 4.9851E-04  (-0.350    , -1.302E-03,   0.00    ) |  4.985E-04 1.085E-02
    1123 6.2088E-01 4.9842E-04  (-0.350    , -1.302E-03,   0.00    ) |  4.984E-04 1.085E-02
    1124 6.2138E-01 4.9833E-04  (-0.353    , -1.302E-03,   0.00    ) |  4.983E-04 1.085E-02
    1125 6.2187E-01 4.9824E-04  (-0.353    , -1.302E-03,   0.00    ) |  4.982E-04 1.085E-02
    1126 6.2237E-01 4.9816E-04  (-0.353    , -1.302E-03,   0.00    ) |  4.982E-04 1.085E-02
    1127 6.2287E-01 4.9807E-04  (-0.353    , -1.302E-03,   0.00    ) |  4.981E-04 1.085E-02
    1128 6.2337E-01 4.9798E-04  (-0.353    , -1.302E-03,   0.00    ) |  4.980E-04 1.085E-02
    1129 6.2387E-01 4.9789E-04  (-0.353    , -1.302E-03,   0.00    ) |  4.979E-04 1.085E-02
    1130 6.2436E-01 4.9781E-04  (-0.353    , -1.302E-03,   0.00    ) |  4.978E-04 1.085E-02
    1131 6.2486E-01 4.9772E-04  (-0.353    , -1.302E-03,   0.00    ) |  4.977E-04 1.085E-02
 *** Wrote plotfile to flash_run_hdf5_plt_cnt_0025 ****
    1132 6.2536E-01 4.9764E-04  (-0.355    , -1.302E-03,   0.00    ) |  4.976E-04 1.085E-02
    1133 6.2586E-01 4.9755E-04  (-0.355    , -1.302E-03,   0.00    ) |  4.976E-04 1.085E-02
    1134 6.2635E-01 4.9746E-04  (-0.355    , -1.302E-03,   0.00    ) |  4.975E-04 1.085E-02
    1135 6.2685E-01 4.9738E-04  (-0.355    , -1.302E-03,   0.00    ) |  4.974E-04 1.085E-02
    1136 6.2735E-01 4.9729E-04  (-0.355    , -1.302E-03,   0.00    ) |  4.973E-04 1.085E-02
    1137 6.2785E-01 4.9721E-04  (-0.355    , -1.302E-03,   0.00    ) |  4.972E-04 1.085E-02
    1138 6.2834E-01 4.9712E-04  (-0.355    , -1.302E-03,   0.00    ) |  4.971E-04 1.085E-02
    1139 6.2884E-01 4.9704E-04  (-0.355    , -1.302E-03,   0.00    ) |  4.970E-04 1.085E-02
    1140 6.2934E-01 4.9696E-04  (-0.358    , -1.302E-03,   0.00    ) |  4.970E-04 1.085E-02
    1141 6.2983E-01 4.9687E-04  (-0.358    , -1.302E-03,   0.00    ) |  4.969E-04 1.085E-02
    1142 6.3033E-01 4.9679E-04  (-0.358    , -1.302E-03,   0.00    ) |  4.968E-04 1.085E-02
    1143 6.3083E-01 4.9670E-04  (-0.358    , -1.302E-03,   0.00    ) |  4.967E-04 1.085E-02
    1144 6.3133E-01 4.9662E-04  (-0.358    ,  1.302E-03,   0.00    ) |  4.966E-04 1.085E-02
    1145 6.3182E-01 4.9654E-04  (-0.358    ,  1.302E-03,   0.00    ) |  4.965E-04 1.085E-02
    1146 6.3232E-01 4.9646E-04  (-0.358    ,  1.302E-03,   0.00    ) |  4.965E-04 1.085E-02
    1147 6.3281E-01 4.9638E-04  (-0.358    ,  1.302E-03,   0.00    ) |  4.964E-04 1.085E-02
    1148 6.3331E-01 4.9629E-04  (-0.361    ,  1.302E-03,   0.00    ) |  4.963E-04 1.085E-02
    1149 6.3381E-01 4.9621E-04  (-0.361    ,  1.302E-03,   0.00    ) |  4.962E-04 1.085E-02
    1150 6.3430E-01 4.9613E-04  (-0.361    ,  1.302E-03,   0.00    ) |  4.961E-04 1.085E-02
    1151 6.3480E-01 4.9605E-04  (-0.361    ,  1.302E-03,   0.00    ) |  4.961E-04 1.085E-02
    1152 6.3530E-01 4.9597E-04  (-0.361    ,  1.302E-03,   0.00    ) |  4.960E-04 1.085E-02
    1153 6.3579E-01 4.9590E-04  (-0.361    ,  1.302E-03,   0.00    ) |  4.959E-04 1.085E-02
    1154 6.3629E-01 4.9582E-04  (-0.361    ,  1.302E-03,   0.00    ) |  4.958E-04 1.085E-02
    1155 6.3678E-01 4.9574E-04  (-0.363    ,  1.302E-03,   0.00    ) |  4.957E-04 1.085E-02
    1156 6.3728E-01 4.9566E-04  (-0.363    ,  1.302E-03,   0.00    ) |  4.957E-04 1.085E-02
    1157 6.3778E-01 4.9559E-04  (-0.363    ,  1.302E-03,   0.00    ) |  4.956E-04 1.085E-02
    1158 6.3827E-01 4.9551E-04  (-0.363    ,  1.302E-03,   0.00    ) |  4.955E-04 1.085E-02
    1159 6.3877E-01 4.9543E-04  (-0.363    ,  1.302E-03,   0.00    ) |  4.954E-04 1.085E-02
    1160 6.3926E-01 4.9536E-04  (-0.363    ,  1.302E-03,   0.00    ) |  4.954E-04 1.085E-02
    1161 6.3976E-01 4.9529E-04  (-0.363    ,  1.302E-03,   0.00    ) |  4.953E-04 1.085E-02
    1162 6.4025E-01 4.9521E-04  (-0.363    ,  1.302E-03,   0.00    ) |  4.952E-04 1.085E-02
    1163 6.4075E-01 4.9514E-04  (-0.366    ,  1.302E-03,   0.00    ) |  4.951E-04 1.085E-02
    1164 6.4124E-01 4.9506E-04  (-0.366    ,  1.302E-03,   0.00    ) |  4.951E-04 1.085E-02
    1165 6.4174E-01 4.9499E-04  (-0.366    ,  1.302E-03,   0.00    ) |  4.950E-04 1.085E-02
    1166 6.4223E-01 4.9492E-04  (-0.366    ,  1.302E-03,   0.00    ) |  4.949E-04 1.085E-02
    1167 6.4273E-01 4.9485E-04  (-0.366    ,  1.302E-03,   0.00    ) |  4.948E-04 1.085E-02
    1168 6.4322E-01 4.9478E-04  (-0.366    ,  1.302E-03,   0.00    ) |  4.948E-04 1.085E-02
    1169 6.4372E-01 4.9471E-04  (-0.366    ,  1.302E-03,   0.00    ) |  4.947E-04 1.085E-02
    1170 6.4421E-01 4.9464E-04  (-0.368    ,  1.302E-03,   0.00    ) |  4.946E-04 1.085E-02
    1171 6.4471E-01 4.9457E-04  (-0.368    ,  1.302E-03,   0.00    ) |  4.946E-04 1.085E-02
    1172 6.4520E-01 4.9450E-04  (-0.368    ,  1.302E-03,   0.00    ) |  4.945E-04 1.085E-02
    1173 6.4570E-01 4.9443E-04  (-0.368    ,  1.302E-03,   0.00    ) |  4.944E-04 1.085E-02
    1174 6.4619E-01 4.9436E-04  (-0.368    ,  1.302E-03,   0.00    ) |  4.944E-04 1.085E-02
    1175 6.4668E-01 4.9429E-04  (-0.368    ,  1.302E-03,   0.00    ) |  4.943E-04 1.085E-02
    1176 6.4718E-01 4.9423E-04  (-0.368    ,  1.302E-03,   0.00    ) |  4.942E-04 1.085E-02
    1177 6.4767E-01 4.9416E-04  (-0.368    ,  1.302E-03,   0.00    ) |  4.942E-04 1.085E-02
    1178 6.4817E-01 4.9410E-04  (-0.371    ,  1.302E-03,   0.00    ) |  4.941E-04 1.085E-02
    1179 6.4866E-01 4.9403E-04  (-0.371    ,  1.302E-03,   0.00    ) |  4.940E-04 1.085E-02
    1180 6.4916E-01 4.9397E-04  (-0.371    ,  1.302E-03,   0.00    ) |  4.940E-04 1.085E-02
    1181 6.4965E-01 4.9390E-04  (-0.371    ,  1.302E-03,   0.00    ) |  4.939E-04 1.085E-02
 *** Wrote plotfile to flash_run_hdf5_plt_cnt_0026 ****
    1182 6.5014E-01 4.9384E-04  (-0.371    ,  1.302E-03,   0.00    ) |  4.938E-04 1.085E-02
    1183 6.5064E-01 4.9377E-04  (-0.371    ,  1.302E-03,   0.00    ) |  4.938E-04 1.085E-02
    1184 6.5113E-01 4.9371E-04  (-0.371    ,  1.302E-03,   0.00    ) |  4.937E-04 1.085E-02
    1185 6.5162E-01 4.9365E-04  (-0.371    ,  1.302E-03,   0.00    ) |  4.937E-04 1.085E-02
    1186 6.5212E-01 4.9360E-04  (-0.374    ,  1.302E-03,   0.00    ) |  4.936E-04 1.085E-02
    1187 6.5261E-01 4.9353E-04  (-0.374    ,  1.302E-03,   0.00    ) |  4.935E-04 1.085E-02
    1188 6.5311E-01 4.9347E-04  (-0.374    ,  1.302E-03,   0.00    ) |  4.935E-04 1.085E-02
    1189 6.5360E-01 4.9341E-04  (-0.374    ,  1.302E-03,   0.00    ) |  4.934E-04 1.085E-02
    1190 6.5409E-01 4.9335E-04  (-0.374    ,  1.302E-03,   0.00    ) |  4.933E-04 1.085E-02
    1191 6.5459E-01 4.9329E-04  (-0.374    ,  1.302E-03,   0.00    ) |  4.933E-04 1.085E-02
    1192 6.5508E-01 4.9323E-04  (-0.374    ,  1.302E-03,   0.00    ) |  4.932E-04 1.085E-02
    1193 6.5557E-01 4.9317E-04  (-0.374    ,  1.302E-03,   0.00    ) |  4.932E-04 1.085E-02
    1194 6.5607E-01 4.9312E-04  (-0.376    ,  1.302E-03,   0.00    ) |  4.931E-04 1.085E-02
    1195 6.5656E-01 4.9306E-04  (-0.376    ,  1.302E-03,   0.00    ) |  4.931E-04 1.085E-02
    1196 6.5705E-01 4.9300E-04  (-0.376    ,  1.302E-03,   0.00    ) |  4.930E-04 1.085E-02
    1197 6.5754E-01 4.9294E-04  (-0.376    ,  1.302E-03,   0.00    ) |  4.929E-04 1.085E-02
    1198 6.5804E-01 4.9288E-04  (-0.376    , -1.302E-03,   0.00    ) |  4.929E-04 1.085E-02
    1199 6.5853E-01 4.9283E-04  (-0.376    , -1.302E-03,   0.00    ) |  4.928E-04 1.085E-02
    1200 6.5902E-01 4.9277E-04  (-0.376    , -1.302E-03,   0.00    ) |  4.928E-04 1.085E-02
    1201 6.5952E-01 4.9272E-04  (-0.379    ,  1.302E-03,   0.00    ) |  4.927E-04 1.085E-02
    1202 6.6001E-01 4.9266E-04  (-0.379    ,  1.302E-03,   0.00    ) |  4.927E-04 1.085E-02
    1203 6.6050E-01 4.9261E-04  (-0.379    ,  1.302E-03,   0.00    ) |  4.926E-04 1.085E-02
    1204 6.6099E-01 4.9255E-04  (-0.379    , -1.302E-03,   0.00    ) |  4.925E-04 1.085E-02
    1205 6.6149E-01 4.9249E-04  (-0.379    ,  1.302E-03,   0.00    ) |  4.925E-04 1.085E-02
    1206 6.6198E-01 4.9244E-04  (-0.379    , -1.302E-03,   0.00    ) |  4.924E-04 1.085E-02
    1207 6.6247E-01 4.9239E-04  (-0.379    , -1.302E-03,   0.00    ) |  4.924E-04 1.085E-02
    1208 6.6296E-01 4.9234E-04  (-0.379    , -1.302E-03,   0.00    ) |  4.923E-04 1.085E-02
    1209 6.6346E-01 4.9228E-04  (-0.382    ,  1.302E-03,   0.00    ) |  4.923E-04 1.085E-02
    1210 6.6395E-01 4.9223E-04  (-0.382    , -1.302E-03,   0.00    ) |  4.922E-04 1.085E-02
    1211 6.6444E-01 4.9217E-04  (-0.382    , -1.302E-03,   0.00    ) |  4.922E-04 1.085E-02
    1212 6.6493E-01 4.9212E-04  (-0.382    , -1.302E-03,   0.00    ) |  4.921E-04 1.085E-02
    1213 6.6542E-01 4.9207E-04  (-0.382    , -1.302E-03,   0.00    ) |  4.921E-04 1.085E-02
    1214 6.6592E-01 4.9202E-04  (-0.382    , -1.302E-03,   0.00    ) |  4.920E-04 1.085E-02
    1215 6.6641E-01 4.9197E-04  (-0.382    , -1.302E-03,   0.00    ) |  4.920E-04 1.085E-02
    1216 6.6690E-01 4.9192E-04  (-0.384    , -1.302E-03,   0.00    ) |  4.919E-04 1.085E-02
    1217 6.6739E-01 4.9187E-04  (-0.384    , -1.302E-03,   0.00    ) |  4.919E-04 1.085E-02
    1218 6.6788E-01 4.9181E-04  (-0.384    , -1.302E-03,   0.00    ) |  4.918E-04 1.085E-02
    1219 6.6838E-01 4.9176E-04  (-0.384    , -1.302E-03,   0.00    ) |  4.918E-04 1.085E-02
    1220 6.6887E-01 4.9171E-04  (-0.384    , -1.302E-03,   0.00    ) |  4.917E-04 1.085E-02
    1221 6.6936E-01 4.9166E-04  (-0.384    , -1.302E-03,   0.00    ) |  4.917E-04 1.085E-02
    1222 6.6985E-01 4.9161E-04  (-0.384    , -1.302E-03,   0.00    ) |  4.916E-04 1.085E-02
    1223 6.7034E-01 4.9157E-04  (-0.387    , -1.302E-03,   0.00    ) |  4.916E-04 1.085E-02
    1224 6.7083E-01 4.9151E-04  (-0.387    , -1.302E-03,   0.00    ) |  4.915E-04 1.085E-02
    1225 6.7133E-01 4.9146E-04  (-0.387    , -1.302E-03,   0.00    ) |  4.915E-04 1.085E-02
    1226 6.7182E-01 4.9141E-04  (-0.387    , -1.302E-03,   0.00    ) |  4.914E-04 1.085E-02
    1227 6.7231E-01 4.9136E-04  (-0.387    , -1.302E-03,   0.00    ) |  4.914E-04 1.085E-02
    1228 6.7280E-01 4.9132E-04  (-0.387    , -1.302E-03,   0.00    ) |  4.913E-04 1.085E-02
    1229 6.7329E-01 4.9127E-04  (-0.387    , -1.302E-03,   0.00    ) |  4.913E-04 1.085E-02
    1230 6.7378E-01 4.9123E-04  (-0.387    , -1.302E-03,   0.00    ) |  4.912E-04 1.085E-02
    1231 6.7427E-01 4.9118E-04  (-0.389    , -1.302E-03,   0.00    ) |  4.912E-04 1.085E-02
    1232 6.7477E-01 4.9113E-04  (-0.389    , -1.302E-03,   0.00    ) |  4.911E-04 1.085E-02
 *** Wrote plotfile to flash_run_hdf5_plt_cnt_0027 ****
    1233 6.7526E-01 4.9108E-04  (-0.389    , -1.302E-03,   0.00    ) |  4.911E-04 1.085E-02
    1234 6.7575E-01 4.9103E-04  (-0.389    , -1.302E-03,   0.00    ) |  4.910E-04 1.085E-02
    1235 6.7624E-01 4.9098E-04  (-0.389    , -1.302E-03,   0.00    ) |  4.910E-04 1.085E-02
    1236 6.7673E-01 4.9094E-04  (-0.389    , -1.302E-03,   0.00    ) |  4.909E-04 1.085E-02
    1237 6.7722E-01 4.9089E-04  (-0.389    , -1.302E-03,   0.00    ) |  4.909E-04 1.085E-02
    1238 6.7771E-01 4.9085E-04  (-0.392    , -1.302E-03,   0.00    ) |  4.908E-04 1.085E-02
    1239 6.7820E-01 4.9080E-04  (-0.392    , -1.302E-03,   0.00    ) |  4.908E-04 1.085E-02
    1240 6.7869E-01 4.9075E-04  (-0.392    ,  1.302E-03,   0.00    ) |  4.908E-04 1.085E-02
    1241 6.7918E-01 4.9071E-04  (-0.392    , -1.302E-03,   0.00    ) |  4.907E-04 1.085E-02
    1242 6.7967E-01 4.9066E-04  (-0.392    , -1.302E-03,   0.00    ) |  4.907E-04 1.085E-02
    1243 6.8017E-01 4.9062E-04  (-0.392    , -1.302E-03,   0.00    ) |  4.906E-04 1.085E-02
    1244 6.8066E-01 4.9058E-04  (-0.392    , -1.302E-03,   0.00    ) |  4.906E-04 1.085E-02
    1245 6.8115E-01 4.9053E-04  (-0.395    , -1.302E-03,   0.00    ) |  4.905E-04 1.085E-02
    1246 6.8164E-01 4.9048E-04  (-0.395    ,  1.302E-03,   0.00    ) |  4.905E-04 1.085E-02
    1247 6.8213E-01 4.9044E-04  (-0.395    , -1.302E-03,   0.00    ) |  4.904E-04 1.085E-02
    1248 6.8262E-01 4.9039E-04  (-0.395    , -1.302E-03,   0.00    ) |  4.904E-04 1.085E-02
    1249 6.8311E-01 4.9035E-04  (-0.395    , -1.302E-03,   0.00    ) |  4.904E-04 1.085E-02
    1250 6.8360E-01 4.9031E-04  (-0.395    , -1.302E-03,   0.00    ) |  4.903E-04 1.085E-02
    1251 6.8409E-01 4.9027E-04  (-0.395    ,  1.302E-03,   0.00    ) |  4.903E-04 1.085E-02
    1252 6.8458E-01 4.9023E-04  (-0.397    , -1.302E-03,   0.00    ) |  4.902E-04 1.085E-02
    1253 6.8507E-01 4.9019E-04  (-0.397    , -1.302E-03,   0.00    ) |  4.902E-04 1.085E-02
    1254 6.8556E-01 4.9014E-04  (-0.397    , -1.302E-03,   0.00    ) |  4.901E-04 1.085E-02
    1255 6.8605E-01 4.9010E-04  (-0.397    , -1.302E-03,   0.00    ) |  4.901E-04 1.085E-02
    1256 6.8654E-01 4.9006E-04  (-0.397    , -1.302E-03,   0.00    ) |  4.901E-04 1.085E-02
    1257 6.8703E-01 4.9002E-04  (-0.397    , -1.302E-03,   0.00    ) |  4.900E-04 1.085E-02
    1258 6.8752E-01 4.8998E-04  (-0.397    , -1.302E-03,   0.00    ) |  4.900E-04 1.085E-02
    1259 6.8801E-01 4.8994E-04  (-0.397    , -1.302E-03,   0.00    ) |  4.899E-04 1.085E-02
    1260 6.8850E-01 4.8990E-04  (-0.400    , -1.302E-03,   0.00    ) |  4.899E-04 1.085E-02
    1261 6.8899E-01 4.8986E-04  (-0.400    , -1.302E-03,   0.00    ) |  4.899E-04 1.085E-02
    1262 6.8948E-01 4.8981E-04  (-0.400    , -1.302E-03,   0.00    ) |  4.898E-04 1.085E-02
    1263 6.8997E-01 4.8977E-04  (-0.400    , -1.302E-03,   0.00    ) |  4.898E-04 1.085E-02
    1264 6.9046E-01 4.8974E-04  (-0.400    , -1.302E-03,   0.00    ) |  4.897E-04 1.085E-02
    1265 6.9095E-01 4.8970E-04  (-0.400    , -1.302E-03,   0.00    ) |  4.897E-04 1.085E-02
    1266 6.9144E-01 4.8967E-04  (-0.400    ,  1.302E-03,   0.00    ) |  4.897E-04 1.085E-02
    1267 6.9193E-01 4.8963E-04  (-0.402    , -1.302E-03,   0.00    ) |  4.896E-04 1.085E-02
    1268 6.9242E-01 4.8959E-04  (-0.402    , -1.302E-03,   0.00    ) |  4.896E-04 1.085E-02
    1269 6.9291E-01 4.8955E-04  (-0.402    , -1.302E-03,   0.00    ) |  4.896E-04 1.085E-02
    1270 6.9340E-01 4.8951E-04  (-0.402    , -1.302E-03,   0.00    ) |  4.895E-04 1.085E-02
    1271 6.9389E-01 4.8948E-04  (-0.402    ,  1.302E-03,   0.00    ) |  4.895E-04 1.085E-02
    1272 6.9438E-01 4.8944E-04  (-0.402    , -1.302E-03,   0.00    ) |  4.894E-04 1.085E-02
    1273 6.9487E-01 4.8941E-04  (-0.402    , -1.302E-03,   0.00    ) |  4.894E-04 1.085E-02
    1274 6.9535E-01 4.8938E-04  (-0.402    ,  1.302E-03,   0.00    ) |  4.894E-04 1.085E-02
    1275 6.9584E-01 4.8934E-04  (-0.405    , -1.302E-03,   0.00    ) |  4.893E-04 1.085E-02
    1276 6.9633E-01 4.8930E-04  (-0.405    , -1.302E-03,   0.00    ) |  4.893E-04 1.085E-02
    1277 6.9682E-01 4.8927E-04  (-0.405    , -1.302E-03,   0.00    ) |  4.893E-04 1.085E-02
    1278 6.9731E-01 4.8923E-04  (-0.405    , -1.302E-03,   0.00    ) |  4.892E-04 1.085E-02
    1279 6.9780E-01 4.8920E-04  (-0.405    ,  1.302E-03,   0.00    ) |  4.892E-04 1.085E-02
    1280 6.9829E-01 4.8917E-04  (-0.405    ,  1.302E-03,   0.00    ) |  4.892E-04 1.085E-02
    1281 6.9878E-01 4.8914E-04  (-0.405    ,  1.302E-03,   0.00    ) |  4.891E-04 1.085E-02
    1282 6.9927E-01 4.8911E-04  (-0.408    ,  1.302E-03,   0.00    ) |  4.891E-04 1.085E-02
    1283 6.9976E-01 4.8907E-04  (-0.408    , -1.302E-03,   0.00    ) |  4.891E-04 1.085E-02
 *** Wrote plotfile to flash_run_hdf5_plt_cnt_0028 ****
    1284 7.0025E-01 4.8904E-04  (-0.408    ,  1.302E-03,   0.00    ) |  4.890E-04 1.085E-02
    1285 7.0074E-01 4.8901E-04  (-0.408    ,  1.302E-03,   0.00    ) |  4.890E-04 1.085E-02
    1286 7.0123E-01 4.8898E-04  (-0.408    ,  1.302E-03,   0.00    ) |  4.890E-04 1.085E-02
    1287 7.0171E-01 4.8895E-04  (-0.408    ,  1.302E-03,   0.00    ) |  4.889E-04 1.085E-02
    1288 7.0220E-01 4.8892E-04  (-0.408    , -1.302E-03,   0.00    ) |  4.889E-04 1.085E-02
    1289 7.0269E-01 4.8890E-04  (-0.410    , -1.302E-03,   0.00    ) |  4.889E-04 1.085E-02
    1290 7.0318E-01 4.8886E-04  (-0.410    ,  1.302E-03,   0.00    ) |  4.889E-04 1.085E-02
    1291 7.0367E-01 4.8883E-04  (-0.410    ,  1.302E-03,   0.00    ) |  4.888E-04 1.085E-02
    1292 7.0416E-01 4.8880E-04  (-0.410    ,  1.302E-03,   0.00    ) |  4.888E-04 1.085E-02
    1293 7.0465E-01 4.8877E-04  (-0.410    ,  1.302E-03,   0.00    ) |  4.888E-04 1.085E-02
    1294 7.0514E-01 4.8875E-04  (-0.410    ,  1.302E-03,   0.00    ) |  4.887E-04 1.085E-02
    1295 7.0562E-01 4.8872E-04  (-0.410    ,  1.302E-03,   0.00    ) |  4.887E-04 1.085E-02
    1296 7.0611E-01 4.8870E-04  (-0.410    ,  1.302E-03,   0.00    ) |  4.887E-04 1.085E-02
    1297 7.0660E-01 4.8867E-04  (-0.410    ,  1.302E-03,   0.00    ) |  4.887E-04 1.085E-02
    1298 7.0709E-01 4.8864E-04  (-0.413    ,  1.302E-03,   0.00    ) |  4.886E-04 1.085E-02
    1299 7.0758E-01 4.8862E-04  (-0.413    ,  1.302E-03,   0.00    ) |  4.886E-04 1.085E-02
    1300 7.0807E-01 4.8859E-04  (-0.413    ,  1.302E-03,   0.00    ) |  4.886E-04 1.085E-02
    1301 7.0856E-01 4.8857E-04  (-0.413    ,  1.302E-03,   0.00    ) |  4.886E-04 1.085E-02
    1302 7.0905E-01 4.8855E-04  (-0.413    ,  1.302E-03,   0.00    ) |  4.885E-04 1.085E-02
    1303 7.0953E-01 4.8853E-04  (-0.413    ,  1.302E-03,   0.00    ) |  4.885E-04 1.085E-02
    1304 7.1002E-01 4.8850E-04  (-0.413    ,  1.302E-03,   0.00    ) |  4.885E-04 1.085E-02
    1305 7.1051E-01 4.8848E-04  (-0.415    ,  1.302E-03,   0.00    ) |  4.885E-04 1.085E-02
    1306 7.1100E-01 4.8845E-04  (-0.415    ,  1.302E-03,   0.00    ) |  4.885E-04 1.085E-02
    1307 7.1149E-01 4.8843E-04  (-0.415    ,  1.302E-03,   0.00    ) |  4.884E-04 1.085E-02
    1308 7.1198E-01 4.8841E-04  (-0.415    ,  1.302E-03,   0.00    ) |  4.884E-04 1.085E-02
    1309 7.1246E-01 4.8839E-04  (-0.415    ,  1.302E-03,   0.00    ) |  4.884E-04 1.085E-02
    1310 7.1295E-01 4.8837E-04  (-0.415    ,  1.302E-03,   0.00    ) |  4.884E-04 1.085E-02
    1311 7.1344E-01 4.8835E-04  (-0.415    ,  1.302E-03,   0.00    ) |  4.884E-04 1.085E-02
    1312 7.1393E-01 4.8834E-04  (-0.415    ,  1.302E-03,   0.00    ) |  4.883E-04 1.085E-02
    1313 7.1442E-01 4.8832E-04  (-0.415    ,  1.302E-03,   0.00    ) |  4.883E-04 1.085E-02
    1314 7.1491E-01 4.8830E-04  (-0.418    ,  1.302E-03,   0.00    ) |  4.883E-04 1.085E-02
    1315 7.1539E-01 4.8828E-04  (-0.418    ,  1.302E-03,   0.00    ) |  4.883E-04 1.085E-02
    1316 7.1588E-01 4.8826E-04  (-0.418    ,  1.302E-03,   0.00    ) |  4.883E-04 1.085E-02
    1317 7.1637E-01 4.8824E-04  (-0.418    ,  1.302E-03,   0.00    ) |  4.882E-04 1.085E-02
    1318 7.1686E-01 4.8822E-04  (-0.418    ,  1.302E-03,   0.00    ) |  4.882E-04 1.085E-02
    1319 7.1735E-01 4.8821E-04  (-0.418    ,  1.302E-03,   0.00    ) |  4.882E-04 1.085E-02
    1320 7.1784E-01 4.8820E-04  (-0.418    ,  1.302E-03,   0.00    ) |  4.882E-04 1.085E-02
    1321 7.1832E-01 4.8819E-04  (-0.418    ,  1.302E-03,   0.00    ) |  4.882E-04 1.085E-02
    1322 7.1881E-01 4.8818E-04  (-0.421    ,  1.302E-03,   0.00    ) |  4.882E-04 1.085E-02
    1323 7.1930E-01 4.8816E-04  (-0.421    ,  1.302E-03,   0.00    ) |  4.882E-04 1.085E-02
    1324 7.1979E-01 4.8814E-04  (-0.421    ,  1.302E-03,   0.00    ) |  4.881E-04 1.085E-02
    1325 7.2028E-01 4.8812E-04  (-0.421    ,  1.302E-03,   0.00    ) |  4.881E-04 1.085E-02
    1326 7.2076E-01 4.8811E-04  (-0.421    ,  1.302E-03,   0.00    ) |  4.881E-04 1.085E-02
    1327 7.2125E-01 4.8810E-04  (-0.421    ,  1.302E-03,   0.00    ) |  4.881E-04 1.085E-02
    1328 7.2174E-01 4.8809E-04  (-0.421    ,  1.302E-03,   0.00    ) |  4.881E-04 1.085E-02
    1329 7.2223E-01 4.8808E-04  (-0.421    ,  1.302E-03,   0.00    ) |  4.881E-04 1.085E-02
    1330 7.2272E-01 4.8807E-04  (-0.421    ,  1.302E-03,   0.00    ) |  4.881E-04 1.085E-02
    1331 7.2321E-01 4.8807E-04  (-0.421    ,  1.302E-03,   0.00    ) |  4.881E-04 1.085E-02
    1332 7.2369E-01 4.8806E-04  (-0.423    ,  1.302E-03,   0.00    ) |  4.881E-04 1.085E-02
    1333 7.2418E-01 4.8805E-04  (-0.423    ,  1.302E-03,   0.00    ) |  4.880E-04 1.085E-02
    1334 7.2467E-01 4.8804E-04  (-0.423    ,  1.302E-03,   0.00    ) |  4.880E-04 1.085E-02
 *** Wrote plotfile to flash_run_hdf5_plt_cnt_0029 ****
    1335 7.2516E-01 4.8803E-04  (-0.423    ,  1.302E-03,   0.00    ) |  4.880E-04 1.085E-02
    1336 7.2565E-01 4.8802E-04  (-0.423    ,  1.302E-03,   0.00    ) |  4.880E-04 1.085E-02
    1337 7.2613E-01 4.8801E-04  (-0.423    ,  1.302E-03,   0.00    ) |  4.880E-04 1.085E-02
    1338 7.2662E-01 4.8801E-04  (-0.423    ,  1.302E-03,   0.00    ) |  4.880E-04 1.085E-02
    1339 7.2711E-01 4.8800E-04  (-0.423    ,  1.302E-03,   0.00    ) |  4.880E-04 1.085E-02
    1340 7.2760E-01 4.8800E-04  (-0.423    ,  1.302E-03,   0.00    ) |  4.880E-04 1.085E-02
    1341 7.2809E-01 4.8800E-04  (-0.423    ,  1.302E-03,   0.00    ) |  4.880E-04 1.085E-02
    1342 7.2857E-01 4.8801E-04  (-0.426    ,  1.302E-03,   0.00    ) |  4.880E-04 1.085E-02
    1343 7.2906E-01 4.8800E-04  (-0.426    ,  1.302E-03,   0.00    ) |  4.880E-04 1.085E-02
    1344 7.2955E-01 4.8799E-04  (-0.426    ,  1.302E-03,   0.00    ) |  4.880E-04 1.085E-02
    1345 7.3004E-01 4.8799E-04  (-0.426    ,  1.302E-03,   0.00    ) |  4.880E-04 1.085E-02
    1346 7.3053E-01 4.8798E-04  (-0.426    ,  1.302E-03,   0.00    ) |  4.880E-04 1.085E-02
    1347 7.3101E-01 4.8798E-04  (-0.426    ,  1.302E-03,   0.00    ) |  4.880E-04 1.085E-02
    1348 7.3150E-01 4.8798E-04  (-0.426    ,  1.302E-03,   0.00    ) |  4.880E-04 1.085E-02
    1349 7.3199E-01 4.8798E-04  (-0.426    ,  1.302E-03,   0.00    ) |  4.880E-04 1.085E-02
    1350 7.3248E-01 4.8798E-04  (-0.426    ,  1.302E-03,   0.00    ) |  4.880E-04 1.085E-02
    1351 7.3297E-01 4.8799E-04  (-0.426    ,  1.302E-03,   0.00    ) |  4.880E-04 1.085E-02
    1352 7.3345E-01 4.8800E-04  (-0.426    ,  1.302E-03,   0.00    ) |  4.880E-04 1.085E-02
    1353 7.3394E-01 4.8801E-04  (-0.426    ,  1.302E-03,   0.00    ) |  4.880E-04 1.085E-02
    1354 7.3443E-01 4.8801E-04  (-0.428    ,  1.302E-03,   0.00    ) |  4.880E-04 1.085E-02
    1355 7.3492E-01 4.8801E-04  (-0.428    ,  1.302E-03,   0.00    ) |  4.880E-04 1.085E-02
    1356 7.3541E-01 4.8801E-04  (-0.428    ,  1.302E-03,   0.00    ) |  4.880E-04 1.085E-02
    1357 7.3589E-01 4.8801E-04  (-0.428    ,  1.302E-03,   0.00    ) |  4.880E-04 1.085E-02
    1358 7.3638E-01 4.8801E-04  (-0.428    , -1.302E-03,   0.00    ) |  4.880E-04 1.085E-02
    1359 7.3687E-01 4.8802E-04  (-0.428    ,  1.302E-03,   0.00    ) |  4.880E-04 1.085E-02
    1360 7.3736E-01 4.8802E-04  (-0.428    ,  1.302E-03,   0.00    ) |  4.880E-04 1.085E-02
    1361 7.3785E-01 4.8803E-04  (-0.428    , -1.302E-03,   0.00    ) |  4.880E-04 1.085E-02
    1362 7.3833E-01 4.8804E-04  (-0.428    ,  1.302E-03,   0.00    ) |  4.880E-04 1.085E-02
    1363 7.3882E-01 4.8806E-04  (-0.428    ,  1.302E-03,   0.00    ) |  4.881E-04 1.085E-02
    1364 7.3931E-01 4.8807E-04  (-0.428    ,  1.302E-03,   0.00    ) |  4.881E-04 1.085E-02
    1365 7.3980E-01 4.8808E-04  (-0.431    ,  1.302E-03,   0.00    ) |  4.881E-04 1.085E-02
    1366 7.4029E-01 4.8810E-04  (-0.431    ,  1.302E-03,   0.00    ) |  4.881E-04 1.085E-02
    1367 7.4077E-01 4.8810E-04  (-0.431    , -1.302E-03,   0.00    ) |  4.881E-04 1.085E-02
    1368 7.4126E-01 4.8811E-04  (-0.431    ,  1.302E-03,   0.00    ) |  4.881E-04 1.085E-02
    1369 7.4175E-01 4.8812E-04  (-0.431    ,  1.302E-03,   0.00    ) |  4.881E-04 1.085E-02
    1370 7.4224E-01 4.8813E-04  (-0.431    ,  1.302E-03,   0.00    ) |  4.881E-04 1.085E-02
    1371 7.4273E-01 4.8814E-04  (-0.431    ,  1.302E-03,   0.00    ) |  4.881E-04 1.085E-02
    1372 7.4321E-01 4.8815E-04  (-0.431    ,  1.302E-03,   0.00    ) |  4.882E-04 1.085E-02
    1373 7.4370E-01 4.8817E-04  (-0.431    ,  1.302E-03,   0.00    ) |  4.882E-04 1.085E-02
    1374 7.4419E-01 4.8819E-04  (-0.431    ,  1.302E-03,   0.00    ) |  4.882E-04 1.085E-02
    1375 7.4468E-01 4.8820E-04  (-0.431    ,  1.302E-03,   0.00    ) |  4.882E-04 1.085E-02
    1376 7.4517E-01 4.8822E-04  (-0.431    ,  1.302E-03,   0.00    ) |  4.882E-04 1.085E-02
    1377 7.4566E-01 4.8824E-04  (-0.431    ,  1.302E-03,   0.00    ) |  4.882E-04 1.085E-02
    1378 7.4614E-01 4.8826E-04  (-0.431    ,  1.302E-03,   0.00    ) |  4.883E-04 1.085E-02
    1379 7.4663E-01 4.8828E-04  (-0.434    ,  1.302E-03,   0.00    ) |  4.883E-04 1.085E-02
    1380 7.4712E-01 4.8830E-04  (-0.434    ,  1.302E-03,   0.00    ) |  4.883E-04 1.085E-02
    1381 7.4761E-01 4.8832E-04  (-0.434    ,  1.302E-03,   0.00    ) |  4.883E-04 1.085E-02
    1382 7.4810E-01 4.8834E-04  (-0.434    ,  1.302E-03,   0.00    ) |  4.883E-04 1.085E-02
    1383 7.4859E-01 4.8835E-04  (-0.434    ,  1.302E-03,   0.00    ) |  4.884E-04 1.085E-02
    1384 7.4907E-01 4.8837E-04  (-0.434    ,  1.302E-03,   0.00    ) |  4.884E-04 1.085E-02
    1385 7.4956E-01 4.8839E-04  (-0.434    ,  1.302E-03,   0.00    ) |  4.884E-04 1.085E-02
 *** Wrote plotfile to flash_run_hdf5_plt_cnt_0030 ****
    1386 7.5005E-01 4.8842E-04  (-0.434    ,  1.302E-03,   0.00    ) |  4.884E-04 1.085E-02
    1387 7.5054E-01 4.8844E-04  (-0.434    ,  1.302E-03,   0.00    ) |  4.884E-04 1.085E-02
    1388 7.5103E-01 4.8846E-04  (-0.434    ,  1.302E-03,   0.00    ) |  4.885E-04 1.085E-02
    1389 7.5152E-01 4.8849E-04  (-0.434    ,  1.302E-03,   0.00    ) |  4.885E-04 1.085E-02
    1390 7.5200E-01 4.8851E-04  (-0.434    ,  1.302E-03,   0.00    ) |  4.885E-04 1.085E-02
    1391 7.5249E-01 4.8854E-04  (-0.434    ,  1.302E-03,   0.00    ) |  4.885E-04 1.085E-02
    1392 7.5298E-01 4.8857E-04  (-0.434    ,  1.302E-03,   0.00    ) |  4.886E-04 1.085E-02
    1393 7.5347E-01 4.8859E-04  (-0.434    ,  1.302E-03,   0.00    ) |  4.886E-04 1.085E-02
    1394 7.5396E-01 4.8862E-04  (-0.434    ,  1.302E-03,   0.00    ) |  4.886E-04 1.085E-02
    1395 7.5445E-01 4.8865E-04  (-0.436    ,  1.302E-03,   0.00    ) |  4.886E-04 1.085E-02
    1396 7.5494E-01 4.8868E-04  (-0.436    ,  1.302E-03,   0.00    ) |  4.887E-04 1.085E-02
    1397 7.5542E-01 4.8870E-04  (-0.436    ,  1.302E-03,   0.00    ) |  4.887E-04 1.085E-02
    1398 7.5591E-01 4.8873E-04  (-0.436    ,  1.302E-03,   0.00    ) |  4.887E-04 1.085E-02
    1399 7.5640E-01 4.8876E-04  (-0.436    ,  1.302E-03,   0.00    ) |  4.888E-04 1.085E-02
    1400 7.5689E-01 4.8879E-04  (-0.436    ,  1.302E-03,   0.00    ) |  4.888E-04 1.085E-02
    1401 7.5738E-01 4.8882E-04  (-0.436    ,  1.302E-03,   0.00    ) |  4.888E-04 1.085E-02
    1402 7.5787E-01 4.8885E-04  (-0.436    ,  1.302E-03,   0.00    ) |  4.888E-04 1.085E-02
    1403 7.5836E-01 4.8888E-04  (-0.436    ,  1.302E-03,   0.00    ) |  4.889E-04 1.085E-02
    1404 7.5885E-01 4.8891E-04  (-0.436    ,  1.302E-03,   0.00    ) |  4.889E-04 1.085E-02
    1405 7.5933E-01 4.8894E-04  (-0.436    ,  1.302E-03,   0.00    ) |  4.889E-04 1.085E-02
    1406 7.5982E-01 4.8898E-04  (-0.436    ,  1.302E-03,   0.00    ) |  4.890E-04 1.085E-02
    1407 7.6031E-01 4.8901E-04  (-0.436    ,  1.302E-03,   0.00    ) |  4.890E-04 1.085E-02
    1408 7.6080E-01 4.8905E-04  (-0.436    ,  1.302E-03,   0.00    ) |  4.890E-04 1.085E-02
    1409 7.6129E-01 4.8905E-04  (-0.363    , -1.302E-03,   0.00    ) |  4.890E-04 1.085E-02
    1410 7.6178E-01 4.8904E-04  (-0.363    , -1.302E-03,   0.00    ) |  4.890E-04 1.085E-02
    1411 7.6227E-01 4.8903E-04  (-0.363    , -1.302E-03,   0.00    ) |  4.890E-04 1.085E-02
    1412 7.6276E-01 4.8902E-04  (-0.363    , -1.302E-03,   0.00    ) |  4.890E-04 1.085E-02
    1413 7.6325E-01 4.8901E-04  (-0.363    , -1.302E-03,   0.00    ) |  4.890E-04 1.085E-02
    1414 7.6374E-01 4.8900E-04  (-0.363    , -1.302E-03,   0.00    ) |  4.890E-04 1.085E-02
    1415 7.6423E-01 4.8899E-04  (-0.363    , -1.302E-03,   0.00    ) |  4.890E-04 1.085E-02
    1416 7.6471E-01 4.8898E-04  (-0.363    , -1.302E-03,   0.00    ) |  4.890E-04 1.085E-02
    1417 7.6520E-01 4.8898E-04  (-0.363    , -1.302E-03,   0.00    ) |  4.890E-04 1.085E-02
    1418 7.6569E-01 4.8897E-04  (-0.363    , -1.302E-03,   0.00    ) |  4.890E-04 1.085E-02
    1419 7.6618E-01 4.8896E-04  (-0.363    ,  1.302E-03,   0.00    ) |  4.890E-04 1.085E-02
    1420 7.6667E-01 4.8895E-04  (-0.363    ,  1.302E-03,   0.00    ) |  4.889E-04 1.085E-02
    1421 7.6716E-01 4.8894E-04  (-0.363    ,  1.302E-03,   0.00    ) |  4.889E-04 1.085E-02
    1422 7.6765E-01 4.8893E-04  (-0.363    ,  1.302E-03,   0.00    ) |  4.889E-04 1.085E-02
    1423 7.6814E-01 4.8893E-04  (-0.363    ,  1.302E-03,   0.00    ) |  4.889E-04 1.085E-02
    1424 7.6863E-01 4.8892E-04  (-0.363    , -1.302E-03,   0.00    ) |  4.889E-04 1.085E-02
    1425 7.6911E-01 4.8891E-04  (-0.363    , -1.302E-03,   0.00    ) |  4.889E-04 1.085E-02
    1426 7.6960E-01 4.8890E-04  (-0.363    , -1.302E-03,   0.00    ) |  4.889E-04 1.085E-02
    1427 7.7009E-01 4.8889E-04  (-0.363    , -1.302E-03,   0.00    ) |  4.889E-04 1.085E-02
    1428 7.7058E-01 4.8888E-04  (-0.363    , -1.302E-03,   0.00    ) |  4.889E-04 1.085E-02
    1429 7.7107E-01 4.8887E-04  (-0.363    , -1.302E-03,   0.00    ) |  4.889E-04 1.085E-02
    1430 7.7156E-01 4.8887E-04  (-0.363    , -1.302E-03,   0.00    ) |  4.889E-04 1.085E-02
    1431 7.7205E-01 4.8886E-04  (-0.363    , -1.302E-03,   0.00    ) |  4.889E-04 1.085E-02
    1432 7.7254E-01 4.8885E-04  (-0.363    , -1.302E-03,   0.00    ) |  4.888E-04 1.085E-02
    1433 7.7303E-01 4.8884E-04  (-0.363    , -1.302E-03,   0.00    ) |  4.888E-04 1.085E-02
    1434 7.7351E-01 4.8883E-04  (-0.363    , -1.302E-03,   0.00    ) |  4.888E-04 1.085E-02
    1435 7.7400E-01 4.8882E-04  (-0.363    , -1.302E-03,   0.00    ) |  4.888E-04 1.085E-02
    1436 7.7449E-01 4.8882E-04  (-0.363    , -1.302E-03,   0.00    ) |  4.888E-04 1.085E-02
    1437 7.7498E-01 4.8881E-04  (-0.361    , -1.302E-03,   0.00    ) |  4.888E-04 1.085E-02
 *** Wrote plotfile to flash_run_hdf5_plt_cnt_0031 ****
    1438 7.7547E-01 4.8880E-04  (-0.361    , -1.302E-03,   0.00    ) |  4.888E-04 1.085E-02
    1439 7.7596E-01 4.8880E-04  (-0.361    , -1.302E-03,   0.00    ) |  4.888E-04 1.085E-02
    1440 7.7645E-01 4.8879E-04  (-0.361    , -1.302E-03,   0.00    ) |  4.888E-04 1.085E-02
    1441 7.7694E-01 4.8878E-04  (-0.361    , -1.302E-03,   0.00    ) |  4.888E-04 1.085E-02
    1442 7.7742E-01 4.8877E-04  (-0.361    , -1.302E-03,   0.00    ) |  4.888E-04 1.085E-02
    1443 7.7791E-01 4.8877E-04  (-0.361    , -1.302E-03,   0.00    ) |  4.888E-04 1.085E-02
    1444 7.7840E-01 4.8876E-04  (-0.361    , -1.302E-03,   0.00    ) |  4.888E-04 1.085E-02
    1445 7.7889E-01 4.8875E-04  (-0.361    , -1.302E-03,   0.00    ) |  4.888E-04 1.085E-02
    1446 7.7938E-01 4.8875E-04  (-0.361    , -1.302E-03,   0.00    ) |  4.887E-04 1.085E-02
    1447 7.7987E-01 4.8874E-04  (-0.361    , -1.302E-03,   0.00    ) |  4.887E-04 1.085E-02
    1448 7.8036E-01 4.8873E-04  (-0.361    , -1.302E-03,   0.00    ) |  4.887E-04 1.085E-02
    1449 7.8085E-01 4.8872E-04  (-0.361    , -1.302E-03,   0.00    ) |  4.887E-04 1.085E-02
    1450 7.8133E-01 4.8871E-04  (-0.361    , -1.302E-03,   0.00    ) |  4.887E-04 1.085E-02
    1451 7.8182E-01 4.8871E-04  (-0.361    , -1.302E-03,   0.00    ) |  4.887E-04 1.085E-02
    1452 7.8231E-01 4.8870E-04  (-0.361    , -1.302E-03,   0.00    ) |  4.887E-04 1.085E-02
    1453 7.8280E-01 4.8869E-04  (-0.361    , -1.302E-03,   0.00    ) |  4.887E-04 1.085E-02
    1454 7.8329E-01 4.8869E-04  (-0.361    , -1.302E-03,   0.00    ) |  4.887E-04 1.085E-02
    1455 7.8378E-01 4.8868E-04  (-0.361    , -1.302E-03,   0.00    ) |  4.887E-04 1.085E-02
    1456 7.8427E-01 4.8867E-04  (-0.361    , -1.302E-03,   0.00    ) |  4.887E-04 1.085E-02
    1457 7.8476E-01 4.8867E-04  (-0.361    , -1.302E-03,   0.00    ) |  4.887E-04 1.085E-02
    1458 7.8524E-01 4.8866E-04  (-0.361    ,  1.302E-03,   0.00    ) |  4.887E-04 1.085E-02
    1459 7.8573E-01 4.8865E-04  (-0.361    , -1.302E-03,   0.00    ) |  4.887E-04 1.085E-02
    1460 7.8622E-01 4.8865E-04  (-0.361    , -1.302E-03,   0.00    ) |  4.886E-04 1.085E-02
    1461 7.8671E-01 4.8864E-04  (-0.361    , -1.302E-03,   0.00    ) |  4.886E-04 1.085E-02
    1462 7.8720E-01 4.8864E-04  (-0.361    , -1.302E-03,   0.00    ) |  4.886E-04 1.085E-02
    1463 7.8769E-01 4.8863E-04  (-0.361    ,  1.302E-03,   0.00    ) |  4.886E-04 1.085E-02
    1464 7.8818E-01 4.8862E-04  (-0.361    ,  1.302E-03,   0.00    ) |  4.886E-04 1.085E-02
    1465 7.8866E-01 4.8862E-04  (-0.361    ,  1.302E-03,   0.00    ) |  4.886E-04 1.085E-02
    1466 7.8915E-01 4.8861E-04  (-0.361    ,  1.302E-03,   0.00    ) |  4.886E-04 1.085E-02
    1467 7.8964E-01 4.8861E-04  (-0.361    , -1.302E-03,   0.00    ) |  4.886E-04 1.085E-02
    1468 7.9013E-01 4.8860E-04  (-0.361    , -1.302E-03,   0.00    ) |  4.886E-04 1.085E-02
    1469 7.9062E-01 4.8859E-04  (-0.361    , -1.302E-03,   0.00    ) |  4.886E-04 1.085E-02
    1470 7.9111E-01 4.8859E-04  (-0.361    , -1.302E-03,   0.00    ) |  4.886E-04 1.085E-02
    1471 7.9160E-01 4.8858E-04  (-0.361    , -1.302E-03,   0.00    ) |  4.886E-04 1.085E-02
    1472 7.9209E-01 4.8858E-04  (-0.361    , -1.302E-03,   0.00    ) |  4.886E-04 1.085E-02
    1473 7.9257E-01 4.8857E-04  (-0.361    ,  1.302E-03,   0.00    ) |  4.886E-04 1.085E-02
    1474 7.9306E-01 4.8857E-04  (-0.361    , -1.302E-03,   0.00    ) |  4.886E-04 1.085E-02
    1475 7.9355E-01 4.8856E-04  (-0.361    , -1.302E-03,   0.00    ) |  4.886E-04 1.085E-02
    1476 7.9404E-01 4.8856E-04  (-0.361    ,  1.302E-03,   0.00    ) |  4.886E-04 1.085E-02
    1477 7.9453E-01 4.8855E-04  (-0.361    , -1.302E-03,   0.00    ) |  4.886E-04 1.085E-02
    1478 7.9502E-01 4.8855E-04  (-0.361    , -1.302E-03,   0.00    ) |  4.885E-04 1.085E-02
    1479 7.9551E-01 4.8855E-04  (-0.361    ,  1.302E-03,   0.00    ) |  4.885E-04 1.085E-02
    1480 7.9599E-01 4.8854E-04  (-0.361    , -1.302E-03,   0.00    ) |  4.885E-04 1.085E-02
    1481 7.9648E-01 4.8854E-04  (-0.361    , -1.302E-03,   0.00    ) |  4.885E-04 1.085E-02
    1482 7.9697E-01 4.8853E-04  (-0.361    ,  1.302E-03,   0.00    ) |  4.885E-04 1.085E-02
    1483 7.9746E-01 4.8853E-04  (-0.361    , -1.302E-03,   0.00    ) |  4.885E-04 1.085E-02
    1484 7.9795E-01 4.8852E-04  (-0.361    , -1.302E-03,   0.00    ) |  4.885E-04 1.085E-02
    1485 7.9844E-01 4.8852E-04  (-0.361    ,  1.302E-03,   0.00    ) |  4.885E-04 1.085E-02
    1486 7.9892E-01 4.8852E-04  (-0.361    ,  1.302E-03,   0.00    ) |  4.885E-04 1.085E-02
    1487 7.9941E-01 4.8851E-04  (-0.361    ,  1.302E-03,   0.00    ) |  4.885E-04 1.085E-02
    1488 7.9990E-01 4.8851E-04  (-0.361    ,  1.302E-03,   0.00    ) |  4.885E-04 1.085E-02
 *** Wrote plotfile to flash_run_hdf5_plt_cnt_0032 ****
    1489 8.0039E-01 4.8851E-04  (-0.361    ,  1.302E-03,   0.00    ) |  4.885E-04 1.085E-02
    1490 8.0088E-01 4.8850E-04  (-0.361    ,  1.302E-03,   0.00    ) |  4.885E-04 1.085E-02
    1491 8.0137E-01 4.8850E-04  (-0.361    ,  1.302E-03,   0.00    ) |  4.885E-04 1.085E-02
    1492 8.0186E-01 4.8850E-04  (-0.361    ,  1.302E-03,   0.00    ) |  4.885E-04 1.085E-02
    1493 8.0234E-01 4.8849E-04  (-0.361    ,  1.302E-03,   0.00    ) |  4.885E-04 1.085E-02
    1494 8.0283E-01 4.8849E-04  (-0.361    ,  1.302E-03,   0.00    ) |  4.885E-04 1.085E-02
    1495 8.0332E-01 4.8849E-04  (-0.361    ,  1.302E-03,   0.00    ) |  4.885E-04 1.085E-02
    1496 8.0381E-01 4.8848E-04  (-0.361    ,  1.302E-03,   0.00    ) |  4.885E-04 1.085E-02
    1497 8.0430E-01 4.8848E-04  (-0.361    ,  1.302E-03,   0.00    ) |  4.885E-04 1.085E-02
    1498 8.0479E-01 4.8848E-04  (-0.361    ,  1.302E-03,   0.00    ) |  4.885E-04 1.085E-02
    1499 8.0528E-01 4.8847E-04  (-0.361    ,  1.302E-03,   0.00    ) |  4.885E-04 1.085E-02
    1500 8.0576E-01 4.8847E-04  (-0.361    ,  1.302E-03,   0.00    ) |  4.885E-04 1.085E-02
    1501 8.0625E-01 4.8847E-04  (-0.361    ,  1.302E-03,   0.00    ) |  4.885E-04 1.085E-02
    1502 8.0674E-01 4.8847E-04  (-0.361    ,  1.302E-03,   0.00    ) |  4.885E-04 1.085E-02
    1503 8.0723E-01 4.8847E-04  (-0.361    ,  1.302E-03,   0.00    ) |  4.885E-04 1.085E-02
    1504 8.0772E-01 4.8846E-04  (-0.361    ,  1.302E-03,   0.00    ) |  4.885E-04 1.085E-02
    1505 8.0821E-01 4.8846E-04  (-0.361    ,  1.302E-03,   0.00    ) |  4.885E-04 1.085E-02
    1506 8.0869E-01 4.8846E-04  (-0.358    ,  1.302E-03,   0.00    ) |  4.885E-04 1.085E-02
    1507 8.0918E-01 4.8846E-04  (-0.358    ,  1.302E-03,   0.00    ) |  4.885E-04 1.085E-02
    1508 8.0967E-01 4.8846E-04  (-0.358    ,  1.302E-03,   0.00    ) |  4.885E-04 1.085E-02
    1509 8.1016E-01 4.8846E-04  (-0.358    ,  1.302E-03,   0.00    ) |  4.885E-04 1.085E-02
    1510 8.1065E-01 4.8845E-04  (-0.358    ,  1.302E-03,   0.00    ) |  4.885E-04 1.085E-02
    1511 8.1114E-01 4.8845E-04  (-0.358    ,  1.302E-03,   0.00    ) |  4.885E-04 1.085E-02
    1512 8.1163E-01 4.8845E-04  (-0.358    ,  1.302E-03,   0.00    ) |  4.885E-04 1.085E-02
    1513 8.1211E-01 4.8845E-04  (-0.358    ,  1.302E-03,   0.00    ) |  4.884E-04 1.085E-02
    1514 8.1260E-01 4.8845E-04  (-0.358    ,  1.302E-03,   0.00    ) |  4.884E-04 1.085E-02
    1515 8.1309E-01 4.8845E-04  (-0.358    ,  1.302E-03,   0.00    ) |  4.884E-04 1.085E-02
    1516 8.1358E-01 4.8845E-04  (-0.358    ,  1.302E-03,   0.00    ) |  4.884E-04 1.085E-02
    1517 8.1407E-01 4.8844E-04  (-0.358    ,  1.302E-03,   0.00    ) |  4.884E-04 1.085E-02
    1518 8.1456E-01 4.8844E-04  (-0.358    ,  1.302E-03,   0.00    ) |  4.884E-04 1.085E-02
    1519 8.1504E-01 4.8844E-04  (-0.358    ,  1.302E-03,   0.00    ) |  4.884E-04 1.085E-02
    1520 8.1553E-01 4.8844E-04  (-0.358    ,  1.302E-03,   0.00    ) |  4.884E-04 1.085E-02
    1521 8.1602E-01 4.8844E-04  (-0.358    ,  1.302E-03,   0.00    ) |  4.884E-04 1.085E-02
    1522 8.1651E-01 4.8844E-04  (-0.358    ,  1.302E-03,   0.00    ) |  4.884E-04 1.085E-02
    1523 8.1700E-01 4.8844E-04  (-0.358    ,  1.302E-03,   0.00    ) |  4.884E-04 1.085E-02
    1524 8.1749E-01 4.8844E-04  (-0.358    ,  1.302E-03,   0.00    ) |  4.884E-04 1.085E-02
    1525 8.1798E-01 4.8844E-04  (-0.358    ,  1.302E-03,   0.00    ) |  4.884E-04 1.085E-02
    1526 8.1846E-01 4.8844E-04  (-0.358    ,  1.302E-03,   0.00    ) |  4.884E-04 1.085E-02
    1527 8.1895E-01 4.8844E-04  (-0.358    ,  1.302E-03,   0.00    ) |  4.884E-04 1.085E-02
    1528 8.1944E-01 4.8844E-04  (-0.358    ,  1.302E-03,   0.00    ) |  4.884E-04 1.085E-02
    1529 8.1993E-01 4.8844E-04  (-0.358    ,  1.302E-03,   0.00    ) |  4.884E-04 1.085E-02
    1530 8.2042E-01 4.8844E-04  (-0.358    ,  1.302E-03,   0.00    ) |  4.884E-04 1.085E-02
    1531 8.2091E-01 4.8844E-04  (-0.358    ,  1.302E-03,   0.00    ) |  4.884E-04 1.085E-02
    1532 8.2139E-01 4.8844E-04  (-0.358    ,  1.302E-03,   0.00    ) |  4.884E-04 1.085E-02
    1533 8.2188E-01 4.8844E-04  (-0.358    ,  1.302E-03,   0.00    ) |  4.884E-04 1.085E-02
    1534 8.2237E-01 4.8844E-04  (-0.358    ,  1.302E-03,   0.00    ) |  4.884E-04 1.085E-02
    1535 8.2286E-01 4.8844E-04  (-0.358    ,  1.302E-03,   0.00    ) |  4.884E-04 1.085E-02
    1536 8.2335E-01 4.8844E-04  (-0.358    ,  1.302E-03,   0.00    ) |  4.884E-04 1.085E-02
    1537 8.2384E-01 4.8844E-04  (-0.358    ,  1.302E-03,   0.00    ) |  4.884E-04 1.085E-02
    1538 8.2432E-01 4.8845E-04  (-0.358    ,  1.302E-03,   0.00    ) |  4.884E-04 1.085E-02
    1539 8.2481E-01 4.8845E-04  (-0.358    ,  1.302E-03,   0.00    ) |  4.884E-04 1.085E-02
 *** Wrote plotfile to flash_run_hdf5_plt_cnt_0033 ****
    1540 8.2530E-01 4.8845E-04  (-0.358    ,  1.302E-03,   0.00    ) |  4.884E-04 1.085E-02
    1541 8.2579E-01 4.8845E-04  (-0.358    ,  1.302E-03,   0.00    ) |  4.884E-04 1.085E-02
    1542 8.2628E-01 4.8845E-04  (-0.358    ,  1.302E-03,   0.00    ) |  4.885E-04 1.085E-02
    1543 8.2677E-01 4.8845E-04  (-0.358    ,  1.302E-03,   0.00    ) |  4.885E-04 1.085E-02
    1544 8.2726E-01 4.8845E-04  (-0.358    ,  1.302E-03,   0.00    ) |  4.885E-04 1.085E-02
    1545 8.2774E-01 4.8846E-04  (-0.358    ,  1.302E-03,   0.00    ) |  4.885E-04 1.085E-02
    1546 8.2823E-01 4.8846E-04  (-0.358    ,  1.302E-03,   0.00    ) |  4.885E-04 1.085E-02
    1547 8.2872E-01 4.8846E-04  (-0.358    ,  1.302E-03,   0.00    ) |  4.885E-04 1.085E-02
    1548 8.2921E-01 4.8846E-04  (-0.358    ,  1.302E-03,   0.00    ) |  4.885E-04 1.085E-02
    1549 8.2970E-01 4.8846E-04  (-0.358    ,  1.302E-03,   0.00    ) |  4.885E-04 1.085E-02
    1550 8.3019E-01 4.8847E-04  (-0.358    ,  1.302E-03,   0.00    ) |  4.885E-04 1.085E-02
    1551 8.3067E-01 4.8847E-04  (-0.358    ,  1.302E-03,   0.00    ) |  4.885E-04 1.085E-02
    1552 8.3116E-01 4.8847E-04  (-0.358    ,  1.302E-03,   0.00    ) |  4.885E-04 1.085E-02
    1553 8.3165E-01 4.8847E-04  (-0.358    ,  1.302E-03,   0.00    ) |  4.885E-04 1.085E-02
    1554 8.3214E-01 4.8848E-04  (-0.358    ,  1.302E-03,   0.00    ) |  4.885E-04 1.085E-02
    1555 8.3263E-01 4.8848E-04  (-0.358    ,  1.302E-03,   0.00    ) |  4.885E-04 1.085E-02
    1556 8.3312E-01 4.8848E-04  (-0.358    ,  1.302E-03,   0.00    ) |  4.885E-04 1.085E-02
    1557 8.3361E-01 4.8848E-04  (-0.358    ,  1.302E-03,   0.00    ) |  4.885E-04 1.085E-02
    1558 8.3409E-01 4.8849E-04  (-0.358    ,  1.302E-03,   0.00    ) |  4.885E-04 1.085E-02
    1559 8.3458E-01 4.8849E-04  (-0.358    ,  1.302E-03,   0.00    ) |  4.885E-04 1.085E-02
    1560 8.3507E-01 4.8849E-04  (-0.358    ,  1.302E-03,   0.00    ) |  4.885E-04 1.085E-02
    1561 8.3556E-01 4.8850E-04  (-0.358    , -1.302E-03,   0.00    ) |  4.885E-04 1.085E-02
    1562 8.3605E-01 4.8850E-04  (-0.358    ,  1.302E-03,   0.00    ) |  4.885E-04 1.085E-02
    1563 8.3654E-01 4.8850E-04  (-0.358    ,  1.302E-03,   0.00    ) |  4.885E-04 1.085E-02
    1564 8.3703E-01 4.8851E-04  (-0.358    ,  1.302E-03,   0.00    ) |  4.885E-04 1.085E-02
    1565 8.3751E-01 4.8851E-04  (-0.358    ,  1.302E-03,   0.00    ) |  4.885E-04 1.085E-02
    1566 8.3800E-01 4.8851E-04  (-0.358    ,  1.302E-03,   0.00    ) |  4.885E-04 1.085E-02
    1567 8.3849E-01 4.8852E-04  (-0.358    ,  1.302E-03,   0.00    ) |  4.885E-04 1.085E-02
    1568 8.3898E-01 4.8852E-04  (-0.355    , -1.302E-03,   0.00    ) |  4.885E-04 1.085E-02
    1569 8.3947E-01 4.8852E-04  (-0.355    , -1.302E-03,   0.00    ) |  4.885E-04 1.085E-02
    1570 8.3996E-01 4.8853E-04  (-0.355    , -1.302E-03,   0.00    ) |  4.885E-04 1.085E-02
    1571 8.4044E-01 4.8853E-04  (-0.355    , -1.302E-03,   0.00    ) |  4.885E-04 1.085E-02
    1572 8.4093E-01 4.8854E-04  (-0.355    , -1.302E-03,   0.00    ) |  4.885E-04 1.085E-02
    1573 8.4142E-01 4.8854E-04  (-0.355    , -1.302E-03,   0.00    ) |  4.885E-04 1.085E-02
    1574 8.4191E-01 4.8854E-04  (-0.355    , -1.302E-03,   0.00    ) |  4.885E-04 1.085E-02
    1575 8.4240E-01 4.8855E-04  (-0.355    , -1.302E-03,   0.00    ) |  4.885E-04 1.085E-02
    1576 8.4289E-01 4.8855E-04  (-0.355    , -1.302E-03,   0.00    ) |  4.886E-04 1.085E-02
    1577 8.4338E-01 4.8856E-04  (-0.355    ,  1.302E-03,   0.00    ) |  4.886E-04 1.085E-02
    1578 8.4386E-01 4.8856E-04  (-0.355    ,  1.302E-03,   0.00    ) |  4.886E-04 1.085E-02
    1579 8.4435E-01 4.8856E-04  (-0.355    ,  1.302E-03,   0.00    ) |  4.886E-04 1.085E-02
    1580 8.4484E-01 4.8857E-04  (-0.355    ,  1.302E-03,   0.00    ) |  4.886E-04 1.085E-02
    1581 8.4533E-01 4.8857E-04  (-0.355    , -1.302E-03,   0.00    ) |  4.886E-04 1.085E-02
    1582 8.4582E-01 4.8858E-04  (-0.355    , -1.302E-03,   0.00    ) |  4.886E-04 1.085E-02
    1583 8.4631E-01 4.8858E-04  (-0.355    ,  1.302E-03,   0.00    ) |  4.886E-04 1.085E-02
    1584 8.4680E-01 4.8859E-04  (-0.355    ,  1.302E-03,   0.00    ) |  4.886E-04 1.085E-02
    1585 8.4728E-01 4.8859E-04  (-0.355    , -1.302E-03,   0.00    ) |  4.886E-04 1.085E-02
    1586 8.4777E-01 4.8860E-04  (-0.355    , -1.302E-03,   0.00    ) |  4.886E-04 1.085E-02
    1587 8.4826E-01 4.8860E-04  (-0.355    , -1.302E-03,   0.00    ) |  4.886E-04 1.085E-02
    1588 8.4875E-01 4.8861E-04  (-0.355    ,  1.302E-03,   0.00    ) |  4.886E-04 1.085E-02
    1589 8.4924E-01 4.8861E-04  (-0.355    ,  1.302E-03,   0.00    ) |  4.886E-04 1.085E-02
    1590 8.4973E-01 4.8862E-04  (-0.355    , -1.302E-03,   0.00    ) |  4.886E-04 1.085E-02
 *** Wrote plotfile to flash_run_hdf5_plt_cnt_0034 ****
    1591 8.5022E-01 4.8862E-04  ( 0.355    , -1.302E-03,   0.00    ) |  4.886E-04 1.085E-02
    1592 8.5070E-01 4.8863E-04  ( 0.355    , -1.302E-03,   0.00    ) |  4.886E-04 1.085E-02
    1593 8.5119E-01 4.8863E-04  ( 0.355    , -1.302E-03,   0.00    ) |  4.886E-04 1.085E-02
    1594 8.5168E-01 4.8864E-04  ( 0.355    , -1.302E-03,   0.00    ) |  4.886E-04 1.085E-02
    1595 8.5217E-01 4.8865E-04  ( 0.355    ,  1.302E-03,   0.00    ) |  4.886E-04 1.085E-02
    1596 8.5266E-01 4.8865E-04  ( 0.355    ,  1.302E-03,   0.00    ) |  4.887E-04 1.085E-02
    1597 8.5315E-01 4.8866E-04  ( 0.355    , -1.302E-03,   0.00    ) |  4.887E-04 1.085E-02
    1598 8.5364E-01 4.8866E-04  ( 0.355    ,  1.302E-03,   0.00    ) |  4.887E-04 1.085E-02
    1599 8.5413E-01 4.8867E-04  ( 0.355    ,  1.302E-03,   0.00    ) |  4.887E-04 1.085E-02
    1600 8.5461E-01 4.8867E-04  ( 0.355    ,  1.302E-03,   0.00    ) |  4.887E-04 1.085E-02
    1601 8.5510E-01 4.8868E-04  ( 0.355    ,  1.302E-03,   0.00    ) |  4.887E-04 1.085E-02
    1602 8.5559E-01 4.8868E-04  ( 0.355    ,  1.302E-03,   0.00    ) |  4.887E-04 1.085E-02
    1603 8.5608E-01 4.8869E-04  ( 0.355    ,  1.302E-03,   0.00    ) |  4.887E-04 1.085E-02
    1604 8.5657E-01 4.8869E-04  ( 0.355    , -1.302E-03,   0.00    ) |  4.887E-04 1.085E-02
    1605 8.5706E-01 4.8870E-04  ( 0.355    ,  1.302E-03,   0.00    ) |  4.887E-04 1.085E-02
    1606 8.5755E-01 4.8870E-04  ( 0.355    ,  1.302E-03,   0.00    ) |  4.887E-04 1.085E-02
    1607 8.5803E-01 4.8871E-04  ( 0.355    ,  1.302E-03,   0.00    ) |  4.887E-04 1.085E-02
    1608 8.5852E-01 4.8871E-04  ( 0.355    ,  1.302E-03,   0.00    ) |  4.887E-04 1.085E-02
    1609 8.5901E-01 4.8872E-04  ( 0.355    ,  1.302E-03,   0.00    ) |  4.887E-04 1.085E-02
    1610 8.5950E-01 4.8872E-04  ( 0.355    , -1.302E-03,   0.00    ) |  4.887E-04 1.085E-02
    1611 8.5999E-01 4.8873E-04  ( 0.355    ,  1.302E-03,   0.00    ) |  4.887E-04 1.085E-02
    1612 8.6048E-01 4.8874E-04  ( 0.355    ,  1.302E-03,   0.00    ) |  4.887E-04 1.085E-02
    1613 8.6097E-01 4.8874E-04  ( 0.355    ,  1.302E-03,   0.00    ) |  4.887E-04 1.085E-02
    1614 8.6146E-01 4.8875E-04  ( 0.355    ,  1.302E-03,   0.00    ) |  4.887E-04 1.085E-02
    1615 8.6194E-01 4.8876E-04  ( 0.355    ,  1.302E-03,   0.00    ) |  4.888E-04 1.085E-02
    1616 8.6243E-01 4.8876E-04  ( 0.355    ,  1.302E-03,   0.00    ) |  4.888E-04 1.085E-02
    1617 8.6292E-01 4.8877E-04  ( 0.355    ,  1.302E-03,   0.00    ) |  4.888E-04 1.085E-02
    1618 8.6341E-01 4.8878E-04  ( 0.355    ,  1.302E-03,   0.00    ) |  4.888E-04 1.085E-02
    1619 8.6390E-01 4.8879E-04  ( 0.355    ,  1.302E-03,   0.00    ) |  4.888E-04 1.085E-02
    1620 8.6439E-01 4.8879E-04  ( 0.355    ,  1.302E-03,   0.00    ) |  4.888E-04 1.085E-02
    1621 8.6488E-01 4.8880E-04  ( 0.355    , -1.302E-03,   0.00    ) |  4.888E-04 1.085E-02
    1622 8.6537E-01 4.8881E-04  ( 0.355    ,  1.302E-03,   0.00    ) |  4.888E-04 1.085E-02
    1623 8.6585E-01 4.8881E-04  ( 0.355    ,  1.302E-03,   0.00    ) |  4.888E-04 1.085E-02
    1624 8.6634E-01 4.8882E-04  ( 0.355    ,  1.302E-03,   0.00    ) |  4.888E-04 1.085E-02
    1625 8.6683E-01 4.8883E-04  ( 0.355    , -1.302E-03,   0.00    ) |  4.888E-04 1.085E-02
    1626 8.6732E-01 4.8883E-04  ( 0.355    , -1.302E-03,   0.00    ) |  4.888E-04 1.085E-02
    1627 8.6781E-01 4.8884E-04  ( 0.355    , -1.302E-03,   0.00    ) |  4.888E-04 1.085E-02
    1628 8.6830E-01 4.8885E-04  ( 0.355    ,  1.302E-03,   0.00    ) |  4.888E-04 1.085E-02
    1629 8.6879E-01 4.8885E-04  ( 0.355    , -1.302E-03,   0.00    ) |  4.889E-04 1.085E-02
    1630 8.6928E-01 4.8886E-04  ( 0.355    , -1.302E-03,   0.00    ) |  4.889E-04 1.085E-02
    1631 8.6977E-01 4.8887E-04  ( 0.355    , -1.302E-03,   0.00    ) |  4.889E-04 1.085E-02
    1632 8.7025E-01 4.8887E-04  ( 0.355    , -1.302E-03,   0.00    ) |  4.889E-04 1.085E-02
    1633 8.7074E-01 4.8888E-04  ( 0.355    , -1.302E-03,   0.00    ) |  4.889E-04 1.085E-02
    1634 8.7123E-01 4.8889E-04  ( 0.355    , -1.302E-03,   0.00    ) |  4.889E-04 1.085E-02
    1635 8.7172E-01 4.8889E-04  ( 0.355    ,  1.302E-03,   0.00    ) |  4.889E-04 1.085E-02
    1636 8.7221E-01 4.8890E-04  ( 0.355    ,  1.302E-03,   0.00    ) |  4.889E-04 1.085E-02
    1637 8.7270E-01 4.8890E-04  ( 0.355    ,  1.302E-03,   0.00    ) |  4.889E-04 1.085E-02
    1638 8.7319E-01 4.8891E-04  ( 0.355    ,  1.302E-03,   0.00    ) |  4.889E-04 1.085E-02
    1639 8.7368E-01 4.8892E-04  ( 0.355    ,  1.302E-03,   0.00    ) |  4.889E-04 1.085E-02
    1640 8.7417E-01 4.8892E-04  ( 0.355    ,  1.302E-03,   0.00    ) |  4.889E-04 1.085E-02
    1641 8.7465E-01 4.8893E-04  ( 0.353    ,  1.302E-03,   0.00    ) |  4.889E-04 1.085E-02
 *** Wrote plotfile to flash_run_hdf5_plt_cnt_0035 ****
    1642 8.7514E-01 4.8893E-04  ( 0.353    ,  1.302E-03,   0.00    ) |  4.889E-04 1.085E-02
    1643 8.7563E-01 4.8894E-04  ( 0.353    ,  1.302E-03,   0.00    ) |  4.889E-04 1.085E-02
    1644 8.7612E-01 4.8895E-04  ( 0.353    ,  1.302E-03,   0.00    ) |  4.889E-04 1.085E-02
    1645 8.7661E-01 4.8895E-04  ( 0.353    ,  1.302E-03,   0.00    ) |  4.890E-04 1.085E-02
    1646 8.7710E-01 4.8896E-04  ( 0.353    ,  1.302E-03,   0.00    ) |  4.890E-04 1.085E-02
    1647 8.7759E-01 4.8897E-04  ( 0.353    ,  1.302E-03,   0.00    ) |  4.890E-04 1.085E-02
    1648 8.7808E-01 4.8898E-04  ( 0.353    ,  1.302E-03,   0.00    ) |  4.890E-04 1.085E-02
    1649 8.7857E-01 4.8898E-04  ( 0.353    ,  1.302E-03,   0.00    ) |  4.890E-04 1.085E-02
    1650 8.7906E-01 4.8899E-04  ( 0.353    , -1.302E-03,   0.00    ) |  4.890E-04 1.085E-02
    1651 8.7954E-01 4.8900E-04  ( 0.353    , -1.302E-03,   0.00    ) |  4.890E-04 1.085E-02
    1652 8.8003E-01 4.8901E-04  ( 0.353    , -1.302E-03,   0.00    ) |  4.890E-04 1.085E-02
    1653 8.8052E-01 4.8901E-04  ( 0.353    , -1.302E-03,   0.00    ) |  4.890E-04 1.085E-02
    1654 8.8101E-01 4.8902E-04  ( 0.353    ,  1.302E-03,   0.00    ) |  4.890E-04 1.085E-02
    1655 8.8150E-01 4.8903E-04  ( 0.353    ,  1.302E-03,   0.00    ) |  4.890E-04 1.085E-02
    1656 8.8199E-01 4.8904E-04  ( 0.353    ,  1.302E-03,   0.00    ) |  4.890E-04 1.085E-02
    1657 8.8248E-01 4.8904E-04  ( 0.353    ,  1.302E-03,   0.00    ) |  4.890E-04 1.085E-02
    1658 8.8297E-01 4.8905E-04  ( 0.353    ,  1.302E-03,   0.00    ) |  4.891E-04 1.085E-02
    1659 8.8346E-01 4.8906E-04  ( 0.353    ,  1.302E-03,   0.00    ) |  4.891E-04 1.085E-02
    1660 8.8395E-01 4.8907E-04  ( 0.353    , -1.302E-03,   0.00    ) |  4.891E-04 1.085E-02
    1661 8.8443E-01 4.8907E-04  ( 0.353    , -1.302E-03,   0.00    ) |  4.891E-04 1.085E-02
    1662 8.8492E-01 4.8908E-04  ( 0.353    , -1.302E-03,   0.00    ) |  4.891E-04 1.085E-02
    1663 8.8541E-01 4.8909E-04  ( 0.353    , -1.302E-03,   0.00    ) |  4.891E-04 1.085E-02
    1664 8.8590E-01 4.8910E-04  ( 0.353    , -1.302E-03,   0.00    ) |  4.891E-04 1.085E-02
    1665 8.8639E-01 4.8910E-04  ( 0.353    , -1.302E-03,   0.00    ) |  4.891E-04 1.085E-02
    1666 8.8688E-01 4.8911E-04  ( 0.353    , -1.302E-03,   0.00    ) |  4.891E-04 1.085E-02
    1667 8.8737E-01 4.8912E-04  ( 0.353    , -1.302E-03,   0.00    ) |  4.891E-04 1.085E-02
    1668 8.8786E-01 4.8913E-04  ( 0.353    , -1.302E-03,   0.00    ) |  4.891E-04 1.085E-02
    1669 8.8835E-01 4.8913E-04  ( 0.353    , -1.302E-03,   0.00    ) |  4.891E-04 1.085E-02
    1670 8.8884E-01 4.8914E-04  ( 0.353    , -1.302E-03,   0.00    ) |  4.891E-04 1.085E-02
    1671 8.8933E-01 4.8915E-04  ( 0.353    , -1.302E-03,   0.00    ) |  4.892E-04 1.085E-02
    1672 8.8981E-01 4.8916E-04  ( 0.353    , -1.302E-03,   0.00    ) |  4.892E-04 1.085E-02
    1673 8.9030E-01 4.8917E-04  ( 0.353    , -1.302E-03,   0.00    ) |  4.892E-04 1.085E-02
    1674 8.9079E-01 4.8917E-04  ( 0.353    , -1.302E-03,   0.00    ) |  4.892E-04 1.085E-02
    1675 8.9128E-01 4.8918E-04  ( 0.353    ,  1.302E-03,   0.00    ) |  4.892E-04 1.085E-02
    1676 8.9177E-01 4.8919E-04  ( 0.353    ,  1.302E-03,   0.00    ) |  4.892E-04 1.085E-02
    1677 8.9226E-01 4.8920E-04  ( 0.353    ,  1.302E-03,   0.00    ) |  4.892E-04 1.085E-02
    1678 8.9275E-01 4.8921E-04  ( 0.353    ,  1.302E-03,   0.00    ) |  4.892E-04 1.085E-02
    1679 8.9324E-01 4.8922E-04  ( 0.353    ,  1.302E-03,   0.00    ) |  4.892E-04 1.085E-02
    1680 8.9373E-01 4.8922E-04  ( 0.353    ,  1.302E-03,   0.00    ) |  4.892E-04 1.085E-02
    1681 8.9422E-01 4.8923E-04  ( 0.353    ,  1.302E-03,   0.00    ) |  4.892E-04 1.085E-02
    1682 8.9471E-01 4.8924E-04  ( 0.353    ,  1.302E-03,   0.00    ) |  4.892E-04 1.085E-02
    1683 8.9520E-01 4.8925E-04  ( 0.353    ,  1.302E-03,   0.00    ) |  4.892E-04 1.085E-02
    1684 8.9568E-01 4.8926E-04  ( 0.353    ,  1.302E-03,   0.00    ) |  4.893E-04 1.085E-02
    1685 8.9617E-01 4.8927E-04  ( 0.353    ,  1.302E-03,   0.00    ) |  4.893E-04 1.085E-02
    1686 8.9666E-01 4.8927E-04  ( 0.353    ,  1.302E-03,   0.00    ) |  4.893E-04 1.085E-02
    1687 8.9715E-01 4.8928E-04  ( 0.353    , -1.302E-03,   0.00    ) |  4.893E-04 1.085E-02
    1688 8.9764E-01 4.8929E-04  ( 0.353    , -1.302E-03,   0.00    ) |  4.893E-04 1.085E-02
    1689 8.9813E-01 4.8930E-04  ( 0.353    ,  1.302E-03,   0.00    ) |  4.893E-04 1.085E-02
    1690 8.9862E-01 4.8931E-04  ( 0.353    , -1.302E-03,   0.00    ) |  4.893E-04 1.085E-02
    1691 8.9911E-01 4.8931E-04  ( 0.353    , -1.302E-03,   0.00    ) |  4.893E-04 1.085E-02
    1692 8.9960E-01 4.8932E-04  ( 0.353    , -1.302E-03,   0.00    ) |  4.893E-04 1.085E-02
 *** Wrote plotfile to flash_run_hdf5_plt_cnt_0036 ****
    1693 9.0009E-01 4.8933E-04  ( 0.353    , -1.302E-03,   0.00    ) |  4.893E-04 1.085E-02
    1694 9.0058E-01 4.8934E-04  ( 0.353    , -1.302E-03,   0.00    ) |  4.893E-04 1.085E-02
    1695 9.0107E-01 4.8935E-04  ( 0.353    , -1.302E-03,   0.00    ) |  4.893E-04 1.085E-02
    1696 9.0156E-01 4.8935E-04  ( 0.353    , -1.302E-03,   0.00    ) |  4.894E-04 1.085E-02
    1697 9.0205E-01 4.8936E-04  ( 0.353    , -1.302E-03,   0.00    ) |  4.894E-04 1.085E-02
    1698 9.0254E-01 4.8937E-04  ( 0.353    , -1.302E-03,   0.00    ) |  4.894E-04 1.085E-02
    1699 9.0302E-01 4.8938E-04  ( 0.353    , -1.302E-03,   0.00    ) |  4.894E-04 1.085E-02
    1700 9.0351E-01 4.8939E-04  ( 0.353    , -1.302E-03,   0.00    ) |  4.894E-04 1.085E-02
    1701 9.0400E-01 4.8940E-04  ( 0.353    , -1.302E-03,   0.00    ) |  4.894E-04 1.085E-02
    1702 9.0449E-01 4.8940E-04  ( 0.353    , -1.302E-03,   0.00    ) |  4.894E-04 1.085E-02
    1703 9.0498E-01 4.8941E-04  ( 0.353    , -1.302E-03,   0.00    ) |  4.894E-04 1.085E-02
    1704 9.0547E-01 4.8942E-04  ( 0.353    , -1.302E-03,   0.00    ) |  4.894E-04 1.085E-02
    1705 9.0596E-01 4.8943E-04  ( 0.353    , -1.302E-03,   0.00    ) |  4.894E-04 1.085E-02
    1706 9.0645E-01 4.8943E-04  ( 0.353    , -1.302E-03,   0.00    ) |  4.894E-04 1.085E-02
    1707 9.0694E-01 4.8944E-04  ( 0.353    , -1.302E-03,   0.00    ) |  4.894E-04 1.085E-02
    1708 9.0743E-01 4.8945E-04  ( 0.353    , -1.302E-03,   0.00    ) |  4.895E-04 1.085E-02
    1709 9.0792E-01 4.8946E-04  ( 0.353    , -1.302E-03,   0.00    ) |  4.895E-04 1.085E-02
    1710 9.0841E-01 4.8947E-04  ( 0.353    , -1.302E-03,   0.00    ) |  4.895E-04 1.085E-02
    1711 9.0890E-01 4.8948E-04  ( 0.353    , -1.302E-03,   0.00    ) |  4.895E-04 1.085E-02
    1712 9.0939E-01 4.8948E-04  ( 0.353    , -1.302E-03,   0.00    ) |  4.895E-04 1.085E-02
    1713 9.0988E-01 4.8949E-04  ( 0.353    , -1.302E-03,   0.00    ) |  4.895E-04 1.085E-02
    1714 9.1037E-01 4.8950E-04  ( 0.353    , -1.302E-03,   0.00    ) |  4.895E-04 1.085E-02
    1715 9.1086E-01 4.8951E-04  ( 0.353    , -1.302E-03,   0.00    ) |  4.895E-04 1.085E-02
    1716 9.1135E-01 4.8952E-04  ( 0.353    , -1.302E-03,   0.00    ) |  4.895E-04 1.085E-02
    1717 9.1183E-01 4.8953E-04  ( 0.353    , -1.302E-03,   0.00    ) |  4.895E-04 1.085E-02
    1718 9.1232E-01 4.8954E-04  ( 0.353    , -1.302E-03,   0.00    ) |  4.895E-04 1.085E-02
    1719 9.1281E-01 4.8955E-04  ( 0.353    , -1.302E-03,   0.00    ) |  4.895E-04 1.085E-02
    1720 9.1330E-01 4.8956E-04  ( 0.353    , -1.302E-03,   0.00    ) |  4.896E-04 1.085E-02
    1721 9.1379E-01 4.8957E-04  ( 0.353    , -1.302E-03,   0.00    ) |  4.896E-04 1.085E-02
    1722 9.1428E-01 4.8958E-04  ( 0.353    , -1.302E-03,   0.00    ) |  4.896E-04 1.085E-02
    1723 9.1477E-01 4.8959E-04  ( 0.353    , -1.302E-03,   0.00    ) |  4.896E-04 1.085E-02
    1724 9.1526E-01 4.8959E-04  ( 0.353    , -1.302E-03,   0.00    ) |  4.896E-04 1.085E-02
    1725 9.1575E-01 4.8960E-04  ( 0.353    , -1.302E-03,   0.00    ) |  4.896E-04 1.085E-02
    1726 9.1624E-01 4.8961E-04  ( 0.353    , -1.302E-03,   0.00    ) |  4.896E-04 1.085E-02
    1727 9.1673E-01 4.8962E-04  ( 0.353    , -1.302E-03,   0.00    ) |  4.896E-04 1.085E-02
    1728 9.1722E-01 4.8963E-04  ( 0.353    , -1.302E-03,   0.00    ) |  4.896E-04 1.085E-02
    1729 9.1771E-01 4.8964E-04  ( 0.353    , -1.302E-03,   0.00    ) |  4.896E-04 1.085E-02
    1730 9.1820E-01 4.8965E-04  ( 0.353    , -1.302E-03,   0.00    ) |  4.897E-04 1.085E-02
    1731 9.1869E-01 4.8966E-04  ( 0.353    ,  1.302E-03,   0.00    ) |  4.897E-04 1.085E-02
    1732 9.1918E-01 4.8967E-04  ( 0.353    ,  1.302E-03,   0.00    ) |  4.897E-04 1.085E-02
    1733 9.1967E-01 4.8968E-04  ( 0.353    ,  1.302E-03,   0.00    ) |  4.897E-04 1.085E-02
    1734 9.2016E-01 4.8969E-04  ( 0.353    ,  1.302E-03,   0.00    ) |  4.897E-04 1.085E-02
    1735 9.2065E-01 4.8970E-04  ( 0.353    ,  1.302E-03,   0.00    ) |  4.897E-04 1.085E-02
    1736 9.2114E-01 4.8972E-04  ( 0.353    ,  1.302E-03,   0.00    ) |  4.897E-04 1.085E-02
    1737 9.2163E-01 4.8973E-04  ( 0.353    ,  1.302E-03,   0.00    ) |  4.897E-04 1.085E-02
    1738 9.2212E-01 4.8974E-04  ( 0.353    ,  1.302E-03,   0.00    ) |  4.897E-04 1.085E-02
    1739 9.2261E-01 4.8975E-04  ( 0.353    ,  1.302E-03,   0.00    ) |  4.898E-04 1.085E-02
    1740 9.2310E-01 4.8976E-04  ( 0.353    ,  1.302E-03,   0.00    ) |  4.898E-04 1.085E-02
    1741 9.2359E-01 4.8978E-04  ( 0.350    ,  1.302E-03,   0.00    ) |  4.898E-04 1.085E-02
    1742 9.2408E-01 4.8979E-04  ( 0.350    ,  1.302E-03,   0.00    ) |  4.898E-04 1.085E-02
    1743 9.2457E-01 4.8980E-04  ( 0.350    ,  1.302E-03,   0.00    ) |  4.898E-04 1.085E-02
 *** Wrote plotfile to flash_run_hdf5_plt_cnt_0037 ****
    1744 9.2506E-01 4.8982E-04  ( 0.350    ,  1.302E-03,   0.00    ) |  4.898E-04 1.085E-02
    1745 9.2555E-01 4.8983E-04  ( 0.350    , -1.302E-03,   0.00    ) |  4.898E-04 1.085E-02
    1746 9.2604E-01 4.8984E-04  ( 0.350    ,  1.302E-03,   0.00    ) |  4.898E-04 1.085E-02
    1747 9.2653E-01 4.8986E-04  ( 0.350    ,  1.302E-03,   0.00    ) |  4.899E-04 1.085E-02
    1748 9.2701E-01 4.8987E-04  ( 0.350    ,  1.302E-03,   0.00    ) |  4.899E-04 1.085E-02
    1749 9.2750E-01 4.8988E-04  ( 0.350    , -1.302E-03,   0.00    ) |  4.899E-04 1.085E-02
    1750 9.2799E-01 4.8990E-04  ( 0.350    , -1.302E-03,   0.00    ) |  4.899E-04 1.085E-02
    1751 9.2848E-01 4.8991E-04  ( 0.350    ,  1.302E-03,   0.00    ) |  4.899E-04 1.085E-02
    1752 9.2897E-01 4.8992E-04  ( 0.350    ,  1.302E-03,   0.00    ) |  4.899E-04 1.085E-02
    1753 9.2946E-01 4.8994E-04  ( 0.350    , -1.302E-03,   0.00    ) |  4.899E-04 1.085E-02
    1754 9.2995E-01 4.8995E-04  ( 0.350    , -1.302E-03,   0.00    ) |  4.899E-04 1.085E-02
    1755 9.3044E-01 4.8996E-04  ( 0.350    , -1.302E-03,   0.00    ) |  4.900E-04 1.085E-02
    1756 9.3093E-01 4.8998E-04  ( 0.350    , -1.302E-03,   0.00    ) |  4.900E-04 1.085E-02
    1757 9.3142E-01 4.8999E-04  ( 0.350    , -1.302E-03,   0.00    ) |  4.900E-04 1.085E-02
    1758 9.3191E-01 4.9000E-04  ( 0.350    , -1.302E-03,   0.00    ) |  4.900E-04 1.085E-02
    1759 9.3240E-01 4.9002E-04  ( 0.350    , -1.302E-03,   0.00    ) |  4.900E-04 1.085E-02
    1760 9.3289E-01 4.9003E-04  ( 0.350    , -1.302E-03,   0.00    ) |  4.900E-04 1.085E-02
    1761 9.3338E-01 4.9004E-04  ( 0.350    , -1.302E-03,   0.00    ) |  4.900E-04 1.085E-02
    1762 9.3387E-01 4.9005E-04  ( 0.350    , -1.302E-03,   0.00    ) |  4.901E-04 1.085E-02
    1763 9.3436E-01 4.9007E-04  ( 0.350    , -1.302E-03,   0.00    ) |  4.901E-04 1.085E-02
    1764 9.3485E-01 4.9008E-04  ( 0.350    , -1.302E-03,   0.00    ) |  4.901E-04 1.085E-02
    1765 9.3534E-01 4.9009E-04  ( 0.350    , -1.302E-03,   0.00    ) |  4.901E-04 1.085E-02
    1766 9.3583E-01 4.9010E-04  ( 0.350    , -1.302E-03,   0.00    ) |  4.901E-04 1.085E-02
    1767 9.3632E-01 4.9011E-04  ( 0.350    , -1.302E-03,   0.00    ) |  4.901E-04 1.085E-02
    1768 9.3681E-01 4.9013E-04  ( 0.350    , -1.302E-03,   0.00    ) |  4.901E-04 1.085E-02
    1769 9.3730E-01 4.9014E-04  ( 0.350    , -1.302E-03,   0.00    ) |  4.901E-04 1.085E-02
    1770 9.3780E-01 4.9015E-04  ( 0.350    , -1.302E-03,   0.00    ) |  4.902E-04 1.085E-02
    1771 9.3829E-01 4.9016E-04  ( 0.350    , -1.302E-03,   0.00    ) |  4.902E-04 1.085E-02
    1772 9.3878E-01 4.9017E-04  ( 0.350    , -1.302E-03,   0.00    ) |  4.902E-04 1.085E-02
    1773 9.3927E-01 4.9019E-04  ( 0.350    , -1.302E-03,   0.00    ) |  4.902E-04 1.085E-02
    1774 9.3976E-01 4.9020E-04  ( 0.350    , -1.302E-03,   0.00    ) |  4.902E-04 1.085E-02
    1775 9.4025E-01 4.9021E-04  ( 0.350    , -1.302E-03,   0.00    ) |  4.902E-04 1.085E-02
    1776 9.4074E-01 4.9022E-04  ( 0.350    , -1.302E-03,   0.00    ) |  4.902E-04 1.085E-02
    1777 9.4123E-01 4.9023E-04  ( 0.350    , -1.302E-03,   0.00    ) |  4.902E-04 1.085E-02
    1778 9.4172E-01 4.9024E-04  ( 0.350    , -1.302E-03,   0.00    ) |  4.902E-04 1.085E-02
    1779 9.4221E-01 4.9026E-04  ( 0.350    , -1.302E-03,   0.00    ) |  4.903E-04 1.085E-02
    1780 9.4270E-01 4.9027E-04  ( 0.350    , -1.302E-03,   0.00    ) |  4.903E-04 1.085E-02
    1781 9.4319E-01 4.9028E-04  ( 0.350    , -1.302E-03,   0.00    ) |  4.903E-04 1.085E-02
    1782 9.4368E-01 4.9029E-04  ( 0.350    , -1.302E-03,   0.00    ) |  4.903E-04 1.085E-02
    1783 9.4417E-01 4.9030E-04  ( 0.350    , -1.302E-03,   0.00    ) |  4.903E-04 1.085E-02
    1784 9.4466E-01 4.9031E-04  ( 0.350    , -1.302E-03,   0.00    ) |  4.903E-04 1.085E-02
    1785 9.4515E-01 4.9033E-04  ( 0.350    , -1.302E-03,   0.00    ) |  4.903E-04 1.085E-02
    1786 9.4564E-01 4.9034E-04  ( 0.350    , -1.302E-03,   0.00    ) |  4.903E-04 1.085E-02
    1787 9.4613E-01 4.9035E-04  ( 0.350    , -1.302E-03,   0.00    ) |  4.903E-04 1.085E-02
    1788 9.4662E-01 4.9036E-04  ( 0.350    , -1.302E-03,   0.00    ) |  4.904E-04 1.085E-02
    1789 9.4711E-01 4.9037E-04  ( 0.350    , -1.302E-03,   0.00    ) |  4.904E-04 1.085E-02
    1790 9.4760E-01 4.9038E-04  ( 0.350    , -1.302E-03,   0.00    ) |  4.904E-04 1.085E-02
    1791 9.4809E-01 4.9040E-04  ( 0.350    , -1.302E-03,   0.00    ) |  4.904E-04 1.085E-02
    1792 9.4858E-01 4.9041E-04  ( 0.350    , -1.302E-03,   0.00    ) |  4.904E-04 1.085E-02
    1793 9.4907E-01 4.9042E-04  ( 0.350    , -1.302E-03,   0.00    ) |  4.904E-04 1.085E-02
    1794 9.4956E-01 4.9043E-04  ( 0.350    , -1.302E-03,   0.00    ) |  4.904E-04 1.085E-02
 *** Wrote plotfile to flash_run_hdf5_plt_cnt_0038 ****
    1795 9.5005E-01 4.9044E-04  ( 0.350    , -1.302E-03,   0.00    ) |  4.904E-04 1.085E-02
    1796 9.5054E-01 4.9045E-04  ( 0.350    , -1.302E-03,   0.00    ) |  4.905E-04 1.085E-02
    1797 9.5103E-01 4.9046E-04  ( 0.350    , -1.302E-03,   0.00    ) |  4.905E-04 1.085E-02
    1798 9.5152E-01 4.9047E-04  ( 0.350    , -1.302E-03,   0.00    ) |  4.905E-04 1.085E-02
    1799 9.5201E-01 4.9048E-04  ( 0.350    , -1.302E-03,   0.00    ) |  4.905E-04 1.085E-02
    1800 9.5250E-01 4.9050E-04  ( 0.350    , -1.302E-03,   0.00    ) |  4.905E-04 1.085E-02
    1801 9.5300E-01 4.9051E-04  ( 0.350    , -1.302E-03,   0.00    ) |  4.905E-04 1.085E-02
    1802 9.5349E-01 4.9052E-04  ( 0.350    , -1.302E-03,   0.00    ) |  4.905E-04 1.085E-02
    1803 9.5398E-01 4.9053E-04  ( 0.350    , -1.302E-03,   0.00    ) |  4.905E-04 1.085E-02
    1804 9.5447E-01 4.9054E-04  ( 0.350    , -1.302E-03,   0.00    ) |  4.905E-04 1.085E-02
    1805 9.5496E-01 4.9055E-04  ( 0.350    , -1.302E-03,   0.00    ) |  4.906E-04 1.085E-02
    1806 9.5545E-01 4.9056E-04  ( 0.350    , -1.302E-03,   0.00    ) |  4.906E-04 1.085E-02
    1807 9.5594E-01 4.9057E-04  ( 0.350    , -1.302E-03,   0.00    ) |  4.906E-04 1.085E-02
    1808 9.5643E-01 4.9058E-04  ( 0.350    , -1.302E-03,   0.00    ) |  4.906E-04 1.085E-02
    1809 9.5692E-01 4.9059E-04  ( 0.350    , -1.302E-03,   0.00    ) |  4.906E-04 1.085E-02
    1810 9.5741E-01 4.9060E-04  ( 0.350    , -1.302E-03,   0.00    ) |  4.906E-04 1.085E-02
    1811 9.5790E-01 4.9061E-04  ( 0.350    , -1.302E-03,   0.00    ) |  4.906E-04 1.085E-02
    1812 9.5839E-01 4.9062E-04  ( 0.350    , -1.302E-03,   0.00    ) |  4.906E-04 1.085E-02
    1813 9.5888E-01 4.9064E-04  ( 0.350    , -1.302E-03,   0.00    ) |  4.906E-04 1.085E-02
    1814 9.5937E-01 4.9065E-04  ( 0.350    , -1.302E-03,   0.00    ) |  4.906E-04 1.085E-02
    1815 9.5986E-01 4.9066E-04  ( 0.350    , -1.302E-03,   0.00    ) |  4.907E-04 1.085E-02
    1816 9.6035E-01 4.9067E-04  ( 0.350    , -1.302E-03,   0.00    ) |  4.907E-04 1.085E-02
    1817 9.6084E-01 4.9068E-04  ( 0.350    , -1.302E-03,   0.00    ) |  4.907E-04 1.085E-02
    1818 9.6134E-01 4.9069E-04  ( 0.350    , -1.302E-03,   0.00    ) |  4.907E-04 1.085E-02
    1819 9.6183E-01 4.9070E-04  ( 0.350    , -1.302E-03,   0.00    ) |  4.907E-04 1.085E-02
    1820 9.6232E-01 4.9071E-04  ( 0.350    , -1.302E-03,   0.00    ) |  4.907E-04 1.085E-02
    1821 9.6281E-01 4.9072E-04  ( 0.350    , -1.302E-03,   0.00    ) |  4.907E-04 1.085E-02
    1822 9.6330E-01 4.9073E-04  ( 0.348    , -1.302E-03,   0.00    ) |  4.907E-04 1.085E-02
    1823 9.6379E-01 4.9074E-04  ( 0.348    , -1.302E-03,   0.00    ) |  4.907E-04 1.085E-02
    1824 9.6428E-01 4.9075E-04  ( 0.348    , -1.302E-03,   0.00    ) |  4.907E-04 1.085E-02
    1825 9.6477E-01 4.9076E-04  ( 0.348    , -1.302E-03,   0.00    ) |  4.908E-04 1.085E-02
    1826 9.6526E-01 4.9077E-04  ( 0.348    , -1.302E-03,   0.00    ) |  4.908E-04 1.085E-02
    1827 9.6575E-01 4.9078E-04  ( 0.348    , -1.302E-03,   0.00    ) |  4.908E-04 1.085E-02
    1828 9.6624E-01 4.9079E-04  ( 0.348    , -1.302E-03,   0.00    ) |  4.908E-04 1.085E-02
    1829 9.6673E-01 4.9079E-04  ( 0.348    , -1.302E-03,   0.00    ) |  4.908E-04 1.085E-02
    1830 9.6722E-01 4.9080E-04  ( 0.348    , -1.302E-03,   0.00    ) |  4.908E-04 1.085E-02
    1831 9.6771E-01 4.9081E-04  ( 0.348    , -1.302E-03,   0.00    ) |  4.908E-04 1.085E-02
    1832 9.6821E-01 4.9082E-04  ( 0.348    , -1.302E-03,   0.00    ) |  4.908E-04 1.085E-02
    1833 9.6870E-01 4.9083E-04  ( 0.348    , -1.302E-03,   0.00    ) |  4.908E-04 1.085E-02
    1834 9.6919E-01 4.9084E-04  ( 0.348    , -1.302E-03,   0.00    ) |  4.908E-04 1.085E-02
    1835 9.6968E-01 4.9085E-04  ( 0.348    , -1.302E-03,   0.00    ) |  4.908E-04 1.085E-02
    1836 9.7017E-01 4.9085E-04  ( 0.348    , -1.302E-03,   0.00    ) |  4.909E-04 1.085E-02
    1837 9.7066E-01 4.9086E-04  ( 0.348    , -1.302E-03,   0.00    ) |  4.909E-04 1.085E-02
    1838 9.7115E-01 4.9087E-04  ( 0.348    , -1.302E-03,   0.00    ) |  4.909E-04 1.085E-02
    1839 9.7164E-01 4.9088E-04  ( 0.348    , -1.302E-03,   0.00    ) |  4.909E-04 1.085E-02
    1840 9.7213E-01 4.9088E-04  ( 0.348    , -1.302E-03,   0.00    ) |  4.909E-04 1.085E-02
    1841 9.7262E-01 4.9089E-04  ( 0.348    , -1.302E-03,   0.00    ) |  4.909E-04 1.085E-02
    1842 9.7311E-01 4.9090E-04  ( 0.348    , -1.302E-03,   0.00    ) |  4.909E-04 1.085E-02
    1843 9.7361E-01 4.9091E-04  ( 0.348    , -1.302E-03,   0.00    ) |  4.909E-04 1.085E-02
    1844 9.7410E-01 4.9091E-04  ( 0.348    , -1.302E-03,   0.00    ) |  4.909E-04 1.085E-02
    1845 9.7459E-01 4.9092E-04  ( 0.348    , -1.302E-03,   0.00    ) |  4.909E-04 1.085E-02
 *** Wrote plotfile to flash_run_hdf5_plt_cnt_0039 ****
    1846 9.7508E-01 4.9093E-04  ( 0.348    , -1.302E-03,   0.00    ) |  4.909E-04 1.085E-02
    1847 9.7557E-01 4.9094E-04  ( 0.348    , -1.302E-03,   0.00    ) |  4.909E-04 1.085E-02
    1848 9.7606E-01 4.9094E-04  ( 0.348    , -1.302E-03,   0.00    ) |  4.909E-04 1.085E-02
    1849 9.7655E-01 4.9095E-04  ( 0.348    , -1.302E-03,   0.00    ) |  4.910E-04 1.085E-02
    1850 9.7704E-01 4.9096E-04  ( 0.348    , -1.302E-03,   0.00    ) |  4.910E-04 1.085E-02
    1851 9.7753E-01 4.9096E-04  ( 0.348    , -1.302E-03,   0.00    ) |  4.910E-04 1.085E-02
    1852 9.7802E-01 4.9097E-04  ( 0.348    , -1.302E-03,   0.00    ) |  4.910E-04 1.085E-02
    1853 9.7851E-01 4.9098E-04  ( 0.348    , -1.302E-03,   0.00    ) |  4.910E-04 1.085E-02
    1854 9.7901E-01 4.9098E-04  ( 0.348    , -1.302E-03,   0.00    ) |  4.910E-04 1.085E-02
    1855 9.7950E-01 4.9099E-04  ( 0.348    , -1.302E-03,   0.00    ) |  4.910E-04 1.085E-02
    1856 9.7999E-01 4.9099E-04  ( 0.348    , -1.302E-03,   0.00    ) |  4.910E-04 1.085E-02
    1857 9.8048E-01 4.9100E-04  ( 0.348    , -1.302E-03,   0.00    ) |  4.910E-04 1.085E-02
    1858 9.8097E-01 4.9101E-04  ( 0.348    , -1.302E-03,   0.00    ) |  4.910E-04 1.085E-02
    1859 9.8146E-01 4.9101E-04  ( 0.348    , -1.302E-03,   0.00    ) |  4.910E-04 1.085E-02
    1860 9.8195E-01 4.9102E-04  ( 0.348    , -1.302E-03,   0.00    ) |  4.910E-04 1.085E-02
    1861 9.8244E-01 4.9102E-04  ( 0.348    ,  1.302E-03,   0.00    ) |  4.910E-04 1.085E-02
    1862 9.8293E-01 4.9103E-04  ( 0.348    ,  1.302E-03,   0.00    ) |  4.910E-04 1.085E-02
    1863 9.8342E-01 4.9103E-04  ( 0.348    , -1.302E-03,   0.00    ) |  4.910E-04 1.085E-02
    1864 9.8392E-01 4.9104E-04  ( 0.348    ,  1.302E-03,   0.00    ) |  4.910E-04 1.085E-02
    1865 9.8441E-01 4.9104E-04  ( 0.348    ,  1.302E-03,   0.00    ) |  4.910E-04 1.085E-02
    1866 9.8490E-01 4.9105E-04  ( 0.348    ,  1.302E-03,   0.00    ) |  4.910E-04 1.085E-02
    1867 9.8539E-01 4.9105E-04  ( 0.348    ,  1.302E-03,   0.00    ) |  4.911E-04 1.085E-02
    1868 9.8588E-01 4.9106E-04  ( 0.348    ,  1.302E-03,   0.00    ) |  4.911E-04 1.085E-02
    1869 9.8637E-01 4.9106E-04  ( 0.348    ,  1.302E-03,   0.00    ) |  4.911E-04 1.085E-02
    1870 9.8686E-01 4.9106E-04  ( 0.348    ,  1.302E-03,   0.00    ) |  4.911E-04 1.085E-02
    1871 9.8735E-01 4.9107E-04  ( 0.348    ,  1.302E-03,   0.00    ) |  4.911E-04 1.085E-02
    1872 9.8784E-01 4.9107E-04  ( 0.348    ,  1.302E-03,   0.00    ) |  4.911E-04 1.085E-02
    1873 9.8834E-01 4.9108E-04  ( 0.348    ,  1.302E-03,   0.00    ) |  4.911E-04 1.085E-02
    1874 9.8883E-01 4.9108E-04  ( 0.348    ,  1.302E-03,   0.00    ) |  4.911E-04 1.085E-02
    1875 9.8932E-01 4.9108E-04  ( 0.348    ,  1.302E-03,   0.00    ) |  4.911E-04 1.085E-02
    1876 9.8981E-01 4.9109E-04  ( 0.348    , -1.302E-03,   0.00    ) |  4.911E-04 1.085E-02
    1877 9.9030E-01 4.9109E-04  ( 0.348    , -1.302E-03,   0.00    ) |  4.911E-04 1.085E-02
    1878 9.9079E-01 4.9109E-04  ( 0.348    ,  1.302E-03,   0.00    ) |  4.911E-04 1.085E-02
    1879 9.9128E-01 4.9110E-04  ( 0.348    ,  1.302E-03,   0.00    ) |  4.911E-04 1.085E-02
    1880 9.9177E-01 4.9110E-04  ( 0.348    ,  1.302E-03,   0.00    ) |  4.911E-04 1.085E-02
    1881 9.9226E-01 4.9111E-04  ( 0.348    ,  1.302E-03,   0.00    ) |  4.911E-04 1.085E-02
    1882 9.9275E-01 4.9111E-04  ( 0.348    ,  1.302E-03,   0.00    ) |  4.911E-04 1.085E-02
    1883 9.9325E-01 4.9111E-04  ( 0.348    ,  1.302E-03,   0.00    ) |  4.911E-04 1.085E-02
    1884 9.9374E-01 4.9112E-04  ( 0.348    ,  1.302E-03,   0.00    ) |  4.911E-04 1.085E-02
    1885 9.9423E-01 4.9112E-04  ( 0.348    ,  1.302E-03,   0.00    ) |  4.911E-04 1.085E-02
    1886 9.9472E-01 4.9112E-04  ( 0.348    ,  1.302E-03,   0.00    ) |  4.911E-04 1.085E-02
    1887 9.9521E-01 4.9113E-04  ( 0.348    ,  1.302E-03,   0.00    ) |  4.911E-04 1.085E-02
    1888 9.9570E-01 4.9113E-04  ( 0.348    ,  1.302E-03,   0.00    ) |  4.911E-04 1.085E-02
    1889 9.9619E-01 4.9113E-04  ( 0.348    ,  1.302E-03,   0.00    ) |  4.911E-04 1.085E-02
    1890 9.9668E-01 4.9114E-04  ( 0.348    , -1.302E-03,   0.00    ) |  4.911E-04 1.085E-02
    1891 9.9718E-01 4.9114E-04  ( 0.348    , -1.302E-03,   0.00    ) |  4.911E-04 1.085E-02
    1892 9.9767E-01 4.9114E-04  ( 0.348    , -1.302E-03,   0.00    ) |  4.911E-04 1.085E-02
    1893 9.9816E-01 4.9115E-04  ( 0.348    , -1.302E-03,   0.00    ) |  4.911E-04 1.085E-02
    1894 9.9865E-01 4.9115E-04  ( 0.348    , -1.302E-03,   0.00    ) |  4.911E-04 1.085E-02
    1895 9.9914E-01 4.9115E-04  ( 0.348    ,  1.302E-03,   0.00    ) |  4.912E-04 1.085E-02
    1896 9.9963E-01 4.9116E-04  ( 0.348    ,  1.302E-03,   0.00    ) |  4.912E-04 1.085E-02
 *** Wrote plotfile to flash_run_hdf5_plt_cnt_0040 ****
    1897 1.0001E+00 4.9116E-04  ( 0.348    , -1.302E-03,   0.00    ) |  4.912E-04 1.085E-02
    1898 1.0006E+00 4.9116E-04  ( 0.348    , -1.302E-03,   0.00    ) |  4.912E-04 1.085E-02
    1899 1.0011E+00 4.9117E-04  ( 0.348    , -1.302E-03,   0.00    ) |  4.912E-04 1.085E-02
    1900 1.0016E+00 4.9117E-04  ( 0.345    ,  1.302E-03,   0.00    ) |  4.912E-04 1.085E-02
    1901 1.0021E+00 4.9117E-04  ( 0.345    , -1.302E-03,   0.00    ) |  4.912E-04 1.085E-02
    1902 1.0026E+00 4.9118E-04  ( 0.345    , -1.302E-03,   0.00    ) |  4.912E-04 1.085E-02
    1903 1.0031E+00 4.9118E-04  ( 0.345    , -1.302E-03,   0.00    ) |  4.912E-04 1.085E-02
    1904 1.0036E+00 4.9118E-04  ( 0.345    , -1.302E-03,   0.00    ) |  4.912E-04 1.085E-02
    1905 1.0041E+00 4.9119E-04  ( 0.345    , -1.302E-03,   0.00    ) |  4.912E-04 1.085E-02
    1906 1.0045E+00 4.9119E-04  ( 0.345    , -1.302E-03,   0.00    ) |  4.912E-04 1.085E-02
    1907 1.0050E+00 4.9119E-04  ( 0.345    , -1.302E-03,   0.00    ) |  4.912E-04 1.085E-02
    1908 1.0055E+00 4.9120E-04  ( 0.345    , -1.302E-03,   0.00    ) |  4.912E-04 1.085E-02
    1909 1.0060E+00 4.9120E-04  ( 0.345    , -1.302E-03,   0.00    ) |  4.912E-04 1.085E-02
    1910 1.0065E+00 4.9120E-04  ( 0.345    , -1.302E-03,   0.00    ) |  4.912E-04 1.085E-02
    1911 1.0070E+00 4.9121E-04  ( 0.345    , -1.302E-03,   0.00    ) |  4.912E-04 1.085E-02
    1912 1.0075E+00 4.9121E-04  ( 0.345    , -1.302E-03,   0.00    ) |  4.912E-04 1.085E-02
    1913 1.0080E+00 4.9121E-04  ( 0.345    , -1.302E-03,   0.00    ) |  4.912E-04 1.085E-02
    1914 1.0085E+00 4.9122E-04  ( 0.345    , -1.302E-03,   0.00    ) |  4.912E-04 1.085E-02
    1915 1.0090E+00 4.9122E-04  ( 0.345    , -1.302E-03,   0.00    ) |  4.912E-04 1.085E-02
    1916 1.0095E+00 4.9122E-04  ( 0.345    , -1.302E-03,   0.00    ) |  4.912E-04 1.085E-02
    1917 1.0099E+00 4.9123E-04  ( 0.345    ,  1.302E-03,   0.00    ) |  4.912E-04 1.085E-02
    1918 1.0104E+00 4.9123E-04  ( 0.345    ,  1.302E-03,   0.00    ) |  4.912E-04 1.085E-02
    1919 1.0109E+00 4.9123E-04  ( 0.345    ,  1.302E-03,   0.00    ) |  4.912E-04 1.085E-02
    1920 1.0114E+00 4.9124E-04  ( 0.345    ,  1.302E-03,   0.00    ) |  4.912E-04 1.085E-02
    1921 1.0119E+00 4.9124E-04  ( 0.345    ,  1.302E-03,   0.00    ) |  4.912E-04 1.085E-02
    1922 1.0124E+00 4.9124E-04  ( 0.345    ,  1.302E-03,   0.00    ) |  4.912E-04 1.085E-02
    1923 1.0129E+00 4.9125E-04  ( 0.345    , -1.302E-03,   0.00    ) |  4.912E-04 1.085E-02
    1924 1.0134E+00 4.9125E-04  ( 0.345    ,  1.302E-03,   0.00    ) |  4.913E-04 1.085E-02
    1925 1.0139E+00 4.9126E-04  ( 0.345    ,  1.302E-03,   0.00    ) |  4.913E-04 1.085E-02
    1926 1.0144E+00 4.9126E-04  ( 0.345    ,  1.302E-03,   0.00    ) |  4.913E-04 1.085E-02
    1927 1.0149E+00 4.9127E-04  ( 0.345    ,  1.302E-03,   0.00    ) |  4.913E-04 1.085E-02
    1928 1.0153E+00 4.9127E-04  ( 0.345    ,  1.302E-03,   0.00    ) |  4.913E-04 1.085E-02
    1929 1.0158E+00 4.9127E-04  ( 0.345    ,  1.302E-03,   0.00    ) |  4.913E-04 1.085E-02
    1930 1.0163E+00 4.9128E-04  ( 0.345    ,  1.302E-03,   0.00    ) |  4.913E-04 1.085E-02
    1931 1.0168E+00 4.9128E-04  ( 0.345    ,  1.302E-03,   0.00    ) |  4.913E-04 1.085E-02
    1932 1.0173E+00 4.9129E-04  ( 0.345    ,  1.302E-03,   0.00    ) |  4.913E-04 1.085E-02
    1933 1.0178E+00 4.9129E-04  ( 0.345    ,  1.302E-03,   0.00    ) |  4.913E-04 1.085E-02
    1934 1.0183E+00 4.9130E-04  ( 0.345    ,  1.302E-03,   0.00    ) |  4.913E-04 1.085E-02
    1935 1.0188E+00 4.9130E-04  ( 0.345    ,  1.302E-03,   0.00    ) |  4.913E-04 1.085E-02
    1936 1.0193E+00 4.9131E-04  ( 0.345    ,  1.302E-03,   0.00    ) |  4.913E-04 1.085E-02
    1937 1.0198E+00 4.9131E-04  ( 0.345    ,  1.302E-03,   0.00    ) |  4.913E-04 1.085E-02
    1938 1.0203E+00 4.9131E-04  ( 0.345    ,  1.302E-03,   0.00    ) |  4.913E-04 1.085E-02
    1939 1.0208E+00 4.9132E-04  ( 0.345    ,  1.302E-03,   0.00    ) |  4.913E-04 1.085E-02
    1940 1.0212E+00 4.9132E-04  ( 0.345    ,  1.302E-03,   0.00    ) |  4.913E-04 1.085E-02
    1941 1.0217E+00 4.9133E-04  ( 0.345    ,  1.302E-03,   0.00    ) |  4.913E-04 1.085E-02
    1942 1.0222E+00 4.9133E-04  ( 0.345    ,  1.302E-03,   0.00    ) |  4.913E-04 1.085E-02
    1943 1.0227E+00 4.9134E-04  ( 0.345    ,  1.302E-03,   0.00    ) |  4.913E-04 1.085E-02
    1944 1.0232E+00 4.9135E-04  ( 0.345    , -1.302E-03,   0.00    ) |  4.913E-04 1.085E-02
    1945 1.0237E+00 4.9135E-04  ( 0.345    , -1.302E-03,   0.00    ) |  4.914E-04 1.085E-02
    1946 1.0242E+00 4.9136E-04  ( 0.345    , -1.302E-03,   0.00    ) |  4.914E-04 1.085E-02
    1947 1.0247E+00 4.9136E-04  ( 0.345    , -1.302E-03,   0.00    ) |  4.914E-04 1.085E-02
 *** Wrote plotfile to flash_run_hdf5_plt_cnt_0041 ****
    1948 1.0252E+00 4.9136E-04  ( 0.345    , -1.302E-03,   0.00    ) |  4.914E-04 1.085E-02
    1949 1.0257E+00 4.9137E-04  ( 0.345    , -1.302E-03,   0.00    ) |  4.914E-04 1.085E-02
    1950 1.0262E+00 4.9137E-04  ( 0.345    , -1.302E-03,   0.00    ) |  4.914E-04 1.085E-02
    1951 1.0266E+00 4.9138E-04  ( 0.345    ,  1.302E-03,   0.00    ) |  4.914E-04 1.085E-02
    1952 1.0271E+00 4.9138E-04  ( 0.345    ,  1.302E-03,   0.00    ) |  4.914E-04 1.085E-02
    1953 1.0276E+00 4.9139E-04  ( 0.345    ,  1.302E-03,   0.00    ) |  4.914E-04 1.085E-02
    1954 1.0281E+00 4.9139E-04  ( 0.345    ,  1.302E-03,   0.00    ) |  4.914E-04 1.085E-02
    1955 1.0286E+00 4.9140E-04  ( 0.345    ,  1.302E-03,   0.00    ) |  4.914E-04 1.085E-02
    1956 1.0291E+00 4.9140E-04  ( 0.345    ,  1.302E-03,   0.00    ) |  4.914E-04 1.085E-02
    1957 1.0296E+00 4.9141E-04  ( 0.345    , -1.302E-03,   0.00    ) |  4.914E-04 1.085E-02
    1958 1.0301E+00 4.9141E-04  ( 0.345    , -1.302E-03,   0.00    ) |  4.914E-04 1.085E-02
    1959 1.0306E+00 4.9141E-04  ( 0.345    , -1.302E-03,   0.00    ) |  4.914E-04 1.085E-02
    1960 1.0311E+00 4.9142E-04  ( 0.345    , -1.302E-03,   0.00    ) |  4.914E-04 1.085E-02
    1961 1.0316E+00 4.9142E-04  ( 0.345    , -1.302E-03,   0.00    ) |  4.914E-04 1.085E-02
    1962 1.0321E+00 4.9143E-04  ( 0.345    , -1.302E-03,   0.00    ) |  4.914E-04 1.085E-02
    1963 1.0325E+00 4.9143E-04  ( 0.345    , -1.302E-03,   0.00    ) |  4.914E-04 1.085E-02
    1964 1.0330E+00 4.9144E-04  ( 0.345    , -1.302E-03,   0.00    ) |  4.914E-04 1.085E-02
    1965 1.0335E+00 4.9144E-04  ( 0.345    , -1.302E-03,   0.00    ) |  4.914E-04 1.085E-02
    1966 1.0340E+00 4.9144E-04  ( 0.345    , -1.302E-03,   0.00    ) |  4.914E-04 1.085E-02
    1967 1.0345E+00 4.9145E-04  ( 0.345    , -1.302E-03,   0.00    ) |  4.914E-04 1.085E-02
    1968 1.0350E+00 4.9145E-04  ( 0.345    , -1.302E-03,   0.00    ) |  4.915E-04 1.085E-02
    1969 1.0355E+00 4.9146E-04  ( 0.345    , -1.302E-03,   0.00    ) |  4.915E-04 1.085E-02
    1970 1.0360E+00 4.9146E-04  ( 0.345    , -1.302E-03,   0.00    ) |  4.915E-04 1.085E-02
    1971 1.0365E+00 4.9146E-04  ( 0.345    , -1.302E-03,   0.00    ) |  4.915E-04 1.085E-02
    1972 1.0370E+00 4.9147E-04  ( 0.345    , -1.302E-03,   0.00    ) |  4.915E-04 1.085E-02
    1973 1.0375E+00 4.9147E-04  ( 0.345    , -1.302E-03,   0.00    ) |  4.915E-04 1.085E-02
    1974 1.0380E+00 4.9148E-04  ( 0.345    , -1.302E-03,   0.00    ) |  4.915E-04 1.085E-02
    1975 1.0384E+00 4.9148E-04  ( 0.345    , -1.302E-03,   0.00    ) |  4.915E-04 1.085E-02
    1976 1.0389E+00 4.9148E-04  ( 0.345    , -1.302E-03,   0.00    ) |  4.915E-04 1.085E-02
    1977 1.0394E+00 4.9149E-04  ( 0.345    , -1.302E-03,   0.00    ) |  4.915E-04 1.085E-02
    1978 1.0399E+00 4.9149E-04  ( 0.345    , -1.302E-03,   0.00    ) |  4.915E-04 1.085E-02
    1979 1.0404E+00 4.9149E-04  ( 0.345    , -1.302E-03,   0.00    ) |  4.915E-04 1.085E-02
    1980 1.0409E+00 4.9150E-04  ( 0.345    , -1.302E-03,   0.00    ) |  4.915E-04 1.085E-02
    1981 1.0414E+00 4.9150E-04  ( 0.345    , -1.302E-03,   0.00    ) |  4.915E-04 1.085E-02
    1982 1.0419E+00 4.9150E-04  ( 0.345    , -1.302E-03,   0.00    ) |  4.915E-04 1.085E-02
    1983 1.0424E+00 4.9150E-04  ( 0.345    , -1.302E-03,   0.00    ) |  4.915E-04 1.085E-02
    1984 1.0429E+00 4.9151E-04  ( 0.345    , -1.302E-03,   0.00    ) |  4.915E-04 1.085E-02
    1985 1.0434E+00 4.9151E-04  ( 0.345    , -1.302E-03,   0.00    ) |  4.915E-04 1.085E-02
    1986 1.0439E+00 4.9151E-04  ( 0.345    , -1.302E-03,   0.00    ) |  4.915E-04 1.085E-02
    1987 1.0443E+00 4.9151E-04  ( 0.345    , -1.302E-03,   0.00    ) |  4.915E-04 1.085E-02
    1988 1.0448E+00 4.9151E-04  ( 0.345    , -1.302E-03,   0.00    ) |  4.915E-04 1.085E-02
    1989 1.0453E+00 4.9152E-04  ( 0.345    , -1.302E-03,   0.00    ) |  4.915E-04 1.085E-02
    1990 1.0458E+00 4.9152E-04  ( 0.345    , -1.302E-03,   0.00    ) |  4.915E-04 1.085E-02
    1991 1.0463E+00 4.9152E-04  ( 0.345    , -1.302E-03,   0.00    ) |  4.915E-04 1.085E-02
    1992 1.0468E+00 4.9152E-04  ( 0.345    , -1.302E-03,   0.00    ) |  4.915E-04 1.085E-02
    1993 1.0473E+00 4.9152E-04  ( 0.345    , -1.302E-03,   0.00    ) |  4.915E-04 1.085E-02
    1994 1.0478E+00 4.9152E-04  ( 0.345    , -1.302E-03,   0.00    ) |  4.915E-04 1.085E-02
    1995 1.0483E+00 4.9152E-04  ( 0.342    , -1.302E-03,   0.00    ) |  4.915E-04 1.085E-02
    1996 1.0488E+00 4.9153E-04  ( 0.342    , -1.302E-03,   0.00    ) |  4.915E-04 1.085E-02
    1997 1.0493E+00 4.9153E-04  ( 0.342    , -1.302E-03,   0.00    ) |  4.915E-04 1.085E-02
    1998 1.0497E+00 4.9153E-04  ( 0.342    ,  1.302E-03,   0.00    ) |  4.915E-04 1.085E-02
 *** Wrote plotfile to flash_run_hdf5_plt_cnt_0042 ****
    1999 1.0502E+00 4.9153E-04  ( 0.342    ,  1.302E-03,   0.00    ) |  4.915E-04 1.085E-02
    2000 1.0507E+00 4.9153E-04  ( 0.342    , -1.302E-03,   0.00    ) |  4.915E-04 1.085E-02
    2001 1.0512E+00 4.9154E-04  ( 0.342    , -1.302E-03,   0.00    ) |  4.915E-04 1.085E-02
    2002 1.0517E+00 4.9154E-04  ( 0.342    ,  1.302E-03,   0.00    ) |  4.915E-04 1.085E-02
    2003 1.0522E+00 4.9154E-04  ( 0.342    , -1.302E-03,   0.00    ) |  4.915E-04 1.085E-02
    2004 1.0527E+00 4.9154E-04  ( 0.342    , -1.302E-03,   0.00    ) |  4.915E-04 1.085E-02
    2005 1.0532E+00 4.9155E-04  ( 0.342    , -1.302E-03,   0.00    ) |  4.915E-04 1.085E-02
    2006 1.0537E+00 4.9155E-04  ( 0.342    , -1.302E-03,   0.00    ) |  4.915E-04 1.085E-02
    2007 1.0542E+00 4.9155E-04  ( 0.342    , -1.302E-03,   0.00    ) |  4.916E-04 1.085E-02
    2008 1.0547E+00 4.9155E-04  ( 0.342    , -1.302E-03,   0.00    ) |  4.916E-04 1.085E-02
    2009 1.0552E+00 4.9156E-04  ( 0.342    , -1.302E-03,   0.00    ) |  4.916E-04 1.085E-02
    2010 1.0556E+00 4.9156E-04  ( 0.342    , -1.302E-03,   0.00    ) |  4.916E-04 1.085E-02
    2011 1.0561E+00 4.9156E-04  ( 0.342    , -1.302E-03,   0.00    ) |  4.916E-04 1.085E-02
    2012 1.0566E+00 4.9156E-04  ( 0.342    , -1.302E-03,   0.00    ) |  4.916E-04 1.085E-02
    2013 1.0571E+00 4.9157E-04  ( 0.342    , -1.302E-03,   0.00    ) |  4.916E-04 1.085E-02
    2014 1.0576E+00 4.9157E-04  ( 0.342    , -1.302E-03,   0.00    ) |  4.916E-04 1.085E-02
    2015 1.0581E+00 4.9157E-04  ( 0.342    ,  1.302E-03,   0.00    ) |  4.916E-04 1.085E-02
    2016 1.0586E+00 4.9158E-04  ( 0.342    , -1.302E-03,   0.00    ) |  4.916E-04 1.085E-02
    2017 1.0591E+00 4.9158E-04  ( 0.342    , -1.302E-03,   0.00    ) |  4.916E-04 1.085E-02
    2018 1.0596E+00 4.9158E-04  ( 0.342    , -1.302E-03,   0.00    ) |  4.916E-04 1.085E-02
    2019 1.0601E+00 4.9158E-04  ( 0.342    , -1.302E-03,   0.00    ) |  4.916E-04 1.085E-02
    2020 1.0606E+00 4.9159E-04  ( 0.342    , -1.302E-03,   0.00    ) |  4.916E-04 1.085E-02
    2021 1.0611E+00 4.9159E-04  ( 0.342    , -1.302E-03,   0.00    ) |  4.916E-04 1.085E-02
    2022 1.0615E+00 4.9159E-04  ( 0.342    , -1.302E-03,   0.00    ) |  4.916E-04 1.085E-02
    2023 1.0620E+00 4.9159E-04  ( 0.342    , -1.302E-03,   0.00    ) |  4.916E-04 1.085E-02
    2024 1.0625E+00 4.9160E-04  ( 0.342    ,  1.302E-03,   0.00    ) |  4.916E-04 1.085E-02
    2025 1.0630E+00 4.9160E-04  ( 0.342    ,  1.302E-03,   0.00    ) |  4.916E-04 1.085E-02
    2026 1.0635E+00 4.9160E-04  ( 0.342    , -1.302E-03,   0.00    ) |  4.916E-04 1.085E-02
    2027 1.0640E+00 4.9160E-04  ( 0.342    , -1.302E-03,   0.00    ) |  4.916E-04 1.085E-02
    2028 1.0645E+00 4.9160E-04  ( 0.342    , -1.302E-03,   0.00    ) |  4.916E-04 1.085E-02
    2029 1.0650E+00 4.9161E-04  ( 0.342    , -1.302E-03,   0.00    ) |  4.916E-04 1.085E-02
    2030 1.0655E+00 4.9161E-04  ( 0.342    , -1.302E-03,   0.00    ) |  4.916E-04 1.085E-02
    2031 1.0660E+00 4.9161E-04  ( 0.342    , -1.302E-03,   0.00    ) |  4.916E-04 1.085E-02
    2032 1.0665E+00 4.9161E-04  ( 0.342    , -1.302E-03,   0.00    ) |  4.916E-04 1.085E-02
    2033 1.0670E+00 4.9161E-04  ( 0.342    , -1.302E-03,   0.00    ) |  4.916E-04 1.085E-02
    2034 1.0674E+00 4.9162E-04  ( 0.342    , -1.302E-03,   0.00    ) |  4.916E-04 1.085E-02
    2035 1.0679E+00 4.9162E-04  ( 0.342    , -1.302E-03,   0.00    ) |  4.916E-04 1.085E-02
    2036 1.0684E+00 4.9162E-04  ( 0.342    , -1.302E-03,   0.00    ) |  4.916E-04 1.085E-02
    2037 1.0689E+00 4.9162E-04  ( 0.342    , -1.302E-03,   0.00    ) |  4.916E-04 1.085E-02
    2038 1.0694E+00 4.9162E-04  ( 0.342    , -1.302E-03,   0.00    ) |  4.916E-04 1.085E-02
    2039 1.0699E+00 4.9162E-04  ( 0.342    ,  1.302E-03,   0.00    ) |  4.916E-04 1.085E-02
    2040 1.0704E+00 4.9162E-04  ( 0.342    ,  1.302E-03,   0.00    ) |  4.916E-04 1.085E-02
    2041 1.0709E+00 4.9162E-04  ( 0.342    ,  1.302E-03,   0.00    ) |  4.916E-04 1.085E-02
    2042 1.0714E+00 4.9162E-04  ( 0.342    ,  1.302E-03,   0.00    ) |  4.916E-04 1.085E-02
    2043 1.0719E+00 4.9162E-04  ( 0.342    ,  1.302E-03,   0.00    ) |  4.916E-04 1.085E-02
    2044 1.0724E+00 4.9163E-04  ( 0.342    ,  1.302E-03,   0.00    ) |  4.916E-04 1.085E-02
    2045 1.0729E+00 4.9163E-04  ( 0.342    ,  1.302E-03,   0.00    ) |  4.916E-04 1.085E-02
    2046 1.0733E+00 4.9163E-04  ( 0.342    , -1.302E-03,   0.00    ) |  4.916E-04 1.085E-02
    2047 1.0738E+00 4.9163E-04  ( 0.342    , -1.302E-03,   0.00    ) |  4.916E-04 1.085E-02
    2048 1.0743E+00 4.9162E-04  ( 0.342    ,  1.302E-03,   0.00    ) |  4.916E-04 1.085E-02
    2049 1.0748E+00 4.9162E-04  ( 0.342    , -1.302E-03,   0.00    ) |  4.916E-04 1.085E-02
 *** Wrote plotfile to flash_run_hdf5_plt_cnt_0043 ****
    2050 1.0753E+00 4.9162E-04  ( 0.342    ,  1.302E-03,   0.00    ) |  4.916E-04 1.085E-02
    2051 1.0758E+00 4.9162E-04  ( 0.342    , -1.302E-03,   0.00    ) |  4.916E-04 1.085E-02
    2052 1.0763E+00 4.9162E-04  ( 0.342    , -1.302E-03,   0.00    ) |  4.916E-04 1.085E-02
    2053 1.0768E+00 4.9162E-04  ( 0.342    , -1.302E-03,   0.00    ) |  4.916E-04 1.085E-02
    2054 1.0773E+00 4.9162E-04  ( 0.342    , -1.302E-03,   0.00    ) |  4.916E-04 1.085E-02
    2055 1.0778E+00 4.9162E-04  ( 0.342    ,  1.302E-03,   0.00    ) |  4.916E-04 1.085E-02
    2056 1.0783E+00 4.9162E-04  ( 0.342    , -1.302E-03,   0.00    ) |  4.916E-04 1.085E-02
    2057 1.0788E+00 4.9162E-04  ( 0.342    , -1.302E-03,   0.00    ) |  4.916E-04 1.085E-02
    2058 1.0792E+00 4.9162E-04  ( 0.342    , -1.302E-03,   0.00    ) |  4.916E-04 1.085E-02
    2059 1.0797E+00 4.9162E-04  ( 0.342    ,  1.302E-03,   0.00    ) |  4.916E-04 1.085E-02
    2060 1.0802E+00 4.9161E-04  ( 0.342    ,  1.302E-03,   0.00    ) |  4.916E-04 1.085E-02
    2061 1.0807E+00 4.9161E-04  ( 0.342    , -1.302E-03,   0.00    ) |  4.916E-04 1.085E-02
    2062 1.0812E+00 4.9161E-04  ( 0.342    , -1.302E-03,   0.00    ) |  4.916E-04 1.085E-02
    2063 1.0817E+00 4.9161E-04  ( 0.342    ,  1.302E-03,   0.00    ) |  4.916E-04 1.085E-02
    2064 1.0822E+00 4.9161E-04  ( 0.342    ,  1.302E-03,   0.00    ) |  4.916E-04 1.085E-02
    2065 1.0827E+00 4.9160E-04  ( 0.342    ,  1.302E-03,   0.00    ) |  4.916E-04 1.085E-02
    2066 1.0832E+00 4.9160E-04  ( 0.342    ,  1.302E-03,   0.00    ) |  4.916E-04 1.085E-02
    2067 1.0837E+00 4.9160E-04  ( 0.342    ,  1.302E-03,   0.00    ) |  4.916E-04 1.085E-02
    2068 1.0842E+00 4.9160E-04  ( 0.342    ,  1.302E-03,   0.00    ) |  4.916E-04 1.085E-02
    2069 1.0847E+00 4.9159E-04  ( 0.342    ,  1.302E-03,   0.00    ) |  4.916E-04 1.085E-02
    2070 1.0851E+00 4.9159E-04  ( 0.342    ,  1.302E-03,   0.00    ) |  4.916E-04 1.085E-02
    2071 1.0856E+00 4.9159E-04  ( 0.342    ,  1.302E-03,   0.00    ) |  4.916E-04 1.085E-02
    2072 1.0861E+00 4.9158E-04  ( 0.342    ,  1.302E-03,   0.00    ) |  4.916E-04 1.085E-02
    2073 1.0866E+00 4.9158E-04  ( 0.342    ,  1.302E-03,   0.00    ) |  4.916E-04 1.085E-02
    2074 1.0871E+00 4.9158E-04  ( 0.342    ,  1.302E-03,   0.00    ) |  4.916E-04 1.085E-02
    2075 1.0876E+00 4.9158E-04  ( 0.342    ,  1.302E-03,   0.00    ) |  4.916E-04 1.085E-02
    2076 1.0881E+00 4.9157E-04  ( 0.342    ,  1.302E-03,   0.00    ) |  4.916E-04 1.085E-02
    2077 1.0886E+00 4.9157E-04  ( 0.342    ,  1.302E-03,   0.00    ) |  4.916E-04 1.085E-02
    2078 1.0891E+00 4.9157E-04  ( 0.342    ,  1.302E-03,   0.00    ) |  4.916E-04 1.085E-02
    2079 1.0896E+00 4.9156E-04  ( 0.342    ,  1.302E-03,   0.00    ) |  4.916E-04 1.085E-02
    2080 1.0901E+00 4.9156E-04  ( 0.342    ,  1.302E-03,   0.00    ) |  4.916E-04 1.085E-02
    2081 1.0906E+00 4.9156E-04  ( 0.342    ,  1.302E-03,   0.00    ) |  4.916E-04 1.085E-02
    2082 1.0910E+00 4.9156E-04  ( 0.342    ,  1.302E-03,   0.00    ) |  4.916E-04 1.085E-02
    2083 1.0915E+00 4.9155E-04  ( 0.342    ,  1.302E-03,   0.00    ) |  4.916E-04 1.085E-02
    2084 1.0920E+00 4.9155E-04  ( 0.342    ,  1.302E-03,   0.00    ) |  4.916E-04 1.085E-02
    2085 1.0925E+00 4.9155E-04  ( 0.342    ,  1.302E-03,   0.00    ) |  4.915E-04 1.085E-02
    2086 1.0930E+00 4.9155E-04  ( 0.342    ,  1.302E-03,   0.00    ) |  4.915E-04 1.085E-02
    2087 1.0935E+00 4.9154E-04  ( 0.342    ,  1.302E-03,   0.00    ) |  4.915E-04 1.085E-02
    2088 1.0940E+00 4.9154E-04  ( 0.342    ,  1.302E-03,   0.00    ) |  4.915E-04 1.085E-02
    2089 1.0945E+00 4.9154E-04  ( 0.342    ,  1.302E-03,   0.00    ) |  4.915E-04 1.085E-02
    2090 1.0950E+00 4.9153E-04  ( 0.342    ,  1.302E-03,   0.00    ) |  4.915E-04 1.085E-02
    2091 1.0955E+00 4.9153E-04  ( 0.342    ,  1.302E-03,   0.00    ) |  4.915E-04 1.085E-02
    2092 1.0960E+00 4.9152E-04  ( 0.342    ,  1.302E-03,   0.00    ) |  4.915E-04 1.085E-02
    2093 1.0964E+00 4.9152E-04  ( 0.340    ,  1.302E-03,   0.00    ) |  4.915E-04 1.085E-02
    2094 1.0969E+00 4.9152E-04  ( 0.340    ,  1.302E-03,   0.00    ) |  4.915E-04 1.085E-02
    2095 1.0974E+00 4.9151E-04  ( 0.340    ,  1.302E-03,   0.00    ) |  4.915E-04 1.085E-02
    2096 1.0979E+00 4.9151E-04  ( 0.340    , -1.302E-03,   0.00    ) |  4.915E-04 1.085E-02
    2097 1.0984E+00 4.9150E-04  ( 0.340    , -1.302E-03,   0.00    ) |  4.915E-04 1.085E-02
    2098 1.0989E+00 4.9150E-04  ( 0.340    ,  1.302E-03,   0.00    ) |  4.915E-04 1.085E-02
    2099 1.0994E+00 4.9149E-04  ( 0.340    ,  1.302E-03,   0.00    ) |  4.915E-04 1.085E-02
    2100 1.0999E+00 4.9149E-04  ( 0.340    ,  1.302E-03,   0.00    ) |  4.915E-04 1.085E-02
 *** Wrote plotfile to flash_run_hdf5_plt_cnt_0044 ****
    2101 1.1004E+00 4.9148E-04  ( 0.340    ,  1.302E-03,   0.00    ) |  4.915E-04 1.085E-02
    2102 1.1009E+00 4.9148E-04  ( 0.340    ,  1.302E-03,   0.00    ) |  4.915E-04 1.085E-02
    2103 1.1014E+00 4.9147E-04  ( 0.340    ,  1.302E-03,   0.00    ) |  4.915E-04 1.085E-02
    2104 1.1019E+00 4.9147E-04  ( 0.340    ,  1.302E-03,   0.00    ) |  4.915E-04 1.085E-02
    2105 1.1023E+00 4.9146E-04  ( 0.340    ,  1.302E-03,   0.00    ) |  4.915E-04 1.085E-02
    2106 1.1028E+00 4.9146E-04  ( 0.340    ,  1.302E-03,   0.00    ) |  4.915E-04 1.085E-02
    2107 1.1033E+00 4.9145E-04  ( 0.340    ,  1.302E-03,   0.00    ) |  4.915E-04 1.085E-02
    2108 1.1038E+00 4.9145E-04  ( 0.340    ,  1.302E-03,   0.00    ) |  4.915E-04 1.085E-02
    2109 1.1043E+00 4.9145E-04  ( 0.340    ,  1.302E-03,   0.00    ) |  4.914E-04 1.085E-02
    2110 1.1048E+00 4.9144E-04  ( 0.340    ,  1.302E-03,   0.00    ) |  4.914E-04 1.085E-02
    2111 1.1053E+00 4.9144E-04  ( 0.340    ,  1.302E-03,   0.00    ) |  4.914E-04 1.085E-02
    2112 1.1058E+00 4.9143E-04  ( 0.340    ,  1.302E-03,   0.00    ) |  4.914E-04 1.085E-02
    2113 1.1063E+00 4.9143E-04  ( 0.340    ,  1.302E-03,   0.00    ) |  4.914E-04 1.085E-02
    2114 1.1068E+00 4.9142E-04  ( 0.340    ,  1.302E-03,   0.00    ) |  4.914E-04 1.085E-02
    2115 1.1073E+00 4.9142E-04  ( 0.340    ,  1.302E-03,   0.00    ) |  4.914E-04 1.085E-02
    2116 1.1078E+00 4.9141E-04  ( 0.340    ,  1.302E-03,   0.00    ) |  4.914E-04 1.085E-02
    2117 1.1082E+00 4.9141E-04  ( 0.340    ,  1.302E-03,   0.00    ) |  4.914E-04 1.085E-02
    2118 1.1087E+00 4.9141E-04  ( 0.340    ,  1.302E-03,   0.00    ) |  4.914E-04 1.085E-02
    2119 1.1092E+00 4.9140E-04  ( 0.340    ,  1.302E-03,   0.00    ) |  4.914E-04 1.085E-02
    2120 1.1097E+00 4.9140E-04  ( 0.340    ,  1.302E-03,   0.00    ) |  4.914E-04 1.085E-02
    2121 1.1102E+00 4.9139E-04  ( 0.340    ,  1.302E-03,   0.00    ) |  4.914E-04 1.085E-02
    2122 1.1107E+00 4.9138E-04  ( 0.340    ,  1.302E-03,   0.00    ) |  4.914E-04 1.085E-02
    2123 1.1112E+00 4.9138E-04  ( 0.340    ,  1.302E-03,   0.00    ) |  4.914E-04 1.085E-02
    2124 1.1117E+00 4.9137E-04  ( 0.340    ,  1.302E-03,   0.00    ) |  4.914E-04 1.085E-02
    2125 1.1122E+00 4.9137E-04  ( 0.340    ,  1.302E-03,   0.00    ) |  4.914E-04 1.085E-02
    2126 1.1127E+00 4.9136E-04  ( 0.340    ,  1.302E-03,   0.00    ) |  4.914E-04 1.085E-02
    2127 1.1132E+00 4.9136E-04  ( 0.340    ,  1.302E-03,   0.00    ) |  4.914E-04 1.085E-02
    2128 1.1136E+00 4.9135E-04  ( 0.340    ,  1.302E-03,   0.00    ) |  4.914E-04 1.085E-02
    2129 1.1141E+00 4.9135E-04  ( 0.340    ,  1.302E-03,   0.00    ) |  4.913E-04 1.085E-02
    2130 1.1146E+00 4.9134E-04  ( 0.340    ,  1.302E-03,   0.00    ) |  4.913E-04 1.085E-02
    2131 1.1151E+00 4.9134E-04  ( 0.340    ,  1.302E-03,   0.00    ) |  4.913E-04 1.085E-02
    2132 1.1156E+00 4.9133E-04  ( 0.340    ,  1.302E-03,   0.00    ) |  4.913E-04 1.085E-02
    2133 1.1161E+00 4.9133E-04  ( 0.340    ,  1.302E-03,   0.00    ) |  4.913E-04 1.085E-02
    2134 1.1166E+00 4.9132E-04  ( 0.340    ,  1.302E-03,   0.00    ) |  4.913E-04 1.085E-02
    2135 1.1171E+00 4.9132E-04  (-0.340    ,  1.302E-03,   0.00    ) |  4.913E-04 1.085E-02
    2136 1.1176E+00 4.9131E-04  (-0.340    ,  1.302E-03,   0.00    ) |  4.913E-04 1.085E-02
    2137 1.1181E+00 4.9131E-04  (-0.340    ,  1.302E-03,   0.00    ) |  4.913E-04 1.085E-02
    2138 1.1186E+00 4.9130E-04  (-0.340    ,  1.302E-03,   0.00    ) |  4.913E-04 1.085E-02
    2139 1.1191E+00 4.9130E-04  (-0.340    ,  1.302E-03,   0.00    ) |  4.913E-04 1.085E-02
    2140 1.1195E+00 4.9129E-04  (-0.340    ,  1.302E-03,   0.00    ) |  4.913E-04 1.085E-02
    2141 1.1200E+00 4.9129E-04  (-0.340    ,  1.302E-03,   0.00    ) |  4.913E-04 1.085E-02
    2142 1.1205E+00 4.9128E-04  (-0.340    ,  1.302E-03,   0.00    ) |  4.913E-04 1.085E-02
    2143 1.1210E+00 4.9127E-04  (-0.340    ,  1.302E-03,   0.00    ) |  4.913E-04 1.085E-02
    2144 1.1215E+00 4.9127E-04  (-0.340    ,  1.302E-03,   0.00    ) |  4.913E-04 1.085E-02
    2145 1.1220E+00 4.9126E-04  (-0.340    ,  1.302E-03,   0.00    ) |  4.913E-04 1.085E-02
    2146 1.1225E+00 4.9126E-04  (-0.340    ,  1.302E-03,   0.00    ) |  4.913E-04 1.085E-02
    2147 1.1230E+00 4.9125E-04  (-0.340    ,  1.302E-03,   0.00    ) |  4.913E-04 1.085E-02
    2148 1.1235E+00 4.9125E-04  (-0.340    ,  1.302E-03,   0.00    ) |  4.912E-04 1.085E-02
    2149 1.1240E+00 4.9124E-04  (-0.340    ,  1.302E-03,   0.00    ) |  4.912E-04 1.085E-02
    2150 1.1245E+00 4.9124E-04  (-0.340    ,  1.302E-03,   0.00    ) |  4.912E-04 1.085E-02
    2151 1.1249E+00 4.9123E-04  (-0.340    ,  1.302E-03,   0.00    ) |  4.912E-04 1.085E-02
 *** Wrote plotfile to flash_run_hdf5_plt_cnt_0045 ****
    2152 1.1254E+00 4.9123E-04  (-0.340    ,  1.302E-03,   0.00    ) |  4.912E-04 1.085E-02
    2153 1.1259E+00 4.9122E-04  (-0.340    ,  1.302E-03,   0.00    ) |  4.912E-04 1.085E-02
    2154 1.1264E+00 4.9122E-04  (-0.340    ,  1.302E-03,   0.00    ) |  4.912E-04 1.085E-02
    2155 1.1269E+00 4.9121E-04  (-0.340    ,  1.302E-03,   0.00    ) |  4.912E-04 1.085E-02
    2156 1.1274E+00 4.9121E-04  (-0.340    ,  1.302E-03,   0.00    ) |  4.912E-04 1.085E-02
    2157 1.1279E+00 4.9120E-04  (-0.340    ,  1.302E-03,   0.00    ) |  4.912E-04 1.085E-02
    2158 1.1284E+00 4.9119E-04  (-0.340    ,  1.302E-03,   0.00    ) |  4.912E-04 1.085E-02
    2159 1.1289E+00 4.9119E-04  (-0.340    ,  1.302E-03,   0.00    ) |  4.912E-04 1.085E-02
    2160 1.1294E+00 4.9118E-04  (-0.340    ,  1.302E-03,   0.00    ) |  4.912E-04 1.085E-02
    2161 1.1299E+00 4.9118E-04  (-0.340    ,  1.302E-03,   0.00    ) |  4.912E-04 1.085E-02
    2162 1.1304E+00 4.9117E-04  (-0.340    ,  1.302E-03,   0.00    ) |  4.912E-04 1.085E-02
    2163 1.1308E+00 4.9117E-04  (-0.340    ,  1.302E-03,   0.00    ) |  4.912E-04 1.085E-02
    2164 1.1313E+00 4.9116E-04  (-0.340    ,  1.302E-03,   0.00    ) |  4.912E-04 1.085E-02
    2165 1.1318E+00 4.9115E-04  (-0.340    ,  1.302E-03,   0.00    ) |  4.912E-04 1.085E-02
    2166 1.1323E+00 4.9115E-04  (-0.340    ,  1.302E-03,   0.00    ) |  4.911E-04 1.085E-02
    2167 1.1328E+00 4.9114E-04  (-0.340    ,  1.302E-03,   0.00    ) |  4.911E-04 1.085E-02
    2168 1.1333E+00 4.9114E-04  (-0.340    ,  1.302E-03,   0.00    ) |  4.911E-04 1.085E-02
    2169 1.1338E+00 4.9113E-04  (-0.340    ,  1.302E-03,   0.00    ) |  4.911E-04 1.085E-02
    2170 1.1343E+00 4.9112E-04  (-0.340    ,  1.302E-03,   0.00    ) |  4.911E-04 1.085E-02
    2171 1.1348E+00 4.9112E-04  (-0.340    ,  1.302E-03,   0.00    ) |  4.911E-04 1.085E-02
    2172 1.1353E+00 4.9111E-04  (-0.340    ,  1.302E-03,   0.00    ) |  4.911E-04 1.085E-02
    2173 1.1358E+00 4.9111E-04  (-0.340    ,  1.302E-03,   0.00    ) |  4.911E-04 1.085E-02
    2174 1.1362E+00 4.9110E-04  (-0.340    ,  1.302E-03,   0.00    ) |  4.911E-04 1.085E-02
    2175 1.1367E+00 4.9109E-04  (-0.340    ,  1.302E-03,   0.00    ) |  4.911E-04 1.085E-02
    2176 1.1372E+00 4.9109E-04  (-0.340    ,  1.302E-03,   0.00    ) |  4.911E-04 1.085E-02
    2177 1.1377E+00 4.9108E-04  (-0.340    ,  1.302E-03,   0.00    ) |  4.911E-04 1.085E-02
    2178 1.1382E+00 4.9108E-04  (-0.340    ,  1.302E-03,   0.00    ) |  4.911E-04 1.085E-02
    2179 1.1387E+00 4.9107E-04  (-0.340    ,  1.302E-03,   0.00    ) |  4.911E-04 1.085E-02
    2180 1.1392E+00 4.9106E-04  (-0.340    ,  1.302E-03,   0.00    ) |  4.911E-04 1.085E-02
    2181 1.1397E+00 4.9106E-04  (-0.340    ,  1.302E-03,   0.00    ) |  4.911E-04 1.085E-02
    2182 1.1402E+00 4.9105E-04  (-0.340    ,  1.302E-03,   0.00    ) |  4.911E-04 1.085E-02
    2183 1.1407E+00 4.9105E-04  (-0.340    ,  1.302E-03,   0.00    ) |  4.910E-04 1.085E-02
    2184 1.1412E+00 4.9104E-04  (-0.340    ,  1.302E-03,   0.00    ) |  4.910E-04 1.085E-02
    2185 1.1416E+00 4.9103E-04  (-0.340    ,  1.302E-03,   0.00    ) |  4.910E-04 1.085E-02
    2186 1.1421E+00 4.9103E-04  (-0.340    ,  1.302E-03,   0.00    ) |  4.910E-04 1.085E-02
    2187 1.1426E+00 4.9102E-04  (-0.340    ,  1.302E-03,   0.00    ) |  4.910E-04 1.085E-02
    2188 1.1431E+00 4.9102E-04  (-0.340    ,  1.302E-03,   0.00    ) |  4.910E-04 1.085E-02
    2189 1.1436E+00 4.9101E-04  (-0.340    ,  1.302E-03,   0.00    ) |  4.910E-04 1.085E-02
    2190 1.1441E+00 4.9100E-04  (-0.340    ,  1.302E-03,   0.00    ) |  4.910E-04 1.085E-02
    2191 1.1446E+00 4.9100E-04  (-0.340    ,  1.302E-03,   0.00    ) |  4.910E-04 1.085E-02
    2192 1.1451E+00 4.9099E-04  (-0.340    ,  1.302E-03,   0.00    ) |  4.910E-04 1.085E-02
    2193 1.1456E+00 4.9099E-04  (-0.340    ,  1.302E-03,   0.00    ) |  4.910E-04 1.085E-02
    2194 1.1461E+00 4.9098E-04  (-0.340    ,  1.302E-03,   0.00    ) |  4.910E-04 1.085E-02
    2195 1.1466E+00 4.9097E-04  (-0.340    ,  1.302E-03,   0.00    ) |  4.910E-04 1.085E-02
    2196 1.1470E+00 4.9097E-04  (-0.340    ,  1.302E-03,   0.00    ) |  4.910E-04 1.085E-02
    2197 1.1475E+00 4.9096E-04  (-0.340    ,  1.302E-03,   0.00    ) |  4.910E-04 1.085E-02
    2198 1.1480E+00 4.9096E-04  (-0.340    ,  1.302E-03,   0.00    ) |  4.910E-04 1.085E-02
    2199 1.1485E+00 4.9095E-04  (-0.340    ,  1.302E-03,   0.00    ) |  4.909E-04 1.085E-02
    2200 1.1490E+00 4.9094E-04  (-0.337    ,  1.302E-03,   0.00    ) |  4.909E-04 1.085E-02
    2201 1.1495E+00 4.9094E-04  (-0.337    ,  1.302E-03,   0.00    ) |  4.909E-04 1.085E-02
    2202 1.1500E+00 4.9093E-04  (-0.337    ,  1.302E-03,   0.00    ) |  4.909E-04 1.085E-02
 *** Wrote plotfile to flash_run_hdf5_plt_cnt_0046 ****
    2203 1.1505E+00 4.9092E-04  (-0.337    ,  1.302E-03,   0.00    ) |  4.909E-04 1.085E-02
    2204 1.1510E+00 4.9092E-04  (-0.337    ,  1.302E-03,   0.00    ) |  4.909E-04 1.085E-02
    2205 1.1515E+00 4.9091E-04  (-0.337    ,  1.302E-03,   0.00    ) |  4.909E-04 1.085E-02
    2206 1.1520E+00 4.9091E-04  (-0.337    ,  1.302E-03,   0.00    ) |  4.909E-04 1.085E-02
    2207 1.1524E+00 4.9090E-04  (-0.337    ,  1.302E-03,   0.00    ) |  4.909E-04 1.085E-02
    2208 1.1529E+00 4.9089E-04  (-0.337    , -1.302E-03,   0.00    ) |  4.909E-04 1.085E-02
    2209 1.1534E+00 4.9089E-04  (-0.337    ,  1.302E-03,   0.00    ) |  4.909E-04 1.085E-02
    2210 1.1539E+00 4.9088E-04  (-0.337    ,  1.302E-03,   0.00    ) |  4.909E-04 1.085E-02
    2211 1.1544E+00 4.9087E-04  (-0.337    ,  1.302E-03,   0.00    ) |  4.909E-04 1.085E-02
    2212 1.1549E+00 4.9087E-04  (-0.337    ,  1.302E-03,   0.00    ) |  4.909E-04 1.085E-02
    2213 1.1554E+00 4.9086E-04  (-0.337    ,  1.302E-03,   0.00    ) |  4.909E-04 1.085E-02
    2214 1.1559E+00 4.9086E-04  (-0.337    ,  1.302E-03,   0.00    ) |  4.909E-04 1.085E-02
    2215 1.1564E+00 4.9085E-04  (-0.337    ,  1.302E-03,   0.00    ) |  4.909E-04 1.085E-02
    2216 1.1569E+00 4.9085E-04  (-0.337    ,  1.302E-03,   0.00    ) |  4.908E-04 1.085E-02
    2217 1.1574E+00 4.9084E-04  (-0.337    ,  1.302E-03,   0.00    ) |  4.908E-04 1.085E-02
    2218 1.1578E+00 4.9083E-04  (-0.337    ,  1.302E-03,   0.00    ) |  4.908E-04 1.085E-02
    2219 1.1583E+00 4.9083E-04  (-0.337    ,  1.302E-03,   0.00    ) |  4.908E-04 1.085E-02
    2220 1.1588E+00 4.9082E-04  (-0.337    ,  1.302E-03,   0.00    ) |  4.908E-04 1.085E-02
    2221 1.1593E+00 4.9082E-04  (-0.337    ,  1.302E-03,   0.00    ) |  4.908E-04 1.085E-02
    2222 1.1598E+00 4.9081E-04  (-0.337    ,  1.302E-03,   0.00    ) |  4.908E-04 1.085E-02
    2223 1.1603E+00 4.9081E-04  (-0.337    ,  1.302E-03,   0.00    ) |  4.908E-04 1.085E-02
    2224 1.1608E+00 4.9080E-04  (-0.337    ,  1.302E-03,   0.00    ) |  4.908E-04 1.085E-02
    2225 1.1613E+00 4.9079E-04  (-0.337    ,  1.302E-03,   0.00    ) |  4.908E-04 1.085E-02
    2226 1.1618E+00 4.9079E-04  (-0.337    ,  1.302E-03,   0.00    ) |  4.908E-04 1.085E-02
    2227 1.1623E+00 4.9078E-04  (-0.337    ,  1.302E-03,   0.00    ) |  4.908E-04 1.085E-02
    2228 1.1628E+00 4.9078E-04  (-0.337    , -1.302E-03,   0.00    ) |  4.908E-04 1.085E-02
    2229 1.1632E+00 4.9077E-04  (-0.337    ,  1.302E-03,   0.00    ) |  4.908E-04 1.085E-02
    2230 1.1637E+00 4.9077E-04  (-0.337    ,  1.302E-03,   0.00    ) |  4.908E-04 1.085E-02
    2231 1.1642E+00 4.9076E-04  (-0.337    , -1.302E-03,   0.00    ) |  4.908E-04 1.085E-02
    2232 1.1647E+00 4.9076E-04  (-0.337    , -1.302E-03,   0.00    ) |  4.908E-04 1.085E-02
    2233 1.1652E+00 4.9075E-04  (-0.337    , -1.302E-03,   0.00    ) |  4.908E-04 1.085E-02
    2234 1.1657E+00 4.9074E-04  (-0.337    , -1.302E-03,   0.00    ) |  4.907E-04 1.085E-02
    2235 1.1662E+00 4.9074E-04  (-0.337    ,  1.302E-03,   0.00    ) |  4.907E-04 1.085E-02
    2236 1.1667E+00 4.9073E-04  (-0.337    ,  1.302E-03,   0.00    ) |  4.907E-04 1.085E-02
    2237 1.1672E+00 4.9073E-04  (-0.337    ,  1.302E-03,   0.00    ) |  4.907E-04 1.085E-02
    2238 1.1677E+00 4.9072E-04  (-0.337    , -1.302E-03,   0.00    ) |  4.907E-04 1.085E-02
    2239 1.1682E+00 4.9072E-04  (-0.337    , -1.302E-03,   0.00    ) |  4.907E-04 1.085E-02
    2240 1.1686E+00 4.9071E-04  (-0.337    , -1.302E-03,   0.00    ) |  4.907E-04 1.085E-02
    2241 1.1691E+00 4.9071E-04  (-0.337    ,  1.302E-03,   0.00    ) |  4.907E-04 1.085E-02
    2242 1.1696E+00 4.9070E-04  (-0.337    ,  1.302E-03,   0.00    ) |  4.907E-04 1.085E-02
    2243 1.1701E+00 4.9070E-04  (-0.337    , -1.302E-03,   0.00    ) |  4.907E-04 1.085E-02
    2244 1.1706E+00 4.9069E-04  (-0.337    , -1.302E-03,   0.00    ) |  4.907E-04 1.085E-02
    2245 1.1711E+00 4.9069E-04  (-0.337    , -1.302E-03,   0.00    ) |  4.907E-04 1.085E-02
    2246 1.1716E+00 4.9068E-04  (-0.337    , -1.302E-03,   0.00    ) |  4.907E-04 1.085E-02
    2247 1.1721E+00 4.9068E-04  (-0.337    , -1.302E-03,   0.00    ) |  4.907E-04 1.085E-02
    2248 1.1726E+00 4.9067E-04  (-0.337    ,  1.302E-03,   0.00    ) |  4.907E-04 1.085E-02
    2249 1.1731E+00 4.9066E-04  (-0.337    , -1.302E-03,   0.00    ) |  4.907E-04 1.085E-02
    2250 1.1736E+00 4.9066E-04  (-0.337    , -1.302E-03,   0.00    ) |  4.907E-04 1.085E-02
    2251 1.1740E+00 4.9065E-04  (-0.337    , -1.302E-03,   0.00    ) |  4.907E-04 1.085E-02
    2252 1.1745E+00 4.9065E-04  (-0.337    , -1.302E-03,   0.00    ) |  4.906E-04 1.085E-02
 *** Wrote plotfile to flash_run_hdf5_plt_cnt_0047 ****
    2253 1.1750E+00 4.9064E-04  (-0.337    , -1.302E-03,   0.00    ) |  4.906E-04 1.085E-02
    2254 1.1755E+00 4.9064E-04  (-0.337    ,  1.302E-03,   0.00    ) |  4.906E-04 1.085E-02
    2255 1.1760E+00 4.9063E-04  (-0.337    , -1.302E-03,   0.00    ) |  4.906E-04 1.085E-02
    2256 1.1765E+00 4.9063E-04  (-0.337    , -1.302E-03,   0.00    ) |  4.906E-04 1.085E-02
    2257 1.1770E+00 4.9062E-04  (-0.337    , -1.302E-03,   0.00    ) |  4.906E-04 1.085E-02
    2258 1.1775E+00 4.9061E-04  (-0.337    , -1.302E-03,   0.00    ) |  4.906E-04 1.085E-02
    2259 1.1780E+00 4.9061E-04  (-0.337    , -1.302E-03,   0.00    ) |  4.906E-04 1.085E-02
    2260 1.1785E+00 4.9060E-04  (-0.337    , -1.302E-03,   0.00    ) |  4.906E-04 1.085E-02
    2261 1.1790E+00 4.9060E-04  (-0.337    ,  1.302E-03,   0.00    ) |  4.906E-04 1.085E-02
    2262 1.1794E+00 4.9059E-04  (-0.337    ,  1.302E-03,   0.00    ) |  4.906E-04 1.085E-02
    2263 1.1799E+00 4.9058E-04  (-0.337    ,  1.302E-03,   0.00    ) |  4.906E-04 1.085E-02
    2264 1.1804E+00 4.9058E-04  (-0.337    , -1.302E-03,   0.00    ) |  4.906E-04 1.085E-02
    2265 1.1809E+00 4.9057E-04  (-0.337    , -1.302E-03,   0.00    ) |  4.906E-04 1.085E-02
    2266 1.1814E+00 4.9057E-04  (-0.337    ,  1.302E-03,   0.00    ) |  4.906E-04 1.085E-02
    2267 1.1819E+00 4.9056E-04  (-0.337    ,  1.302E-03,   0.00    ) |  4.906E-04 1.085E-02
    2268 1.1824E+00 4.9055E-04  (-0.337    ,  1.302E-03,   0.00    ) |  4.906E-04 1.085E-02
    2269 1.1829E+00 4.9055E-04  (-0.337    ,  1.302E-03,   0.00    ) |  4.905E-04 1.085E-02
    2270 1.1834E+00 4.9054E-04  (-0.337    ,  1.302E-03,   0.00    ) |  4.905E-04 1.085E-02
    2271 1.1839E+00 4.9054E-04  (-0.337    , -1.302E-03,   0.00    ) |  4.905E-04 1.085E-02
    2272 1.1843E+00 4.9053E-04  (-0.337    ,  1.302E-03,   0.00    ) |  4.905E-04 1.085E-02
    2273 1.1848E+00 4.9052E-04  (-0.337    ,  1.302E-03,   0.00    ) |  4.905E-04 1.085E-02
    2274 1.1853E+00 4.9052E-04  (-0.337    ,  1.302E-03,   0.00    ) |  4.905E-04 1.085E-02
    2275 1.1858E+00 4.9051E-04  (-0.337    ,  1.302E-03,   0.00    ) |  4.905E-04 1.085E-02
    2276 1.1863E+00 4.9051E-04  (-0.337    ,  1.302E-03,   0.00    ) |  4.905E-04 1.085E-02
    2277 1.1868E+00 4.9050E-04  (-0.337    ,  1.302E-03,   0.00    ) |  4.905E-04 1.085E-02
    2278 1.1873E+00 4.9049E-04  (-0.337    ,  1.302E-03,   0.00    ) |  4.905E-04 1.085E-02
    2279 1.1878E+00 4.9049E-04  (-0.337    ,  1.302E-03,   0.00    ) |  4.905E-04 1.085E-02
    2280 1.1883E+00 4.9048E-04  (-0.337    ,  1.302E-03,   0.00    ) |  4.905E-04 1.085E-02
    2281 1.1888E+00 4.9047E-04  (-0.337    ,  1.302E-03,   0.00    ) |  4.905E-04 1.085E-02
    2282 1.1893E+00 4.9047E-04  (-0.337    ,  1.302E-03,   0.00    ) |  4.905E-04 1.085E-02
    2283 1.1897E+00 4.9046E-04  (-0.337    ,  1.302E-03,   0.00    ) |  4.905E-04 1.085E-02
    2284 1.1902E+00 4.9045E-04  (-0.337    ,  1.302E-03,   0.00    ) |  4.905E-04 1.085E-02
    2285 1.1907E+00 4.9045E-04  (-0.337    ,  1.302E-03,   0.00    ) |  4.904E-04 1.085E-02
    2286 1.1912E+00 4.9044E-04  (-0.337    ,  1.302E-03,   0.00    ) |  4.904E-04 1.085E-02
    2287 1.1917E+00 4.9043E-04  (-0.337    ,  1.302E-03,   0.00    ) |  4.904E-04 1.085E-02
    2288 1.1922E+00 4.9043E-04  (-0.337    , -1.302E-03,   0.00    ) |  4.904E-04 1.085E-02
    2289 1.1927E+00 4.9042E-04  (-0.337    , -1.302E-03,   0.00    ) |  4.904E-04 1.085E-02
    2290 1.1932E+00 4.9041E-04  (-0.337    ,  1.302E-03,   0.00    ) |  4.904E-04 1.085E-02
    2291 1.1937E+00 4.9040E-04  (-0.337    , -1.302E-03,   0.00    ) |  4.904E-04 1.085E-02
    2292 1.1942E+00 4.9039E-04  (-0.337    , -1.302E-03,   0.00    ) |  4.904E-04 1.085E-02
    2293 1.1946E+00 4.9039E-04  (-0.337    , -1.302E-03,   0.00    ) |  4.904E-04 1.085E-02
    2294 1.1951E+00 4.9038E-04  (-0.337    , -1.302E-03,   0.00    ) |  4.904E-04 1.085E-02
    2295 1.1956E+00 4.9037E-04  (-0.337    , -1.302E-03,   0.00    ) |  4.904E-04 1.085E-02
    2296 1.1961E+00 4.9036E-04  (-0.337    , -1.302E-03,   0.00    ) |  4.904E-04 1.085E-02
    2297 1.1966E+00 4.9036E-04  (-0.337    , -1.302E-03,   0.00    ) |  4.904E-04 1.085E-02
    2298 1.1971E+00 4.9035E-04  (-0.337    , -1.302E-03,   0.00    ) |  4.903E-04 1.085E-02
    2299 1.1976E+00 4.9034E-04  (-0.335    ,  1.302E-03,   0.00    ) |  4.903E-04 1.085E-02
    2300 1.1981E+00 4.9033E-04  (-0.335    ,  1.302E-03,   0.00    ) |  4.903E-04 1.085E-02
    2301 1.1986E+00 4.9032E-04  (-0.335    ,  1.302E-03,   0.00    ) |  4.903E-04 1.085E-02
    2302 1.1991E+00 4.9031E-04  (-0.335    ,  1.302E-03,   0.00    ) |  4.903E-04 1.085E-02
    2303 1.1995E+00 4.9031E-04  (-0.335    ,  1.302E-03,   0.00    ) |  4.903E-04 1.085E-02
 *** Wrote plotfile to flash_run_hdf5_plt_cnt_0048 ****
    2304 1.2000E+00 4.9030E-04  (-0.335    ,  1.302E-03,   0.00    ) |  4.903E-04 1.085E-02
    2305 1.2005E+00 4.9029E-04  (-0.335    ,  1.302E-03,   0.00    ) |  4.903E-04 1.085E-02
    2306 1.2010E+00 4.9028E-04  (-0.335    ,  1.302E-03,   0.00    ) |  4.903E-04 1.085E-02
    2307 1.2015E+00 4.9027E-04  (-0.335    ,  1.302E-03,   0.00    ) |  4.903E-04 1.085E-02
    2308 1.2020E+00 4.9026E-04  (-0.335    ,  1.302E-03,   0.00    ) |  4.903E-04 1.085E-02
    2309 1.2025E+00 4.9025E-04  (-0.335    ,  1.302E-03,   0.00    ) |  4.903E-04 1.085E-02
    2310 1.2030E+00 4.9024E-04  (-0.335    ,  1.302E-03,   0.00    ) |  4.902E-04 1.085E-02
    2311 1.2035E+00 4.9023E-04  (-0.335    ,  1.302E-03,   0.00    ) |  4.902E-04 1.085E-02
    2312 1.2040E+00 4.9022E-04  (-0.335    ,  1.302E-03,   0.00    ) |  4.902E-04 1.085E-02
    2313 1.2045E+00 4.9021E-04  (-0.335    ,  1.302E-03,   0.00    ) |  4.902E-04 1.085E-02
    2314 1.2049E+00 4.9020E-04  (-0.335    ,  1.302E-03,   0.00    ) |  4.902E-04 1.085E-02
    2315 1.2054E+00 4.9019E-04  (-0.335    ,  1.302E-03,   0.00    ) |  4.902E-04 1.085E-02
    2316 1.2059E+00 4.9018E-04  (-0.335    ,  1.302E-03,   0.00    ) |  4.902E-04 1.085E-02
    2317 1.2064E+00 4.9017E-04  (-0.335    ,  1.302E-03,   0.00    ) |  4.902E-04 1.085E-02
    2318 1.2069E+00 4.9016E-04  (-0.335    ,  1.302E-03,   0.00    ) |  4.902E-04 1.085E-02
    2319 1.2074E+00 4.9015E-04  (-0.335    ,  1.302E-03,   0.00    ) |  4.902E-04 1.085E-02
    2320 1.2079E+00 4.9014E-04  (-0.335    ,  1.302E-03,   0.00    ) |  4.901E-04 1.085E-02
    2321 1.2084E+00 4.9013E-04  (-0.335    ,  1.302E-03,   0.00    ) |  4.901E-04 1.085E-02
    2322 1.2089E+00 4.9012E-04  (-0.335    ,  1.302E-03,   0.00    ) |  4.901E-04 1.085E-02
    2323 1.2094E+00 4.9011E-04  (-0.335    ,  1.302E-03,   0.00    ) |  4.901E-04 1.085E-02
    2324 1.2098E+00 4.9010E-04  (-0.335    ,  1.302E-03,   0.00    ) |  4.901E-04 1.085E-02
    2325 1.2103E+00 4.9009E-04  (-0.335    ,  1.302E-03,   0.00    ) |  4.901E-04 1.085E-02
    2326 1.2108E+00 4.9008E-04  (-0.335    ,  1.302E-03,   0.00    ) |  4.901E-04 1.085E-02
    2327 1.2113E+00 4.9007E-04  (-0.335    ,  1.302E-03,   0.00    ) |  4.901E-04 1.085E-02
    2328 1.2118E+00 4.9005E-04  (-0.335    ,  1.302E-03,   0.00    ) |  4.901E-04 1.085E-02
    2329 1.2123E+00 4.9004E-04  (-0.335    ,  1.302E-03,   0.00    ) |  4.900E-04 1.085E-02
    2330 1.2128E+00 4.9003E-04  (-0.335    ,  1.302E-03,   0.00    ) |  4.900E-04 1.085E-02
    2331 1.2133E+00 4.9002E-04  (-0.335    ,  1.302E-03,   0.00    ) |  4.900E-04 1.085E-02
    2332 1.2138E+00 4.9001E-04  (-0.335    ,  1.302E-03,   0.00    ) |  4.900E-04 1.085E-02
    2333 1.2143E+00 4.9000E-04  (-0.335    ,  1.302E-03,   0.00    ) |  4.900E-04 1.085E-02
    2334 1.2147E+00 4.8999E-04  (-0.335    ,  1.302E-03,   0.00    ) |  4.900E-04 1.085E-02
    2335 1.2152E+00 4.8998E-04  (-0.335    ,  1.302E-03,   0.00    ) |  4.900E-04 1.085E-02
    2336 1.2157E+00 4.8996E-04  (-0.335    ,  1.302E-03,   0.00    ) |  4.900E-04 1.085E-02
    2337 1.2162E+00 4.8995E-04  (-0.335    ,  1.302E-03,   0.00    ) |  4.900E-04 1.085E-02
    2338 1.2167E+00 4.8994E-04  (-0.335    ,  1.302E-03,   0.00    ) |  4.899E-04 1.085E-02
    2339 1.2172E+00 4.8993E-04  (-0.335    ,  1.302E-03,   0.00    ) |  4.899E-04 1.085E-02
    2340 1.2177E+00 4.8992E-04  (-0.335    ,  1.302E-03,   0.00    ) |  4.899E-04 1.085E-02
    2341 1.2182E+00 4.8991E-04  (-0.335    ,  1.302E-03,   0.00    ) |  4.899E-04 1.085E-02
    2342 1.2187E+00 4.8990E-04  (-0.335    ,  1.302E-03,   0.00    ) |  4.899E-04 1.085E-02
    2343 1.2192E+00 4.8988E-04  (-0.335    ,  1.302E-03,   0.00    ) |  4.899E-04 1.085E-02
    2344 1.2196E+00 4.8987E-04  (-0.335    ,  1.302E-03,   0.00    ) |  4.899E-04 1.085E-02
    2345 1.2201E+00 4.8986E-04  (-0.335    ,  1.302E-03,   0.00    ) |  4.899E-04 1.085E-02
    2346 1.2206E+00 4.8985E-04  (-0.335    ,  1.302E-03,   0.00    ) |  4.899E-04 1.085E-02
    2347 1.2211E+00 4.8984E-04  (-0.335    ,  1.302E-03,   0.00    ) |  4.898E-04 1.085E-02
    2348 1.2216E+00 4.8983E-04  (-0.335    ,  1.302E-03,   0.00    ) |  4.898E-04 1.085E-02
    2349 1.2221E+00 4.8982E-04  (-0.335    ,  1.302E-03,   0.00    ) |  4.898E-04 1.085E-02
    2350 1.2226E+00 4.8981E-04  (-0.335    ,  1.302E-03,   0.00    ) |  4.898E-04 1.085E-02
    2351 1.2231E+00 4.8980E-04  (-0.335    ,  1.302E-03,   0.00    ) |  4.898E-04 1.085E-02
    2352 1.2236E+00 4.8979E-04  (-0.335    ,  1.302E-03,   0.00    ) |  4.898E-04 1.085E-02
    2353 1.2241E+00 4.8978E-04  (-0.335    ,  1.302E-03,   0.00    ) |  4.898E-04 1.085E-02
    2354 1.2245E+00 4.8977E-04  (-0.335    ,  1.302E-03,   0.00    ) |  4.898E-04 1.085E-02
 *** Wrote plotfile to flash_run_hdf5_plt_cnt_0049 ****
    2355 1.2250E+00 4.8975E-04  (-0.335    ,  1.302E-03,   0.00    ) |  4.898E-04 1.085E-02
    2356 1.2255E+00 4.8974E-04  (-0.335    ,  1.302E-03,   0.00    ) |  4.897E-04 1.085E-02
    2357 1.2260E+00 4.8973E-04  (-0.335    ,  1.302E-03,   0.00    ) |  4.897E-04 1.085E-02
    2358 1.2265E+00 4.8972E-04  (-0.335    ,  1.302E-03,   0.00    ) |  4.897E-04 1.085E-02
    2359 1.2270E+00 4.8971E-04  (-0.335    ,  1.302E-03,   0.00    ) |  4.897E-04 1.085E-02
    2360 1.2275E+00 4.8970E-04  (-0.335    ,  1.302E-03,   0.00    ) |  4.897E-04 1.085E-02
    2361 1.2280E+00 4.8969E-04  (-0.335    ,  1.302E-03,   0.00    ) |  4.897E-04 1.085E-02
    2362 1.2285E+00 4.8968E-04  (-0.335    ,  1.302E-03,   0.00    ) |  4.897E-04 1.085E-02
    2363 1.2289E+00 4.8967E-04  (-0.335    ,  1.302E-03,   0.00    ) |  4.897E-04 1.085E-02
    2364 1.2294E+00 4.8966E-04  (-0.335    ,  1.302E-03,   0.00    ) |  4.897E-04 1.085E-02
    2365 1.2299E+00 4.8965E-04  (-0.335    ,  1.302E-03,   0.00    ) |  4.897E-04 1.085E-02
    2366 1.2304E+00 4.8965E-04  (-0.335    ,  1.302E-03,   0.00    ) |  4.896E-04 1.085E-02
    2367 1.2309E+00 4.8964E-04  (-0.335    ,  1.302E-03,   0.00    ) |  4.896E-04 1.085E-02
    2368 1.2314E+00 4.8963E-04  (-0.335    ,  1.302E-03,   0.00    ) |  4.896E-04 1.085E-02
    2369 1.2319E+00 4.8962E-04  (-0.335    ,  1.302E-03,   0.00    ) |  4.896E-04 1.085E-02
    2370 1.2324E+00 4.8961E-04  (-0.335    ,  1.302E-03,   0.00    ) |  4.896E-04 1.085E-02
    2371 1.2329E+00 4.8961E-04  (-0.335    ,  1.302E-03,   0.00    ) |  4.896E-04 1.085E-02
    2372 1.2334E+00 4.8960E-04  (-0.335    ,  1.302E-03,   0.00    ) |  4.896E-04 1.085E-02
    2373 1.2338E+00 4.8959E-04  (-0.335    ,  1.302E-03,   0.00    ) |  4.896E-04 1.085E-02
    2374 1.2343E+00 4.8958E-04  (-0.335    ,  1.302E-03,   0.00    ) |  4.896E-04 1.085E-02
    2375 1.2348E+00 4.8958E-04  (-0.335    ,  1.302E-03,   0.00    ) |  4.896E-04 1.085E-02
    2376 1.2353E+00 4.8957E-04  (-0.335    ,  1.302E-03,   0.00    ) |  4.896E-04 1.085E-02
    2377 1.2358E+00 4.8956E-04  (-0.335    ,  1.302E-03,   0.00    ) |  4.896E-04 1.085E-02
    2378 1.2363E+00 4.8956E-04  (-0.335    ,  1.302E-03,   0.00    ) |  4.896E-04 1.085E-02
    2379 1.2368E+00 4.8955E-04  (-0.335    ,  1.302E-03,   0.00    ) |  4.895E-04 1.085E-02
    2380 1.2373E+00 4.8954E-04  (-0.335    ,  1.302E-03,   0.00    ) |  4.895E-04 1.085E-02
    2381 1.2378E+00 4.8954E-04  (-0.335    ,  1.302E-03,   0.00    ) |  4.895E-04 1.085E-02
    2382 1.2383E+00 4.8953E-04  (-0.335    ,  1.302E-03,   0.00    ) |  4.895E-04 1.085E-02
    2383 1.2387E+00 4.8952E-04  (-0.335    ,  1.302E-03,   0.00    ) |  4.895E-04 1.085E-02
    2384 1.2392E+00 4.8952E-04  (-0.335    ,  1.302E-03,   0.00    ) |  4.895E-04 1.085E-02
    2385 1.2397E+00 4.8951E-04  (-0.335    ,  1.302E-03,   0.00    ) |  4.895E-04 1.085E-02
    2386 1.2402E+00 4.8950E-04  (-0.335    ,  1.302E-03,   0.00    ) |  4.895E-04 1.085E-02
    2387 1.2407E+00 4.8950E-04  (-0.335    ,  1.302E-03,   0.00    ) |  4.895E-04 1.085E-02
    2388 1.2412E+00 4.8949E-04  (-0.335    ,  1.302E-03,   0.00    ) |  4.895E-04 1.085E-02
    2389 1.2417E+00 4.8948E-04  (-0.335    ,  1.302E-03,   0.00    ) |  4.895E-04 1.085E-02
    2390 1.2422E+00 4.8948E-04  (-0.335    ,  1.302E-03,   0.00    ) |  4.895E-04 1.085E-02
    2391 1.2427E+00 4.8947E-04  (-0.335    ,  1.302E-03,   0.00    ) |  4.895E-04 1.085E-02
    2392 1.2431E+00 4.8946E-04  (-0.335    ,  1.302E-03,   0.00    ) |  4.895E-04 1.085E-02
    2393 1.2436E+00 4.8946E-04  (-0.335    ,  1.302E-03,   0.00    ) |  4.895E-04 1.085E-02
    2394 1.2441E+00 4.8945E-04  (-0.335    ,  1.302E-03,   0.00    ) |  4.894E-04 1.085E-02
    2395 1.2446E+00 4.8944E-04  (-0.335    ,  1.302E-03,   0.00    ) |  4.894E-04 1.085E-02
    2396 1.2451E+00 4.8943E-04  (-0.335    ,  1.302E-03,   0.00    ) |  4.894E-04 1.085E-02
    2397 1.2456E+00 4.8943E-04  (-0.335    ,  1.302E-03,   0.00    ) |  4.894E-04 1.085E-02
    2398 1.2461E+00 4.8942E-04  (-0.335    ,  1.302E-03,   0.00    ) |  4.894E-04 1.085E-02
    2399 1.2466E+00 4.8941E-04  (-0.335    ,  1.302E-03,   0.00    ) |  4.894E-04 1.085E-02
    2400 1.2471E+00 4.8940E-04  (-0.332    ,  1.302E-03,   0.00    ) |  4.894E-04 1.085E-02
    2401 1.2476E+00 4.8940E-04  (-0.332    ,  1.302E-03,   0.00    ) |  4.894E-04 1.085E-02
    2402 1.2480E+00 4.8939E-04  (-0.332    ,  1.302E-03,   0.00    ) |  4.894E-04 1.085E-02
    2403 1.2485E+00 4.8938E-04  (-0.332    ,  1.302E-03,   0.00    ) |  4.894E-04 1.085E-02
    2404 1.2490E+00 4.8937E-04  (-0.332    ,  1.302E-03,   0.00    ) |  4.894E-04 1.085E-02
    2405 1.2495E+00 4.8936E-04  (-0.332    ,  1.302E-03,   0.00    ) |  4.894E-04 1.085E-02
    2406 1.2500E+00 4.8936E-04  (-0.332    ,  1.302E-03,   0.00    ) |  4.894E-04 1.085E-02
 *** Wrote plotfile to flash_run_hdf5_plt_cnt_0050 ****
    2407 1.2505E+00 4.8935E-04  (-0.332    ,  1.302E-03,   0.00    ) |  4.893E-04 1.085E-02
    2408 1.2510E+00 4.8934E-04  (-0.332    ,  1.302E-03,   0.00    ) |  4.893E-04 1.085E-02
    2409 1.2515E+00 4.8933E-04  (-0.332    ,  1.302E-03,   0.00    ) |  4.893E-04 1.085E-02
    2410 1.2520E+00 4.8932E-04  (-0.332    ,  1.302E-03,   0.00    ) |  4.893E-04 1.085E-02
    2411 1.2524E+00 4.8931E-04  (-0.332    ,  1.302E-03,   0.00    ) |  4.893E-04 1.085E-02
    2412 1.2529E+00 4.8931E-04  (-0.332    ,  1.302E-03,   0.00    ) |  4.893E-04 1.085E-02
    2413 1.2534E+00 4.8930E-04  (-0.332    ,  1.302E-03,   0.00    ) |  4.893E-04 1.085E-02
    2414 1.2539E+00 4.8929E-04  (-0.332    ,  1.302E-03,   0.00    ) |  4.893E-04 1.085E-02
    2415 1.2544E+00 4.8928E-04  (-0.332    ,  1.302E-03,   0.00    ) |  4.893E-04 1.085E-02
    2416 1.2549E+00 4.8927E-04  (-0.332    ,  1.302E-03,   0.00    ) |  4.893E-04 1.085E-02
    2417 1.2554E+00 4.8926E-04  (-0.332    ,  1.302E-03,   0.00    ) |  4.893E-04 1.085E-02
    2418 1.2559E+00 4.8925E-04  (-0.332    ,  1.302E-03,   0.00    ) |  4.893E-04 1.085E-02
    2419 1.2564E+00 4.8924E-04  (-0.332    ,  1.302E-03,   0.00    ) |  4.892E-04 1.085E-02
    2420 1.2568E+00 4.8924E-04  (-0.332    ,  1.302E-03,   0.00    ) |  4.892E-04 1.085E-02
    2421 1.2573E+00 4.8923E-04  (-0.332    ,  1.302E-03,   0.00    ) |  4.892E-04 1.085E-02
    2422 1.2578E+00 4.8922E-04  (-0.332    ,  1.302E-03,   0.00    ) |  4.892E-04 1.085E-02
    2423 1.2583E+00 4.8921E-04  (-0.332    ,  1.302E-03,   0.00    ) |  4.892E-04 1.085E-02
    2424 1.2588E+00 4.8920E-04  (-0.332    ,  1.302E-03,   0.00    ) |  4.892E-04 1.085E-02
    2425 1.2593E+00 4.8919E-04  (-0.332    ,  1.302E-03,   0.00    ) |  4.892E-04 1.085E-02
    2426 1.2598E+00 4.8918E-04  (-0.332    ,  1.302E-03,   0.00    ) |  4.892E-04 1.085E-02
    2427 1.2603E+00 4.8917E-04  (-0.332    ,  1.302E-03,   0.00    ) |  4.892E-04 1.085E-02
    2428 1.2608E+00 4.8916E-04  (-0.332    ,  1.302E-03,   0.00    ) |  4.892E-04 1.085E-02
    2429 1.2613E+00 4.8915E-04  (-0.332    ,  1.302E-03,   0.00    ) |  4.892E-04 1.085E-02
    2430 1.2617E+00 4.8914E-04  (-0.332    ,  1.302E-03,   0.00    ) |  4.891E-04 1.085E-02
    2431 1.2622E+00 4.8913E-04  (-0.332    ,  1.302E-03,   0.00    ) |  4.891E-04 1.085E-02
    2432 1.2627E+00 4.8912E-04  (-0.332    ,  1.302E-03,   0.00    ) |  4.891E-04 1.085E-02
    2433 1.2632E+00 4.8911E-04  (-0.332    ,  1.302E-03,   0.00    ) |  4.891E-04 1.085E-02
    2434 1.2637E+00 4.8910E-04  (-0.332    ,  1.302E-03,   0.00    ) |  4.891E-04 1.085E-02
    2435 1.2642E+00 4.8909E-04  (-0.332    ,  1.302E-03,   0.00    ) |  4.891E-04 1.085E-02
    2436 1.2647E+00 4.8908E-04  (-0.332    ,  1.302E-03,   0.00    ) |  4.891E-04 1.085E-02
    2437 1.2652E+00 4.8907E-04  (-0.332    ,  1.302E-03,   0.00    ) |  4.891E-04 1.085E-02
    2438 1.2657E+00 4.8906E-04  (-0.332    ,  1.302E-03,   0.00    ) |  4.891E-04 1.085E-02
    2439 1.2661E+00 4.8904E-04  (-0.332    ,  1.302E-03,   0.00    ) |  4.890E-04 1.085E-02
    2440 1.2666E+00 4.8903E-04  (-0.332    ,  1.302E-03,   0.00    ) |  4.890E-04 1.085E-02
    2441 1.2671E+00 4.8902E-04  (-0.332    ,  1.302E-03,   0.00    ) |  4.890E-04 1.085E-02
    2442 1.2676E+00 4.8901E-04  (-0.332    ,  1.302E-03,   0.00    ) |  4.890E-04 1.085E-02
    2443 1.2681E+00 4.8899E-04  (-0.332    ,  1.302E-03,   0.00    ) |  4.890E-04 1.085E-02
    2444 1.2686E+00 4.8898E-04  (-0.332    ,  1.302E-03,   0.00    ) |  4.890E-04 1.085E-02
    2445 1.2691E+00 4.8897E-04  (-0.332    ,  1.302E-03,   0.00    ) |  4.890E-04 1.085E-02
    2446 1.2696E+00 4.8896E-04  (-0.332    ,  1.302E-03,   0.00    ) |  4.890E-04 1.085E-02
    2447 1.2701E+00 4.8894E-04  (-0.332    ,  1.302E-03,   0.00    ) |  4.889E-04 1.085E-02
    2448 1.2705E+00 4.8893E-04  (-0.332    ,  1.302E-03,   0.00    ) |  4.889E-04 1.085E-02
    2449 1.2710E+00 4.8892E-04  (-0.332    ,  1.302E-03,   0.00    ) |  4.889E-04 1.085E-02
    2450 1.2715E+00 4.8890E-04  (-0.332    ,  1.302E-03,   0.00    ) |  4.889E-04 1.085E-02
    2451 1.2720E+00 4.8889E-04  (-0.332    ,  1.302E-03,   0.00    ) |  4.889E-04 1.085E-02
    2452 1.2725E+00 4.8888E-04  (-0.332    ,  1.302E-03,   0.00    ) |  4.889E-04 1.085E-02
    2453 1.2730E+00 4.8886E-04  (-0.332    ,  1.302E-03,   0.00    ) |  4.889E-04 1.085E-02
    2454 1.2735E+00 4.8885E-04  (-0.332    ,  1.302E-03,   0.00    ) |  4.889E-04 1.085E-02
    2455 1.2740E+00 4.8884E-04  (-0.332    ,  1.302E-03,   0.00    ) |  4.888E-04 1.085E-02
    2456 1.2745E+00 4.8883E-04  (-0.332    ,  1.302E-03,   0.00    ) |  4.888E-04 1.085E-02
    2457 1.2749E+00 4.8881E-04  (-0.332    ,  1.302E-03,   0.00    ) |  4.888E-04 1.085E-02
 *** Wrote plotfile to flash_run_hdf5_plt_cnt_0051 ****
    2458 1.2754E+00 4.8880E-04  (-0.332    ,  1.302E-03,   0.00    ) |  4.888E-04 1.085E-02
    2459 1.2759E+00 4.8879E-04  (-0.332    ,  1.302E-03,   0.00    ) |  4.888E-04 1.085E-02
    2460 1.2764E+00 4.8877E-04  (-0.332    ,  1.302E-03,   0.00    ) |  4.888E-04 1.085E-02
    2461 1.2769E+00 4.8876E-04  (-0.332    ,  1.302E-03,   0.00    ) |  4.888E-04 1.085E-02
    2462 1.2774E+00 4.8875E-04  (-0.332    ,  1.302E-03,   0.00    ) |  4.887E-04 1.085E-02
    2463 1.2779E+00 4.8874E-04  (-0.332    ,  1.302E-03,   0.00    ) |  4.887E-04 1.085E-02
    2464 1.2784E+00 4.8872E-04  (-0.332    ,  1.302E-03,   0.00    ) |  4.887E-04 1.085E-02
    2465 1.2789E+00 4.8871E-04  (-0.332    ,  1.302E-03,   0.00    ) |  4.887E-04 1.085E-02
    2466 1.2793E+00 4.8870E-04  (-0.332    ,  1.302E-03,   0.00    ) |  4.887E-04 1.085E-02
    2467 1.2798E+00 4.8868E-04  (-0.332    ,  1.302E-03,   0.00    ) |  4.887E-04 1.085E-02
    2468 1.2803E+00 4.8867E-04  (-0.332    ,  1.302E-03,   0.00    ) |  4.887E-04 1.085E-02
    2469 1.2808E+00 4.8866E-04  (-0.332    ,  1.302E-03,   0.00    ) |  4.887E-04 1.085E-02
    2470 1.2813E+00 4.8864E-04  (-0.332    ,  1.302E-03,   0.00    ) |  4.886E-04 1.085E-02
    2471 1.2818E+00 4.8863E-04  (-0.332    ,  1.302E-03,   0.00    ) |  4.886E-04 1.085E-02
    2472 1.2823E+00 4.8862E-04  (-0.332    ,  1.302E-03,   0.00    ) |  4.886E-04 1.085E-02
    2473 1.2828E+00 4.8861E-04  (-0.332    ,  1.302E-03,   0.00    ) |  4.886E-04 1.085E-02
    2474 1.2833E+00 4.8859E-04  (-0.332    ,  1.302E-03,   0.00    ) |  4.886E-04 1.085E-02
    2475 1.2837E+00 4.8858E-04  (-0.332    ,  1.302E-03,   0.00    ) |  4.886E-04 1.085E-02
    2476 1.2842E+00 4.8857E-04  (-0.332    ,  1.302E-03,   0.00    ) |  4.886E-04 1.085E-02
    2477 1.2847E+00 4.8856E-04  (-0.332    ,  1.302E-03,   0.00    ) |  4.886E-04 1.085E-02
    2478 1.2852E+00 4.8855E-04  (-0.332    ,  1.302E-03,   0.00    ) |  4.885E-04 1.085E-02
    2479 1.2857E+00 4.8853E-04  (-0.332    ,  1.302E-03,   0.00    ) |  4.885E-04 1.085E-02
    2480 1.2862E+00 4.8852E-04  (-0.332    ,  1.302E-03,   0.00    ) |  4.885E-04 1.085E-02
    2481 1.2867E+00 4.8851E-04  (-0.332    ,  1.302E-03,   0.00    ) |  4.885E-04 1.085E-02
    2482 1.2872E+00 4.8850E-04  (-0.332    ,  1.302E-03,   0.00    ) |  4.885E-04 1.085E-02
    2483 1.2876E+00 4.8849E-04  (-0.332    ,  1.302E-03,   0.00    ) |  4.885E-04 1.085E-02
    2484 1.2881E+00 4.8848E-04  (-0.332    ,  1.302E-03,   0.00    ) |  4.885E-04 1.085E-02
    2485 1.2886E+00 4.8846E-04  (-0.332    ,  1.302E-03,   0.00    ) |  4.885E-04 1.085E-02
    2486 1.2891E+00 4.8845E-04  (-0.332    ,  1.302E-03,   0.00    ) |  4.885E-04 1.085E-02
    2487 1.2896E+00 4.8844E-04  (-0.332    ,  1.302E-03,   0.00    ) |  4.884E-04 1.085E-02
    2488 1.2901E+00 4.8843E-04  (-0.332    ,  1.302E-03,   0.00    ) |  4.884E-04 1.085E-02
    2489 1.2906E+00 4.8842E-04  (-0.332    ,  1.302E-03,   0.00    ) |  4.884E-04 1.085E-02
    2490 1.2911E+00 4.8841E-04  (-0.332    ,  1.302E-03,   0.00    ) |  4.884E-04 1.085E-02
    2491 1.2916E+00 4.8839E-04  (-0.332    ,  1.302E-03,   0.00    ) |  4.884E-04 1.085E-02
    2492 1.2920E+00 4.8838E-04  (-0.332    ,  1.302E-03,   0.00    ) |  4.884E-04 1.085E-02
    2493 1.2925E+00 4.8837E-04  (-0.332    ,  1.302E-03,   0.00    ) |  4.884E-04 1.085E-02
    2494 1.2930E+00 4.8836E-04  (-0.332    ,  1.302E-03,   0.00    ) |  4.884E-04 1.085E-02
    2495 1.2935E+00 4.8835E-04  (-0.332    ,  1.302E-03,   0.00    ) |  4.883E-04 1.085E-02
    2496 1.2940E+00 4.8834E-04  (-0.332    ,  1.302E-03,   0.00    ) |  4.883E-04 1.085E-02
    2497 1.2945E+00 4.8832E-04  (-0.332    ,  1.302E-03,   0.00    ) |  4.883E-04 1.085E-02
    2498 1.2950E+00 4.8831E-04  (-0.332    ,  1.302E-03,   0.00    ) |  4.883E-04 1.085E-02
    2499 1.2955E+00 4.8830E-04  (-0.332    ,  1.302E-03,   0.00    ) |  4.883E-04 1.085E-02
    2500 1.2960E+00 4.8829E-04  (-0.332    ,  1.302E-03,   0.00    ) |  4.883E-04 1.085E-02
    2501 1.2964E+00 4.8828E-04  (-0.329    , -1.302E-03,   0.00    ) |  4.883E-04 1.085E-02
    2502 1.2969E+00 4.8827E-04  (-0.329    ,  1.302E-03,   0.00    ) |  4.883E-04 1.085E-02
    2503 1.2974E+00 4.8826E-04  (-0.329    ,  1.302E-03,   0.00    ) |  4.883E-04 1.085E-02
    2504 1.2979E+00 4.8824E-04  (-0.329    , -1.302E-03,   0.00    ) |  4.882E-04 1.085E-02
    2505 1.2984E+00 4.8823E-04  (-0.329    ,  1.302E-03,   0.00    ) |  4.882E-04 1.085E-02
    2506 1.2989E+00 4.8822E-04  (-0.329    ,  1.302E-03,   0.00    ) |  4.882E-04 1.085E-02
    2507 1.2994E+00 4.8821E-04  (-0.329    , -1.302E-03,   0.00    ) |  4.882E-04 1.085E-02
    2508 1.2999E+00 4.8820E-04  (-0.329    , -1.302E-03,   0.00    ) |  4.882E-04 1.085E-02
 *** Wrote plotfile to flash_run_hdf5_plt_cnt_0052 ****
    2509 1.3003E+00 4.8819E-04  (-0.329    , -1.302E-03,   0.00    ) |  4.882E-04 1.085E-02
    2510 1.3008E+00 4.8818E-04  (-0.329    , -1.302E-03,   0.00    ) |  4.882E-04 1.085E-02
    2511 1.3013E+00 4.8817E-04  (-0.329    , -1.302E-03,   0.00    ) |  4.882E-04 1.085E-02
    2512 1.3018E+00 4.8815E-04  (-0.329    , -1.302E-03,   0.00    ) |  4.882E-04 1.085E-02
    2513 1.3023E+00 4.8814E-04  (-0.329    , -1.302E-03,   0.00    ) |  4.881E-04 1.085E-02
    2514 1.3028E+00 4.8813E-04  (-0.329    , -1.302E-03,   0.00    ) |  4.881E-04 1.085E-02
    2515 1.3033E+00 4.8812E-04  (-0.329    , -1.302E-03,   0.00    ) |  4.881E-04 1.085E-02
    2516 1.3038E+00 4.8811E-04  (-0.329    , -1.302E-03,   0.00    ) |  4.881E-04 1.085E-02
    2517 1.3043E+00 4.8810E-04  (-0.329    , -1.302E-03,   0.00    ) |  4.881E-04 1.085E-02
    2518 1.3047E+00 4.8809E-04  (-0.329    , -1.302E-03,   0.00    ) |  4.881E-04 1.085E-02
    2519 1.3052E+00 4.8808E-04  (-0.329    , -1.302E-03,   0.00    ) |  4.881E-04 1.085E-02
    2520 1.3057E+00 4.8806E-04  (-0.329    , -1.302E-03,   0.00    ) |  4.881E-04 1.085E-02
    2521 1.3062E+00 4.8805E-04  (-0.329    , -1.302E-03,   0.00    ) |  4.881E-04 1.085E-02
    2522 1.3067E+00 4.8804E-04  (-0.329    , -1.302E-03,   0.00    ) |  4.880E-04 1.085E-02
    2523 1.3072E+00 4.8803E-04  (-0.329    , -1.302E-03,   0.00    ) |  4.880E-04 1.085E-02
    2524 1.3077E+00 4.8802E-04  (-0.329    , -1.302E-03,   0.00    ) |  4.880E-04 1.085E-02
    2525 1.3082E+00 4.8801E-04  (-0.329    , -1.302E-03,   0.00    ) |  4.880E-04 1.085E-02
    2526 1.3086E+00 4.8800E-04  (-0.329    , -1.302E-03,   0.00    ) |  4.880E-04 1.085E-02
    2527 1.3091E+00 4.8799E-04  (-0.329    , -1.302E-03,   0.00    ) |  4.880E-04 1.085E-02
    2528 1.3096E+00 4.8798E-04  (-0.329    , -1.302E-03,   0.00    ) |  4.880E-04 1.085E-02
    2529 1.3101E+00 4.8797E-04  (-0.329    , -1.302E-03,   0.00    ) |  4.880E-04 1.085E-02
    2530 1.3106E+00 4.8796E-04  (-0.329    , -1.302E-03,   0.00    ) |  4.880E-04 1.085E-02
    2531 1.3111E+00 4.8795E-04  (-0.329    , -1.302E-03,   0.00    ) |  4.879E-04 1.085E-02
    2532 1.3116E+00 4.8794E-04  (-0.329    ,  1.302E-03,   0.00    ) |  4.879E-04 1.085E-02
    2533 1.3121E+00 4.8793E-04  (-0.329    ,  1.302E-03,   0.00    ) |  4.879E-04 1.085E-02
    2534 1.3125E+00 4.8792E-04  (-0.329    ,  1.302E-03,   0.00    ) |  4.879E-04 1.085E-02
    2535 1.3130E+00 4.8791E-04  (-0.329    ,  1.302E-03,   0.00    ) |  4.879E-04 1.085E-02
    2536 1.3135E+00 4.8790E-04  (-0.329    ,  1.302E-03,   0.00    ) |  4.879E-04 1.085E-02
    2537 1.3140E+00 4.8789E-04  (-0.329    ,  1.302E-03,   0.00    ) |  4.879E-04 1.085E-02
    2538 1.3145E+00 4.8788E-04  (-0.329    ,  1.302E-03,   0.00    ) |  4.879E-04 1.085E-02
    2539 1.3150E+00 4.8787E-04  (-0.329    ,  1.302E-03,   0.00    ) |  4.879E-04 1.085E-02
    2540 1.3155E+00 4.8786E-04  (-0.329    ,  1.302E-03,   0.00    ) |  4.879E-04 1.085E-02
    2541 1.3160E+00 4.8785E-04  (-0.329    ,  1.302E-03,   0.00    ) |  4.879E-04 1.085E-02
    2542 1.3165E+00 4.8784E-04  (-0.329    ,  1.302E-03,   0.00    ) |  4.878E-04 1.085E-02
    2543 1.3169E+00 4.8784E-04  (-0.329    ,  1.302E-03,   0.00    ) |  4.878E-04 1.085E-02
    2544 1.3174E+00 4.8783E-04  (-0.329    ,  1.302E-03,   0.00    ) |  4.878E-04 1.085E-02
    2545 1.3179E+00 4.8782E-04  (-0.329    ,  1.302E-03,   0.00    ) |  4.878E-04 1.085E-02
    2546 1.3184E+00 4.8781E-04  (-0.329    ,  1.302E-03,   0.00    ) |  4.878E-04 1.085E-02
    2547 1.3189E+00 4.8780E-04  (-0.329    ,  1.302E-03,   0.00    ) |  4.878E-04 1.085E-02
    2548 1.3194E+00 4.8779E-04  (-0.329    ,  1.302E-03,   0.00    ) |  4.878E-04 1.085E-02
    2549 1.3199E+00 4.8778E-04  (-0.329    ,  1.302E-03,   0.00    ) |  4.878E-04 1.085E-02
    2550 1.3204E+00 4.8778E-04  (-0.329    ,  1.302E-03,   0.00    ) |  4.878E-04 1.085E-02
    2551 1.3208E+00 4.8777E-04  (-0.329    ,  1.302E-03,   0.00    ) |  4.878E-04 1.085E-02
    2552 1.3213E+00 4.8776E-04  (-0.329    ,  1.302E-03,   0.00    ) |  4.878E-04 1.085E-02
    2553 1.3218E+00 4.8775E-04  (-0.329    ,  1.302E-03,   0.00    ) |  4.878E-04 1.085E-02
    2554 1.3223E+00 4.8774E-04  (-0.329    ,  1.302E-03,   0.00    ) |  4.877E-04 1.085E-02
    2555 1.3228E+00 4.8774E-04  (-0.329    ,  1.302E-03,   0.00    ) |  4.877E-04 1.085E-02
    2556 1.3233E+00 4.8773E-04  (-0.329    ,  1.302E-03,   0.00    ) |  4.877E-04 1.085E-02
    2557 1.3238E+00 4.8772E-04  (-0.329    ,  1.302E-03,   0.00    ) |  4.877E-04 1.085E-02
    2558 1.3243E+00 4.8771E-04  (-0.329    ,  1.302E-03,   0.00    ) |  4.877E-04 1.085E-02
    2559 1.3247E+00 4.8771E-04  (-0.329    ,  1.302E-03,   0.00    ) |  4.877E-04 1.085E-02
 *** Wrote plotfile to flash_run_hdf5_plt_cnt_0053 ****
    2560 1.3252E+00 4.8770E-04  (-0.329    ,  1.302E-03,   0.00    ) |  4.877E-04 1.085E-02
    2561 1.3257E+00 4.8769E-04  (-0.329    ,  1.302E-03,   0.00    ) |  4.877E-04 1.085E-02
    2562 1.3262E+00 4.8768E-04  (-0.329    ,  1.302E-03,   0.00    ) |  4.877E-04 1.085E-02
    2563 1.3267E+00 4.8768E-04  (-0.329    ,  1.302E-03,   0.00    ) |  4.877E-04 1.085E-02
    2564 1.3272E+00 4.8767E-04  (-0.329    ,  1.302E-03,   0.00    ) |  4.877E-04 1.085E-02
    2565 1.3277E+00 4.8766E-04  (-0.329    ,  1.302E-03,   0.00    ) |  4.877E-04 1.085E-02
    2566 1.3282E+00 4.8765E-04  (-0.329    ,  1.302E-03,   0.00    ) |  4.877E-04 1.085E-02
    2567 1.3286E+00 4.8764E-04  (-0.329    ,  1.302E-03,   0.00    ) |  4.876E-04 1.085E-02
    2568 1.3291E+00 4.8763E-04  (-0.329    ,  1.302E-03,   0.00    ) |  4.876E-04 1.085E-02
    2569 1.3296E+00 4.8763E-04  (-0.329    ,  1.302E-03,   0.00    ) |  4.876E-04 1.085E-02
    2570 1.3301E+00 4.8762E-04  (-0.329    ,  1.302E-03,   0.00    ) |  4.876E-04 1.085E-02
    2571 1.3306E+00 4.8761E-04  (-0.329    ,  1.302E-03,   0.00    ) |  4.876E-04 1.085E-02
    2572 1.3311E+00 4.8760E-04  (-0.329    ,  1.302E-03,   0.00    ) |  4.876E-04 1.085E-02
    2573 1.3316E+00 4.8759E-04  (-0.329    ,  1.302E-03,   0.00    ) |  4.876E-04 1.085E-02
    2574 1.3321E+00 4.8758E-04  (-0.329    ,  1.302E-03,   0.00    ) |  4.876E-04 1.085E-02
    2575 1.3325E+00 4.8757E-04  (-0.329    ,  1.302E-03,   0.00    ) |  4.876E-04 1.085E-02
    2576 1.3330E+00 4.8757E-04  (-0.329    ,  1.302E-03,   0.00    ) |  4.876E-04 1.085E-02
    2577 1.3335E+00 4.8756E-04  (-0.329    ,  1.302E-03,   0.00    ) |  4.876E-04 1.085E-02
    2578 1.3340E+00 4.8755E-04  (-0.329    ,  1.302E-03,   0.00    ) |  4.875E-04 1.085E-02
    2579 1.3345E+00 4.8754E-04  (-0.329    ,  1.302E-03,   0.00    ) |  4.875E-04 1.085E-02
    2580 1.3350E+00 4.8753E-04  (-0.329    ,  1.302E-03,   0.00    ) |  4.875E-04 1.085E-02
    2581 1.3355E+00 4.8752E-04  (-0.329    ,  1.302E-03,   0.00    ) |  4.875E-04 1.085E-02
    2582 1.3360E+00 4.8751E-04  (-0.329    ,  1.302E-03,   0.00    ) |  4.875E-04 1.085E-02
    2583 1.3364E+00 4.8750E-04  (-0.329    ,  1.302E-03,   0.00    ) |  4.875E-04 1.085E-02
    2584 1.3369E+00 4.8749E-04  (-0.329    ,  1.302E-03,   0.00    ) |  4.875E-04 1.085E-02
    2585 1.3374E+00 4.8748E-04  (-0.329    ,  1.302E-03,   0.00    ) |  4.875E-04 1.085E-02
    2586 1.3379E+00 4.8747E-04  (-0.329    ,  1.302E-03,   0.00    ) |  4.875E-04 1.085E-02
    2587 1.3384E+00 4.8746E-04  (-0.329    ,  1.302E-03,   0.00    ) |  4.875E-04 1.085E-02
    2588 1.3389E+00 4.8745E-04  (-0.329    ,  1.302E-03,   0.00    ) |  4.875E-04 1.085E-02
    2589 1.3394E+00 4.8744E-04  (-0.329    ,  1.302E-03,   0.00    ) |  4.874E-04 1.085E-02
    2590 1.3399E+00 4.8743E-04  (-0.329    ,  1.302E-03,   0.00    ) |  4.874E-04 1.085E-02
    2591 1.3403E+00 4.8742E-04  (-0.329    ,  1.302E-03,   0.00    ) |  4.874E-04 1.085E-02
    2592 1.3408E+00 4.8742E-04  (-0.329    ,  1.302E-03,   0.00    ) |  4.874E-04 1.085E-02
    2593 1.3413E+00 4.8741E-04  (-0.329    ,  1.302E-03,   0.00    ) |  4.874E-04 1.085E-02
    2594 1.3418E+00 4.8740E-04  (-0.329    ,  1.302E-03,   0.00    ) |  4.874E-04 1.085E-02
    2595 1.3423E+00 4.8739E-04  (-0.329    ,  1.302E-03,   0.00    ) |  4.874E-04 1.085E-02
    2596 1.3428E+00 4.8738E-04  (-0.329    ,  1.302E-03,   0.00    ) |  4.874E-04 1.085E-02
    2597 1.3433E+00 4.8736E-04  (-0.329    ,  1.302E-03,   0.00    ) |  4.874E-04 1.085E-02
    2598 1.3438E+00 4.8735E-04  (-0.329    ,  1.302E-03,   0.00    ) |  4.874E-04 1.085E-02
    2599 1.3442E+00 4.8734E-04  (-0.329    ,  1.302E-03,   0.00    ) |  4.873E-04 1.085E-02
    2600 1.3447E+00 4.8733E-04  (-0.329    ,  1.302E-03,   0.00    ) |  4.873E-04 1.085E-02
    2601 1.3452E+00 4.8732E-04  (-0.329    ,  1.302E-03,   0.00    ) |  4.873E-04 1.085E-02
    2602 1.3457E+00 4.8731E-04  (-0.329    ,  1.302E-03,   0.00    ) |  4.873E-04 1.085E-02
    2603 1.3462E+00 4.8730E-04  (-0.329    ,  1.302E-03,   0.00    ) |  4.873E-04 1.085E-02
    2604 1.3467E+00 4.8729E-04  (-0.329    ,  1.302E-03,   0.00    ) |  4.873E-04 1.085E-02
    2605 1.3472E+00 4.8727E-04  (-0.329    ,  1.302E-03,   0.00    ) |  4.873E-04 1.085E-02
    2606 1.3477E+00 4.8726E-04  (-0.329    ,  1.302E-03,   0.00    ) |  4.873E-04 1.085E-02
    2607 1.3481E+00 4.8725E-04  (-0.329    ,  1.302E-03,   0.00    ) |  4.873E-04 1.085E-02
    2608 1.3486E+00 4.8724E-04  (-0.329    ,  1.302E-03,   0.00    ) |  4.872E-04 1.085E-02
    2609 1.3491E+00 4.8723E-04  (-0.329    ,  1.302E-03,   0.00    ) |  4.872E-04 1.085E-02
    2610 1.3496E+00 4.8721E-04  (-0.329    ,  1.302E-03,   0.00    ) |  4.872E-04 1.085E-02
 *** Wrote plotfile to flash_run_hdf5_plt_cnt_0054 ****
    2611 1.3501E+00 4.8720E-04  (-0.329    ,  1.302E-03,   0.00    ) |  4.872E-04 1.085E-02
    2612 1.3506E+00 4.8719E-04  (-0.329    ,  1.302E-03,   0.00    ) |  4.872E-04 1.085E-02
    2613 1.3511E+00 4.8717E-04  (-0.329    ,  1.302E-03,   0.00    ) |  4.872E-04 1.085E-02
    2614 1.3516E+00 4.8716E-04  (-0.327    ,  1.302E-03,   0.00    ) |  4.872E-04 1.085E-02
    2615 1.3520E+00 4.8715E-04  (-0.327    ,  1.302E-03,   0.00    ) |  4.871E-04 1.085E-02
    2616 1.3525E+00 4.8713E-04  (-0.327    ,  1.302E-03,   0.00    ) |  4.871E-04 1.085E-02
    2617 1.3530E+00 4.8712E-04  (-0.327    ,  1.302E-03,   0.00    ) |  4.871E-04 1.085E-02
    2618 1.3535E+00 4.8710E-04  (-0.327    ,  1.302E-03,   0.00    ) |  4.871E-04 1.085E-02
    2619 1.3540E+00 4.8709E-04  (-0.327    ,  1.302E-03,   0.00    ) |  4.871E-04 1.085E-02
    2620 1.3545E+00 4.8708E-04  (-0.327    ,  1.302E-03,   0.00    ) |  4.871E-04 1.085E-02
    2621 1.3550E+00 4.8706E-04  (-0.327    ,  1.302E-03,   0.00    ) |  4.871E-04 1.085E-02
    2622 1.3554E+00 4.8705E-04  (-0.327    ,  1.302E-03,   0.00    ) |  4.870E-04 1.085E-02
    2623 1.3559E+00 4.8703E-04  (-0.327    ,  1.302E-03,   0.00    ) |  4.870E-04 1.085E-02
    2624 1.3564E+00 4.8702E-04  (-0.327    ,  1.302E-03,   0.00    ) |  4.870E-04 1.085E-02
    2625 1.3569E+00 4.8700E-04  (-0.327    ,  1.302E-03,   0.00    ) |  4.870E-04 1.085E-02
    2626 1.3574E+00 4.8699E-04  (-0.327    ,  1.302E-03,   0.00    ) |  4.870E-04 1.085E-02
    2627 1.3579E+00 4.8698E-04  (-0.327    ,  1.302E-03,   0.00    ) |  4.870E-04 1.085E-02
    2628 1.3584E+00 4.8696E-04  (-0.327    ,  1.302E-03,   0.00    ) |  4.870E-04 1.085E-02
    2629 1.3589E+00 4.8695E-04  (-0.327    ,  1.302E-03,   0.00    ) |  4.869E-04 1.085E-02
    2630 1.3593E+00 4.8693E-04  (-0.327    ,  1.302E-03,   0.00    ) |  4.869E-04 1.085E-02
    2631 1.3598E+00 4.8692E-04  (-0.327    ,  1.302E-03,   0.00    ) |  4.869E-04 1.085E-02
    2632 1.3603E+00 4.8691E-04  (-0.327    ,  1.302E-03,   0.00    ) |  4.869E-04 1.085E-02
    2633 1.3608E+00 4.8689E-04  (-0.327    ,  1.302E-03,   0.00    ) |  4.869E-04 1.085E-02
    2634 1.3613E+00 4.8688E-04  (-0.327    ,  1.302E-03,   0.00    ) |  4.869E-04 1.085E-02
    2635 1.3618E+00 4.8687E-04  (-0.327    ,  1.302E-03,   0.00    ) |  4.869E-04 1.085E-02
    2636 1.3623E+00 4.8685E-04  (-0.327    ,  1.302E-03,   0.00    ) |  4.869E-04 1.085E-02
    2637 1.3628E+00 4.8684E-04  (-0.327    ,  1.302E-03,   0.00    ) |  4.868E-04 1.085E-02
    2638 1.3632E+00 4.8683E-04  (-0.327    ,  1.302E-03,   0.00    ) |  4.868E-04 1.085E-02
    2639 1.3637E+00 4.8682E-04  (-0.327    ,  1.302E-03,   0.00    ) |  4.868E-04 1.085E-02
    2640 1.3642E+00 4.8680E-04  (-0.327    ,  1.302E-03,   0.00    ) |  4.868E-04 1.085E-02
    2641 1.3647E+00 4.8679E-04  (-0.327    ,  1.302E-03,   0.00    ) |  4.868E-04 1.085E-02
    2642 1.3652E+00 4.8678E-04  (-0.327    ,  1.302E-03,   0.00    ) |  4.868E-04 1.085E-02
    2643 1.3657E+00 4.8676E-04  (-0.327    ,  1.302E-03,   0.00    ) |  4.868E-04 1.085E-02
    2644 1.3662E+00 4.8675E-04  (-0.327    ,  1.302E-03,   0.00    ) |  4.868E-04 1.085E-02
    2645 1.3666E+00 4.8674E-04  (-0.327    ,  1.302E-03,   0.00    ) |  4.867E-04 1.085E-02
    2646 1.3671E+00 4.8673E-04  (-0.327    ,  1.302E-03,   0.00    ) |  4.867E-04 1.085E-02
    2647 1.3676E+00 4.8671E-04  (-0.327    ,  1.302E-03,   0.00    ) |  4.867E-04 1.085E-02
    2648 1.3681E+00 4.8670E-04  (-0.327    ,  1.302E-03,   0.00    ) |  4.867E-04 1.085E-02
    2649 1.3686E+00 4.8669E-04  (-0.327    ,  1.302E-03,   0.00    ) |  4.867E-04 1.085E-02
    2650 1.3691E+00 4.8668E-04  (-0.327    ,  1.302E-03,   0.00    ) |  4.867E-04 1.085E-02
    2651 1.3696E+00 4.8666E-04  (-0.327    ,  1.302E-03,   0.00    ) |  4.867E-04 1.085E-02
    2652 1.3701E+00 4.8665E-04  (-0.327    ,  1.302E-03,   0.00    ) |  4.867E-04 1.085E-02
    2653 1.3705E+00 4.8664E-04  (-0.327    ,  1.302E-03,   0.00    ) |  4.866E-04 1.085E-02
    2654 1.3710E+00 4.8663E-04  (-0.327    ,  1.302E-03,   0.00    ) |  4.866E-04 1.085E-02
    2655 1.3715E+00 4.8661E-04  (-0.327    ,  1.302E-03,   0.00    ) |  4.866E-04 1.085E-02
    2656 1.3720E+00 4.8660E-04  (-0.327    ,  1.302E-03,   0.00    ) |  4.866E-04 1.085E-02
    2657 1.3725E+00 4.8659E-04  (-0.327    ,  1.302E-03,   0.00    ) |  4.866E-04 1.085E-02
    2658 1.3730E+00 4.8657E-04  (-0.327    ,  1.302E-03,   0.00    ) |  4.866E-04 1.085E-02
    2659 1.3735E+00 4.8656E-04  (-0.327    ,  1.302E-03,   0.00    ) |  4.866E-04 1.085E-02
    2660 1.3739E+00 4.8655E-04  (-0.327    ,  1.302E-03,   0.00    ) |  4.865E-04 1.085E-02
    2661 1.3744E+00 4.8654E-04  (-0.327    , -1.302E-03,   0.00    ) |  4.865E-04 1.085E-02
    2662 1.3749E+00 4.8652E-04  (-0.327    ,  1.302E-03,   0.00    ) |  4.865E-04 1.085E-02
 *** Wrote plotfile to flash_run_hdf5_plt_cnt_0055 ****
    2663 1.3754E+00 4.8651E-04  (-0.327    ,  1.302E-03,   0.00    ) |  4.865E-04 1.085E-02
    2664 1.3759E+00 4.8649E-04  (-0.327    ,  1.302E-03,   0.00    ) |  4.865E-04 1.085E-02
    2665 1.3764E+00 4.8648E-04  (-0.327    ,  1.302E-03,   0.00    ) |  4.865E-04 1.085E-02
    2666 1.3769E+00 4.8647E-04  (-0.327    , -1.302E-03,   0.00    ) |  4.865E-04 1.085E-02
    2667 1.3774E+00 4.8645E-04  (-0.327    , -1.302E-03,   0.00    ) |  4.865E-04 1.085E-02
    2668 1.3778E+00 4.8644E-04  (-0.327    , -1.302E-03,   0.00    ) |  4.864E-04 1.085E-02
    2669 1.3783E+00 4.8643E-04  (-0.327    ,  1.302E-03,   0.00    ) |  4.864E-04 1.085E-02
    2670 1.3788E+00 4.8641E-04  (-0.327    ,  1.302E-03,   0.00    ) |  4.864E-04 1.085E-02
    2671 1.3793E+00 4.8640E-04  (-0.327    ,  1.302E-03,   0.00    ) |  4.864E-04 1.085E-02
    2672 1.3798E+00 4.8638E-04  (-0.327    ,  1.302E-03,   0.00    ) |  4.864E-04 1.085E-02
    2673 1.3803E+00 4.8637E-04  (-0.327    ,  1.302E-03,   0.00    ) |  4.864E-04 1.085E-02
    2674 1.3808E+00 4.8635E-04  (-0.327    , -1.302E-03,   0.00    ) |  4.864E-04 1.085E-02
    2675 1.3812E+00 4.8634E-04  (-0.327    ,  1.302E-03,   0.00    ) |  4.863E-04 1.085E-02
    2676 1.3817E+00 4.8632E-04  (-0.327    ,  1.302E-03,   0.00    ) |  4.863E-04 1.085E-02
    2677 1.3822E+00 4.8631E-04  (-0.327    ,  1.302E-03,   0.00    ) |  4.863E-04 1.085E-02
    2678 1.3827E+00 4.8629E-04  (-0.327    ,  1.302E-03,   0.00    ) |  4.863E-04 1.085E-02
    2679 1.3832E+00 4.8628E-04  (-0.327    ,  1.302E-03,   0.00    ) |  4.863E-04 1.085E-02
    2680 1.3837E+00 4.8626E-04  (-0.327    ,  1.302E-03,   0.00    ) |  4.863E-04 1.085E-02
    2681 1.3842E+00 4.8625E-04  (-0.327    ,  1.302E-03,   0.00    ) |  4.862E-04 1.085E-02
    2682 1.3846E+00 4.8623E-04  (-0.327    , -1.302E-03,   0.00    ) |  4.862E-04 1.085E-02
    2683 1.3851E+00 4.8621E-04  (-0.327    , -1.302E-03,   0.00    ) |  4.862E-04 1.085E-02
    2684 1.3856E+00 4.8620E-04  (-0.327    , -1.302E-03,   0.00    ) |  4.862E-04 1.085E-02
    2685 1.3861E+00 4.8618E-04  (-0.327    , -1.302E-03,   0.00    ) |  4.862E-04 1.085E-02
    2686 1.3866E+00 4.8617E-04  (-0.327    , -1.302E-03,   0.00    ) |  4.862E-04 1.085E-02
    2687 1.3871E+00 4.8615E-04  (-0.327    , -1.302E-03,   0.00    ) |  4.862E-04 1.085E-02
    2688 1.3876E+00 4.8613E-04  (-0.327    , -1.302E-03,   0.00    ) |  4.861E-04 1.085E-02
    2689 1.3881E+00 4.8612E-04  (-0.327    ,  1.302E-03,   0.00    ) |  4.861E-04 1.085E-02
    2690 1.3885E+00 4.8610E-04  (-0.327    ,  1.302E-03,   0.00    ) |  4.861E-04 1.085E-02
    2691 1.3890E+00 4.8609E-04  (-0.327    ,  1.302E-03,   0.00    ) |  4.861E-04 1.085E-02
    2692 1.3895E+00 4.8607E-04  (-0.327    ,  1.302E-03,   0.00    ) |  4.861E-04 1.085E-02
    2693 1.3900E+00 4.8605E-04  (-0.327    ,  1.302E-03,   0.00    ) |  4.861E-04 1.085E-02
    2694 1.3905E+00 4.8604E-04  (-0.327    ,  1.302E-03,   0.00    ) |  4.860E-04 1.085E-02
    2695 1.3910E+00 4.8602E-04  (-0.327    ,  1.302E-03,   0.00    ) |  4.860E-04 1.085E-02
    2696 1.3915E+00 4.8600E-04  (-0.327    , -1.302E-03,   0.00    ) |  4.860E-04 1.085E-02
    2697 1.3919E+00 4.8599E-04  (-0.327    , -1.302E-03,   0.00    ) |  4.860E-04 1.085E-02
    2698 1.3924E+00 4.8597E-04  (-0.327    , -1.302E-03,   0.00    ) |  4.860E-04 1.085E-02
    2699 1.3929E+00 4.8595E-04  (-0.327    ,  1.302E-03,   0.00    ) |  4.860E-04 1.085E-02
    2700 1.3934E+00 4.8594E-04  (-0.327    ,  1.302E-03,   0.00    ) |  4.859E-04 1.085E-02
    2701 1.3939E+00 4.8592E-04  (-0.327    ,  1.302E-03,   0.00    ) |  4.859E-04 1.085E-02
    2702 1.3944E+00 4.8591E-04  (-0.327    ,  1.302E-03,   0.00    ) |  4.859E-04 1.085E-02
    2703 1.3949E+00 4.8589E-04  (-0.327    ,  1.302E-03,   0.00    ) |  4.859E-04 1.085E-02
    2704 1.3953E+00 4.8587E-04  (-0.327    , -1.302E-03,   0.00    ) |  4.859E-04 1.085E-02
    2705 1.3958E+00 4.8586E-04  (-0.327    , -1.302E-03,   0.00    ) |  4.859E-04 1.085E-02
    2706 1.3963E+00 4.8584E-04  (-0.327    ,  1.302E-03,   0.00    ) |  4.858E-04 1.085E-02
    2707 1.3968E+00 4.8582E-04  (-0.327    , -1.302E-03,   0.00    ) |  4.858E-04 1.085E-02
    2708 1.3973E+00 4.8580E-04  (-0.327    ,  1.302E-03,   0.00    ) |  4.858E-04 1.085E-02
    2709 1.3978E+00 4.8579E-04  (-0.327    ,  1.302E-03,   0.00    ) |  4.858E-04 1.085E-02
    2710 1.3983E+00 4.8577E-04  (-0.327    , -1.302E-03,   0.00    ) |  4.858E-04 1.085E-02
    2711 1.3987E+00 4.8575E-04  (-0.327    , -1.302E-03,   0.00    ) |  4.858E-04 1.085E-02
    2712 1.3992E+00 4.8574E-04  (-0.327    ,  1.302E-03,   0.00    ) |  4.857E-04 1.085E-02
    2713 1.3997E+00 4.8572E-04  (-0.327    ,  1.302E-03,   0.00    ) |  4.857E-04 1.085E-02
 *** Wrote plotfile to flash_run_hdf5_plt_cnt_0056 ****
    2714 1.4002E+00 4.8570E-04  (-0.327    ,  1.302E-03,   0.00    ) |  4.857E-04 1.085E-02
    2715 1.4007E+00 4.8569E-04  (-0.327    ,  1.302E-03,   0.00    ) |  4.857E-04 1.085E-02
    2716 1.4012E+00 4.8567E-04  (-0.327    ,  1.302E-03,   0.00    ) |  4.857E-04 1.085E-02
    2717 1.4017E+00 4.8565E-04  (-0.327    ,  1.302E-03,   0.00    ) |  4.857E-04 1.085E-02
    2718 1.4021E+00 4.8564E-04  (-0.327    ,  1.302E-03,   0.00    ) |  4.856E-04 1.085E-02
    2719 1.4026E+00 4.8562E-04  (-0.327    ,  1.302E-03,   0.00    ) |  4.856E-04 1.085E-02
    2720 1.4031E+00 4.8561E-04  (-0.327    ,  1.302E-03,   0.00    ) |  4.856E-04 1.085E-02
    2721 1.4036E+00 4.8559E-04  (-0.327    ,  1.302E-03,   0.00    ) |  4.856E-04 1.085E-02
    2722 1.4041E+00 4.8557E-04  (-0.327    ,  1.302E-03,   0.00    ) |  4.856E-04 1.085E-02
    2723 1.4046E+00 4.8556E-04  (-0.327    ,  1.302E-03,   0.00    ) |  4.856E-04 1.085E-02
    2724 1.4051E+00 4.8554E-04  (-0.327    ,  1.302E-03,   0.00    ) |  4.855E-04 1.085E-02
    2725 1.4055E+00 4.8552E-04  (-0.327    ,  1.302E-03,   0.00    ) |  4.855E-04 1.085E-02
    2726 1.4060E+00 4.8551E-04  (-0.327    ,  1.302E-03,   0.00    ) |  4.855E-04 1.085E-02
    2727 1.4065E+00 4.8549E-04  (-0.327    ,  1.302E-03,   0.00    ) |  4.855E-04 1.085E-02
    2728 1.4070E+00 4.8548E-04  (-0.327    ,  1.302E-03,   0.00    ) |  4.855E-04 1.085E-02
    2729 1.4075E+00 4.8546E-04  (-0.327    ,  1.302E-03,   0.00    ) |  4.855E-04 1.085E-02
    2730 1.4080E+00 4.8544E-04  (-0.327    ,  1.302E-03,   0.00    ) |  4.854E-04 1.085E-02
    2731 1.4085E+00 4.8543E-04  (-0.327    ,  1.302E-03,   0.00    ) |  4.854E-04 1.085E-02
    2732 1.4089E+00 4.8541E-04  (-0.327    ,  1.302E-03,   0.00    ) |  4.854E-04 1.085E-02
    2733 1.4094E+00 4.8540E-04  (-0.327    ,  1.302E-03,   0.00    ) |  4.854E-04 1.085E-02
    2734 1.4099E+00 4.8538E-04  (-0.327    ,  1.302E-03,   0.00    ) |  4.854E-04 1.085E-02
    2735 1.4104E+00 4.8536E-04  (-0.327    ,  1.302E-03,   0.00    ) |  4.854E-04 1.085E-02
    2736 1.4109E+00 4.8535E-04  (-0.327    ,  1.302E-03,   0.00    ) |  4.853E-04 1.085E-02
    2737 1.4114E+00 4.8533E-04  (-0.327    ,  1.302E-03,   0.00    ) |  4.853E-04 1.085E-02
    2738 1.4119E+00 4.8532E-04  (-0.327    ,  1.302E-03,   0.00    ) |  4.853E-04 1.085E-02
    2739 1.4123E+00 4.8530E-04  (-0.327    ,  1.302E-03,   0.00    ) |  4.853E-04 1.085E-02
    2740 1.4128E+00 4.8528E-04  (-0.327    ,  1.302E-03,   0.00    ) |  4.853E-04 1.085E-02
    2741 1.4133E+00 4.8527E-04  (-0.327    ,  1.302E-03,   0.00    ) |  4.853E-04 1.085E-02
    2742 1.4138E+00 4.8525E-04  (-0.327    ,  1.302E-03,   0.00    ) |  4.853E-04 1.085E-02
    2743 1.4143E+00 4.8524E-04  (-0.327    ,  1.302E-03,   0.00    ) |  4.852E-04 1.085E-02
    2744 1.4148E+00 4.8522E-04  (-0.327    ,  1.302E-03,   0.00    ) |  4.852E-04 1.085E-02
    2745 1.4152E+00 4.8521E-04  (-0.324    ,  1.302E-03,   0.00    ) |  4.852E-04 1.085E-02
    2746 1.4157E+00 4.8519E-04  (-0.324    ,  1.302E-03,   0.00    ) |  4.852E-04 1.085E-02
    2747 1.4162E+00 4.8518E-04  (-0.324    ,  1.302E-03,   0.00    ) |  4.852E-04 1.085E-02
    2748 1.4167E+00 4.8516E-04  (-0.324    ,  1.302E-03,   0.00    ) |  4.852E-04 1.085E-02
    2749 1.4172E+00 4.8514E-04  (-0.324    ,  1.302E-03,   0.00    ) |  4.851E-04 1.085E-02
    2750 1.4177E+00 4.8513E-04  (-0.324    ,  1.302E-03,   0.00    ) |  4.851E-04 1.085E-02
    2751 1.4182E+00 4.8511E-04  (-0.324    ,  1.302E-03,   0.00    ) |  4.851E-04 1.085E-02
    2752 1.4186E+00 4.8510E-04  (-0.324    ,  1.302E-03,   0.00    ) |  4.851E-04 1.085E-02
    2753 1.4191E+00 4.8508E-04  (-0.324    ,  1.302E-03,   0.00    ) |  4.851E-04 1.085E-02
    2754 1.4196E+00 4.8507E-04  (-0.324    ,  1.302E-03,   0.00    ) |  4.851E-04 1.085E-02
    2755 1.4201E+00 4.8505E-04  (-0.324    ,  1.302E-03,   0.00    ) |  4.851E-04 1.085E-02
    2756 1.4206E+00 4.8504E-04  (-0.324    ,  1.302E-03,   0.00    ) |  4.850E-04 1.085E-02
    2757 1.4211E+00 4.8502E-04  (-0.324    ,  1.302E-03,   0.00    ) |  4.850E-04 1.085E-02
    2758 1.4216E+00 4.8501E-04  (-0.324    ,  1.302E-03,   0.00    ) |  4.850E-04 1.085E-02
    2759 1.4220E+00 4.8499E-04  (-0.324    ,  1.302E-03,   0.00    ) |  4.850E-04 1.085E-02
    2760 1.4225E+00 4.8498E-04  (-0.324    ,  1.302E-03,   0.00    ) |  4.850E-04 1.085E-02
    2761 1.4230E+00 4.8496E-04  (-0.324    ,  1.302E-03,   0.00    ) |  4.850E-04 1.085E-02
    2762 1.4235E+00 4.8495E-04  (-0.324    ,  1.302E-03,   0.00    ) |  4.849E-04 1.085E-02
    2763 1.4240E+00 4.8493E-04  (-0.324    ,  1.302E-03,   0.00    ) |  4.849E-04 1.085E-02
    2764 1.4245E+00 4.8492E-04  (-0.324    ,  1.302E-03,   0.00    ) |  4.849E-04 1.085E-02
    2765 1.4250E+00 4.8491E-04  (-0.324    ,  1.302E-03,   0.00    ) |  4.849E-04 1.085E-02
 *** Wrote plotfile to flash_run_hdf5_plt_cnt_0057 ****
    2766 1.4254E+00 4.8489E-04  (-0.324    ,  1.302E-03,   0.00    ) |  4.849E-04 1.085E-02
    2767 1.4259E+00 4.8488E-04  (-0.324    ,  1.302E-03,   0.00    ) |  4.849E-04 1.085E-02
    2768 1.4264E+00 4.8486E-04  (-0.324    ,  1.302E-03,   0.00    ) |  4.849E-04 1.085E-02
    2769 1.4269E+00 4.8485E-04  (-0.324    ,  1.302E-03,   0.00    ) |  4.848E-04 1.085E-02
    2770 1.4274E+00 4.8484E-04  (-0.324    ,  1.302E-03,   0.00    ) |  4.848E-04 1.085E-02
    2771 1.4279E+00 4.8482E-04  (-0.324    ,  1.302E-03,   0.00    ) |  4.848E-04 1.085E-02
    2772 1.4283E+00 4.8481E-04  (-0.324    ,  1.302E-03,   0.00    ) |  4.848E-04 1.085E-02
    2773 1.4288E+00 4.8479E-04  (-0.324    ,  1.302E-03,   0.00    ) |  4.848E-04 1.085E-02
    2774 1.4293E+00 4.8478E-04  (-0.324    ,  1.302E-03,   0.00    ) |  4.848E-04 1.085E-02
    2775 1.4298E+00 4.8477E-04  (-0.324    ,  1.302E-03,   0.00    ) |  4.848E-04 1.085E-02
    2776 1.4303E+00 4.8475E-04  (-0.324    ,  1.302E-03,   0.00    ) |  4.848E-04 1.085E-02
    2777 1.4308E+00 4.8474E-04  (-0.324    ,  1.302E-03,   0.00    ) |  4.847E-04 1.085E-02
    2778 1.4313E+00 4.8473E-04  (-0.324    ,  1.302E-03,   0.00    ) |  4.847E-04 1.085E-02
    2779 1.4317E+00 4.8472E-04  (-0.324    ,  1.302E-03,   0.00    ) |  4.847E-04 1.085E-02
    2780 1.4322E+00 4.8470E-04  (-0.324    ,  1.302E-03,   0.00    ) |  4.847E-04 1.085E-02
    2781 1.4327E+00 4.8469E-04  (-0.324    ,  1.302E-03,   0.00    ) |  4.847E-04 1.085E-02
    2782 1.4332E+00 4.8468E-04  (-0.324    ,  1.302E-03,   0.00    ) |  4.847E-04 1.085E-02
    2783 1.4337E+00 4.8466E-04  (-0.324    ,  1.302E-03,   0.00    ) |  4.847E-04 1.085E-02
    2784 1.4342E+00 4.8465E-04  (-0.324    ,  1.302E-03,   0.00    ) |  4.847E-04 1.085E-02
    2785 1.4346E+00 4.8464E-04  (-0.324    ,  1.302E-03,   0.00    ) |  4.846E-04 1.085E-02
    2786 1.4351E+00 4.8463E-04  (-0.324    ,  1.302E-03,   0.00    ) |  4.846E-04 1.085E-02
    2787 1.4356E+00 4.8461E-04  (-0.324    ,  1.302E-03,   0.00    ) |  4.846E-04 1.085E-02
    2788 1.4361E+00 4.8460E-04  (-0.324    ,  1.302E-03,   0.00    ) |  4.846E-04 1.085E-02
    2789 1.4366E+00 4.8459E-04  (-0.324    ,  1.302E-03,   0.00    ) |  4.846E-04 1.085E-02
    2790 1.4371E+00 4.8457E-04  (-0.324    ,  1.302E-03,   0.00    ) |  4.846E-04 1.085E-02
    2791 1.4376E+00 4.8456E-04  (-0.324    ,  1.302E-03,   0.00    ) |  4.846E-04 1.085E-02
    2792 1.4380E+00 4.8455E-04  (-0.324    ,  1.302E-03,   0.00    ) |  4.845E-04 1.085E-02
    2793 1.4385E+00 4.8454E-04  (-0.324    ,  1.302E-03,   0.00    ) |  4.845E-04 1.085E-02
    2794 1.4390E+00 4.8452E-04  (-0.324    ,  1.302E-03,   0.00    ) |  4.845E-04 1.085E-02
    2795 1.4395E+00 4.8451E-04  (-0.324    ,  1.302E-03,   0.00    ) |  4.845E-04 1.085E-02
    2796 1.4400E+00 4.8450E-04  (-0.324    ,  1.302E-03,   0.00    ) |  4.845E-04 1.085E-02
    2797 1.4405E+00 4.8449E-04  (-0.324    ,  1.302E-03,   0.00    ) |  4.845E-04 1.085E-02
    2798 1.4409E+00 4.8447E-04  (-0.324    ,  1.302E-03,   0.00    ) |  4.845E-04 1.085E-02
    2799 1.4414E+00 4.8446E-04  (-0.324    ,  1.302E-03,   0.00    ) |  4.845E-04 1.085E-02
    2800 1.4419E+00 4.8445E-04  (-0.324    ,  1.302E-03,   0.00    ) |  4.844E-04 1.085E-02
    2801 1.4424E+00 4.8444E-04  (-0.324    ,  1.302E-03,   0.00    ) |  4.844E-04 1.085E-02
    2802 1.4429E+00 4.8442E-04  (-0.324    ,  1.302E-03,   0.00    ) |  4.844E-04 1.085E-02
    2803 1.4434E+00 4.8441E-04  (-0.324    ,  1.302E-03,   0.00    ) |  4.844E-04 1.085E-02
    2804 1.4439E+00 4.8440E-04  (-0.324    ,  1.302E-03,   0.00    ) |  4.844E-04 1.085E-02
    2805 1.4443E+00 4.8439E-04  (-0.324    ,  1.302E-03,   0.00    ) |  4.844E-04 1.085E-02
    2806 1.4448E+00 4.8438E-04  (-0.324    ,  1.302E-03,   0.00    ) |  4.844E-04 1.085E-02
    2807 1.4453E+00 4.8436E-04  (-0.324    ,  1.302E-03,   0.00    ) |  4.844E-04 1.085E-02
    2808 1.4458E+00 4.8435E-04  (-0.324    ,  1.302E-03,   0.00    ) |  4.844E-04 1.085E-02
    2809 1.4463E+00 4.8434E-04  (-0.324    ,  1.302E-03,   0.00    ) |  4.843E-04 1.085E-02
    2810 1.4468E+00 4.8433E-04  (-0.324    ,  1.302E-03,   0.00    ) |  4.843E-04 1.085E-02
    2811 1.4472E+00 4.8431E-04  (-0.324    ,  1.302E-03,   0.00    ) |  4.843E-04 1.085E-02
    2812 1.4477E+00 4.8430E-04  (-0.324    ,  1.302E-03,   0.00    ) |  4.843E-04 1.085E-02
    2813 1.4482E+00 4.8429E-04  (-0.324    ,  1.302E-03,   0.00    ) |  4.843E-04 1.085E-02
    2814 1.4487E+00 4.8428E-04  (-0.324    ,  1.302E-03,   0.00    ) |  4.843E-04 1.085E-02
    2815 1.4492E+00 4.8427E-04  (-0.324    ,  1.302E-03,   0.00    ) |  4.843E-04 1.085E-02
    2816 1.4497E+00 4.8426E-04  (-0.324    ,  1.302E-03,   0.00    ) |  4.843E-04 1.085E-02
 *** Wrote plotfile to flash_run_hdf5_plt_cnt_0058 ****
    2817 1.4501E+00 4.8424E-04  (-0.324    ,  1.302E-03,   0.00    ) |  4.842E-04 1.085E-02
    2818 1.4506E+00 4.8423E-04  (-0.324    ,  1.302E-03,   0.00    ) |  4.842E-04 1.085E-02
    2819 1.4511E+00 4.8422E-04  (-0.324    ,  1.302E-03,   0.00    ) |  4.842E-04 1.085E-02
    2820 1.4516E+00 4.8421E-04  (-0.324    ,  1.302E-03,   0.00    ) |  4.842E-04 1.085E-02
    2821 1.4521E+00 4.8419E-04  (-0.324    ,  1.302E-03,   0.00    ) |  4.842E-04 1.085E-02
    2822 1.4526E+00 4.8418E-04  (-0.324    ,  1.302E-03,   0.00    ) |  4.842E-04 1.085E-02
    2823 1.4531E+00 4.8417E-04  (-0.324    , -1.302E-03,   0.00    ) |  4.842E-04 1.085E-02
    2824 1.4535E+00 4.8416E-04  (-0.324    , -1.302E-03,   0.00    ) |  4.842E-04 1.085E-02
    2825 1.4540E+00 4.8414E-04  (-0.324    , -1.302E-03,   0.00    ) |  4.841E-04 1.085E-02
    2826 1.4545E+00 4.8413E-04  (-0.324    , -1.302E-03,   0.00    ) |  4.841E-04 1.085E-02
    2827 1.4550E+00 4.8412E-04  (-0.324    , -1.302E-03,   0.00    ) |  4.841E-04 1.085E-02
    2828 1.4555E+00 4.8411E-04  (-0.324    , -1.302E-03,   0.00    ) |  4.841E-04 1.085E-02
    2829 1.4560E+00 4.8410E-04  (-0.324    , -1.302E-03,   0.00    ) |  4.841E-04 1.085E-02
    2830 1.4564E+00 4.8408E-04  (-0.324    , -1.302E-03,   0.00    ) |  4.841E-04 1.085E-02
    2831 1.4569E+00 4.8407E-04  (-0.324    , -1.302E-03,   0.00    ) |  4.841E-04 1.085E-02
    2832 1.4574E+00 4.8406E-04  (-0.324    , -1.302E-03,   0.00    ) |  4.841E-04 1.085E-02
    2833 1.4579E+00 4.8404E-04  (-0.324    , -1.302E-03,   0.00    ) |  4.840E-04 1.085E-02
    2834 1.4584E+00 4.8403E-04  (-0.324    , -1.302E-03,   0.00    ) |  4.840E-04 1.085E-02
    2835 1.4589E+00 4.8402E-04  (-0.324    , -1.302E-03,   0.00    ) |  4.840E-04 1.085E-02
    2836 1.4593E+00 4.8401E-04  (-0.324    , -1.302E-03,   0.00    ) |  4.840E-04 1.085E-02
    2837 1.4598E+00 4.8399E-04  (-0.324    , -1.302E-03,   0.00    ) |  4.840E-04 1.085E-02
    2838 1.4603E+00 4.8398E-04  (-0.324    , -1.302E-03,   0.00    ) |  4.840E-04 1.085E-02
    2839 1.4608E+00 4.8397E-04  (-0.324    , -1.302E-03,   0.00    ) |  4.840E-04 1.085E-02
    2840 1.4613E+00 4.8395E-04  (-0.324    , -1.302E-03,   0.00    ) |  4.840E-04 1.085E-02
    2841 1.4618E+00 4.8394E-04  (-0.324    , -1.302E-03,   0.00    ) |  4.839E-04 1.085E-02
    2842 1.4623E+00 4.8393E-04  (-0.324    , -1.302E-03,   0.00    ) |  4.839E-04 1.085E-02
    2843 1.4627E+00 4.8391E-04  (-0.324    , -1.302E-03,   0.00    ) |  4.839E-04 1.085E-02
    2844 1.4632E+00 4.8390E-04  (-0.324    , -1.302E-03,   0.00    ) |  4.839E-04 1.085E-02
    2845 1.4637E+00 4.8389E-04  (-0.324    , -1.302E-03,   0.00    ) |  4.839E-04 1.085E-02
    2846 1.4642E+00 4.8387E-04  (-0.324    , -1.302E-03,   0.00    ) |  4.839E-04 1.085E-02
    2847 1.4647E+00 4.8386E-04  (-0.324    , -1.302E-03,   0.00    ) |  4.839E-04 1.085E-02
    2848 1.4652E+00 4.8385E-04  (-0.324    , -1.302E-03,   0.00    ) |  4.838E-04 1.085E-02
    2849 1.4656E+00 4.8384E-04  (-0.324    , -1.302E-03,   0.00    ) |  4.838E-04 1.085E-02
    2850 1.4661E+00 4.8382E-04  (-0.324    ,  1.302E-03,   0.00    ) |  4.838E-04 1.085E-02
    2851 1.4666E+00 4.8381E-04  (-0.324    , -1.302E-03,   0.00    ) |  4.838E-04 1.085E-02
    2852 1.4671E+00 4.8380E-04  (-0.324    , -1.302E-03,   0.00    ) |  4.838E-04 1.085E-02
    2853 1.4676E+00 4.8379E-04  (-0.324    ,  1.302E-03,   0.00    ) |  4.838E-04 1.085E-02
    2854 1.4681E+00 4.8377E-04  (-0.324    ,  1.302E-03,   0.00    ) |  4.838E-04 1.085E-02
    2855 1.4685E+00 4.8376E-04  (-0.324    ,  1.302E-03,   0.00    ) |  4.838E-04 1.085E-02
    2856 1.4690E+00 4.8375E-04  (-0.324    , -1.302E-03,   0.00    ) |  4.837E-04 1.085E-02
    2857 1.4695E+00 4.8374E-04  (-0.324    ,  1.302E-03,   0.00    ) |  4.837E-04 1.085E-02
    2858 1.4700E+00 4.8372E-04  (-0.324    ,  1.302E-03,   0.00    ) |  4.837E-04 1.085E-02
    2859 1.4705E+00 4.8371E-04  (-0.324    ,  1.302E-03,   0.00    ) |  4.837E-04 1.085E-02
    2860 1.4710E+00 4.8370E-04  (-0.324    ,  1.302E-03,   0.00    ) |  4.837E-04 1.085E-02
    2861 1.4714E+00 4.8368E-04  (-0.324    ,  1.302E-03,   0.00    ) |  4.837E-04 1.085E-02
    2862 1.4719E+00 4.8367E-04  (-0.324    ,  1.302E-03,   0.00    ) |  4.837E-04 1.085E-02
    2863 1.4724E+00 4.8366E-04  (-0.324    ,  1.302E-03,   0.00    ) |  4.837E-04 1.085E-02
    2864 1.4729E+00 4.8365E-04  (-0.324    ,  1.302E-03,   0.00    ) |  4.836E-04 1.085E-02
    2865 1.4734E+00 4.8363E-04  (-0.324    ,  1.302E-03,   0.00    ) |  4.836E-04 1.085E-02
    2866 1.4739E+00 4.8362E-04  (-0.324    ,  1.302E-03,   0.00    ) |  4.836E-04 1.085E-02
    2867 1.4743E+00 4.8361E-04  (-0.324    ,  1.302E-03,   0.00    ) |  4.836E-04 1.085E-02
    2868 1.4748E+00 4.8359E-04  (-0.324    ,  1.302E-03,   0.00    ) |  4.836E-04 1.085E-02
 *** Wrote plotfile to flash_run_hdf5_plt_cnt_0059 ****
    2869 1.4753E+00 4.8358E-04  (-0.324    ,  1.302E-03,   0.00    ) |  4.836E-04 1.085E-02
    2870 1.4758E+00 4.8357E-04  (-0.324    ,  1.302E-03,   0.00    ) |  4.836E-04 1.085E-02
    2871 1.4763E+00 4.8355E-04  (-0.324    ,  1.302E-03,   0.00    ) |  4.836E-04 1.085E-02
    2872 1.4768E+00 4.8354E-04  (-0.324    ,  1.302E-03,   0.00    ) |  4.835E-04 1.085E-02
    2873 1.4772E+00 4.8353E-04  (-0.324    ,  1.302E-03,   0.00    ) |  4.835E-04 1.085E-02
    2874 1.4777E+00 4.8352E-04  (-0.324    ,  1.302E-03,   0.00    ) |  4.835E-04 1.085E-02
    2875 1.4782E+00 4.8351E-04  (-0.324    ,  1.302E-03,   0.00    ) |  4.835E-04 1.085E-02
    2876 1.4787E+00 4.8349E-04  (-0.324    ,  1.302E-03,   0.00    ) |  4.835E-04 1.085E-02
    2877 1.4792E+00 4.8348E-04  (-0.324    ,  1.302E-03,   0.00    ) |  4.835E-04 1.085E-02
    2878 1.4797E+00 4.8347E-04  (-0.324    ,  1.302E-03,   0.00    ) |  4.835E-04 1.085E-02
    2879 1.4801E+00 4.8346E-04  (-0.324    ,  1.302E-03,   0.00    ) |  4.835E-04 1.085E-02
    2880 1.4806E+00 4.8345E-04  (-0.324    ,  1.302E-03,   0.00    ) |  4.834E-04 1.085E-02
    2881 1.4811E+00 4.8343E-04  (-0.324    ,  1.302E-03,   0.00    ) |  4.834E-04 1.085E-02
    2882 1.4816E+00 4.8342E-04  (-0.324    ,  1.302E-03,   0.00    ) |  4.834E-04 1.085E-02
    2883 1.4821E+00 4.8341E-04  (-0.324    ,  1.302E-03,   0.00    ) |  4.834E-04 1.085E-02
    2884 1.4826E+00 4.8340E-04  (-0.324    ,  1.302E-03,   0.00    ) |  4.834E-04 1.085E-02
    2885 1.4830E+00 4.8339E-04  (-0.324    ,  1.302E-03,   0.00    ) |  4.834E-04 1.085E-02
    2886 1.4835E+00 4.8338E-04  (-0.324    ,  1.302E-03,   0.00    ) |  4.834E-04 1.085E-02
    2887 1.4840E+00 4.8337E-04  (-0.324    ,  1.302E-03,   0.00    ) |  4.834E-04 1.085E-02
    2888 1.4845E+00 4.8336E-04  (-0.324    ,  1.302E-03,   0.00    ) |  4.834E-04 1.085E-02
    2889 1.4850E+00 4.8334E-04  (-0.324    ,  1.302E-03,   0.00    ) |  4.833E-04 1.085E-02
    2890 1.4855E+00 4.8333E-04  (-0.324    ,  1.302E-03,   0.00    ) |  4.833E-04 1.085E-02
    2891 1.4859E+00 4.8332E-04  (-0.324    ,  1.302E-03,   0.00    ) |  4.833E-04 1.085E-02
    2892 1.4864E+00 4.8331E-04  (-0.324    ,  1.302E-03,   0.00    ) |  4.833E-04 1.085E-02
    2893 1.4869E+00 4.8330E-04  (-0.324    ,  1.302E-03,   0.00    ) |  4.833E-04 1.085E-02
    2894 1.4874E+00 4.8329E-04  (-0.324    ,  1.302E-03,   0.00    ) |  4.833E-04 1.085E-02
    2895 1.4879E+00 4.8328E-04  (-0.324    ,  1.302E-03,   0.00    ) |  4.833E-04 1.085E-02
    2896 1.4884E+00 4.8327E-04  (-0.324    ,  1.302E-03,   0.00    ) |  4.833E-04 1.085E-02
    2897 1.4888E+00 4.8326E-04  (-0.324    ,  1.302E-03,   0.00    ) |  4.833E-04 1.085E-02
    2898 1.4893E+00 4.8325E-04  (-0.324    ,  1.302E-03,   0.00    ) |  4.833E-04 1.085E-02
    2899 1.4898E+00 4.8324E-04  (-0.324    ,  1.302E-03,   0.00    ) |  4.832E-04 1.085E-02
    2900 1.4903E+00 4.8323E-04  (-0.324    ,  1.302E-03,   0.00    ) |  4.832E-04 1.085E-02
    2901 1.4908E+00 4.8322E-04  (-0.324    ,  1.302E-03,   0.00    ) |  4.832E-04 1.085E-02
    2902 1.4913E+00 4.8322E-04  (-0.324    ,  1.302E-03,   0.00    ) |  4.832E-04 1.085E-02
    2903 1.4917E+00 4.8321E-04  (-0.324    ,  1.302E-03,   0.00    ) |  4.832E-04 1.085E-02
    2904 1.4922E+00 4.8320E-04  (-0.324    ,  1.302E-03,   0.00    ) |  4.832E-04 1.085E-02
    2905 1.4927E+00 4.8319E-04  (-0.324    ,  1.302E-03,   0.00    ) |  4.832E-04 1.085E-02
    2906 1.4932E+00 4.8318E-04  (-0.324    , -1.302E-03,   0.00    ) |  4.832E-04 1.085E-02
    2907 1.4937E+00 4.8317E-04  (-0.324    , -1.302E-03,   0.00    ) |  4.832E-04 1.085E-02
    2908 1.4942E+00 4.8316E-04  (-0.324    , -1.302E-03,   0.00    ) |  4.832E-04 1.085E-02
    2909 1.4946E+00 4.8315E-04  (-0.324    ,  1.302E-03,   0.00    ) |  4.831E-04 1.085E-02
    2910 1.4951E+00 4.8314E-04  (-0.324    , -1.302E-03,   0.00    ) |  4.831E-04 1.085E-02
    2911 1.4956E+00 4.8313E-04  (-0.324    ,  1.302E-03,   0.00    ) |  4.831E-04 1.085E-02
    2912 1.4961E+00 4.8312E-04  (-0.324    ,  1.302E-03,   0.00    ) |  4.831E-04 1.085E-02
    2913 1.4966E+00 4.8311E-04  (-0.324    , -1.302E-03,   0.00    ) |  4.831E-04 1.085E-02
    2914 1.4971E+00 4.8310E-04  (-0.324    , -1.302E-03,   0.00    ) |  4.831E-04 1.085E-02
    2915 1.4975E+00 4.8310E-04  (-0.324    ,  1.302E-03,   0.00    ) |  4.831E-04 1.085E-02
    2916 1.4980E+00 4.8309E-04  (-0.324    , -1.302E-03,   0.00    ) |  4.831E-04 1.085E-02
    2917 1.4985E+00 4.8308E-04  (-0.324    , -1.302E-03,   0.00    ) |  4.831E-04 1.085E-02
    2918 1.4990E+00 4.8307E-04  (-0.324    , -1.302E-03,   0.00    ) |  4.831E-04 1.085E-02
    2919 1.4995E+00 4.8306E-04  (-0.324    , -1.302E-03,   0.00    ) |  4.831E-04 1.085E-02
    2920 1.5000E+00 4.8305E-04  (-0.324    , -1.302E-03,   0.00    ) |  4.831E-04 1.085E-02
 *** Wrote plotfile to flash_run_hdf5_plt_cnt_0060 ****
    2921 1.5004E+00 4.8304E-04  (-0.322    , -1.302E-03,   0.00    ) |  4.830E-04 1.085E-02
    2922 1.5009E+00 4.8303E-04  (-0.322    , -1.302E-03,   0.00    ) |  4.830E-04 1.085E-02
    2923 1.5014E+00 4.8303E-04  (-0.322    , -1.302E-03,   0.00    ) |  4.830E-04 1.085E-02
    2924 1.5019E+00 4.8302E-04  (-0.322    ,  1.302E-03,   0.00    ) |  4.830E-04 1.085E-02
    2925 1.5024E+00 4.8301E-04  (-0.322    ,  1.302E-03,   0.00    ) |  4.830E-04 1.085E-02
    2926 1.5029E+00 4.8300E-04  (-0.322    ,  1.302E-03,   0.00    ) |  4.830E-04 1.085E-02
    2927 1.5033E+00 4.8299E-04  (-0.322    ,  1.302E-03,   0.00    ) |  4.830E-04 1.085E-02
    2928 1.5038E+00 4.8298E-04  (-0.322    ,  1.302E-03,   0.00    ) |  4.830E-04 1.085E-02
    2929 1.5043E+00 4.8297E-04  (-0.322    ,  1.302E-03,   0.00    ) |  4.830E-04 1.085E-02
    2930 1.5048E+00 4.8296E-04  (-0.322    ,  1.302E-03,   0.00    ) |  4.830E-04 1.085E-02
    2931 1.5053E+00 4.8295E-04  (-0.322    , -1.302E-03,   0.00    ) |  4.830E-04 1.085E-02
    2932 1.5058E+00 4.8295E-04  (-0.322    ,  1.302E-03,   0.00    ) |  4.829E-04 1.085E-02
    2933 1.5062E+00 4.8294E-04  (-0.322    , -1.302E-03,   0.00    ) |  4.829E-04 1.085E-02
    2934 1.5067E+00 4.8293E-04  (-0.322    , -1.302E-03,   0.00    ) |  4.829E-04 1.085E-02
    2935 1.5072E+00 4.8292E-04  (-0.322    , -1.302E-03,   0.00    ) |  4.829E-04 1.085E-02
    2936 1.5077E+00 4.8291E-04  (-0.322    , -1.302E-03,   0.00    ) |  4.829E-04 1.085E-02
    2937 1.5082E+00 4.8290E-04  (-0.322    , -1.302E-03,   0.00    ) |  4.829E-04 1.085E-02
    2938 1.5087E+00 4.8289E-04  (-0.322    , -1.302E-03,   0.00    ) |  4.829E-04 1.085E-02
    2939 1.5091E+00 4.8289E-04  (-0.322    , -1.302E-03,   0.00    ) |  4.829E-04 1.085E-02
    2940 1.5096E+00 4.8288E-04  (-0.322    , -1.302E-03,   0.00    ) |  4.829E-04 1.085E-02
    2941 1.5101E+00 4.8287E-04  (-0.322    , -1.302E-03,   0.00    ) |  4.829E-04 1.085E-02
    2942 1.5106E+00 4.8286E-04  (-0.322    ,  1.302E-03,   0.00    ) |  4.829E-04 1.085E-02
    2943 1.5111E+00 4.8285E-04  (-0.322    , -1.302E-03,   0.00    ) |  4.829E-04 1.085E-02
    2944 1.5116E+00 4.8284E-04  (-0.322    ,  1.302E-03,   0.00    ) |  4.828E-04 1.085E-02
    2945 1.5120E+00 4.8284E-04  (-0.322    ,  1.302E-03,   0.00    ) |  4.828E-04 1.085E-02
    2946 1.5125E+00 4.8283E-04  (-0.322    ,  1.302E-03,   0.00    ) |  4.828E-04 1.085E-02
    2947 1.5130E+00 4.8282E-04  (-0.322    ,  1.302E-03,   0.00    ) |  4.828E-04 1.085E-02
    2948 1.5135E+00 4.8281E-04  (-0.322    ,  1.302E-03,   0.00    ) |  4.828E-04 1.085E-02
    2949 1.5140E+00 4.8280E-04  (-0.322    ,  1.302E-03,   0.00    ) |  4.828E-04 1.085E-02
    2950 1.5144E+00 4.8280E-04  (-0.322    ,  1.302E-03,   0.00    ) |  4.828E-04 1.085E-02
    2951 1.5149E+00 4.8279E-04  (-0.322    ,  1.302E-03,   0.00    ) |  4.828E-04 1.085E-02
    2952 1.5154E+00 4.8278E-04  (-0.322    ,  1.302E-03,   0.00    ) |  4.828E-04 1.085E-02
    2953 1.5159E+00 4.8277E-04  (-0.322    ,  1.302E-03,   0.00    ) |  4.828E-04 1.085E-02
    2954 1.5164E+00 4.8276E-04  (-0.322    ,  1.302E-03,   0.00    ) |  4.828E-04 1.085E-02
    2955 1.5169E+00 4.8276E-04  (-0.322    ,  1.302E-03,   0.00    ) |  4.828E-04 1.085E-02
    2956 1.5173E+00 4.8275E-04  (-0.322    ,  1.302E-03,   0.00    ) |  4.827E-04 1.085E-02
    2957 1.5178E+00 4.8274E-04  (-0.322    ,  1.302E-03,   0.00    ) |  4.827E-04 1.085E-02
    2958 1.5183E+00 4.8273E-04  (-0.322    ,  1.302E-03,   0.00    ) |  4.827E-04 1.085E-02
    2959 1.5188E+00 4.8272E-04  (-0.322    ,  1.302E-03,   0.00    ) |  4.827E-04 1.085E-02
    2960 1.5193E+00 4.8272E-04  (-0.322    ,  1.302E-03,   0.00    ) |  4.827E-04 1.085E-02
    2961 1.5198E+00 4.8271E-04  (-0.322    ,  1.302E-03,   0.00    ) |  4.827E-04 1.085E-02
    2962 1.5202E+00 4.8270E-04  (-0.322    , -1.302E-03,   0.00    ) |  4.827E-04 1.085E-02
    2963 1.5207E+00 4.8269E-04  (-0.322    , -1.302E-03,   0.00    ) |  4.827E-04 1.085E-02
    2964 1.5212E+00 4.8269E-04  (-0.322    , -1.302E-03,   0.00    ) |  4.827E-04 1.085E-02
    2965 1.5217E+00 4.8268E-04  (-0.322    ,  1.302E-03,   0.00    ) |  4.827E-04 1.085E-02
    2966 1.5222E+00 4.8267E-04  (-0.322    , -1.302E-03,   0.00    ) |  4.827E-04 1.085E-02
    2967 1.5227E+00 4.8266E-04  (-0.322    , -1.302E-03,   0.00    ) |  4.827E-04 1.085E-02
    2968 1.5231E+00 4.8266E-04  (-0.322    , -1.302E-03,   0.00    ) |  4.827E-04 1.085E-02
    2969 1.5236E+00 4.8265E-04  (-0.322    , -1.302E-03,   0.00    ) |  4.826E-04 1.085E-02
    2970 1.5241E+00 4.8264E-04  (-0.322    , -1.302E-03,   0.00    ) |  4.826E-04 1.085E-02
    2971 1.5246E+00 4.8263E-04  (-0.322    , -1.302E-03,   0.00    ) |  4.826E-04 1.085E-02
 *** Wrote plotfile to flash_run_hdf5_plt_cnt_0061 ****
    2972 1.5251E+00 4.8263E-04  (-0.322    , -1.302E-03,   0.00    ) |  4.826E-04 1.085E-02
    2973 1.5256E+00 4.8262E-04  (-0.322    , -1.302E-03,   0.00    ) |  4.826E-04 1.085E-02
    2974 1.5260E+00 4.8261E-04  (-0.322    , -1.302E-03,   0.00    ) |  4.826E-04 1.085E-02
    2975 1.5265E+00 4.8260E-04  (-0.322    , -1.302E-03,   0.00    ) |  4.826E-04 1.085E-02
    2976 1.5270E+00 4.8260E-04  (-0.322    , -1.302E-03,   0.00    ) |  4.826E-04 1.085E-02
    2977 1.5275E+00 4.8259E-04  (-0.322    , -1.302E-03,   0.00    ) |  4.826E-04 1.085E-02
    2978 1.5280E+00 4.8258E-04  (-0.322    , -1.302E-03,   0.00    ) |  4.826E-04 1.085E-02
    2979 1.5284E+00 4.8257E-04  (-0.322    ,  1.302E-03,   0.00    ) |  4.826E-04 1.085E-02
    2980 1.5289E+00 4.8257E-04  (-0.322    , -1.302E-03,   0.00    ) |  4.826E-04 1.085E-02
    2981 1.5294E+00 4.8256E-04  (-0.322    , -1.302E-03,   0.00    ) |  4.826E-04 1.085E-02
    2982 1.5299E+00 4.8255E-04  (-0.322    , -1.302E-03,   0.00    ) |  4.826E-04 1.085E-02
    2983 1.5304E+00 4.8255E-04  (-0.322    ,  1.302E-03,   0.00    ) |  4.825E-04 1.085E-02
    2984 1.5309E+00 4.8254E-04  (-0.322    ,  1.302E-03,   0.00    ) |  4.825E-04 1.085E-02
    2985 1.5313E+00 4.8254E-04  (-0.322    , -1.302E-03,   0.00    ) |  4.825E-04 1.085E-02
    2986 1.5318E+00 4.8253E-04  (-0.322    ,  1.302E-03,   0.00    ) |  4.825E-04 1.085E-02
    2987 1.5323E+00 4.8253E-04  (-0.322    , -1.302E-03,   0.00    ) |  4.825E-04 1.085E-02
    2988 1.5328E+00 4.8252E-04  (-0.322    ,  1.302E-03,   0.00    ) |  4.825E-04 1.085E-02
    2989 1.5333E+00 4.8251E-04  (-0.322    ,  1.302E-03,   0.00    ) |  4.825E-04 1.085E-02
    2990 1.5338E+00 4.8251E-04  (-0.322    , -1.302E-03,   0.00    ) |  4.825E-04 1.085E-02
    2991 1.5342E+00 4.8250E-04  (-0.322    , -1.302E-03,   0.00    ) |  4.825E-04 1.085E-02
    2992 1.5347E+00 4.8250E-04  (-0.322    , -1.302E-03,   0.00    ) |  4.825E-04 1.085E-02
    2993 1.5352E+00 4.8249E-04  (-0.322    , -1.302E-03,   0.00    ) |  4.825E-04 1.085E-02
    2994 1.5357E+00 4.8249E-04  (-0.322    , -1.302E-03,   0.00    ) |  4.825E-04 1.085E-02
    2995 1.5362E+00 4.8248E-04  (-0.322    ,  1.302E-03,   0.00    ) |  4.825E-04 1.085E-02
    2996 1.5366E+00 4.8248E-04  (-0.322    , -1.302E-03,   0.00    ) |  4.825E-04 1.085E-02
    2997 1.5371E+00 4.8248E-04  (-0.322    ,  1.302E-03,   0.00    ) |  4.825E-04 1.085E-02
    2998 1.5376E+00 4.8247E-04  (-0.322    ,  1.302E-03,   0.00    ) |  4.825E-04 1.085E-02
    2999 1.5381E+00 4.8247E-04  (-0.322    ,  1.302E-03,   0.00    ) |  4.825E-04 1.085E-02
    3000 1.5386E+00 4.8247E-04  (-0.322    ,  1.302E-03,   0.00    ) |  4.825E-04 1.085E-02
    3001 1.5391E+00 4.8246E-04  (-0.322    ,  1.302E-03,   0.00    ) |  4.825E-04 1.085E-02
    3002 1.5395E+00 4.8246E-04  (-0.322    ,  1.302E-03,   0.00    ) |  4.825E-04 1.085E-02
    3003 1.5400E+00 4.8246E-04  (-0.322    ,  1.302E-03,   0.00    ) |  4.825E-04 1.085E-02
    3004 1.5405E+00 4.8245E-04  (-0.322    ,  1.302E-03,   0.00    ) |  4.825E-04 1.085E-02
    3005 1.5410E+00 4.8245E-04  (-0.322    ,  1.302E-03,   0.00    ) |  4.825E-04 1.085E-02
    3006 1.5415E+00 4.8245E-04  (-0.322    ,  1.302E-03,   0.00    ) |  4.824E-04 1.085E-02
    3007 1.5420E+00 4.8245E-04  (-0.322    ,  1.302E-03,   0.00    ) |  4.824E-04 1.085E-02
    3008 1.5424E+00 4.8245E-04  (-0.322    ,  1.302E-03,   0.00    ) |  4.824E-04 1.085E-02
    3009 1.5429E+00 4.8244E-04  (-0.322    ,  1.302E-03,   0.00    ) |  4.824E-04 1.085E-02
    3010 1.5434E+00 4.8244E-04  (-0.322    ,  1.302E-03,   0.00    ) |  4.824E-04 1.085E-02
    3011 1.5439E+00 4.8244E-04  (-0.322    ,  1.302E-03,   0.00    ) |  4.824E-04 1.085E-02
    3012 1.5444E+00 4.8244E-04  (-0.322    ,  1.302E-03,   0.00    ) |  4.824E-04 1.085E-02
    3013 1.5449E+00 4.8244E-04  (-0.322    ,  1.302E-03,   0.00    ) |  4.824E-04 1.085E-02
    3014 1.5453E+00 4.8244E-04  (-0.322    ,  1.302E-03,   0.00    ) |  4.824E-04 1.085E-02
    3015 1.5458E+00 4.8244E-04  (-0.322    ,  1.302E-03,   0.00    ) |  4.824E-04 1.085E-02
    3016 1.5463E+00 4.8244E-04  (-0.322    ,  1.302E-03,   0.00    ) |  4.824E-04 1.085E-02
    3017 1.5468E+00 4.8244E-04  (-0.322    ,  1.302E-03,   0.00    ) |  4.824E-04 1.085E-02
    3018 1.5473E+00 4.8244E-04  (-0.322    ,  1.302E-03,   0.00    ) |  4.824E-04 1.085E-02
    3019 1.5477E+00 4.8244E-04  (-0.322    ,  1.302E-03,   0.00    ) |  4.824E-04 1.085E-02
    3020 1.5482E+00 4.8244E-04  (-0.322    ,  1.302E-03,   0.00    ) |  4.824E-04 1.085E-02
    3021 1.5487E+00 4.8244E-04  (-0.322    ,  1.302E-03,   0.00    ) |  4.824E-04 1.085E-02
    3022 1.5492E+00 4.8244E-04  (-0.322    , -1.302E-03,   0.00    ) |  4.824E-04 1.085E-02
    3023 1.5497E+00 4.8244E-04  (-0.322    ,  1.302E-03,   0.00    ) |  4.824E-04 1.085E-02
 *** Wrote plotfile to flash_run_hdf5_plt_cnt_0062 ****
    3024 1.5502E+00 4.8244E-04  (-0.322    , -1.302E-03,   0.00    ) |  4.824E-04 1.085E-02
    3025 1.5506E+00 4.8244E-04  (-0.322    ,  1.302E-03,   0.00    ) |  4.824E-04 1.085E-02
    3026 1.5511E+00 4.8244E-04  (-0.322    ,  1.302E-03,   0.00    ) |  4.824E-04 1.085E-02
    3027 1.5516E+00 4.8244E-04  (-0.322    ,  1.302E-03,   0.00    ) |  4.824E-04 1.085E-02
    3028 1.5521E+00 4.8244E-04  (-0.322    ,  1.302E-03,   0.00    ) |  4.824E-04 1.085E-02
    3029 1.5526E+00 4.8244E-04  (-0.322    ,  1.302E-03,   0.00    ) |  4.824E-04 1.085E-02
    3030 1.5531E+00 4.8244E-04  (-0.322    ,  1.302E-03,   0.00    ) |  4.824E-04 1.085E-02
    3031 1.5535E+00 4.8244E-04  (-0.322    ,  1.302E-03,   0.00    ) |  4.824E-04 1.085E-02
    3032 1.5540E+00 4.8244E-04  (-0.322    ,  1.302E-03,   0.00    ) |  4.824E-04 1.085E-02
    3033 1.5545E+00 4.8244E-04  (-0.322    ,  1.302E-03,   0.00    ) |  4.824E-04 1.085E-02
    3034 1.5550E+00 4.8245E-04  (-0.322    ,  1.302E-03,   0.00    ) |  4.824E-04 1.085E-02
    3035 1.5555E+00 4.8245E-04  (-0.322    , -1.302E-03,   0.00    ) |  4.824E-04 1.085E-02
    3036 1.5559E+00 4.8245E-04  (-0.322    , -1.302E-03,   0.00    ) |  4.824E-04 1.085E-02
    3037 1.5564E+00 4.8245E-04  (-0.322    , -1.302E-03,   0.00    ) |  4.824E-04 1.085E-02
    3038 1.5569E+00 4.8245E-04  (-0.322    , -1.302E-03,   0.00    ) |  4.824E-04 1.085E-02
    3039 1.5574E+00 4.8245E-04  (-0.322    , -1.302E-03,   0.00    ) |  4.824E-04 1.085E-02
    3040 1.5579E+00 4.8245E-04  (-0.322    , -1.302E-03,   0.00    ) |  4.824E-04 1.085E-02
    3041 1.5584E+00 4.8245E-04  (-0.322    , -1.302E-03,   0.00    ) |  4.824E-04 1.085E-02
    3042 1.5588E+00 4.8245E-04  (-0.322    , -1.302E-03,   0.00    ) |  4.825E-04 1.085E-02
    3043 1.5593E+00 4.8245E-04  (-0.322    , -1.302E-03,   0.00    ) |  4.825E-04 1.085E-02
    3044 1.5598E+00 4.8245E-04  (-0.322    , -1.302E-03,   0.00    ) |  4.825E-04 1.085E-02
    3045 1.5603E+00 4.8245E-04  (-0.322    , -1.302E-03,   0.00    ) |  4.825E-04 1.085E-02
    3046 1.5608E+00 4.8245E-04  (-0.322    , -1.302E-03,   0.00    ) |  4.825E-04 1.085E-02
    3047 1.5613E+00 4.8245E-04  (-0.322    , -1.302E-03,   0.00    ) |  4.825E-04 1.085E-02
    3048 1.5617E+00 4.8246E-04  (-0.322    , -1.302E-03,   0.00    ) |  4.825E-04 1.085E-02
    3049 1.5622E+00 4.8246E-04  (-0.322    , -1.302E-03,   0.00    ) |  4.825E-04 1.085E-02
    3050 1.5627E+00 4.8246E-04  (-0.322    , -1.302E-03,   0.00    ) |  4.825E-04 1.085E-02
    3051 1.5632E+00 4.8246E-04  (-0.322    , -1.302E-03,   0.00    ) |  4.825E-04 1.085E-02
    3052 1.5637E+00 4.8246E-04  (-0.322    , -1.302E-03,   0.00    ) |  4.825E-04 1.085E-02
    3053 1.5641E+00 4.8246E-04  (-0.322    ,  1.302E-03,   0.00    ) |  4.825E-04 1.085E-02
    3054 1.5646E+00 4.8246E-04  (-0.322    ,  1.302E-03,   0.00    ) |  4.825E-04 1.085E-02
    3055 1.5651E+00 4.8246E-04  (-0.322    , -1.302E-03,   0.00    ) |  4.825E-04 1.085E-02
    3056 1.5656E+00 4.8246E-04  (-0.322    ,  1.302E-03,   0.00    ) |  4.825E-04 1.085E-02
    3057 1.5661E+00 4.8246E-04  (-0.322    ,  1.302E-03,   0.00    ) |  4.825E-04 1.085E-02
    3058 1.5666E+00 4.8246E-04  (-0.322    ,  1.302E-03,   0.00    ) |  4.825E-04 1.085E-02
    3059 1.5670E+00 4.8246E-04  (-0.322    ,  1.302E-03,   0.00    ) |  4.825E-04 1.085E-02
    3060 1.5675E+00 4.8247E-04  (-0.322    ,  1.302E-03,   0.00    ) |  4.825E-04 1.085E-02
    3061 1.5680E+00 4.8247E-04  (-0.322    ,  1.302E-03,   0.00    ) |  4.825E-04 1.085E-02
    3062 1.5685E+00 4.8247E-04  (-0.322    ,  1.302E-03,   0.00    ) |  4.825E-04 1.085E-02
    3063 1.5690E+00 4.8247E-04  (-0.322    ,  1.302E-03,   0.00    ) |  4.825E-04 1.085E-02
    3064 1.5695E+00 4.8247E-04  (-0.322    ,  1.302E-03,   0.00    ) |  4.825E-04 1.085E-02
    3065 1.5699E+00 4.8247E-04  (-0.322    ,  1.302E-03,   0.00    ) |  4.825E-04 1.085E-02
    3066 1.5704E+00 4.8247E-04  (-0.322    ,  1.302E-03,   0.00    ) |  4.825E-04 1.085E-02
    3067 1.5709E+00 4.8247E-04  (-0.322    ,  1.302E-03,   0.00    ) |  4.825E-04 1.085E-02
    3068 1.5714E+00 4.8247E-04  (-0.322    ,  1.302E-03,   0.00    ) |  4.825E-04 1.085E-02
    3069 1.5719E+00 4.8247E-04  (-0.322    ,  1.302E-03,   0.00    ) |  4.825E-04 1.085E-02
    3070 1.5724E+00 4.8247E-04  (-0.322    ,  1.302E-03,   0.00    ) |  4.825E-04 1.085E-02
    3071 1.5728E+00 4.8247E-04  (-0.322    ,  1.302E-03,   0.00    ) |  4.825E-04 1.085E-02
    3072 1.5733E+00 4.8247E-04  (-0.322    ,  1.302E-03,   0.00    ) |  4.825E-04 1.085E-02
    3073 1.5738E+00 4.8247E-04  (-0.322    ,  1.302E-03,   0.00    ) |  4.825E-04 1.085E-02
    3074 1.5743E+00 4.8247E-04  (-0.322    ,  1.302E-03,   0.00    ) |  4.825E-04 1.085E-02
    3075 1.5748E+00 4.8247E-04  (-0.322    ,  1.302E-03,   0.00    ) |  4.825E-04 1.085E-02
 *** Wrote plotfile to flash_run_hdf5_plt_cnt_0063 ****
    3076 1.5752E+00 4.8247E-04  (-0.322    ,  1.302E-03,   0.00    ) |  4.825E-04 1.085E-02
    3077 1.5757E+00 4.8247E-04  (-0.322    , -1.302E-03,   0.00    ) |  4.825E-04 1.085E-02
    3078 1.5762E+00 4.8246E-04  (-0.322    ,  1.302E-03,   0.00    ) |  4.825E-04 1.085E-02
    3079 1.5767E+00 4.8246E-04  (-0.322    ,  1.302E-03,   0.00    ) |  4.825E-04 1.085E-02
    3080 1.5772E+00 4.8246E-04  (-0.322    ,  1.302E-03,   0.00    ) |  4.825E-04 1.085E-02
    3081 1.5777E+00 4.8246E-04  (-0.322    ,  1.302E-03,   0.00    ) |  4.825E-04 1.085E-02
    3082 1.5781E+00 4.8246E-04  (-0.322    ,  1.302E-03,   0.00    ) |  4.825E-04 1.085E-02
    3083 1.5786E+00 4.8246E-04  (-0.322    ,  1.302E-03,   0.00    ) |  4.825E-04 1.085E-02
    3084 1.5791E+00 4.8245E-04  (-0.322    ,  1.302E-03,   0.00    ) |  4.825E-04 1.085E-02
    3085 1.5796E+00 4.8245E-04  (-0.322    ,  1.302E-03,   0.00    ) |  4.825E-04 1.085E-02
    3086 1.5801E+00 4.8245E-04  (-0.322    , -1.302E-03,   0.00    ) |  4.824E-04 1.085E-02
    3087 1.5806E+00 4.8245E-04  (-0.322    , -1.302E-03,   0.00    ) |  4.824E-04 1.085E-02
    3088 1.5810E+00 4.8244E-04  (-0.322    , -1.302E-03,   0.00    ) |  4.824E-04 1.085E-02
    3089 1.5815E+00 4.8244E-04  (-0.322    , -1.302E-03,   0.00    ) |  4.824E-04 1.085E-02
    3090 1.5820E+00 4.8244E-04  (-0.322    , -1.302E-03,   0.00    ) |  4.824E-04 1.085E-02
    3091 1.5825E+00 4.8244E-04  (-0.322    , -1.302E-03,   0.00    ) |  4.824E-04 1.085E-02
    3092 1.5830E+00 4.8244E-04  (-0.322    , -1.302E-03,   0.00    ) |  4.824E-04 1.085E-02
    3093 1.5834E+00 4.8243E-04  (-0.322    , -1.302E-03,   0.00    ) |  4.824E-04 1.085E-02
    3094 1.5839E+00 4.8243E-04  (-0.322    , -1.302E-03,   0.00    ) |  4.824E-04 1.085E-02
    3095 1.5844E+00 4.8243E-04  (-0.322    , -1.302E-03,   0.00    ) |  4.824E-04 1.085E-02
    3096 1.5849E+00 4.8243E-04  (-0.322    , -1.302E-03,   0.00    ) |  4.824E-04 1.085E-02
    3097 1.5854E+00 4.8243E-04  (-0.322    , -1.302E-03,   0.00    ) |  4.824E-04 1.085E-02
    3098 1.5859E+00 4.8242E-04  (-0.322    , -1.302E-03,   0.00    ) |  4.824E-04 1.085E-02
    3099 1.5863E+00 4.8242E-04  (-0.322    , -1.302E-03,   0.00    ) |  4.824E-04 1.085E-02
    3100 1.5868E+00 4.8242E-04  (-0.322    , -1.302E-03,   0.00    ) |  4.824E-04 1.085E-02
    3101 1.5873E+00 4.8242E-04  (-0.322    , -1.302E-03,   0.00    ) |  4.824E-04 1.085E-02
    3102 1.5878E+00 4.8241E-04  (-0.322    , -1.302E-03,   0.00    ) |  4.824E-04 1.085E-02
    3103 1.5883E+00 4.8241E-04  (-0.322    , -1.302E-03,   0.00    ) |  4.824E-04 1.085E-02
    3104 1.5888E+00 4.8241E-04  (-0.322    , -1.302E-03,   0.00    ) |  4.824E-04 1.085E-02
    3105 1.5892E+00 4.8241E-04  (-0.322    , -1.302E-03,   0.00    ) |  4.824E-04 1.085E-02
    3106 1.5897E+00 4.8241E-04  (-0.322    , -1.302E-03,   0.00    ) |  4.824E-04 1.085E-02
    3107 1.5902E+00 4.8241E-04  (-0.322    , -1.302E-03,   0.00    ) |  4.824E-04 1.085E-02
    3108 1.5907E+00 4.8240E-04  (-0.322    , -1.302E-03,   0.00    ) |  4.824E-04 1.085E-02
    3109 1.5912E+00 4.8240E-04  (-0.322    , -1.302E-03,   0.00    ) |  4.824E-04 1.085E-02
    3110 1.5916E+00 4.8240E-04  (-0.322    , -1.302E-03,   0.00    ) |  4.824E-04 1.085E-02
    3111 1.5921E+00 4.8240E-04  (-0.322    , -1.302E-03,   0.00    ) |  4.824E-04 1.085E-02
    3112 1.5926E+00 4.8240E-04  (-0.322    , -1.302E-03,   0.00    ) |  4.824E-04 1.085E-02
    3113 1.5931E+00 4.8240E-04  (-0.322    , -1.302E-03,   0.00    ) |  4.824E-04 1.085E-02
    3114 1.5936E+00 4.8240E-04  (-0.322    , -1.302E-03,   0.00    ) |  4.824E-04 1.085E-02
    3115 1.5941E+00 4.8240E-04  (-0.322    , -1.302E-03,   0.00    ) |  4.824E-04 1.085E-02
    3116 1.5945E+00 4.8240E-04  (-0.322    , -1.302E-03,   0.00    ) |  4.824E-04 1.085E-02
    3117 1.5950E+00 4.8240E-04  (-0.322    , -1.302E-03,   0.00    ) |  4.824E-04 1.085E-02
    3118 1.5955E+00 4.8240E-04  (-0.319    ,  1.302E-03,   0.00    ) |  4.824E-04 1.085E-02
    3119 1.5960E+00 4.8240E-04  (-0.319    ,  1.302E-03,   0.00    ) |  4.824E-04 1.085E-02
    3120 1.5965E+00 4.8241E-04  (-0.319    ,  1.302E-03,   0.00    ) |  4.824E-04 1.085E-02
    3121 1.5970E+00 4.8241E-04  (-0.319    ,  1.302E-03,   0.00    ) |  4.824E-04 1.085E-02
    3122 1.5974E+00 4.8241E-04  (-0.319    , -1.302E-03,   0.00    ) |  4.824E-04 1.085E-02
    3123 1.5979E+00 4.8241E-04  (-0.319    , -1.302E-03,   0.00    ) |  4.824E-04 1.085E-02
    3124 1.5984E+00 4.8241E-04  (-0.319    ,  1.302E-03,   0.00    ) |  4.824E-04 1.085E-02
    3125 1.5989E+00 4.8241E-04  (-0.319    , -1.302E-03,   0.00    ) |  4.824E-04 1.085E-02
    3126 1.5994E+00 4.8241E-04  (-0.319    , -1.302E-03,   0.00    ) |  4.824E-04 1.085E-02
    3127 1.5998E+00 4.8241E-04  (-0.319    , -1.302E-03,   0.00    ) |  4.824E-04 1.085E-02
 *** Wrote plotfile to flash_run_hdf5_plt_cnt_0064 ****
    3128 1.6003E+00 4.8242E-04  (-0.319    ,  1.302E-03,   0.00    ) |  4.824E-04 1.085E-02
    3129 1.6008E+00 4.8242E-04  (-0.319    , -1.302E-03,   0.00    ) |  4.824E-04 1.085E-02
    3130 1.6013E+00 4.8242E-04  (-0.319    , -1.302E-03,   0.00    ) |  4.824E-04 1.085E-02
    3131 1.6018E+00 4.8242E-04  (-0.319    , -1.302E-03,   0.00    ) |  4.824E-04 1.085E-02
    3132 1.6023E+00 4.8243E-04  (-0.319    , -1.302E-03,   0.00    ) |  4.824E-04 1.085E-02
    3133 1.6027E+00 4.8243E-04  (-0.319    , -1.302E-03,   0.00    ) |  4.824E-04 1.085E-02
    3134 1.6032E+00 4.8243E-04  (-0.319    , -1.302E-03,   0.00    ) |  4.824E-04 1.085E-02
    3135 1.6037E+00 4.8244E-04  (-0.319    , -1.302E-03,   0.00    ) |  4.824E-04 1.085E-02
    3136 1.6042E+00 4.8244E-04  (-0.319    , -1.302E-03,   0.00    ) |  4.824E-04 1.085E-02
    3137 1.6047E+00 4.8245E-04  (-0.319    , -1.302E-03,   0.00    ) |  4.824E-04 1.085E-02
    3138 1.6052E+00 4.8245E-04  (-0.319    , -1.302E-03,   0.00    ) |  4.824E-04 1.085E-02
    3139 1.6056E+00 4.8245E-04  (-0.319    , -1.302E-03,   0.00    ) |  4.825E-04 1.085E-02
    3140 1.6061E+00 4.8246E-04  (-0.319    , -1.302E-03,   0.00    ) |  4.825E-04 1.085E-02
    3141 1.6066E+00 4.8246E-04  (-0.319    , -1.302E-03,   0.00    ) |  4.825E-04 1.085E-02
    3142 1.6071E+00 4.8247E-04  (-0.319    , -1.302E-03,   0.00    ) |  4.825E-04 1.085E-02
    3143 1.6076E+00 4.8247E-04  (-0.319    , -1.302E-03,   0.00    ) |  4.825E-04 1.085E-02
    3144 1.6081E+00 4.8248E-04  (-0.319    , -1.302E-03,   0.00    ) |  4.825E-04 1.085E-02
    3145 1.6085E+00 4.8248E-04  (-0.319    , -1.302E-03,   0.00    ) |  4.825E-04 1.085E-02
    3146 1.6090E+00 4.8249E-04  (-0.319    , -1.302E-03,   0.00    ) |  4.825E-04 1.085E-02
    3147 1.6095E+00 4.8249E-04  (-0.319    , -1.302E-03,   0.00    ) |  4.825E-04 1.085E-02
    3148 1.6100E+00 4.8250E-04  (-0.319    , -1.302E-03,   0.00    ) |  4.825E-04 1.085E-02
    3149 1.6105E+00 4.8250E-04  (-0.319    , -1.302E-03,   0.00    ) |  4.825E-04 1.085E-02
    3150 1.6109E+00 4.8251E-04  (-0.319    , -1.302E-03,   0.00    ) |  4.825E-04 1.085E-02
    3151 1.6114E+00 4.8251E-04  (-0.319    , -1.302E-03,   0.00    ) |  4.825E-04 1.085E-02
    3152 1.6119E+00 4.8252E-04  (-0.319    , -1.302E-03,   0.00    ) |  4.825E-04 1.085E-02
    3153 1.6124E+00 4.8252E-04  (-0.319    , -1.302E-03,   0.00    ) |  4.825E-04 1.085E-02
    3154 1.6129E+00 4.8253E-04  (-0.319    , -1.302E-03,   0.00    ) |  4.825E-04 1.085E-02
    3155 1.6134E+00 4.8253E-04  (-0.319    , -1.302E-03,   0.00    ) |  4.825E-04 1.085E-02
    3156 1.6138E+00 4.8254E-04  (-0.319    , -1.302E-03,   0.00    ) |  4.825E-04 1.085E-02
    3157 1.6143E+00 4.8254E-04  (-0.319    , -1.302E-03,   0.00    ) |  4.825E-04 1.085E-02
    3158 1.6148E+00 4.8255E-04  (-0.319    , -1.302E-03,   0.00    ) |  4.825E-04 1.085E-02
    3159 1.6153E+00 4.8255E-04  (-0.319    , -1.302E-03,   0.00    ) |  4.826E-04 1.085E-02
    3160 1.6158E+00 4.8256E-04  (-0.319    ,  1.302E-03,   0.00    ) |  4.826E-04 1.085E-02
    3161 1.6163E+00 4.8256E-04  (-0.319    , -1.302E-03,   0.00    ) |  4.826E-04 1.085E-02
    3162 1.6167E+00 4.8256E-04  (-0.319    , -1.302E-03,   0.00    ) |  4.826E-04 1.085E-02
    3163 1.6172E+00 4.8257E-04  (-0.319    , -1.302E-03,   0.00    ) |  4.826E-04 1.085E-02
    3164 1.6177E+00 4.8257E-04  (-0.319    , -1.302E-03,   0.00    ) |  4.826E-04 1.085E-02
    3165 1.6182E+00 4.8257E-04  (-0.319    , -1.302E-03,   0.00    ) |  4.826E-04 1.085E-02
    3166 1.6187E+00 4.8258E-04  (-0.319    , -1.302E-03,   0.00    ) |  4.826E-04 1.085E-02
    3167 1.6191E+00 4.8258E-04  (-0.319    , -1.302E-03,   0.00    ) |  4.826E-04 1.085E-02
    3168 1.6196E+00 4.8258E-04  (-0.319    , -1.302E-03,   0.00    ) |  4.826E-04 1.085E-02
    3169 1.6201E+00 4.8259E-04  (-0.319    , -1.302E-03,   0.00    ) |  4.826E-04 1.085E-02
    3170 1.6206E+00 4.8259E-04  (-0.319    , -1.302E-03,   0.00    ) |  4.826E-04 1.085E-02
    3171 1.6211E+00 4.8259E-04  (-0.319    , -1.302E-03,   0.00    ) |  4.826E-04 1.085E-02
    3172 1.6216E+00 4.8259E-04  (-0.319    , -1.302E-03,   0.00    ) |  4.826E-04 1.085E-02
    3173 1.6220E+00 4.8260E-04  (-0.319    , -1.302E-03,   0.00    ) |  4.826E-04 1.085E-02
    3174 1.6225E+00 4.8260E-04  (-0.319    , -1.302E-03,   0.00    ) |  4.826E-04 1.085E-02
    3175 1.6230E+00 4.8260E-04  (-0.319    , -1.302E-03,   0.00    ) |  4.826E-04 1.085E-02
    3176 1.6235E+00 4.8260E-04  (-0.319    , -1.302E-03,   0.00    ) |  4.826E-04 1.085E-02
    3177 1.6240E+00 4.8261E-04  (-0.319    , -1.302E-03,   0.00    ) |  4.826E-04 1.085E-02
    3178 1.6245E+00 4.8261E-04  (-0.319    , -1.302E-03,   0.00    ) |  4.826E-04 1.085E-02
    3179 1.6249E+00 4.8261E-04  (-0.319    , -1.302E-03,   0.00    ) |  4.826E-04 1.085E-02
 *** Wrote plotfile to flash_run_hdf5_plt_cnt_0065 ****
    3180 1.6254E+00 4.8261E-04  (-0.319    , -1.302E-03,   0.00    ) |  4.826E-04 1.085E-02
    3181 1.6259E+00 4.8262E-04  (-0.319    , -1.302E-03,   0.00    ) |  4.826E-04 1.085E-02
    3182 1.6264E+00 4.8262E-04  (-0.319    , -1.302E-03,   0.00    ) |  4.826E-04 1.085E-02
    3183 1.6269E+00 4.8262E-04  (-0.319    , -1.302E-03,   0.00    ) |  4.826E-04 1.085E-02
    3184 1.6274E+00 4.8262E-04  (-0.319    , -1.302E-03,   0.00    ) |  4.826E-04 1.085E-02
    3185 1.6278E+00 4.8263E-04  (-0.319    , -1.302E-03,   0.00    ) |  4.826E-04 1.085E-02
    3186 1.6283E+00 4.8263E-04  (-0.319    , -1.302E-03,   0.00    ) |  4.826E-04 1.085E-02
    3187 1.6288E+00 4.8263E-04  (-0.319    , -1.302E-03,   0.00    ) |  4.826E-04 1.085E-02
    3188 1.6293E+00 4.8263E-04  (-0.319    , -1.302E-03,   0.00    ) |  4.826E-04 1.085E-02
    3189 1.6298E+00 4.8264E-04  (-0.319    , -1.302E-03,   0.00    ) |  4.826E-04 1.085E-02
    3190 1.6302E+00 4.8264E-04  (-0.319    , -1.302E-03,   0.00    ) |  4.826E-04 1.085E-02
    3191 1.6307E+00 4.8264E-04  (-0.319    , -1.302E-03,   0.00    ) |  4.826E-04 1.085E-02
    3192 1.6312E+00 4.8264E-04  (-0.319    , -1.302E-03,   0.00    ) |  4.826E-04 1.085E-02
    3193 1.6317E+00 4.8265E-04  (-0.319    , -1.302E-03,   0.00    ) |  4.826E-04 1.085E-02
    3194 1.6322E+00 4.8265E-04  (-0.319    , -1.302E-03,   0.00    ) |  4.826E-04 1.085E-02
    3195 1.6327E+00 4.8265E-04  (-0.319    , -1.302E-03,   0.00    ) |  4.827E-04 1.085E-02
    3196 1.6331E+00 4.8265E-04  (-0.319    , -1.302E-03,   0.00    ) |  4.827E-04 1.085E-02
    3197 1.6336E+00 4.8266E-04  (-0.319    , -1.302E-03,   0.00    ) |  4.827E-04 1.085E-02
    3198 1.6341E+00 4.8266E-04  (-0.319    ,  1.302E-03,   0.00    ) |  4.827E-04 1.085E-02
    3199 1.6346E+00 4.8266E-04  (-0.319    ,  1.302E-03,   0.00    ) |  4.827E-04 1.085E-02
    3200 1.6351E+00 4.8266E-04  (-0.319    , -1.302E-03,   0.00    ) |  4.827E-04 1.085E-02
    3201 1.6356E+00 4.8267E-04  (-0.319    , -1.302E-03,   0.00    ) |  4.827E-04 1.085E-02
    3202 1.6360E+00 4.8267E-04  (-0.319    ,  1.302E-03,   0.00    ) |  4.827E-04 1.085E-02
    3203 1.6365E+00 4.8267E-04  (-0.319    , -1.302E-03,   0.00    ) |  4.827E-04 1.085E-02
    3204 1.6370E+00 4.8267E-04  (-0.319    , -1.302E-03,   0.00    ) |  4.827E-04 1.085E-02
    3205 1.6375E+00 4.8268E-04  (-0.319    , -1.302E-03,   0.00    ) |  4.827E-04 1.085E-02
    3206 1.6380E+00 4.8268E-04  (-0.319    , -1.302E-03,   0.00    ) |  4.827E-04 1.085E-02
    3207 1.6385E+00 4.8268E-04  (-0.319    ,  1.302E-03,   0.00    ) |  4.827E-04 1.085E-02
    3208 1.6389E+00 4.8268E-04  (-0.319    ,  1.302E-03,   0.00    ) |  4.827E-04 1.085E-02
    3209 1.6394E+00 4.8269E-04  (-0.319    ,  1.302E-03,   0.00    ) |  4.827E-04 1.085E-02
    3210 1.6399E+00 4.8269E-04  (-0.319    ,  1.302E-03,   0.00    ) |  4.827E-04 1.085E-02
    3211 1.6404E+00 4.8269E-04  (-0.319    , -1.302E-03,   0.00    ) |  4.827E-04 1.085E-02
    3212 1.6409E+00 4.8269E-04  (-0.319    ,  1.302E-03,   0.00    ) |  4.827E-04 1.085E-02
    3213 1.6414E+00 4.8270E-04  (-0.319    ,  1.302E-03,   0.00    ) |  4.827E-04 1.085E-02
    3214 1.6418E+00 4.8270E-04  (-0.319    ,  1.302E-03,   0.00    ) |  4.827E-04 1.085E-02
    3215 1.6423E+00 4.8270E-04  (-0.319    ,  1.302E-03,   0.00    ) |  4.827E-04 1.085E-02
    3216 1.6428E+00 4.8270E-04  (-0.319    ,  1.302E-03,   0.00    ) |  4.827E-04 1.085E-02
    3217 1.6433E+00 4.8271E-04  (-0.319    ,  1.302E-03,   0.00    ) |  4.827E-04 1.085E-02
    3218 1.6438E+00 4.8271E-04  (-0.319    ,  1.302E-03,   0.00    ) |  4.827E-04 1.085E-02
    3219 1.6442E+00 4.8271E-04  (-0.319    ,  1.302E-03,   0.00    ) |  4.827E-04 1.085E-02
    3220 1.6447E+00 4.8271E-04  (-0.319    ,  1.302E-03,   0.00    ) |  4.827E-04 1.085E-02
    3221 1.6452E+00 4.8271E-04  (-0.319    , -1.302E-03,   0.00    ) |  4.827E-04 1.085E-02
    3222 1.6457E+00 4.8271E-04  (-0.319    , -1.302E-03,   0.00    ) |  4.827E-04 1.085E-02
    3223 1.6462E+00 4.8271E-04  (-0.319    , -1.302E-03,   0.00    ) |  4.827E-04 1.085E-02
    3224 1.6467E+00 4.8271E-04  (-0.319    , -1.302E-03,   0.00    ) |  4.827E-04 1.085E-02
    3225 1.6471E+00 4.8271E-04  (-0.319    , -1.302E-03,   0.00    ) |  4.827E-04 1.085E-02
    3226 1.6476E+00 4.8271E-04  (-0.319    , -1.302E-03,   0.00    ) |  4.827E-04 1.085E-02
    3227 1.6481E+00 4.8271E-04  (-0.319    ,  1.302E-03,   0.00    ) |  4.827E-04 1.085E-02
    3228 1.6486E+00 4.8271E-04  (-0.319    ,  1.302E-03,   0.00    ) |  4.827E-04 1.085E-02
    3229 1.6491E+00 4.8271E-04  (-0.319    , -1.302E-03,   0.00    ) |  4.827E-04 1.085E-02
    3230 1.6496E+00 4.8271E-04  (-0.319    , -1.302E-03,   0.00    ) |  4.827E-04 1.085E-02
 *** Wrote plotfile to flash_run_hdf5_plt_cnt_0066 ****
    3231 1.6500E+00 4.8271E-04  (-0.319    ,  1.302E-03,   0.00    ) |  4.827E-04 1.085E-02
    3232 1.6505E+00 4.8271E-04  (-0.319    ,  1.302E-03,   0.00    ) |  4.827E-04 1.085E-02
    3233 1.6510E+00 4.8271E-04  (-0.319    ,  1.302E-03,   0.00    ) |  4.827E-04 1.085E-02
    3234 1.6515E+00 4.8271E-04  (-0.319    ,  1.302E-03,   0.00    ) |  4.827E-04 1.085E-02
    3235 1.6520E+00 4.8271E-04  (-0.319    ,  1.302E-03,   0.00    ) |  4.827E-04 1.085E-02
    3236 1.6525E+00 4.8271E-04  (-0.319    ,  1.302E-03,   0.00    ) |  4.827E-04 1.085E-02
    3237 1.6529E+00 4.8271E-04  (-0.319    ,  1.302E-03,   0.00    ) |  4.827E-04 1.085E-02
    3238 1.6534E+00 4.8271E-04  (-0.319    ,  1.302E-03,   0.00    ) |  4.827E-04 1.085E-02
    3239 1.6539E+00 4.8271E-04  (-0.316    , -1.302E-03,   0.00    ) |  4.827E-04 1.085E-02
    3240 1.6544E+00 4.8271E-04  (-0.316    ,  1.302E-03,   0.00    ) |  4.827E-04 1.085E-02
    3241 1.6549E+00 4.8271E-04  (-0.316    ,  1.302E-03,   0.00    ) |  4.827E-04 1.085E-02
    3242 1.6553E+00 4.8270E-04  (-0.316    ,  1.302E-03,   0.00    ) |  4.827E-04 1.085E-02
    3243 1.6558E+00 4.8270E-04  (-0.316    ,  1.302E-03,   0.00    ) |  4.827E-04 1.085E-02
    3244 1.6563E+00 4.8270E-04  (-0.316    ,  1.302E-03,   0.00    ) |  4.827E-04 1.085E-02
    3245 1.6568E+00 4.8270E-04  (-0.316    ,  1.302E-03,   0.00    ) |  4.827E-04 1.085E-02
    3246 1.6573E+00 4.8270E-04  (-0.316    ,  1.302E-03,   0.00    ) |  4.827E-04 1.085E-02
    3247 1.6578E+00 4.8270E-04  (-0.316    ,  1.302E-03,   0.00    ) |  4.827E-04 1.085E-02
    3248 1.6582E+00 4.8270E-04  (-0.316    ,  1.302E-03,   0.00    ) |  4.827E-04 1.085E-02
    3249 1.6587E+00 4.8270E-04  (-0.316    ,  1.302E-03,   0.00    ) |  4.827E-04 1.085E-02
    3250 1.6592E+00 4.8269E-04  (-0.316    ,  1.302E-03,   0.00    ) |  4.827E-04 1.085E-02
    3251 1.6597E+00 4.8269E-04  (-0.316    ,  1.302E-03,   0.00    ) |  4.827E-04 1.085E-02
    3252 1.6602E+00 4.8269E-04  (-0.316    ,  1.302E-03,   0.00    ) |  4.827E-04 1.085E-02
    3253 1.6607E+00 4.8269E-04  (-0.316    ,  1.302E-03,   0.00    ) |  4.827E-04 1.085E-02
    3254 1.6611E+00 4.8269E-04  (-0.316    ,  1.302E-03,   0.00    ) |  4.827E-04 1.085E-02
    3255 1.6616E+00 4.8268E-04  (-0.316    ,  1.302E-03,   0.00    ) |  4.827E-04 1.085E-02
    3256 1.6621E+00 4.8268E-04  (-0.316    ,  1.302E-03,   0.00    ) |  4.827E-04 1.085E-02
    3257 1.6626E+00 4.8268E-04  (-0.316    ,  1.302E-03,   0.00    ) |  4.827E-04 1.085E-02
    3258 1.6631E+00 4.8268E-04  (-0.316    ,  1.302E-03,   0.00    ) |  4.827E-04 1.085E-02
    3259 1.6636E+00 4.8267E-04  (-0.316    ,  1.302E-03,   0.00    ) |  4.827E-04 1.085E-02
    3260 1.6640E+00 4.8267E-04  (-0.316    ,  1.302E-03,   0.00    ) |  4.827E-04 1.085E-02
    3261 1.6645E+00 4.8267E-04  (-0.316    ,  1.302E-03,   0.00    ) |  4.827E-04 1.085E-02
    3262 1.6650E+00 4.8266E-04  (-0.316    ,  1.302E-03,   0.00    ) |  4.827E-04 1.085E-02
    3263 1.6655E+00 4.8266E-04  (-0.316    ,  1.302E-03,   0.00    ) |  4.827E-04 1.085E-02
    3264 1.6660E+00 4.8266E-04  (-0.316    ,  1.302E-03,   0.00    ) |  4.827E-04 1.085E-02
    3265 1.6665E+00 4.8266E-04  (-0.316    ,  1.302E-03,   0.00    ) |  4.827E-04 1.085E-02
    3266 1.6669E+00 4.8265E-04  (-0.316    ,  1.302E-03,   0.00    ) |  4.827E-04 1.085E-02
    3267 1.6674E+00 4.8265E-04  (-0.316    ,  1.302E-03,   0.00    ) |  4.826E-04 1.085E-02
    3268 1.6679E+00 4.8265E-04  (-0.316    ,  1.302E-03,   0.00    ) |  4.826E-04 1.085E-02
    3269 1.6684E+00 4.8264E-04  (-0.316    ,  1.302E-03,   0.00    ) |  4.826E-04 1.085E-02
    3270 1.6689E+00 4.8264E-04  (-0.316    ,  1.302E-03,   0.00    ) |  4.826E-04 1.085E-02
    3271 1.6693E+00 4.8263E-04  (-0.316    ,  1.302E-03,   0.00    ) |  4.826E-04 1.085E-02
    3272 1.6698E+00 4.8263E-04  (-0.316    ,  1.302E-03,   0.00    ) |  4.826E-04 1.085E-02
    3273 1.6703E+00 4.8263E-04  (-0.316    ,  1.302E-03,   0.00    ) |  4.826E-04 1.085E-02
    3274 1.6708E+00 4.8262E-04  (-0.316    ,  1.302E-03,   0.00    ) |  4.826E-04 1.085E-02
    3275 1.6713E+00 4.8262E-04  (-0.316    ,  1.302E-03,   0.00    ) |  4.826E-04 1.085E-02
    3276 1.6718E+00 4.8262E-04  (-0.316    ,  1.302E-03,   0.00    ) |  4.826E-04 1.085E-02
    3277 1.6722E+00 4.8261E-04  (-0.316    ,  1.302E-03,   0.00    ) |  4.826E-04 1.085E-02
    3278 1.6727E+00 4.8261E-04  (-0.316    ,  1.302E-03,   0.00    ) |  4.826E-04 1.085E-02
    3279 1.6732E+00 4.8260E-04  (-0.316    ,  1.302E-03,   0.00    ) |  4.826E-04 1.085E-02
    3280 1.6737E+00 4.8260E-04  (-0.316    ,  1.302E-03,   0.00    ) |  4.826E-04 1.085E-02
    3281 1.6742E+00 4.8260E-04  (-0.316    ,  1.302E-03,   0.00    ) |  4.826E-04 1.085E-02
    3282 1.6747E+00 4.8259E-04  (-0.316    ,  1.302E-03,   0.00    ) |  4.826E-04 1.085E-02
 *** Wrote plotfile to flash_run_hdf5_plt_cnt_0067 ****
    3283 1.6751E+00 4.8259E-04  (-0.316    ,  1.302E-03,   0.00    ) |  4.826E-04 1.085E-02
    3284 1.6756E+00 4.8258E-04  (-0.316    ,  1.302E-03,   0.00    ) |  4.826E-04 1.085E-02
    3285 1.6761E+00 4.8258E-04  (-0.316    ,  1.302E-03,   0.00    ) |  4.826E-04 1.085E-02
    3286 1.6766E+00 4.8258E-04  (-0.316    ,  1.302E-03,   0.00    ) |  4.826E-04 1.085E-02
    3287 1.6771E+00 4.8257E-04  (-0.316    ,  1.302E-03,   0.00    ) |  4.826E-04 1.085E-02
    3288 1.6776E+00 4.8257E-04  (-0.316    ,  1.302E-03,   0.00    ) |  4.826E-04 1.085E-02
    3289 1.6780E+00 4.8257E-04  (-0.316    ,  1.302E-03,   0.00    ) |  4.826E-04 1.085E-02
    3290 1.6785E+00 4.8256E-04  (-0.316    ,  1.302E-03,   0.00    ) |  4.826E-04 1.085E-02
    3291 1.6790E+00 4.8256E-04  (-0.316    ,  1.302E-03,   0.00    ) |  4.826E-04 1.085E-02
    3292 1.6795E+00 4.8256E-04  (-0.316    ,  1.302E-03,   0.00    ) |  4.826E-04 1.085E-02
    3293 1.6800E+00 4.8255E-04  (-0.316    ,  1.302E-03,   0.00    ) |  4.826E-04 1.085E-02
    3294 1.6804E+00 4.8255E-04  (-0.316    ,  1.302E-03,   0.00    ) |  4.826E-04 1.085E-02
    3295 1.6809E+00 4.8255E-04  (-0.316    ,  1.302E-03,   0.00    ) |  4.825E-04 1.085E-02
    3296 1.6814E+00 4.8254E-04  (-0.316    ,  1.302E-03,   0.00    ) |  4.825E-04 1.085E-02
    3297 1.6819E+00 4.8254E-04  (-0.316    ,  1.302E-03,   0.00    ) |  4.825E-04 1.085E-02
    3298 1.6824E+00 4.8254E-04  (-0.316    ,  1.302E-03,   0.00    ) |  4.825E-04 1.085E-02
    3299 1.6829E+00 4.8254E-04  (-0.316    ,  1.302E-03,   0.00    ) |  4.825E-04 1.085E-02
    3300 1.6833E+00 4.8253E-04  (-0.316    ,  1.302E-03,   0.00    ) |  4.825E-04 1.085E-02
    3301 1.6838E+00 4.8253E-04  (-0.316    ,  1.302E-03,   0.00    ) |  4.825E-04 1.085E-02
    3302 1.6843E+00 4.8253E-04  (-0.316    ,  1.302E-03,   0.00    ) |  4.825E-04 1.085E-02
    3303 1.6848E+00 4.8252E-04  (-0.316    ,  1.302E-03,   0.00    ) |  4.825E-04 1.085E-02
    3304 1.6853E+00 4.8252E-04  (-0.316    , -1.302E-03,   0.00    ) |  4.825E-04 1.085E-02
    3305 1.6858E+00 4.8252E-04  (-0.316    , -1.302E-03,   0.00    ) |  4.825E-04 1.085E-02
    3306 1.6862E+00 4.8252E-04  (-0.316    ,  1.302E-03,   0.00    ) |  4.825E-04 1.085E-02
    3307 1.6867E+00 4.8251E-04  (-0.316    ,  1.302E-03,   0.00    ) |  4.825E-04 1.085E-02
    3308 1.6872E+00 4.8251E-04  (-0.316    , -1.302E-03,   0.00    ) |  4.825E-04 1.085E-02
    3309 1.6877E+00 4.8251E-04  (-0.316    ,  1.302E-03,   0.00    ) |  4.825E-04 1.085E-02
    3310 1.6882E+00 4.8251E-04  (-0.316    ,  1.302E-03,   0.00    ) |  4.825E-04 1.085E-02
    3311 1.6886E+00 4.8250E-04  (-0.316    ,  1.302E-03,   0.00    ) |  4.825E-04 1.085E-02
    3312 1.6891E+00 4.8250E-04  (-0.316    ,  1.302E-03,   0.00    ) |  4.825E-04 1.085E-02
    3313 1.6896E+00 4.8250E-04  (-0.316    ,  1.302E-03,   0.00    ) |  4.825E-04 1.085E-02
    3314 1.6901E+00 4.8250E-04  (-0.316    ,  1.302E-03,   0.00    ) |  4.825E-04 1.085E-02
    3315 1.6906E+00 4.8249E-04  (-0.316    ,  1.302E-03,   0.00    ) |  4.825E-04 1.085E-02
    3316 1.6911E+00 4.8249E-04  (-0.316    ,  1.302E-03,   0.00    ) |  4.825E-04 1.085E-02
    3317 1.6915E+00 4.8249E-04  (-0.316    ,  1.302E-03,   0.00    ) |  4.825E-04 1.085E-02
    3318 1.6920E+00 4.8249E-04  (-0.316    ,  1.302E-03,   0.00    ) |  4.825E-04 1.085E-02
    3319 1.6925E+00 4.8248E-04  (-0.316    ,  1.302E-03,   0.00    ) |  4.825E-04 1.085E-02
    3320 1.6930E+00 4.8248E-04  (-0.316    ,  1.302E-03,   0.00    ) |  4.825E-04 1.085E-02
    3321 1.6935E+00 4.8248E-04  (-0.316    ,  1.302E-03,   0.00    ) |  4.825E-04 1.085E-02
    3322 1.6940E+00 4.8248E-04  (-0.316    ,  1.302E-03,   0.00    ) |  4.825E-04 1.085E-02
    3323 1.6944E+00 4.8248E-04  (-0.316    ,  1.302E-03,   0.00    ) |  4.825E-04 1.085E-02
    3324 1.6949E+00 4.8247E-04  (-0.316    ,  1.302E-03,   0.00    ) |  4.825E-04 1.085E-02
    3325 1.6954E+00 4.8247E-04  (-0.316    ,  1.302E-03,   0.00    ) |  4.825E-04 1.085E-02
    3326 1.6959E+00 4.8247E-04  (-0.316    ,  1.302E-03,   0.00    ) |  4.825E-04 1.085E-02
    3327 1.6964E+00 4.8247E-04  (-0.316    ,  1.302E-03,   0.00    ) |  4.825E-04 1.085E-02
    3328 1.6969E+00 4.8247E-04  (-0.316    , -1.302E-03,   0.00    ) |  4.825E-04 1.085E-02
    3329 1.6973E+00 4.8246E-04  (-0.316    , -1.302E-03,   0.00    ) |  4.825E-04 1.085E-02
    3330 1.6978E+00 4.8246E-04  (-0.316    ,  1.302E-03,   0.00    ) |  4.825E-04 1.085E-02
    3331 1.6983E+00 4.8246E-04  (-0.316    ,  1.302E-03,   0.00    ) |  4.825E-04 1.085E-02
    3332 1.6988E+00 4.8246E-04  (-0.316    ,  1.302E-03,   0.00    ) |  4.825E-04 1.085E-02
    3333 1.6993E+00 4.8246E-04  (-0.316    , -1.302E-03,   0.00    ) |  4.825E-04 1.085E-02
    3334 1.6997E+00 4.8245E-04  (-0.316    ,  1.302E-03,   0.00    ) |  4.825E-04 1.085E-02
 *** Wrote plotfile to flash_run_hdf5_plt_cnt_0068 ****
    3335 1.7002E+00 4.8245E-04  (-0.316    , -1.302E-03,   0.00    ) |  4.825E-04 1.085E-02
    3336 1.7007E+00 4.8245E-04  (-0.316    ,  1.302E-03,   0.00    ) |  4.825E-04 1.085E-02
    3337 1.7012E+00 4.8245E-04  (-0.316    ,  1.302E-03,   0.00    ) |  4.824E-04 1.085E-02
    3338 1.7017E+00 4.8245E-04  (-0.316    ,  1.302E-03,   0.00    ) |  4.824E-04 1.085E-02
    3339 1.7022E+00 4.8244E-04  (-0.316    ,  1.302E-03,   0.00    ) |  4.824E-04 1.085E-02
    3340 1.7026E+00 4.8244E-04  (-0.316    ,  1.302E-03,   0.00    ) |  4.824E-04 1.085E-02
    3341 1.7031E+00 4.8244E-04  (-0.316    ,  1.302E-03,   0.00    ) |  4.824E-04 1.085E-02
    3342 1.7036E+00 4.8244E-04  (-0.316    ,  1.302E-03,   0.00    ) |  4.824E-04 1.085E-02
    3343 1.7041E+00 4.8244E-04  (-0.316    ,  1.302E-03,   0.00    ) |  4.824E-04 1.085E-02
    3344 1.7046E+00 4.8243E-04  (-0.316    ,  1.302E-03,   0.00    ) |  4.824E-04 1.085E-02
    3345 1.7051E+00 4.8243E-04  (-0.316    ,  1.302E-03,   0.00    ) |  4.824E-04 1.085E-02
    3346 1.7055E+00 4.8243E-04  (-0.316    ,  1.302E-03,   0.00    ) |  4.824E-04 1.085E-02
    3347 1.7060E+00 4.8243E-04  (-0.316    ,  1.302E-03,   0.00    ) |  4.824E-04 1.085E-02
    3348 1.7065E+00 4.8243E-04  (-0.316    , -1.302E-03,   0.00    ) |  4.824E-04 1.085E-02
    3349 1.7070E+00 4.8243E-04  (-0.316    , -1.302E-03,   0.00    ) |  4.824E-04 1.085E-02
    3350 1.7075E+00 4.8242E-04  (-0.316    , -1.302E-03,   0.00    ) |  4.824E-04 1.085E-02
    3351 1.7079E+00 4.8242E-04  (-0.316    , -1.302E-03,   0.00    ) |  4.824E-04 1.085E-02
    3352 1.7084E+00 4.8242E-04  (-0.316    , -1.302E-03,   0.00    ) |  4.824E-04 1.085E-02
    3353 1.7089E+00 4.8242E-04  (-0.316    , -1.302E-03,   0.00    ) |  4.824E-04 1.085E-02
    3354 1.7094E+00 4.8242E-04  (-0.316    , -1.302E-03,   0.00    ) |  4.824E-04 1.085E-02
    3355 1.7099E+00 4.8242E-04  (-0.316    , -1.302E-03,   0.00    ) |  4.824E-04 1.085E-02
    3356 1.7104E+00 4.8242E-04  (-0.316    , -1.302E-03,   0.00    ) |  4.824E-04 1.085E-02
    3357 1.7108E+00 4.8242E-04  (-0.316    , -1.302E-03,   0.00    ) |  4.824E-04 1.085E-02
    3358 1.7113E+00 4.8242E-04  (-0.316    , -1.302E-03,   0.00    ) |  4.824E-04 1.085E-02
    3359 1.7118E+00 4.8242E-04  (-0.316    , -1.302E-03,   0.00    ) |  4.824E-04 1.085E-02
    3360 1.7123E+00 4.8242E-04  (-0.316    , -1.302E-03,   0.00    ) |  4.824E-04 1.085E-02
    3361 1.7128E+00 4.8242E-04  (-0.316    ,  1.302E-03,   0.00    ) |  4.824E-04 1.085E-02
    3362 1.7133E+00 4.8242E-04  (-0.316    ,  1.302E-03,   0.00    ) |  4.824E-04 1.085E-02
    3363 1.7137E+00 4.8242E-04  (-0.316    ,  1.302E-03,   0.00    ) |  4.824E-04 1.085E-02
    3364 1.7142E+00 4.8242E-04  (-0.316    , -1.302E-03,   0.00    ) |  4.824E-04 1.085E-02
    3365 1.7147E+00 4.8242E-04  (-0.316    ,  1.302E-03,   0.00    ) |  4.824E-04 1.085E-02
    3366 1.7152E+00 4.8242E-04  (-0.316    , -1.302E-03,   0.00    ) |  4.824E-04 1.085E-02
    3367 1.7157E+00 4.8242E-04  (-0.316    , -1.302E-03,   0.00    ) |  4.824E-04 1.085E-02
    3368 1.7161E+00 4.8242E-04  (-0.316    ,  1.302E-03,   0.00    ) |  4.824E-04 1.085E-02
    3369 1.7166E+00 4.8242E-04  (-0.316    , -1.302E-03,   0.00    ) |  4.824E-04 1.085E-02
    3370 1.7171E+00 4.8242E-04  (-0.316    , -1.302E-03,   0.00    ) |  4.824E-04 1.085E-02
    3371 1.7176E+00 4.8242E-04  (-0.316    ,  1.302E-03,   0.00    ) |  4.824E-04 1.085E-02
    3372 1.7181E+00 4.8242E-04  (-0.316    , -1.302E-03,   0.00    ) |  4.824E-04 1.085E-02
    3373 1.7186E+00 4.8242E-04  (-0.316    ,  1.302E-03,   0.00    ) |  4.824E-04 1.085E-02
    3374 1.7190E+00 4.8242E-04  (-0.316    ,  1.302E-03,   0.00    ) |  4.824E-04 1.085E-02
    3375 1.7195E+00 4.8242E-04  (-0.316    , -1.302E-03,   0.00    ) |  4.824E-04 1.085E-02
    3376 1.7200E+00 4.8243E-04  (-0.316    , -1.302E-03,   0.00    ) |  4.824E-04 1.085E-02
    3377 1.7205E+00 4.8243E-04  (-0.316    , -1.302E-03,   0.00    ) |  4.824E-04 1.085E-02
    3378 1.7210E+00 4.8243E-04  (-0.316    , -1.302E-03,   0.00    ) |  4.824E-04 1.085E-02
    3379 1.7215E+00 4.8243E-04  (-0.316    ,  1.302E-03,   0.00    ) |  4.824E-04 1.085E-02
    3380 1.7219E+00 4.8243E-04  (-0.316    , -1.302E-03,   0.00    ) |  4.824E-04 1.085E-02
    3381 1.7224E+00 4.8243E-04  (-0.316    , -1.302E-03,   0.00    ) |  4.824E-04 1.085E-02
    3382 1.7229E+00 4.8244E-04  (-0.314    ,  1.302E-03,   0.00    ) |  4.824E-04 1.085E-02
    3383 1.7234E+00 4.8244E-04  (-0.314    ,  1.302E-03,   0.00    ) |  4.824E-04 1.085E-02
    3384 1.7239E+00 4.8244E-04  (-0.314    ,  1.302E-03,   0.00    ) |  4.824E-04 1.085E-02
    3385 1.7244E+00 4.8244E-04  (-0.314    ,  1.302E-03,   0.00    ) |  4.824E-04 1.085E-02
    3386 1.7248E+00 4.8244E-04  (-0.314    ,  1.302E-03,   0.00    ) |  4.824E-04 1.085E-02
 *** Wrote plotfile to flash_run_hdf5_plt_cnt_0069 ****
    3387 1.7253E+00 4.8245E-04  (-0.314    ,  1.302E-03,   0.00    ) |  4.824E-04 1.085E-02
    3388 1.7258E+00 4.8245E-04  (-0.314    ,  1.302E-03,   0.00    ) |  4.824E-04 1.085E-02
    3389 1.7263E+00 4.8245E-04  (-0.314    ,  1.302E-03,   0.00    ) |  4.824E-04 1.085E-02
    3390 1.7268E+00 4.8245E-04  (-0.314    ,  1.302E-03,   0.00    ) |  4.825E-04 1.085E-02
    3391 1.7272E+00 4.8245E-04  (-0.314    ,  1.302E-03,   0.00    ) |  4.825E-04 1.085E-02
    3392 1.7277E+00 4.8246E-04  (-0.314    ,  1.302E-03,   0.00    ) |  4.825E-04 1.085E-02
    3393 1.7282E+00 4.8246E-04  (-0.314    ,  1.302E-03,   0.00    ) |  4.825E-04 1.085E-02
    3394 1.7287E+00 4.8246E-04  (-0.314    ,  1.302E-03,   0.00    ) |  4.825E-04 1.085E-02
    3395 1.7292E+00 4.8246E-04  (-0.314    ,  1.302E-03,   0.00    ) |  4.825E-04 1.085E-02
    3396 1.7297E+00 4.8246E-04  (-0.314    ,  1.302E-03,   0.00    ) |  4.825E-04 1.085E-02
    3397 1.7301E+00 4.8247E-04  (-0.314    ,  1.302E-03,   0.00    ) |  4.825E-04 1.085E-02
    3398 1.7306E+00 4.8247E-04  (-0.314    ,  1.302E-03,   0.00    ) |  4.825E-04 1.085E-02
    3399 1.7311E+00 4.8247E-04  (-0.314    ,  1.302E-03,   0.00    ) |  4.825E-04 1.085E-02
    3400 1.7316E+00 4.8247E-04  (-0.314    ,  1.302E-03,   0.00    ) |  4.825E-04 1.085E-02
    3401 1.7321E+00 4.8248E-04  (-0.314    ,  1.302E-03,   0.00    ) |  4.825E-04 1.085E-02
    3402 1.7326E+00 4.8248E-04  (-0.314    ,  1.302E-03,   0.00    ) |  4.825E-04 1.085E-02
    3403 1.7330E+00 4.8248E-04  (-0.314    ,  1.302E-03,   0.00    ) |  4.825E-04 1.085E-02
    3404 1.7335E+00 4.8249E-04  (-0.314    ,  1.302E-03,   0.00    ) |  4.825E-04 1.085E-02
    3405 1.7340E+00 4.8249E-04  (-0.314    ,  1.302E-03,   0.00    ) |  4.825E-04 1.085E-02
    3406 1.7345E+00 4.8249E-04  (-0.314    ,  1.302E-03,   0.00    ) |  4.825E-04 1.085E-02
    3407 1.7350E+00 4.8249E-04  (-0.314    ,  1.302E-03,   0.00    ) |  4.825E-04 1.085E-02
    3408 1.7354E+00 4.8250E-04  (-0.314    ,  1.302E-03,   0.00    ) |  4.825E-04 1.085E-02
    3409 1.7359E+00 4.8250E-04  (-0.314    ,  1.302E-03,   0.00    ) |  4.825E-04 1.085E-02
    3410 1.7364E+00 4.8250E-04  (-0.314    ,  1.302E-03,   0.00    ) |  4.825E-04 1.085E-02
    3411 1.7369E+00 4.8251E-04  (-0.314    ,  1.302E-03,   0.00    ) |  4.825E-04 1.085E-02
    3412 1.7374E+00 4.8251E-04  (-0.314    ,  1.302E-03,   0.00    ) |  4.825E-04 1.085E-02
    3413 1.7379E+00 4.8251E-04  (-0.314    ,  1.302E-03,   0.00    ) |  4.825E-04 1.085E-02
    3414 1.7383E+00 4.8252E-04  (-0.314    ,  1.302E-03,   0.00    ) |  4.825E-04 1.085E-02
    3415 1.7388E+00 4.8252E-04  (-0.314    ,  1.302E-03,   0.00    ) |  4.825E-04 1.085E-02
    3416 1.7393E+00 4.8252E-04  (-0.314    ,  1.302E-03,   0.00    ) |  4.825E-04 1.085E-02
    3417 1.7398E+00 4.8253E-04  (-0.314    ,  1.302E-03,   0.00    ) |  4.825E-04 1.085E-02
    3418 1.7403E+00 4.8253E-04  (-0.314    ,  1.302E-03,   0.00    ) |  4.825E-04 1.085E-02
    3419 1.7408E+00 4.8253E-04  (-0.314    ,  1.302E-03,   0.00    ) |  4.825E-04 1.085E-02
    3420 1.7412E+00 4.8254E-04  (-0.314    ,  1.302E-03,   0.00    ) |  4.825E-04 1.085E-02
    3421 1.7417E+00 4.8254E-04  (-0.314    ,  1.302E-03,   0.00    ) |  4.825E-04 1.085E-02
    3422 1.7422E+00 4.8255E-04  (-0.314    ,  1.302E-03,   0.00    ) |  4.825E-04 1.085E-02
    3423 1.7427E+00 4.8255E-04  (-0.314    ,  1.302E-03,   0.00    ) |  4.826E-04 1.085E-02
    3424 1.7432E+00 4.8255E-04  (-0.314    ,  1.302E-03,   0.00    ) |  4.826E-04 1.085E-02
    3425 1.7436E+00 4.8256E-04  (-0.314    ,  1.302E-03,   0.00    ) |  4.826E-04 1.085E-02
    3426 1.7441E+00 4.8256E-04  (-0.314    ,  1.302E-03,   0.00    ) |  4.826E-04 1.085E-02
    3427 1.7446E+00 4.8257E-04  (-0.314    ,  1.302E-03,   0.00    ) |  4.826E-04 1.085E-02
    3428 1.7451E+00 4.8257E-04  (-0.314    ,  1.302E-03,   0.00    ) |  4.826E-04 1.085E-02
    3429 1.7456E+00 4.8258E-04  (-0.314    ,  1.302E-03,   0.00    ) |  4.826E-04 1.085E-02
    3430 1.7461E+00 4.8258E-04  (-0.314    ,  1.302E-03,   0.00    ) |  4.826E-04 1.085E-02
    3431 1.7465E+00 4.8258E-04  (-0.314    ,  1.302E-03,   0.00    ) |  4.826E-04 1.085E-02
    3432 1.7470E+00 4.8259E-04  (-0.314    ,  1.302E-03,   0.00    ) |  4.826E-04 1.085E-02
    3433 1.7475E+00 4.8259E-04  (-0.314    ,  1.302E-03,   0.00    ) |  4.826E-04 1.085E-02
    3434 1.7480E+00 4.8260E-04  (-0.314    ,  1.302E-03,   0.00    ) |  4.826E-04 1.085E-02
    3435 1.7485E+00 4.8260E-04  (-0.314    ,  1.302E-03,   0.00    ) |  4.826E-04 1.085E-02
    3436 1.7490E+00 4.8260E-04  (-0.314    ,  1.302E-03,   0.00    ) |  4.826E-04 1.085E-02
    3437 1.7494E+00 4.8261E-04  (-0.314    ,  1.302E-03,   0.00    ) |  4.826E-04 1.085E-02
    3438 1.7499E+00 4.8261E-04  (-0.314    ,  1.302E-03,   0.00    ) |  4.826E-04 1.085E-02
 *** Wrote plotfile to flash_run_hdf5_plt_cnt_0070 ****
    3439 1.7504E+00 4.8261E-04  (-0.314    ,  1.302E-03,   0.00    ) |  4.826E-04 1.085E-02
    3440 1.7509E+00 4.8262E-04  (-0.314    ,  1.302E-03,   0.00    ) |  4.826E-04 1.085E-02
    3441 1.7514E+00 4.8262E-04  (-0.314    ,  1.302E-03,   0.00    ) |  4.826E-04 1.085E-02
    3442 1.7519E+00 4.8262E-04  (-0.314    ,  1.302E-03,   0.00    ) |  4.826E-04 1.085E-02
    3443 1.7523E+00 4.8263E-04  (-0.314    ,  1.302E-03,   0.00    ) |  4.826E-04 1.085E-02
    3444 1.7528E+00 4.8263E-04  (-0.314    ,  1.302E-03,   0.00    ) |  4.826E-04 1.085E-02
    3445 1.7533E+00 4.8263E-04  (-0.314    ,  1.302E-03,   0.00    ) |  4.826E-04 1.085E-02
    3446 1.7538E+00 4.8264E-04  (-0.314    ,  1.302E-03,   0.00    ) |  4.826E-04 1.085E-02
    3447 1.7543E+00 4.8264E-04  (-0.314    ,  1.302E-03,   0.00    ) |  4.826E-04 1.085E-02
    3448 1.7547E+00 4.8264E-04  (-0.314    ,  1.302E-03,   0.00    ) |  4.826E-04 1.085E-02
    3449 1.7552E+00 4.8265E-04  (-0.314    ,  1.302E-03,   0.00    ) |  4.826E-04 1.085E-02
    3450 1.7557E+00 4.8265E-04  (-0.314    ,  1.302E-03,   0.00    ) |  4.826E-04 1.085E-02
    3451 1.7562E+00 4.8265E-04  (-0.314    ,  1.302E-03,   0.00    ) |  4.827E-04 1.085E-02
    3452 1.7567E+00 4.8265E-04  (-0.314    ,  1.302E-03,   0.00    ) |  4.827E-04 1.085E-02
    3453 1.7572E+00 4.8266E-04  (-0.314    ,  1.302E-03,   0.00    ) |  4.827E-04 1.085E-02
    3454 1.7576E+00 4.8266E-04  (-0.314    ,  1.302E-03,   0.00    ) |  4.827E-04 1.085E-02
    3455 1.7581E+00 4.8266E-04  (-0.314    ,  1.302E-03,   0.00    ) |  4.827E-04 1.085E-02
    3456 1.7586E+00 4.8266E-04  (-0.314    ,  1.302E-03,   0.00    ) |  4.827E-04 1.085E-02
    3457 1.7591E+00 4.8266E-04  (-0.314    ,  1.302E-03,   0.00    ) |  4.827E-04 1.085E-02
    3458 1.7596E+00 4.8266E-04  (-0.314    ,  1.302E-03,   0.00    ) |  4.827E-04 1.085E-02
    3459 1.7601E+00 4.8266E-04  (-0.314    ,  1.302E-03,   0.00    ) |  4.827E-04 1.085E-02
    3460 1.7605E+00 4.8267E-04  (-0.314    ,  1.302E-03,   0.00    ) |  4.827E-04 1.085E-02
    3461 1.7610E+00 4.8267E-04  (-0.314    ,  1.302E-03,   0.00    ) |  4.827E-04 1.085E-02
    3462 1.7615E+00 4.8267E-04  (-0.314    ,  1.302E-03,   0.00    ) |  4.827E-04 1.085E-02
    3463 1.7620E+00 4.8267E-04  (-0.314    ,  1.302E-03,   0.00    ) |  4.827E-04 1.085E-02
    3464 1.7625E+00 4.8267E-04  (-0.314    , -1.302E-03,   0.00    ) |  4.827E-04 1.085E-02
    3465 1.7630E+00 4.8267E-04  (-0.314    , -1.302E-03,   0.00    ) |  4.827E-04 1.085E-02
    3466 1.7634E+00 4.8267E-04  (-0.314    , -1.302E-03,   0.00    ) |  4.827E-04 1.085E-02
    3467 1.7639E+00 4.8267E-04  (-0.314    , -1.302E-03,   0.00    ) |  4.827E-04 1.085E-02
    3468 1.7644E+00 4.8267E-04  (-0.314    , -1.302E-03,   0.00    ) |  4.827E-04 1.085E-02
    3469 1.7649E+00 4.8267E-04  (-0.314    , -1.302E-03,   0.00    ) |  4.827E-04 1.085E-02
    3470 1.7654E+00 4.8267E-04  (-0.314    , -1.302E-03,   0.00    ) |  4.827E-04 1.085E-02
    3471 1.7659E+00 4.8267E-04  (-0.314    , -1.302E-03,   0.00    ) |  4.827E-04 1.085E-02
    3472 1.7663E+00 4.8267E-04  (-0.314    , -1.302E-03,   0.00    ) |  4.827E-04 1.085E-02
    3473 1.7668E+00 4.8267E-04  (-0.314    , -1.302E-03,   0.00    ) |  4.827E-04 1.085E-02
    3474 1.7673E+00 4.8268E-04  (-0.314    , -1.302E-03,   0.00    ) |  4.827E-04 1.085E-02
    3475 1.7678E+00 4.8268E-04  (-0.314    , -1.302E-03,   0.00    ) |  4.827E-04 1.085E-02
    3476 1.7683E+00 4.8268E-04  (-0.314    , -1.302E-03,   0.00    ) |  4.827E-04 1.085E-02
    3477 1.7687E+00 4.8268E-04  (-0.314    , -1.302E-03,   0.00    ) |  4.827E-04 1.085E-02
    3478 1.7692E+00 4.8268E-04  (-0.314    , -1.302E-03,   0.00    ) |  4.827E-04 1.085E-02
    3479 1.7697E+00 4.8268E-04  (-0.314    , -1.302E-03,   0.00    ) |  4.827E-04 1.085E-02
    3480 1.7702E+00 4.8268E-04  (-0.314    , -1.302E-03,   0.00    ) |  4.827E-04 1.085E-02
    3481 1.7707E+00 4.8268E-04  (-0.314    , -1.302E-03,   0.00    ) |  4.827E-04 1.085E-02
    3482 1.7712E+00 4.8268E-04  (-0.314    , -1.302E-03,   0.00    ) |  4.827E-04 1.085E-02
    3483 1.7716E+00 4.8268E-04  (-0.314    , -1.302E-03,   0.00    ) |  4.827E-04 1.085E-02
    3484 1.7721E+00 4.8268E-04  (-0.314    , -1.302E-03,   0.00    ) |  4.827E-04 1.085E-02
    3485 1.7726E+00 4.8268E-04  (-0.314    , -1.302E-03,   0.00    ) |  4.827E-04 1.085E-02
    3486 1.7731E+00 4.8268E-04  (-0.314    , -1.302E-03,   0.00    ) |  4.827E-04 1.085E-02
    3487 1.7736E+00 4.8268E-04  (-0.314    , -1.302E-03,   0.00    ) |  4.827E-04 1.085E-02
    3488 1.7741E+00 4.8268E-04  (-0.314    , -1.302E-03,   0.00    ) |  4.827E-04 1.085E-02
    3489 1.7745E+00 4.8268E-04  (-0.314    , -1.302E-03,   0.00    ) |  4.827E-04 1.085E-02
 *** Wrote plotfile to flash_run_hdf5_plt_cnt_0071 ****
    3490 1.7750E+00 4.8268E-04  (-0.314    , -1.302E-03,   0.00    ) |  4.827E-04 1.085E-02
    3491 1.7755E+00 4.8268E-04  (-0.314    , -1.302E-03,   0.00    ) |  4.827E-04 1.085E-02
    3492 1.7760E+00 4.8268E-04  (-0.314    , -1.302E-03,   0.00    ) |  4.827E-04 1.085E-02
    3493 1.7765E+00 4.8268E-04  (-0.314    , -1.302E-03,   0.00    ) |  4.827E-04 1.085E-02
    3494 1.7770E+00 4.8268E-04  (-0.314    , -1.302E-03,   0.00    ) |  4.827E-04 1.085E-02
    3495 1.7774E+00 4.8268E-04  (-0.314    , -1.302E-03,   0.00    ) |  4.827E-04 1.085E-02
    3496 1.7779E+00 4.8268E-04  (-0.314    , -1.302E-03,   0.00    ) |  4.827E-04 1.085E-02
    3497 1.7784E+00 4.8268E-04  (-0.314    , -1.302E-03,   0.00    ) |  4.827E-04 1.085E-02
    3498 1.7789E+00 4.8268E-04  (-0.314    , -1.302E-03,   0.00    ) |  4.827E-04 1.085E-02
    3499 1.7794E+00 4.8268E-04  (-0.314    , -1.302E-03,   0.00    ) |  4.827E-04 1.085E-02
    3500 1.7798E+00 4.8268E-04  (-0.314    , -1.302E-03,   0.00    ) |  4.827E-04 1.085E-02
    3501 1.7803E+00 4.8268E-04  (-0.314    , -1.302E-03,   0.00    ) |  4.827E-04 1.085E-02
    3502 1.7808E+00 4.8268E-04  (-0.314    , -1.302E-03,   0.00    ) |  4.827E-04 1.085E-02
    3503 1.7813E+00 4.8268E-04  (-0.314    , -1.302E-03,   0.00    ) |  4.827E-04 1.085E-02
    3504 1.7818E+00 4.8268E-04  (-0.314    , -1.302E-03,   0.00    ) |  4.827E-04 1.085E-02
    3505 1.7823E+00 4.8268E-04  (-0.314    , -1.302E-03,   0.00    ) |  4.827E-04 1.085E-02
    3506 1.7827E+00 4.8268E-04  (-0.314    ,  1.302E-03,   0.00    ) |  4.827E-04 1.085E-02
    3507 1.7832E+00 4.8268E-04  (-0.314    ,  1.302E-03,   0.00    ) |  4.827E-04 1.085E-02
    3508 1.7837E+00 4.8268E-04  (-0.314    ,  1.302E-03,   0.00    ) |  4.827E-04 1.085E-02
    3509 1.7842E+00 4.8268E-04  (-0.314    ,  1.302E-03,   0.00    ) |  4.827E-04 1.085E-02
    3510 1.7847E+00 4.8268E-04  (-0.314    ,  1.302E-03,   0.00    ) |  4.827E-04 1.085E-02
    3511 1.7852E+00 4.8268E-04  (-0.314    , -1.302E-03,   0.00    ) |  4.827E-04 1.085E-02
    3512 1.7856E+00 4.8268E-04  (-0.314    ,  1.302E-03,   0.00    ) |  4.827E-04 1.085E-02
    3513 1.7861E+00 4.8268E-04  (-0.314    ,  1.302E-03,   0.00    ) |  4.827E-04 1.085E-02
    3514 1.7866E+00 4.8268E-04  (-0.314    ,  1.302E-03,   0.00    ) |  4.827E-04 1.085E-02
    3515 1.7871E+00 4.8268E-04  (-0.314    ,  1.302E-03,   0.00    ) |  4.827E-04 1.085E-02
    3516 1.7876E+00 4.8268E-04  (-0.314    , -1.302E-03,   0.00    ) |  4.827E-04 1.085E-02
    3517 1.7881E+00 4.8268E-04  (-0.314    , -1.302E-03,   0.00    ) |  4.827E-04 1.085E-02
    3518 1.7885E+00 4.8268E-04  (-0.314    ,  1.302E-03,   0.00    ) |  4.827E-04 1.085E-02
    3519 1.7890E+00 4.8268E-04  (-0.314    ,  1.302E-03,   0.00    ) |  4.827E-04 1.085E-02
    3520 1.7895E+00 4.8268E-04  (-0.314    ,  1.302E-03,   0.00    ) |  4.827E-04 1.085E-02
    3521 1.7900E+00 4.8268E-04  (-0.314    , -1.302E-03,   0.00    ) |  4.827E-04 1.085E-02
    3522 1.7905E+00 4.8268E-04  (-0.314    ,  1.302E-03,   0.00    ) |  4.827E-04 1.085E-02
    3523 1.7910E+00 4.8268E-04  (-0.314    ,  1.302E-03,   0.00    ) |  4.827E-04 1.085E-02
    3524 1.7914E+00 4.8268E-04  (-0.314    ,  1.302E-03,   0.00    ) |  4.827E-04 1.085E-02
    3525 1.7919E+00 4.8268E-04  (-0.314    ,  1.302E-03,   0.00    ) |  4.827E-04 1.085E-02
    3526 1.7924E+00 4.8268E-04  (-0.314    ,  1.302E-03,   0.00    ) |  4.827E-04 1.085E-02
    3527 1.7929E+00 4.8268E-04  (-0.314    ,  1.302E-03,   0.00    ) |  4.827E-04 1.085E-02
    3528 1.7934E+00 4.8269E-04  (-0.314    ,  1.302E-03,   0.00    ) |  4.827E-04 1.085E-02
    3529 1.7938E+00 4.8269E-04  (-0.314    ,  1.302E-03,   0.00    ) |  4.827E-04 1.085E-02
    3530 1.7943E+00 4.8269E-04  (-0.314    ,  1.302E-03,   0.00    ) |  4.827E-04 1.085E-02
    3531 1.7948E+00 4.8269E-04  (-0.314    ,  1.302E-03,   0.00    ) |  4.827E-04 1.085E-02
    3532 1.7953E+00 4.8270E-04  (-0.314    ,  1.302E-03,   0.00    ) |  4.827E-04 1.085E-02
    3533 1.7958E+00 4.8270E-04  (-0.314    ,  1.302E-03,   0.00    ) |  4.827E-04 1.085E-02
    3534 1.7963E+00 4.8270E-04  (-0.314    ,  1.302E-03,   0.00    ) |  4.827E-04 1.085E-02
    3535 1.7967E+00 4.8270E-04  (-0.314    ,  1.302E-03,   0.00    ) |  4.827E-04 1.085E-02
    3536 1.7972E+00 4.8271E-04  (-0.314    ,  1.302E-03,   0.00    ) |  4.827E-04 1.085E-02
    3537 1.7977E+00 4.8271E-04  (-0.314    ,  1.302E-03,   0.00    ) |  4.827E-04 1.085E-02
    3538 1.7982E+00 4.8271E-04  (-0.314    , -1.302E-03,   0.00    ) |  4.827E-04 1.085E-02
    3539 1.7987E+00 4.8272E-04  (-0.314    , -1.302E-03,   0.00    ) |  4.827E-04 1.085E-02
    3540 1.7992E+00 4.8272E-04  (-0.314    , -1.302E-03,   0.00    ) |  4.827E-04 1.085E-02
    3541 1.7996E+00 4.8272E-04  (-0.314    , -1.302E-03,   0.00    ) |  4.827E-04 1.085E-02
 *** Wrote plotfile to flash_run_hdf5_plt_cnt_0072 ****
    3542 1.8001E+00 4.8273E-04  (-0.311    ,  1.302E-03,   0.00    ) |  4.827E-04 1.085E-02
    3543 1.8006E+00 4.8273E-04  (-0.311    ,  1.302E-03,   0.00    ) |  4.827E-04 1.085E-02
    3544 1.8011E+00 4.8273E-04  (-0.311    ,  1.302E-03,   0.00    ) |  4.827E-04 1.085E-02
    3545 1.8016E+00 4.8274E-04  (-0.311    ,  1.302E-03,   0.00    ) |  4.827E-04 1.085E-02
    3546 1.8021E+00 4.8274E-04  (-0.311    ,  1.302E-03,   0.00    ) |  4.827E-04 1.085E-02
    3547 1.8025E+00 4.8274E-04  (-0.311    ,  1.302E-03,   0.00    ) |  4.827E-04 1.085E-02
    3548 1.8030E+00 4.8275E-04  (-0.311    ,  1.302E-03,   0.00    ) |  4.827E-04 1.085E-02
    3549 1.8035E+00 4.8275E-04  (-0.311    ,  1.302E-03,   0.00    ) |  4.828E-04 1.085E-02
    3550 1.8040E+00 4.8275E-04  (-0.311    ,  1.302E-03,   0.00    ) |  4.828E-04 1.085E-02
    3551 1.8045E+00 4.8276E-04  (-0.311    ,  1.302E-03,   0.00    ) |  4.828E-04 1.085E-02
    3552 1.8049E+00 4.8276E-04  (-0.311    ,  1.302E-03,   0.00    ) |  4.828E-04 1.085E-02
    3553 1.8054E+00 4.8277E-04  (-0.311    ,  1.302E-03,   0.00    ) |  4.828E-04 1.085E-02
    3554 1.8059E+00 4.8277E-04  (-0.311    ,  1.302E-03,   0.00    ) |  4.828E-04 1.085E-02
    3555 1.8064E+00 4.8277E-04  (-0.311    , -1.302E-03,   0.00    ) |  4.828E-04 1.085E-02
    3556 1.8069E+00 4.8278E-04  (-0.311    , -1.302E-03,   0.00    ) |  4.828E-04 1.085E-02
    3557 1.8074E+00 4.8278E-04  (-0.311    , -1.302E-03,   0.00    ) |  4.828E-04 1.085E-02
    3558 1.8078E+00 4.8278E-04  (-0.311    ,  1.302E-03,   0.00    ) |  4.828E-04 1.085E-02
    3559 1.8083E+00 4.8279E-04  (-0.311    ,  1.302E-03,   0.00    ) |  4.828E-04 1.085E-02
    3560 1.8088E+00 4.8279E-04  (-0.311    ,  1.302E-03,   0.00    ) |  4.828E-04 1.085E-02
    3561 1.8093E+00 4.8280E-04  (-0.311    ,  1.302E-03,   0.00    ) |  4.828E-04 1.085E-02
    3562 1.8098E+00 4.8280E-04  (-0.311    ,  1.302E-03,   0.00    ) |  4.828E-04 1.085E-02
    3563 1.8103E+00 4.8280E-04  (-0.311    ,  1.302E-03,   0.00    ) |  4.828E-04 1.085E-02
    3564 1.8107E+00 4.8281E-04  (-0.311    ,  1.302E-03,   0.00    ) |  4.828E-04 1.085E-02
    3565 1.8112E+00 4.8281E-04  (-0.311    ,  1.302E-03,   0.00    ) |  4.828E-04 1.085E-02
    3566 1.8117E+00 4.8282E-04  (-0.311    ,  1.302E-03,   0.00    ) |  4.828E-04 1.085E-02
    3567 1.8122E+00 4.8282E-04  (-0.311    ,  1.302E-03,   0.00    ) |  4.828E-04 1.085E-02
    3568 1.8127E+00 4.8282E-04  (-0.311    ,  1.302E-03,   0.00    ) |  4.828E-04 1.085E-02
    3569 1.8132E+00 4.8283E-04  (-0.311    ,  1.302E-03,   0.00    ) |  4.828E-04 1.085E-02
    3570 1.8136E+00 4.8283E-04  (-0.311    ,  1.302E-03,   0.00    ) |  4.828E-04 1.085E-02
    3571 1.8141E+00 4.8284E-04  (-0.311    ,  1.302E-03,   0.00    ) |  4.828E-04 1.085E-02
    3572 1.8146E+00 4.8284E-04  (-0.311    , -1.302E-03,   0.00    ) |  4.828E-04 1.085E-02
    3573 1.8151E+00 4.8284E-04  (-0.311    , -1.302E-03,   0.00    ) |  4.828E-04 1.085E-02
    3574 1.8156E+00 4.8285E-04  (-0.311    , -1.302E-03,   0.00    ) |  4.828E-04 1.085E-02
    3575 1.8161E+00 4.8285E-04  (-0.311    , -1.302E-03,   0.00    ) |  4.829E-04 1.085E-02
    3576 1.8165E+00 4.8285E-04  (-0.311    , -1.302E-03,   0.00    ) |  4.829E-04 1.085E-02
    3577 1.8170E+00 4.8286E-04  (-0.311    , -1.302E-03,   0.00    ) |  4.829E-04 1.085E-02
    3578 1.8175E+00 4.8286E-04  (-0.311    , -1.302E-03,   0.00    ) |  4.829E-04 1.085E-02
    3579 1.8180E+00 4.8287E-04  (-0.311    , -1.302E-03,   0.00    ) |  4.829E-04 1.085E-02
    3580 1.8185E+00 4.8287E-04  (-0.311    , -1.302E-03,   0.00    ) |  4.829E-04 1.085E-02
    3581 1.8190E+00 4.8287E-04  (-0.311    , -1.302E-03,   0.00    ) |  4.829E-04 1.085E-02
    3582 1.8194E+00 4.8288E-04  (-0.311    , -1.302E-03,   0.00    ) |  4.829E-04 1.085E-02
    3583 1.8199E+00 4.8288E-04  (-0.311    , -1.302E-03,   0.00    ) |  4.829E-04 1.085E-02
    3584 1.8204E+00 4.8288E-04  (-0.311    , -1.302E-03,   0.00    ) |  4.829E-04 1.085E-02
    3585 1.8209E+00 4.8289E-04  (-0.311    , -1.302E-03,   0.00    ) |  4.829E-04 1.085E-02
    3586 1.8214E+00 4.8289E-04  (-0.311    , -1.302E-03,   0.00    ) |  4.829E-04 1.085E-02
    3587 1.8218E+00 4.8289E-04  (-0.311    , -1.302E-03,   0.00    ) |  4.829E-04 1.085E-02
    3588 1.8223E+00 4.8290E-04  (-0.311    , -1.302E-03,   0.00    ) |  4.829E-04 1.085E-02
    3589 1.8228E+00 4.8290E-04  (-0.311    , -1.302E-03,   0.00    ) |  4.829E-04 1.085E-02
    3590 1.8233E+00 4.8290E-04  (-0.311    , -1.302E-03,   0.00    ) |  4.829E-04 1.085E-02
    3591 1.8238E+00 4.8291E-04  (-0.311    , -1.302E-03,   0.00    ) |  4.829E-04 1.085E-02
    3592 1.8243E+00 4.8291E-04  (-0.311    , -1.302E-03,   0.00    ) |  4.829E-04 1.085E-02
    3593 1.8247E+00 4.8291E-04  (-0.311    , -1.302E-03,   0.00    ) |  4.829E-04 1.085E-02
 *** Wrote plotfile to flash_run_hdf5_plt_cnt_0073 ****
    3594 1.8252E+00 4.8292E-04  (-0.311    , -1.302E-03,   0.00    ) |  4.829E-04 1.085E-02
    3595 1.8257E+00 4.8292E-04  (-0.311    , -1.302E-03,   0.00    ) |  4.829E-04 1.085E-02
    3596 1.8262E+00 4.8292E-04  (-0.311    , -1.302E-03,   0.00    ) |  4.829E-04 1.085E-02
    3597 1.8267E+00 4.8293E-04  (-0.311    , -1.302E-03,   0.00    ) |  4.829E-04 1.085E-02
    3598 1.8272E+00 4.8293E-04  (-0.311    , -1.302E-03,   0.00    ) |  4.829E-04 1.085E-02
    3599 1.8276E+00 4.8293E-04  (-0.311    , -1.302E-03,   0.00    ) |  4.829E-04 1.085E-02
    3600 1.8281E+00 4.8294E-04  (-0.311    , -1.302E-03,   0.00    ) |  4.829E-04 1.085E-02
    3601 1.8286E+00 4.8294E-04  (-0.311    , -1.302E-03,   0.00    ) |  4.829E-04 1.085E-02
    3602 1.8291E+00 4.8294E-04  (-0.311    , -1.302E-03,   0.00    ) |  4.829E-04 1.085E-02
    3603 1.8296E+00 4.8295E-04  (-0.311    , -1.302E-03,   0.00    ) |  4.829E-04 1.085E-02
    3604 1.8301E+00 4.8295E-04  (-0.311    , -1.302E-03,   0.00    ) |  4.830E-04 1.085E-02
    3605 1.8305E+00 4.8295E-04  (-0.311    , -1.302E-03,   0.00    ) |  4.830E-04 1.085E-02
    3606 1.8310E+00 4.8296E-04  (-0.311    , -1.302E-03,   0.00    ) |  4.830E-04 1.085E-02
    3607 1.8315E+00 4.8296E-04  (-0.311    , -1.302E-03,   0.00    ) |  4.830E-04 1.085E-02
    3608 1.8320E+00 4.8296E-04  (-0.311    , -1.302E-03,   0.00    ) |  4.830E-04 1.085E-02
    3609 1.8325E+00 4.8297E-04  (-0.311    , -1.302E-03,   0.00    ) |  4.830E-04 1.085E-02
    3610 1.8330E+00 4.8297E-04  (-0.311    , -1.302E-03,   0.00    ) |  4.830E-04 1.085E-02
    3611 1.8334E+00 4.8297E-04  (-0.311    , -1.302E-03,   0.00    ) |  4.830E-04 1.085E-02
    3612 1.8339E+00 4.8297E-04  (-0.311    , -1.302E-03,   0.00    ) |  4.830E-04 1.085E-02
    3613 1.8344E+00 4.8298E-04  (-0.311    , -1.302E-03,   0.00    ) |  4.830E-04 1.085E-02
    3614 1.8349E+00 4.8298E-04  (-0.311    , -1.302E-03,   0.00    ) |  4.830E-04 1.085E-02
    3615 1.8354E+00 4.8298E-04  (-0.311    , -1.302E-03,   0.00    ) |  4.830E-04 1.085E-02
    3616 1.8359E+00 4.8299E-04  (-0.311    , -1.302E-03,   0.00    ) |  4.830E-04 1.085E-02
    3617 1.8363E+00 4.8299E-04  (-0.311    , -1.302E-03,   0.00    ) |  4.830E-04 1.085E-02
    3618 1.8368E+00 4.8299E-04  (-0.311    , -1.302E-03,   0.00    ) |  4.830E-04 1.085E-02
    3619 1.8373E+00 4.8299E-04  (-0.311    , -1.302E-03,   0.00    ) |  4.830E-04 1.085E-02
    3620 1.8378E+00 4.8300E-04  (-0.311    , -1.302E-03,   0.00    ) |  4.830E-04 1.085E-02
    3621 1.8383E+00 4.8300E-04  (-0.311    , -1.302E-03,   0.00    ) |  4.830E-04 1.085E-02
    3622 1.8388E+00 4.8300E-04  (-0.311    , -1.302E-03,   0.00    ) |  4.830E-04 1.085E-02
    3623 1.8392E+00 4.8301E-04  (-0.311    , -1.302E-03,   0.00    ) |  4.830E-04 1.085E-02
    3624 1.8397E+00 4.8301E-04  (-0.311    , -1.302E-03,   0.00    ) |  4.830E-04 1.085E-02
    3625 1.8402E+00 4.8302E-04  (-0.311    , -1.302E-03,   0.00    ) |  4.830E-04 1.085E-02
    3626 1.8407E+00 4.8302E-04  (-0.311    , -1.302E-03,   0.00    ) |  4.830E-04 1.085E-02
    3627 1.8412E+00 4.8302E-04  (-0.311    , -1.302E-03,   0.00    ) |  4.830E-04 1.085E-02
    3628 1.8416E+00 4.8303E-04  (-0.311    , -1.302E-03,   0.00    ) |  4.830E-04 1.085E-02
    3629 1.8421E+00 4.8303E-04  (-0.311    , -1.302E-03,   0.00    ) |  4.830E-04 1.085E-02
    3630 1.8426E+00 4.8304E-04  (-0.311    , -1.302E-03,   0.00    ) |  4.830E-04 1.085E-02
    3631 1.8431E+00 4.8304E-04  (-0.311    , -1.302E-03,   0.00    ) |  4.830E-04 1.085E-02
    3632 1.8436E+00 4.8305E-04  (-0.311    , -1.302E-03,   0.00    ) |  4.830E-04 1.085E-02
    3633 1.8441E+00 4.8305E-04  (-0.311    , -1.302E-03,   0.00    ) |  4.831E-04 1.085E-02
    3634 1.8445E+00 4.8306E-04  (-0.311    ,  1.302E-03,   0.00    ) |  4.831E-04 1.085E-02
    3635 1.8450E+00 4.8306E-04  (-0.311    , -1.302E-03,   0.00    ) |  4.831E-04 1.085E-02
    3636 1.8455E+00 4.8307E-04  (-0.311    , -1.302E-03,   0.00    ) |  4.831E-04 1.085E-02
    3637 1.8460E+00 4.8307E-04  (-0.311    , -1.302E-03,   0.00    ) |  4.831E-04 1.085E-02
    3638 1.8465E+00 4.8308E-04  (-0.311    , -1.302E-03,   0.00    ) |  4.831E-04 1.085E-02
    3639 1.8470E+00 4.8308E-04  (-0.311    , -1.302E-03,   0.00    ) |  4.831E-04 1.085E-02
    3640 1.8474E+00 4.8309E-04  (-0.311    , -1.302E-03,   0.00    ) |  4.831E-04 1.085E-02
    3641 1.8479E+00 4.8309E-04  (-0.311    ,  1.302E-03,   0.00    ) |  4.831E-04 1.085E-02
    3642 1.8484E+00 4.8310E-04  (-0.311    ,  1.302E-03,   0.00    ) |  4.831E-04 1.085E-02
    3643 1.8489E+00 4.8311E-04  (-0.311    , -1.302E-03,   0.00    ) |  4.831E-04 1.085E-02
    3644 1.8494E+00 4.8311E-04  (-0.311    ,  1.302E-03,   0.00    ) |  4.831E-04 1.085E-02
    3645 1.8499E+00 4.8312E-04  (-0.311    ,  1.302E-03,   0.00    ) |  4.831E-04 1.085E-02
 *** Wrote plotfile to flash_run_hdf5_plt_cnt_0074 ****
    3646 1.8503E+00 4.8312E-04  (-0.311    ,  1.302E-03,   0.00    ) |  4.831E-04 1.085E-02
    3647 1.8508E+00 4.8313E-04  (-0.311    ,  1.302E-03,   0.00    ) |  4.831E-04 1.085E-02
    3648 1.8513E+00 4.8314E-04  (-0.311    ,  1.302E-03,   0.00    ) |  4.831E-04 1.085E-02
    3649 1.8518E+00 4.8314E-04  (-0.311    ,  1.302E-03,   0.00    ) |  4.831E-04 1.085E-02
    3650 1.8523E+00 4.8315E-04  (-0.311    ,  1.302E-03,   0.00    ) |  4.831E-04 1.085E-02
    3651 1.8528E+00 4.8316E-04  (-0.311    ,  1.302E-03,   0.00    ) |  4.832E-04 1.085E-02
    3652 1.8532E+00 4.8316E-04  (-0.311    ,  1.302E-03,   0.00    ) |  4.832E-04 1.085E-02
    3653 1.8537E+00 4.8317E-04  (-0.311    , -1.302E-03,   0.00    ) |  4.832E-04 1.085E-02
    3654 1.8542E+00 4.8318E-04  (-0.311    ,  1.302E-03,   0.00    ) |  4.832E-04 1.085E-02
    3655 1.8547E+00 4.8318E-04  (-0.311    ,  1.302E-03,   0.00    ) |  4.832E-04 1.085E-02
    3656 1.8552E+00 4.8319E-04  (-0.311    ,  1.302E-03,   0.00    ) |  4.832E-04 1.085E-02
    3657 1.8557E+00 4.8320E-04  (-0.311    ,  1.302E-03,   0.00    ) |  4.832E-04 1.085E-02
    3658 1.8561E+00 4.8321E-04  (-0.311    ,  1.302E-03,   0.00    ) |  4.832E-04 1.085E-02
    3659 1.8566E+00 4.8322E-04  (-0.311    ,  1.302E-03,   0.00    ) |  4.832E-04 1.085E-02
    3660 1.8571E+00 4.8322E-04  (-0.311    ,  1.302E-03,   0.00    ) |  4.832E-04 1.085E-02
    3661 1.8576E+00 4.8323E-04  (-0.311    , -1.302E-03,   0.00    ) |  4.832E-04 1.085E-02
    3662 1.8581E+00 4.8324E-04  (-0.311    ,  1.302E-03,   0.00    ) |  4.832E-04 1.085E-02
    3663 1.8586E+00 4.8325E-04  (-0.311    ,  1.302E-03,   0.00    ) |  4.832E-04 1.085E-02
    3664 1.8590E+00 4.8326E-04  (-0.311    , -1.302E-03,   0.00    ) |  4.833E-04 1.085E-02
    3665 1.8595E+00 4.8326E-04  (-0.311    ,  1.302E-03,   0.00    ) |  4.833E-04 1.085E-02
    3666 1.8600E+00 4.8327E-04  (-0.311    , -1.302E-03,   0.00    ) |  4.833E-04 1.085E-02
    3667 1.8605E+00 4.8328E-04  (-0.311    , -1.302E-03,   0.00    ) |  4.833E-04 1.085E-02
    3668 1.8610E+00 4.8329E-04  (-0.311    , -1.302E-03,   0.00    ) |  4.833E-04 1.085E-02
    3669 1.8615E+00 4.8330E-04  (-0.311    ,  1.302E-03,   0.00    ) |  4.833E-04 1.085E-02
    3670 1.8619E+00 4.8331E-04  (-0.311    ,  1.302E-03,   0.00    ) |  4.833E-04 1.085E-02
    3671 1.8624E+00 4.8332E-04  (-0.311    ,  1.302E-03,   0.00    ) |  4.833E-04 1.085E-02
    3672 1.8629E+00 4.8332E-04  (-0.311    ,  1.302E-03,   0.00    ) |  4.833E-04 1.085E-02
    3673 1.8634E+00 4.8333E-04  (-0.311    ,  1.302E-03,   0.00    ) |  4.833E-04 1.085E-02
    3674 1.8639E+00 4.8334E-04  (-0.311    ,  1.302E-03,   0.00    ) |  4.833E-04 1.085E-02
    3675 1.8644E+00 4.8335E-04  (-0.311    ,  1.302E-03,   0.00    ) |  4.834E-04 1.085E-02
    3676 1.8648E+00 4.8336E-04  (-0.311    ,  1.302E-03,   0.00    ) |  4.834E-04 1.085E-02
    3677 1.8653E+00 4.8337E-04  (-0.311    ,  1.302E-03,   0.00    ) |  4.834E-04 1.085E-02
    3678 1.8658E+00 4.8338E-04  (-0.311    ,  1.302E-03,   0.00    ) |  4.834E-04 1.085E-02
    3679 1.8663E+00 4.8339E-04  (-0.311    ,  1.302E-03,   0.00    ) |  4.834E-04 1.085E-02
    3680 1.8668E+00 4.8340E-04  (-0.311    ,  1.302E-03,   0.00    ) |  4.834E-04 1.085E-02
    3681 1.8673E+00 4.8341E-04  (-0.311    ,  1.302E-03,   0.00    ) |  4.834E-04 1.085E-02
    3682 1.8677E+00 4.8342E-04  (-0.311    ,  1.302E-03,   0.00    ) |  4.834E-04 1.085E-02
    3683 1.8682E+00 4.8343E-04  (-0.311    ,  1.302E-03,   0.00    ) |  4.834E-04 1.085E-02
    3684 1.8687E+00 4.8343E-04  (-0.311    ,  1.302E-03,   0.00    ) |  4.834E-04 1.085E-02
    3685 1.8692E+00 4.8344E-04  (-0.311    ,  1.302E-03,   0.00    ) |  4.834E-04 1.085E-02
    3686 1.8697E+00 4.8345E-04  (-0.311    ,  1.302E-03,   0.00    ) |  4.835E-04 1.085E-02
    3687 1.8702E+00 4.8346E-04  (-0.311    ,  1.302E-03,   0.00    ) |  4.835E-04 1.085E-02
    3688 1.8706E+00 4.8347E-04  (-0.311    ,  1.302E-03,   0.00    ) |  4.835E-04 1.085E-02
    3689 1.8711E+00 4.8348E-04  (-0.311    ,  1.302E-03,   0.00    ) |  4.835E-04 1.085E-02
    3690 1.8716E+00 4.8348E-04  (-0.311    ,  1.302E-03,   0.00    ) |  4.835E-04 1.085E-02
    3691 1.8721E+00 4.8349E-04  (-0.311    ,  1.302E-03,   0.00    ) |  4.835E-04 1.085E-02
    3692 1.8726E+00 4.8350E-04  (-0.311    ,  1.302E-03,   0.00    ) |  4.835E-04 1.085E-02
    3693 1.8731E+00 4.8351E-04  (-0.311    ,  1.302E-03,   0.00    ) |  4.835E-04 1.085E-02
    3694 1.8735E+00 4.8352E-04  (-0.311    ,  1.302E-03,   0.00    ) |  4.835E-04 1.085E-02
    3695 1.8740E+00 4.8352E-04  (-0.311    ,  1.302E-03,   0.00    ) |  4.835E-04 1.085E-02
    3696 1.8745E+00 4.8353E-04  (-0.311    ,  1.302E-03,   0.00    ) |  4.835E-04 1.085E-02
    3697 1.8750E+00 4.8354E-04  (-0.311    ,  1.302E-03,   0.00    ) |  4.835E-04 1.085E-02
 *** Wrote plotfile to flash_run_hdf5_plt_cnt_0075 ****
    3698 1.8755E+00 4.8355E-04  (-0.311    ,  1.302E-03,   0.00    ) |  4.835E-04 1.085E-02
    3699 1.8760E+00 4.8356E-04  (-0.311    ,  1.302E-03,   0.00    ) |  4.836E-04 1.085E-02
    3700 1.8764E+00 4.8357E-04  (-0.311    ,  1.302E-03,   0.00    ) |  4.836E-04 1.085E-02
    3701 1.8769E+00 4.8358E-04  (-0.311    ,  1.302E-03,   0.00    ) |  4.836E-04 1.085E-02
    3702 1.8774E+00 4.8358E-04  (-0.311    ,  1.302E-03,   0.00    ) |  4.836E-04 1.085E-02
    3703 1.8779E+00 4.8359E-04  (-0.311    ,  1.302E-03,   0.00    ) |  4.836E-04 1.085E-02
    3704 1.8784E+00 4.8360E-04  (-0.311    ,  1.302E-03,   0.00    ) |  4.836E-04 1.085E-02
    3705 1.8789E+00 4.8361E-04  (-0.311    ,  1.302E-03,   0.00    ) |  4.836E-04 1.085E-02
    3706 1.8793E+00 4.8362E-04  (-0.311    ,  1.302E-03,   0.00    ) |  4.836E-04 1.085E-02
    3707 1.8798E+00 4.8362E-04  (-0.311    ,  1.302E-03,   0.00    ) |  4.836E-04 1.085E-02
    3708 1.8803E+00 4.8363E-04  (-0.311    ,  1.302E-03,   0.00    ) |  4.836E-04 1.085E-02
    3709 1.8808E+00 4.8364E-04  (-0.311    ,  1.302E-03,   0.00    ) |  4.836E-04 1.085E-02
    3710 1.8813E+00 4.8364E-04  (-0.311    ,  1.302E-03,   0.00    ) |  4.836E-04 1.085E-02
    3711 1.8818E+00 4.8365E-04  (-0.311    ,  1.302E-03,   0.00    ) |  4.837E-04 1.085E-02
    3712 1.8822E+00 4.8366E-04  (-0.311    ,  1.302E-03,   0.00    ) |  4.837E-04 1.085E-02
    3713 1.8827E+00 4.8366E-04  (-0.311    ,  1.302E-03,   0.00    ) |  4.837E-04 1.085E-02
    3714 1.8832E+00 4.8367E-04  (-0.311    ,  1.302E-03,   0.00    ) |  4.837E-04 1.085E-02
    3715 1.8837E+00 4.8367E-04  (-0.311    ,  1.302E-03,   0.00    ) |  4.837E-04 1.085E-02
    3716 1.8842E+00 4.8368E-04  (-0.311    ,  1.302E-03,   0.00    ) |  4.837E-04 1.085E-02
    3717 1.8847E+00 4.8368E-04  (-0.311    ,  1.302E-03,   0.00    ) |  4.837E-04 1.085E-02
    3718 1.8851E+00 4.8369E-04  (-0.311    ,  1.302E-03,   0.00    ) |  4.837E-04 1.085E-02
    3719 1.8856E+00 4.8369E-04  (-0.311    ,  1.302E-03,   0.00    ) |  4.837E-04 1.085E-02
    3720 1.8861E+00 4.8370E-04  (-0.311    ,  1.302E-03,   0.00    ) |  4.837E-04 1.085E-02
    3721 1.8866E+00 4.8370E-04  (-0.311    ,  1.302E-03,   0.00    ) |  4.837E-04 1.085E-02
    3722 1.8871E+00 4.8371E-04  (-0.311    ,  1.302E-03,   0.00    ) |  4.837E-04 1.085E-02
    3723 1.8876E+00 4.8371E-04  (-0.311    ,  1.302E-03,   0.00    ) |  4.837E-04 1.085E-02
    3724 1.8881E+00 4.8371E-04  (-0.311    ,  1.302E-03,   0.00    ) |  4.837E-04 1.085E-02
    3725 1.8885E+00 4.8372E-04  (-0.311    ,  1.302E-03,   0.00    ) |  4.837E-04 1.085E-02
    3726 1.8890E+00 4.8372E-04  (-0.311    ,  1.302E-03,   0.00    ) |  4.837E-04 1.085E-02
    3727 1.8895E+00 4.8372E-04  (-0.309    ,  1.302E-03,   0.00    ) |  4.837E-04 1.085E-02
    3728 1.8900E+00 4.8373E-04  (-0.309    ,  1.302E-03,   0.00    ) |  4.837E-04 1.085E-02
    3729 1.8905E+00 4.8373E-04  (-0.309    ,  1.302E-03,   0.00    ) |  4.837E-04 1.085E-02
    3730 1.8910E+00 4.8373E-04  (-0.309    ,  1.302E-03,   0.00    ) |  4.837E-04 1.085E-02
    3731 1.8914E+00 4.8373E-04  (-0.309    ,  1.302E-03,   0.00    ) |  4.837E-04 1.085E-02
    3732 1.8919E+00 4.8374E-04  (-0.309    ,  1.302E-03,   0.00    ) |  4.837E-04 1.085E-02
    3733 1.8924E+00 4.8374E-04  (-0.309    ,  1.302E-03,   0.00    ) |  4.837E-04 1.085E-02
    3734 1.8929E+00 4.8374E-04  (-0.309    ,  1.302E-03,   0.00    ) |  4.837E-04 1.085E-02
    3735 1.8934E+00 4.8374E-04  (-0.309    ,  1.302E-03,   0.00    ) |  4.837E-04 1.085E-02
    3736 1.8939E+00 4.8374E-04  (-0.309    ,  1.302E-03,   0.00    ) |  4.837E-04 1.085E-02
    3737 1.8943E+00 4.8374E-04  (-0.309    ,  1.302E-03,   0.00    ) |  4.837E-04 1.085E-02
    3738 1.8948E+00 4.8374E-04  (-0.309    ,  1.302E-03,   0.00    ) |  4.837E-04 1.085E-02
    3739 1.8953E+00 4.8374E-04  (-0.309    ,  1.302E-03,   0.00    ) |  4.837E-04 1.085E-02
    3740 1.8958E+00 4.8375E-04  (-0.309    ,  1.302E-03,   0.00    ) |  4.837E-04 1.085E-02
    3741 1.8963E+00 4.8375E-04  (-0.309    ,  1.302E-03,   0.00    ) |  4.837E-04 1.085E-02
    3742 1.8968E+00 4.8375E-04  (-0.309    ,  1.302E-03,   0.00    ) |  4.837E-04 1.085E-02
    3743 1.8972E+00 4.8375E-04  (-0.309    ,  1.302E-03,   0.00    ) |  4.837E-04 1.085E-02
    3744 1.8977E+00 4.8375E-04  (-0.309    ,  1.302E-03,   0.00    ) |  4.837E-04 1.085E-02
    3745 1.8982E+00 4.8375E-04  (-0.309    ,  1.302E-03,   0.00    ) |  4.838E-04 1.085E-02
    3746 1.8987E+00 4.8375E-04  (-0.309    ,  1.302E-03,   0.00    ) |  4.838E-04 1.085E-02
    3747 1.8992E+00 4.8375E-04  (-0.309    ,  1.302E-03,   0.00    ) |  4.838E-04 1.085E-02
    3748 1.8997E+00 4.8375E-04  (-0.309    ,  1.302E-03,   0.00    ) |  4.838E-04 1.085E-02
 *** Wrote plotfile to flash_run_hdf5_plt_cnt_0076 ****
    3749 1.9001E+00 4.8376E-04  (-0.309    ,  1.302E-03,   0.00    ) |  4.838E-04 1.085E-02
    3750 1.9006E+00 4.8376E-04  (-0.309    ,  1.302E-03,   0.00    ) |  4.838E-04 1.085E-02
    3751 1.9011E+00 4.8376E-04  (-0.309    ,  1.302E-03,   0.00    ) |  4.838E-04 1.085E-02
    3752 1.9016E+00 4.8376E-04  (-0.309    ,  1.302E-03,   0.00    ) |  4.838E-04 1.085E-02
    3753 1.9021E+00 4.8376E-04  (-0.309    ,  1.302E-03,   0.00    ) |  4.838E-04 1.085E-02
    3754 1.9026E+00 4.8376E-04  (-0.309    ,  1.302E-03,   0.00    ) |  4.838E-04 1.085E-02
    3755 1.9030E+00 4.8377E-04  (-0.309    ,  1.302E-03,   0.00    ) |  4.838E-04 1.085E-02
    3756 1.9035E+00 4.8377E-04  (-0.309    ,  1.302E-03,   0.00    ) |  4.838E-04 1.085E-02
    3757 1.9040E+00 4.8377E-04  (-0.309    ,  1.302E-03,   0.00    ) |  4.838E-04 1.085E-02
    3758 1.9045E+00 4.8377E-04  (-0.309    ,  1.302E-03,   0.00    ) |  4.838E-04 1.085E-02
    3759 1.9050E+00 4.8378E-04  (-0.309    ,  1.302E-03,   0.00    ) |  4.838E-04 1.085E-02
    3760 1.9055E+00 4.8378E-04  (-0.309    ,  1.302E-03,   0.00    ) |  4.838E-04 1.085E-02
    3761 1.9060E+00 4.8378E-04  (-0.309    ,  1.302E-03,   0.00    ) |  4.838E-04 1.085E-02
    3762 1.9064E+00 4.8378E-04  (-0.309    ,  1.302E-03,   0.00    ) |  4.838E-04 1.085E-02
    3763 1.9069E+00 4.8379E-04  (-0.309    ,  1.302E-03,   0.00    ) |  4.838E-04 1.085E-02
    3764 1.9074E+00 4.8379E-04  (-0.309    ,  1.302E-03,   0.00    ) |  4.838E-04 1.085E-02
    3765 1.9079E+00 4.8380E-04  (-0.309    ,  1.302E-03,   0.00    ) |  4.838E-04 1.085E-02
    3766 1.9084E+00 4.8380E-04  (-0.309    ,  1.302E-03,   0.00    ) |  4.838E-04 1.085E-02
    3767 1.9089E+00 4.8380E-04  (-0.309    ,  1.302E-03,   0.00    ) |  4.838E-04 1.085E-02
    3768 1.9093E+00 4.8381E-04  (-0.309    ,  1.302E-03,   0.00    ) |  4.838E-04 1.085E-02
    3769 1.9098E+00 4.8381E-04  (-0.309    ,  1.302E-03,   0.00    ) |  4.838E-04 1.085E-02
    3770 1.9103E+00 4.8382E-04  (-0.309    ,  1.302E-03,   0.00    ) |  4.838E-04 1.085E-02
    3771 1.9108E+00 4.8382E-04  (-0.309    ,  1.302E-03,   0.00    ) |  4.838E-04 1.085E-02
    3772 1.9113E+00 4.8383E-04  (-0.309    ,  1.302E-03,   0.00    ) |  4.838E-04 1.085E-02
    3773 1.9118E+00 4.8383E-04  (-0.309    ,  1.302E-03,   0.00    ) |  4.838E-04 1.085E-02
    3774 1.9122E+00 4.8384E-04  (-0.309    ,  1.302E-03,   0.00    ) |  4.838E-04 1.085E-02
    3775 1.9127E+00 4.8385E-04  (-0.309    ,  1.302E-03,   0.00    ) |  4.838E-04 1.085E-02
    3776 1.9132E+00 4.8385E-04  (-0.309    ,  1.302E-03,   0.00    ) |  4.839E-04 1.085E-02
    3777 1.9137E+00 4.8386E-04  (-0.309    ,  1.302E-03,   0.00    ) |  4.839E-04 1.085E-02
    3778 1.9142E+00 4.8386E-04  (-0.309    ,  1.302E-03,   0.00    ) |  4.839E-04 1.085E-02
    3779 1.9147E+00 4.8387E-04  (-0.309    ,  1.302E-03,   0.00    ) |  4.839E-04 1.085E-02
    3780 1.9151E+00 4.8388E-04  (-0.309    ,  1.302E-03,   0.00    ) |  4.839E-04 1.085E-02
    3781 1.9156E+00 4.8388E-04  (-0.309    ,  1.302E-03,   0.00    ) |  4.839E-04 1.085E-02
    3782 1.9161E+00 4.8389E-04  (-0.309    ,  1.302E-03,   0.00    ) |  4.839E-04 1.085E-02
    3783 1.9166E+00 4.8389E-04  (-0.309    ,  1.302E-03,   0.00    ) |  4.839E-04 1.085E-02
    3784 1.9171E+00 4.8390E-04  (-0.309    ,  1.302E-03,   0.00    ) |  4.839E-04 1.085E-02
    3785 1.9176E+00 4.8391E-04  (-0.309    ,  1.302E-03,   0.00    ) |  4.839E-04 1.085E-02
    3786 1.9180E+00 4.8391E-04  (-0.309    ,  1.302E-03,   0.00    ) |  4.839E-04 1.085E-02
    3787 1.9185E+00 4.8392E-04  (-0.309    ,  1.302E-03,   0.00    ) |  4.839E-04 1.085E-02
    3788 1.9190E+00 4.8393E-04  (-0.309    ,  1.302E-03,   0.00    ) |  4.839E-04 1.085E-02
    3789 1.9195E+00 4.8393E-04  (-0.309    ,  1.302E-03,   0.00    ) |  4.839E-04 1.085E-02
    3790 1.9200E+00 4.8394E-04  (-0.309    ,  1.302E-03,   0.00    ) |  4.839E-04 1.085E-02
    3791 1.9205E+00 4.8395E-04  (-0.309    ,  1.302E-03,   0.00    ) |  4.839E-04 1.085E-02
    3792 1.9210E+00 4.8395E-04  (-0.309    ,  1.302E-03,   0.00    ) |  4.840E-04 1.085E-02
    3793 1.9214E+00 4.8396E-04  (-0.309    ,  1.302E-03,   0.00    ) |  4.840E-04 1.085E-02
    3794 1.9219E+00 4.8397E-04  (-0.309    ,  1.302E-03,   0.00    ) |  4.840E-04 1.085E-02
    3795 1.9224E+00 4.8397E-04  (-0.309    ,  1.302E-03,   0.00    ) |  4.840E-04 1.085E-02
    3796 1.9229E+00 4.8398E-04  (-0.309    ,  1.302E-03,   0.00    ) |  4.840E-04 1.085E-02
    3797 1.9234E+00 4.8398E-04  (-0.309    ,  1.302E-03,   0.00    ) |  4.840E-04 1.085E-02
    3798 1.9239E+00 4.8399E-04  (-0.309    ,  1.302E-03,   0.00    ) |  4.840E-04 1.085E-02
    3799 1.9243E+00 4.8400E-04  (-0.309    ,  1.302E-03,   0.00    ) |  4.840E-04 1.085E-02
    3800 1.9248E+00 4.8400E-04  (-0.309    ,  1.302E-03,   0.00    ) |  4.840E-04 1.085E-02
 *** Wrote plotfile to flash_run_hdf5_plt_cnt_0077 ****
    3801 1.9253E+00 4.8401E-04  (-0.309    ,  1.302E-03,   0.00    ) |  4.840E-04 1.085E-02
    3802 1.9258E+00 4.8402E-04  (-0.309    ,  1.302E-03,   0.00    ) |  4.840E-04 1.085E-02
    3803 1.9263E+00 4.8402E-04  (-0.309    ,  1.302E-03,   0.00    ) |  4.840E-04 1.085E-02
    3804 1.9268E+00 4.8403E-04  (-0.309    ,  1.302E-03,   0.00    ) |  4.840E-04 1.085E-02
    3805 1.9272E+00 4.8403E-04  (-0.309    ,  1.302E-03,   0.00    ) |  4.840E-04 1.085E-02
    3806 1.9277E+00 4.8404E-04  (-0.309    ,  1.302E-03,   0.00    ) |  4.840E-04 1.085E-02
    3807 1.9282E+00 4.8405E-04  (-0.309    ,  1.302E-03,   0.00    ) |  4.840E-04 1.085E-02
    3808 1.9287E+00 4.8405E-04  (-0.309    ,  1.302E-03,   0.00    ) |  4.841E-04 1.085E-02
    3809 1.9292E+00 4.8406E-04  (-0.309    ,  1.302E-03,   0.00    ) |  4.841E-04 1.085E-02
    3810 1.9297E+00 4.8406E-04  (-0.309    ,  1.302E-03,   0.00    ) |  4.841E-04 1.085E-02
    3811 1.9301E+00 4.8407E-04  (-0.309    ,  1.302E-03,   0.00    ) |  4.841E-04 1.085E-02
    3812 1.9306E+00 4.8407E-04  (-0.309    ,  1.302E-03,   0.00    ) |  4.841E-04 1.085E-02
    3813 1.9311E+00 4.8408E-04  (-0.309    ,  1.302E-03,   0.00    ) |  4.841E-04 1.085E-02
    3814 1.9316E+00 4.8408E-04  (-0.309    ,  1.302E-03,   0.00    ) |  4.841E-04 1.085E-02
    3815 1.9321E+00 4.8409E-04  (-0.309    ,  1.302E-03,   0.00    ) |  4.841E-04 1.085E-02
    3816 1.9326E+00 4.8409E-04  (-0.309    ,  1.302E-03,   0.00    ) |  4.841E-04 1.085E-02
    3817 1.9331E+00 4.8410E-04  (-0.309    ,  1.302E-03,   0.00    ) |  4.841E-04 1.085E-02
    3818 1.9335E+00 4.8410E-04  (-0.309    ,  1.302E-03,   0.00    ) |  4.841E-04 1.085E-02
    3819 1.9340E+00 4.8411E-04  (-0.309    ,  1.302E-03,   0.00    ) |  4.841E-04 1.085E-02
    3820 1.9345E+00 4.8411E-04  (-0.309    ,  1.302E-03,   0.00    ) |  4.841E-04 1.085E-02
    3821 1.9350E+00 4.8412E-04  (-0.309    ,  1.302E-03,   0.00    ) |  4.841E-04 1.085E-02
    3822 1.9355E+00 4.8412E-04  (-0.309    ,  1.302E-03,   0.00    ) |  4.841E-04 1.085E-02
    3823 1.9360E+00 4.8413E-04  (-0.309    ,  1.302E-03,   0.00    ) |  4.841E-04 1.085E-02
    3824 1.9364E+00 4.8413E-04  (-0.309    ,  1.302E-03,   0.00    ) |  4.841E-04 1.085E-02
    3825 1.9369E+00 4.8413E-04  (-0.309    ,  1.302E-03,   0.00    ) |  4.841E-04 1.085E-02
    3826 1.9374E+00 4.8414E-04  (-0.309    ,  1.302E-03,   0.00    ) |  4.841E-04 1.085E-02
    3827 1.9379E+00 4.8414E-04  (-0.309    ,  1.302E-03,   0.00    ) |  4.841E-04 1.085E-02
    3828 1.9384E+00 4.8415E-04  (-0.309    ,  1.302E-03,   0.00    ) |  4.841E-04 1.085E-02
    3829 1.9389E+00 4.8415E-04  (-0.309    ,  1.302E-03,   0.00    ) |  4.842E-04 1.085E-02
    3830 1.9393E+00 4.8416E-04  (-0.309    ,  1.302E-03,   0.00    ) |  4.842E-04 1.085E-02
    3831 1.9398E+00 4.8416E-04  (-0.309    ,  1.302E-03,   0.00    ) |  4.842E-04 1.085E-02
    3832 1.9403E+00 4.8416E-04  (-0.309    ,  1.302E-03,   0.00    ) |  4.842E-04 1.085E-02
    3833 1.9408E+00 4.8417E-04  (-0.309    , -1.302E-03,   0.00    ) |  4.842E-04 1.085E-02
    3834 1.9413E+00 4.8417E-04  (-0.309    ,  1.302E-03,   0.00    ) |  4.842E-04 1.085E-02
    3835 1.9418E+00 4.8418E-04  (-0.309    ,  1.302E-03,   0.00    ) |  4.842E-04 1.085E-02
    3836 1.9422E+00 4.8418E-04  (-0.309    ,  1.302E-03,   0.00    ) |  4.842E-04 1.085E-02
    3837 1.9427E+00 4.8418E-04  (-0.309    ,  1.302E-03,   0.00    ) |  4.842E-04 1.085E-02
    3838 1.9432E+00 4.8419E-04  (-0.309    ,  1.302E-03,   0.00    ) |  4.842E-04 1.085E-02
    3839 1.9437E+00 4.8419E-04  (-0.309    ,  1.302E-03,   0.00    ) |  4.842E-04 1.085E-02
    3840 1.9442E+00 4.8420E-04  (-0.309    ,  1.302E-03,   0.00    ) |  4.842E-04 1.085E-02
    3841 1.9447E+00 4.8420E-04  (-0.309    ,  1.302E-03,   0.00    ) |  4.842E-04 1.085E-02
    3842 1.9452E+00 4.8420E-04  (-0.309    ,  1.302E-03,   0.00    ) |  4.842E-04 1.085E-02
    3843 1.9456E+00 4.8421E-04  (-0.309    ,  1.302E-03,   0.00    ) |  4.842E-04 1.085E-02
    3844 1.9461E+00 4.8421E-04  (-0.309    ,  1.302E-03,   0.00    ) |  4.842E-04 1.085E-02
    3845 1.9466E+00 4.8421E-04  (-0.309    ,  1.302E-03,   0.00    ) |  4.842E-04 1.085E-02
    3846 1.9471E+00 4.8422E-04  (-0.309    ,  1.302E-03,   0.00    ) |  4.842E-04 1.085E-02
    3847 1.9476E+00 4.8422E-04  (-0.309    ,  1.302E-03,   0.00    ) |  4.842E-04 1.085E-02
    3848 1.9481E+00 4.8422E-04  (-0.309    ,  1.302E-03,   0.00    ) |  4.842E-04 1.085E-02
    3849 1.9485E+00 4.8423E-04  (-0.309    ,  1.302E-03,   0.00    ) |  4.842E-04 1.085E-02
    3850 1.9490E+00 4.8423E-04  (-0.309    ,  1.302E-03,   0.00    ) |  4.842E-04 1.085E-02
    3851 1.9495E+00 4.8424E-04  (-0.309    ,  1.302E-03,   0.00    ) |  4.842E-04 1.085E-02
    3852 1.9500E+00 4.8424E-04  (-0.309    ,  1.302E-03,   0.00    ) |  4.842E-04 1.085E-02
 *** Wrote plotfile to flash_run_hdf5_plt_cnt_0078 ****
    3853 1.9505E+00 4.8424E-04  (-0.309    ,  1.302E-03,   0.00    ) |  4.842E-04 1.085E-02
    3854 1.9510E+00 4.8425E-04  (-0.309    ,  1.302E-03,   0.00    ) |  4.842E-04 1.085E-02
    3855 1.9514E+00 4.8425E-04  (-0.309    ,  1.302E-03,   0.00    ) |  4.843E-04 1.085E-02
    3856 1.9519E+00 4.8425E-04  (-0.309    ,  1.302E-03,   0.00    ) |  4.843E-04 1.085E-02
    3857 1.9524E+00 4.8426E-04  (-0.309    ,  1.302E-03,   0.00    ) |  4.843E-04 1.085E-02
    3858 1.9529E+00 4.8426E-04  (-0.309    , -1.302E-03,   0.00    ) |  4.843E-04 1.085E-02
    3859 1.9534E+00 4.8426E-04  (-0.309    ,  1.302E-03,   0.00    ) |  4.843E-04 1.085E-02
    3860 1.9539E+00 4.8427E-04  (-0.309    ,  1.302E-03,   0.00    ) |  4.843E-04 1.085E-02
    3861 1.9544E+00 4.8427E-04  (-0.309    ,  1.302E-03,   0.00    ) |  4.843E-04 1.085E-02
    3862 1.9548E+00 4.8427E-04  (-0.309    ,  1.302E-03,   0.00    ) |  4.843E-04 1.085E-02
    3863 1.9553E+00 4.8428E-04  (-0.309    , -1.302E-03,   0.00    ) |  4.843E-04 1.085E-02
    3864 1.9558E+00 4.8428E-04  (-0.309    , -1.302E-03,   0.00    ) |  4.843E-04 1.085E-02
    3865 1.9563E+00 4.8428E-04  (-0.309    , -1.302E-03,   0.00    ) |  4.843E-04 1.085E-02
    3866 1.9568E+00 4.8428E-04  (-0.309    , -1.302E-03,   0.00    ) |  4.843E-04 1.085E-02
    3867 1.9573E+00 4.8429E-04  (-0.309    , -1.302E-03,   0.00    ) |  4.843E-04 1.085E-02
    3868 1.9577E+00 4.8429E-04  (-0.309    , -1.302E-03,   0.00    ) |  4.843E-04 1.085E-02
    3869 1.9582E+00 4.8429E-04  (-0.309    ,  1.302E-03,   0.00    ) |  4.843E-04 1.085E-02
    3870 1.9587E+00 4.8429E-04  (-0.309    ,  1.302E-03,   0.00    ) |  4.843E-04 1.085E-02
    3871 1.9592E+00 4.8429E-04  (-0.309    ,  1.302E-03,   0.00    ) |  4.843E-04 1.085E-02
    3872 1.9597E+00 4.8430E-04  (-0.309    ,  1.302E-03,   0.00    ) |  4.843E-04 1.085E-02
    3873 1.9602E+00 4.8430E-04  (-0.309    ,  1.302E-03,   0.00    ) |  4.843E-04 1.085E-02
    3874 1.9607E+00 4.8430E-04  (-0.309    ,  1.302E-03,   0.00    ) |  4.843E-04 1.085E-02
    3875 1.9611E+00 4.8430E-04  (-0.309    ,  1.302E-03,   0.00    ) |  4.843E-04 1.085E-02
    3876 1.9616E+00 4.8430E-04  (-0.309    ,  1.302E-03,   0.00    ) |  4.843E-04 1.085E-02
    3877 1.9621E+00 4.8430E-04  (-0.309    ,  1.302E-03,   0.00    ) |  4.843E-04 1.085E-02
    3878 1.9626E+00 4.8431E-04  (-0.309    ,  1.302E-03,   0.00    ) |  4.843E-04 1.085E-02
    3879 1.9631E+00 4.8431E-04  (-0.309    ,  1.302E-03,   0.00    ) |  4.843E-04 1.085E-02
    3880 1.9636E+00 4.8431E-04  (-0.309    ,  1.302E-03,   0.00    ) |  4.843E-04 1.085E-02
    3881 1.9640E+00 4.8431E-04  (-0.309    ,  1.302E-03,   0.00    ) |  4.843E-04 1.085E-02
    3882 1.9645E+00 4.8431E-04  (-0.309    ,  1.302E-03,   0.00    ) |  4.843E-04 1.085E-02
    3883 1.9650E+00 4.8432E-04  (-0.309    ,  1.302E-03,   0.00    ) |  4.843E-04 1.085E-02
    3884 1.9655E+00 4.8432E-04  (-0.309    ,  1.302E-03,   0.00    ) |  4.843E-04 1.085E-02
    3885 1.9660E+00 4.8432E-04  (-0.309    ,  1.302E-03,   0.00    ) |  4.843E-04 1.085E-02
    3886 1.9665E+00 4.8432E-04  (-0.309    ,  1.302E-03,   0.00    ) |  4.843E-04 1.085E-02
    3887 1.9669E+00 4.8432E-04  (-0.309    ,  1.302E-03,   0.00    ) |  4.843E-04 1.085E-02
    3888 1.9674E+00 4.8432E-04  (-0.309    ,  1.302E-03,   0.00    ) |  4.843E-04 1.085E-02
    3889 1.9679E+00 4.8433E-04  (-0.309    ,  1.302E-03,   0.00    ) |  4.843E-04 1.085E-02
    3890 1.9684E+00 4.8433E-04  (-0.309    ,  1.302E-03,   0.00    ) |  4.843E-04 1.085E-02
    3891 1.9689E+00 4.8433E-04  (-0.309    ,  1.302E-03,   0.00    ) |  4.843E-04 1.085E-02
    3892 1.9694E+00 4.8433E-04  (-0.309    ,  1.302E-03,   0.00    ) |  4.843E-04 1.085E-02
    3893 1.9699E+00 4.8433E-04  (-0.309    ,  1.302E-03,   0.00    ) |  4.843E-04 1.085E-02
    3894 1.9703E+00 4.8433E-04  (-0.309    ,  1.302E-03,   0.00    ) |  4.843E-04 1.085E-02
    3895 1.9708E+00 4.8433E-04  (-0.309    ,  1.302E-03,   0.00    ) |  4.843E-04 1.085E-02
    3896 1.9713E+00 4.8433E-04  (-0.309    ,  1.302E-03,   0.00    ) |  4.843E-04 1.085E-02
    3897 1.9718E+00 4.8434E-04  (-0.309    ,  1.302E-03,   0.00    ) |  4.843E-04 1.085E-02
    3898 1.9723E+00 4.8434E-04  (-0.309    ,  1.302E-03,   0.00    ) |  4.843E-04 1.085E-02
    3899 1.9728E+00 4.8434E-04  (-0.309    , -1.302E-03,   0.00    ) |  4.843E-04 1.085E-02
    3900 1.9732E+00 4.8434E-04  (-0.309    ,  1.302E-03,   0.00    ) |  4.843E-04 1.085E-02
    3901 1.9737E+00 4.8434E-04  (-0.309    ,  1.302E-03,   0.00    ) |  4.843E-04 1.085E-02
    3902 1.9742E+00 4.8434E-04  (-0.309    ,  1.302E-03,   0.00    ) |  4.843E-04 1.085E-02
    3903 1.9747E+00 4.8434E-04  (-0.309    ,  1.302E-03,   0.00    ) |  4.843E-04 1.085E-02
 *** Wrote plotfile to flash_run_hdf5_plt_cnt_0079 ****
    3904 1.9752E+00 4.8434E-04  (-0.309    ,  1.302E-03,   0.00    ) |  4.843E-04 1.085E-02
    3905 1.9757E+00 4.8434E-04  (-0.309    ,  1.302E-03,   0.00    ) |  4.843E-04 1.085E-02
    3906 1.9761E+00 4.8434E-04  (-0.309    ,  1.302E-03,   0.00    ) |  4.843E-04 1.085E-02
    3907 1.9766E+00 4.8434E-04  (-0.309    ,  1.302E-03,   0.00    ) |  4.843E-04 1.085E-02
    3908 1.9771E+00 4.8434E-04  (-0.309    ,  1.302E-03,   0.00    ) |  4.843E-04 1.085E-02
    3909 1.9776E+00 4.8434E-04  (-0.309    ,  1.302E-03,   0.00    ) |  4.843E-04 1.085E-02
    3910 1.9781E+00 4.8434E-04  (-0.309    ,  1.302E-03,   0.00    ) |  4.843E-04 1.085E-02
    3911 1.9786E+00 4.8434E-04  (-0.309    ,  1.302E-03,   0.00    ) |  4.843E-04 1.085E-02
    3912 1.9791E+00 4.8434E-04  (-0.309    ,  1.302E-03,   0.00    ) |  4.843E-04 1.085E-02
    3913 1.9795E+00 4.8434E-04  (-0.309    ,  1.302E-03,   0.00    ) |  4.843E-04 1.085E-02
    3914 1.9800E+00 4.8434E-04  (-0.309    ,  1.302E-03,   0.00    ) |  4.843E-04 1.085E-02
    3915 1.9805E+00 4.8434E-04  (-0.309    ,  1.302E-03,   0.00    ) |  4.843E-04 1.085E-02
    3916 1.9810E+00 4.8434E-04  (-0.309    ,  1.302E-03,   0.00    ) |  4.843E-04 1.085E-02
    3917 1.9815E+00 4.8434E-04  (-0.309    ,  1.302E-03,   0.00    ) |  4.843E-04 1.085E-02
    3918 1.9820E+00 4.8434E-04  (-0.309    ,  1.302E-03,   0.00    ) |  4.843E-04 1.085E-02
    3919 1.9824E+00 4.8434E-04  (-0.309    ,  1.302E-03,   0.00    ) |  4.843E-04 1.085E-02
    3920 1.9829E+00 4.8434E-04  (-0.309    ,  1.302E-03,   0.00    ) |  4.843E-04 1.085E-02
    3921 1.9834E+00 4.8434E-04  (-0.309    ,  1.302E-03,   0.00    ) |  4.843E-04 1.085E-02
    3922 1.9839E+00 4.8434E-04  (-0.309    ,  1.302E-03,   0.00    ) |  4.843E-04 1.085E-02
    3923 1.9844E+00 4.8434E-04  (-0.309    ,  1.302E-03,   0.00    ) |  4.843E-04 1.085E-02
    3924 1.9849E+00 4.8434E-04  (-0.309    , -1.302E-03,   0.00    ) |  4.843E-04 1.085E-02
    3925 1.9854E+00 4.8434E-04  (-0.309    , -1.302E-03,   0.00    ) |  4.843E-04 1.085E-02
    3926 1.9858E+00 4.8434E-04  (-0.309    , -1.302E-03,   0.00    ) |  4.843E-04 1.085E-02
    3927 1.9863E+00 4.8434E-04  (-0.309    , -1.302E-03,   0.00    ) |  4.843E-04 1.085E-02
    3928 1.9868E+00 4.8434E-04  (-0.309    , -1.302E-03,   0.00    ) |  4.843E-04 1.085E-02
    3929 1.9873E+00 4.8434E-04  (-0.309    , -1.302E-03,   0.00    ) |  4.843E-04 1.085E-02
    3930 1.9878E+00 4.8434E-04  (-0.309    , -1.302E-03,   0.00    ) |  4.843E-04 1.085E-02
    3931 1.9883E+00 4.8434E-04  (-0.309    , -1.302E-03,   0.00    ) |  4.843E-04 1.085E-02
    3932 1.9887E+00 4.8435E-04  (-0.309    ,  1.302E-03,   0.00    ) |  4.843E-04 1.085E-02
    3933 1.9892E+00 4.8435E-04  (-0.309    ,  1.302E-03,   0.00    ) |  4.843E-04 1.085E-02
    3934 1.9897E+00 4.8435E-04  (-0.309    ,  1.302E-03,   0.00    ) |  4.843E-04 1.085E-02
    3935 1.9902E+00 4.8435E-04  (-0.309    ,  1.302E-03,   0.00    ) |  4.843E-04 1.085E-02
    3936 1.9907E+00 4.8435E-04  (-0.309    , -1.302E-03,   0.00    ) |  4.843E-04 1.085E-02
    3937 1.9912E+00 4.8435E-04  (-0.309    ,  1.302E-03,   0.00    ) |  4.843E-04 1.085E-02
    3938 1.9916E+00 4.8435E-04  (-0.309    , -1.302E-03,   0.00    ) |  4.844E-04 1.085E-02
    3939 1.9921E+00 4.8435E-04  (-0.309    , -1.302E-03,   0.00    ) |  4.844E-04 1.085E-02
    3940 1.9926E+00 4.8435E-04  (-0.309    , -1.302E-03,   0.00    ) |  4.844E-04 1.085E-02
    3941 1.9931E+00 4.8435E-04  (-0.309    , -1.302E-03,   0.00    ) |  4.844E-04 1.085E-02
    3942 1.9936E+00 4.8435E-04  (-0.309    , -1.302E-03,   0.00    ) |  4.844E-04 1.085E-02
    3943 1.9941E+00 4.8436E-04  (-0.309    , -1.302E-03,   0.00    ) |  4.844E-04 1.085E-02
    3944 1.9946E+00 4.8436E-04  (-0.309    , -1.302E-03,   0.00    ) |  4.844E-04 1.085E-02
    3945 1.9950E+00 4.8436E-04  (-0.309    , -1.302E-03,   0.00    ) |  4.844E-04 1.085E-02
    3946 1.9955E+00 4.8436E-04  (-0.309    , -1.302E-03,   0.00    ) |  4.844E-04 1.085E-02
    3947 1.9960E+00 4.8436E-04  (-0.309    , -1.302E-03,   0.00    ) |  4.844E-04 1.085E-02
    3948 1.9965E+00 4.8436E-04  (-0.309    , -1.302E-03,   0.00    ) |  4.844E-04 1.085E-02
    3949 1.9970E+00 4.8437E-04  (-0.309    , -1.302E-03,   0.00    ) |  4.844E-04 1.085E-02
    3950 1.9975E+00 4.8437E-04  (-0.309    , -1.302E-03,   0.00    ) |  4.844E-04 1.085E-02
    3951 1.9979E+00 4.8437E-04  (-0.309    , -1.302E-03,   0.00    ) |  4.844E-04 1.085E-02
    3952 1.9984E+00 4.8437E-04  (-0.309    , -1.302E-03,   0.00    ) |  4.844E-04 1.085E-02
    3953 1.9989E+00 4.8438E-04  (-0.309    , -1.302E-03,   0.00    ) |  4.844E-04 1.085E-02
    3954 1.9994E+00 4.8438E-04  (-0.309    , -1.302E-03,   0.00    ) |  4.844E-04 1.085E-02
    3955 1.9999E+00 4.8438E-04  (-0.309    , -1.302E-03,   0.00    ) |  4.844E-04 1.085E-02
 *** Wrote plotfile to flash_run_hdf5_plt_cnt_0080 ****
    3956 2.0004E+00 4.8439E-04  (-0.309    , -1.302E-03,   0.00    ) |  4.844E-04 1.085E-02
    3957 2.0009E+00 4.8439E-04  (-0.309    , -1.302E-03,   0.00    ) |  4.844E-04 1.085E-02
    3958 2.0013E+00 4.8439E-04  (-0.309    , -1.302E-03,   0.00    ) |  4.844E-04 1.085E-02
    3959 2.0018E+00 4.8440E-04  (-0.309    , -1.302E-03,   0.00    ) |  4.844E-04 1.085E-02
    3960 2.0023E+00 4.8440E-04  (-0.309    , -1.302E-03,   0.00    ) |  4.844E-04 1.085E-02
    3961 2.0028E+00 4.8440E-04  (-0.309    , -1.302E-03,   0.00    ) |  4.844E-04 1.085E-02
    3962 2.0033E+00 4.8441E-04  (-0.309    , -1.302E-03,   0.00    ) |  4.844E-04 1.085E-02
    3963 2.0038E+00 4.8441E-04  (-0.309    , -1.302E-03,   0.00    ) |  4.844E-04 1.085E-02
    3964 2.0042E+00 4.8442E-04  (-0.309    , -1.302E-03,   0.00    ) |  4.844E-04 1.085E-02
    3965 2.0047E+00 4.8442E-04  (-0.309    , -1.302E-03,   0.00    ) |  4.844E-04 1.085E-02
    3966 2.0052E+00 4.8442E-04  (-0.309    , -1.302E-03,   0.00    ) |  4.844E-04 1.085E-02
    3967 2.0057E+00 4.8443E-04  (-0.309    , -1.302E-03,   0.00    ) |  4.844E-04 1.085E-02
    3968 2.0062E+00 4.8443E-04  (-0.309    , -1.302E-03,   0.00    ) |  4.844E-04 1.085E-02
    3969 2.0067E+00 4.8444E-04  (-0.309    ,  1.302E-03,   0.00    ) |  4.844E-04 1.085E-02
    3970 2.0071E+00 4.8444E-04  (-0.309    , -1.302E-03,   0.00    ) |  4.844E-04 1.085E-02
    3971 2.0076E+00 4.8445E-04  (-0.309    , -1.302E-03,   0.00    ) |  4.844E-04 1.085E-02
    3972 2.0081E+00 4.8445E-04  (-0.309    , -1.302E-03,   0.00    ) |  4.845E-04 1.085E-02
    3973 2.0086E+00 4.8446E-04  (-0.309    ,  1.302E-03,   0.00    ) |  4.845E-04 1.085E-02
    3974 2.0091E+00 4.8446E-04  (-0.309    ,  1.302E-03,   0.00    ) |  4.845E-04 1.085E-02
    3975 2.0096E+00 4.8447E-04  (-0.309    , -1.302E-03,   0.00    ) |  4.845E-04 1.085E-02
    3976 2.0101E+00 4.8447E-04  (-0.309    , -1.302E-03,   0.00    ) |  4.845E-04 1.085E-02
    3977 2.0105E+00 4.8448E-04  (-0.309    , -1.302E-03,   0.00    ) |  4.845E-04 1.085E-02
    3978 2.0110E+00 4.8448E-04  (-0.309    , -1.302E-03,   0.00    ) |  4.845E-04 1.085E-02
    3979 2.0115E+00 4.8448E-04  (-0.309    , -1.302E-03,   0.00    ) |  4.845E-04 1.085E-02
    3980 2.0120E+00 4.8449E-04  (-0.309    ,  1.302E-03,   0.00    ) |  4.845E-04 1.085E-02
    3981 2.0125E+00 4.8449E-04  (-0.309    ,  1.302E-03,   0.00    ) |  4.845E-04 1.085E-02
    3982 2.0130E+00 4.8450E-04  (-0.309    ,  1.302E-03,   0.00    ) |  4.845E-04 1.085E-02
    3983 2.0134E+00 4.8450E-04  (-0.309    , -1.302E-03,   0.00    ) |  4.845E-04 1.085E-02
    3984 2.0139E+00 4.8451E-04  (-0.309    , -1.302E-03,   0.00    ) |  4.845E-04 1.085E-02
    3985 2.0144E+00 4.8451E-04  (-0.309    , -1.302E-03,   0.00    ) |  4.845E-04 1.085E-02
    3986 2.0149E+00 4.8452E-04  (-0.309    , -1.302E-03,   0.00    ) |  4.845E-04 1.085E-02
    3987 2.0154E+00 4.8452E-04  (-0.309    , -1.302E-03,   0.00    ) |  4.845E-04 1.085E-02
    3988 2.0159E+00 4.8452E-04  (-0.309    , -1.302E-03,   0.00    ) |  4.845E-04 1.085E-02
    3989 2.0164E+00 4.8453E-04  (-0.309    , -1.302E-03,   0.00    ) |  4.845E-04 1.085E-02
    3990 2.0168E+00 4.8453E-04  (-0.309    , -1.302E-03,   0.00    ) |  4.845E-04 1.085E-02
    3991 2.0173E+00 4.8453E-04  (-0.309    , -1.302E-03,   0.00    ) |  4.845E-04 1.085E-02
    3992 2.0178E+00 4.8454E-04  (-0.309    , -1.302E-03,   0.00    ) |  4.845E-04 1.085E-02
    3993 2.0183E+00 4.8454E-04  (-0.309    , -1.302E-03,   0.00    ) |  4.845E-04 1.085E-02
    3994 2.0188E+00 4.8455E-04  (-0.309    , -1.302E-03,   0.00    ) |  4.845E-04 1.085E-02
    3995 2.0193E+00 4.8455E-04  (-0.309    , -1.302E-03,   0.00    ) |  4.845E-04 1.085E-02
    3996 2.0197E+00 4.8455E-04  (-0.309    , -1.302E-03,   0.00    ) |  4.846E-04 1.085E-02
    3997 2.0202E+00 4.8456E-04  (-0.309    , -1.302E-03,   0.00    ) |  4.846E-04 1.085E-02
    3998 2.0207E+00 4.8456E-04  (-0.309    , -1.302E-03,   0.00    ) |  4.846E-04 1.085E-02
    3999 2.0212E+00 4.8456E-04  (-0.309    , -1.302E-03,   0.00    ) |  4.846E-04 1.085E-02
    4000 2.0217E+00 4.8457E-04  (-0.309    , -1.302E-03,   0.00    ) |  4.846E-04 1.085E-02
    4001 2.0222E+00 4.8457E-04  (-0.306    , -1.302E-03,   0.00    ) |  4.846E-04 1.085E-02
    4002 2.0227E+00 4.8458E-04  (-0.306    , -1.302E-03,   0.00    ) |  4.846E-04 1.085E-02
