hwloc/linux: failed to find sysfs cpu topology directory, aborting linux discovery.
hwloc/linux: failed to find sysfs cpu topology directory, aborting linux discovery.
hwloc/linux: failed to find sysfs cpu topology directory, aborting linux discovery.
hwloc/linux: failed to find sysfs cpu topology directory, aborting linux discovery.
hwloc/linux: failed to find sysfs cpu topology directory, aborting linux discovery.
hwloc/linux: failed to find sysfs cpu topology directory, aborting linux discovery.
hwloc/linux: failed to find sysfs cpu topology directory, aborting linux discovery.
hwloc/linux: failed to find sysfs cpu topology directory, aborting linux discovery.
hwloc/linux: failed to find sysfs cpu topology directory, aborting linux discovery.
hwloc/linux: failed to find sysfs cpu topology directory, aborting linux discovery.
[1791445032.880855] [Rog-GA401:7    :0]       tcp_iface.c:893  UCX  ERROR scandir(/sys/class/net) failed: No such file or directory
[1791445032.880854] [Rog-GA401:8    :0]       tcp_iface.c:893  UCX  ERROR scandir(/sys/class/net) failed: No such file or directory
[1791445032.880813] [Rog-GA401:9    :0]       tcp_iface.c:893  UCX  ERROR scandir(/sys/class/net) failed: No such file or directory
[1791445032.880882] [Rog-GA401:10   :0]       tcp_iface.c:893  UCX  ERROR scandir(/sys/class/net) failed: No such file or directory
 MaterialProperties initialized
 Cosmology initialized
 Source terms initialized
  Finished with Grid_initDomain, no restart
 Ready to call Hydro_init
 Hydro initialized
 Gravity initialized
 Initial dt verified
 *** Wrote checkpoint file to flash_run_hdf5_chk_0000 ****
 *** Wrote plotfile to flash_run_hdf5_plt_cnt_0000 ****
 Initial plotfile written
 Driver init all done
       n          t         dt  (         x,          y,          z) |  dt_hydro  dt_Diff  
       1 1.0000E-06 1.2000E-06  (-1.953E-03, -5.273E-02,   0.00    ) |  4.642E-04 3.052E-03
       2 2.2000E-06 1.4400E-06  (-1.953E-03, -5.273E-02,   0.00    ) |  4.642E-04 3.052E-03
       3 3.6400E-06 1.7280E-06  (-1.953E-03, -5.273E-02,   0.00    ) |  4.642E-04 3.052E-03
       4 5.3680E-06 2.0736E-06  (-1.953E-03, -5.273E-02,   0.00    ) |  4.642E-04 3.052E-03
       5 7.4416E-06 2.4883E-06  (-1.953E-03, -5.273E-02,   0.00    ) |  4.642E-04 3.052E-03
       6 9.9299E-06 2.9860E-06  (-1.953E-03, -5.273E-02,   0.00    ) |  4.642E-04 3.052E-03
       7 1.2916E-05 3.5832E-06  (-1.953E-03, -5.273E-02,   0.00    ) |  4.642E-04 3.052E-03
       8 1.6499E-05 4.2998E-06  (-1.953E-03, -5.273E-02,   0.00    ) |  4.642E-04 3.052E-03
       9 2.0799E-05 5.1598E-06  (-1.953E-03, -5.273E-02,   0.00    ) |  4.642E-04 3.052E-03
      10 2.5959E-05 6.1917E-06  (-1.953E-03, -5.273E-02,   0.00    ) |  4.642E-04 3.052E-03
      11 3.2150E-05 7.4301E-06  (-1.953E-03, -5.273E-02,   0.00    ) |  4.642E-04 3.052E-03
      12 3.9581E-05 8.9161E-06  (-1.953E-03, -5.273E-02,   0.00    ) |  4.642E-04 3.052E-03
      13 4.8497E-05 1.0699E-05  (-1.953E-03, -5.273E-02,   0.00    ) |  4.642E-04 3.052E-03
      14 5.9196E-05 1.2839E-05  (-1.953E-03, -5.273E-02,   0.00    ) |  4.642E-04 3.052E-03
      15 7.2035E-05 1.5407E-05  (-1.953E-03, -5.273E-02,   0.00    ) |  4.642E-04 3.052E-03
      16 8.7442E-05 1.8488E-05  (-1.953E-03, -5.273E-02,   0.00    ) |  4.642E-04 3.052E-03
      17 1.0593E-04 2.2186E-05  (-1.953E-03, -5.273E-02,   0.00    ) |  4.642E-04 3.052E-03
      18 1.2812E-04 2.6623E-05  (-1.953E-03, -5.273E-02,   0.00    ) |  4.642E-04 3.052E-03
      19 1.5474E-04 3.1948E-05  (-1.953E-03, -5.273E-02,   0.00    ) |  4.642E-04 3.052E-03
      20 1.8669E-04 3.8338E-05  (-1.953E-03, -5.273E-02,   0.00    ) |  4.642E-04 3.052E-03
      21 2.2503E-04 4.6005E-05  (-1.953E-03, -5.273E-02,   0.00    ) |  4.642E-04 3.052E-03
      22 2.7103E-04 5.5206E-05  (-1.953E-03, -5.273E-02,   0.00    ) |  4.642E-04 3.052E-03
      23 3.2624E-04 6.6247E-05  (-1.953E-03, -5.273E-02,   0.00    ) |  4.642E-04 3.052E-03
      24 3.9248E-04 7.9497E-05  (-1.953E-03, -5.273E-02,   0.00    ) |  4.642E-04 3.052E-03
      25 4.7198E-04 9.5396E-05  (-1.953E-03, -5.273E-02,   0.00    ) |  4.642E-04 3.052E-03
      26 5.6738E-04 1.1448E-04  (-1.953E-03, -5.273E-02,   0.00    ) |  4.642E-04 3.052E-03
      27 6.8185E-04 1.3737E-04  (-1.953E-03, -5.273E-02,   0.00    ) |  4.642E-04 3.052E-03
      28 8.1922E-04 1.6484E-04  (-1.953E-03, -5.273E-02,   0.00    ) |  4.642E-04 3.052E-03
      29 9.8407E-04 1.9781E-04  (-1.953E-03, -5.273E-02,   0.00    ) |  4.642E-04 3.052E-03
      30 1.1819E-03 2.3738E-04  ( 1.953E-03, -5.273E-02,   0.00    ) |  4.642E-04 3.052E-03
      31 1.4193E-03 2.8485E-04  ( 1.953E-03, -5.273E-02,   0.00    ) |  4.642E-04 3.052E-03
      32 1.7041E-03 3.4182E-04  ( 1.953E-03, -5.273E-02,   0.00    ) |  4.643E-04 3.052E-03
      33 2.0459E-03 4.1019E-04  ( 1.953E-03,  5.273E-02,   0.00    ) |  4.643E-04 3.052E-03
      34 2.4561E-03 4.6428E-04  ( 1.953E-03, -5.273E-02,   0.00    ) |  4.643E-04 3.052E-03
      35 2.9204E-03 4.6429E-04  ( 1.953E-03, -5.273E-02,   0.00    ) |  4.643E-04 3.052E-03
      36 3.3847E-03 4.6430E-04  ( 1.953E-03, -5.273E-02,   0.00    ) |  4.643E-04 3.052E-03
      37 3.8490E-03 4.6431E-04  ( 1.953E-03,  5.273E-02,   0.00    ) |  4.643E-04 3.052E-03
      38 4.3133E-03 4.6432E-04  ( 1.953E-03, -5.273E-02,   0.00    ) |  4.643E-04 3.052E-03
      39 4.7776E-03 4.6433E-04  (-1.953E-03,  5.273E-02,   0.00    ) |  4.643E-04 3.052E-03
      40 5.2419E-03 4.6433E-04  ( 1.953E-03, -5.273E-02,   0.00    ) |  4.643E-04 3.052E-03
      41 5.7063E-03 4.6434E-04  ( 1.953E-03, -5.273E-02,   0.00    ) |  4.643E-04 3.052E-03
      42 6.1706E-03 4.6435E-04  ( 1.953E-03, -5.273E-02,   0.00    ) |  4.643E-04 3.052E-03
      43 6.6350E-03 4.6435E-04  (-1.953E-03,  5.273E-02,   0.00    ) |  4.644E-04 3.052E-03
      44 7.0993E-03 4.6436E-04  (-1.953E-03,  5.273E-02,   0.00    ) |  4.644E-04 3.052E-03
      45 7.5637E-03 4.6437E-04  (-1.953E-03,  5.273E-02,   0.00    ) |  4.644E-04 3.052E-03
      46 8.0280E-03 4.6437E-04  ( 1.953E-03, -5.273E-02,   0.00    ) |  4.644E-04 3.052E-03
      47 8.4924E-03 4.6438E-04  ( 1.953E-03, -5.273E-02,   0.00    ) |  4.644E-04 3.052E-03
      48 8.9568E-03 4.6439E-04  ( 1.953E-03,  5.273E-02,   0.00    ) |  4.644E-04 3.052E-03
      49 9.4212E-03 4.6440E-04  ( 1.953E-03, -5.273E-02,   0.00    ) |  4.644E-04 3.052E-03
      50 9.8856E-03 4.6441E-04  ( 1.953E-03,  5.273E-02,   0.00    ) |  4.644E-04 3.052E-03
      51 1.0350E-02 4.6442E-04  ( 1.953E-03,  5.273E-02,   0.00    ) |  4.644E-04 3.052E-03
      52 1.0814E-02 4.6443E-04  ( 1.953E-03,  5.664E-02,   0.00    ) |  4.644E-04 3.052E-03
      53 1.1279E-02 4.6444E-04  ( 1.953E-03,  5.664E-02,   0.00    ) |  4.644E-04 3.052E-03
      54 1.1743E-02 4.6444E-04  ( 1.953E-03,  5.664E-02,   0.00    ) |  4.644E-04 3.052E-03
      55 1.2208E-02 4.6445E-04  ( 1.953E-03,  5.664E-02,   0.00    ) |  4.645E-04 3.052E-03
      56 1.2672E-02 4.6446E-04  ( 1.953E-03,  5.664E-02,   0.00    ) |  4.645E-04 3.052E-03
      57 1.3137E-02 4.6447E-04  ( 1.953E-03,  5.664E-02,   0.00    ) |  4.645E-04 3.052E-03
      58 1.3601E-02 4.6448E-04  ( 1.953E-03,  5.664E-02,   0.00    ) |  4.645E-04 3.052E-03
      59 1.4066E-02 4.6449E-04  ( 1.953E-03,  5.664E-02,   0.00    ) |  4.645E-04 3.052E-03
      60 1.4530E-02 4.6450E-04  ( 1.953E-03,  5.664E-02,   0.00    ) |  4.645E-04 3.052E-03
      61 1.4995E-02 4.6451E-04  ( 1.953E-03,  5.664E-02,   0.00    ) |  4.645E-04 3.052E-03
      62 1.5459E-02 4.6452E-04  ( 1.953E-03,  5.664E-02,   0.00    ) |  4.645E-04 3.052E-03
      63 1.5924E-02 4.6453E-04  ( 1.953E-03,  5.664E-02,   0.00    ) |  4.645E-04 3.052E-03
      64 1.6388E-02 4.6454E-04  (-1.953E-03, -5.664E-02,   0.00    ) |  4.645E-04 3.052E-03
      65 1.6853E-02 4.6456E-04  (-1.953E-03, -5.664E-02,   0.00    ) |  4.646E-04 3.052E-03
      66 1.7317E-02 4.6457E-04  ( 1.953E-03,  5.664E-02,   0.00    ) |  4.646E-04 3.052E-03
      67 1.7782E-02 4.6458E-04  ( 1.953E-03,  5.664E-02,   0.00    ) |  4.646E-04 3.052E-03
      68 1.8246E-02 4.6459E-04  ( 1.953E-03,  5.664E-02,   0.00    ) |  4.646E-04 3.052E-03
      69 1.8711E-02 4.6459E-04  ( 1.953E-03,  5.664E-02,   0.00    ) |  4.646E-04 3.052E-03
      70 1.9176E-02 4.6460E-04  (-1.953E-03, -5.664E-02,   0.00    ) |  4.646E-04 3.052E-03
      71 1.9640E-02 4.6461E-04  (-1.953E-03, -5.664E-02,   0.00    ) |  4.646E-04 3.052E-03
      72 2.0105E-02 4.6461E-04  ( 1.953E-03,  5.664E-02,   0.00    ) |  4.646E-04 3.052E-03
      73 2.0569E-02 4.6461E-04  (-1.953E-03, -5.664E-02,   0.00    ) |  4.646E-04 3.052E-03
      74 2.1034E-02 4.6462E-04  (-1.953E-03, -5.664E-02,   0.00    ) |  4.646E-04 3.052E-03
      75 2.1499E-02 4.6462E-04  ( 1.953E-03,  5.664E-02,   0.00    ) |  4.646E-04 3.052E-03
      76 2.1963E-02 4.6462E-04  ( 1.953E-03,  5.664E-02,   0.00    ) |  4.646E-04 3.052E-03
      77 2.2428E-02 4.6462E-04  ( 1.953E-03,  5.664E-02,   0.00    ) |  4.646E-04 3.052E-03
      78 2.2892E-02 4.6461E-04  ( 1.953E-03,  5.664E-02,   0.00    ) |  4.646E-04 3.052E-03
      79 2.3357E-02 4.6461E-04  ( 1.953E-03,  5.664E-02,   0.00    ) |  4.646E-04 3.052E-03
      80 2.3822E-02 4.6461E-04  (-1.953E-03, -5.664E-02,   0.00    ) |  4.646E-04 3.052E-03
      81 2.4286E-02 4.6460E-04  (-1.953E-03, -5.664E-02,   0.00    ) |  4.646E-04 3.052E-03
      82 2.4751E-02 4.6460E-04  (-1.953E-03, -5.664E-02,   0.00    ) |  4.646E-04 3.052E-03
 *** Wrote plotfile to flash_run_hdf5_plt_cnt_0001 ****
      83 2.5215E-02 4.6459E-04  (-1.953E-03, -5.664E-02,   0.00    ) |  4.646E-04 3.052E-03
      84 2.5680E-02 4.6458E-04  (-1.953E-03, -5.664E-02,   0.00    ) |  4.646E-04 3.052E-03
      85 2.6145E-02 4.6457E-04  (-1.953E-03, -5.664E-02,   0.00    ) |  4.646E-04 3.052E-03
      86 2.6609E-02 4.6456E-04  (-1.953E-03, -5.664E-02,   0.00    ) |  4.646E-04 3.052E-03
      87 2.7074E-02 4.6455E-04  (-1.953E-03, -5.664E-02,   0.00    ) |  4.646E-04 3.052E-03
      88 2.7538E-02 4.6454E-04  (-1.953E-03, -5.664E-02,   0.00    ) |  4.645E-04 3.052E-03
      89 2.8003E-02 4.6453E-04  (-1.953E-03, -5.664E-02,   0.00    ) |  4.645E-04 3.052E-03
      90 2.8467E-02 4.6451E-04  ( 1.953E-03,  5.664E-02,   0.00    ) |  4.645E-04 3.052E-03
      91 2.8932E-02 4.6450E-04  ( 1.953E-03,  5.664E-02,   0.00    ) |  4.645E-04 3.052E-03
      92 2.9396E-02 4.6449E-04  ( 1.953E-03,  5.664E-02,   0.00    ) |  4.645E-04 3.052E-03
      93 2.9861E-02 4.6447E-04  ( 1.953E-03,  5.664E-02,   0.00    ) |  4.645E-04 3.052E-03
      94 3.0325E-02 4.6446E-04  ( 1.953E-03,  5.664E-02,   0.00    ) |  4.645E-04 3.052E-03
      95 3.0790E-02 4.6445E-04  ( 1.953E-03,  5.664E-02,   0.00    ) |  4.644E-04 3.052E-03
      96 3.1254E-02 4.6443E-04  ( 1.953E-03,  5.664E-02,   0.00    ) |  4.644E-04 3.052E-03
      97 3.1719E-02 4.6442E-04  ( 1.953E-03,  5.664E-02,   0.00    ) |  4.644E-04 3.052E-03
      98 3.2183E-02 4.6441E-04  (-1.953E-03, -5.664E-02,   0.00    ) |  4.644E-04 3.052E-03
      99 3.2648E-02 4.6439E-04  ( 1.953E-03,  5.664E-02,   0.00    ) |  4.644E-04 3.052E-03
     100 3.3112E-02 4.6438E-04  ( 1.953E-03,  5.664E-02,   0.00    ) |  4.644E-04 3.052E-03
     101 3.3576E-02 4.6437E-04  ( 1.953E-03,  5.664E-02,   0.00    ) |  4.644E-04 3.052E-03
     102 3.4041E-02 4.6435E-04  ( 1.953E-03,  5.664E-02,   0.00    ) |  4.644E-04 3.052E-03
     103 3.4505E-02 4.6434E-04  ( 1.953E-03,  5.664E-02,   0.00    ) |  4.643E-04 3.052E-03
     104 3.4969E-02 4.6433E-04  ( 1.953E-03,  5.664E-02,   0.00    ) |  4.643E-04 3.052E-03
     105 3.5434E-02 4.6432E-04  ( 1.953E-03,  5.664E-02,   0.00    ) |  4.643E-04 3.052E-03
     106 3.5898E-02 4.6431E-04  ( 1.953E-03,  5.664E-02,   0.00    ) |  4.643E-04 3.052E-03
     107 3.6362E-02 4.6429E-04  (-1.953E-03, -5.664E-02,   0.00    ) |  4.643E-04 3.052E-03
     108 3.6827E-02 4.6428E-04  ( 1.953E-03,  5.664E-02,   0.00    ) |  4.643E-04 3.052E-03
     109 3.7291E-02 4.6427E-04  (-1.953E-03, -5.664E-02,   0.00    ) |  4.643E-04 3.052E-03
     110 3.7755E-02 4.6426E-04  (-1.953E-03, -5.664E-02,   0.00    ) |  4.643E-04 3.052E-03
     111 3.8219E-02 4.6425E-04  ( 1.953E-03,  5.664E-02,   0.00    ) |  4.643E-04 3.052E-03
     112 3.8684E-02 4.6424E-04  (-1.953E-03, -5.664E-02,   0.00    ) |  4.642E-04 3.052E-03
     113 3.9148E-02 4.6424E-04  (-1.953E-03, -5.664E-02,   0.00    ) |  4.642E-04 3.052E-03
     114 3.9612E-02 4.6423E-04  ( 1.953E-03,  5.664E-02,   0.00    ) |  4.642E-04 3.052E-03
     115 4.0076E-02 4.6422E-04  (-1.953E-03, -5.664E-02,   0.00    ) |  4.642E-04 3.052E-03
     116 4.0541E-02 4.6421E-04  ( 1.953E-03,  5.664E-02,   0.00    ) |  4.642E-04 3.052E-03
     117 4.1005E-02 4.6420E-04  ( 1.953E-03,  5.664E-02,   0.00    ) |  4.642E-04 3.052E-03
     118 4.1469E-02 4.6420E-04  ( 1.953E-03,  5.664E-02,   0.00    ) |  4.642E-04 3.052E-03
     119 4.1933E-02 4.6419E-04  ( 1.953E-03,  5.664E-02,   0.00    ) |  4.642E-04 3.052E-03
     120 4.2397E-02 4.6418E-04  ( 1.953E-03,  5.664E-02,   0.00    ) |  4.642E-04 3.052E-03
     121 4.2862E-02 4.6417E-04  ( 1.953E-03,  5.664E-02,   0.00    ) |  4.642E-04 3.052E-03
     122 4.3326E-02 4.6417E-04  ( 1.953E-03,  5.664E-02,   0.00    ) |  4.642E-04 3.052E-03
     123 4.3790E-02 4.6416E-04  ( 1.953E-03,  5.664E-02,   0.00    ) |  4.642E-04 3.052E-03
     124 4.4254E-02 4.6416E-04  (-1.953E-03, -5.664E-02,   0.00    ) |  4.642E-04 3.052E-03
     125 4.4718E-02 4.6415E-04  ( 1.953E-03,  5.664E-02,   0.00    ) |  4.641E-04 3.052E-03
     126 4.5182E-02 4.6414E-04  (-1.953E-03, -5.664E-02,   0.00    ) |  4.641E-04 3.052E-03
     127 4.5647E-02 4.6414E-04  (-1.953E-03, -5.664E-02,   0.00    ) |  4.641E-04 3.052E-03
     128 4.6111E-02 4.6413E-04  ( 1.953E-03,  5.664E-02,   0.00    ) |  4.641E-04 3.052E-03
     129 4.6575E-02 4.6413E-04  (-1.953E-03, -5.664E-02,   0.00    ) |  4.641E-04 3.052E-03
     130 4.7039E-02 4.6412E-04  ( 1.953E-03,  5.664E-02,   0.00    ) |  4.641E-04 3.052E-03
     131 4.7503E-02 4.6412E-04  ( 1.953E-03,  5.664E-02,   0.00    ) |  4.641E-04 3.052E-03
     132 4.7967E-02 4.6411E-04  ( 1.953E-03,  5.664E-02,   0.00    ) |  4.641E-04 3.052E-03
     133 4.8431E-02 4.6411E-04  ( 1.953E-03,  5.664E-02,   0.00    ) |  4.641E-04 3.052E-03
     134 4.8895E-02 4.6411E-04  ( 1.953E-03,  5.664E-02,   0.00    ) |  4.641E-04 3.052E-03
     135 4.9360E-02 4.6410E-04  ( 1.953E-03,  5.664E-02,   0.00    ) |  4.641E-04 3.052E-03
     136 4.9824E-02 4.6410E-04  ( 1.953E-03,  5.664E-02,   0.00    ) |  4.641E-04 3.052E-03
 *** Wrote plotfile to flash_run_hdf5_plt_cnt_0002 ****
     137 5.0288E-02 4.6409E-04  ( 1.953E-03,  5.664E-02,   0.00    ) |  4.641E-04 3.052E-03
     138 5.0752E-02 4.6409E-04  ( 1.953E-03,  5.664E-02,   0.00    ) |  4.641E-04 3.052E-03
     139 5.1216E-02 4.6409E-04  ( 1.953E-03,  5.664E-02,   0.00    ) |  4.641E-04 3.052E-03
     140 5.1680E-02 4.6408E-04  (-1.953E-03, -5.664E-02,   0.00    ) |  4.641E-04 3.052E-03
     141 5.2144E-02 4.6408E-04  (-1.953E-03, -5.664E-02,   0.00    ) |  4.641E-04 3.052E-03
     142 5.2608E-02 4.6408E-04  (-1.953E-03, -5.664E-02,   0.00    ) |  4.641E-04 3.052E-03
     143 5.3072E-02 4.6407E-04  (-1.953E-03, -5.664E-02,   0.00    ) |  4.641E-04 3.052E-03
     144 5.3536E-02 4.6407E-04  (-1.953E-03, -5.664E-02,   0.00    ) |  4.641E-04 3.052E-03
     145 5.4000E-02 4.6407E-04  (-1.953E-03, -5.664E-02,   0.00    ) |  4.641E-04 3.052E-03
     146 5.4464E-02 4.6406E-04  ( 1.953E-03,  5.664E-02,   0.00    ) |  4.641E-04 3.052E-03
     147 5.4929E-02 4.6406E-04  ( 1.953E-03,  5.664E-02,   0.00    ) |  4.641E-04 3.052E-03
     148 5.5393E-02 4.6406E-04  ( 1.953E-03,  5.664E-02,   0.00    ) |  4.641E-04 3.052E-03
     149 5.5857E-02 4.6406E-04  ( 1.953E-03,  5.664E-02,   0.00    ) |  4.641E-04 3.052E-03
     150 5.6321E-02 4.6405E-04  ( 1.953E-03,  5.664E-02,   0.00    ) |  4.641E-04 3.052E-03
     151 5.6785E-02 4.6405E-04  ( 1.953E-03,  5.664E-02,   0.00    ) |  4.641E-04 3.052E-03
     152 5.7249E-02 4.6405E-04  ( 1.953E-03, -5.664E-02,   0.00    ) |  4.641E-04 3.052E-03
     153 5.7713E-02 4.6405E-04  ( 1.953E-03,  5.664E-02,   0.00    ) |  4.640E-04 3.052E-03
     154 5.8177E-02 4.6405E-04  ( 1.953E-03,  5.664E-02,   0.00    ) |  4.640E-04 3.052E-03
     155 5.8641E-02 4.6405E-04  ( 1.953E-03,  5.664E-02,   0.00    ) |  4.640E-04 3.052E-03
     156 5.9105E-02 4.6404E-04  ( 1.953E-03,  5.664E-02,   0.00    ) |  4.640E-04 3.052E-03
     157 5.9569E-02 4.6404E-04  ( 1.953E-03,  5.664E-02,   0.00    ) |  4.640E-04 3.052E-03
     158 6.0033E-02 4.6404E-04  ( 1.953E-03,  5.664E-02,   0.00    ) |  4.640E-04 3.052E-03
     159 6.0497E-02 4.6404E-04  ( 1.953E-03,  5.664E-02,   0.00    ) |  4.640E-04 3.052E-03
     160 6.0961E-02 4.6404E-04  ( 1.953E-03,  5.664E-02,   0.00    ) |  4.640E-04 3.052E-03
     161 6.1425E-02 4.6404E-04  ( 1.953E-03,  5.664E-02,   0.00    ) |  4.640E-04 3.052E-03
     162 6.1889E-02 4.6404E-04  ( 1.953E-03,  5.664E-02,   0.00    ) |  4.640E-04 3.052E-03
     163 6.2353E-02 4.6403E-04  ( 1.953E-03,  5.664E-02,   0.00    ) |  4.640E-04 3.052E-03
     164 6.2817E-02 4.6403E-04  ( 1.953E-03,  5.664E-02,   0.00    ) |  4.640E-04 3.052E-03
     165 6.3281E-02 4.6403E-04  ( 1.953E-03,  5.664E-02,   0.00    ) |  4.640E-04 3.052E-03
     166 6.3745E-02 4.6403E-04  ( 1.953E-03,  5.664E-02,   0.00    ) |  4.640E-04 3.052E-03
     167 6.4209E-02 4.6403E-04  ( 1.953E-03,  5.664E-02,   0.00    ) |  4.640E-04 3.052E-03
     168 6.4673E-02 4.6403E-04  (-1.953E-03, -5.664E-02,   0.00    ) |  4.640E-04 3.052E-03
     169 6.5137E-02 4.6403E-04  ( 1.953E-03,  5.664E-02,   0.00    ) |  4.640E-04 3.052E-03
     170 6.5601E-02 4.6403E-04  ( 1.953E-03,  5.664E-02,   0.00    ) |  4.640E-04 3.052E-03
     171 6.6066E-02 4.6403E-04  ( 1.953E-03,  5.664E-02,   0.00    ) |  4.640E-04 3.052E-03
     172 6.6530E-02 4.6402E-04  ( 1.953E-03,  5.664E-02,   0.00    ) |  4.640E-04 3.052E-03
     173 6.6994E-02 4.6402E-04  ( 1.953E-03,  5.664E-02,   0.00    ) |  4.640E-04 3.052E-03
     174 6.7458E-02 4.6402E-04  ( 1.953E-03,  5.664E-02,   0.00    ) |  4.640E-04 3.052E-03
     175 6.7922E-02 4.6402E-04  ( 1.953E-03,  5.664E-02,   0.00    ) |  4.640E-04 3.052E-03
     176 6.8386E-02 4.6402E-04  (-1.953E-03, -5.664E-02,   0.00    ) |  4.640E-04 3.052E-03
     177 6.8850E-02 4.6402E-04  (-1.953E-03, -5.664E-02,   0.00    ) |  4.640E-04 3.052E-03
     178 6.9314E-02 4.6402E-04  (-1.953E-03, -5.664E-02,   0.00    ) |  4.640E-04 3.052E-03
     179 6.9778E-02 4.6402E-04  (-1.953E-03, -5.664E-02,   0.00    ) |  4.640E-04 3.052E-03
     180 7.0242E-02 4.6402E-04  (-1.953E-03, -5.664E-02,   0.00    ) |  4.640E-04 3.052E-03
     181 7.0706E-02 4.6402E-04  (-1.953E-03, -5.664E-02,   0.00    ) |  4.640E-04 3.052E-03
     182 7.1170E-02 4.6402E-04  ( 1.953E-03,  5.664E-02,   0.00    ) |  4.640E-04 3.052E-03
     183 7.1634E-02 4.6402E-04  ( 1.953E-03,  5.664E-02,   0.00    ) |  4.640E-04 3.052E-03
     184 7.2098E-02 4.6402E-04  ( 1.953E-03,  5.664E-02,   0.00    ) |  4.640E-04 3.052E-03
     185 7.2562E-02 4.6402E-04  ( 1.953E-03,  5.664E-02,   0.00    ) |  4.640E-04 3.052E-03
     186 7.3026E-02 4.6402E-04  ( 1.953E-03,  5.664E-02,   0.00    ) |  4.640E-04 3.052E-03
     187 7.3490E-02 4.6402E-04  ( 1.953E-03,  5.664E-02,   0.00    ) |  4.640E-04 3.052E-03
     188 7.3954E-02 4.6402E-04  ( 1.953E-03,  5.664E-02,   0.00    ) |  4.640E-04 3.052E-03
     189 7.4418E-02 4.6401E-04  ( 1.953E-03,  5.664E-02,   0.00    ) |  4.640E-04 3.052E-03
     190 7.4882E-02 4.6401E-04  ( 1.953E-03,  5.664E-02,   0.00    ) |  4.640E-04 3.052E-03
 *** Wrote plotfile to flash_run_hdf5_plt_cnt_0003 ****
     191 7.5346E-02 4.6401E-04  ( 1.953E-03,  5.664E-02,   0.00    ) |  4.640E-04 3.052E-03
     192 7.5810E-02 4.6401E-04  ( 1.953E-03,  5.664E-02,   0.00    ) |  4.640E-04 3.052E-03
     193 7.6274E-02 4.6401E-04  ( 1.953E-03,  5.664E-02,   0.00    ) |  4.640E-04 3.052E-03
     194 7.6738E-02 4.6401E-04  ( 1.953E-03, -5.664E-02,   0.00    ) |  4.640E-04 3.052E-03
     195 7.7202E-02 4.6402E-04  ( 1.953E-03, -5.664E-02,   0.00    ) |  4.640E-04 3.052E-03
     196 7.7666E-02 4.6402E-04  (-1.953E-03, -5.664E-02,   0.00    ) |  4.640E-04 3.052E-03
     197 7.8130E-02 4.6402E-04  (-1.953E-03, -5.664E-02,   0.00    ) |  4.640E-04 3.052E-03
     198 7.8594E-02 4.6402E-04  (-1.953E-03, -5.664E-02,   0.00    ) |  4.640E-04 3.052E-03
     199 7.9058E-02 4.6402E-04  (-1.953E-03, -5.664E-02,   0.00    ) |  4.640E-04 3.052E-03
     200 7.9522E-02 4.6402E-04  ( 1.953E-03,  5.664E-02,   0.00    ) |  4.640E-04 3.052E-03
     201 7.9986E-02 4.6402E-04  (-1.953E-03, -5.664E-02,   0.00    ) |  4.640E-04 3.052E-03
     202 8.0450E-02 4.6402E-04  ( 1.953E-03,  5.664E-02,   0.00    ) |  4.640E-04 3.052E-03
     203 8.0914E-02 4.6402E-04  (-1.953E-03, -5.664E-02,   0.00    ) |  4.640E-04 3.052E-03
     204 8.1378E-02 4.6402E-04  (-1.953E-03, -5.664E-02,   0.00    ) |  4.640E-04 3.052E-03
     205 8.1842E-02 4.6402E-04  (-1.953E-03, -5.664E-02,   0.00    ) |  4.640E-04 3.052E-03
     206 8.2306E-02 4.6402E-04  ( 1.953E-03, -5.664E-02,   0.00    ) |  4.640E-04 3.052E-03
     207 8.2770E-02 4.6402E-04  (-1.953E-03, -5.664E-02,   0.00    ) |  4.640E-04 3.052E-03
     208 8.3234E-02 4.6402E-04  (-1.953E-03, -5.664E-02,   0.00    ) |  4.640E-04 3.052E-03
     209 8.3698E-02 4.6402E-04  (-1.953E-03, -5.664E-02,   0.00    ) |  4.640E-04 3.052E-03
     210 8.4162E-02 4.6402E-04  ( 1.953E-03, -5.664E-02,   0.00    ) |  4.640E-04 3.052E-03
     211 8.4626E-02 4.6403E-04  (-1.953E-03, -5.664E-02,   0.00    ) |  4.640E-04 3.052E-03
     212 8.5090E-02 4.6403E-04  (-1.953E-03, -5.664E-02,   0.00    ) |  4.640E-04 3.052E-03
     213 8.5554E-02 4.6403E-04  (-1.953E-03, -5.664E-02,   0.00    ) |  4.640E-04 3.052E-03
     214 8.6018E-02 4.6403E-04  (-1.953E-03,  5.664E-02,   0.00    ) |  4.640E-04 3.052E-03
     215 8.6482E-02 4.6403E-04  (-1.953E-03,  5.664E-02,   0.00    ) |  4.640E-04 3.052E-03
     216 8.6946E-02 4.6403E-04  (-1.953E-03,  5.664E-02,   0.00    ) |  4.640E-04 3.052E-03
     217 8.7410E-02 4.6403E-04  ( 1.953E-03, -5.664E-02,   0.00    ) |  4.640E-04 3.052E-03
     218 8.7874E-02 4.6403E-04  (-1.953E-03, -5.664E-02,   0.00    ) |  4.640E-04 3.052E-03
     219 8.8338E-02 4.6403E-04  ( 1.953E-03, -5.664E-02,   0.00    ) |  4.640E-04 3.052E-03
     220 8.8803E-02 4.6403E-04  ( 1.953E-03, -5.664E-02,   0.00    ) |  4.640E-04 3.052E-03
     221 8.9267E-02 4.6403E-04  (-1.953E-03, -5.664E-02,   0.00    ) |  4.640E-04 3.052E-03
     222 8.9731E-02 4.6403E-04  (-1.953E-03, -5.664E-02,   0.00    ) |  4.640E-04 3.052E-03
     223 9.0195E-02 4.6403E-04  (-1.953E-03, -5.664E-02,   0.00    ) |  4.640E-04 3.052E-03
     224 9.0659E-02 4.6403E-04  (-1.953E-03, -5.664E-02,   0.00    ) |  4.640E-04 3.052E-03
     225 9.1123E-02 4.6404E-04  (-1.953E-03, -5.664E-02,   0.00    ) |  4.640E-04 3.052E-03
     226 9.1587E-02 4.6404E-04  (-1.953E-03, -5.664E-02,   0.00    ) |  4.640E-04 3.052E-03
     227 9.2051E-02 4.6404E-04  (-1.953E-03, -5.664E-02,   0.00    ) |  4.640E-04 3.052E-03
     228 9.2515E-02 4.6404E-04  (-1.953E-03, -5.664E-02,   0.00    ) |  4.640E-04 3.052E-03
     229 9.2979E-02 4.6404E-04  (-1.953E-03, -5.664E-02,   0.00    ) |  4.640E-04 3.052E-03
     230 9.3443E-02 4.6404E-04  ( 1.953E-03,  5.664E-02,   0.00    ) |  4.640E-04 3.052E-03
     231 9.3907E-02 4.6404E-04  ( 1.953E-03,  5.664E-02,   0.00    ) |  4.640E-04 3.052E-03
     232 9.4371E-02 4.6404E-04  ( 1.953E-03,  5.664E-02,   0.00    ) |  4.640E-04 3.052E-03
     233 9.4835E-02 4.6404E-04  (-1.953E-03, -5.664E-02,   0.00    ) |  4.640E-04 3.052E-03
     234 9.5299E-02 4.6405E-04  (-1.953E-03, -5.664E-02,   0.00    ) |  4.640E-04 3.052E-03
     235 9.5763E-02 4.6405E-04  (-1.953E-03, -5.664E-02,   0.00    ) |  4.640E-04 3.052E-03
     236 9.6227E-02 4.6405E-04  (-1.953E-03, -5.664E-02,   0.00    ) |  4.640E-04 3.052E-03
     237 9.6691E-02 4.6405E-04  (-1.953E-03, -5.664E-02,   0.00    ) |  4.640E-04 3.052E-03
     238 9.7155E-02 4.6405E-04  (-1.953E-03, -5.664E-02,   0.00    ) |  4.640E-04 3.052E-03
     239 9.7619E-02 4.6405E-04  (-1.953E-03, -5.664E-02,   0.00    ) |  4.641E-04 3.052E-03
     240 9.8083E-02 4.6405E-04  (-1.953E-03, -5.664E-02,   0.00    ) |  4.641E-04 3.052E-03
     241 9.8547E-02 4.6405E-04  (-1.953E-03, -5.664E-02,   0.00    ) |  4.641E-04 3.052E-03
     242 9.9011E-02 4.6406E-04  (-1.953E-03, -5.664E-02,   0.00    ) |  4.641E-04 3.052E-03
     243 9.9475E-02 4.6406E-04  (-1.953E-03, -5.664E-02,   0.00    ) |  4.641E-04 3.052E-03
     244 9.9940E-02 4.6406E-04  (-1.953E-03, -5.664E-02,   0.00    ) |  4.641E-04 3.052E-03
 *** Wrote plotfile to flash_run_hdf5_plt_cnt_0004 ****
     245 1.0040E-01 4.6406E-04  (-1.953E-03, -5.664E-02,   0.00    ) |  4.641E-04 3.052E-03
     246 1.0087E-01 4.6406E-04  (-1.953E-03, -5.664E-02,   0.00    ) |  4.641E-04 3.052E-03
     247 1.0133E-01 4.6407E-04  (-1.953E-03, -5.664E-02,   0.00    ) |  4.641E-04 3.052E-03
     248 1.0180E-01 4.6407E-04  (-1.953E-03, -5.664E-02,   0.00    ) |  4.641E-04 3.052E-03
     249 1.0226E-01 4.6407E-04  (-1.953E-03, -5.664E-02,   0.00    ) |  4.641E-04 3.052E-03
     250 1.0272E-01 4.6407E-04  ( 1.953E-03, -5.664E-02,   0.00    ) |  4.641E-04 3.052E-03
     251 1.0319E-01 4.6407E-04  ( 1.953E-03, -5.664E-02,   0.00    ) |  4.641E-04 3.052E-03
     252 1.0365E-01 4.6408E-04  ( 1.953E-03, -5.664E-02,   0.00    ) |  4.641E-04 3.052E-03
     253 1.0412E-01 4.6408E-04  ( 1.953E-03, -5.664E-02,   0.00    ) |  4.641E-04 3.052E-03
     254 1.0458E-01 4.6408E-04  ( 1.953E-03, -5.664E-02,   0.00    ) |  4.641E-04 3.052E-03
     255 1.0504E-01 4.6408E-04  (-1.953E-03, -5.664E-02,   0.00    ) |  4.641E-04 3.052E-03
     256 1.0551E-01 4.6409E-04  (-1.953E-03, -5.664E-02,   0.00    ) |  4.641E-04 3.052E-03
     257 1.0597E-01 4.6409E-04  (-1.953E-03, -5.664E-02,   0.00    ) |  4.641E-04 3.052E-03
     258 1.0644E-01 4.6409E-04  (-1.953E-03, -5.664E-02,   0.00    ) |  4.641E-04 3.052E-03
     259 1.0690E-01 4.6409E-04  (-1.953E-03, -5.664E-02,   0.00    ) |  4.641E-04 3.052E-03
     260 1.0736E-01 4.6410E-04  (-1.953E-03, -5.664E-02,   0.00    ) |  4.641E-04 3.052E-03
     261 1.0783E-01 4.6410E-04  (-1.953E-03, -5.664E-02,   0.00    ) |  4.641E-04 3.052E-03
     262 1.0829E-01 4.6410E-04  (-1.953E-03, -5.664E-02,   0.00    ) |  4.641E-04 3.052E-03
     263 1.0876E-01 4.6410E-04  (-1.953E-03, -5.664E-02,   0.00    ) |  4.641E-04 3.052E-03
     264 1.0922E-01 4.6411E-04  (-1.953E-03, -5.664E-02,   0.00    ) |  4.641E-04 3.052E-03
     265 1.0969E-01 4.6411E-04  (-1.953E-03, -5.664E-02,   0.00    ) |  4.641E-04 3.052E-03
     266 1.1015E-01 4.6411E-04  (-1.953E-03, -5.664E-02,   0.00    ) |  4.641E-04 3.052E-03
     267 1.1061E-01 4.6411E-04  (-1.953E-03, -5.664E-02,   0.00    ) |  4.641E-04 3.052E-03
     268 1.1108E-01 4.6411E-04  (-1.953E-03, -5.664E-02,   0.00    ) |  4.641E-04 3.052E-03
     269 1.1154E-01 4.6412E-04  (-1.953E-03, -5.664E-02,   0.00    ) |  4.641E-04 3.052E-03
     270 1.1201E-01 4.6412E-04  (-1.953E-03, -5.664E-02,   0.00    ) |  4.641E-04 3.052E-03
     271 1.1247E-01 4.6412E-04  (-1.953E-03, -5.664E-02,   0.00    ) |  4.641E-04 3.052E-03
     272 1.1293E-01 4.6412E-04  (-1.953E-03, -5.664E-02,   0.00    ) |  4.641E-04 3.052E-03
     273 1.1340E-01 4.6413E-04  (-1.953E-03, -5.664E-02,   0.00    ) |  4.641E-04 3.052E-03
     274 1.1386E-01 4.6413E-04  (-1.953E-03, -5.664E-02,   0.00    ) |  4.641E-04 3.052E-03
     275 1.1433E-01 4.6413E-04  (-1.953E-03, -5.664E-02,   0.00    ) |  4.641E-04 3.052E-03
     276 1.1479E-01 4.6414E-04  (-1.953E-03, -5.664E-02,   0.00    ) |  4.641E-04 3.052E-03
     277 1.1525E-01 4.6414E-04  (-1.953E-03, -5.664E-02,   0.00    ) |  4.641E-04 3.052E-03
     278 1.1572E-01 4.6414E-04  (-1.953E-03, -5.664E-02,   0.00    ) |  4.641E-04 3.052E-03
     279 1.1618E-01 4.6414E-04  (-1.953E-03, -5.664E-02,   0.00    ) |  4.641E-04 3.052E-03
     280 1.1665E-01 4.6415E-04  (-1.953E-03, -5.664E-02,   0.00    ) |  4.641E-04 3.052E-03
     281 1.1711E-01 4.6415E-04  (-1.953E-03, -5.664E-02,   0.00    ) |  4.641E-04 3.052E-03
     282 1.1758E-01 4.6415E-04  (-1.953E-03, -5.664E-02,   0.00    ) |  4.642E-04 3.052E-03
     283 1.1804E-01 4.6415E-04  (-1.953E-03, -5.664E-02,   0.00    ) |  4.642E-04 3.052E-03
     284 1.1850E-01 4.6416E-04  (-1.953E-03, -5.664E-02,   0.00    ) |  4.642E-04 3.052E-03
     285 1.1897E-01 4.6416E-04  (-1.953E-03, -5.664E-02,   0.00    ) |  4.642E-04 3.052E-03
     286 1.1943E-01 4.6416E-04  (-1.953E-03, -5.664E-02,   0.00    ) |  4.642E-04 3.052E-03
     287 1.1990E-01 4.6417E-04  (-1.953E-03, -5.664E-02,   0.00    ) |  4.642E-04 3.052E-03
     288 1.2036E-01 4.6417E-04  (-1.953E-03, -5.664E-02,   0.00    ) |  4.642E-04 3.052E-03
     289 1.2082E-01 4.6412E-04  ( 0.252    , -1.953E-03,   0.00    ) |  4.641E-04 3.052E-03
     290 1.2129E-01 4.6401E-04  ( 0.252    , -1.953E-03,   0.00    ) |  4.640E-04 3.052E-03
     291 1.2175E-01 4.6390E-04  ( 0.252    , -1.953E-03,   0.00    ) |  4.639E-04 3.052E-03
     292 1.2222E-01 4.6379E-04  ( 0.252    ,  1.953E-03,   0.00    ) |  4.638E-04 3.052E-03
     293 1.2268E-01 4.6368E-04  ( 0.252    , -1.953E-03,   0.00    ) |  4.637E-04 3.052E-03
     294 1.2314E-01 4.6357E-04  ( 0.252    , -1.953E-03,   0.00    ) |  4.636E-04 3.052E-03
     295 1.2361E-01 4.6346E-04  ( 0.252    , -1.953E-03,   0.00    ) |  4.635E-04 3.052E-03
     296 1.2407E-01 4.6335E-04  ( 0.252    ,  1.953E-03,   0.00    ) |  4.634E-04 3.052E-03
     297 1.2453E-01 4.6324E-04  ( 0.252    ,  1.953E-03,   0.00    ) |  4.632E-04 3.052E-03
     298 1.2500E-01 4.6313E-04  ( 0.252    ,  1.953E-03,   0.00    ) |  4.631E-04 3.052E-03
 *** Wrote plotfile to flash_run_hdf5_plt_cnt_0005 ****
     299 1.2546E-01 4.6303E-04  ( 0.252    ,  1.953E-03,   0.00    ) |  4.630E-04 3.052E-03
     300 1.2592E-01 4.6292E-04  ( 0.252    ,  1.953E-03,   0.00    ) |  4.629E-04 3.052E-03
     301 1.2639E-01 4.6281E-04  ( 0.252    ,  1.953E-03,   0.00    ) |  4.628E-04 3.052E-03
     302 1.2685E-01 4.6270E-04  ( 0.252    , -1.953E-03,   0.00    ) |  4.627E-04 3.052E-03
     303 1.2731E-01 4.6259E-04  ( 0.252    ,  1.953E-03,   0.00    ) |  4.626E-04 3.052E-03
     304 1.2777E-01 4.6248E-04  ( 0.252    ,  1.953E-03,   0.00    ) |  4.625E-04 3.052E-03
     305 1.2824E-01 4.6237E-04  ( 0.252    ,  1.953E-03,   0.00    ) |  4.624E-04 3.052E-03
     306 1.2870E-01 4.6227E-04  ( 0.252    , -1.953E-03,   0.00    ) |  4.623E-04 3.052E-03
     307 1.2916E-01 4.6216E-04  ( 0.252    ,  1.953E-03,   0.00    ) |  4.622E-04 3.052E-03
     308 1.2962E-01 4.6205E-04  ( 0.252    ,  1.953E-03,   0.00    ) |  4.621E-04 3.052E-03
     309 1.3009E-01 4.6194E-04  ( 0.252    ,  1.953E-03,   0.00    ) |  4.619E-04 3.052E-03
     310 1.3055E-01 4.6184E-04  ( 0.252    ,  1.953E-03,   0.00    ) |  4.618E-04 3.052E-03
     311 1.3101E-01 4.6173E-04  ( 0.252    ,  1.953E-03,   0.00    ) |  4.617E-04 3.052E-03
     312 1.3147E-01 4.6162E-04  ( 0.252    ,  1.953E-03,   0.00    ) |  4.616E-04 3.052E-03
     313 1.3193E-01 4.6151E-04  ( 0.252    ,  1.953E-03,   0.00    ) |  4.615E-04 3.052E-03
     314 1.3239E-01 4.6141E-04  ( 0.252    ,  1.953E-03,   0.00    ) |  4.614E-04 3.052E-03
     315 1.3286E-01 4.6130E-04  ( 0.252    ,  1.953E-03,   0.00    ) |  4.613E-04 3.052E-03
     316 1.3332E-01 4.6119E-04  ( 0.252    , -1.953E-03,   0.00    ) |  4.612E-04 3.052E-03
     317 1.3378E-01 4.6109E-04  ( 0.252    , -1.953E-03,   0.00    ) |  4.611E-04 3.052E-03
     318 1.3424E-01 4.6098E-04  ( 0.252    ,  1.953E-03,   0.00    ) |  4.610E-04 3.052E-03
     319 1.3470E-01 4.6087E-04  ( 0.252    ,  1.953E-03,   0.00    ) |  4.609E-04 3.052E-03
     320 1.3516E-01 4.6077E-04  ( 0.252    , -1.953E-03,   0.00    ) |  4.608E-04 3.052E-03
     321 1.3562E-01 4.6066E-04  ( 0.252    ,  1.953E-03,   0.00    ) |  4.607E-04 3.052E-03
     322 1.3608E-01 4.6056E-04  ( 0.252    , -1.953E-03,   0.00    ) |  4.606E-04 3.052E-03
     323 1.3654E-01 4.6045E-04  ( 0.252    ,  1.953E-03,   0.00    ) |  4.605E-04 3.052E-03
     324 1.3700E-01 4.6034E-04  ( 0.252    , -1.953E-03,   0.00    ) |  4.603E-04 3.052E-03
     325 1.3746E-01 4.6024E-04  ( 0.252    , -1.953E-03,   0.00    ) |  4.602E-04 3.052E-03
     326 1.3792E-01 4.6013E-04  ( 0.252    , -1.953E-03,   0.00    ) |  4.601E-04 3.052E-03
     327 1.3838E-01 4.6003E-04  ( 0.252    , -1.953E-03,   0.00    ) |  4.600E-04 3.052E-03
     328 1.3884E-01 4.5992E-04  ( 0.252    , -1.953E-03,   0.00    ) |  4.599E-04 3.052E-03
     329 1.3930E-01 4.5982E-04  ( 0.252    , -1.953E-03,   0.00    ) |  4.598E-04 3.052E-03
     330 1.3976E-01 4.5971E-04  ( 0.252    , -1.953E-03,   0.00    ) |  4.597E-04 3.052E-03
     331 1.4022E-01 4.5961E-04  ( 0.252    , -1.953E-03,   0.00    ) |  4.596E-04 3.052E-03
     332 1.4068E-01 4.5950E-04  ( 0.252    , -1.953E-03,   0.00    ) |  4.595E-04 3.052E-03
     333 1.4114E-01 4.5940E-04  ( 0.252    , -1.953E-03,   0.00    ) |  4.594E-04 3.052E-03
     334 1.4160E-01 4.5930E-04  ( 0.252    , -1.953E-03,   0.00    ) |  4.593E-04 3.052E-03
     335 1.4206E-01 4.5919E-04  ( 0.252    , -1.953E-03,   0.00    ) |  4.592E-04 3.052E-03
     336 1.4252E-01 4.5909E-04  ( 0.252    , -1.953E-03,   0.00    ) |  4.591E-04 3.052E-03
     337 1.4298E-01 4.5898E-04  ( 0.252    , -1.953E-03,   0.00    ) |  4.590E-04 3.052E-03
     338 1.4344E-01 4.5888E-04  ( 0.252    , -1.953E-03,   0.00    ) |  4.589E-04 3.052E-03
     339 1.4390E-01 4.5878E-04  ( 0.252    , -1.953E-03,   0.00    ) |  4.588E-04 3.052E-03
     340 1.4436E-01 4.5867E-04  ( 0.252    , -1.953E-03,   0.00    ) |  4.587E-04 3.052E-03
     341 1.4482E-01 4.5857E-04  ( 0.252    , -1.953E-03,   0.00    ) |  4.586E-04 3.052E-03
     342 1.4527E-01 4.5847E-04  ( 0.252    , -1.953E-03,   0.00    ) |  4.585E-04 3.052E-03
     343 1.4573E-01 4.5836E-04  ( 0.252    , -1.953E-03,   0.00    ) |  4.584E-04 3.052E-03
     344 1.4619E-01 4.5826E-04  ( 0.252    , -1.953E-03,   0.00    ) |  4.583E-04 3.052E-03
     345 1.4665E-01 4.5816E-04  ( 0.252    , -1.953E-03,   0.00    ) |  4.582E-04 3.052E-03
     346 1.4711E-01 4.5805E-04  ( 0.252    , -1.953E-03,   0.00    ) |  4.581E-04 3.052E-03
     347 1.4757E-01 4.5795E-04  ( 0.252    , -1.953E-03,   0.00    ) |  4.580E-04 3.052E-03
     348 1.4802E-01 4.5785E-04  ( 0.252    , -1.953E-03,   0.00    ) |  4.578E-04 3.052E-03
     349 1.4848E-01 4.5775E-04  ( 0.252    , -1.953E-03,   0.00    ) |  4.577E-04 3.052E-03
     350 1.4894E-01 4.5765E-04  ( 0.252    , -1.953E-03,   0.00    ) |  4.576E-04 3.052E-03
     351 1.4940E-01 4.5754E-04  ( 0.252    , -1.953E-03,   0.00    ) |  4.575E-04 3.052E-03
     352 1.4985E-01 4.5744E-04  ( 0.252    , -1.953E-03,   0.00    ) |  4.574E-04 3.052E-03
 *** Wrote plotfile to flash_run_hdf5_plt_cnt_0006 ****
     353 1.5031E-01 4.5734E-04  ( 0.252    , -1.953E-03,   0.00    ) |  4.573E-04 3.052E-03
     354 1.5077E-01 4.5724E-04  ( 0.252    , -1.953E-03,   0.00    ) |  4.572E-04 3.052E-03
     355 1.5123E-01 4.5714E-04  ( 0.252    , -1.953E-03,   0.00    ) |  4.571E-04 3.052E-03
     356 1.5168E-01 4.5704E-04  ( 0.252    , -1.953E-03,   0.00    ) |  4.570E-04 3.052E-03
     357 1.5214E-01 4.5693E-04  ( 0.252    , -1.953E-03,   0.00    ) |  4.569E-04 3.052E-03
     358 1.5260E-01 4.5683E-04  ( 0.252    , -1.953E-03,   0.00    ) |  4.568E-04 3.052E-03
     359 1.5305E-01 4.5673E-04  ( 0.252    , -1.953E-03,   0.00    ) |  4.567E-04 3.052E-03
     360 1.5351E-01 4.5663E-04  ( 0.252    , -1.953E-03,   0.00    ) |  4.566E-04 3.052E-03
     361 1.5397E-01 4.5653E-04  ( 0.252    , -1.953E-03,   0.00    ) |  4.565E-04 3.052E-03
     362 1.5442E-01 4.5643E-04  ( 0.252    , -1.953E-03,   0.00    ) |  4.564E-04 3.052E-03
     363 1.5488E-01 4.5633E-04  ( 0.252    , -1.953E-03,   0.00    ) |  4.563E-04 3.052E-03
     364 1.5534E-01 4.5623E-04  ( 0.252    , -1.953E-03,   0.00    ) |  4.562E-04 3.052E-03
     365 1.5579E-01 4.5613E-04  (-0.252    ,  1.953E-03,   0.00    ) |  4.561E-04 3.052E-03
     366 1.5625E-01 4.5603E-04  (-0.252    ,  1.953E-03,   0.00    ) |  4.560E-04 3.052E-03
     367 1.5671E-01 4.5593E-04  (-0.252    ,  1.953E-03,   0.00    ) |  4.559E-04 3.052E-03
     368 1.5716E-01 4.5583E-04  (-0.252    ,  1.953E-03,   0.00    ) |  4.558E-04 3.052E-03
     369 1.5762E-01 4.5573E-04  (-0.252    ,  1.953E-03,   0.00    ) |  4.557E-04 3.052E-03
     370 1.5807E-01 4.5563E-04  (-0.252    ,  1.953E-03,   0.00    ) |  4.556E-04 3.052E-03
     371 1.5853E-01 4.5553E-04  (-0.252    ,  1.953E-03,   0.00    ) |  4.555E-04 3.052E-03
     372 1.5898E-01 4.5543E-04  (-0.252    ,  1.953E-03,   0.00    ) |  4.554E-04 3.052E-03
     373 1.5944E-01 4.5533E-04  (-0.252    ,  1.953E-03,   0.00    ) |  4.553E-04 3.052E-03
     374 1.5989E-01 4.5523E-04  (-0.252    ,  1.953E-03,   0.00    ) |  4.552E-04 3.052E-03
     375 1.6035E-01 4.5513E-04  (-0.252    ,  1.953E-03,   0.00    ) |  4.551E-04 3.052E-03
     376 1.6081E-01 4.5504E-04  (-0.252    ,  1.953E-03,   0.00    ) |  4.550E-04 3.052E-03
     377 1.6126E-01 4.5494E-04  ( 0.252    , -1.953E-03,   0.00    ) |  4.549E-04 3.052E-03
     378 1.6172E-01 4.5484E-04  ( 0.252    , -1.953E-03,   0.00    ) |  4.548E-04 3.052E-03
     379 1.6217E-01 4.5474E-04  ( 0.252    , -1.953E-03,   0.00    ) |  4.547E-04 3.052E-03
     380 1.6262E-01 4.5464E-04  ( 0.252    , -1.953E-03,   0.00    ) |  4.546E-04 3.052E-03
     381 1.6308E-01 4.5454E-04  (-0.252    ,  1.953E-03,   0.00    ) |  4.545E-04 3.052E-03
     382 1.6353E-01 4.5445E-04  ( 0.252    , -1.953E-03,   0.00    ) |  4.544E-04 3.052E-03
     383 1.6399E-01 4.5435E-04  ( 0.252    , -1.953E-03,   0.00    ) |  4.543E-04 3.052E-03
     384 1.6444E-01 4.5425E-04  ( 0.252    , -1.953E-03,   0.00    ) |  4.542E-04 3.052E-03
     385 1.6490E-01 4.5415E-04  ( 0.252    , -1.953E-03,   0.00    ) |  4.542E-04 3.052E-03
     386 1.6535E-01 4.5405E-04  ( 0.252    , -1.953E-03,   0.00    ) |  4.541E-04 3.052E-03
     387 1.6581E-01 4.5396E-04  ( 0.252    , -1.953E-03,   0.00    ) |  4.540E-04 3.052E-03
     388 1.6626E-01 4.5386E-04  ( 0.252    , -1.953E-03,   0.00    ) |  4.539E-04 3.052E-03
     389 1.6671E-01 4.5376E-04  ( 0.256    , -1.953E-03,   0.00    ) |  4.538E-04 3.052E-03
     390 1.6717E-01 4.5367E-04  ( 0.256    , -1.953E-03,   0.00    ) |  4.537E-04 3.052E-03
     391 1.6762E-01 4.5357E-04  ( 0.256    , -1.953E-03,   0.00    ) |  4.536E-04 3.052E-03
     392 1.6807E-01 4.5347E-04  ( 0.256    , -1.953E-03,   0.00    ) |  4.535E-04 3.052E-03
     393 1.6853E-01 4.5337E-04  ( 0.256    , -1.953E-03,   0.00    ) |  4.534E-04 3.052E-03
     394 1.6898E-01 4.5328E-04  ( 0.256    , -1.953E-03,   0.00    ) |  4.533E-04 3.052E-03
     395 1.6943E-01 4.5318E-04  ( 0.256    , -1.953E-03,   0.00    ) |  4.532E-04 3.052E-03
     396 1.6989E-01 4.5309E-04  ( 0.256    , -1.953E-03,   0.00    ) |  4.531E-04 3.052E-03
     397 1.7034E-01 4.5299E-04  ( 0.256    , -1.953E-03,   0.00    ) |  4.530E-04 3.052E-03
     398 1.7079E-01 4.5289E-04  ( 0.256    , -1.953E-03,   0.00    ) |  4.529E-04 3.052E-03
     399 1.7125E-01 4.5280E-04  ( 0.256    , -1.953E-03,   0.00    ) |  4.528E-04 3.052E-03
     400 1.7170E-01 4.5270E-04  ( 0.256    , -1.953E-03,   0.00    ) |  4.527E-04 3.052E-03
     401 1.7215E-01 4.5260E-04  ( 0.256    , -1.953E-03,   0.00    ) |  4.526E-04 3.052E-03
     402 1.7260E-01 4.5251E-04  ( 0.256    , -1.953E-03,   0.00    ) |  4.525E-04 3.052E-03
     403 1.7306E-01 4.5241E-04  ( 0.256    , -1.953E-03,   0.00    ) |  4.524E-04 3.052E-03
     404 1.7351E-01 4.5232E-04  ( 0.256    , -1.953E-03,   0.00    ) |  4.523E-04 3.052E-03
     405 1.7396E-01 4.5222E-04  ( 0.256    , -1.953E-03,   0.00    ) |  4.522E-04 3.052E-03
     406 1.7441E-01 4.5213E-04  ( 0.256    , -1.953E-03,   0.00    ) |  4.521E-04 3.052E-03
     407 1.7487E-01 4.5203E-04  ( 0.256    , -1.953E-03,   0.00    ) |  4.520E-04 3.052E-03
 *** Wrote plotfile to flash_run_hdf5_plt_cnt_0007 ****
     408 1.7532E-01 4.5194E-04  ( 0.256    , -1.953E-03,   0.00    ) |  4.519E-04 3.052E-03
     409 1.7577E-01 4.5184E-04  ( 0.256    , -1.953E-03,   0.00    ) |  4.518E-04 3.052E-03
     410 1.7622E-01 4.5175E-04  ( 0.256    , -1.953E-03,   0.00    ) |  4.517E-04 3.052E-03
     411 1.7667E-01 4.5165E-04  ( 0.256    , -1.953E-03,   0.00    ) |  4.517E-04 3.052E-03
     412 1.7713E-01 4.5156E-04  ( 0.256    , -1.953E-03,   0.00    ) |  4.516E-04 3.052E-03
     413 1.7758E-01 4.5146E-04  ( 0.256    , -1.953E-03,   0.00    ) |  4.515E-04 3.052E-03
     414 1.7803E-01 4.5137E-04  ( 0.256    , -1.953E-03,   0.00    ) |  4.514E-04 3.052E-03
     415 1.7848E-01 4.5127E-04  ( 0.256    , -1.953E-03,   0.00    ) |  4.513E-04 3.052E-03
     416 1.7893E-01 4.5118E-04  ( 0.256    , -1.953E-03,   0.00    ) |  4.512E-04 3.052E-03
     417 1.7938E-01 4.5109E-04  ( 0.256    , -1.953E-03,   0.00    ) |  4.511E-04 3.052E-03
     418 1.7983E-01 4.5099E-04  ( 0.256    , -1.953E-03,   0.00    ) |  4.510E-04 3.052E-03
     419 1.8028E-01 4.5090E-04  ( 0.256    , -1.953E-03,   0.00    ) |  4.509E-04 3.052E-03
     420 1.8073E-01 4.5080E-04  ( 0.256    , -1.953E-03,   0.00    ) |  4.508E-04 3.052E-03
     421 1.8119E-01 4.5071E-04  ( 0.256    , -1.953E-03,   0.00    ) |  4.507E-04 3.052E-03
     422 1.8164E-01 4.5062E-04  ( 0.256    , -1.953E-03,   0.00    ) |  4.506E-04 3.052E-03
     423 1.8209E-01 4.5052E-04  ( 0.256    , -1.953E-03,   0.00    ) |  4.505E-04 3.052E-03
     424 1.8254E-01 4.5043E-04  ( 0.256    , -1.953E-03,   0.00    ) |  4.504E-04 3.052E-03
     425 1.8299E-01 4.5034E-04  ( 0.256    , -1.953E-03,   0.00    ) |  4.503E-04 3.052E-03
     426 1.8344E-01 4.5024E-04  ( 0.256    , -1.953E-03,   0.00    ) |  4.502E-04 3.052E-03
     427 1.8389E-01 4.5015E-04  ( 0.256    , -1.953E-03,   0.00    ) |  4.501E-04 3.052E-03
     428 1.8434E-01 4.5006E-04  ( 0.256    , -1.953E-03,   0.00    ) |  4.501E-04 3.052E-03
     429 1.8479E-01 4.4996E-04  ( 0.256    , -1.953E-03,   0.00    ) |  4.500E-04 3.052E-03
     430 1.8524E-01 4.4987E-04  ( 0.256    , -1.953E-03,   0.00    ) |  4.499E-04 3.052E-03
     431 1.8569E-01 4.4978E-04  ( 0.256    , -1.953E-03,   0.00    ) |  4.498E-04 3.052E-03
     432 1.8614E-01 4.4969E-04  ( 0.256    , -1.953E-03,   0.00    ) |  4.497E-04 3.052E-03
     433 1.8659E-01 4.4959E-04  ( 0.256    , -1.953E-03,   0.00    ) |  4.496E-04 3.052E-03
     434 1.8704E-01 4.4950E-04  ( 0.256    , -1.953E-03,   0.00    ) |  4.495E-04 3.052E-03
     435 1.8749E-01 4.4941E-04  ( 0.256    , -1.953E-03,   0.00    ) |  4.494E-04 3.052E-03
     436 1.8794E-01 4.4932E-04  ( 0.256    , -1.953E-03,   0.00    ) |  4.493E-04 3.052E-03
     437 1.8839E-01 4.4922E-04  ( 0.256    , -1.953E-03,   0.00    ) |  4.492E-04 3.052E-03
     438 1.8884E-01 4.4913E-04  ( 0.256    , -1.953E-03,   0.00    ) |  4.491E-04 3.052E-03
     439 1.8928E-01 4.4904E-04  ( 0.256    , -1.953E-03,   0.00    ) |  4.490E-04 3.052E-03
     440 1.8973E-01 4.4895E-04  ( 0.256    , -1.953E-03,   0.00    ) |  4.489E-04 3.052E-03
     441 1.9018E-01 4.4886E-04  ( 0.256    , -1.953E-03,   0.00    ) |  4.489E-04 3.052E-03
     442 1.9063E-01 4.4877E-04  ( 0.256    , -1.953E-03,   0.00    ) |  4.488E-04 3.052E-03
     443 1.9108E-01 4.4867E-04  ( 0.256    , -1.953E-03,   0.00    ) |  4.487E-04 3.052E-03
     444 1.9153E-01 4.4858E-04  (-0.256    ,  1.953E-03,   0.00    ) |  4.486E-04 3.052E-03
     445 1.9198E-01 4.4849E-04  ( 0.256    , -1.953E-03,   0.00    ) |  4.485E-04 3.052E-03
     446 1.9243E-01 4.4840E-04  ( 0.256    , -1.953E-03,   0.00    ) |  4.484E-04 3.052E-03
     447 1.9287E-01 4.4831E-04  ( 0.256    , -1.953E-03,   0.00    ) |  4.483E-04 3.052E-03
     448 1.9332E-01 4.4822E-04  ( 0.256    , -1.953E-03,   0.00    ) |  4.482E-04 3.052E-03
     449 1.9377E-01 4.4813E-04  ( 0.256    , -1.953E-03,   0.00    ) |  4.481E-04 3.052E-03
     450 1.9422E-01 4.4804E-04  ( 0.256    , -1.953E-03,   0.00    ) |  4.480E-04 3.052E-03
     451 1.9467E-01 4.4795E-04  ( 0.256    , -1.953E-03,   0.00    ) |  4.479E-04 3.052E-03
     452 1.9511E-01 4.4786E-04  ( 0.256    , -1.953E-03,   0.00    ) |  4.479E-04 3.052E-03
     453 1.9556E-01 4.4776E-04  ( 0.256    , -1.953E-03,   0.00    ) |  4.478E-04 3.052E-03
     454 1.9601E-01 4.4767E-04  (-0.256    ,  1.953E-03,   0.00    ) |  4.477E-04 3.052E-03
     455 1.9646E-01 4.4758E-04  ( 0.256    , -1.953E-03,   0.00    ) |  4.476E-04 3.052E-03
     456 1.9691E-01 4.4749E-04  ( 0.256    , -1.953E-03,   0.00    ) |  4.475E-04 3.052E-03
     457 1.9735E-01 4.4740E-04  ( 0.256    , -1.953E-03,   0.00    ) |  4.474E-04 3.052E-03
     458 1.9780E-01 4.4731E-04  ( 0.256    , -1.953E-03,   0.00    ) |  4.473E-04 3.052E-03
     459 1.9825E-01 4.4722E-04  ( 0.256    , -1.953E-03,   0.00    ) |  4.472E-04 3.052E-03
     460 1.9869E-01 4.4713E-04  ( 0.256    , -1.953E-03,   0.00    ) |  4.471E-04 3.052E-03
     461 1.9914E-01 4.4704E-04  ( 0.256    , -1.953E-03,   0.00    ) |  4.470E-04 3.052E-03
     462 1.9959E-01 4.4695E-04  (-0.256    ,  1.953E-03,   0.00    ) |  4.470E-04 3.052E-03
 *** Wrote plotfile to flash_run_hdf5_plt_cnt_0008 ****
     463 2.0004E-01 4.4686E-04  (-0.256    , -1.953E-03,   0.00    ) |  4.469E-04 3.052E-03
     464 2.0048E-01 4.4677E-04  (-0.256    , -1.953E-03,   0.00    ) |  4.468E-04 3.052E-03
     465 2.0093E-01 4.4669E-04  (-0.256    ,  1.953E-03,   0.00    ) |  4.467E-04 3.052E-03
     466 2.0138E-01 4.4660E-04  (-0.256    ,  1.953E-03,   0.00    ) |  4.466E-04 3.052E-03
     467 2.0182E-01 4.4651E-04  (-0.256    ,  1.953E-03,   0.00    ) |  4.465E-04 3.052E-03
     468 2.0227E-01 4.4642E-04  (-0.256    ,  1.953E-03,   0.00    ) |  4.464E-04 3.052E-03
     469 2.0272E-01 4.4633E-04  (-0.256    ,  1.953E-03,   0.00    ) |  4.463E-04 3.052E-03
     470 2.0316E-01 4.4624E-04  (-0.256    ,  1.953E-03,   0.00    ) |  4.462E-04 3.052E-03
     471 2.0361E-01 4.4615E-04  (-0.256    ,  1.953E-03,   0.00    ) |  4.461E-04 3.052E-03
     472 2.0405E-01 4.4606E-04  (-0.256    ,  1.953E-03,   0.00    ) |  4.461E-04 3.052E-03
     473 2.0450E-01 4.4597E-04  (-0.256    ,  1.953E-03,   0.00    ) |  4.460E-04 3.052E-03
     474 2.0495E-01 4.4588E-04  (-0.256    ,  1.953E-03,   0.00    ) |  4.459E-04 3.052E-03
     475 2.0539E-01 4.4579E-04  (-0.256    , -1.953E-03,   0.00    ) |  4.458E-04 3.052E-03
     476 2.0584E-01 4.4571E-04  (-0.256    , -1.953E-03,   0.00    ) |  4.457E-04 3.052E-03
     477 2.0628E-01 4.4562E-04  (-0.256    , -1.953E-03,   0.00    ) |  4.456E-04 3.052E-03
     478 2.0673E-01 4.4553E-04  (-0.256    , -1.953E-03,   0.00    ) |  4.455E-04 3.052E-03
     479 2.0718E-01 4.4544E-04  (-0.256    , -1.953E-03,   0.00    ) |  4.454E-04 3.052E-03
     480 2.0762E-01 4.4535E-04  (-0.256    , -1.953E-03,   0.00    ) |  4.454E-04 3.052E-03
     481 2.0807E-01 4.4526E-04  (-0.256    , -1.953E-03,   0.00    ) |  4.453E-04 3.052E-03
     482 2.0851E-01 4.4518E-04  (-0.256    , -1.953E-03,   0.00    ) |  4.452E-04 3.052E-03
     483 2.0896E-01 4.4509E-04  (-0.256    , -1.953E-03,   0.00    ) |  4.451E-04 3.052E-03
     484 2.0940E-01 4.4500E-04  (-0.256    , -1.953E-03,   0.00    ) |  4.450E-04 3.052E-03
     485 2.0985E-01 4.4491E-04  (-0.256    , -1.953E-03,   0.00    ) |  4.449E-04 3.052E-03
     486 2.1029E-01 4.4482E-04  (-0.256    , -1.953E-03,   0.00    ) |  4.448E-04 3.052E-03
     487 2.1074E-01 4.4474E-04  (-0.256    , -1.953E-03,   0.00    ) |  4.447E-04 3.052E-03
     488 2.1118E-01 4.4465E-04  (-0.256    , -1.953E-03,   0.00    ) |  4.446E-04 3.052E-03
     489 2.1163E-01 4.4456E-04  (-0.256    , -1.953E-03,   0.00    ) |  4.446E-04 3.052E-03
     490 2.1207E-01 4.4447E-04  (-0.256    , -1.953E-03,   0.00    ) |  4.445E-04 3.052E-03
     491 2.1251E-01 4.4438E-04  (-0.256    , -1.953E-03,   0.00    ) |  4.444E-04 3.052E-03
     492 2.1296E-01 4.4430E-04  (-0.256    , -1.953E-03,   0.00    ) |  4.443E-04 3.052E-03
     493 2.1340E-01 4.4421E-04  ( 0.256    ,  1.953E-03,   0.00    ) |  4.442E-04 3.052E-03
     494 2.1385E-01 4.4412E-04  (-0.256    , -1.953E-03,   0.00    ) |  4.441E-04 3.052E-03
     495 2.1429E-01 4.4404E-04  ( 0.256    ,  1.953E-03,   0.00    ) |  4.440E-04 3.052E-03
     496 2.1474E-01 4.4395E-04  (-0.256    , -1.953E-03,   0.00    ) |  4.439E-04 3.052E-03
     497 2.1518E-01 4.4386E-04  ( 0.256    ,  1.953E-03,   0.00    ) |  4.439E-04 3.052E-03
     498 2.1562E-01 4.4377E-04  ( 0.256    ,  1.953E-03,   0.00    ) |  4.438E-04 3.052E-03
     499 2.1607E-01 4.4369E-04  (-0.256    , -1.953E-03,   0.00    ) |  4.437E-04 3.052E-03
     500 2.1651E-01 4.4360E-04  (-0.256    , -1.953E-03,   0.00    ) |  4.436E-04 3.052E-03
     501 2.1695E-01 4.4351E-04  (-0.256    , -1.953E-03,   0.00    ) |  4.435E-04 3.052E-03
     502 2.1740E-01 4.4343E-04  (-0.256    , -1.953E-03,   0.00    ) |  4.434E-04 3.052E-03
     503 2.1784E-01 4.4334E-04  (-0.256    , -1.953E-03,   0.00    ) |  4.433E-04 3.052E-03
     504 2.1828E-01 4.4325E-04  (-0.256    , -1.953E-03,   0.00    ) |  4.433E-04 3.052E-03
     505 2.1873E-01 4.4317E-04  (-0.256    , -1.953E-03,   0.00    ) |  4.432E-04 3.052E-03
     506 2.1917E-01 4.4308E-04  (-0.256    , -1.953E-03,   0.00    ) |  4.431E-04 3.052E-03
     507 2.1961E-01 4.4299E-04  (-0.256    , -1.953E-03,   0.00    ) |  4.430E-04 3.052E-03
     508 2.2006E-01 4.4291E-04  (-0.256    , -1.953E-03,   0.00    ) |  4.429E-04 3.052E-03
     509 2.2050E-01 4.4282E-04  (-0.256    , -1.953E-03,   0.00    ) |  4.428E-04 3.052E-03
     510 2.2094E-01 4.4273E-04  (-0.256    , -1.953E-03,   0.00    ) |  4.427E-04 3.052E-03
     511 2.2139E-01 4.4265E-04  (-0.256    , -1.953E-03,   0.00    ) |  4.426E-04 3.052E-03
     512 2.2183E-01 4.4256E-04  (-0.256    , -1.953E-03,   0.00    ) |  4.426E-04 3.052E-03
     513 2.2227E-01 4.4248E-04  (-0.256    , -1.953E-03,   0.00    ) |  4.425E-04 3.052E-03
     514 2.2271E-01 4.4239E-04  (-0.256    , -1.953E-03,   0.00    ) |  4.424E-04 3.052E-03
     515 2.2316E-01 4.4230E-04  (-0.256    , -1.953E-03,   0.00    ) |  4.423E-04 3.052E-03
     516 2.2360E-01 4.4222E-04  (-0.256    , -1.953E-03,   0.00    ) |  4.422E-04 3.052E-03
     517 2.2404E-01 4.4213E-04  (-0.256    , -1.953E-03,   0.00    ) |  4.421E-04 3.052E-03
     518 2.2448E-01 4.4205E-04  (-0.256    , -1.953E-03,   0.00    ) |  4.420E-04 3.052E-03
     519 2.2492E-01 4.4196E-04  (-0.256    , -1.953E-03,   0.00    ) |  4.420E-04 3.052E-03
 *** Wrote plotfile to flash_run_hdf5_plt_cnt_0009 ****
     520 2.2537E-01 4.4188E-04  (-0.256    , -1.953E-03,   0.00    ) |  4.419E-04 3.052E-03
     521 2.2581E-01 4.4179E-04  (-0.256    , -1.953E-03,   0.00    ) |  4.418E-04 3.052E-03
     522 2.2625E-01 4.4170E-04  (-0.256    , -1.953E-03,   0.00    ) |  4.417E-04 3.052E-03
     523 2.2669E-01 4.4162E-04  (-0.256    , -1.953E-03,   0.00    ) |  4.416E-04 3.052E-03
     524 2.2713E-01 4.4153E-04  (-0.256    , -1.953E-03,   0.00    ) |  4.415E-04 3.052E-03
     525 2.2758E-01 4.4145E-04  (-0.256    , -1.953E-03,   0.00    ) |  4.414E-04 3.052E-03
     526 2.2802E-01 4.4136E-04  (-0.256    , -1.953E-03,   0.00    ) |  4.414E-04 3.052E-03
     527 2.2846E-01 4.4128E-04  (-0.256    , -1.953E-03,   0.00    ) |  4.413E-04 3.052E-03
     528 2.2890E-01 4.4119E-04  (-0.256    , -1.953E-03,   0.00    ) |  4.412E-04 3.052E-03
     529 2.2934E-01 4.4111E-04  (-0.256    , -1.953E-03,   0.00    ) |  4.411E-04 3.052E-03
     530 2.2978E-01 4.4102E-04  (-0.256    , -1.953E-03,   0.00    ) |  4.410E-04 3.052E-03
     531 2.3022E-01 4.4094E-04  (-0.256    , -1.953E-03,   0.00    ) |  4.409E-04 3.052E-03
     532 2.3066E-01 4.4085E-04  (-0.256    , -1.953E-03,   0.00    ) |  4.409E-04 3.052E-03
     533 2.3110E-01 4.4077E-04  (-0.256    , -1.953E-03,   0.00    ) |  4.408E-04 3.052E-03
     534 2.3155E-01 4.4068E-04  (-0.256    , -1.953E-03,   0.00    ) |  4.407E-04 3.052E-03
     535 2.3199E-01 4.4060E-04  (-0.256    , -1.953E-03,   0.00    ) |  4.406E-04 3.052E-03
     536 2.3243E-01 4.4051E-04  (-0.256    , -1.953E-03,   0.00    ) |  4.405E-04 3.052E-03
     537 2.3287E-01 4.4043E-04  (-0.256    , -1.953E-03,   0.00    ) |  4.404E-04 3.052E-03
     538 2.3331E-01 4.4034E-04  (-0.256    , -1.953E-03,   0.00    ) |  4.403E-04 3.052E-03
     539 2.3375E-01 4.4026E-04  (-0.256    , -1.953E-03,   0.00    ) |  4.403E-04 3.052E-03
     540 2.3419E-01 4.4017E-04  (-0.256    , -1.953E-03,   0.00    ) |  4.402E-04 3.052E-03
     541 2.3463E-01 4.4009E-04  (-0.256    , -1.953E-03,   0.00    ) |  4.401E-04 3.052E-03
     542 2.3507E-01 4.4000E-04  (-0.256    , -1.953E-03,   0.00    ) |  4.400E-04 3.052E-03
     543 2.3551E-01 4.3992E-04  (-0.256    , -1.953E-03,   0.00    ) |  4.399E-04 3.052E-03
     544 2.3595E-01 4.3984E-04  (-0.256    , -1.953E-03,   0.00    ) |  4.398E-04 3.052E-03
     545 2.3639E-01 4.3975E-04  (-0.256    , -1.953E-03,   0.00    ) |  4.398E-04 3.052E-03
     546 2.3683E-01 4.3967E-04  (-0.256    , -1.953E-03,   0.00    ) |  4.397E-04 3.052E-03
     547 2.3727E-01 4.3958E-04  (-0.256    , -1.953E-03,   0.00    ) |  4.396E-04 3.052E-03
     548 2.3771E-01 4.3950E-04  (-0.256    , -1.953E-03,   0.00    ) |  4.395E-04 3.052E-03
     549 2.3815E-01 4.3942E-04  (-0.256    , -1.953E-03,   0.00    ) |  4.394E-04 3.052E-03
     550 2.3859E-01 4.3933E-04  ( 0.256    ,  1.953E-03,   0.00    ) |  4.393E-04 3.052E-03
     551 2.3903E-01 4.3925E-04  (-0.256    , -1.953E-03,   0.00    ) |  4.392E-04 3.052E-03
     552 2.3946E-01 4.3916E-04  (-0.256    , -1.953E-03,   0.00    ) |  4.392E-04 3.052E-03
     553 2.3990E-01 4.3908E-04  ( 0.256    , -1.953E-03,   0.00    ) |  4.391E-04 3.052E-03
     554 2.4034E-01 4.3899E-04  ( 0.256    , -1.953E-03,   0.00    ) |  4.390E-04 3.052E-03
     555 2.4078E-01 4.3891E-04  ( 0.256    ,  1.953E-03,   0.00    ) |  4.389E-04 3.052E-03
     556 2.4122E-01 4.3883E-04  ( 0.256    ,  1.953E-03,   0.00    ) |  4.388E-04 3.052E-03
     557 2.4166E-01 4.3874E-04  (-0.256    , -1.953E-03,   0.00    ) |  4.387E-04 3.052E-03
     558 2.4210E-01 4.3866E-04  (-0.256    , -1.953E-03,   0.00    ) |  4.387E-04 3.052E-03
     559 2.4254E-01 4.3858E-04  (-0.256    , -1.953E-03,   0.00    ) |  4.386E-04 3.052E-03
     560 2.4298E-01 4.3849E-04  (-0.256    , -1.953E-03,   0.00    ) |  4.385E-04 3.052E-03
     561 2.4341E-01 4.3841E-04  (-0.256    , -1.953E-03,   0.00    ) |  4.384E-04 3.052E-03
     562 2.4385E-01 4.3832E-04  (-0.256    , -1.953E-03,   0.00    ) |  4.383E-04 3.052E-03
     563 2.4429E-01 4.3824E-04  (-0.256    , -1.953E-03,   0.00    ) |  4.382E-04 3.052E-03
     564 2.4473E-01 4.3816E-04  (-0.256    , -1.953E-03,   0.00    ) |  4.382E-04 3.052E-03
     565 2.4517E-01 4.3807E-04  (-0.256    , -1.953E-03,   0.00    ) |  4.381E-04 3.052E-03
     566 2.4561E-01 4.3799E-04  (-0.256    , -1.953E-03,   0.00    ) |  4.380E-04 3.052E-03
     567 2.4604E-01 4.3791E-04  (-0.256    , -1.953E-03,   0.00    ) |  4.379E-04 3.052E-03
     568 2.4648E-01 4.3782E-04  (-0.252    , -1.953E-03,   0.00    ) |  4.378E-04 3.052E-03
     569 2.4692E-01 4.3774E-04  (-0.252    , -1.953E-03,   0.00    ) |  4.377E-04 3.052E-03
     570 2.4736E-01 4.3766E-04  (-0.252    , -1.953E-03,   0.00    ) |  4.377E-04 3.052E-03
     571 2.4779E-01 4.3757E-04  (-0.252    , -1.953E-03,   0.00    ) |  4.376E-04 3.052E-03
     572 2.4823E-01 4.3749E-04  ( 0.252    , -1.953E-03,   0.00    ) |  4.375E-04 3.052E-03
     573 2.4867E-01 4.3741E-04  (-0.252    , -1.953E-03,   0.00    ) |  4.374E-04 3.052E-03
     574 2.4911E-01 4.3732E-04  (-0.252    , -1.953E-03,   0.00    ) |  4.373E-04 3.052E-03
     575 2.4954E-01 4.3724E-04  (-0.252    , -1.953E-03,   0.00    ) |  4.372E-04 3.052E-03
     576 2.4998E-01 4.3715E-04  (-0.252    , -1.953E-03,   0.00    ) |  4.372E-04 3.052E-03
 *** Wrote plotfile to flash_run_hdf5_plt_cnt_0010 ****
     577 2.5042E-01 4.3707E-04  (-0.252    , -1.953E-03,   0.00    ) |  4.371E-04 3.052E-03
     578 2.5086E-01 4.3699E-04  (-0.252    , -1.953E-03,   0.00    ) |  4.370E-04 3.052E-03
     579 2.5129E-01 4.3690E-04  (-0.252    , -1.953E-03,   0.00    ) |  4.369E-04 3.052E-03
     580 2.5173E-01 4.3682E-04  (-0.252    , -1.953E-03,   0.00    ) |  4.368E-04 3.052E-03
     581 2.5217E-01 4.3674E-04  (-0.252    , -1.953E-03,   0.00    ) |  4.367E-04 3.052E-03
     582 2.5260E-01 4.3665E-04  (-0.252    , -1.953E-03,   0.00    ) |  4.367E-04 3.052E-03
     583 2.5304E-01 4.3657E-04  (-0.252    , -1.953E-03,   0.00    ) |  4.366E-04 3.052E-03
     584 2.5348E-01 4.3649E-04  ( 0.252    , -1.953E-03,   0.00    ) |  4.365E-04 3.052E-03
     585 2.5391E-01 4.3640E-04  ( 0.252    , -1.953E-03,   0.00    ) |  4.364E-04 3.052E-03
     586 2.5435E-01 4.3632E-04  ( 0.252    , -1.953E-03,   0.00    ) |  4.363E-04 3.052E-03
     587 2.5479E-01 4.3624E-04  ( 0.252    , -1.953E-03,   0.00    ) |  4.362E-04 3.052E-03
     588 2.5522E-01 4.3616E-04  ( 0.252    , -1.953E-03,   0.00    ) |  4.362E-04 3.052E-03
     589 2.5566E-01 4.3607E-04  (-0.252    , -1.953E-03,   0.00    ) |  4.361E-04 3.052E-03
     590 2.5609E-01 4.3599E-04  ( 0.252    , -1.953E-03,   0.00    ) |  4.360E-04 3.052E-03
     591 2.5653E-01 4.3591E-04  ( 0.252    , -1.953E-03,   0.00    ) |  4.359E-04 3.052E-03
     592 2.5697E-01 4.3582E-04  ( 0.252    , -1.953E-03,   0.00    ) |  4.358E-04 3.052E-03
     593 2.5740E-01 4.3574E-04  ( 0.252    , -1.953E-03,   0.00    ) |  4.357E-04 3.052E-03
     594 2.5784E-01 4.3566E-04  ( 0.252    , -1.953E-03,   0.00    ) |  4.357E-04 3.052E-03
     595 2.5827E-01 4.3557E-04  ( 0.252    , -1.953E-03,   0.00    ) |  4.356E-04 3.052E-03
     596 2.5871E-01 4.3549E-04  ( 0.252    , -1.953E-03,   0.00    ) |  4.355E-04 3.052E-03
     597 2.5914E-01 4.3541E-04  ( 0.252    , -1.953E-03,   0.00    ) |  4.354E-04 3.052E-03
     598 2.5958E-01 4.3532E-04  (-0.248    , -1.953E-03,   0.00    ) |  4.353E-04 3.052E-03
     599 2.6001E-01 4.3524E-04  (-0.248    , -1.953E-03,   0.00    ) |  4.352E-04 3.052E-03
     600 2.6045E-01 4.3516E-04  (-0.248    , -1.953E-03,   0.00    ) |  4.352E-04 3.052E-03
     601 2.6089E-01 4.3507E-04  (-0.248    , -1.953E-03,   0.00    ) |  4.351E-04 3.052E-03
     602 2.6132E-01 4.3499E-04  (-0.248    , -1.953E-03,   0.00    ) |  4.350E-04 3.052E-03
     603 2.6176E-01 4.3491E-04  (-0.248    , -1.953E-03,   0.00    ) |  4.349E-04 3.052E-03
     604 2.6219E-01 4.3482E-04  (-0.248    , -1.953E-03,   0.00    ) |  4.348E-04 3.052E-03
     605 2.6262E-01 4.3474E-04  (-0.248    , -1.953E-03,   0.00    ) |  4.347E-04 3.052E-03
     606 2.6306E-01 4.3466E-04  (-0.248    , -1.953E-03,   0.00    ) |  4.347E-04 3.052E-03
     607 2.6349E-01 4.3457E-04  (-0.248    , -1.953E-03,   0.00    ) |  4.346E-04 3.052E-03
     608 2.6393E-01 4.3449E-04  (-0.248    , -1.953E-03,   0.00    ) |  4.345E-04 3.052E-03
     609 2.6436E-01 4.3441E-04  (-0.248    , -1.953E-03,   0.00    ) |  4.344E-04 3.052E-03
     610 2.6480E-01 4.3432E-04  (-0.248    , -1.953E-03,   0.00    ) |  4.343E-04 3.052E-03
     611 2.6523E-01 4.3424E-04  (-0.248    , -1.953E-03,   0.00    ) |  4.342E-04 3.052E-03
     612 2.6567E-01 4.3416E-04  (-0.248    , -1.953E-03,   0.00    ) |  4.342E-04 3.052E-03
     613 2.6610E-01 4.3407E-04  (-0.248    , -1.953E-03,   0.00    ) |  4.341E-04 3.052E-03
     614 2.6653E-01 4.3399E-04  (-0.248    , -1.953E-03,   0.00    ) |  4.340E-04 3.052E-03
     615 2.6697E-01 4.3391E-04  (-0.248    , -1.953E-03,   0.00    ) |  4.339E-04 3.052E-03
     616 2.6740E-01 4.3382E-04  (-0.248    , -1.953E-03,   0.00    ) |  4.338E-04 3.052E-03
     617 2.6784E-01 4.3374E-04  (-0.248    , -1.953E-03,   0.00    ) |  4.337E-04 3.052E-03
     618 2.6827E-01 4.3366E-04  (-0.248    , -1.953E-03,   0.00    ) |  4.337E-04 3.052E-03
     619 2.6870E-01 4.3357E-04  (-0.248    , -1.953E-03,   0.00    ) |  4.336E-04 3.052E-03
     620 2.6914E-01 4.3349E-04  (-0.248    ,  1.953E-03,   0.00    ) |  4.335E-04 3.052E-03
     621 2.6957E-01 4.3341E-04  (-0.248    ,  1.953E-03,   0.00    ) |  4.334E-04 3.052E-03
     622 2.7000E-01 4.3332E-04  (-0.248    , -1.953E-03,   0.00    ) |  4.333E-04 3.052E-03
     623 2.7044E-01 4.3324E-04  (-0.248    , -1.953E-03,   0.00    ) |  4.332E-04 3.052E-03
     624 2.7087E-01 4.3316E-04  (-0.248    ,  1.953E-03,   0.00    ) |  4.332E-04 3.052E-03
     625 2.7130E-01 4.3307E-04  (-0.248    ,  1.953E-03,   0.00    ) |  4.331E-04 3.052E-03
     626 2.7174E-01 4.3299E-04  (-0.248    , -1.953E-03,   0.00    ) |  4.330E-04 3.052E-03
     627 2.7217E-01 4.3291E-04  (-0.248    , -1.953E-03,   0.00    ) |  4.329E-04 3.052E-03
     628 2.7260E-01 4.3282E-04  (-0.248    ,  1.953E-03,   0.00    ) |  4.328E-04 3.052E-03
     629 2.7304E-01 4.3274E-04  (-0.248    ,  1.953E-03,   0.00    ) |  4.327E-04 3.052E-03
     630 2.7347E-01 4.3265E-04  (-0.248    ,  1.953E-03,   0.00    ) |  4.327E-04 3.052E-03
     631 2.7390E-01 4.3257E-04  (-0.248    ,  1.953E-03,   0.00    ) |  4.326E-04 3.052E-03
     632 2.7433E-01 4.3249E-04  (-0.248    ,  1.953E-03,   0.00    ) |  4.325E-04 3.052E-03
     633 2.7477E-01 4.3240E-04  (-0.248    ,  1.953E-03,   0.00    ) |  4.324E-04 3.052E-03
 *** Wrote plotfile to flash_run_hdf5_plt_cnt_0011 ****
     634 2.7520E-01 4.3232E-04  (-0.248    ,  1.953E-03,   0.00    ) |  4.323E-04 3.052E-03
     635 2.7563E-01 4.3224E-04  (-0.248    ,  1.953E-03,   0.00    ) |  4.322E-04 3.052E-03
     636 2.7606E-01 4.3215E-04  (-0.248    ,  1.953E-03,   0.00    ) |  4.322E-04 3.052E-03
     637 2.7650E-01 4.3207E-04  (-0.248    ,  1.953E-03,   0.00    ) |  4.321E-04 3.052E-03
     638 2.7693E-01 4.3198E-04  (-0.248    ,  1.953E-03,   0.00    ) |  4.320E-04 3.052E-03
     639 2.7736E-01 4.3190E-04  (-0.248    ,  1.953E-03,   0.00    ) |  4.319E-04 3.052E-03
     640 2.7779E-01 4.3182E-04  (-0.248    ,  1.953E-03,   0.00    ) |  4.318E-04 3.052E-03
     641 2.7822E-01 4.3173E-04  (-0.248    ,  1.953E-03,   0.00    ) |  4.317E-04 3.052E-03
     642 2.7865E-01 4.3165E-04  (-0.248    ,  1.953E-03,   0.00    ) |  4.316E-04 3.052E-03
     643 2.7909E-01 4.3156E-04  (-0.248    ,  1.953E-03,   0.00    ) |  4.316E-04 3.052E-03
     644 2.7952E-01 4.3148E-04  (-0.248    ,  1.953E-03,   0.00    ) |  4.315E-04 3.052E-03
     645 2.7995E-01 4.3140E-04  (-0.248    ,  1.953E-03,   0.00    ) |  4.314E-04 3.052E-03
     646 2.8038E-01 4.3131E-04  (-0.248    ,  1.953E-03,   0.00    ) |  4.313E-04 3.052E-03
     647 2.8081E-01 4.3123E-04  (-0.248    ,  1.953E-03,   0.00    ) |  4.312E-04 3.052E-03
     648 2.8124E-01 4.3114E-04  (-0.248    ,  1.953E-03,   0.00    ) |  4.311E-04 3.052E-03
     649 2.8167E-01 4.3106E-04  (-0.248    ,  1.953E-03,   0.00    ) |  4.311E-04 3.052E-03
     650 2.8211E-01 4.3098E-04  (-0.248    ,  1.953E-03,   0.00    ) |  4.310E-04 3.052E-03
     651 2.8254E-01 4.3089E-04  (-0.248    ,  1.953E-03,   0.00    ) |  4.309E-04 3.052E-03
     652 2.8297E-01 4.3081E-04  (-0.248    ,  1.953E-03,   0.00    ) |  4.308E-04 3.052E-03
     653 2.8340E-01 4.3072E-04  (-0.248    ,  1.953E-03,   0.00    ) |  4.307E-04 3.052E-03
     654 2.8383E-01 4.3064E-04  (-0.248    ,  1.953E-03,   0.00    ) |  4.306E-04 3.052E-03
     655 2.8426E-01 4.3056E-04  (-0.248    ,  1.953E-03,   0.00    ) |  4.306E-04 3.052E-03
     656 2.8469E-01 4.3047E-04  (-0.248    ,  1.953E-03,   0.00    ) |  4.305E-04 3.052E-03
     657 2.8512E-01 4.3039E-04  (-0.248    ,  1.953E-03,   0.00    ) |  4.304E-04 3.052E-03
     658 2.8555E-01 4.3031E-04  ( 0.248    , -1.953E-03,   0.00    ) |  4.303E-04 3.052E-03
     659 2.8598E-01 4.3022E-04  (-0.248    ,  1.953E-03,   0.00    ) |  4.302E-04 3.052E-03
     660 2.8641E-01 4.3014E-04  (-0.248    ,  1.953E-03,   0.00    ) |  4.301E-04 3.052E-03
     661 2.8684E-01 4.3006E-04  (-0.248    ,  1.953E-03,   0.00    ) |  4.301E-04 3.052E-03
     662 2.8727E-01 4.2997E-04  (-0.248    ,  1.953E-03,   0.00    ) |  4.300E-04 3.052E-03
     663 2.8770E-01 4.2989E-04  (-0.248    ,  1.953E-03,   0.00    ) |  4.299E-04 3.052E-03
     664 2.8813E-01 4.2981E-04  (-0.248    ,  1.953E-03,   0.00    ) |  4.298E-04 3.052E-03
     665 2.8856E-01 4.2972E-04  ( 0.248    , -1.953E-03,   0.00    ) |  4.297E-04 3.052E-03
     666 2.8899E-01 4.2964E-04  ( 0.248    , -1.953E-03,   0.00    ) |  4.296E-04 3.052E-03
     667 2.8942E-01 4.2956E-04  ( 0.248    , -1.953E-03,   0.00    ) |  4.296E-04 3.052E-03
     668 2.8985E-01 4.2948E-04  ( 0.248    , -1.953E-03,   0.00    ) |  4.295E-04 3.052E-03
     669 2.9028E-01 4.2939E-04  (-0.248    ,  1.953E-03,   0.00    ) |  4.294E-04 3.052E-03
     670 2.9071E-01 4.2931E-04  ( 0.248    , -1.953E-03,   0.00    ) |  4.293E-04 3.052E-03
     671 2.9114E-01 4.2923E-04  ( 0.248    , -1.953E-03,   0.00    ) |  4.292E-04 3.052E-03
     672 2.9157E-01 4.2915E-04  ( 0.248    , -1.953E-03,   0.00    ) |  4.292E-04 3.052E-03
     673 2.9200E-01 4.2907E-04  ( 0.248    , -1.953E-03,   0.00    ) |  4.291E-04 3.052E-03
     674 2.9243E-01 4.2899E-04  ( 0.248    , -1.953E-03,   0.00    ) |  4.290E-04 3.052E-03
     675 2.9285E-01 4.2891E-04  ( 0.248    , -1.953E-03,   0.00    ) |  4.289E-04 3.052E-03
     676 2.9328E-01 4.2883E-04  ( 0.248    , -1.953E-03,   0.00    ) |  4.288E-04 3.052E-03
     677 2.9371E-01 4.2875E-04  (-0.248    ,  1.953E-03,   0.00    ) |  4.287E-04 3.052E-03
     678 2.9414E-01 4.2867E-04  ( 0.248    , -1.953E-03,   0.00    ) |  4.287E-04 3.052E-03
     679 2.9457E-01 4.2859E-04  ( 0.248    , -1.953E-03,   0.00    ) |  4.286E-04 3.052E-03
     680 2.9500E-01 4.2851E-04  ( 0.248    , -1.953E-03,   0.00    ) |  4.285E-04 3.052E-03
     681 2.9543E-01 4.2844E-04  ( 0.248    , -1.953E-03,   0.00    ) |  4.284E-04 3.052E-03
     682 2.9586E-01 4.2836E-04  ( 0.248    , -1.953E-03,   0.00    ) |  4.284E-04 3.052E-03
     683 2.9628E-01 4.2828E-04  ( 0.248    , -1.953E-03,   0.00    ) |  4.283E-04 3.052E-03
     684 2.9671E-01 4.2821E-04  ( 0.248    , -1.953E-03,   0.00    ) |  4.282E-04 3.052E-03
     685 2.9714E-01 4.2813E-04  ( 0.248    , -1.953E-03,   0.00    ) |  4.281E-04 3.052E-03
     686 2.9757E-01 4.2806E-04  ( 0.248    , -1.953E-03,   0.00    ) |  4.281E-04 3.052E-03
     687 2.9800E-01 4.2798E-04  ( 0.248    , -1.953E-03,   0.00    ) |  4.280E-04 3.052E-03
     688 2.9842E-01 4.2791E-04  ( 0.248    , -1.953E-03,   0.00    ) |  4.279E-04 3.052E-03
     689 2.9885E-01 4.2783E-04  ( 0.248    , -1.953E-03,   0.00    ) |  4.278E-04 3.052E-03
     690 2.9928E-01 4.2776E-04  ( 0.248    , -1.953E-03,   0.00    ) |  4.278E-04 3.052E-03
     691 2.9971E-01 4.2768E-04  ( 0.248    , -1.953E-03,   0.00    ) |  4.277E-04 3.052E-03
 *** Wrote plotfile to flash_run_hdf5_plt_cnt_0012 ****
     692 3.0014E-01 4.2761E-04  ( 0.248    , -1.953E-03,   0.00    ) |  4.276E-04 3.052E-03
     693 3.0056E-01 4.2753E-04  ( 0.248    , -1.953E-03,   0.00    ) |  4.275E-04 3.052E-03
     694 3.0099E-01 4.2745E-04  ( 0.248    , -1.953E-03,   0.00    ) |  4.275E-04 3.052E-03
     695 3.0142E-01 4.2738E-04  (-0.248    , -1.953E-03,   0.00    ) |  4.274E-04 3.052E-03
     696 3.0185E-01 4.2730E-04  (-0.248    , -1.953E-03,   0.00    ) |  4.273E-04 3.052E-03
     697 3.0227E-01 4.2722E-04  ( 0.248    , -1.953E-03,   0.00    ) |  4.272E-04 3.052E-03
     698 3.0270E-01 4.2715E-04  ( 0.248    , -1.953E-03,   0.00    ) |  4.271E-04 3.052E-03
     699 3.0313E-01 4.2707E-04  ( 0.248    , -1.953E-03,   0.00    ) |  4.271E-04 3.052E-03
     700 3.0355E-01 4.2699E-04  ( 0.248    , -1.953E-03,   0.00    ) |  4.270E-04 3.052E-03
     701 3.0398E-01 4.2691E-04  ( 0.248    , -1.953E-03,   0.00    ) |  4.269E-04 3.052E-03
     702 3.0441E-01 4.2683E-04  ( 0.248    , -1.953E-03,   0.00    ) |  4.268E-04 3.052E-03
     703 3.0484E-01 4.2675E-04  (-0.248    , -1.953E-03,   0.00    ) |  4.267E-04 3.052E-03
     704 3.0526E-01 4.2667E-04  ( 0.248    , -1.953E-03,   0.00    ) |  4.267E-04 3.052E-03
     705 3.0569E-01 4.2659E-04  ( 0.248    , -1.953E-03,   0.00    ) |  4.266E-04 3.052E-03
     706 3.0612E-01 4.2650E-04  ( 0.248    , -1.953E-03,   0.00    ) |  4.265E-04 3.052E-03
     707 3.0654E-01 4.2642E-04  (-0.248    , -1.953E-03,   0.00    ) |  4.264E-04 3.052E-03
     708 3.0697E-01 4.2634E-04  ( 0.248    , -1.953E-03,   0.00    ) |  4.263E-04 3.052E-03
     709 3.0739E-01 4.2625E-04  (-0.248    , -1.953E-03,   0.00    ) |  4.263E-04 3.052E-03
     710 3.0782E-01 4.2617E-04  ( 0.248    , -1.953E-03,   0.00    ) |  4.262E-04 3.052E-03
     711 3.0825E-01 4.2609E-04  ( 0.248    , -1.953E-03,   0.00    ) |  4.261E-04 3.052E-03
     712 3.0867E-01 4.2600E-04  ( 0.248    , -1.953E-03,   0.00    ) |  4.260E-04 3.052E-03
     713 3.0910E-01 4.2592E-04  ( 0.248    , -1.953E-03,   0.00    ) |  4.259E-04 3.052E-03
     714 3.0952E-01 4.2583E-04  ( 0.248    , -1.953E-03,   0.00    ) |  4.258E-04 3.052E-03
     715 3.0995E-01 4.2575E-04  ( 0.248    , -1.953E-03,   0.00    ) |  4.257E-04 3.052E-03
     716 3.1038E-01 4.2566E-04  ( 0.248    , -1.953E-03,   0.00    ) |  4.257E-04 3.052E-03
     717 3.1080E-01 4.2558E-04  ( 0.248    , -1.953E-03,   0.00    ) |  4.256E-04 3.052E-03
     718 3.1123E-01 4.2549E-04  ( 0.248    , -1.953E-03,   0.00    ) |  4.255E-04 3.052E-03
     719 3.1165E-01 4.2541E-04  ( 0.248    , -1.953E-03,   0.00    ) |  4.254E-04 3.052E-03
     720 3.1208E-01 4.2532E-04  ( 0.248    , -1.953E-03,   0.00    ) |  4.253E-04 3.052E-03
     721 3.1250E-01 4.2524E-04  ( 0.248    , -1.953E-03,   0.00    ) |  4.252E-04 3.052E-03
     722 3.1293E-01 4.2516E-04  ( 0.248    , -1.953E-03,   0.00    ) |  4.252E-04 3.052E-03
     723 3.1335E-01 4.2507E-04  ( 0.248    , -1.953E-03,   0.00    ) |  4.251E-04 3.052E-03
     724 3.1378E-01 4.2499E-04  ( 0.248    , -1.953E-03,   0.00    ) |  4.250E-04 3.052E-03
     725 3.1420E-01 4.2491E-04  ( 0.248    , -1.953E-03,   0.00    ) |  4.249E-04 3.052E-03
     726 3.1463E-01 4.2483E-04  ( 0.248    , -1.953E-03,   0.00    ) |  4.248E-04 3.052E-03
     727 3.1505E-01 4.2474E-04  ( 0.248    , -1.953E-03,   0.00    ) |  4.247E-04 3.052E-03
     728 3.1548E-01 4.2466E-04  ( 0.248    , -1.953E-03,   0.00    ) |  4.247E-04 3.052E-03
     729 3.1590E-01 4.2458E-04  ( 0.248    , -1.953E-03,   0.00    ) |  4.246E-04 3.052E-03
     730 3.1633E-01 4.2450E-04  ( 0.248    , -1.953E-03,   0.00    ) |  4.245E-04 3.052E-03
     731 3.1675E-01 4.2442E-04  ( 0.248    , -1.953E-03,   0.00    ) |  4.244E-04 3.052E-03
     732 3.1718E-01 4.2434E-04  ( 0.248    , -1.953E-03,   0.00    ) |  4.243E-04 3.052E-03
     733 3.1760E-01 4.2426E-04  ( 0.248    , -1.953E-03,   0.00    ) |  4.243E-04 3.052E-03
     734 3.1803E-01 4.2418E-04  ( 0.252    , -1.953E-03,   0.00    ) |  4.242E-04 3.052E-03
     735 3.1845E-01 4.2410E-04  (-0.252    , -1.953E-03,   0.00    ) |  4.241E-04 3.052E-03
     736 3.1887E-01 4.2402E-04  (-0.252    , -1.953E-03,   0.00    ) |  4.240E-04 3.052E-03
     737 3.1930E-01 4.2394E-04  (-0.252    , -1.953E-03,   0.00    ) |  4.239E-04 3.052E-03
     738 3.1972E-01 4.2387E-04  (-0.252    , -1.953E-03,   0.00    ) |  4.239E-04 3.052E-03
     739 3.2015E-01 4.2379E-04  (-0.252    , -1.953E-03,   0.00    ) |  4.238E-04 3.052E-03
     740 3.2057E-01 4.2371E-04  (-0.252    , -1.953E-03,   0.00    ) |  4.237E-04 3.052E-03
     741 3.2099E-01 4.2364E-04  (-0.252    , -1.953E-03,   0.00    ) |  4.236E-04 3.052E-03
     742 3.2142E-01 4.2356E-04  (-0.252    , -1.953E-03,   0.00    ) |  4.236E-04 3.052E-03
     743 3.2184E-01 4.2349E-04  (-0.252    , -1.953E-03,   0.00    ) |  4.235E-04 3.052E-03
     744 3.2226E-01 4.2341E-04  (-0.252    , -1.953E-03,   0.00    ) |  4.234E-04 3.052E-03
     745 3.2269E-01 4.2334E-04  (-0.252    , -1.953E-03,   0.00    ) |  4.233E-04 3.052E-03
     746 3.2311E-01 4.2327E-04  (-0.252    , -1.953E-03,   0.00    ) |  4.233E-04 3.052E-03
     747 3.2353E-01 4.2319E-04  (-0.252    , -1.953E-03,   0.00    ) |  4.232E-04 3.052E-03
     748 3.2396E-01 4.2312E-04  (-0.252    , -1.953E-03,   0.00    ) |  4.231E-04 3.052E-03
     749 3.2438E-01 4.2305E-04  (-0.252    , -1.953E-03,   0.00    ) |  4.230E-04 3.052E-03
     750 3.2480E-01 4.2298E-04  ( 0.252    , -1.953E-03,   0.00    ) |  4.230E-04 3.052E-03
 *** Wrote plotfile to flash_run_hdf5_plt_cnt_0013 ****
     751 3.2523E-01 4.2290E-04  ( 0.252    , -1.953E-03,   0.00    ) |  4.229E-04 3.052E-03
     752 3.2565E-01 4.2283E-04  ( 0.252    , -1.953E-03,   0.00    ) |  4.228E-04 3.052E-03
     753 3.2607E-01 4.2276E-04  ( 0.252    , -1.953E-03,   0.00    ) |  4.228E-04 3.052E-03
     754 3.2649E-01 4.2269E-04  ( 0.252    , -1.953E-03,   0.00    ) |  4.227E-04 3.052E-03
     755 3.2692E-01 4.2262E-04  ( 0.252    , -1.953E-03,   0.00    ) |  4.226E-04 3.052E-03
     756 3.2734E-01 4.2254E-04  ( 0.252    , -1.953E-03,   0.00    ) |  4.225E-04 3.052E-03
     757 3.2776E-01 4.2247E-04  ( 0.252    , -1.953E-03,   0.00    ) |  4.225E-04 3.052E-03
     758 3.2819E-01 4.2240E-04  ( 0.252    , -1.953E-03,   0.00    ) |  4.224E-04 3.052E-03
     759 3.2861E-01 4.2233E-04  ( 0.252    , -1.953E-03,   0.00    ) |  4.223E-04 3.052E-03
     760 3.2903E-01 4.2225E-04  ( 0.252    , -1.953E-03,   0.00    ) |  4.223E-04 3.052E-03
     761 3.2945E-01 4.2218E-04  ( 0.252    , -1.953E-03,   0.00    ) |  4.222E-04 3.052E-03
     762 3.2987E-01 4.2211E-04  ( 0.252    , -1.953E-03,   0.00    ) |  4.221E-04 3.052E-03
     763 3.3030E-01 4.2203E-04  ( 0.252    , -1.953E-03,   0.00    ) |  4.220E-04 3.052E-03
     764 3.3072E-01 4.2196E-04  ( 0.252    , -1.953E-03,   0.00    ) |  4.220E-04 3.052E-03
     765 3.3114E-01 4.2189E-04  ( 0.252    , -1.953E-03,   0.00    ) |  4.219E-04 3.052E-03
     766 3.3156E-01 4.2181E-04  ( 0.252    , -1.953E-03,   0.00    ) |  4.218E-04 3.052E-03
     767 3.3198E-01 4.2174E-04  (-0.252    , -1.953E-03,   0.00    ) |  4.217E-04 3.052E-03
     768 3.3241E-01 4.2167E-04  (-0.252    , -1.953E-03,   0.00    ) |  4.217E-04 3.052E-03
     769 3.3283E-01 4.2159E-04  (-0.252    , -1.953E-03,   0.00    ) |  4.216E-04 3.052E-03
     770 3.3325E-01 4.2152E-04  (-0.252    , -1.953E-03,   0.00    ) |  4.215E-04 3.052E-03
     771 3.3367E-01 4.2145E-04  (-0.252    , -1.953E-03,   0.00    ) |  4.214E-04 3.052E-03
     772 3.3409E-01 4.2137E-04  (-0.252    , -1.953E-03,   0.00    ) |  4.214E-04 3.052E-03
     773 3.3451E-01 4.2130E-04  (-0.252    , -1.953E-03,   0.00    ) |  4.213E-04 3.052E-03
     774 3.3493E-01 4.2123E-04  (-0.252    , -1.953E-03,   0.00    ) |  4.212E-04 3.052E-03
     775 3.3536E-01 4.2115E-04  (-0.252    , -1.953E-03,   0.00    ) |  4.212E-04 3.052E-03
     776 3.3578E-01 4.2108E-04  (-0.252    , -1.953E-03,   0.00    ) |  4.211E-04 3.052E-03
     777 3.3620E-01 4.2101E-04  (-0.252    , -1.953E-03,   0.00    ) |  4.210E-04 3.052E-03
     778 3.3662E-01 4.2093E-04  (-0.252    , -1.953E-03,   0.00    ) |  4.209E-04 3.052E-03
     779 3.3704E-01 4.2086E-04  (-0.252    , -1.953E-03,   0.00    ) |  4.209E-04 3.052E-03
     780 3.3746E-01 4.2078E-04  (-0.252    , -1.953E-03,   0.00    ) |  4.208E-04 3.052E-03
     781 3.3788E-01 4.2071E-04  (-0.252    , -1.953E-03,   0.00    ) |  4.207E-04 3.052E-03
     782 3.3830E-01 4.2064E-04  (-0.252    , -1.953E-03,   0.00    ) |  4.206E-04 3.052E-03
     783 3.3872E-01 4.2056E-04  (-0.252    , -1.953E-03,   0.00    ) |  4.206E-04 3.052E-03
     784 3.3914E-01 4.2049E-04  (-0.252    , -1.953E-03,   0.00    ) |  4.205E-04 3.052E-03
     785 3.3956E-01 4.2042E-04  (-0.252    , -1.953E-03,   0.00    ) |  4.204E-04 3.052E-03
     786 3.3998E-01 4.2034E-04  (-0.252    , -1.953E-03,   0.00    ) |  4.203E-04 3.052E-03
     787 3.4040E-01 4.2027E-04  (-0.252    , -1.953E-03,   0.00    ) |  4.203E-04 3.052E-03
     788 3.4083E-01 4.2020E-04  (-0.252    , -1.953E-03,   0.00    ) |  4.202E-04 3.052E-03
     789 3.4125E-01 4.2012E-04  (-0.252    , -1.953E-03,   0.00    ) |  4.201E-04 3.052E-03
     790 3.4167E-01 4.2005E-04  (-0.252    , -1.953E-03,   0.00    ) |  4.200E-04 3.052E-03
     791 3.4209E-01 4.1997E-04  (-0.252    , -1.953E-03,   0.00    ) |  4.200E-04 3.052E-03
     792 3.4251E-01 4.1990E-04  (-0.252    , -1.953E-03,   0.00    ) |  4.199E-04 3.052E-03
     793 3.4293E-01 4.1983E-04  (-0.252    , -1.953E-03,   0.00    ) |  4.198E-04 3.052E-03
     794 3.4335E-01 4.1975E-04  (-0.252    , -1.953E-03,   0.00    ) |  4.198E-04 3.052E-03
     795 3.4377E-01 4.1968E-04  (-0.252    , -1.953E-03,   0.00    ) |  4.197E-04 3.052E-03
     796 3.4418E-01 4.1960E-04  (-0.252    , -1.953E-03,   0.00    ) |  4.196E-04 3.052E-03
     797 3.4460E-01 4.1953E-04  (-0.252    , -1.953E-03,   0.00    ) |  4.195E-04 3.052E-03
     798 3.4502E-01 4.1946E-04  (-0.252    , -1.953E-03,   0.00    ) |  4.195E-04 3.052E-03
     799 3.4544E-01 4.1938E-04  (-0.252    , -1.953E-03,   0.00    ) |  4.194E-04 3.052E-03
     800 3.4586E-01 4.1931E-04  (-0.252    , -1.953E-03,   0.00    ) |  4.193E-04 3.052E-03
     801 3.4628E-01 4.1923E-04  (-0.252    , -1.953E-03,   0.00    ) |  4.192E-04 3.052E-03
     802 3.4670E-01 4.1916E-04  (-0.252    , -1.953E-03,   0.00    ) |  4.192E-04 3.052E-03
     803 3.4712E-01 4.1909E-04  (-0.252    , -1.953E-03,   0.00    ) |  4.191E-04 3.052E-03
     804 3.4754E-01 4.1901E-04  (-0.252    , -1.953E-03,   0.00    ) |  4.190E-04 3.052E-03
     805 3.4796E-01 4.1894E-04  (-0.256    , -1.953E-03,   0.00    ) |  4.189E-04 3.052E-03
     806 3.4838E-01 4.1886E-04  (-0.256    , -1.953E-03,   0.00    ) |  4.189E-04 3.052E-03
     807 3.4880E-01 4.1879E-04  (-0.256    , -1.953E-03,   0.00    ) |  4.188E-04 3.052E-03
     808 3.4922E-01 4.1871E-04  (-0.256    , -1.953E-03,   0.00    ) |  4.187E-04 3.052E-03
     809 3.4963E-01 4.1864E-04  (-0.256    , -1.953E-03,   0.00    ) |  4.186E-04 3.052E-03
 *** Wrote plotfile to flash_run_hdf5_plt_cnt_0014 ****
     810 3.5005E-01 4.1857E-04  (-0.256    , -1.953E-03,   0.00    ) |  4.186E-04 3.052E-03
     811 3.5047E-01 4.1849E-04  (-0.256    , -1.953E-03,   0.00    ) |  4.185E-04 3.052E-03
     812 3.5089E-01 4.1842E-04  (-0.256    , -1.953E-03,   0.00    ) |  4.184E-04 3.052E-03
     813 3.5131E-01 4.1834E-04  (-0.256    , -1.953E-03,   0.00    ) |  4.183E-04 3.052E-03
     814 3.5173E-01 4.1827E-04  (-0.256    , -1.953E-03,   0.00    ) |  4.183E-04 3.052E-03
     815 3.5214E-01 4.1820E-04  (-0.256    , -1.953E-03,   0.00    ) |  4.182E-04 3.052E-03
     816 3.5256E-01 4.1812E-04  (-0.256    , -1.953E-03,   0.00    ) |  4.181E-04 3.052E-03
     817 3.5298E-01 4.1805E-04  (-0.256    , -1.953E-03,   0.00    ) |  4.180E-04 3.052E-03
     818 3.5340E-01 4.1797E-04  (-0.256    , -1.953E-03,   0.00    ) |  4.180E-04 3.052E-03
     819 3.5382E-01 4.1790E-04  (-0.256    , -1.953E-03,   0.00    ) |  4.179E-04 3.052E-03
     820 3.5423E-01 4.1782E-04  (-0.256    , -1.953E-03,   0.00    ) |  4.178E-04 3.052E-03
     821 3.5465E-01 4.1775E-04  (-0.256    , -1.953E-03,   0.00    ) |  4.177E-04 3.052E-03
     822 3.5507E-01 4.1767E-04  (-0.256    , -1.953E-03,   0.00    ) |  4.177E-04 3.052E-03
     823 3.5549E-01 4.1760E-04  (-0.256    , -1.953E-03,   0.00    ) |  4.176E-04 3.052E-03
     824 3.5591E-01 4.1753E-04  (-0.256    , -1.953E-03,   0.00    ) |  4.175E-04 3.052E-03
     825 3.5632E-01 4.1745E-04  (-0.256    , -1.953E-03,   0.00    ) |  4.175E-04 3.052E-03
     826 3.5674E-01 4.1738E-04  (-0.256    , -1.953E-03,   0.00    ) |  4.174E-04 3.052E-03
     827 3.5716E-01 4.1730E-04  (-0.256    , -1.953E-03,   0.00    ) |  4.173E-04 3.052E-03
     828 3.5758E-01 4.1723E-04  (-0.256    , -1.953E-03,   0.00    ) |  4.172E-04 3.052E-03
     829 3.5799E-01 4.1715E-04  (-0.256    , -1.953E-03,   0.00    ) |  4.172E-04 3.052E-03
     830 3.5841E-01 4.1708E-04  (-0.256    , -1.953E-03,   0.00    ) |  4.171E-04 3.052E-03
     831 3.5883E-01 4.1701E-04  (-0.256    , -1.953E-03,   0.00    ) |  4.170E-04 3.052E-03
     832 3.5924E-01 4.1693E-04  (-0.256    , -1.953E-03,   0.00    ) |  4.169E-04 3.052E-03
     833 3.5966E-01 4.1686E-04  (-0.256    , -1.953E-03,   0.00    ) |  4.169E-04 3.052E-03
     834 3.6008E-01 4.1678E-04  (-0.256    , -1.953E-03,   0.00    ) |  4.168E-04 3.052E-03
     835 3.6049E-01 4.1671E-04  (-0.256    , -1.953E-03,   0.00    ) |  4.167E-04 3.052E-03
     836 3.6091E-01 4.1663E-04  (-0.256    , -1.953E-03,   0.00    ) |  4.166E-04 3.052E-03
     837 3.6133E-01 4.1656E-04  (-0.256    , -1.953E-03,   0.00    ) |  4.166E-04 3.052E-03
     838 3.6174E-01 4.1649E-04  (-0.256    , -1.953E-03,   0.00    ) |  4.165E-04 3.052E-03
     839 3.6216E-01 4.1641E-04  (-0.256    , -1.953E-03,   0.00    ) |  4.164E-04 3.052E-03
     840 3.6258E-01 4.1634E-04  (-0.256    , -1.953E-03,   0.00    ) |  4.163E-04 3.052E-03
     841 3.6299E-01 4.1626E-04  (-0.256    , -1.953E-03,   0.00    ) |  4.163E-04 3.052E-03
     842 3.6341E-01 4.1619E-04  (-0.256    , -1.953E-03,   0.00    ) |  4.162E-04 3.052E-03
     843 3.6383E-01 4.1612E-04  (-0.256    , -1.953E-03,   0.00    ) |  4.161E-04 3.052E-03
     844 3.6424E-01 4.1604E-04  (-0.256    , -1.953E-03,   0.00    ) |  4.160E-04 3.052E-03
     845 3.6466E-01 4.1597E-04  (-0.256    , -1.953E-03,   0.00    ) |  4.160E-04 3.052E-03
     846 3.6507E-01 4.1589E-04  ( 0.256    , -1.953E-03,   0.00    ) |  4.159E-04 3.052E-03
     847 3.6549E-01 4.1582E-04  ( 0.256    , -1.953E-03,   0.00    ) |  4.158E-04 3.052E-03
     848 3.6591E-01 4.1575E-04  ( 0.256    , -1.953E-03,   0.00    ) |  4.157E-04 3.052E-03
     849 3.6632E-01 4.1567E-04  ( 0.256    , -1.953E-03,   0.00    ) |  4.157E-04 3.052E-03
     850 3.6674E-01 4.1560E-04  ( 0.256    , -1.953E-03,   0.00    ) |  4.156E-04 3.052E-03
     851 3.6715E-01 4.1552E-04  ( 0.256    , -1.953E-03,   0.00    ) |  4.155E-04 3.052E-03
     852 3.6757E-01 4.1545E-04  ( 0.256    , -1.953E-03,   0.00    ) |  4.154E-04 3.052E-03
     853 3.6798E-01 4.1538E-04  ( 0.256    , -1.953E-03,   0.00    ) |  4.154E-04 3.052E-03
     854 3.6840E-01 4.1530E-04  ( 0.256    , -1.953E-03,   0.00    ) |  4.153E-04 3.052E-03
     855 3.6881E-01 4.1523E-04  ( 0.256    , -1.953E-03,   0.00    ) |  4.152E-04 3.052E-03
     856 3.6923E-01 4.1515E-04  ( 0.256    , -1.953E-03,   0.00    ) |  4.152E-04 3.052E-03
     857 3.6964E-01 4.1508E-04  ( 0.256    , -1.953E-03,   0.00    ) |  4.151E-04 3.052E-03
     858 3.7006E-01 4.1501E-04  ( 0.256    , -1.953E-03,   0.00    ) |  4.150E-04 3.052E-03
     859 3.7047E-01 4.1493E-04  ( 0.256    , -1.953E-03,   0.00    ) |  4.149E-04 3.052E-03
     860 3.7089E-01 4.1486E-04  ( 0.256    , -1.953E-03,   0.00    ) |  4.149E-04 3.052E-03
     861 3.7130E-01 4.1479E-04  ( 0.256    , -1.953E-03,   0.00    ) |  4.148E-04 3.052E-03
     862 3.7172E-01 4.1471E-04  ( 0.256    , -1.953E-03,   0.00    ) |  4.147E-04 3.052E-03
     863 3.7213E-01 4.1464E-04  ( 0.256    , -1.953E-03,   0.00    ) |  4.146E-04 3.052E-03
     864 3.7255E-01 4.1457E-04  ( 0.256    , -1.953E-03,   0.00    ) |  4.146E-04 3.052E-03
     865 3.7296E-01 4.1449E-04  ( 0.256    , -1.953E-03,   0.00    ) |  4.145E-04 3.052E-03
     866 3.7338E-01 4.1442E-04  ( 0.256    , -1.953E-03,   0.00    ) |  4.144E-04 3.052E-03
     867 3.7379E-01 4.1435E-04  ( 0.256    , -1.953E-03,   0.00    ) |  4.143E-04 3.052E-03
     868 3.7421E-01 4.1427E-04  ( 0.256    , -1.953E-03,   0.00    ) |  4.143E-04 3.052E-03
     869 3.7462E-01 4.1420E-04  ( 0.256    , -1.953E-03,   0.00    ) |  4.142E-04 3.052E-03
 *** Wrote plotfile to flash_run_hdf5_plt_cnt_0015 ****
     870 3.7504E-01 4.1413E-04  ( 0.256    , -1.953E-03,   0.00    ) |  4.141E-04 3.052E-03
     871 3.7545E-01 4.1405E-04  ( 0.256    , -1.953E-03,   0.00    ) |  4.141E-04 3.052E-03
     872 3.7586E-01 4.1398E-04  ( 0.256    , -1.953E-03,   0.00    ) |  4.140E-04 3.052E-03
     873 3.7628E-01 4.1391E-04  ( 0.256    , -1.953E-03,   0.00    ) |  4.139E-04 3.052E-03
     874 3.7669E-01 4.1383E-04  ( 0.256    , -1.953E-03,   0.00    ) |  4.138E-04 3.052E-03
     875 3.7711E-01 4.1376E-04  ( 0.256    , -1.953E-03,   0.00    ) |  4.138E-04 3.052E-03
     876 3.7752E-01 4.1369E-04  ( 0.256    , -1.953E-03,   0.00    ) |  4.137E-04 3.052E-03
     877 3.7793E-01 4.1361E-04  ( 0.256    , -1.953E-03,   0.00    ) |  4.136E-04 3.052E-03
     878 3.7835E-01 4.1354E-04  ( 0.256    , -1.953E-03,   0.00    ) |  4.135E-04 3.052E-03
     879 3.7876E-01 4.1347E-04  ( 0.256    , -1.953E-03,   0.00    ) |  4.135E-04 3.052E-03
     880 3.7917E-01 4.1339E-04  ( 0.256    , -1.953E-03,   0.00    ) |  4.134E-04 3.052E-03
     881 3.7959E-01 4.1332E-04  ( 0.256    , -1.953E-03,   0.00    ) |  4.133E-04 3.052E-03
     882 3.8000E-01 4.1325E-04  ( 0.256    , -1.953E-03,   0.00    ) |  4.132E-04 3.052E-03
     883 3.8041E-01 4.1317E-04  ( 0.256    , -1.953E-03,   0.00    ) |  4.132E-04 3.052E-03
     884 3.8083E-01 4.1310E-04  ( 0.260    , -1.953E-03,   0.00    ) |  4.131E-04 3.052E-03
     885 3.8124E-01 4.1303E-04  ( 0.260    , -1.953E-03,   0.00    ) |  4.130E-04 3.052E-03
     886 3.8165E-01 4.1295E-04  ( 0.260    , -1.953E-03,   0.00    ) |  4.130E-04 3.052E-03
     887 3.8207E-01 4.1288E-04  ( 0.260    , -1.953E-03,   0.00    ) |  4.129E-04 3.052E-03
     888 3.8248E-01 4.1281E-04  ( 0.260    , -1.953E-03,   0.00    ) |  4.128E-04 3.052E-03
     889 3.8289E-01 4.1273E-04  ( 0.260    , -1.953E-03,   0.00    ) |  4.127E-04 3.052E-03
     890 3.8330E-01 4.1266E-04  ( 0.260    , -1.953E-03,   0.00    ) |  4.127E-04 3.052E-03
     891 3.8372E-01 4.1259E-04  ( 0.260    , -1.953E-03,   0.00    ) |  4.126E-04 3.052E-03
     892 3.8413E-01 4.1251E-04  ( 0.260    , -1.953E-03,   0.00    ) |  4.125E-04 3.052E-03
     893 3.8454E-01 4.1244E-04  ( 0.260    , -1.953E-03,   0.00    ) |  4.124E-04 3.052E-03
     894 3.8495E-01 4.1237E-04  ( 0.260    , -1.953E-03,   0.00    ) |  4.124E-04 3.052E-03
     895 3.8537E-01 4.1229E-04  ( 0.260    , -1.953E-03,   0.00    ) |  4.123E-04 3.052E-03
     896 3.8578E-01 4.1222E-04  ( 0.260    , -1.953E-03,   0.00    ) |  4.122E-04 3.052E-03
     897 3.8619E-01 4.1215E-04  ( 0.260    , -1.953E-03,   0.00    ) |  4.121E-04 3.052E-03
     898 3.8660E-01 4.1207E-04  ( 0.260    , -1.953E-03,   0.00    ) |  4.121E-04 3.052E-03
     899 3.8702E-01 4.1200E-04  ( 0.260    , -1.953E-03,   0.00    ) |  4.120E-04 3.052E-03
     900 3.8743E-01 4.1193E-04  ( 0.260    , -1.953E-03,   0.00    ) |  4.119E-04 3.052E-03
     901 3.8784E-01 4.1185E-04  ( 0.260    , -1.953E-03,   0.00    ) |  4.119E-04 3.052E-03
     902 3.8825E-01 4.1178E-04  ( 0.260    , -1.953E-03,   0.00    ) |  4.118E-04 3.052E-03
     903 3.8866E-01 4.1171E-04  ( 0.260    , -1.953E-03,   0.00    ) |  4.117E-04 3.052E-03
     904 3.8907E-01 4.1163E-04  ( 0.260    , -1.953E-03,   0.00    ) |  4.116E-04 3.052E-03
     905 3.8949E-01 4.1156E-04  ( 0.260    , -1.953E-03,   0.00    ) |  4.116E-04 3.052E-03
     906 3.8990E-01 4.1149E-04  ( 0.260    , -1.953E-03,   0.00    ) |  4.115E-04 3.052E-03
     907 3.9031E-01 4.1142E-04  ( 0.260    , -1.953E-03,   0.00    ) |  4.114E-04 3.052E-03
     908 3.9072E-01 4.1134E-04  ( 0.260    , -1.953E-03,   0.00    ) |  4.113E-04 3.052E-03
     909 3.9113E-01 4.1127E-04  ( 0.260    , -1.953E-03,   0.00    ) |  4.113E-04 3.052E-03
     910 3.9154E-01 4.1120E-04  ( 0.260    , -1.953E-03,   0.00    ) |  4.112E-04 3.052E-03
     911 3.9195E-01 4.1113E-04  ( 0.260    , -1.953E-03,   0.00    ) |  4.111E-04 3.052E-03
     912 3.9237E-01 4.1105E-04  ( 0.260    , -1.953E-03,   0.00    ) |  4.111E-04 3.052E-03
     913 3.9278E-01 4.1098E-04  ( 0.260    , -1.953E-03,   0.00    ) |  4.110E-04 3.052E-03
     914 3.9319E-01 4.1091E-04  ( 0.260    , -1.953E-03,   0.00    ) |  4.109E-04 3.052E-03
     915 3.9360E-01 4.1084E-04  ( 0.260    , -1.953E-03,   0.00    ) |  4.108E-04 3.052E-03
     916 3.9401E-01 4.1076E-04  ( 0.260    , -1.953E-03,   0.00    ) |  4.108E-04 3.052E-03
     917 3.9442E-01 4.1069E-04  ( 0.260    , -1.953E-03,   0.00    ) |  4.107E-04 3.052E-03
     918 3.9483E-01 4.1062E-04  ( 0.260    , -1.953E-03,   0.00    ) |  4.106E-04 3.052E-03
     919 3.9524E-01 4.1055E-04  ( 0.260    , -1.953E-03,   0.00    ) |  4.105E-04 3.052E-03
     920 3.9565E-01 4.1048E-04  ( 0.260    , -1.953E-03,   0.00    ) |  4.105E-04 3.052E-03
     921 3.9606E-01 4.1041E-04  ( 0.260    , -1.953E-03,   0.00    ) |  4.104E-04 3.052E-03
     922 3.9647E-01 4.1033E-04  ( 0.260    , -1.953E-03,   0.00    ) |  4.103E-04 3.052E-03
     923 3.9688E-01 4.1026E-04  ( 0.260    , -1.953E-03,   0.00    ) |  4.103E-04 3.052E-03
     924 3.9729E-01 4.1019E-04  ( 0.260    , -1.953E-03,   0.00    ) |  4.102E-04 3.052E-03
     925 3.9770E-01 4.1012E-04  ( 0.260    , -1.953E-03,   0.00    ) |  4.101E-04 3.052E-03
     926 3.9811E-01 4.1005E-04  ( 0.260    , -1.953E-03,   0.00    ) |  4.100E-04 3.052E-03
     927 3.9852E-01 4.0998E-04  ( 0.260    , -1.953E-03,   0.00    ) |  4.100E-04 3.052E-03
     928 3.9893E-01 4.0991E-04  ( 0.260    , -1.953E-03,   0.00    ) |  4.099E-04 3.052E-03
     929 3.9934E-01 4.0984E-04  ( 0.260    , -1.953E-03,   0.00    ) |  4.098E-04 3.052E-03
     930 3.9975E-01 4.0977E-04  ( 0.260    , -1.953E-03,   0.00    ) |  4.098E-04 3.052E-03
 *** Wrote plotfile to flash_run_hdf5_plt_cnt_0016 ****
     931 4.0016E-01 4.0969E-04  ( 0.260    , -1.953E-03,   0.00    ) |  4.097E-04 3.052E-03
     932 4.0057E-01 4.0962E-04  ( 0.260    , -1.953E-03,   0.00    ) |  4.096E-04 3.052E-03
     933 4.0098E-01 4.0955E-04  ( 0.260    , -1.953E-03,   0.00    ) |  4.096E-04 3.052E-03
     934 4.0139E-01 4.0948E-04  ( 0.260    , -1.953E-03,   0.00    ) |  4.095E-04 3.052E-03
     935 4.0180E-01 4.0941E-04  ( 0.260    , -1.953E-03,   0.00    ) |  4.094E-04 3.052E-03
     936 4.0221E-01 4.0934E-04  ( 0.260    , -1.953E-03,   0.00    ) |  4.093E-04 3.052E-03
     937 4.0262E-01 4.0927E-04  ( 0.260    , -1.953E-03,   0.00    ) |  4.093E-04 3.052E-03
     938 4.0303E-01 4.0920E-04  ( 0.260    , -1.953E-03,   0.00    ) |  4.092E-04 3.052E-03
     939 4.0344E-01 4.0913E-04  ( 0.260    , -1.953E-03,   0.00    ) |  4.091E-04 3.052E-03
     940 4.0385E-01 4.0906E-04  ( 0.260    , -1.953E-03,   0.00    ) |  4.091E-04 3.052E-03
     941 4.0426E-01 4.0899E-04  ( 0.260    , -1.953E-03,   0.00    ) |  4.090E-04 3.052E-03
     942 4.0467E-01 4.0892E-04  ( 0.260    , -1.953E-03,   0.00    ) |  4.089E-04 3.052E-03
     943 4.0507E-01 4.0884E-04  ( 0.260    , -1.953E-03,   0.00    ) |  4.088E-04 3.052E-03
     944 4.0548E-01 4.0877E-04  ( 0.260    , -1.953E-03,   0.00    ) |  4.088E-04 3.052E-03
     945 4.0589E-01 4.0870E-04  ( 0.260    , -1.953E-03,   0.00    ) |  4.087E-04 3.052E-03
     946 4.0630E-01 4.0863E-04  ( 0.260    , -1.953E-03,   0.00    ) |  4.086E-04 3.052E-03
     947 4.0671E-01 4.0856E-04  ( 0.260    , -1.953E-03,   0.00    ) |  4.086E-04 3.052E-03
     948 4.0712E-01 4.0849E-04  ( 0.260    , -1.953E-03,   0.00    ) |  4.085E-04 3.052E-03
     949 4.0753E-01 4.0842E-04  ( 0.260    , -1.953E-03,   0.00    ) |  4.084E-04 3.052E-03
     950 4.0794E-01 4.0835E-04  ( 0.260    , -1.953E-03,   0.00    ) |  4.084E-04 3.052E-03
     951 4.0834E-01 4.0828E-04  ( 0.260    , -1.953E-03,   0.00    ) |  4.083E-04 3.052E-03
     952 4.0875E-01 4.0821E-04  ( 0.260    , -1.953E-03,   0.00    ) |  4.082E-04 3.052E-03
     953 4.0916E-01 4.0814E-04  ( 0.260    , -1.953E-03,   0.00    ) |  4.081E-04 3.052E-03
     954 4.0957E-01 4.0807E-04  ( 0.260    , -1.953E-03,   0.00    ) |  4.081E-04 3.052E-03
     955 4.0998E-01 4.0800E-04  ( 0.260    , -1.953E-03,   0.00    ) |  4.080E-04 3.052E-03
     956 4.1038E-01 4.0793E-04  ( 0.260    , -1.953E-03,   0.00    ) |  4.079E-04 3.052E-03
     957 4.1079E-01 4.0786E-04  ( 0.260    , -1.953E-03,   0.00    ) |  4.079E-04 3.052E-03
     958 4.1120E-01 4.0779E-04  ( 0.260    , -1.953E-03,   0.00    ) |  4.078E-04 3.052E-03
     959 4.1161E-01 4.0772E-04  ( 0.260    , -1.953E-03,   0.00    ) |  4.077E-04 3.052E-03
     960 4.1202E-01 4.0765E-04  ( 0.260    , -1.953E-03,   0.00    ) |  4.077E-04 3.052E-03
     961 4.1242E-01 4.0758E-04  ( 0.260    , -1.953E-03,   0.00    ) |  4.076E-04 3.052E-03
     962 4.1283E-01 4.0751E-04  ( 0.260    , -1.953E-03,   0.00    ) |  4.075E-04 3.052E-03
     963 4.1324E-01 4.0744E-04  ( 0.260    , -1.953E-03,   0.00    ) |  4.074E-04 3.052E-03
     964 4.1365E-01 4.0737E-04  ( 0.260    , -1.953E-03,   0.00    ) |  4.074E-04 3.052E-03
     965 4.1405E-01 4.0731E-04  (-0.260    , -1.953E-03,   0.00    ) |  4.073E-04 3.052E-03
     966 4.1446E-01 4.0724E-04  ( 0.260    , -1.953E-03,   0.00    ) |  4.072E-04 3.052E-03
     967 4.1487E-01 4.0717E-04  (-0.260    , -1.953E-03,   0.00    ) |  4.072E-04 3.052E-03
     968 4.1527E-01 4.0710E-04  (-0.260    , -1.953E-03,   0.00    ) |  4.071E-04 3.052E-03
     969 4.1568E-01 4.0703E-04  (-0.260    , -1.953E-03,   0.00    ) |  4.070E-04 3.052E-03
     970 4.1609E-01 4.0696E-04  (-0.260    , -1.953E-03,   0.00    ) |  4.070E-04 3.052E-03
     971 4.1650E-01 4.0689E-04  (-0.260    , -1.953E-03,   0.00    ) |  4.069E-04 3.052E-03
     972 4.1690E-01 4.0682E-04  (-0.264    , -1.953E-03,   0.00    ) |  4.068E-04 3.052E-03
     973 4.1731E-01 4.0675E-04  ( 0.264    , -1.953E-03,   0.00    ) |  4.068E-04 3.052E-03
     974 4.1772E-01 4.0668E-04  ( 0.264    , -1.953E-03,   0.00    ) |  4.067E-04 3.052E-03
     975 4.1812E-01 4.0662E-04  (-0.264    , -1.953E-03,   0.00    ) |  4.066E-04 3.052E-03
     976 4.1853E-01 4.0655E-04  (-0.264    , -1.953E-03,   0.00    ) |  4.065E-04 3.052E-03
     977 4.1894E-01 4.0648E-04  ( 0.264    , -1.953E-03,   0.00    ) |  4.065E-04 3.052E-03
     978 4.1934E-01 4.0641E-04  (-0.264    , -1.953E-03,   0.00    ) |  4.064E-04 3.052E-03
     979 4.1975E-01 4.0634E-04  (-0.264    , -1.953E-03,   0.00    ) |  4.063E-04 3.052E-03
     980 4.2016E-01 4.0627E-04  (-0.264    , -1.953E-03,   0.00    ) |  4.063E-04 3.052E-03
     981 4.2056E-01 4.0620E-04  (-0.264    , -1.953E-03,   0.00    ) |  4.062E-04 3.052E-03
     982 4.2097E-01 4.0614E-04  (-0.264    , -1.953E-03,   0.00    ) |  4.061E-04 3.052E-03
     983 4.2137E-01 4.0607E-04  (-0.264    , -1.953E-03,   0.00    ) |  4.061E-04 3.052E-03
     984 4.2178E-01 4.0600E-04  (-0.264    , -1.953E-03,   0.00    ) |  4.060E-04 3.052E-03
     985 4.2219E-01 4.0593E-04  (-0.264    , -1.953E-03,   0.00    ) |  4.059E-04 3.052E-03
     986 4.2259E-01 4.0586E-04  (-0.264    , -1.953E-03,   0.00    ) |  4.059E-04 3.052E-03
     987 4.2300E-01 4.0580E-04  (-0.264    , -1.953E-03,   0.00    ) |  4.058E-04 3.052E-03
     988 4.2340E-01 4.0573E-04  (-0.264    , -1.953E-03,   0.00    ) |  4.057E-04 3.052E-03
     989 4.2381E-01 4.0566E-04  (-0.264    , -1.953E-03,   0.00    ) |  4.057E-04 3.052E-03
     990 4.2422E-01 4.0559E-04  (-0.264    , -1.953E-03,   0.00    ) |  4.056E-04 3.052E-03
     991 4.2462E-01 4.0553E-04  (-0.264    , -1.953E-03,   0.00    ) |  4.055E-04 3.052E-03
 *** Wrote plotfile to flash_run_hdf5_plt_cnt_0017 ****
     992 4.2503E-01 4.0546E-04  (-0.264    , -1.953E-03,   0.00    ) |  4.055E-04 3.052E-03
     993 4.2543E-01 4.0539E-04  (-0.264    , -1.953E-03,   0.00    ) |  4.054E-04 3.052E-03
     994 4.2584E-01 4.0532E-04  (-0.264    , -1.953E-03,   0.00    ) |  4.053E-04 3.052E-03
     995 4.2624E-01 4.0526E-04  (-0.264    , -1.953E-03,   0.00    ) |  4.053E-04 3.052E-03
     996 4.2665E-01 4.0519E-04  (-0.264    , -1.953E-03,   0.00    ) |  4.052E-04 3.052E-03
     997 4.2705E-01 4.0512E-04  (-0.264    , -1.953E-03,   0.00    ) |  4.051E-04 3.052E-03
     998 4.2746E-01 4.0505E-04  (-0.264    , -1.953E-03,   0.00    ) |  4.051E-04 3.052E-03
     999 4.2786E-01 4.0499E-04  (-0.264    , -1.953E-03,   0.00    ) |  4.050E-04 3.052E-03
    1000 4.2827E-01 4.0492E-04  (-0.264    , -1.953E-03,   0.00    ) |  4.049E-04 3.052E-03
    1001 4.2867E-01 4.0485E-04  (-0.264    , -1.953E-03,   0.00    ) |  4.049E-04 3.052E-03
    1002 4.2908E-01 4.0479E-04  (-0.264    , -1.953E-03,   0.00    ) |  4.048E-04 3.052E-03
    1003 4.2948E-01 4.0472E-04  (-0.264    , -1.953E-03,   0.00    ) |  4.047E-04 3.052E-03
    1004 4.2989E-01 4.0465E-04  (-0.264    , -1.953E-03,   0.00    ) |  4.047E-04 3.052E-03
    1005 4.3029E-01 4.0459E-04  (-0.264    , -1.953E-03,   0.00    ) |  4.046E-04 3.052E-03
    1006 4.3070E-01 4.0452E-04  (-0.264    , -1.953E-03,   0.00    ) |  4.045E-04 3.052E-03
    1007 4.3110E-01 4.0445E-04  (-0.264    , -1.953E-03,   0.00    ) |  4.045E-04 3.052E-03
    1008 4.3151E-01 4.0439E-04  (-0.264    , -1.953E-03,   0.00    ) |  4.044E-04 3.052E-03
    1009 4.3191E-01 4.0432E-04  (-0.264    , -1.953E-03,   0.00    ) |  4.043E-04 3.052E-03
    1010 4.3231E-01 4.0425E-04  (-0.264    , -1.953E-03,   0.00    ) |  4.043E-04 3.052E-03
    1011 4.3272E-01 4.0419E-04  (-0.264    , -1.953E-03,   0.00    ) |  4.042E-04 3.052E-03
    1012 4.3312E-01 4.0412E-04  (-0.264    , -1.953E-03,   0.00    ) |  4.041E-04 3.052E-03
    1013 4.3353E-01 4.0405E-04  (-0.264    , -1.953E-03,   0.00    ) |  4.041E-04 3.052E-03
    1014 4.3393E-01 4.0399E-04  (-0.264    , -1.953E-03,   0.00    ) |  4.040E-04 3.052E-03
    1015 4.3433E-01 4.0392E-04  (-0.264    , -1.953E-03,   0.00    ) |  4.039E-04 3.052E-03
    1016 4.3474E-01 4.0385E-04  (-0.264    , -1.953E-03,   0.00    ) |  4.039E-04 3.052E-03
    1017 4.3514E-01 4.0379E-04  (-0.264    , -1.953E-03,   0.00    ) |  4.038E-04 3.052E-03
    1018 4.3555E-01 4.0372E-04  (-0.264    , -1.953E-03,   0.00    ) |  4.037E-04 3.052E-03
    1019 4.3595E-01 4.0366E-04  (-0.264    , -1.953E-03,   0.00    ) |  4.037E-04 3.052E-03
    1020 4.3635E-01 4.0359E-04  (-0.264    , -1.953E-03,   0.00    ) |  4.036E-04 3.052E-03
    1021 4.3676E-01 4.0352E-04  (-0.264    , -1.953E-03,   0.00    ) |  4.035E-04 3.052E-03
    1022 4.3716E-01 4.0346E-04  (-0.264    , -1.953E-03,   0.00    ) |  4.035E-04 3.052E-03
    1023 4.3756E-01 4.0339E-04  (-0.264    , -1.953E-03,   0.00    ) |  4.034E-04 3.052E-03
    1024 4.3797E-01 4.0333E-04  ( 0.264    ,  1.953E-03,   0.00    ) |  4.033E-04 3.052E-03
    1025 4.3837E-01 4.0326E-04  (-0.264    , -1.953E-03,   0.00    ) |  4.033E-04 3.052E-03
    1026 4.3877E-01 4.0320E-04  ( 0.264    ,  1.953E-03,   0.00    ) |  4.032E-04 3.052E-03
    1027 4.3918E-01 4.0313E-04  ( 0.264    ,  1.953E-03,   0.00    ) |  4.031E-04 3.052E-03
    1028 4.3958E-01 4.0307E-04  ( 0.264    ,  1.953E-03,   0.00    ) |  4.031E-04 3.052E-03
    1029 4.3998E-01 4.0300E-04  ( 0.264    ,  1.953E-03,   0.00    ) |  4.030E-04 3.052E-03
    1030 4.4039E-01 4.0294E-04  ( 0.264    ,  1.953E-03,   0.00    ) |  4.029E-04 3.052E-03
    1031 4.4079E-01 4.0287E-04  ( 0.264    ,  1.953E-03,   0.00    ) |  4.029E-04 3.052E-03
    1032 4.4119E-01 4.0281E-04  ( 0.264    ,  1.953E-03,   0.00    ) |  4.028E-04 3.052E-03
    1033 4.4160E-01 4.0274E-04  (-0.264    , -1.953E-03,   0.00    ) |  4.027E-04 3.052E-03
    1034 4.4200E-01 4.0268E-04  (-0.264    , -1.953E-03,   0.00    ) |  4.027E-04 3.052E-03
    1035 4.4240E-01 4.0261E-04  (-0.264    , -1.953E-03,   0.00    ) |  4.026E-04 3.052E-03
    1036 4.4280E-01 4.0255E-04  (-0.264    , -1.953E-03,   0.00    ) |  4.025E-04 3.052E-03
    1037 4.4321E-01 4.0248E-04  (-0.264    , -1.953E-03,   0.00    ) |  4.025E-04 3.052E-03
    1038 4.4361E-01 4.0242E-04  (-0.264    , -1.953E-03,   0.00    ) |  4.024E-04 3.052E-03
    1039 4.4401E-01 4.0235E-04  ( 0.264    ,  1.953E-03,   0.00    ) |  4.024E-04 3.052E-03
    1040 4.4441E-01 4.0229E-04  (-0.264    , -1.953E-03,   0.00    ) |  4.023E-04 3.052E-03
    1041 4.4482E-01 4.0223E-04  ( 0.264    ,  1.953E-03,   0.00    ) |  4.022E-04 3.052E-03
    1042 4.4522E-01 4.0216E-04  ( 0.264    ,  1.953E-03,   0.00    ) |  4.022E-04 3.052E-03
    1043 4.4562E-01 4.0210E-04  ( 0.264    ,  1.953E-03,   0.00    ) |  4.021E-04 3.052E-03
    1044 4.4602E-01 4.0203E-04  ( 0.264    ,  1.953E-03,   0.00    ) |  4.020E-04 3.052E-03
    1045 4.4642E-01 4.0197E-04  ( 0.264    ,  1.953E-03,   0.00    ) |  4.020E-04 3.052E-03
    1046 4.4683E-01 4.0191E-04  ( 0.264    ,  1.953E-03,   0.00    ) |  4.019E-04 3.052E-03
    1047 4.4723E-01 4.0184E-04  ( 0.268    ,  1.953E-03,   0.00    ) |  4.018E-04 3.052E-03
    1048 4.4763E-01 4.0178E-04  ( 0.268    ,  1.953E-03,   0.00    ) |  4.018E-04 3.052E-03
    1049 4.4803E-01 4.0172E-04  ( 0.268    ,  1.953E-03,   0.00    ) |  4.017E-04 3.052E-03
    1050 4.4843E-01 4.0165E-04  ( 0.268    ,  1.953E-03,   0.00    ) |  4.017E-04 3.052E-03
    1051 4.4883E-01 4.0159E-04  ( 0.268    ,  1.953E-03,   0.00    ) |  4.016E-04 3.052E-03
    1052 4.4924E-01 4.0152E-04  ( 0.268    ,  1.953E-03,   0.00    ) |  4.015E-04 3.052E-03
    1053 4.4964E-01 4.0146E-04  ( 0.268    ,  1.953E-03,   0.00    ) |  4.015E-04 3.052E-03
 *** Wrote plotfile to flash_run_hdf5_plt_cnt_0018 ****
    1054 4.5004E-01 4.0140E-04  ( 0.268    ,  1.953E-03,   0.00    ) |  4.014E-04 3.052E-03
    1055 4.5044E-01 4.0133E-04  ( 0.268    ,  1.953E-03,   0.00    ) |  4.013E-04 3.052E-03
    1056 4.5084E-01 4.0127E-04  ( 0.268    ,  1.953E-03,   0.00    ) |  4.013E-04 3.052E-03
    1057 4.5124E-01 4.0121E-04  ( 0.268    ,  1.953E-03,   0.00    ) |  4.012E-04 3.052E-03
    1058 4.5164E-01 4.0114E-04  ( 0.268    ,  1.953E-03,   0.00    ) |  4.011E-04 3.052E-03
    1059 4.5205E-01 4.0108E-04  ( 0.268    ,  1.953E-03,   0.00    ) |  4.011E-04 3.052E-03
    1060 4.5245E-01 4.0102E-04  ( 0.268    ,  1.953E-03,   0.00    ) |  4.010E-04 3.052E-03
    1061 4.5285E-01 4.0095E-04  ( 0.268    ,  1.953E-03,   0.00    ) |  4.010E-04 3.052E-03
    1062 4.5325E-01 4.0089E-04  ( 0.268    ,  1.953E-03,   0.00    ) |  4.009E-04 3.052E-03
    1063 4.5365E-01 4.0083E-04  ( 0.268    ,  1.953E-03,   0.00    ) |  4.008E-04 3.052E-03
    1064 4.5405E-01 4.0076E-04  ( 0.268    ,  1.953E-03,   0.00    ) |  4.008E-04 3.052E-03
    1065 4.5445E-01 4.0070E-04  ( 0.268    ,  1.953E-03,   0.00    ) |  4.007E-04 3.052E-03
    1066 4.5485E-01 4.0064E-04  ( 0.268    ,  1.953E-03,   0.00    ) |  4.006E-04 3.052E-03
    1067 4.5525E-01 4.0058E-04  ( 0.268    ,  1.953E-03,   0.00    ) |  4.006E-04 3.052E-03
    1068 4.5565E-01 4.0051E-04  ( 0.268    ,  1.953E-03,   0.00    ) |  4.005E-04 3.052E-03
    1069 4.5605E-01 4.0045E-04  ( 0.268    ,  1.953E-03,   0.00    ) |  4.005E-04 3.052E-03
    1070 4.5645E-01 4.0039E-04  ( 0.268    ,  1.953E-03,   0.00    ) |  4.004E-04 3.052E-03
    1071 4.5685E-01 4.0033E-04  ( 0.268    ,  1.953E-03,   0.00    ) |  4.003E-04 3.052E-03
    1072 4.5725E-01 4.0026E-04  ( 0.268    ,  1.953E-03,   0.00    ) |  4.003E-04 3.052E-03
    1073 4.5766E-01 4.0020E-04  (-0.268    ,  1.953E-03,   0.00    ) |  4.002E-04 3.052E-03
    1074 4.5806E-01 4.0014E-04  (-0.268    ,  1.953E-03,   0.00    ) |  4.001E-04 3.052E-03
    1075 4.5846E-01 4.0008E-04  (-0.268    ,  1.953E-03,   0.00    ) |  4.001E-04 3.052E-03
    1076 4.5886E-01 4.0001E-04  (-0.268    ,  1.953E-03,   0.00    ) |  4.000E-04 3.052E-03
    1077 4.5926E-01 3.9995E-04  (-0.268    ,  1.953E-03,   0.00    ) |  4.000E-04 3.052E-03
    1078 4.5966E-01 3.9989E-04  (-0.268    ,  1.953E-03,   0.00    ) |  3.999E-04 3.052E-03
    1079 4.6006E-01 3.9983E-04  (-0.268    ,  1.953E-03,   0.00    ) |  3.998E-04 3.052E-03
    1080 4.6046E-01 3.9977E-04  (-0.268    ,  1.953E-03,   0.00    ) |  3.998E-04 3.052E-03
    1081 4.6086E-01 3.9971E-04  (-0.268    ,  1.953E-03,   0.00    ) |  3.997E-04 3.052E-03
    1082 4.6125E-01 3.9964E-04  (-0.268    ,  1.953E-03,   0.00    ) |  3.996E-04 3.052E-03
    1083 4.6165E-01 3.9958E-04  (-0.268    ,  1.953E-03,   0.00    ) |  3.996E-04 3.052E-03
    1084 4.6205E-01 3.9952E-04  (-0.268    ,  1.953E-03,   0.00    ) |  3.995E-04 3.052E-03
    1085 4.6245E-01 3.9946E-04  (-0.268    ,  1.953E-03,   0.00    ) |  3.995E-04 3.052E-03
    1086 4.6285E-01 3.9940E-04  (-0.268    ,  1.953E-03,   0.00    ) |  3.994E-04 3.052E-03
    1087 4.6325E-01 3.9934E-04  (-0.268    ,  1.953E-03,   0.00    ) |  3.993E-04 3.052E-03
    1088 4.6365E-01 3.9928E-04  (-0.268    ,  1.953E-03,   0.00    ) |  3.993E-04 3.052E-03
    1089 4.6405E-01 3.9922E-04  (-0.268    ,  1.953E-03,   0.00    ) |  3.992E-04 3.052E-03
    1090 4.6445E-01 3.9916E-04  (-0.268    ,  1.953E-03,   0.00    ) |  3.992E-04 3.052E-03
    1091 4.6485E-01 3.9910E-04  (-0.268    ,  1.953E-03,   0.00    ) |  3.991E-04 3.052E-03
    1092 4.6525E-01 3.9904E-04  (-0.268    ,  1.953E-03,   0.00    ) |  3.990E-04 3.052E-03
    1093 4.6565E-01 3.9898E-04  (-0.268    ,  1.953E-03,   0.00    ) |  3.990E-04 3.052E-03
    1094 4.6605E-01 3.9892E-04  (-0.268    ,  1.953E-03,   0.00    ) |  3.989E-04 3.052E-03
    1095 4.6645E-01 3.9886E-04  (-0.268    ,  1.953E-03,   0.00    ) |  3.989E-04 3.052E-03
    1096 4.6684E-01 3.9880E-04  (-0.268    ,  1.953E-03,   0.00    ) |  3.988E-04 3.052E-03
    1097 4.6724E-01 3.9874E-04  (-0.268    ,  1.953E-03,   0.00    ) |  3.987E-04 3.052E-03
    1098 4.6764E-01 3.9868E-04  (-0.268    ,  1.953E-03,   0.00    ) |  3.987E-04 3.052E-03
    1099 4.6804E-01 3.9862E-04  (-0.268    ,  1.953E-03,   0.00    ) |  3.986E-04 3.052E-03
    1100 4.6844E-01 3.9856E-04  (-0.268    ,  1.953E-03,   0.00    ) |  3.986E-04 3.052E-03
    1101 4.6884E-01 3.9850E-04  (-0.268    ,  1.953E-03,   0.00    ) |  3.985E-04 3.052E-03
    1102 4.6924E-01 3.9844E-04  (-0.268    ,  1.953E-03,   0.00    ) |  3.984E-04 3.052E-03
    1103 4.6963E-01 3.9838E-04  (-0.268    ,  1.953E-03,   0.00    ) |  3.984E-04 3.052E-03
    1104 4.7003E-01 3.9832E-04  (-0.268    ,  1.953E-03,   0.00    ) |  3.983E-04 3.052E-03
    1105 4.7043E-01 3.9826E-04  (-0.268    ,  1.953E-03,   0.00    ) |  3.983E-04 3.052E-03
    1106 4.7083E-01 3.9820E-04  (-0.268    ,  1.953E-03,   0.00    ) |  3.982E-04 3.052E-03
    1107 4.7123E-01 3.9814E-04  (-0.268    ,  1.953E-03,   0.00    ) |  3.981E-04 3.052E-03
    1108 4.7163E-01 3.9808E-04  (-0.268    ,  1.953E-03,   0.00    ) |  3.981E-04 3.052E-03
    1109 4.7202E-01 3.9802E-04  (-0.268    ,  1.953E-03,   0.00    ) |  3.980E-04 3.052E-03
    1110 4.7242E-01 3.9797E-04  ( 0.268    , -1.953E-03,   0.00    ) |  3.980E-04 3.052E-03
    1111 4.7282E-01 3.9791E-04  ( 0.268    , -1.953E-03,   0.00    ) |  3.979E-04 3.052E-03
    1112 4.7322E-01 3.9785E-04  ( 0.268    , -1.953E-03,   0.00    ) |  3.978E-04 3.052E-03
    1113 4.7362E-01 3.9779E-04  ( 0.268    ,  1.953E-03,   0.00    ) |  3.978E-04 3.052E-03
    1114 4.7401E-01 3.9773E-04  ( 0.268    ,  1.953E-03,   0.00    ) |  3.977E-04 3.052E-03
    1115 4.7441E-01 3.9767E-04  (-0.268    ,  1.953E-03,   0.00    ) |  3.977E-04 3.052E-03
    1116 4.7481E-01 3.9762E-04  ( 0.268    ,  1.953E-03,   0.00    ) |  3.976E-04 3.052E-03
 *** Wrote plotfile to flash_run_hdf5_plt_cnt_0019 ****
    1117 4.7521E-01 3.9756E-04  ( 0.268    ,  1.953E-03,   0.00    ) |  3.976E-04 3.052E-03
    1118 4.7560E-01 3.9750E-04  ( 0.268    ,  1.953E-03,   0.00    ) |  3.975E-04 3.052E-03
    1119 4.7600E-01 3.9744E-04  ( 0.268    ,  1.953E-03,   0.00    ) |  3.974E-04 3.052E-03
    1120 4.7640E-01 3.9739E-04  ( 0.268    ,  1.953E-03,   0.00    ) |  3.974E-04 3.052E-03
    1121 4.7680E-01 3.9733E-04  ( 0.268    ,  1.953E-03,   0.00    ) |  3.973E-04 3.052E-03
    1122 4.7719E-01 3.9727E-04  ( 0.268    ,  1.953E-03,   0.00    ) |  3.973E-04 3.052E-03
    1123 4.7759E-01 3.9721E-04  (-0.268    ,  1.953E-03,   0.00    ) |  3.972E-04 3.052E-03
    1124 4.7799E-01 3.9716E-04  (-0.268    ,  1.953E-03,   0.00    ) |  3.972E-04 3.052E-03
    1125 4.7839E-01 3.9710E-04  ( 0.268    ,  1.953E-03,   0.00    ) |  3.971E-04 3.052E-03
    1126 4.7878E-01 3.9704E-04  ( 0.268    ,  1.953E-03,   0.00    ) |  3.970E-04 3.052E-03
    1127 4.7918E-01 3.9698E-04  ( 0.268    ,  1.953E-03,   0.00    ) |  3.970E-04 3.052E-03
    1128 4.7958E-01 3.9693E-04  ( 0.268    ,  1.953E-03,   0.00    ) |  3.969E-04 3.052E-03
    1129 4.7997E-01 3.9687E-04  (-0.271    ,  1.953E-03,   0.00    ) |  3.969E-04 3.052E-03
    1130 4.8037E-01 3.9681E-04  (-0.271    ,  1.953E-03,   0.00    ) |  3.968E-04 3.052E-03
    1131 4.8077E-01 3.9676E-04  (-0.271    ,  1.953E-03,   0.00    ) |  3.968E-04 3.052E-03
    1132 4.8116E-01 3.9670E-04  (-0.271    ,  1.953E-03,   0.00    ) |  3.967E-04 3.052E-03
    1133 4.8156E-01 3.9664E-04  (-0.271    ,  1.953E-03,   0.00    ) |  3.966E-04 3.052E-03
    1134 4.8196E-01 3.9658E-04  (-0.271    ,  1.953E-03,   0.00    ) |  3.966E-04 3.052E-03
    1135 4.8235E-01 3.9653E-04  (-0.271    ,  1.953E-03,   0.00    ) |  3.965E-04 3.052E-03
    1136 4.8275E-01 3.9647E-04  ( 0.271    ,  1.953E-03,   0.00    ) |  3.965E-04 3.052E-03
    1137 4.8315E-01 3.9641E-04  ( 0.271    ,  1.953E-03,   0.00    ) |  3.964E-04 3.052E-03
    1138 4.8354E-01 3.9636E-04  ( 0.271    ,  1.953E-03,   0.00    ) |  3.964E-04 3.052E-03
    1139 4.8394E-01 3.9630E-04  ( 0.271    ,  1.953E-03,   0.00    ) |  3.963E-04 3.052E-03
    1140 4.8434E-01 3.9624E-04  ( 0.271    ,  1.953E-03,   0.00    ) |  3.962E-04 3.052E-03
    1141 4.8473E-01 3.9619E-04  ( 0.271    ,  1.953E-03,   0.00    ) |  3.962E-04 3.052E-03
    1142 4.8513E-01 3.9613E-04  ( 0.271    ,  1.953E-03,   0.00    ) |  3.961E-04 3.052E-03
    1143 4.8552E-01 3.9608E-04  ( 0.271    ,  1.953E-03,   0.00    ) |  3.961E-04 3.052E-03
    1144 4.8592E-01 3.9602E-04  ( 0.271    ,  1.953E-03,   0.00    ) |  3.960E-04 3.052E-03
    1145 4.8632E-01 3.9596E-04  ( 0.271    ,  1.953E-03,   0.00    ) |  3.960E-04 3.052E-03
    1146 4.8671E-01 3.9591E-04  ( 0.271    ,  1.953E-03,   0.00    ) |  3.959E-04 3.052E-03
    1147 4.8711E-01 3.9585E-04  ( 0.271    ,  1.953E-03,   0.00    ) |  3.959E-04 3.052E-03
    1148 4.8750E-01 3.9580E-04  ( 0.271    ,  1.953E-03,   0.00    ) |  3.958E-04 3.052E-03
    1149 4.8790E-01 3.9574E-04  ( 0.271    ,  1.953E-03,   0.00    ) |  3.957E-04 3.052E-03
    1150 4.8830E-01 3.9568E-04  ( 0.271    , -1.953E-03,   0.00    ) |  3.957E-04 3.052E-03
    1151 4.8869E-01 3.9563E-04  ( 0.271    , -1.953E-03,   0.00    ) |  3.956E-04 3.052E-03
    1152 4.8909E-01 3.9557E-04  ( 0.271    , -1.953E-03,   0.00    ) |  3.956E-04 3.052E-03
    1153 4.8948E-01 3.9552E-04  ( 0.271    , -1.953E-03,   0.00    ) |  3.955E-04 3.052E-03
    1154 4.8988E-01 3.9546E-04  ( 0.271    ,  1.953E-03,   0.00    ) |  3.955E-04 3.052E-03
    1155 4.9027E-01 3.9541E-04  ( 0.271    , -1.953E-03,   0.00    ) |  3.954E-04 3.052E-03
    1156 4.9067E-01 3.9535E-04  ( 0.271    ,  1.953E-03,   0.00    ) |  3.954E-04 3.052E-03
    1157 4.9106E-01 3.9530E-04  ( 0.271    , -1.953E-03,   0.00    ) |  3.953E-04 3.052E-03
    1158 4.9146E-01 3.9524E-04  ( 0.271    ,  1.953E-03,   0.00    ) |  3.952E-04 3.052E-03
    1159 4.9185E-01 3.9519E-04  ( 0.271    ,  1.953E-03,   0.00    ) |  3.952E-04 3.052E-03
    1160 4.9225E-01 3.9513E-04  ( 0.271    ,  1.953E-03,   0.00    ) |  3.951E-04 3.052E-03
    1161 4.9265E-01 3.9508E-04  ( 0.271    ,  1.953E-03,   0.00    ) |  3.951E-04 3.052E-03
    1162 4.9304E-01 3.9503E-04  ( 0.271    ,  1.953E-03,   0.00    ) |  3.950E-04 3.052E-03
    1163 4.9344E-01 3.9497E-04  ( 0.271    ,  1.953E-03,   0.00    ) |  3.950E-04 3.052E-03
    1164 4.9383E-01 3.9492E-04  ( 0.271    ,  1.953E-03,   0.00    ) |  3.949E-04 3.052E-03
    1165 4.9423E-01 3.9486E-04  ( 0.271    ,  1.953E-03,   0.00    ) |  3.949E-04 3.052E-03
    1166 4.9462E-01 3.9481E-04  ( 0.271    ,  1.953E-03,   0.00    ) |  3.948E-04 3.052E-03
    1167 4.9501E-01 3.9475E-04  ( 0.271    ,  1.953E-03,   0.00    ) |  3.948E-04 3.052E-03
    1168 4.9541E-01 3.9470E-04  ( 0.271    ,  1.953E-03,   0.00    ) |  3.947E-04 3.052E-03
    1169 4.9580E-01 3.9465E-04  ( 0.271    ,  1.953E-03,   0.00    ) |  3.946E-04 3.052E-03
    1170 4.9620E-01 3.9459E-04  ( 0.271    ,  1.953E-03,   0.00    ) |  3.946E-04 3.052E-03
    1171 4.9659E-01 3.9454E-04  ( 0.271    ,  1.953E-03,   0.00    ) |  3.945E-04 3.052E-03
    1172 4.9699E-01 3.9449E-04  ( 0.271    ,  1.953E-03,   0.00    ) |  3.945E-04 3.052E-03
    1173 4.9738E-01 3.9443E-04  ( 0.271    ,  1.953E-03,   0.00    ) |  3.944E-04 3.052E-03
    1174 4.9778E-01 3.9438E-04  ( 0.271    ,  1.953E-03,   0.00    ) |  3.944E-04 3.052E-03
    1175 4.9817E-01 3.9433E-04  ( 0.271    ,  1.953E-03,   0.00    ) |  3.943E-04 3.052E-03
    1176 4.9857E-01 3.9428E-04  ( 0.271    ,  1.953E-03,   0.00    ) |  3.943E-04 3.052E-03
    1177 4.9896E-01 3.9422E-04  ( 0.271    ,  1.953E-03,   0.00    ) |  3.942E-04 3.052E-03
    1178 4.9935E-01 3.9417E-04  ( 0.271    ,  1.953E-03,   0.00    ) |  3.942E-04 3.052E-03
    1179 4.9975E-01 3.9412E-04  ( 0.271    ,  1.953E-03,   0.00    ) |  3.941E-04 3.052E-03
 *** Wrote plotfile to flash_run_hdf5_plt_cnt_0020 ****
    1180 5.0014E-01 3.9406E-04  ( 0.271    ,  1.953E-03,   0.00    ) |  3.941E-04 3.052E-03
    1181 5.0054E-01 3.9401E-04  ( 0.271    ,  1.953E-03,   0.00    ) |  3.940E-04 3.052E-03
    1182 5.0093E-01 3.9396E-04  ( 0.271    ,  1.953E-03,   0.00    ) |  3.940E-04 3.052E-03
    1183 5.0132E-01 3.9391E-04  ( 0.271    ,  1.953E-03,   0.00    ) |  3.939E-04 3.052E-03
    1184 5.0172E-01 3.9386E-04  ( 0.271    ,  1.953E-03,   0.00    ) |  3.939E-04 3.052E-03
    1185 5.0211E-01 3.9380E-04  ( 0.271    ,  1.953E-03,   0.00    ) |  3.938E-04 3.052E-03
    1186 5.0251E-01 3.9375E-04  ( 0.271    ,  1.953E-03,   0.00    ) |  3.938E-04 3.052E-03
    1187 5.0290E-01 3.9370E-04  ( 0.271    ,  1.953E-03,   0.00    ) |  3.937E-04 3.052E-03
    1188 5.0329E-01 3.9365E-04  ( 0.271    ,  1.953E-03,   0.00    ) |  3.936E-04 3.052E-03
    1189 5.0369E-01 3.9360E-04  ( 0.271    ,  1.953E-03,   0.00    ) |  3.936E-04 3.052E-03
    1190 5.0408E-01 3.9354E-04  ( 0.271    ,  1.953E-03,   0.00    ) |  3.935E-04 3.052E-03
    1191 5.0447E-01 3.9349E-04  ( 0.271    ,  1.953E-03,   0.00    ) |  3.935E-04 3.052E-03
    1192 5.0487E-01 3.9344E-04  ( 0.271    ,  1.953E-03,   0.00    ) |  3.934E-04 3.052E-03
    1193 5.0526E-01 3.9339E-04  ( 0.271    ,  1.953E-03,   0.00    ) |  3.934E-04 3.052E-03
    1194 5.0565E-01 3.9334E-04  ( 0.271    ,  1.953E-03,   0.00    ) |  3.933E-04 3.052E-03
    1195 5.0605E-01 3.9329E-04  ( 0.271    ,  1.953E-03,   0.00    ) |  3.933E-04 3.052E-03
    1196 5.0644E-01 3.9324E-04  ( 0.271    ,  1.953E-03,   0.00    ) |  3.932E-04 3.052E-03
    1197 5.0683E-01 3.9319E-04  ( 0.271    ,  1.953E-03,   0.00    ) |  3.932E-04 3.052E-03
    1198 5.0723E-01 3.9314E-04  ( 0.271    ,  1.953E-03,   0.00    ) |  3.931E-04 3.052E-03
    1199 5.0762E-01 3.9309E-04  ( 0.271    ,  1.953E-03,   0.00    ) |  3.931E-04 3.052E-03
    1200 5.0801E-01 3.9304E-04  ( 0.275    ,  1.953E-03,   0.00    ) |  3.930E-04 3.052E-03
    1201 5.0841E-01 3.9298E-04  ( 0.275    ,  1.953E-03,   0.00    ) |  3.930E-04 3.052E-03
    1202 5.0880E-01 3.9293E-04  ( 0.275    ,  1.953E-03,   0.00    ) |  3.929E-04 3.052E-03
    1203 5.0919E-01 3.9288E-04  ( 0.275    ,  1.953E-03,   0.00    ) |  3.929E-04 3.052E-03
    1204 5.0959E-01 3.9283E-04  ( 0.275    ,  1.953E-03,   0.00    ) |  3.928E-04 3.052E-03
    1205 5.0998E-01 3.9278E-04  ( 0.275    ,  1.953E-03,   0.00    ) |  3.928E-04 3.052E-03
    1206 5.1037E-01 3.9273E-04  ( 0.275    ,  1.953E-03,   0.00    ) |  3.927E-04 3.052E-03
    1207 5.1076E-01 3.9268E-04  ( 0.275    ,  1.953E-03,   0.00    ) |  3.927E-04 3.052E-03
    1208 5.1116E-01 3.9263E-04  ( 0.275    ,  1.953E-03,   0.00    ) |  3.926E-04 3.052E-03
    1209 5.1155E-01 3.9258E-04  ( 0.275    ,  1.953E-03,   0.00    ) |  3.926E-04 3.052E-03
    1210 5.1194E-01 3.9253E-04  ( 0.275    ,  1.953E-03,   0.00    ) |  3.925E-04 3.052E-03
    1211 5.1233E-01 3.9248E-04  ( 0.275    ,  1.953E-03,   0.00    ) |  3.925E-04 3.052E-03
    1212 5.1273E-01 3.9243E-04  ( 0.275    ,  1.953E-03,   0.00    ) |  3.924E-04 3.052E-03
    1213 5.1312E-01 3.9238E-04  ( 0.275    ,  1.953E-03,   0.00    ) |  3.924E-04 3.052E-03
    1214 5.1351E-01 3.9233E-04  ( 0.275    ,  1.953E-03,   0.00    ) |  3.923E-04 3.052E-03
    1215 5.1390E-01 3.9228E-04  ( 0.275    ,  1.953E-03,   0.00    ) |  3.923E-04 3.052E-03
    1216 5.1430E-01 3.9223E-04  ( 0.275    ,  1.953E-03,   0.00    ) |  3.922E-04 3.052E-03
    1217 5.1469E-01 3.9218E-04  ( 0.275    ,  1.953E-03,   0.00    ) |  3.922E-04 3.052E-03
    1218 5.1508E-01 3.9213E-04  ( 0.275    ,  1.953E-03,   0.00    ) |  3.921E-04 3.052E-03
    1219 5.1547E-01 3.9208E-04  ( 0.275    ,  1.953E-03,   0.00    ) |  3.921E-04 3.052E-03
    1220 5.1587E-01 3.9203E-04  ( 0.275    ,  1.953E-03,   0.00    ) |  3.920E-04 3.052E-03
    1221 5.1626E-01 3.9198E-04  ( 0.275    ,  1.953E-03,   0.00    ) |  3.920E-04 3.052E-03
    1222 5.1665E-01 3.9193E-04  ( 0.275    ,  1.953E-03,   0.00    ) |  3.919E-04 3.052E-03
    1223 5.1704E-01 3.9188E-04  ( 0.275    ,  1.953E-03,   0.00    ) |  3.919E-04 3.052E-03
    1224 5.1743E-01 3.9183E-04  ( 0.275    ,  1.953E-03,   0.00    ) |  3.918E-04 3.052E-03
    1225 5.1782E-01 3.9179E-04  ( 0.275    ,  1.953E-03,   0.00    ) |  3.918E-04 3.052E-03
    1226 5.1822E-01 3.9174E-04  ( 0.275    ,  1.953E-03,   0.00    ) |  3.917E-04 3.052E-03
    1227 5.1861E-01 3.9169E-04  ( 0.275    ,  1.953E-03,   0.00    ) |  3.917E-04 3.052E-03
    1228 5.1900E-01 3.9164E-04  ( 0.275    ,  1.953E-03,   0.00    ) |  3.916E-04 3.052E-03
    1229 5.1939E-01 3.9159E-04  ( 0.275    ,  1.953E-03,   0.00    ) |  3.916E-04 3.052E-03
    1230 5.1978E-01 3.9155E-04  ( 0.275    ,  1.953E-03,   0.00    ) |  3.915E-04 3.052E-03
    1231 5.2017E-01 3.9150E-04  ( 0.275    ,  1.953E-03,   0.00    ) |  3.915E-04 3.052E-03
    1232 5.2057E-01 3.9145E-04  ( 0.275    ,  1.953E-03,   0.00    ) |  3.914E-04 3.052E-03
    1233 5.2096E-01 3.9140E-04  ( 0.275    ,  1.953E-03,   0.00    ) |  3.914E-04 3.052E-03
    1234 5.2135E-01 3.9135E-04  ( 0.275    ,  1.953E-03,   0.00    ) |  3.914E-04 3.052E-03
    1235 5.2174E-01 3.9131E-04  ( 0.275    ,  1.953E-03,   0.00    ) |  3.913E-04 3.052E-03
    1236 5.2213E-01 3.9126E-04  ( 0.275    ,  1.953E-03,   0.00    ) |  3.913E-04 3.052E-03
    1237 5.2252E-01 3.9121E-04  ( 0.275    ,  1.953E-03,   0.00    ) |  3.912E-04 3.052E-03
    1238 5.2291E-01 3.9116E-04  ( 0.275    ,  1.953E-03,   0.00    ) |  3.912E-04 3.052E-03
    1239 5.2331E-01 3.9112E-04  ( 0.275    ,  1.953E-03,   0.00    ) |  3.911E-04 3.052E-03
    1240 5.2370E-01 3.9107E-04  ( 0.275    ,  1.953E-03,   0.00    ) |  3.911E-04 3.052E-03
    1241 5.2409E-01 3.9102E-04  ( 0.275    ,  1.953E-03,   0.00    ) |  3.910E-04 3.052E-03
    1242 5.2448E-01 3.9098E-04  ( 0.275    ,  1.953E-03,   0.00    ) |  3.910E-04 3.052E-03
    1243 5.2487E-01 3.9093E-04  ( 0.275    ,  1.953E-03,   0.00    ) |  3.909E-04 3.052E-03
 *** Wrote plotfile to flash_run_hdf5_plt_cnt_0021 ****
    1244 5.2526E-01 3.9088E-04  ( 0.275    ,  1.953E-03,   0.00    ) |  3.909E-04 3.052E-03
    1245 5.2565E-01 3.9084E-04  ( 0.275    ,  1.953E-03,   0.00    ) |  3.908E-04 3.052E-03
    1246 5.2604E-01 3.9079E-04  ( 0.275    ,  1.953E-03,   0.00    ) |  3.908E-04 3.052E-03
    1247 5.2643E-01 3.9075E-04  ( 0.275    ,  1.953E-03,   0.00    ) |  3.907E-04 3.052E-03
    1248 5.2682E-01 3.9070E-04  ( 0.275    ,  1.953E-03,   0.00    ) |  3.907E-04 3.052E-03
    1249 5.2721E-01 3.9065E-04  ( 0.275    ,  1.953E-03,   0.00    ) |  3.907E-04 3.052E-03
    1250 5.2761E-01 3.9061E-04  ( 0.275    ,  1.953E-03,   0.00    ) |  3.906E-04 3.052E-03
    1251 5.2800E-01 3.9056E-04  ( 0.275    ,  1.953E-03,   0.00    ) |  3.906E-04 3.052E-03
    1252 5.2839E-01 3.9052E-04  ( 0.275    ,  1.953E-03,   0.00    ) |  3.905E-04 3.052E-03
    1253 5.2878E-01 3.9047E-04  ( 0.275    ,  1.953E-03,   0.00    ) |  3.905E-04 3.052E-03
    1254 5.2917E-01 3.9043E-04  ( 0.275    ,  1.953E-03,   0.00    ) |  3.904E-04 3.052E-03
    1255 5.2956E-01 3.9038E-04  ( 0.275    ,  1.953E-03,   0.00    ) |  3.904E-04 3.052E-03
    1256 5.2995E-01 3.9034E-04  ( 0.279    ,  1.953E-03,   0.00    ) |  3.903E-04 3.052E-03
    1257 5.3034E-01 3.9029E-04  ( 0.279    ,  1.953E-03,   0.00    ) |  3.903E-04 3.052E-03
    1258 5.3073E-01 3.9024E-04  ( 0.279    ,  1.953E-03,   0.00    ) |  3.902E-04 3.052E-03
    1259 5.3112E-01 3.9020E-04  ( 0.279    ,  1.953E-03,   0.00    ) |  3.902E-04 3.052E-03
    1260 5.3151E-01 3.9015E-04  ( 0.279    ,  1.953E-03,   0.00    ) |  3.902E-04 3.052E-03
    1261 5.3190E-01 3.9011E-04  ( 0.279    ,  1.953E-03,   0.00    ) |  3.901E-04 3.052E-03
    1262 5.3229E-01 3.9006E-04  ( 0.279    ,  1.953E-03,   0.00    ) |  3.901E-04 3.052E-03
    1263 5.3268E-01 3.9001E-04  ( 0.279    , -1.953E-03,   0.00    ) |  3.900E-04 3.052E-03
    1264 5.3307E-01 3.8997E-04  ( 0.279    ,  1.953E-03,   0.00    ) |  3.900E-04 3.052E-03
    1265 5.3346E-01 3.8992E-04  ( 0.279    ,  1.953E-03,   0.00    ) |  3.899E-04 3.052E-03
    1266 5.3385E-01 3.8988E-04  ( 0.279    , -1.953E-03,   0.00    ) |  3.899E-04 3.052E-03
    1267 5.3424E-01 3.8983E-04  ( 0.279    ,  1.953E-03,   0.00    ) |  3.898E-04 3.052E-03
    1268 5.3463E-01 3.8979E-04  ( 0.279    ,  1.953E-03,   0.00    ) |  3.898E-04 3.052E-03
    1269 5.3502E-01 3.8974E-04  ( 0.279    ,  1.953E-03,   0.00    ) |  3.897E-04 3.052E-03
    1270 5.3541E-01 3.8970E-04  ( 0.279    ,  1.953E-03,   0.00    ) |  3.897E-04 3.052E-03
    1271 5.3580E-01 3.8965E-04  ( 0.279    ,  1.953E-03,   0.00    ) |  3.897E-04 3.052E-03
    1272 5.3619E-01 3.8961E-04  ( 0.279    ,  1.953E-03,   0.00    ) |  3.896E-04 3.052E-03
    1273 5.3658E-01 3.8957E-04  ( 0.279    , -1.953E-03,   0.00    ) |  3.896E-04 3.052E-03
    1274 5.3697E-01 3.8952E-04  ( 0.279    , -1.953E-03,   0.00    ) |  3.895E-04 3.052E-03
    1275 5.3736E-01 3.8948E-04  ( 0.279    , -1.953E-03,   0.00    ) |  3.895E-04 3.052E-03
    1276 5.3775E-01 3.8943E-04  ( 0.279    , -1.953E-03,   0.00    ) |  3.894E-04 3.052E-03
    1277 5.3814E-01 3.8939E-04  ( 0.279    , -1.953E-03,   0.00    ) |  3.894E-04 3.052E-03
    1278 5.3852E-01 3.8935E-04  ( 0.279    ,  1.953E-03,   0.00    ) |  3.893E-04 3.052E-03
    1279 5.3891E-01 3.8930E-04  ( 0.279    , -1.953E-03,   0.00    ) |  3.893E-04 3.052E-03
    1280 5.3930E-01 3.8926E-04  ( 0.279    ,  1.953E-03,   0.00    ) |  3.893E-04 3.052E-03
    1281 5.3969E-01 3.8922E-04  ( 0.279    ,  1.953E-03,   0.00    ) |  3.892E-04 3.052E-03
    1282 5.4008E-01 3.8917E-04  ( 0.279    ,  1.953E-03,   0.00    ) |  3.892E-04 3.052E-03
    1283 5.4047E-01 3.8913E-04  ( 0.279    ,  1.953E-03,   0.00    ) |  3.891E-04 3.052E-03
    1284 5.4086E-01 3.8909E-04  ( 0.279    ,  1.953E-03,   0.00    ) |  3.891E-04 3.052E-03
    1285 5.4125E-01 3.8904E-04  ( 0.279    ,  1.953E-03,   0.00    ) |  3.890E-04 3.052E-03
    1286 5.4164E-01 3.8900E-04  ( 0.279    ,  1.953E-03,   0.00    ) |  3.890E-04 3.052E-03
    1287 5.4203E-01 3.8896E-04  ( 0.279    ,  1.953E-03,   0.00    ) |  3.890E-04 3.052E-03
    1288 5.4242E-01 3.8892E-04  ( 0.279    ,  1.953E-03,   0.00    ) |  3.889E-04 3.052E-03
    1289 5.4281E-01 3.8887E-04  ( 0.279    ,  1.953E-03,   0.00    ) |  3.889E-04 3.052E-03
    1290 5.4319E-01 3.8883E-04  ( 0.279    ,  1.953E-03,   0.00    ) |  3.888E-04 3.052E-03
    1291 5.4358E-01 3.8879E-04  ( 0.279    ,  1.953E-03,   0.00    ) |  3.888E-04 3.052E-03
    1292 5.4397E-01 3.8875E-04  ( 0.279    ,  1.953E-03,   0.00    ) |  3.887E-04 3.052E-03
    1293 5.4436E-01 3.8870E-04  ( 0.279    ,  1.953E-03,   0.00    ) |  3.887E-04 3.052E-03
    1294 5.4475E-01 3.8866E-04  ( 0.279    ,  1.953E-03,   0.00    ) |  3.887E-04 3.052E-03
    1295 5.4514E-01 3.8862E-04  ( 0.279    ,  1.953E-03,   0.00    ) |  3.886E-04 3.052E-03
    1296 5.4553E-01 3.8858E-04  ( 0.279    ,  1.953E-03,   0.00    ) |  3.886E-04 3.052E-03
    1297 5.4592E-01 3.8854E-04  ( 0.279    ,  1.953E-03,   0.00    ) |  3.885E-04 3.052E-03
    1298 5.4630E-01 3.8850E-04  ( 0.279    ,  1.953E-03,   0.00    ) |  3.885E-04 3.052E-03
    1299 5.4669E-01 3.8846E-04  ( 0.279    ,  1.953E-03,   0.00    ) |  3.885E-04 3.052E-03
    1300 5.4708E-01 3.8841E-04  ( 0.279    ,  1.953E-03,   0.00    ) |  3.884E-04 3.052E-03
    1301 5.4747E-01 3.8837E-04  ( 0.279    ,  1.953E-03,   0.00    ) |  3.884E-04 3.052E-03
    1302 5.4786E-01 3.8833E-04  ( 0.283    ,  1.953E-03,   0.00    ) |  3.883E-04 3.052E-03
    1303 5.4825E-01 3.8829E-04  ( 0.283    ,  1.953E-03,   0.00    ) |  3.883E-04 3.052E-03
    1304 5.4863E-01 3.8825E-04  ( 0.283    ,  1.953E-03,   0.00    ) |  3.882E-04 3.052E-03
    1305 5.4902E-01 3.8821E-04  ( 0.283    ,  1.953E-03,   0.00    ) |  3.882E-04 3.052E-03
    1306 5.4941E-01 3.8816E-04  ( 0.283    ,  1.953E-03,   0.00    ) |  3.882E-04 3.052E-03
    1307 5.4980E-01 3.8812E-04  ( 0.283    ,  1.953E-03,   0.00    ) |  3.881E-04 3.052E-03
 *** Wrote plotfile to flash_run_hdf5_plt_cnt_0022 ****
    1308 5.5019E-01 3.8808E-04  ( 0.283    ,  1.953E-03,   0.00    ) |  3.881E-04 3.052E-03
    1309 5.5057E-01 3.8804E-04  ( 0.283    ,  1.953E-03,   0.00    ) |  3.880E-04 3.052E-03
    1310 5.5096E-01 3.8800E-04  ( 0.283    ,  1.953E-03,   0.00    ) |  3.880E-04 3.052E-03
    1311 5.5135E-01 3.8796E-04  ( 0.283    ,  1.953E-03,   0.00    ) |  3.880E-04 3.052E-03
    1312 5.5174E-01 3.8792E-04  ( 0.283    ,  1.953E-03,   0.00    ) |  3.879E-04 3.052E-03
    1313 5.5213E-01 3.8788E-04  ( 0.283    ,  1.953E-03,   0.00    ) |  3.879E-04 3.052E-03
    1314 5.5251E-01 3.8783E-04  ( 0.283    ,  1.953E-03,   0.00    ) |  3.878E-04 3.052E-03
    1315 5.5290E-01 3.8779E-04  ( 0.283    ,  1.953E-03,   0.00    ) |  3.878E-04 3.052E-03
    1316 5.5329E-01 3.8775E-04  ( 0.283    ,  1.953E-03,   0.00    ) |  3.878E-04 3.052E-03
    1317 5.5368E-01 3.8771E-04  ( 0.283    ,  1.953E-03,   0.00    ) |  3.877E-04 3.052E-03
    1318 5.5407E-01 3.8767E-04  ( 0.283    ,  1.953E-03,   0.00    ) |  3.877E-04 3.052E-03
    1319 5.5445E-01 3.8763E-04  ( 0.283    ,  1.953E-03,   0.00    ) |  3.876E-04 3.052E-03
    1320 5.5484E-01 3.8759E-04  ( 0.283    ,  1.953E-03,   0.00    ) |  3.876E-04 3.052E-03
    1321 5.5523E-01 3.8755E-04  ( 0.283    ,  1.953E-03,   0.00    ) |  3.876E-04 3.052E-03
    1322 5.5562E-01 3.8751E-04  ( 0.283    ,  1.953E-03,   0.00    ) |  3.875E-04 3.052E-03
    1323 5.5600E-01 3.8747E-04  ( 0.283    ,  1.953E-03,   0.00    ) |  3.875E-04 3.052E-03
    1324 5.5639E-01 3.8743E-04  ( 0.283    ,  1.953E-03,   0.00    ) |  3.874E-04 3.052E-03
    1325 5.5678E-01 3.8739E-04  ( 0.283    ,  1.953E-03,   0.00    ) |  3.874E-04 3.052E-03
    1326 5.5717E-01 3.8736E-04  ( 0.283    ,  1.953E-03,   0.00    ) |  3.874E-04 3.052E-03
    1327 5.5755E-01 3.8732E-04  ( 0.283    ,  1.953E-03,   0.00    ) |  3.873E-04 3.052E-03
    1328 5.5794E-01 3.8728E-04  ( 0.283    ,  1.953E-03,   0.00    ) |  3.873E-04 3.052E-03
    1329 5.5833E-01 3.8724E-04  ( 0.283    ,  1.953E-03,   0.00    ) |  3.872E-04 3.052E-03
    1330 5.5872E-01 3.8720E-04  ( 0.283    ,  1.953E-03,   0.00    ) |  3.872E-04 3.052E-03
    1331 5.5910E-01 3.8716E-04  ( 0.283    ,  1.953E-03,   0.00    ) |  3.872E-04 3.052E-03
    1332 5.5949E-01 3.8712E-04  ( 0.283    ,  1.953E-03,   0.00    ) |  3.871E-04 3.052E-03
    1333 5.5988E-01 3.8708E-04  ( 0.283    ,  1.953E-03,   0.00    ) |  3.871E-04 3.052E-03
    1334 5.6026E-01 3.8704E-04  ( 0.283    ,  1.953E-03,   0.00    ) |  3.870E-04 3.052E-03
    1335 5.6065E-01 3.8701E-04  ( 0.283    ,  1.953E-03,   0.00    ) |  3.870E-04 3.052E-03
    1336 5.6104E-01 3.8697E-04  ( 0.283    ,  1.953E-03,   0.00    ) |  3.870E-04 3.052E-03
    1337 5.6142E-01 3.8693E-04  ( 0.283    ,  1.953E-03,   0.00    ) |  3.869E-04 3.052E-03
    1338 5.6181E-01 3.8689E-04  ( 0.283    ,  1.953E-03,   0.00    ) |  3.869E-04 3.052E-03
    1339 5.6220E-01 3.8686E-04  ( 0.283    ,  1.953E-03,   0.00    ) |  3.869E-04 3.052E-03
    1340 5.6259E-01 3.8682E-04  ( 0.283    ,  1.953E-03,   0.00    ) |  3.868E-04 3.052E-03
    1341 5.6297E-01 3.8678E-04  ( 0.283    ,  1.953E-03,   0.00    ) |  3.868E-04 3.052E-03
    1342 5.6336E-01 3.8674E-04  ( 0.283    ,  1.953E-03,   0.00    ) |  3.867E-04 3.052E-03
    1343 5.6375E-01 3.8671E-04  ( 0.283    ,  1.953E-03,   0.00    ) |  3.867E-04 3.052E-03
    1344 5.6413E-01 3.8667E-04  ( 0.283    ,  1.953E-03,   0.00    ) |  3.867E-04 3.052E-03
    1345 5.6452E-01 3.8664E-04  ( 0.283    ,  1.953E-03,   0.00    ) |  3.866E-04 3.052E-03
    1346 5.6491E-01 3.8660E-04  ( 0.283    ,  1.953E-03,   0.00    ) |  3.866E-04 3.052E-03
    1347 5.6529E-01 3.8656E-04  ( 0.287    ,  1.953E-03,   0.00    ) |  3.866E-04 3.052E-03
    1348 5.6568E-01 3.8652E-04  ( 0.287    ,  1.953E-03,   0.00    ) |  3.865E-04 3.052E-03
    1349 5.6607E-01 3.8649E-04  ( 0.287    ,  1.953E-03,   0.00    ) |  3.865E-04 3.052E-03
    1350 5.6645E-01 3.8645E-04  ( 0.287    ,  1.953E-03,   0.00    ) |  3.864E-04 3.052E-03
    1351 5.6684E-01 3.8641E-04  ( 0.287    ,  1.953E-03,   0.00    ) |  3.864E-04 3.052E-03
    1352 5.6722E-01 3.8637E-04  ( 0.287    ,  1.953E-03,   0.00    ) |  3.864E-04 3.052E-03
    1353 5.6761E-01 3.8633E-04  ( 0.287    ,  1.953E-03,   0.00    ) |  3.863E-04 3.052E-03
    1354 5.6800E-01 3.8630E-04  ( 0.287    ,  1.953E-03,   0.00    ) |  3.863E-04 3.052E-03
    1355 5.6838E-01 3.8626E-04  ( 0.287    ,  1.953E-03,   0.00    ) |  3.863E-04 3.052E-03
    1356 5.6877E-01 3.8622E-04  ( 0.287    ,  1.953E-03,   0.00    ) |  3.862E-04 3.052E-03
    1357 5.6916E-01 3.8619E-04  ( 0.287    ,  1.953E-03,   0.00    ) |  3.862E-04 3.052E-03
    1358 5.6954E-01 3.8615E-04  ( 0.287    ,  1.953E-03,   0.00    ) |  3.861E-04 3.052E-03
    1359 5.6993E-01 3.8611E-04  (-0.287    ,  1.953E-03,   0.00    ) |  3.861E-04 3.052E-03
    1360 5.7031E-01 3.8608E-04  (-0.287    ,  1.953E-03,   0.00    ) |  3.861E-04 3.052E-03
    1361 5.7070E-01 3.8604E-04  (-0.287    ,  1.953E-03,   0.00    ) |  3.860E-04 3.052E-03
    1362 5.7109E-01 3.8600E-04  (-0.287    ,  1.953E-03,   0.00    ) |  3.860E-04 3.052E-03
    1363 5.7147E-01 3.8597E-04  (-0.287    ,  1.953E-03,   0.00    ) |  3.860E-04 3.052E-03
    1364 5.7186E-01 3.8593E-04  (-0.287    ,  1.953E-03,   0.00    ) |  3.859E-04 3.052E-03
    1365 5.7224E-01 3.8590E-04  ( 0.287    ,  1.953E-03,   0.00    ) |  3.859E-04 3.052E-03
    1366 5.7263E-01 3.8586E-04  ( 0.287    ,  1.953E-03,   0.00    ) |  3.859E-04 3.052E-03
    1367 5.7302E-01 3.8583E-04  ( 0.287    ,  1.953E-03,   0.00    ) |  3.858E-04 3.052E-03
    1368 5.7340E-01 3.8579E-04  ( 0.287    ,  1.953E-03,   0.00    ) |  3.858E-04 3.052E-03
    1369 5.7379E-01 3.8575E-04  ( 0.287    ,  1.953E-03,   0.00    ) |  3.858E-04 3.052E-03
    1370 5.7417E-01 3.8572E-04  ( 0.287    ,  1.953E-03,   0.00    ) |  3.857E-04 3.052E-03
    1371 5.7456E-01 3.8568E-04  ( 0.287    ,  1.953E-03,   0.00    ) |  3.857E-04 3.052E-03
    1372 5.7495E-01 3.8565E-04  ( 0.287    ,  1.953E-03,   0.00    ) |  3.856E-04 3.052E-03
 *** Wrote plotfile to flash_run_hdf5_plt_cnt_0023 ****
    1373 5.7533E-01 3.8561E-04  ( 0.287    ,  1.953E-03,   0.00    ) |  3.856E-04 3.052E-03
    1374 5.7572E-01 3.8558E-04  ( 0.287    ,  1.953E-03,   0.00    ) |  3.856E-04 3.052E-03
    1375 5.7610E-01 3.8554E-04  ( 0.287    ,  1.953E-03,   0.00    ) |  3.855E-04 3.052E-03
    1376 5.7649E-01 3.8551E-04  ( 0.287    ,  1.953E-03,   0.00    ) |  3.855E-04 3.052E-03
    1377 5.7687E-01 3.8548E-04  ( 0.287    ,  1.953E-03,   0.00    ) |  3.855E-04 3.052E-03
    1378 5.7726E-01 3.8544E-04  ( 0.287    ,  1.953E-03,   0.00    ) |  3.854E-04 3.052E-03
    1379 5.7764E-01 3.8541E-04  ( 0.287    ,  1.953E-03,   0.00    ) |  3.854E-04 3.052E-03
    1380 5.7803E-01 3.8537E-04  ( 0.287    ,  1.953E-03,   0.00    ) |  3.854E-04 3.052E-03
    1381 5.7841E-01 3.8534E-04  (-0.287    ,  1.953E-03,   0.00    ) |  3.853E-04 3.052E-03
    1382 5.7880E-01 3.8530E-04  (-0.287    ,  1.953E-03,   0.00    ) |  3.853E-04 3.052E-03
    1383 5.7919E-01 3.8527E-04  (-0.287    ,  1.953E-03,   0.00    ) |  3.853E-04 3.052E-03
    1384 5.7957E-01 3.8524E-04  (-0.287    ,  1.953E-03,   0.00    ) |  3.852E-04 3.052E-03
    1385 5.7996E-01 3.8520E-04  (-0.287    ,  1.953E-03,   0.00    ) |  3.852E-04 3.052E-03
    1386 5.8034E-01 3.8517E-04  (-0.287    ,  1.953E-03,   0.00    ) |  3.852E-04 3.052E-03
    1387 5.8073E-01 3.8514E-04  (-0.287    ,  1.953E-03,   0.00    ) |  3.851E-04 3.052E-03
    1388 5.8111E-01 3.8510E-04  (-0.287    ,  1.953E-03,   0.00    ) |  3.851E-04 3.052E-03
    1389 5.8150E-01 3.8507E-04  (-0.287    ,  1.953E-03,   0.00    ) |  3.851E-04 3.052E-03
    1390 5.8188E-01 3.8504E-04  (-0.287    ,  1.953E-03,   0.00    ) |  3.850E-04 3.052E-03
    1391 5.8227E-01 3.8501E-04  (-0.287    ,  1.953E-03,   0.00    ) |  3.850E-04 3.052E-03
    1392 5.8265E-01 3.8497E-04  ( 0.287    ,  1.953E-03,   0.00    ) |  3.850E-04 3.052E-03
    1393 5.8304E-01 3.8494E-04  ( 0.287    ,  1.953E-03,   0.00    ) |  3.849E-04 3.052E-03
    1394 5.8342E-01 3.8491E-04  ( 0.287    ,  1.953E-03,   0.00    ) |  3.849E-04 3.052E-03
    1395 5.8381E-01 3.8488E-04  ( 0.287    ,  1.953E-03,   0.00    ) |  3.849E-04 3.052E-03
    1396 5.8419E-01 3.8485E-04  ( 0.287    ,  1.953E-03,   0.00    ) |  3.848E-04 3.052E-03
    1397 5.8458E-01 3.8481E-04  ( 0.287    ,  1.953E-03,   0.00    ) |  3.848E-04 3.052E-03
    1398 5.8496E-01 3.8478E-04  ( 0.287    ,  1.953E-03,   0.00    ) |  3.848E-04 3.052E-03
    1399 5.8535E-01 3.8475E-04  ( 0.287    ,  1.953E-03,   0.00    ) |  3.848E-04 3.052E-03
    1400 5.8573E-01 3.8472E-04  ( 0.287    ,  1.953E-03,   0.00    ) |  3.847E-04 3.052E-03
    1401 5.8612E-01 3.8469E-04  ( 0.287    , -1.953E-03,   0.00    ) |  3.847E-04 3.052E-03
    1402 5.8650E-01 3.8466E-04  ( 0.291    ,  1.953E-03,   0.00    ) |  3.847E-04 3.052E-03
    1403 5.8688E-01 3.8462E-04  ( 0.291    ,  1.953E-03,   0.00    ) |  3.846E-04 3.052E-03
    1404 5.8727E-01 3.8459E-04  ( 0.291    ,  1.953E-03,   0.00    ) |  3.846E-04 3.052E-03
    1405 5.8765E-01 3.8456E-04  ( 0.291    ,  1.953E-03,   0.00    ) |  3.846E-04 3.052E-03
    1406 5.8804E-01 3.8453E-04  ( 0.291    ,  1.953E-03,   0.00    ) |  3.845E-04 3.052E-03
    1407 5.8842E-01 3.8449E-04  ( 0.291    ,  1.953E-03,   0.00    ) |  3.845E-04 3.052E-03
    1408 5.8881E-01 3.8446E-04  (-0.291    ,  1.953E-03,   0.00    ) |  3.845E-04 3.052E-03
    1409 5.8919E-01 3.8443E-04  (-0.291    ,  1.953E-03,   0.00    ) |  3.844E-04 3.052E-03
    1410 5.8958E-01 3.8440E-04  (-0.291    ,  1.953E-03,   0.00    ) |  3.844E-04 3.052E-03
    1411 5.8996E-01 3.8436E-04  (-0.291    ,  1.953E-03,   0.00    ) |  3.844E-04 3.052E-03
    1412 5.9035E-01 3.8433E-04  (-0.291    ,  1.953E-03,   0.00    ) |  3.843E-04 3.052E-03
    1413 5.9073E-01 3.8430E-04  (-0.291    ,  1.953E-03,   0.00    ) |  3.843E-04 3.052E-03
    1414 5.9111E-01 3.8427E-04  (-0.291    , -1.953E-03,   0.00    ) |  3.843E-04 3.052E-03
    1415 5.9150E-01 3.8424E-04  (-0.291    , -1.953E-03,   0.00    ) |  3.842E-04 3.052E-03
    1416 5.9188E-01 3.8421E-04  (-0.291    , -1.953E-03,   0.00    ) |  3.842E-04 3.052E-03
    1417 5.9227E-01 3.8418E-04  (-0.291    , -1.953E-03,   0.00    ) |  3.842E-04 3.052E-03
    1418 5.9265E-01 3.8415E-04  (-0.291    , -1.953E-03,   0.00    ) |  3.841E-04 3.052E-03
    1419 5.9303E-01 3.8411E-04  ( 0.291    ,  1.953E-03,   0.00    ) |  3.841E-04 3.052E-03
    1420 5.9342E-01 3.8408E-04  ( 0.291    , -1.953E-03,   0.00    ) |  3.841E-04 3.052E-03
    1421 5.9380E-01 3.8405E-04  ( 0.291    ,  1.953E-03,   0.00    ) |  3.841E-04 3.052E-03
    1422 5.9419E-01 3.8402E-04  ( 0.291    ,  1.953E-03,   0.00    ) |  3.840E-04 3.052E-03
    1423 5.9457E-01 3.8399E-04  ( 0.291    ,  1.953E-03,   0.00    ) |  3.840E-04 3.052E-03
    1424 5.9496E-01 3.8396E-04  ( 0.291    ,  1.953E-03,   0.00    ) |  3.840E-04 3.052E-03
    1425 5.9534E-01 3.8393E-04  ( 0.291    , -1.953E-03,   0.00    ) |  3.839E-04 3.052E-03
    1426 5.9572E-01 3.8390E-04  ( 0.291    , -1.953E-03,   0.00    ) |  3.839E-04 3.052E-03
    1427 5.9611E-01 3.8387E-04  ( 0.291    , -1.953E-03,   0.00    ) |  3.839E-04 3.052E-03
    1428 5.9649E-01 3.8384E-04  ( 0.291    , -1.953E-03,   0.00    ) |  3.838E-04 3.052E-03
    1429 5.9687E-01 3.8381E-04  (-0.291    , -1.953E-03,   0.00    ) |  3.838E-04 3.052E-03
    1430 5.9726E-01 3.8378E-04  (-0.291    , -1.953E-03,   0.00    ) |  3.838E-04 3.052E-03
    1431 5.9764E-01 3.8375E-04  (-0.291    , -1.953E-03,   0.00    ) |  3.838E-04 3.052E-03
    1432 5.9803E-01 3.8372E-04  (-0.291    , -1.953E-03,   0.00    ) |  3.837E-04 3.052E-03
    1433 5.9841E-01 3.8369E-04  (-0.291    , -1.953E-03,   0.00    ) |  3.837E-04 3.052E-03
    1434 5.9879E-01 3.8367E-04  (-0.291    , -1.953E-03,   0.00    ) |  3.837E-04 3.052E-03
    1435 5.9918E-01 3.8364E-04  (-0.291    , -1.953E-03,   0.00    ) |  3.836E-04 3.052E-03
    1436 5.9956E-01 3.8361E-04  (-0.291    , -1.953E-03,   0.00    ) |  3.836E-04 3.052E-03
    1437 5.9994E-01 3.8358E-04  (-0.291    , -1.953E-03,   0.00    ) |  3.836E-04 3.052E-03
 *** Wrote plotfile to flash_run_hdf5_plt_cnt_0024 ****
    1438 6.0033E-01 3.8355E-04  (-0.291    , -1.953E-03,   0.00    ) |  3.836E-04 3.052E-03
    1439 6.0071E-01 3.8353E-04  (-0.291    , -1.953E-03,   0.00    ) |  3.835E-04 3.052E-03
    1440 6.0110E-01 3.8350E-04  (-0.291    , -1.953E-03,   0.00    ) |  3.835E-04 3.052E-03
    1441 6.0148E-01 3.8347E-04  (-0.291    , -1.953E-03,   0.00    ) |  3.835E-04 3.052E-03
    1442 6.0186E-01 3.8345E-04  (-0.291    , -1.953E-03,   0.00    ) |  3.834E-04 3.052E-03
    1443 6.0225E-01 3.8342E-04  ( 0.291    , -1.953E-03,   0.00    ) |  3.834E-04 3.052E-03
    1444 6.0263E-01 3.8339E-04  ( 0.291    , -1.953E-03,   0.00    ) |  3.834E-04 3.052E-03
    1445 6.0301E-01 3.8337E-04  ( 0.291    , -1.953E-03,   0.00    ) |  3.834E-04 3.052E-03
    1446 6.0340E-01 3.8334E-04  ( 0.291    , -1.953E-03,   0.00    ) |  3.833E-04 3.052E-03
    1447 6.0378E-01 3.8332E-04  ( 0.291    , -1.953E-03,   0.00    ) |  3.833E-04 3.052E-03
    1448 6.0416E-01 3.8329E-04  ( 0.291    , -1.953E-03,   0.00    ) |  3.833E-04 3.052E-03
    1449 6.0455E-01 3.8327E-04  ( 0.291    , -1.953E-03,   0.00    ) |  3.833E-04 3.052E-03
    1450 6.0493E-01 3.8325E-04  ( 0.291    , -1.953E-03,   0.00    ) |  3.832E-04 3.052E-03
    1451 6.0531E-01 3.8322E-04  ( 0.291    , -1.953E-03,   0.00    ) |  3.832E-04 3.052E-03
    1452 6.0570E-01 3.8320E-04  (-0.291    , -1.953E-03,   0.00    ) |  3.832E-04 3.052E-03
    1453 6.0608E-01 3.8318E-04  (-0.291    , -1.953E-03,   0.00    ) |  3.832E-04 3.052E-03
    1454 6.0646E-01 3.8316E-04  (-0.291    , -1.953E-03,   0.00    ) |  3.832E-04 3.052E-03
    1455 6.0684E-01 3.8313E-04  (-0.291    , -1.953E-03,   0.00    ) |  3.831E-04 3.052E-03
    1456 6.0723E-01 3.8311E-04  (-0.291    , -1.953E-03,   0.00    ) |  3.831E-04 3.052E-03
    1457 6.0761E-01 3.8309E-04  (-0.291    , -1.953E-03,   0.00    ) |  3.831E-04 3.052E-03
    1458 6.0799E-01 3.8307E-04  (-0.291    ,  1.953E-03,   0.00    ) |  3.831E-04 3.052E-03
    1459 6.0838E-01 3.8305E-04  (-0.291    ,  1.953E-03,   0.00    ) |  3.830E-04 3.052E-03
    1460 6.0876E-01 3.8303E-04  (-0.291    ,  1.953E-03,   0.00    ) |  3.830E-04 3.052E-03
    1461 6.0914E-01 3.8301E-04  (-0.291    ,  1.953E-03,   0.00    ) |  3.830E-04 3.052E-03
    1462 6.0953E-01 3.8299E-04  (-0.291    ,  1.953E-03,   0.00    ) |  3.830E-04 3.052E-03
    1463 6.0991E-01 3.8297E-04  (-0.291    ,  1.953E-03,   0.00    ) |  3.830E-04 3.052E-03
    1464 6.1029E-01 3.8294E-04  (-0.291    ,  1.953E-03,   0.00    ) |  3.829E-04 3.052E-03
    1465 6.1068E-01 3.8292E-04  (-0.291    ,  1.953E-03,   0.00    ) |  3.829E-04 3.052E-03
    1466 6.1106E-01 3.8290E-04  (-0.295    ,  1.953E-03,   0.00    ) |  3.829E-04 3.052E-03
    1467 6.1144E-01 3.8288E-04  (-0.295    ,  1.953E-03,   0.00    ) |  3.829E-04 3.052E-03
    1468 6.1182E-01 3.8286E-04  ( 0.295    , -1.953E-03,   0.00    ) |  3.829E-04 3.052E-03
    1469 6.1221E-01 3.8284E-04  ( 0.295    , -1.953E-03,   0.00    ) |  3.828E-04 3.052E-03
    1470 6.1259E-01 3.8281E-04  ( 0.295    , -1.953E-03,   0.00    ) |  3.828E-04 3.052E-03
    1471 6.1297E-01 3.8279E-04  ( 0.295    , -1.953E-03,   0.00    ) |  3.828E-04 3.052E-03
    1472 6.1336E-01 3.8277E-04  ( 0.295    , -1.953E-03,   0.00    ) |  3.828E-04 3.052E-03
    1473 6.1374E-01 3.8275E-04  ( 0.295    , -1.953E-03,   0.00    ) |  3.827E-04 3.052E-03
    1474 6.1412E-01 3.8273E-04  ( 0.295    , -1.953E-03,   0.00    ) |  3.827E-04 3.052E-03
    1475 6.1450E-01 3.8271E-04  ( 0.295    , -1.953E-03,   0.00    ) |  3.827E-04 3.052E-03
    1476 6.1489E-01 3.8268E-04  ( 0.295    , -1.953E-03,   0.00    ) |  3.827E-04 3.052E-03
    1477 6.1527E-01 3.8266E-04  ( 0.295    , -1.953E-03,   0.00    ) |  3.827E-04 3.052E-03
    1478 6.1565E-01 3.8264E-04  ( 0.295    , -1.953E-03,   0.00    ) |  3.826E-04 3.052E-03
    1479 6.1603E-01 3.8262E-04  (-0.295    ,  1.953E-03,   0.00    ) |  3.826E-04 3.052E-03
    1480 6.1642E-01 3.8259E-04  (-0.295    ,  1.953E-03,   0.00    ) |  3.826E-04 3.052E-03
    1481 6.1680E-01 3.8257E-04  (-0.295    ,  1.953E-03,   0.00    ) |  3.826E-04 3.052E-03
    1482 6.1718E-01 3.8255E-04  (-0.295    ,  1.953E-03,   0.00    ) |  3.825E-04 3.052E-03
    1483 6.1756E-01 3.8252E-04  (-0.295    ,  1.953E-03,   0.00    ) |  3.825E-04 3.052E-03
    1484 6.1795E-01 3.8250E-04  (-0.295    ,  1.953E-03,   0.00    ) |  3.825E-04 3.052E-03
    1485 6.1833E-01 3.8247E-04  (-0.295    ,  1.953E-03,   0.00    ) |  3.825E-04 3.052E-03
    1486 6.1871E-01 3.8245E-04  (-0.295    ,  1.953E-03,   0.00    ) |  3.825E-04 3.052E-03
    1487 6.1909E-01 3.8243E-04  (-0.295    ,  1.953E-03,   0.00    ) |  3.824E-04 3.052E-03
    1488 6.1948E-01 3.8240E-04  (-0.295    ,  1.953E-03,   0.00    ) |  3.824E-04 3.052E-03
    1489 6.1986E-01 3.8238E-04  (-0.295    ,  1.953E-03,   0.00    ) |  3.824E-04 3.052E-03
    1490 6.2024E-01 3.8235E-04  (-0.295    ,  1.953E-03,   0.00    ) |  3.824E-04 3.052E-03
    1491 6.2062E-01 3.8233E-04  (-0.295    ,  1.953E-03,   0.00    ) |  3.823E-04 3.052E-03
    1492 6.2101E-01 3.8231E-04  (-0.295    ,  1.953E-03,   0.00    ) |  3.823E-04 3.052E-03
    1493 6.2139E-01 3.8228E-04  (-0.295    ,  1.953E-03,   0.00    ) |  3.823E-04 3.052E-03
    1494 6.2177E-01 3.8226E-04  (-0.295    ,  1.953E-03,   0.00    ) |  3.823E-04 3.052E-03
    1495 6.2215E-01 3.8223E-04  (-0.295    ,  1.953E-03,   0.00    ) |  3.822E-04 3.052E-03
    1496 6.2254E-01 3.8221E-04  (-0.295    ,  1.953E-03,   0.00    ) |  3.822E-04 3.052E-03
    1497 6.2292E-01 3.8219E-04  (-0.295    ,  1.953E-03,   0.00    ) |  3.822E-04 3.052E-03
    1498 6.2330E-01 3.8216E-04  (-0.295    ,  1.953E-03,   0.00    ) |  3.822E-04 3.052E-03
    1499 6.2368E-01 3.8214E-04  ( 0.295    , -1.953E-03,   0.00    ) |  3.821E-04 3.052E-03
    1500 6.2406E-01 3.8211E-04  (-0.295    ,  1.953E-03,   0.00    ) |  3.821E-04 3.052E-03
    1501 6.2445E-01 3.8209E-04  (-0.295    ,  1.953E-03,   0.00    ) |  3.821E-04 3.052E-03
    1502 6.2483E-01 3.8207E-04  (-0.295    ,  1.953E-03,   0.00    ) |  3.821E-04 3.052E-03
 *** Wrote plotfile to flash_run_hdf5_plt_cnt_0025 ****
    1503 6.2521E-01 3.8205E-04  (-0.295    ,  1.953E-03,   0.00    ) |  3.820E-04 3.052E-03
    1504 6.2559E-01 3.8202E-04  (-0.295    ,  1.953E-03,   0.00    ) |  3.820E-04 3.052E-03
    1505 6.2597E-01 3.8200E-04  (-0.295    ,  1.953E-03,   0.00    ) |  3.820E-04 3.052E-03
    1506 6.2636E-01 3.8198E-04  ( 0.295    , -1.953E-03,   0.00    ) |  3.820E-04 3.052E-03
    1507 6.2674E-01 3.8196E-04  (-0.295    ,  1.953E-03,   0.00    ) |  3.820E-04 3.052E-03
    1508 6.2712E-01 3.8193E-04  (-0.295    ,  1.953E-03,   0.00    ) |  3.819E-04 3.052E-03
    1509 6.2750E-01 3.8191E-04  (-0.295    ,  1.953E-03,   0.00    ) |  3.819E-04 3.052E-03
    1510 6.2788E-01 3.8189E-04  (-0.295    ,  1.953E-03,   0.00    ) |  3.819E-04 3.052E-03
    1511 6.2827E-01 3.8187E-04  (-0.295    ,  1.953E-03,   0.00    ) |  3.819E-04 3.052E-03
    1512 6.2865E-01 3.8185E-04  (-0.295    ,  1.953E-03,   0.00    ) |  3.819E-04 3.052E-03
    1513 6.2903E-01 3.8183E-04  ( 0.295    , -1.953E-03,   0.00    ) |  3.818E-04 3.052E-03
    1514 6.2941E-01 3.8181E-04  ( 0.295    , -1.953E-03,   0.00    ) |  3.818E-04 3.052E-03
    1515 6.2979E-01 3.8179E-04  (-0.295    ,  1.953E-03,   0.00    ) |  3.818E-04 3.052E-03
    1516 6.3018E-01 3.8177E-04  (-0.295    ,  1.953E-03,   0.00    ) |  3.818E-04 3.052E-03
    1517 6.3056E-01 3.8176E-04  (-0.295    ,  1.953E-03,   0.00    ) |  3.818E-04 3.052E-03
    1518 6.3094E-01 3.8174E-04  (-0.295    ,  1.953E-03,   0.00    ) |  3.817E-04 3.052E-03
    1519 6.3132E-01 3.8172E-04  (-0.295    ,  1.953E-03,   0.00    ) |  3.817E-04 3.052E-03
    1520 6.3170E-01 3.8170E-04  (-0.295    ,  1.953E-03,   0.00    ) |  3.817E-04 3.052E-03
    1521 6.3208E-01 3.8169E-04  (-0.295    ,  1.953E-03,   0.00    ) |  3.817E-04 3.052E-03
    1522 6.3247E-01 3.8167E-04  (-0.295    ,  1.953E-03,   0.00    ) |  3.817E-04 3.052E-03
    1523 6.3285E-01 3.8165E-04  (-0.295    ,  1.953E-03,   0.00    ) |  3.817E-04 3.052E-03
    1524 6.3323E-01 3.8164E-04  (-0.295    ,  1.953E-03,   0.00    ) |  3.816E-04 3.052E-03
    1525 6.3361E-01 3.8162E-04  (-0.295    ,  1.953E-03,   0.00    ) |  3.816E-04 3.052E-03
    1526 6.3399E-01 3.8161E-04  (-0.295    ,  1.953E-03,   0.00    ) |  3.816E-04 3.052E-03
    1527 6.3437E-01 3.8159E-04  (-0.295    ,  1.953E-03,   0.00    ) |  3.816E-04 3.052E-03
    1528 6.3476E-01 3.8157E-04  (-0.295    ,  1.953E-03,   0.00    ) |  3.816E-04 3.052E-03
    1529 6.3514E-01 3.8156E-04  (-0.295    ,  1.953E-03,   0.00    ) |  3.816E-04 3.052E-03
    1530 6.3552E-01 3.8154E-04  (-0.295    ,  1.953E-03,   0.00    ) |  3.815E-04 3.052E-03
    1531 6.3590E-01 3.8153E-04  (-0.295    ,  1.953E-03,   0.00    ) |  3.815E-04 3.052E-03
    1532 6.3628E-01 3.8151E-04  (-0.295    ,  1.953E-03,   0.00    ) |  3.815E-04 3.052E-03
    1533 6.3666E-01 3.8150E-04  (-0.299    ,  1.953E-03,   0.00    ) |  3.815E-04 3.052E-03
    1534 6.3704E-01 3.8148E-04  (-0.299    ,  1.953E-03,   0.00    ) |  3.815E-04 3.052E-03
    1535 6.3743E-01 3.8147E-04  (-0.299    ,  1.953E-03,   0.00    ) |  3.815E-04 3.052E-03
    1536 6.3781E-01 3.8145E-04  ( 0.299    , -1.953E-03,   0.00    ) |  3.815E-04 3.052E-03
    1537 6.3819E-01 3.8144E-04  ( 0.299    , -1.953E-03,   0.00    ) |  3.814E-04 3.052E-03
    1538 6.3857E-01 3.8142E-04  ( 0.299    , -1.953E-03,   0.00    ) |  3.814E-04 3.052E-03
    1539 6.3895E-01 3.8141E-04  (-0.299    ,  1.953E-03,   0.00    ) |  3.814E-04 3.052E-03
    1540 6.3933E-01 3.8139E-04  ( 0.299    , -1.953E-03,   0.00    ) |  3.814E-04 3.052E-03
    1541 6.3971E-01 3.8137E-04  (-0.299    ,  1.953E-03,   0.00    ) |  3.814E-04 3.052E-03
    1542 6.4010E-01 3.8136E-04  (-0.299    ,  1.953E-03,   0.00    ) |  3.814E-04 3.052E-03
    1543 6.4048E-01 3.8134E-04  (-0.299    ,  1.953E-03,   0.00    ) |  3.813E-04 3.052E-03
    1544 6.4086E-01 3.8133E-04  (-0.299    ,  1.953E-03,   0.00    ) |  3.813E-04 3.052E-03
    1545 6.4124E-01 3.8131E-04  (-0.299    ,  1.953E-03,   0.00    ) |  3.813E-04 3.052E-03
    1546 6.4162E-01 3.8130E-04  (-0.299    ,  1.953E-03,   0.00    ) |  3.813E-04 3.052E-03
    1547 6.4200E-01 3.8128E-04  (-0.299    ,  1.953E-03,   0.00    ) |  3.813E-04 3.052E-03
    1548 6.4238E-01 3.8127E-04  (-0.299    ,  1.953E-03,   0.00    ) |  3.813E-04 3.052E-03
    1549 6.4277E-01 3.8125E-04  (-0.299    ,  1.953E-03,   0.00    ) |  3.813E-04 3.052E-03
    1550 6.4315E-01 3.8124E-04  (-0.299    ,  1.953E-03,   0.00    ) |  3.812E-04 3.052E-03
    1551 6.4353E-01 3.8122E-04  (-0.299    ,  1.953E-03,   0.00    ) |  3.812E-04 3.052E-03
    1552 6.4391E-01 3.8121E-04  ( 0.299    , -1.953E-03,   0.00    ) |  3.812E-04 3.052E-03
    1553 6.4429E-01 3.8119E-04  ( 0.299    , -1.953E-03,   0.00    ) |  3.812E-04 3.052E-03
    1554 6.4467E-01 3.8117E-04  ( 0.299    , -1.953E-03,   0.00    ) |  3.812E-04 3.052E-03
    1555 6.4505E-01 3.8116E-04  ( 0.299    , -1.953E-03,   0.00    ) |  3.812E-04 3.052E-03
    1556 6.4543E-01 3.8114E-04  ( 0.299    , -1.953E-03,   0.00    ) |  3.811E-04 3.052E-03
    1557 6.4581E-01 3.8113E-04  (-0.299    ,  1.953E-03,   0.00    ) |  3.811E-04 3.052E-03
    1558 6.4620E-01 3.8111E-04  (-0.299    ,  1.953E-03,   0.00    ) |  3.811E-04 3.052E-03
    1559 6.4658E-01 3.8110E-04  (-0.299    ,  1.953E-03,   0.00    ) |  3.811E-04 3.052E-03
    1560 6.4696E-01 3.8108E-04  (-0.299    ,  1.953E-03,   0.00    ) |  3.811E-04 3.052E-03
    1561 6.4734E-01 3.8107E-04  ( 0.299    , -1.953E-03,   0.00    ) |  3.811E-04 3.052E-03
    1562 6.4772E-01 3.8105E-04  ( 0.299    , -1.953E-03,   0.00    ) |  3.811E-04 3.052E-03
    1563 6.4810E-01 3.8104E-04  ( 0.299    , -1.953E-03,   0.00    ) |  3.810E-04 3.052E-03
    1564 6.4848E-01 3.8102E-04  ( 0.299    , -1.953E-03,   0.00    ) |  3.810E-04 3.052E-03
    1565 6.4886E-01 3.8101E-04  ( 0.299    , -1.953E-03,   0.00    ) |  3.810E-04 3.052E-03
    1566 6.4924E-01 3.8099E-04  ( 0.299    , -1.953E-03,   0.00    ) |  3.810E-04 3.052E-03
    1567 6.4963E-01 3.8098E-04  ( 0.299    , -1.953E-03,   0.00    ) |  3.810E-04 3.052E-03
 *** Wrote plotfile to flash_run_hdf5_plt_cnt_0026 ****
    1568 6.5001E-01 3.8096E-04  ( 0.299    , -1.953E-03,   0.00    ) |  3.810E-04 3.052E-03
    1569 6.5039E-01 3.8095E-04  ( 0.299    , -1.953E-03,   0.00    ) |  3.809E-04 3.052E-03
    1570 6.5077E-01 3.8093E-04  ( 0.299    , -1.953E-03,   0.00    ) |  3.809E-04 3.052E-03
    1571 6.5115E-01 3.8092E-04  ( 0.299    , -1.953E-03,   0.00    ) |  3.809E-04 3.052E-03
    1572 6.5153E-01 3.8090E-04  ( 0.299    , -1.953E-03,   0.00    ) |  3.809E-04 3.052E-03
    1573 6.5191E-01 3.8089E-04  ( 0.299    , -1.953E-03,   0.00    ) |  3.809E-04 3.052E-03
    1574 6.5229E-01 3.8087E-04  ( 0.299    , -1.953E-03,   0.00    ) |  3.809E-04 3.052E-03
    1575 6.5267E-01 3.8086E-04  ( 0.299    , -1.953E-03,   0.00    ) |  3.809E-04 3.052E-03
    1576 6.5305E-01 3.8084E-04  ( 0.299    , -1.953E-03,   0.00    ) |  3.808E-04 3.052E-03
    1577 6.5343E-01 3.8083E-04  ( 0.299    , -1.953E-03,   0.00    ) |  3.808E-04 3.052E-03
    1578 6.5382E-01 3.8081E-04  ( 0.299    , -1.953E-03,   0.00    ) |  3.808E-04 3.052E-03
    1579 6.5420E-01 3.8080E-04  ( 0.299    , -1.953E-03,   0.00    ) |  3.808E-04 3.052E-03
    1580 6.5458E-01 3.8078E-04  ( 0.299    , -1.953E-03,   0.00    ) |  3.808E-04 3.052E-03
    1581 6.5496E-01 3.8077E-04  ( 0.299    , -1.953E-03,   0.00    ) |  3.808E-04 3.052E-03
    1582 6.5534E-01 3.8075E-04  ( 0.299    , -1.953E-03,   0.00    ) |  3.808E-04 3.052E-03
    1583 6.5572E-01 3.8074E-04  ( 0.299    , -1.953E-03,   0.00    ) |  3.807E-04 3.052E-03
    1584 6.5610E-01 3.8073E-04  ( 0.299    , -1.953E-03,   0.00    ) |  3.807E-04 3.052E-03
    1585 6.5648E-01 3.8071E-04  ( 0.299    , -1.953E-03,   0.00    ) |  3.807E-04 3.052E-03
    1586 6.5686E-01 3.8070E-04  ( 0.299    , -1.953E-03,   0.00    ) |  3.807E-04 3.052E-03
    1587 6.5724E-01 3.8068E-04  ( 0.299    , -1.953E-03,   0.00    ) |  3.807E-04 3.052E-03
    1588 6.5762E-01 3.8067E-04  ( 0.299    , -1.953E-03,   0.00    ) |  3.807E-04 3.052E-03
    1589 6.5800E-01 3.8065E-04  ( 0.299    , -1.953E-03,   0.00    ) |  3.807E-04 3.052E-03
    1590 6.5838E-01 3.8064E-04  ( 0.299    , -1.953E-03,   0.00    ) |  3.806E-04 3.052E-03
    1591 6.5876E-01 3.8062E-04  ( 0.299    , -1.953E-03,   0.00    ) |  3.806E-04 3.052E-03
    1592 6.5915E-01 3.8061E-04  ( 0.299    , -1.953E-03,   0.00    ) |  3.806E-04 3.052E-03
    1593 6.5953E-01 3.8060E-04  (-0.299    , -1.953E-03,   0.00    ) |  3.806E-04 3.052E-03
    1594 6.5991E-01 3.8058E-04  (-0.299    , -1.953E-03,   0.00    ) |  3.806E-04 3.052E-03
    1595 6.6029E-01 3.8057E-04  (-0.299    , -1.953E-03,   0.00    ) |  3.806E-04 3.052E-03
    1596 6.6067E-01 3.8056E-04  (-0.299    , -1.953E-03,   0.00    ) |  3.806E-04 3.052E-03
    1597 6.6105E-01 3.8054E-04  (-0.299    , -1.953E-03,   0.00    ) |  3.805E-04 3.052E-03
    1598 6.6143E-01 3.8053E-04  (-0.299    , -1.953E-03,   0.00    ) |  3.805E-04 3.052E-03
    1599 6.6181E-01 3.8051E-04  (-0.299    , -1.953E-03,   0.00    ) |  3.805E-04 3.052E-03
    1600 6.6219E-01 3.8050E-04  (-0.299    , -1.953E-03,   0.00    ) |  3.805E-04 3.052E-03
    1601 6.6257E-01 3.8049E-04  (-0.299    , -1.953E-03,   0.00    ) |  3.805E-04 3.052E-03
    1602 6.6295E-01 3.8047E-04  (-0.299    , -1.953E-03,   0.00    ) |  3.805E-04 3.052E-03
    1603 6.6333E-01 3.8046E-04  (-0.299    , -1.953E-03,   0.00    ) |  3.805E-04 3.052E-03
    1604 6.6371E-01 3.8045E-04  (-0.299    , -1.953E-03,   0.00    ) |  3.804E-04 3.052E-03
    1605 6.6409E-01 3.8043E-04  (-0.299    , -1.953E-03,   0.00    ) |  3.804E-04 3.052E-03
    1606 6.6447E-01 3.8042E-04  (-0.299    , -1.953E-03,   0.00    ) |  3.804E-04 3.052E-03
    1607 6.6485E-01 3.8041E-04  (-0.299    , -1.953E-03,   0.00    ) |  3.804E-04 3.052E-03
    1608 6.6523E-01 3.8039E-04  (-0.299    , -1.953E-03,   0.00    ) |  3.804E-04 3.052E-03
    1609 6.6561E-01 3.8038E-04  (-0.299    , -1.953E-03,   0.00    ) |  3.804E-04 3.052E-03
    1610 6.6599E-01 3.8037E-04  (-0.299    , -1.953E-03,   0.00    ) |  3.804E-04 3.052E-03
    1611 6.6637E-01 3.8035E-04  (-0.299    , -1.953E-03,   0.00    ) |  3.804E-04 3.052E-03
    1612 6.6676E-01 3.8034E-04  (-0.299    , -1.953E-03,   0.00    ) |  3.803E-04 3.052E-03
    1613 6.6714E-01 3.8033E-04  (-0.299    , -1.953E-03,   0.00    ) |  3.803E-04 3.052E-03
    1614 6.6752E-01 3.8031E-04  (-0.299    , -1.953E-03,   0.00    ) |  3.803E-04 3.052E-03
    1615 6.6790E-01 3.8030E-04  (-0.299    , -1.953E-03,   0.00    ) |  3.803E-04 3.052E-03
    1616 6.6828E-01 3.8029E-04  (-0.299    , -1.953E-03,   0.00    ) |  3.803E-04 3.052E-03
    1617 6.6866E-01 3.8027E-04  (-0.299    , -1.953E-03,   0.00    ) |  3.803E-04 3.052E-03
    1618 6.6904E-01 3.8026E-04  (-0.299    , -1.953E-03,   0.00    ) |  3.803E-04 3.052E-03
    1619 6.6942E-01 3.8025E-04  (-0.299    , -1.953E-03,   0.00    ) |  3.802E-04 3.052E-03
    1620 6.6980E-01 3.8023E-04  (-0.299    , -1.953E-03,   0.00    ) |  3.802E-04 3.052E-03
    1621 6.7018E-01 3.8022E-04  (-0.299    , -1.953E-03,   0.00    ) |  3.802E-04 3.052E-03
    1622 6.7056E-01 3.8020E-04  (-0.299    , -1.953E-03,   0.00    ) |  3.802E-04 3.052E-03
    1623 6.7094E-01 3.8019E-04  (-0.299    , -1.953E-03,   0.00    ) |  3.802E-04 3.052E-03
    1624 6.7132E-01 3.8018E-04  (-0.299    , -1.953E-03,   0.00    ) |  3.802E-04 3.052E-03
    1625 6.7170E-01 3.8016E-04  (-0.299    , -1.953E-03,   0.00    ) |  3.802E-04 3.052E-03
    1626 6.7208E-01 3.8015E-04  (-0.299    , -1.953E-03,   0.00    ) |  3.802E-04 3.052E-03
    1627 6.7246E-01 3.8014E-04  (-0.299    , -1.953E-03,   0.00    ) |  3.801E-04 3.052E-03
    1628 6.7284E-01 3.8012E-04  (-0.299    , -1.953E-03,   0.00    ) |  3.801E-04 3.052E-03
    1629 6.7322E-01 3.8011E-04  (-0.299    , -1.953E-03,   0.00    ) |  3.801E-04 3.052E-03
    1630 6.7360E-01 3.8010E-04  (-0.299    , -1.953E-03,   0.00    ) |  3.801E-04 3.052E-03
    1631 6.7398E-01 3.8008E-04  (-0.299    , -1.953E-03,   0.00    ) |  3.801E-04 3.052E-03
    1632 6.7436E-01 3.8007E-04  (-0.299    , -1.953E-03,   0.00    ) |  3.801E-04 3.052E-03
    1633 6.7474E-01 3.8006E-04  (-0.299    , -1.953E-03,   0.00    ) |  3.801E-04 3.052E-03
 *** Wrote plotfile to flash_run_hdf5_plt_cnt_0027 ****
    1634 6.7512E-01 3.8004E-04  (-0.299    , -1.953E-03,   0.00    ) |  3.800E-04 3.052E-03
    1635 6.7550E-01 3.8003E-04  (-0.303    , -1.953E-03,   0.00    ) |  3.800E-04 3.052E-03
    1636 6.7588E-01 3.8002E-04  (-0.303    , -1.953E-03,   0.00    ) |  3.800E-04 3.052E-03
    1637 6.7626E-01 3.8000E-04  (-0.303    , -1.953E-03,   0.00    ) |  3.800E-04 3.052E-03
    1638 6.7664E-01 3.7999E-04  (-0.303    , -1.953E-03,   0.00    ) |  3.800E-04 3.052E-03
    1639 6.7702E-01 3.7997E-04  (-0.303    , -1.953E-03,   0.00    ) |  3.800E-04 3.052E-03
    1640 6.7740E-01 3.7996E-04  (-0.303    , -1.953E-03,   0.00    ) |  3.800E-04 3.052E-03
    1641 6.7778E-01 3.7995E-04  (-0.303    , -1.953E-03,   0.00    ) |  3.799E-04 3.052E-03
    1642 6.7816E-01 3.7993E-04  (-0.303    , -1.953E-03,   0.00    ) |  3.799E-04 3.052E-03
    1643 6.7854E-01 3.7992E-04  (-0.303    , -1.953E-03,   0.00    ) |  3.799E-04 3.052E-03
    1644 6.7892E-01 3.7991E-04  (-0.303    , -1.953E-03,   0.00    ) |  3.799E-04 3.052E-03
    1645 6.7930E-01 3.7989E-04  (-0.303    , -1.953E-03,   0.00    ) |  3.799E-04 3.052E-03
    1646 6.7968E-01 3.7988E-04  (-0.303    , -1.953E-03,   0.00    ) |  3.799E-04 3.052E-03
    1647 6.8006E-01 3.7987E-04  (-0.303    , -1.953E-03,   0.00    ) |  3.799E-04 3.052E-03
    1648 6.8044E-01 3.7985E-04  (-0.303    , -1.953E-03,   0.00    ) |  3.799E-04 3.052E-03
    1649 6.8082E-01 3.7984E-04  (-0.303    , -1.953E-03,   0.00    ) |  3.798E-04 3.052E-03
    1650 6.8120E-01 3.7983E-04  (-0.303    , -1.953E-03,   0.00    ) |  3.798E-04 3.052E-03
    1651 6.8158E-01 3.7981E-04  (-0.303    , -1.953E-03,   0.00    ) |  3.798E-04 3.052E-03
    1652 6.8196E-01 3.7980E-04  (-0.303    , -1.953E-03,   0.00    ) |  3.798E-04 3.052E-03
    1653 6.8234E-01 3.7979E-04  (-0.303    , -1.953E-03,   0.00    ) |  3.798E-04 3.052E-03
    1654 6.8272E-01 3.7977E-04  (-0.303    , -1.953E-03,   0.00    ) |  3.798E-04 3.052E-03
    1655 6.8310E-01 3.7976E-04  (-0.303    , -1.953E-03,   0.00    ) |  3.798E-04 3.052E-03
    1656 6.8348E-01 3.7975E-04  (-0.303    , -1.953E-03,   0.00    ) |  3.797E-04 3.052E-03
    1657 6.8386E-01 3.7973E-04  (-0.303    , -1.953E-03,   0.00    ) |  3.797E-04 3.052E-03
    1658 6.8424E-01 3.7972E-04  (-0.303    , -1.953E-03,   0.00    ) |  3.797E-04 3.052E-03
    1659 6.8462E-01 3.7971E-04  (-0.303    , -1.953E-03,   0.00    ) |  3.797E-04 3.052E-03
    1660 6.8500E-01 3.7969E-04  (-0.303    , -1.953E-03,   0.00    ) |  3.797E-04 3.052E-03
    1661 6.8538E-01 3.7968E-04  (-0.303    , -1.953E-03,   0.00    ) |  3.797E-04 3.052E-03
    1662 6.8576E-01 3.7967E-04  (-0.303    , -1.953E-03,   0.00    ) |  3.797E-04 3.052E-03
    1663 6.8614E-01 3.7965E-04  (-0.303    , -1.953E-03,   0.00    ) |  3.797E-04 3.052E-03
    1664 6.8651E-01 3.7964E-04  (-0.303    , -1.953E-03,   0.00    ) |  3.796E-04 3.052E-03
    1665 6.8689E-01 3.7963E-04  (-0.303    , -1.953E-03,   0.00    ) |  3.796E-04 3.052E-03
    1666 6.8727E-01 3.7962E-04  (-0.303    , -1.953E-03,   0.00    ) |  3.796E-04 3.052E-03
    1667 6.8765E-01 3.7960E-04  (-0.303    , -1.953E-03,   0.00    ) |  3.796E-04 3.052E-03
    1668 6.8803E-01 3.7959E-04  (-0.303    , -1.953E-03,   0.00    ) |  3.796E-04 3.052E-03
    1669 6.8841E-01 3.7958E-04  (-0.303    , -1.953E-03,   0.00    ) |  3.796E-04 3.052E-03
    1670 6.8879E-01 3.7957E-04  (-0.303    , -1.953E-03,   0.00    ) |  3.796E-04 3.052E-03
    1671 6.8917E-01 3.7955E-04  (-0.303    , -1.953E-03,   0.00    ) |  3.796E-04 3.052E-03
    1672 6.8955E-01 3.7954E-04  (-0.303    , -1.953E-03,   0.00    ) |  3.795E-04 3.052E-03
    1673 6.8993E-01 3.7953E-04  (-0.303    , -1.953E-03,   0.00    ) |  3.795E-04 3.052E-03
    1674 6.9031E-01 3.7952E-04  (-0.303    , -1.953E-03,   0.00    ) |  3.795E-04 3.052E-03
    1675 6.9069E-01 3.7950E-04  (-0.303    , -1.953E-03,   0.00    ) |  3.795E-04 3.052E-03
    1676 6.9107E-01 3.7949E-04  (-0.303    , -1.953E-03,   0.00    ) |  3.795E-04 3.052E-03
    1677 6.9145E-01 3.7948E-04  (-0.303    , -1.953E-03,   0.00    ) |  3.795E-04 3.052E-03
    1678 6.9183E-01 3.7947E-04  (-0.303    , -1.953E-03,   0.00    ) |  3.795E-04 3.052E-03
    1679 6.9221E-01 3.7945E-04  (-0.303    , -1.953E-03,   0.00    ) |  3.795E-04 3.052E-03
    1680 6.9259E-01 3.7944E-04  (-0.303    , -1.953E-03,   0.00    ) |  3.794E-04 3.052E-03
    1681 6.9297E-01 3.7943E-04  (-0.303    , -1.953E-03,   0.00    ) |  3.794E-04 3.052E-03
    1682 6.9335E-01 3.7942E-04  (-0.303    , -1.953E-03,   0.00    ) |  3.794E-04 3.052E-03
    1683 6.9373E-01 3.7940E-04  (-0.303    , -1.953E-03,   0.00    ) |  3.794E-04 3.052E-03
    1684 6.9411E-01 3.7939E-04  (-0.303    , -1.953E-03,   0.00    ) |  3.794E-04 3.052E-03
    1685 6.9448E-01 3.7938E-04  (-0.303    , -1.953E-03,   0.00    ) |  3.794E-04 3.052E-03
    1686 6.9486E-01 3.7937E-04  (-0.303    , -1.953E-03,   0.00    ) |  3.794E-04 3.052E-03
    1687 6.9524E-01 3.7936E-04  (-0.303    , -1.953E-03,   0.00    ) |  3.794E-04 3.052E-03
    1688 6.9562E-01 3.7935E-04  (-0.303    , -1.953E-03,   0.00    ) |  3.793E-04 3.052E-03
    1689 6.9600E-01 3.7933E-04  (-0.303    , -1.953E-03,   0.00    ) |  3.793E-04 3.052E-03
    1690 6.9638E-01 3.7932E-04  (-0.303    , -1.953E-03,   0.00    ) |  3.793E-04 3.052E-03
    1691 6.9676E-01 3.7931E-04  (-0.303    , -1.953E-03,   0.00    ) |  3.793E-04 3.052E-03
    1692 6.9714E-01 3.7930E-04  (-0.303    , -1.953E-03,   0.00    ) |  3.793E-04 3.052E-03
    1693 6.9752E-01 3.7929E-04  (-0.303    , -1.953E-03,   0.00    ) |  3.793E-04 3.052E-03
    1694 6.9790E-01 3.7928E-04  (-0.303    , -1.953E-03,   0.00    ) |  3.793E-04 3.052E-03
    1695 6.9828E-01 3.7926E-04  (-0.303    , -1.953E-03,   0.00    ) |  3.793E-04 3.052E-03
    1696 6.9866E-01 3.7925E-04  (-0.303    , -1.953E-03,   0.00    ) |  3.793E-04 3.052E-03
    1697 6.9904E-01 3.7924E-04  (-0.303    , -1.953E-03,   0.00    ) |  3.792E-04 3.052E-03
    1698 6.9942E-01 3.7923E-04  (-0.303    , -1.953E-03,   0.00    ) |  3.792E-04 3.052E-03
    1699 6.9979E-01 3.7922E-04  (-0.303    , -1.953E-03,   0.00    ) |  3.792E-04 3.052E-03
 *** Wrote plotfile to flash_run_hdf5_plt_cnt_0028 ****
    1700 7.0017E-01 3.7921E-04  (-0.303    , -1.953E-03,   0.00    ) |  3.792E-04 3.052E-03
    1701 7.0055E-01 3.7920E-04  (-0.303    , -1.953E-03,   0.00    ) |  3.792E-04 3.052E-03
    1702 7.0093E-01 3.7919E-04  (-0.303    , -1.953E-03,   0.00    ) |  3.792E-04 3.052E-03
    1703 7.0131E-01 3.7917E-04  (-0.303    , -1.953E-03,   0.00    ) |  3.792E-04 3.052E-03
    1704 7.0169E-01 3.7916E-04  (-0.303    , -1.953E-03,   0.00    ) |  3.792E-04 3.052E-03
    1705 7.0207E-01 3.7915E-04  (-0.303    , -1.953E-03,   0.00    ) |  3.792E-04 3.052E-03
    1706 7.0245E-01 3.7914E-04  (-0.303    , -1.953E-03,   0.00    ) |  3.791E-04 3.052E-03
    1707 7.0283E-01 3.7913E-04  (-0.303    , -1.953E-03,   0.00    ) |  3.791E-04 3.052E-03
    1708 7.0321E-01 3.7912E-04  (-0.303    , -1.953E-03,   0.00    ) |  3.791E-04 3.052E-03
    1709 7.0359E-01 3.7911E-04  (-0.303    , -1.953E-03,   0.00    ) |  3.791E-04 3.052E-03
    1710 7.0397E-01 3.7910E-04  (-0.303    , -1.953E-03,   0.00    ) |  3.791E-04 3.052E-03
    1711 7.0434E-01 3.7909E-04  (-0.303    , -1.953E-03,   0.00    ) |  3.791E-04 3.052E-03
    1712 7.0472E-01 3.7908E-04  (-0.303    , -1.953E-03,   0.00    ) |  3.791E-04 3.052E-03
    1713 7.0510E-01 3.7907E-04  (-0.303    , -1.953E-03,   0.00    ) |  3.791E-04 3.052E-03
    1714 7.0548E-01 3.7906E-04  (-0.303    , -1.953E-03,   0.00    ) |  3.791E-04 3.052E-03
    1715 7.0586E-01 3.7905E-04  (-0.303    , -1.953E-03,   0.00    ) |  3.790E-04 3.052E-03
    1716 7.0624E-01 3.7904E-04  (-0.303    , -1.953E-03,   0.00    ) |  3.790E-04 3.052E-03
    1717 7.0662E-01 3.7903E-04  (-0.303    , -1.953E-03,   0.00    ) |  3.790E-04 3.052E-03
    1718 7.0700E-01 3.7902E-04  (-0.303    , -1.953E-03,   0.00    ) |  3.790E-04 3.052E-03
    1719 7.0738E-01 3.7900E-04  (-0.303    , -1.953E-03,   0.00    ) |  3.790E-04 3.052E-03
    1720 7.0776E-01 3.7899E-04  (-0.303    , -1.953E-03,   0.00    ) |  3.790E-04 3.052E-03
    1721 7.0814E-01 3.7898E-04  (-0.303    , -1.953E-03,   0.00    ) |  3.790E-04 3.052E-03
    1722 7.0851E-01 3.7897E-04  (-0.303    , -1.953E-03,   0.00    ) |  3.790E-04 3.052E-03
    1723 7.0889E-01 3.7896E-04  (-0.303    , -1.953E-03,   0.00    ) |  3.790E-04 3.052E-03
    1724 7.0927E-01 3.7896E-04  (-0.303    , -1.953E-03,   0.00    ) |  3.790E-04 3.052E-03
    1725 7.0965E-01 3.7895E-04  (-0.303    , -1.953E-03,   0.00    ) |  3.789E-04 3.052E-03
    1726 7.1003E-01 3.7894E-04  (-0.303    , -1.953E-03,   0.00    ) |  3.789E-04 3.052E-03
    1727 7.1041E-01 3.7893E-04  (-0.303    , -1.953E-03,   0.00    ) |  3.789E-04 3.052E-03
    1728 7.1079E-01 3.7892E-04  (-0.303    , -1.953E-03,   0.00    ) |  3.789E-04 3.052E-03
    1729 7.1117E-01 3.7891E-04  (-0.303    , -1.953E-03,   0.00    ) |  3.789E-04 3.052E-03
    1730 7.1155E-01 3.7890E-04  (-0.303    , -1.953E-03,   0.00    ) |  3.789E-04 3.052E-03
    1731 7.1192E-01 3.7889E-04  (-0.303    , -1.953E-03,   0.00    ) |  3.789E-04 3.052E-03
    1732 7.1230E-01 3.7888E-04  (-0.303    , -1.953E-03,   0.00    ) |  3.789E-04 3.052E-03
    1733 7.1268E-01 3.7887E-04  (-0.303    , -1.953E-03,   0.00    ) |  3.789E-04 3.052E-03
    1734 7.1306E-01 3.7886E-04  (-0.303    , -1.953E-03,   0.00    ) |  3.789E-04 3.052E-03
    1735 7.1344E-01 3.7885E-04  (-0.303    , -1.953E-03,   0.00    ) |  3.789E-04 3.052E-03
    1736 7.1382E-01 3.7884E-04  (-0.303    , -1.953E-03,   0.00    ) |  3.788E-04 3.052E-03
    1737 7.1420E-01 3.7883E-04  (-0.303    , -1.953E-03,   0.00    ) |  3.788E-04 3.052E-03
    1738 7.1458E-01 3.7882E-04  (-0.303    , -1.953E-03,   0.00    ) |  3.788E-04 3.052E-03
    1739 7.1496E-01 3.7881E-04  (-0.303    , -1.953E-03,   0.00    ) |  3.788E-04 3.052E-03
    1740 7.1533E-01 3.7881E-04  (-0.303    , -1.953E-03,   0.00    ) |  3.788E-04 3.052E-03
    1741 7.1571E-01 3.7880E-04  (-0.303    , -1.953E-03,   0.00    ) |  3.788E-04 3.052E-03
    1742 7.1609E-01 3.7879E-04  (-0.303    , -1.953E-03,   0.00    ) |  3.788E-04 3.052E-03
    1743 7.1647E-01 3.7878E-04  (-0.303    , -1.953E-03,   0.00    ) |  3.788E-04 3.052E-03
    1744 7.1685E-01 3.7877E-04  (-0.303    , -1.953E-03,   0.00    ) |  3.788E-04 3.052E-03
    1745 7.1723E-01 3.7876E-04  (-0.303    , -1.953E-03,   0.00    ) |  3.788E-04 3.052E-03
    1746 7.1761E-01 3.7875E-04  (-0.303    , -1.953E-03,   0.00    ) |  3.788E-04 3.052E-03
    1747 7.1799E-01 3.7874E-04  (-0.303    , -1.953E-03,   0.00    ) |  3.787E-04 3.052E-03
    1748 7.1836E-01 3.7874E-04  (-0.303    , -1.953E-03,   0.00    ) |  3.787E-04 3.052E-03
    1749 7.1874E-01 3.7873E-04  (-0.303    , -1.953E-03,   0.00    ) |  3.787E-04 3.052E-03
    1750 7.1912E-01 3.7872E-04  (-0.303    , -1.953E-03,   0.00    ) |  3.787E-04 3.052E-03
    1751 7.1950E-01 3.7871E-04  (-0.303    , -1.953E-03,   0.00    ) |  3.787E-04 3.052E-03
    1752 7.1988E-01 3.7870E-04  (-0.303    , -1.953E-03,   0.00    ) |  3.787E-04 3.052E-03
    1753 7.2026E-01 3.7869E-04  (-0.303    , -1.953E-03,   0.00    ) |  3.787E-04 3.052E-03
    1754 7.2064E-01 3.7869E-04  (-0.303    , -1.953E-03,   0.00    ) |  3.787E-04 3.052E-03
    1755 7.2102E-01 3.7868E-04  (-0.303    , -1.953E-03,   0.00    ) |  3.787E-04 3.052E-03
    1756 7.2139E-01 3.7867E-04  (-0.303    , -1.953E-03,   0.00    ) |  3.787E-04 3.052E-03
    1757 7.2177E-01 3.7866E-04  ( 0.303    , -1.953E-03,   0.00    ) |  3.787E-04 3.052E-03
    1758 7.2215E-01 3.7865E-04  ( 0.303    , -1.953E-03,   0.00    ) |  3.787E-04 3.052E-03
    1759 7.2253E-01 3.7865E-04  ( 0.303    , -1.953E-03,   0.00    ) |  3.786E-04 3.052E-03
    1760 7.2291E-01 3.7864E-04  ( 0.303    , -1.953E-03,   0.00    ) |  3.786E-04 3.052E-03
    1761 7.2329E-01 3.7863E-04  ( 0.303    , -1.953E-03,   0.00    ) |  3.786E-04 3.052E-03
    1762 7.2367E-01 3.7862E-04  ( 0.303    , -1.953E-03,   0.00    ) |  3.786E-04 3.052E-03
    1763 7.2404E-01 3.7862E-04  ( 0.303    , -1.953E-03,   0.00    ) |  3.786E-04 3.052E-03
    1764 7.2442E-01 3.7861E-04  ( 0.303    , -1.953E-03,   0.00    ) |  3.786E-04 3.052E-03
    1765 7.2480E-01 3.7860E-04  ( 0.303    , -1.953E-03,   0.00    ) |  3.786E-04 3.052E-03
 *** Wrote plotfile to flash_run_hdf5_plt_cnt_0029 ****
    1766 7.2518E-01 3.7859E-04  ( 0.303    , -1.953E-03,   0.00    ) |  3.786E-04 3.052E-03
    1767 7.2556E-01 3.7859E-04  ( 0.303    , -1.953E-03,   0.00    ) |  3.786E-04 3.052E-03
    1768 7.2594E-01 3.7858E-04  ( 0.303    ,  1.953E-03,   0.00    ) |  3.786E-04 3.052E-03
    1769 7.2632E-01 3.7857E-04  ( 0.303    , -1.953E-03,   0.00    ) |  3.786E-04 3.052E-03
    1770 7.2669E-01 3.7856E-04  ( 0.303    ,  1.953E-03,   0.00    ) |  3.786E-04 3.052E-03
    1771 7.2707E-01 3.7856E-04  ( 0.303    ,  1.953E-03,   0.00    ) |  3.786E-04 3.052E-03
    1772 7.2745E-01 3.7855E-04  ( 0.303    , -1.953E-03,   0.00    ) |  3.786E-04 3.052E-03
    1773 7.2783E-01 3.7854E-04  ( 0.303    ,  1.953E-03,   0.00    ) |  3.785E-04 3.052E-03
    1774 7.2821E-01 3.7854E-04  ( 0.303    , -1.953E-03,   0.00    ) |  3.785E-04 3.052E-03
    1775 7.2859E-01 3.7853E-04  ( 0.303    , -1.953E-03,   0.00    ) |  3.785E-04 3.052E-03
    1776 7.2897E-01 3.7852E-04  ( 0.303    , -1.953E-03,   0.00    ) |  3.785E-04 3.052E-03
    1777 7.2934E-01 3.7852E-04  ( 0.303    , -1.953E-03,   0.00    ) |  3.785E-04 3.052E-03
    1778 7.2972E-01 3.7851E-04  ( 0.303    , -1.953E-03,   0.00    ) |  3.785E-04 3.052E-03
    1779 7.3010E-01 3.7850E-04  ( 0.303    , -1.953E-03,   0.00    ) |  3.785E-04 3.052E-03
    1780 7.3048E-01 3.7850E-04  ( 0.303    , -1.953E-03,   0.00    ) |  3.785E-04 3.052E-03
    1781 7.3086E-01 3.7849E-04  ( 0.303    , -1.953E-03,   0.00    ) |  3.785E-04 3.052E-03
    1782 7.3124E-01 3.7848E-04  ( 0.303    , -1.953E-03,   0.00    ) |  3.785E-04 3.052E-03
    1783 7.3162E-01 3.7848E-04  ( 0.303    , -1.953E-03,   0.00    ) |  3.785E-04 3.052E-03
    1784 7.3199E-01 3.7847E-04  ( 0.303    , -1.953E-03,   0.00    ) |  3.785E-04 3.052E-03
    1785 7.3237E-01 3.7846E-04  ( 0.303    , -1.953E-03,   0.00    ) |  3.785E-04 3.052E-03
    1786 7.3275E-01 3.7846E-04  ( 0.303    , -1.953E-03,   0.00    ) |  3.785E-04 3.052E-03
    1787 7.3313E-01 3.7845E-04  ( 0.303    , -1.953E-03,   0.00    ) |  3.785E-04 3.052E-03
    1788 7.3351E-01 3.7845E-04  ( 0.303    , -1.953E-03,   0.00    ) |  3.784E-04 3.052E-03
    1789 7.3389E-01 3.7844E-04  ( 0.303    , -1.953E-03,   0.00    ) |  3.784E-04 3.052E-03
    1790 7.3426E-01 3.7843E-04  ( 0.303    ,  1.953E-03,   0.00    ) |  3.784E-04 3.052E-03
    1791 7.3464E-01 3.7843E-04  ( 0.303    , -1.953E-03,   0.00    ) |  3.784E-04 3.052E-03
    1792 7.3502E-01 3.7842E-04  ( 0.303    , -1.953E-03,   0.00    ) |  3.784E-04 3.052E-03
    1793 7.3540E-01 3.7842E-04  ( 0.303    , -1.953E-03,   0.00    ) |  3.784E-04 3.052E-03
    1794 7.3578E-01 3.7841E-04  ( 0.303    , -1.953E-03,   0.00    ) |  3.784E-04 3.052E-03
    1795 7.3616E-01 3.7841E-04  ( 0.303    , -1.953E-03,   0.00    ) |  3.784E-04 3.052E-03
    1796 7.3654E-01 3.7840E-04  ( 0.303    , -1.953E-03,   0.00    ) |  3.784E-04 3.052E-03
    1797 7.3691E-01 3.7839E-04  ( 0.303    , -1.953E-03,   0.00    ) |  3.784E-04 3.052E-03
    1798 7.3729E-01 3.7839E-04  ( 0.303    , -1.953E-03,   0.00    ) |  3.784E-04 3.052E-03
    1799 7.3767E-01 3.7838E-04  ( 0.303    , -1.953E-03,   0.00    ) |  3.784E-04 3.052E-03
    1800 7.3805E-01 3.7838E-04  ( 0.303    , -1.953E-03,   0.00    ) |  3.784E-04 3.052E-03
    1801 7.3843E-01 3.7837E-04  ( 0.303    , -1.953E-03,   0.00    ) |  3.784E-04 3.052E-03
    1802 7.3881E-01 3.7837E-04  ( 0.303    , -1.953E-03,   0.00    ) |  3.784E-04 3.052E-03
    1803 7.3918E-01 3.7836E-04  ( 0.303    , -1.953E-03,   0.00    ) |  3.784E-04 3.052E-03
    1804 7.3956E-01 3.7836E-04  ( 0.303    , -1.953E-03,   0.00    ) |  3.784E-04 3.052E-03
    1805 7.3994E-01 3.7835E-04  ( 0.303    , -1.953E-03,   0.00    ) |  3.784E-04 3.052E-03
    1806 7.4032E-01 3.7835E-04  ( 0.303    , -1.953E-03,   0.00    ) |  3.783E-04 3.052E-03
    1807 7.4070E-01 3.7834E-04  ( 0.303    , -1.953E-03,   0.00    ) |  3.783E-04 3.052E-03
    1808 7.4108E-01 3.7834E-04  ( 0.303    , -1.953E-03,   0.00    ) |  3.783E-04 3.052E-03
    1809 7.4145E-01 3.7834E-04  ( 0.303    , -1.953E-03,   0.00    ) |  3.783E-04 3.052E-03
    1810 7.4183E-01 3.7833E-04  ( 0.303    , -1.953E-03,   0.00    ) |  3.783E-04 3.052E-03
    1811 7.4221E-01 3.7833E-04  ( 0.303    , -1.953E-03,   0.00    ) |  3.783E-04 3.052E-03
    1812 7.4259E-01 3.7832E-04  ( 0.303    , -1.953E-03,   0.00    ) |  3.783E-04 3.052E-03
    1813 7.4297E-01 3.7832E-04  ( 0.303    , -1.953E-03,   0.00    ) |  3.783E-04 3.052E-03
    1814 7.4335E-01 3.7831E-04  ( 0.303    , -1.953E-03,   0.00    ) |  3.783E-04 3.052E-03
    1815 7.4372E-01 3.7831E-04  ( 0.303    , -1.953E-03,   0.00    ) |  3.783E-04 3.052E-03
    1816 7.4410E-01 3.7830E-04  ( 0.303    , -1.953E-03,   0.00    ) |  3.783E-04 3.052E-03
    1817 7.4448E-01 3.7830E-04  ( 0.303    , -1.953E-03,   0.00    ) |  3.783E-04 3.052E-03
    1818 7.4486E-01 3.7830E-04  ( 0.303    , -1.953E-03,   0.00    ) |  3.783E-04 3.052E-03
    1819 7.4524E-01 3.7829E-04  ( 0.303    , -1.953E-03,   0.00    ) |  3.783E-04 3.052E-03
    1820 7.4562E-01 3.7829E-04  ( 0.303    , -1.953E-03,   0.00    ) |  3.783E-04 3.052E-03
    1821 7.4599E-01 3.7828E-04  ( 0.303    , -1.953E-03,   0.00    ) |  3.783E-04 3.052E-03
    1822 7.4637E-01 3.7828E-04  ( 0.303    , -1.953E-03,   0.00    ) |  3.783E-04 3.052E-03
    1823 7.4675E-01 3.7828E-04  ( 0.303    , -1.953E-03,   0.00    ) |  3.783E-04 3.052E-03
    1824 7.4713E-01 3.7827E-04  ( 0.303    , -1.953E-03,   0.00    ) |  3.783E-04 3.052E-03
    1825 7.4751E-01 3.7827E-04  ( 0.303    , -1.953E-03,   0.00    ) |  3.783E-04 3.052E-03
    1826 7.4789E-01 3.7826E-04  ( 0.303    , -1.953E-03,   0.00    ) |  3.783E-04 3.052E-03
    1827 7.4826E-01 3.7826E-04  ( 0.303    , -1.953E-03,   0.00    ) |  3.783E-04 3.052E-03
    1828 7.4864E-01 3.7826E-04  ( 0.303    , -1.953E-03,   0.00    ) |  3.783E-04 3.052E-03
    1829 7.4902E-01 3.7825E-04  ( 0.303    , -1.953E-03,   0.00    ) |  3.783E-04 3.052E-03
    1830 7.4940E-01 3.7825E-04  ( 0.303    , -1.953E-03,   0.00    ) |  3.782E-04 3.052E-03
    1831 7.4978E-01 3.7824E-04  ( 0.303    , -1.953E-03,   0.00    ) |  3.782E-04 3.052E-03
 *** Wrote plotfile to flash_run_hdf5_plt_cnt_0030 ****
    1832 7.5015E-01 3.7824E-04  ( 0.303    , -1.953E-03,   0.00    ) |  3.782E-04 3.052E-03
    1833 7.5053E-01 3.7824E-04  ( 0.303    , -1.953E-03,   0.00    ) |  3.782E-04 3.052E-03
    1834 7.5091E-01 3.7823E-04  ( 0.303    , -1.953E-03,   0.00    ) |  3.782E-04 3.052E-03
    1835 7.5129E-01 3.7823E-04  ( 0.303    , -1.953E-03,   0.00    ) |  3.782E-04 3.052E-03
    1836 7.5167E-01 3.7823E-04  ( 0.303    , -1.953E-03,   0.00    ) |  3.782E-04 3.052E-03
    1837 7.5205E-01 3.7822E-04  ( 0.303    , -1.953E-03,   0.00    ) |  3.782E-04 3.052E-03
    1838 7.5242E-01 3.7822E-04  ( 0.303    , -1.953E-03,   0.00    ) |  3.782E-04 3.052E-03
    1839 7.5280E-01 3.7822E-04  ( 0.303    , -1.953E-03,   0.00    ) |  3.782E-04 3.052E-03
    1840 7.5318E-01 3.7821E-04  ( 0.303    , -1.953E-03,   0.00    ) |  3.782E-04 3.052E-03
    1841 7.5356E-01 3.7821E-04  ( 0.303    , -1.953E-03,   0.00    ) |  3.782E-04 3.052E-03
    1842 7.5394E-01 3.7821E-04  ( 0.303    , -1.953E-03,   0.00    ) |  3.782E-04 3.052E-03
    1843 7.5432E-01 3.7820E-04  ( 0.303    , -1.953E-03,   0.00    ) |  3.782E-04 3.052E-03
    1844 7.5469E-01 3.7820E-04  ( 0.303    , -1.953E-03,   0.00    ) |  3.782E-04 3.052E-03
    1845 7.5507E-01 3.7820E-04  ( 0.303    , -1.953E-03,   0.00    ) |  3.782E-04 3.052E-03
    1846 7.5545E-01 3.7819E-04  ( 0.303    , -1.953E-03,   0.00    ) |  3.782E-04 3.052E-03
    1847 7.5583E-01 3.7819E-04  ( 0.303    , -1.953E-03,   0.00    ) |  3.782E-04 3.052E-03
    1848 7.5621E-01 3.7819E-04  (-0.303    , -1.953E-03,   0.00    ) |  3.782E-04 3.052E-03
    1849 7.5658E-01 3.7818E-04  (-0.303    , -1.953E-03,   0.00    ) |  3.782E-04 3.052E-03
    1850 7.5696E-01 3.7818E-04  (-0.303    , -1.953E-03,   0.00    ) |  3.782E-04 3.052E-03
    1851 7.5734E-01 3.7818E-04  (-0.303    , -1.953E-03,   0.00    ) |  3.782E-04 3.052E-03
    1852 7.5772E-01 3.7818E-04  (-0.303    , -1.953E-03,   0.00    ) |  3.782E-04 3.052E-03
    1853 7.5810E-01 3.7817E-04  (-0.303    , -1.953E-03,   0.00    ) |  3.782E-04 3.052E-03
    1854 7.5848E-01 3.7817E-04  (-0.303    , -1.953E-03,   0.00    ) |  3.782E-04 3.052E-03
    1855 7.5885E-01 3.7817E-04  (-0.303    , -1.953E-03,   0.00    ) |  3.782E-04 3.052E-03
    1856 7.5923E-01 3.7816E-04  (-0.303    , -1.953E-03,   0.00    ) |  3.782E-04 3.052E-03
    1857 7.5961E-01 3.7816E-04  (-0.303    , -1.953E-03,   0.00    ) |  3.782E-04 3.052E-03
    1858 7.5999E-01 3.7816E-04  (-0.303    , -1.953E-03,   0.00    ) |  3.782E-04 3.052E-03
    1859 7.6037E-01 3.7815E-04  (-0.303    , -1.953E-03,   0.00    ) |  3.782E-04 3.052E-03
    1860 7.6074E-01 3.7815E-04  (-0.303    , -1.953E-03,   0.00    ) |  3.782E-04 3.052E-03
    1861 7.6112E-01 3.7815E-04  (-0.303    , -1.953E-03,   0.00    ) |  3.781E-04 3.052E-03
    1862 7.6150E-01 3.7814E-04  (-0.303    , -1.953E-03,   0.00    ) |  3.781E-04 3.052E-03
    1863 7.6188E-01 3.7814E-04  (-0.303    , -1.953E-03,   0.00    ) |  3.781E-04 3.052E-03
    1864 7.6226E-01 3.7814E-04  (-0.303    , -1.953E-03,   0.00    ) |  3.781E-04 3.052E-03
    1865 7.6264E-01 3.7814E-04  (-0.303    , -1.953E-03,   0.00    ) |  3.781E-04 3.052E-03
    1866 7.6301E-01 3.7813E-04  (-0.303    , -1.953E-03,   0.00    ) |  3.781E-04 3.052E-03
    1867 7.6339E-01 3.7813E-04  (-0.303    , -1.953E-03,   0.00    ) |  3.781E-04 3.052E-03
    1868 7.6377E-01 3.7813E-04  (-0.303    , -1.953E-03,   0.00    ) |  3.781E-04 3.052E-03
    1869 7.6415E-01 3.7812E-04  (-0.303    , -1.953E-03,   0.00    ) |  3.781E-04 3.052E-03
    1870 7.6453E-01 3.7812E-04  (-0.303    , -1.953E-03,   0.00    ) |  3.781E-04 3.052E-03
    1871 7.6490E-01 3.7812E-04  (-0.303    , -1.953E-03,   0.00    ) |  3.781E-04 3.052E-03
    1872 7.6528E-01 3.7811E-04  (-0.303    , -1.953E-03,   0.00    ) |  3.781E-04 3.052E-03
    1873 7.6566E-01 3.7811E-04  (-0.303    , -1.953E-03,   0.00    ) |  3.781E-04 3.052E-03
    1874 7.6604E-01 3.7811E-04  (-0.303    , -1.953E-03,   0.00    ) |  3.781E-04 3.052E-03
    1875 7.6642E-01 3.7811E-04  (-0.303    , -1.953E-03,   0.00    ) |  3.781E-04 3.052E-03
    1876 7.6679E-01 3.7810E-04  (-0.303    , -1.953E-03,   0.00    ) |  3.781E-04 3.052E-03
    1877 7.6717E-01 3.7810E-04  (-0.303    , -1.953E-03,   0.00    ) |  3.781E-04 3.052E-03
    1878 7.6755E-01 3.7810E-04  (-0.303    , -1.953E-03,   0.00    ) |  3.781E-04 3.052E-03
    1879 7.6793E-01 3.7810E-04  (-0.303    ,  1.953E-03,   0.00    ) |  3.781E-04 3.052E-03
    1880 7.6831E-01 3.7809E-04  (-0.303    ,  1.953E-03,   0.00    ) |  3.781E-04 3.052E-03
    1881 7.6868E-01 3.7809E-04  ( 0.303    , -1.953E-03,   0.00    ) |  3.781E-04 3.052E-03
    1882 7.6906E-01 3.7809E-04  ( 0.303    , -1.953E-03,   0.00    ) |  3.781E-04 3.052E-03
    1883 7.6944E-01 3.7809E-04  (-0.303    ,  1.953E-03,   0.00    ) |  3.781E-04 3.052E-03
    1884 7.6982E-01 3.7808E-04  (-0.303    ,  1.953E-03,   0.00    ) |  3.781E-04 3.052E-03
    1885 7.7020E-01 3.7808E-04  (-0.303    , -1.953E-03,   0.00    ) |  3.781E-04 3.052E-03
    1886 7.7058E-01 3.7808E-04  (-0.303    ,  1.953E-03,   0.00    ) |  3.781E-04 3.052E-03
    1887 7.7095E-01 3.7808E-04  (-0.303    , -1.953E-03,   0.00    ) |  3.781E-04 3.052E-03
    1888 7.7133E-01 3.7807E-04  (-0.303    ,  1.953E-03,   0.00    ) |  3.781E-04 3.052E-03
    1889 7.7171E-01 3.7807E-04  (-0.303    ,  1.953E-03,   0.00    ) |  3.781E-04 3.052E-03
    1890 7.7209E-01 3.7807E-04  (-0.303    ,  1.953E-03,   0.00    ) |  3.781E-04 3.052E-03
    1891 7.7247E-01 3.7807E-04  (-0.303    ,  1.953E-03,   0.00    ) |  3.781E-04 3.052E-03
    1892 7.7284E-01 3.7807E-04  (-0.303    ,  1.953E-03,   0.00    ) |  3.781E-04 3.052E-03
    1893 7.7322E-01 3.7806E-04  (-0.303    ,  1.953E-03,   0.00    ) |  3.781E-04 3.052E-03
    1894 7.7360E-01 3.7806E-04  (-0.303    ,  1.953E-03,   0.00    ) |  3.781E-04 3.052E-03
    1895 7.7398E-01 3.7806E-04  (-0.303    ,  1.953E-03,   0.00    ) |  3.781E-04 3.052E-03
    1896 7.7436E-01 3.7806E-04  (-0.303    ,  1.953E-03,   0.00    ) |  3.781E-04 3.052E-03
    1897 7.7473E-01 3.7806E-04  (-0.303    ,  1.953E-03,   0.00    ) |  3.781E-04 3.052E-03
 *** Wrote plotfile to flash_run_hdf5_plt_cnt_0031 ****
    1898 7.7511E-01 3.7805E-04  (-0.303    ,  1.953E-03,   0.00    ) |  3.781E-04 3.052E-03
    1899 7.7549E-01 3.7805E-04  (-0.303    ,  1.953E-03,   0.00    ) |  3.781E-04 3.052E-03
    1900 7.7587E-01 3.7805E-04  (-0.303    ,  1.953E-03,   0.00    ) |  3.780E-04 3.052E-03
    1901 7.7625E-01 3.7805E-04  (-0.303    ,  1.953E-03,   0.00    ) |  3.780E-04 3.052E-03
    1902 7.7662E-01 3.7805E-04  (-0.303    ,  1.953E-03,   0.00    ) |  3.780E-04 3.052E-03
    1903 7.7700E-01 3.7804E-04  ( 0.303    , -1.953E-03,   0.00    ) |  3.780E-04 3.052E-03
    1904 7.7738E-01 3.7804E-04  (-0.303    ,  1.953E-03,   0.00    ) |  3.780E-04 3.052E-03
    1905 7.7776E-01 3.7804E-04  (-0.303    ,  1.953E-03,   0.00    ) |  3.780E-04 3.052E-03
    1906 7.7814E-01 3.7804E-04  ( 0.303    , -1.953E-03,   0.00    ) |  3.780E-04 3.052E-03
    1907 7.7851E-01 3.7804E-04  ( 0.303    , -1.953E-03,   0.00    ) |  3.780E-04 3.052E-03
    1908 7.7889E-01 3.7804E-04  ( 0.303    , -1.953E-03,   0.00    ) |  3.780E-04 3.052E-03
    1909 7.7927E-01 3.7803E-04  ( 0.303    , -1.953E-03,   0.00    ) |  3.780E-04 3.052E-03
    1910 7.7965E-01 3.7803E-04  ( 0.303    , -1.953E-03,   0.00    ) |  3.780E-04 3.052E-03
    1911 7.8003E-01 3.7803E-04  ( 0.303    , -1.953E-03,   0.00    ) |  3.780E-04 3.052E-03
    1912 7.8040E-01 3.7803E-04  ( 0.303    , -1.953E-03,   0.00    ) |  3.780E-04 3.052E-03
    1913 7.8078E-01 3.7803E-04  ( 0.303    , -1.953E-03,   0.00    ) |  3.780E-04 3.052E-03
    1914 7.8116E-01 3.7803E-04  ( 0.303    , -1.953E-03,   0.00    ) |  3.780E-04 3.052E-03
    1915 7.8154E-01 3.7803E-04  ( 0.303    , -1.953E-03,   0.00    ) |  3.780E-04 3.052E-03
    1916 7.8192E-01 3.7802E-04  (-0.303    ,  1.953E-03,   0.00    ) |  3.780E-04 3.052E-03
    1917 7.8229E-01 3.7802E-04  (-0.303    ,  1.953E-03,   0.00    ) |  3.780E-04 3.052E-03
    1918 7.8267E-01 3.7802E-04  (-0.303    ,  1.953E-03,   0.00    ) |  3.780E-04 3.052E-03
    1919 7.8305E-01 3.7802E-04  ( 0.303    , -1.953E-03,   0.00    ) |  3.780E-04 3.052E-03
    1920 7.8343E-01 3.7802E-04  (-0.303    ,  1.953E-03,   0.00    ) |  3.780E-04 3.052E-03
    1921 7.8381E-01 3.7802E-04  (-0.303    ,  1.953E-03,   0.00    ) |  3.780E-04 3.052E-03
    1922 7.8418E-01 3.7802E-04  (-0.303    ,  1.953E-03,   0.00    ) |  3.780E-04 3.052E-03
    1923 7.8456E-01 3.7802E-04  ( 0.303    , -1.953E-03,   0.00    ) |  3.780E-04 3.052E-03
    1924 7.8494E-01 3.7801E-04  ( 0.303    , -1.953E-03,   0.00    ) |  3.780E-04 3.052E-03
    1925 7.8532E-01 3.7801E-04  ( 0.303    , -1.953E-03,   0.00    ) |  3.780E-04 3.052E-03
    1926 7.8570E-01 3.7801E-04  ( 0.303    , -1.953E-03,   0.00    ) |  3.780E-04 3.052E-03
    1927 7.8607E-01 3.7801E-04  ( 0.303    , -1.953E-03,   0.00    ) |  3.780E-04 3.052E-03
    1928 7.8645E-01 3.7801E-04  ( 0.303    , -1.953E-03,   0.00    ) |  3.780E-04 3.052E-03
    1929 7.8683E-01 3.7801E-04  ( 0.303    , -1.953E-03,   0.00    ) |  3.780E-04 3.052E-03
    1930 7.8721E-01 3.7801E-04  ( 0.303    , -1.953E-03,   0.00    ) |  3.780E-04 3.052E-03
    1931 7.8759E-01 3.7801E-04  ( 0.303    , -1.953E-03,   0.00    ) |  3.780E-04 3.052E-03
    1932 7.8797E-01 3.7801E-04  ( 0.303    , -1.953E-03,   0.00    ) |  3.780E-04 3.052E-03
    1933 7.8834E-01 3.7801E-04  ( 0.303    , -1.953E-03,   0.00    ) |  3.780E-04 3.052E-03
    1934 7.8872E-01 3.7801E-04  ( 0.303    , -1.953E-03,   0.00    ) |  3.780E-04 3.052E-03
    1935 7.8910E-01 3.7800E-04  ( 0.303    , -1.953E-03,   0.00    ) |  3.780E-04 3.052E-03
    1936 7.8948E-01 3.7800E-04  ( 0.303    , -1.953E-03,   0.00    ) |  3.780E-04 3.052E-03
    1937 7.8986E-01 3.7800E-04  ( 0.303    , -1.953E-03,   0.00    ) |  3.780E-04 3.052E-03
    1938 7.9023E-01 3.7800E-04  ( 0.303    , -1.953E-03,   0.00    ) |  3.780E-04 3.052E-03
    1939 7.9061E-01 3.7800E-04  ( 0.303    , -1.953E-03,   0.00    ) |  3.780E-04 3.052E-03
    1940 7.9099E-01 3.7800E-04  ( 0.303    , -1.953E-03,   0.00    ) |  3.780E-04 3.052E-03
    1941 7.9137E-01 3.7800E-04  ( 0.303    , -1.953E-03,   0.00    ) |  3.780E-04 3.052E-03
    1942 7.9175E-01 3.7800E-04  ( 0.303    , -1.953E-03,   0.00    ) |  3.780E-04 3.052E-03
    1943 7.9212E-01 3.7800E-04  ( 0.303    , -1.953E-03,   0.00    ) |  3.780E-04 3.052E-03
    1944 7.9250E-01 3.7800E-04  ( 0.303    , -1.953E-03,   0.00    ) |  3.780E-04 3.052E-03
    1945 7.9288E-01 3.7800E-04  ( 0.303    , -1.953E-03,   0.00    ) |  3.780E-04 3.052E-03
    1946 7.9326E-01 3.7800E-04  ( 0.303    , -1.953E-03,   0.00    ) |  3.780E-04 3.052E-03
    1947 7.9364E-01 3.7800E-04  ( 0.303    , -1.953E-03,   0.00    ) |  3.780E-04 3.052E-03
    1948 7.9401E-01 3.7800E-04  ( 0.303    , -1.953E-03,   0.00    ) |  3.780E-04 3.052E-03
    1949 7.9439E-01 3.7800E-04  ( 0.303    , -1.953E-03,   0.00    ) |  3.780E-04 3.052E-03
    1950 7.9477E-01 3.7800E-04  (-0.303    ,  1.953E-03,   0.00    ) |  3.780E-04 3.052E-03
    1951 7.9515E-01 3.7800E-04  (-0.303    ,  1.953E-03,   0.00    ) |  3.780E-04 3.052E-03
    1952 7.9553E-01 3.7800E-04  (-0.303    ,  1.953E-03,   0.00    ) |  3.780E-04 3.052E-03
    1953 7.9590E-01 3.7800E-04  (-0.303    ,  1.953E-03,   0.00    ) |  3.780E-04 3.052E-03
    1954 7.9628E-01 3.7800E-04  (-0.303    ,  1.953E-03,   0.00    ) |  3.780E-04 3.052E-03
    1955 7.9666E-01 3.7800E-04  (-0.303    ,  1.953E-03,   0.00    ) |  3.780E-04 3.052E-03
    1956 7.9704E-01 3.7800E-04  (-0.303    ,  1.953E-03,   0.00    ) |  3.780E-04 3.052E-03
    1957 7.9742E-01 3.7800E-04  (-0.303    ,  1.953E-03,   0.00    ) |  3.780E-04 3.052E-03
    1958 7.9779E-01 3.7800E-04  ( 0.303    , -1.953E-03,   0.00    ) |  3.780E-04 3.052E-03
    1959 7.9817E-01 3.7800E-04  (-0.303    , -1.953E-03,   0.00    ) |  3.780E-04 3.052E-03
    1960 7.9855E-01 3.7800E-04  (-0.303    , -1.953E-03,   0.00    ) |  3.780E-04 3.052E-03
    1961 7.9893E-01 3.7800E-04  (-0.303    , -1.953E-03,   0.00    ) |  3.780E-04 3.052E-03
    1962 7.9931E-01 3.7800E-04  ( 0.303    , -1.953E-03,   0.00    ) |  3.780E-04 3.052E-03
    1963 7.9968E-01 3.7800E-04  (-0.303    , -1.953E-03,   0.00    ) |  3.780E-04 3.052E-03
 *** Wrote plotfile to flash_run_hdf5_plt_cnt_0032 ****
    1964 8.0006E-01 3.7800E-04  (-0.303    , -1.953E-03,   0.00    ) |  3.780E-04 3.052E-03
    1965 8.0044E-01 3.7800E-04  (-0.303    , -1.953E-03,   0.00    ) |  3.780E-04 3.052E-03
    1966 8.0082E-01 3.7800E-04  (-0.303    , -1.953E-03,   0.00    ) |  3.780E-04 3.052E-03
    1967 8.0120E-01 3.7800E-04  (-0.303    , -1.953E-03,   0.00    ) |  3.780E-04 3.052E-03
    1968 8.0157E-01 3.7800E-04  (-0.303    , -1.953E-03,   0.00    ) |  3.780E-04 3.052E-03
    1969 8.0195E-01 3.7800E-04  (-0.303    , -1.953E-03,   0.00    ) |  3.780E-04 3.052E-03
    1970 8.0233E-01 3.7800E-04  (-0.303    , -1.953E-03,   0.00    ) |  3.780E-04 3.052E-03
    1971 8.0271E-01 3.7800E-04  (-0.303    , -1.953E-03,   0.00    ) |  3.780E-04 3.052E-03
    1972 8.0309E-01 3.7800E-04  (-0.303    , -1.953E-03,   0.00    ) |  3.780E-04 3.052E-03
    1973 8.0346E-01 3.7800E-04  (-0.303    , -1.953E-03,   0.00    ) |  3.780E-04 3.052E-03
    1974 8.0384E-01 3.7800E-04  (-0.303    , -1.953E-03,   0.00    ) |  3.780E-04 3.052E-03
    1975 8.0422E-01 3.7801E-04  ( 0.303    , -1.953E-03,   0.00    ) |  3.780E-04 3.052E-03
    1976 8.0460E-01 3.7801E-04  (-0.303    , -1.953E-03,   0.00    ) |  3.780E-04 3.052E-03
    1977 8.0498E-01 3.7801E-04  ( 0.303    , -1.953E-03,   0.00    ) |  3.780E-04 3.052E-03
    1978 8.0535E-01 3.7801E-04  ( 0.303    , -1.953E-03,   0.00    ) |  3.780E-04 3.052E-03
    1979 8.0573E-01 3.7801E-04  ( 0.303    , -1.953E-03,   0.00    ) |  3.780E-04 3.052E-03
    1980 8.0611E-01 3.7801E-04  ( 0.303    , -1.953E-03,   0.00    ) |  3.780E-04 3.052E-03
    1981 8.0649E-01 3.7801E-04  ( 0.303    , -1.953E-03,   0.00    ) |  3.780E-04 3.052E-03
    1982 8.0687E-01 3.7801E-04  ( 0.303    , -1.953E-03,   0.00    ) |  3.780E-04 3.052E-03
    1983 8.0724E-01 3.7801E-04  ( 0.303    , -1.953E-03,   0.00    ) |  3.780E-04 3.052E-03
    1984 8.0762E-01 3.7801E-04  ( 0.303    , -1.953E-03,   0.00    ) |  3.780E-04 3.052E-03
    1985 8.0800E-01 3.7801E-04  ( 0.303    , -1.953E-03,   0.00    ) |  3.780E-04 3.052E-03
    1986 8.0838E-01 3.7802E-04  ( 0.303    , -1.953E-03,   0.00    ) |  3.780E-04 3.052E-03
    1987 8.0876E-01 3.7802E-04  ( 0.299    , -1.953E-03,   0.00    ) |  3.780E-04 3.052E-03
    1988 8.0913E-01 3.7802E-04  ( 0.299    , -1.953E-03,   0.00    ) |  3.780E-04 3.052E-03
    1989 8.0951E-01 3.7802E-04  ( 0.299    , -1.953E-03,   0.00    ) |  3.780E-04 3.052E-03
    1990 8.0989E-01 3.7802E-04  ( 0.299    , -1.953E-03,   0.00    ) |  3.780E-04 3.052E-03
    1991 8.1027E-01 3.7802E-04  ( 0.299    , -1.953E-03,   0.00    ) |  3.780E-04 3.052E-03
    1992 8.1065E-01 3.7802E-04  ( 0.299    , -1.953E-03,   0.00    ) |  3.780E-04 3.052E-03
    1993 8.1102E-01 3.7802E-04  ( 0.299    , -1.953E-03,   0.00    ) |  3.780E-04 3.052E-03
    1994 8.1140E-01 3.7802E-04  ( 0.299    , -1.953E-03,   0.00    ) |  3.780E-04 3.052E-03
    1995 8.1178E-01 3.7803E-04  ( 0.299    , -1.953E-03,   0.00    ) |  3.780E-04 3.052E-03
    1996 8.1216E-01 3.7803E-04  ( 0.299    , -1.953E-03,   0.00    ) |  3.780E-04 3.052E-03
    1997 8.1254E-01 3.7803E-04  ( 0.299    , -1.953E-03,   0.00    ) |  3.780E-04 3.052E-03
    1998 8.1291E-01 3.7803E-04  ( 0.299    , -1.953E-03,   0.00    ) |  3.780E-04 3.052E-03
    1999 8.1329E-01 3.7803E-04  ( 0.299    , -1.953E-03,   0.00    ) |  3.780E-04 3.052E-03
    2000 8.1367E-01 3.7803E-04  ( 0.299    , -1.953E-03,   0.00    ) |  3.780E-04 3.052E-03
    2001 8.1405E-01 3.7803E-04  ( 0.299    , -1.953E-03,   0.00    ) |  3.780E-04 3.052E-03
    2002 8.1443E-01 3.7803E-04  ( 0.299    , -1.953E-03,   0.00    ) |  3.780E-04 3.052E-03
    2003 8.1480E-01 3.7804E-04  ( 0.299    , -1.953E-03,   0.00    ) |  3.780E-04 3.052E-03
    2004 8.1518E-01 3.7804E-04  ( 0.299    , -1.953E-03,   0.00    ) |  3.780E-04 3.052E-03
    2005 8.1556E-01 3.7804E-04  (-0.299    ,  1.953E-03,   0.00    ) |  3.780E-04 3.052E-03
    2006 8.1594E-01 3.7804E-04  ( 0.299    , -1.953E-03,   0.00    ) |  3.780E-04 3.052E-03
    2007 8.1632E-01 3.7804E-04  ( 0.299    , -1.953E-03,   0.00    ) |  3.780E-04 3.052E-03
    2008 8.1669E-01 3.7804E-04  ( 0.299    , -1.953E-03,   0.00    ) |  3.780E-04 3.052E-03
    2009 8.1707E-01 3.7804E-04  ( 0.299    , -1.953E-03,   0.00    ) |  3.780E-04 3.052E-03
    2010 8.1745E-01 3.7805E-04  ( 0.299    , -1.953E-03,   0.00    ) |  3.780E-04 3.052E-03
    2011 8.1783E-01 3.7805E-04  ( 0.299    , -1.953E-03,   0.00    ) |  3.780E-04 3.052E-03
    2012 8.1821E-01 3.7805E-04  ( 0.299    , -1.953E-03,   0.00    ) |  3.780E-04 3.052E-03
    2013 8.1858E-01 3.7805E-04  ( 0.299    , -1.953E-03,   0.00    ) |  3.781E-04 3.052E-03
    2014 8.1896E-01 3.7805E-04  ( 0.299    , -1.953E-03,   0.00    ) |  3.781E-04 3.052E-03
    2015 8.1934E-01 3.7806E-04  (-0.299    ,  1.953E-03,   0.00    ) |  3.781E-04 3.052E-03
    2016 8.1972E-01 3.7806E-04  ( 0.299    , -1.953E-03,   0.00    ) |  3.781E-04 3.052E-03
    2017 8.2010E-01 3.7806E-04  ( 0.299    , -1.953E-03,   0.00    ) |  3.781E-04 3.052E-03
    2018 8.2047E-01 3.7806E-04  (-0.299    ,  1.953E-03,   0.00    ) |  3.781E-04 3.052E-03
    2019 8.2085E-01 3.7806E-04  ( 0.299    , -1.953E-03,   0.00    ) |  3.781E-04 3.052E-03
    2020 8.2123E-01 3.7806E-04  ( 0.299    , -1.953E-03,   0.00    ) |  3.781E-04 3.052E-03
    2021 8.2161E-01 3.7807E-04  (-0.299    ,  1.953E-03,   0.00    ) |  3.781E-04 3.052E-03
    2022 8.2199E-01 3.7807E-04  (-0.299    ,  1.953E-03,   0.00    ) |  3.781E-04 3.052E-03
    2023 8.2236E-01 3.7807E-04  ( 0.299    , -1.953E-03,   0.00    ) |  3.781E-04 3.052E-03
    2024 8.2274E-01 3.7807E-04  ( 0.299    , -1.953E-03,   0.00    ) |  3.781E-04 3.052E-03
    2025 8.2312E-01 3.7808E-04  ( 0.299    , -1.953E-03,   0.00    ) |  3.781E-04 3.052E-03
    2026 8.2350E-01 3.7808E-04  ( 0.299    , -1.953E-03,   0.00    ) |  3.781E-04 3.052E-03
    2027 8.2388E-01 3.7808E-04  ( 0.299    , -1.953E-03,   0.00    ) |  3.781E-04 3.052E-03
    2028 8.2425E-01 3.7808E-04  ( 0.299    , -1.953E-03,   0.00    ) |  3.781E-04 3.052E-03
    2029 8.2463E-01 3.7808E-04  ( 0.299    , -1.953E-03,   0.00    ) |  3.781E-04 3.052E-03
 *** Wrote plotfile to flash_run_hdf5_plt_cnt_0033 ****
    2030 8.2501E-01 3.7809E-04  ( 0.299    , -1.953E-03,   0.00    ) |  3.781E-04 3.052E-03
    2031 8.2539E-01 3.7809E-04  (-0.299    ,  1.953E-03,   0.00    ) |  3.781E-04 3.052E-03
    2032 8.2577E-01 3.7809E-04  ( 0.299    , -1.953E-03,   0.00    ) |  3.781E-04 3.052E-03
    2033 8.2615E-01 3.7809E-04  (-0.299    ,  1.953E-03,   0.00    ) |  3.781E-04 3.052E-03
    2034 8.2652E-01 3.7810E-04  ( 0.299    , -1.953E-03,   0.00    ) |  3.781E-04 3.052E-03
    2035 8.2690E-01 3.7810E-04  ( 0.299    , -1.953E-03,   0.00    ) |  3.781E-04 3.052E-03
    2036 8.2728E-01 3.7810E-04  ( 0.299    , -1.953E-03,   0.00    ) |  3.781E-04 3.052E-03
    2037 8.2766E-01 3.7810E-04  ( 0.299    , -1.953E-03,   0.00    ) |  3.781E-04 3.052E-03
    2038 8.2804E-01 3.7810E-04  ( 0.299    , -1.953E-03,   0.00    ) |  3.781E-04 3.052E-03
    2039 8.2841E-01 3.7811E-04  ( 0.299    , -1.953E-03,   0.00    ) |  3.781E-04 3.052E-03
    2040 8.2879E-01 3.7811E-04  ( 0.299    , -1.953E-03,   0.00    ) |  3.781E-04 3.052E-03
    2041 8.2917E-01 3.7811E-04  ( 0.299    , -1.953E-03,   0.00    ) |  3.781E-04 3.052E-03
    2042 8.2955E-01 3.7811E-04  ( 0.299    , -1.953E-03,   0.00    ) |  3.781E-04 3.052E-03
    2043 8.2993E-01 3.7812E-04  ( 0.299    , -1.953E-03,   0.00    ) |  3.781E-04 3.052E-03
    2044 8.3030E-01 3.7812E-04  ( 0.299    , -1.953E-03,   0.00    ) |  3.781E-04 3.052E-03
    2045 8.3068E-01 3.7812E-04  ( 0.299    , -1.953E-03,   0.00    ) |  3.781E-04 3.052E-03
    2046 8.3106E-01 3.7813E-04  ( 0.299    , -1.953E-03,   0.00    ) |  3.781E-04 3.052E-03
    2047 8.3144E-01 3.7813E-04  ( 0.299    , -1.953E-03,   0.00    ) |  3.781E-04 3.052E-03
    2048 8.3182E-01 3.7813E-04  ( 0.299    , -1.953E-03,   0.00    ) |  3.781E-04 3.052E-03
    2049 8.3220E-01 3.7813E-04  (-0.299    ,  1.953E-03,   0.00    ) |  3.781E-04 3.052E-03
    2050 8.3257E-01 3.7814E-04  ( 0.299    , -1.953E-03,   0.00    ) |  3.781E-04 3.052E-03
    2051 8.3295E-01 3.7814E-04  (-0.299    ,  1.953E-03,   0.00    ) |  3.781E-04 3.052E-03
    2052 8.3333E-01 3.7814E-04  (-0.299    ,  1.953E-03,   0.00    ) |  3.781E-04 3.052E-03
    2053 8.3371E-01 3.7814E-04  (-0.299    ,  1.953E-03,   0.00    ) |  3.781E-04 3.052E-03
    2054 8.3409E-01 3.7815E-04  (-0.299    ,  1.953E-03,   0.00    ) |  3.781E-04 3.052E-03
    2055 8.3446E-01 3.7815E-04  (-0.299    ,  1.953E-03,   0.00    ) |  3.782E-04 3.052E-03
    2056 8.3484E-01 3.7815E-04  (-0.299    ,  1.953E-03,   0.00    ) |  3.782E-04 3.052E-03
    2057 8.3522E-01 3.7816E-04  (-0.299    ,  1.953E-03,   0.00    ) |  3.782E-04 3.052E-03
    2058 8.3560E-01 3.7816E-04  (-0.299    ,  1.953E-03,   0.00    ) |  3.782E-04 3.052E-03
    2059 8.3598E-01 3.7816E-04  (-0.299    ,  1.953E-03,   0.00    ) |  3.782E-04 3.052E-03
    2060 8.3635E-01 3.7817E-04  (-0.299    ,  1.953E-03,   0.00    ) |  3.782E-04 3.052E-03
    2061 8.3673E-01 3.7817E-04  (-0.299    ,  1.953E-03,   0.00    ) |  3.782E-04 3.052E-03
    2062 8.3711E-01 3.7817E-04  (-0.299    ,  1.953E-03,   0.00    ) |  3.782E-04 3.052E-03
    2063 8.3749E-01 3.7817E-04  (-0.299    ,  1.953E-03,   0.00    ) |  3.782E-04 3.052E-03
    2064 8.3787E-01 3.7818E-04  (-0.299    ,  1.953E-03,   0.00    ) |  3.782E-04 3.052E-03
    2065 8.3825E-01 3.7818E-04  (-0.299    ,  1.953E-03,   0.00    ) |  3.782E-04 3.052E-03
    2066 8.3862E-01 3.7818E-04  (-0.299    ,  1.953E-03,   0.00    ) |  3.782E-04 3.052E-03
    2067 8.3900E-01 3.7819E-04  (-0.299    ,  1.953E-03,   0.00    ) |  3.782E-04 3.052E-03
    2068 8.3938E-01 3.7819E-04  (-0.299    ,  1.953E-03,   0.00    ) |  3.782E-04 3.052E-03
    2069 8.3976E-01 3.7819E-04  (-0.299    ,  1.953E-03,   0.00    ) |  3.782E-04 3.052E-03
    2070 8.4014E-01 3.7820E-04  (-0.299    ,  1.953E-03,   0.00    ) |  3.782E-04 3.052E-03
    2071 8.4051E-01 3.7820E-04  (-0.299    ,  1.953E-03,   0.00    ) |  3.782E-04 3.052E-03
    2072 8.4089E-01 3.7820E-04  (-0.299    ,  1.953E-03,   0.00    ) |  3.782E-04 3.052E-03
    2073 8.4127E-01 3.7821E-04  (-0.299    ,  1.953E-03,   0.00    ) |  3.782E-04 3.052E-03
    2074 8.4165E-01 3.7821E-04  (-0.299    ,  1.953E-03,   0.00    ) |  3.782E-04 3.052E-03
    2075 8.4203E-01 3.7821E-04  ( 0.299    , -1.953E-03,   0.00    ) |  3.782E-04 3.052E-03
    2076 8.4241E-01 3.7822E-04  (-0.299    ,  1.953E-03,   0.00    ) |  3.782E-04 3.052E-03
    2077 8.4278E-01 3.7822E-04  ( 0.299    , -1.953E-03,   0.00    ) |  3.782E-04 3.052E-03
    2078 8.4316E-01 3.7822E-04  ( 0.299    , -1.953E-03,   0.00    ) |  3.782E-04 3.052E-03
    2079 8.4354E-01 3.7823E-04  ( 0.299    , -1.953E-03,   0.00    ) |  3.782E-04 3.052E-03
    2080 8.4392E-01 3.7823E-04  ( 0.299    , -1.953E-03,   0.00    ) |  3.782E-04 3.052E-03
    2081 8.4430E-01 3.7823E-04  ( 0.299    , -1.953E-03,   0.00    ) |  3.782E-04 3.052E-03
    2082 8.4468E-01 3.7824E-04  ( 0.299    , -1.953E-03,   0.00    ) |  3.782E-04 3.052E-03
    2083 8.4505E-01 3.7824E-04  ( 0.299    , -1.953E-03,   0.00    ) |  3.782E-04 3.052E-03
    2084 8.4543E-01 3.7825E-04  ( 0.299    , -1.953E-03,   0.00    ) |  3.782E-04 3.052E-03
    2085 8.4581E-01 3.7825E-04  ( 0.299    , -1.953E-03,   0.00    ) |  3.782E-04 3.052E-03
    2086 8.4619E-01 3.7825E-04  ( 0.299    , -1.953E-03,   0.00    ) |  3.783E-04 3.052E-03
    2087 8.4657E-01 3.7826E-04  ( 0.299    , -1.953E-03,   0.00    ) |  3.783E-04 3.052E-03
    2088 8.4694E-01 3.7826E-04  ( 0.299    , -1.953E-03,   0.00    ) |  3.783E-04 3.052E-03
    2089 8.4732E-01 3.7827E-04  ( 0.299    , -1.953E-03,   0.00    ) |  3.783E-04 3.052E-03
    2090 8.4770E-01 3.7827E-04  ( 0.299    , -1.953E-03,   0.00    ) |  3.783E-04 3.052E-03
    2091 8.4808E-01 3.7827E-04  ( 0.299    , -1.953E-03,   0.00    ) |  3.783E-04 3.052E-03
    2092 8.4846E-01 3.7828E-04  ( 0.299    , -1.953E-03,   0.00    ) |  3.783E-04 3.052E-03
    2093 8.4884E-01 3.7828E-04  (-0.299    ,  1.953E-03,   0.00    ) |  3.783E-04 3.052E-03
    2094 8.4921E-01 3.7829E-04  (-0.299    ,  1.953E-03,   0.00    ) |  3.783E-04 3.052E-03
    2095 8.4959E-01 3.7829E-04  (-0.299    ,  1.953E-03,   0.00    ) |  3.783E-04 3.052E-03
    2096 8.4997E-01 3.7829E-04  (-0.299    ,  1.953E-03,   0.00    ) |  3.783E-04 3.052E-03
Shortening dt from 3.7829460593469385263E-04 to 2.9165617225768158960E-05 for reaching tmax= 0.8499999999999999778    
    2097 8.5000E-01 3.4999E-05  (-0.299    ,  1.953E-03,   0.00    ) |  3.783E-04 3.052E-03
 *** Wrote checkpoint file to flash_run_hdf5_chk_0001 ****
 *** Wrote plotfile to flash_run_forced_hdf5_plt_cnt_0000 ****
