hwloc/linux: failed to find sysfs cpu topology directory, aborting linux discovery.
hwloc/linux: failed to find sysfs cpu topology directory, aborting linux discovery.
hwloc/linux: failed to find sysfs cpu topology directory, aborting linux discovery.
hwloc/linux: failed to find sysfs cpu topology directory, aborting linux discovery.
hwloc/linux: failed to find sysfs cpu topology directory, aborting linux discovery.
hwloc/linux: failed to find sysfs cpu topology directory, aborting linux discovery.
hwloc/linux: failed to find sysfs cpu topology directory, aborting linux discovery.
hwloc/linux: failed to find sysfs cpu topology directory, aborting linux discovery.
hwloc/linux: failed to find sysfs cpu topology directory, aborting linux discovery.
hwloc/linux: failed to find sysfs cpu topology directory, aborting linux discovery.
[1791439554.840964] [Rog-GA401:8    :0]       tcp_iface.c:893  UCX  ERROR scandir(/sys/class/net) failed: No such file or directory
[1791439554.840899] [Rog-GA401:9    :0]       tcp_iface.c:893  UCX  ERROR scandir(/sys/class/net) failed: No such file or directory
[1791439554.841077] [Rog-GA401:10   :0]       tcp_iface.c:893  UCX  ERROR scandir(/sys/class/net) failed: No such file or directory
[1791439554.841060] [Rog-GA401:7    :0]       tcp_iface.c:893  UCX  ERROR scandir(/sys/class/net) failed: No such file or directory
 MaterialProperties initialized
 Cosmology initialized
 Source terms initialized
  Finished with Grid_initDomain, no restart
 Ready to call Hydro_init
 Hydro initialized
 Gravity initialized
 Initial dt verified
 *** Wrote checkpoint file to flash_run_hdf5_chk_0000 ****
 *** Wrote plotfile to flash_run_hdf5_plt_cnt_0000 ****
 Initial plotfile written
 Driver init all done
       n          t         dt  (         x,          y,          z) |  dt_hydro  dt_Diff  
       1 1.0000E-06 1.2000E-06  (-1.302E-03,  5.339E-02,   0.00    ) |  6.189E-04 2.713E-03
       2 2.2000E-06 1.4400E-06  (-1.302E-03,  5.339E-02,   0.00    ) |  6.189E-04 2.713E-03
       3 3.6400E-06 1.7280E-06  (-1.302E-03,  5.339E-02,   0.00    ) |  6.189E-04 2.713E-03
       4 5.3680E-06 2.0736E-06  (-1.302E-03,  5.339E-02,   0.00    ) |  6.189E-04 2.713E-03
       5 7.4416E-06 2.4883E-06  (-1.302E-03,  5.339E-02,   0.00    ) |  6.189E-04 2.713E-03
       6 9.9299E-06 2.9860E-06  (-1.302E-03,  5.339E-02,   0.00    ) |  6.189E-04 2.713E-03
       7 1.2916E-05 3.5832E-06  (-1.302E-03,  5.339E-02,   0.00    ) |  6.189E-04 2.713E-03
       8 1.6499E-05 4.2998E-06  (-1.302E-03,  5.339E-02,   0.00    ) |  6.189E-04 2.713E-03
       9 2.0799E-05 5.1598E-06  (-1.302E-03,  5.339E-02,   0.00    ) |  6.189E-04 2.713E-03
      10 2.5959E-05 6.1917E-06  (-1.302E-03,  5.339E-02,   0.00    ) |  6.189E-04 2.713E-03
      11 3.2150E-05 7.4301E-06  (-1.302E-03,  5.339E-02,   0.00    ) |  6.189E-04 2.713E-03
      12 3.9581E-05 8.9161E-06  (-1.302E-03,  5.339E-02,   0.00    ) |  6.189E-04 2.713E-03
      13 4.8497E-05 1.0699E-05  (-1.302E-03,  5.339E-02,   0.00    ) |  6.189E-04 2.713E-03
      14 5.9196E-05 1.2839E-05  (-1.302E-03,  5.339E-02,   0.00    ) |  6.189E-04 2.713E-03
      15 7.2035E-05 1.5407E-05  (-1.302E-03,  5.339E-02,   0.00    ) |  6.189E-04 2.713E-03
      16 8.7442E-05 1.8488E-05  (-1.302E-03,  5.339E-02,   0.00    ) |  6.189E-04 2.713E-03
      17 1.0593E-04 2.2186E-05  (-1.302E-03,  5.339E-02,   0.00    ) |  6.189E-04 2.713E-03
      18 1.2812E-04 2.6623E-05  (-1.302E-03,  5.339E-02,   0.00    ) |  6.189E-04 2.713E-03
      19 1.5474E-04 3.1948E-05  (-1.302E-03,  5.339E-02,   0.00    ) |  6.189E-04 2.713E-03
      20 1.8669E-04 3.8338E-05  (-1.302E-03,  5.339E-02,   0.00    ) |  6.189E-04 2.713E-03
      21 2.2503E-04 4.6005E-05  (-1.302E-03,  5.339E-02,   0.00    ) |  6.189E-04 2.713E-03
      22 2.7103E-04 5.5206E-05  (-1.302E-03,  5.339E-02,   0.00    ) |  6.189E-04 2.713E-03
      23 3.2624E-04 6.6247E-05  (-1.302E-03,  5.339E-02,   0.00    ) |  6.189E-04 2.713E-03
      24 3.9248E-04 7.9497E-05  (-1.302E-03,  5.339E-02,   0.00    ) |  6.189E-04 2.713E-03
      25 4.7198E-04 9.5396E-05  (-1.302E-03,  5.339E-02,   0.00    ) |  6.189E-04 2.713E-03
      26 5.6738E-04 1.1448E-04  ( 1.302E-03,  5.339E-02,   0.00    ) |  6.189E-04 2.713E-03
      27 6.8185E-04 1.3737E-04  (-1.302E-03,  5.339E-02,   0.00    ) |  6.189E-04 2.713E-03
      28 8.1922E-04 1.6484E-04  ( 1.302E-03,  5.339E-02,   0.00    ) |  6.189E-04 2.713E-03
      29 9.8407E-04 1.9781E-04  ( 1.302E-03,  5.339E-02,   0.00    ) |  6.189E-04 2.713E-03
      30 1.1819E-03 2.3738E-04  ( 1.302E-03,  5.339E-02,   0.00    ) |  6.189E-04 2.713E-03
      31 1.4193E-03 2.8485E-04  (-1.302E-03,  5.339E-02,   0.00    ) |  6.189E-04 2.713E-03
      32 1.7041E-03 3.4182E-04  (-1.302E-03,  5.339E-02,   0.00    ) |  6.189E-04 2.713E-03
      33 2.0459E-03 4.1019E-04  ( 1.302E-03,  5.339E-02,   0.00    ) |  6.189E-04 2.713E-03
      34 2.4561E-03 4.9222E-04  ( 1.302E-03,  5.339E-02,   0.00    ) |  6.189E-04 2.713E-03
      35 2.9483E-03 5.9067E-04  ( 1.302E-03,  5.339E-02,   0.00    ) |  6.190E-04 2.713E-03
      36 3.5390E-03 6.1896E-04  (-1.302E-03,  5.339E-02,   0.00    ) |  6.190E-04 2.713E-03
      37 4.1580E-03 6.1896E-04  ( 1.302E-03,  5.339E-02,   0.00    ) |  6.190E-04 2.713E-03
      38 4.7769E-03 6.1897E-04  ( 1.302E-03,  5.339E-02,   0.00    ) |  6.190E-04 2.713E-03
      39 5.3959E-03 6.1897E-04  ( 1.302E-03,  5.339E-02,   0.00    ) |  6.190E-04 2.713E-03
      40 6.0149E-03 6.1897E-04  ( 1.302E-03,  5.339E-02,   0.00    ) |  6.190E-04 2.713E-03
      41 6.6338E-03 6.1897E-04  ( 1.302E-03,  5.339E-02,   0.00    ) |  6.190E-04 2.713E-03
      42 7.2528E-03 6.1897E-04  (-1.302E-03,  5.339E-02,   0.00    ) |  6.190E-04 2.713E-03
      43 7.8718E-03 6.1897E-04  ( 1.302E-03,  5.339E-02,   0.00    ) |  6.190E-04 2.713E-03
      44 8.4908E-03 6.1898E-04  ( 1.302E-03,  5.339E-02,   0.00    ) |  6.190E-04 2.713E-03
      45 9.1097E-03 6.1898E-04  ( 1.302E-03,  5.339E-02,   0.00    ) |  6.190E-04 2.713E-03
      46 9.7287E-03 6.1898E-04  ( 1.302E-03,  5.339E-02,   0.00    ) |  6.190E-04 2.713E-03
      47 1.0348E-02 6.1898E-04  ( 1.302E-03,  5.339E-02,   0.00    ) |  6.190E-04 2.713E-03
      48 1.0967E-02 6.1898E-04  ( 1.302E-03,  5.339E-02,   0.00    ) |  6.190E-04 2.713E-03
      49 1.1586E-02 6.1898E-04  ( 1.302E-03,  5.339E-02,   0.00    ) |  6.190E-04 2.713E-03
      50 1.2205E-02 6.1898E-04  ( 1.302E-03,  5.339E-02,   0.00    ) |  6.190E-04 2.713E-03
      51 1.2824E-02 6.1899E-04  ( 1.302E-03,  5.339E-02,   0.00    ) |  6.190E-04 2.713E-03
      52 1.3443E-02 6.1899E-04  ( 1.302E-03,  5.339E-02,   0.00    ) |  6.190E-04 2.713E-03
      53 1.4062E-02 6.1900E-04  ( 1.302E-03,  5.339E-02,   0.00    ) |  6.190E-04 2.713E-03
      54 1.4681E-02 6.1900E-04  ( 1.302E-03,  5.339E-02,   0.00    ) |  6.190E-04 2.713E-03
      55 1.5300E-02 6.1901E-04  ( 1.302E-03,  5.339E-02,   0.00    ) |  6.190E-04 2.713E-03
      56 1.5919E-02 6.1901E-04  ( 1.302E-03,  5.339E-02,   0.00    ) |  6.190E-04 2.713E-03
      57 1.6538E-02 6.1901E-04  ( 1.302E-03,  5.339E-02,   0.00    ) |  6.190E-04 2.713E-03
      58 1.7157E-02 6.1902E-04  ( 1.302E-03,  5.339E-02,   0.00    ) |  6.190E-04 2.713E-03
      59 1.7776E-02 6.1902E-04  ( 1.302E-03,  5.339E-02,   0.00    ) |  6.190E-04 2.713E-03
      60 1.8395E-02 6.1902E-04  ( 1.302E-03,  5.339E-02,   0.00    ) |  6.190E-04 2.713E-03
      61 1.9014E-02 6.1902E-04  ( 1.302E-03,  5.339E-02,   0.00    ) |  6.190E-04 2.713E-03
      62 1.9633E-02 6.1901E-04  ( 1.302E-03,  5.339E-02,   0.00    ) |  6.190E-04 2.713E-03
      63 2.0252E-02 6.1901E-04  ( 1.302E-03,  5.339E-02,   0.00    ) |  6.190E-04 2.713E-03
      64 2.0871E-02 6.1900E-04  ( 1.302E-03,  5.339E-02,   0.00    ) |  6.190E-04 2.713E-03
      65 2.1490E-02 6.1899E-04  ( 1.302E-03,  5.339E-02,   0.00    ) |  6.190E-04 2.713E-03
      66 2.2109E-02 6.1898E-04  ( 1.302E-03,  5.339E-02,   0.00    ) |  6.190E-04 2.713E-03
      67 2.2728E-02 6.1897E-04  ( 1.302E-03,  5.339E-02,   0.00    ) |  6.190E-04 2.713E-03
      68 2.3347E-02 6.1895E-04  ( 1.302E-03,  5.339E-02,   0.00    ) |  6.189E-04 2.713E-03
      69 2.3966E-02 6.1893E-04  ( 1.302E-03,  5.339E-02,   0.00    ) |  6.189E-04 2.713E-03
      70 2.4585E-02 6.1891E-04  ( 1.302E-03,  5.339E-02,   0.00    ) |  6.189E-04 2.713E-03
 *** Wrote plotfile to flash_run_hdf5_plt_cnt_0001 ****
      71 2.5203E-02 6.1889E-04  ( 1.302E-03,  5.339E-02,   0.00    ) |  6.189E-04 2.713E-03
      72 2.5822E-02 6.1886E-04  ( 1.302E-03,  5.339E-02,   0.00    ) |  6.189E-04 2.713E-03
      73 2.6441E-02 6.1884E-04  ( 1.302E-03,  5.339E-02,   0.00    ) |  6.188E-04 2.713E-03
      74 2.7060E-02 6.1881E-04  ( 1.302E-03,  5.339E-02,   0.00    ) |  6.188E-04 2.713E-03
      75 2.7679E-02 6.1879E-04  ( 1.302E-03,  5.339E-02,   0.00    ) |  6.188E-04 2.713E-03
      76 2.8298E-02 6.1876E-04  ( 1.302E-03,  5.339E-02,   0.00    ) |  6.188E-04 2.713E-03
      77 2.8916E-02 6.1873E-04  ( 1.302E-03,  5.339E-02,   0.00    ) |  6.187E-04 2.713E-03
      78 2.9535E-02 6.1870E-04  ( 1.302E-03,  5.339E-02,   0.00    ) |  6.187E-04 2.713E-03
      79 3.0154E-02 6.1868E-04  ( 1.302E-03,  5.339E-02,   0.00    ) |  6.187E-04 2.713E-03
      80 3.0773E-02 6.1865E-04  ( 1.302E-03,  5.339E-02,   0.00    ) |  6.186E-04 2.713E-03
      81 3.1391E-02 6.1862E-04  ( 1.302E-03,  5.339E-02,   0.00    ) |  6.186E-04 2.713E-03
      82 3.2010E-02 6.1859E-04  ( 1.302E-03,  5.339E-02,   0.00    ) |  6.186E-04 2.713E-03
      83 3.2628E-02 6.1856E-04  ( 1.302E-03,  5.339E-02,   0.00    ) |  6.186E-04 2.713E-03
      84 3.3247E-02 6.1854E-04  ( 1.302E-03,  5.339E-02,   0.00    ) |  6.185E-04 2.713E-03
      85 3.3865E-02 6.1851E-04  ( 1.302E-03,  5.339E-02,   0.00    ) |  6.185E-04 2.713E-03
      86 3.4484E-02 6.1848E-04  (-1.302E-03,  5.339E-02,   0.00    ) |  6.185E-04 2.713E-03
      87 3.5102E-02 6.1845E-04  ( 1.302E-03,  5.339E-02,   0.00    ) |  6.185E-04 2.713E-03
      88 3.5721E-02 6.1843E-04  ( 1.302E-03,  5.339E-02,   0.00    ) |  6.184E-04 2.713E-03
      89 3.6339E-02 6.1840E-04  ( 1.302E-03,  5.339E-02,   0.00    ) |  6.184E-04 2.713E-03
      90 3.6958E-02 6.1838E-04  ( 1.302E-03,  5.339E-02,   0.00    ) |  6.184E-04 2.713E-03
      91 3.7576E-02 6.1835E-04  ( 1.302E-03,  5.339E-02,   0.00    ) |  6.184E-04 2.713E-03
      92 3.8194E-02 6.1833E-04  ( 1.302E-03,  5.339E-02,   0.00    ) |  6.183E-04 2.713E-03
      93 3.8813E-02 6.1831E-04  ( 1.302E-03,  5.339E-02,   0.00    ) |  6.183E-04 2.713E-03
      94 3.9431E-02 6.1828E-04  ( 1.302E-03,  5.339E-02,   0.00    ) |  6.183E-04 2.713E-03
      95 4.0049E-02 6.1826E-04  ( 1.302E-03,  5.339E-02,   0.00    ) |  6.183E-04 2.713E-03
      96 4.0668E-02 6.1824E-04  ( 1.302E-03,  5.339E-02,   0.00    ) |  6.182E-04 2.713E-03
      97 4.1286E-02 6.1822E-04  ( 1.302E-03,  5.339E-02,   0.00    ) |  6.182E-04 2.713E-03
      98 4.1904E-02 6.1819E-04  (-1.302E-03,  5.339E-02,   0.00    ) |  6.182E-04 2.713E-03
      99 4.2522E-02 6.1817E-04  (-1.302E-03,  5.339E-02,   0.00    ) |  6.182E-04 2.713E-03
     100 4.3140E-02 6.1815E-04  (-1.302E-03,  5.339E-02,   0.00    ) |  6.182E-04 2.713E-03
     101 4.3759E-02 6.1813E-04  (-1.302E-03,  5.339E-02,   0.00    ) |  6.181E-04 2.713E-03
     102 4.4377E-02 6.1811E-04  (-1.302E-03,  5.339E-02,   0.00    ) |  6.181E-04 2.713E-03
     103 4.4995E-02 6.1810E-04  (-1.302E-03,  5.339E-02,   0.00    ) |  6.181E-04 2.713E-03
     104 4.5613E-02 6.1808E-04  (-1.302E-03,  5.339E-02,   0.00    ) |  6.181E-04 2.713E-03
     105 4.6231E-02 6.1806E-04  (-1.302E-03,  5.339E-02,   0.00    ) |  6.181E-04 2.713E-03
     106 4.6849E-02 6.1804E-04  ( 1.302E-03,  5.339E-02,   0.00    ) |  6.180E-04 2.713E-03
     107 4.7467E-02 6.1802E-04  ( 1.302E-03,  5.339E-02,   0.00    ) |  6.180E-04 2.713E-03
     108 4.8085E-02 6.1800E-04  ( 1.302E-03,  5.339E-02,   0.00    ) |  6.180E-04 2.713E-03
     109 4.8703E-02 6.1799E-04  (-1.302E-03,  5.339E-02,   0.00    ) |  6.180E-04 2.713E-03
     110 4.9321E-02 6.1797E-04  (-1.302E-03,  5.339E-02,   0.00    ) |  6.180E-04 2.713E-03
     111 4.9939E-02 6.1796E-04  (-1.302E-03,  5.339E-02,   0.00    ) |  6.180E-04 2.713E-03
 *** Wrote plotfile to flash_run_hdf5_plt_cnt_0002 ****
     112 5.0557E-02 6.1794E-04  (-1.302E-03,  5.339E-02,   0.00    ) |  6.179E-04 2.713E-03
     113 5.1175E-02 6.1792E-04  (-1.302E-03,  5.339E-02,   0.00    ) |  6.179E-04 2.713E-03
     114 5.1793E-02 6.1791E-04  (-1.302E-03,  5.339E-02,   0.00    ) |  6.179E-04 2.713E-03
     115 5.2411E-02 6.1789E-04  ( 1.302E-03,  5.339E-02,   0.00    ) |  6.179E-04 2.713E-03
     116 5.3029E-02 6.1788E-04  (-1.302E-03,  5.339E-02,   0.00    ) |  6.179E-04 2.713E-03
     117 5.3647E-02 6.1786E-04  (-1.302E-03,  5.339E-02,   0.00    ) |  6.179E-04 2.713E-03
     118 5.4264E-02 6.1785E-04  ( 1.302E-03,  5.339E-02,   0.00    ) |  6.178E-04 2.713E-03
     119 5.4882E-02 6.1784E-04  (-1.302E-03,  5.339E-02,   0.00    ) |  6.178E-04 2.713E-03
     120 5.5500E-02 6.1782E-04  (-1.302E-03,  5.339E-02,   0.00    ) |  6.178E-04 2.713E-03
     121 5.6118E-02 6.1781E-04  (-1.302E-03,  5.339E-02,   0.00    ) |  6.178E-04 2.713E-03
     122 5.6736E-02 6.1779E-04  (-1.302E-03,  5.339E-02,   0.00    ) |  6.178E-04 2.713E-03
     123 5.7354E-02 6.1778E-04  (-1.302E-03,  5.339E-02,   0.00    ) |  6.178E-04 2.713E-03
     124 5.7971E-02 6.1777E-04  (-1.302E-03,  5.339E-02,   0.00    ) |  6.178E-04 2.713E-03
     125 5.8589E-02 6.1776E-04  ( 1.302E-03,  5.339E-02,   0.00    ) |  6.178E-04 2.713E-03
     126 5.9207E-02 6.1774E-04  ( 1.302E-03,  5.339E-02,   0.00    ) |  6.177E-04 2.713E-03
     127 5.9825E-02 6.1773E-04  ( 1.302E-03,  5.339E-02,   0.00    ) |  6.177E-04 2.713E-03
     128 6.0442E-02 6.1772E-04  ( 1.302E-03,  5.339E-02,   0.00    ) |  6.177E-04 2.713E-03
     129 6.1060E-02 6.1771E-04  ( 1.302E-03,  5.339E-02,   0.00    ) |  6.177E-04 2.713E-03
     130 6.1678E-02 6.1770E-04  ( 1.302E-03,  5.339E-02,   0.00    ) |  6.177E-04 2.713E-03
     131 6.2296E-02 6.1769E-04  ( 1.302E-03,  5.339E-02,   0.00    ) |  6.177E-04 2.713E-03
     132 6.2913E-02 6.1768E-04  ( 1.302E-03,  5.339E-02,   0.00    ) |  6.177E-04 2.713E-03
     133 6.3531E-02 6.1766E-04  ( 1.302E-03,  5.339E-02,   0.00    ) |  6.177E-04 2.713E-03
     134 6.4149E-02 6.1765E-04  ( 1.302E-03,  5.339E-02,   0.00    ) |  6.177E-04 2.713E-03
     135 6.4766E-02 6.1764E-04  ( 1.302E-03,  5.339E-02,   0.00    ) |  6.176E-04 2.713E-03
     136 6.5384E-02 6.1763E-04  ( 1.302E-03,  5.339E-02,   0.00    ) |  6.176E-04 2.713E-03
     137 6.6001E-02 6.1762E-04  ( 1.302E-03,  5.339E-02,   0.00    ) |  6.176E-04 2.713E-03
     138 6.6619E-02 6.1761E-04  ( 1.302E-03,  5.339E-02,   0.00    ) |  6.176E-04 2.713E-03
     139 6.7237E-02 6.1760E-04  ( 1.302E-03,  5.339E-02,   0.00    ) |  6.176E-04 2.713E-03
     140 6.7854E-02 6.1759E-04  ( 1.302E-03,  5.339E-02,   0.00    ) |  6.176E-04 2.713E-03
     141 6.8472E-02 6.1758E-04  ( 1.302E-03,  5.339E-02,   0.00    ) |  6.176E-04 2.713E-03
     142 6.9089E-02 6.1757E-04  ( 1.302E-03,  5.339E-02,   0.00    ) |  6.176E-04 2.713E-03
     143 6.9707E-02 6.1756E-04  ( 1.302E-03,  5.339E-02,   0.00    ) |  6.176E-04 2.713E-03
     144 7.0325E-02 6.1755E-04  (-1.302E-03,  5.339E-02,   0.00    ) |  6.176E-04 2.713E-03
     145 7.0942E-02 6.1754E-04  ( 1.302E-03,  5.339E-02,   0.00    ) |  6.175E-04 2.713E-03
     146 7.1560E-02 6.1753E-04  ( 1.302E-03,  5.339E-02,   0.00    ) |  6.175E-04 2.713E-03
     147 7.2177E-02 6.1752E-04  ( 1.302E-03,  5.339E-02,   0.00    ) |  6.175E-04 2.713E-03
     148 7.2795E-02 6.1751E-04  (-1.302E-03,  5.339E-02,   0.00    ) |  6.175E-04 2.713E-03
     149 7.3412E-02 6.1751E-04  ( 1.302E-03,  5.339E-02,   0.00    ) |  6.175E-04 2.713E-03
     150 7.4030E-02 6.1750E-04  ( 1.302E-03, -5.339E-02,   0.00    ) |  6.175E-04 2.713E-03
     151 7.4647E-02 6.1749E-04  ( 1.302E-03,  5.339E-02,   0.00    ) |  6.175E-04 2.713E-03
 *** Wrote plotfile to flash_run_hdf5_plt_cnt_0003 ****
     152 7.5265E-02 6.1748E-04  (-1.302E-03,  5.339E-02,   0.00    ) |  6.175E-04 2.713E-03
     153 7.5882E-02 6.1747E-04  (-1.302E-03,  5.339E-02,   0.00    ) |  6.175E-04 2.713E-03
     154 7.6500E-02 6.1746E-04  (-1.302E-03,  5.339E-02,   0.00    ) |  6.175E-04 2.713E-03
     155 7.7117E-02 6.1745E-04  ( 1.302E-03,  5.339E-02,   0.00    ) |  6.175E-04 2.713E-03
     156 7.7735E-02 6.1745E-04  ( 1.302E-03,  5.339E-02,   0.00    ) |  6.174E-04 2.713E-03
     157 7.8352E-02 6.1744E-04  (-1.302E-03,  5.339E-02,   0.00    ) |  6.174E-04 2.713E-03
     158 7.8969E-02 6.1743E-04  (-1.302E-03,  5.339E-02,   0.00    ) |  6.174E-04 2.713E-03
     159 7.9587E-02 6.1742E-04  (-1.302E-03,  5.339E-02,   0.00    ) |  6.174E-04 2.713E-03
     160 8.0204E-02 6.1741E-04  (-1.302E-03,  5.339E-02,   0.00    ) |  6.174E-04 2.713E-03
     161 8.0822E-02 6.1741E-04  (-1.302E-03,  5.339E-02,   0.00    ) |  6.174E-04 2.713E-03
     162 8.1439E-02 6.1740E-04  ( 1.302E-03,  5.339E-02,   0.00    ) |  6.174E-04 2.713E-03
     163 8.2057E-02 6.1739E-04  (-1.302E-03,  5.339E-02,   0.00    ) |  6.174E-04 2.713E-03
     164 8.2674E-02 6.1738E-04  (-1.302E-03,  5.339E-02,   0.00    ) |  6.174E-04 2.713E-03
     165 8.3291E-02 6.1738E-04  (-1.302E-03,  5.339E-02,   0.00    ) |  6.174E-04 2.713E-03
     166 8.3909E-02 6.1737E-04  (-1.302E-03,  5.339E-02,   0.00    ) |  6.174E-04 2.713E-03
     167 8.4526E-02 6.1736E-04  ( 1.302E-03,  5.339E-02,   0.00    ) |  6.174E-04 2.713E-03
     168 8.5143E-02 6.1736E-04  ( 1.302E-03, -5.339E-02,   0.00    ) |  6.174E-04 2.713E-03
     169 8.5761E-02 6.1735E-04  (-1.302E-03,  5.339E-02,   0.00    ) |  6.174E-04 2.713E-03
     170 8.6378E-02 6.1734E-04  (-1.302E-03,  5.339E-02,   0.00    ) |  6.173E-04 2.713E-03
     171 8.6996E-02 6.1734E-04  (-1.302E-03,  5.339E-02,   0.00    ) |  6.173E-04 2.713E-03
     172 8.7613E-02 6.1733E-04  (-1.302E-03,  5.339E-02,   0.00    ) |  6.173E-04 2.713E-03
     173 8.8230E-02 6.1733E-04  (-1.302E-03,  5.339E-02,   0.00    ) |  6.173E-04 2.713E-03
     174 8.8848E-02 6.1732E-04  ( 1.302E-03, -5.339E-02,   0.00    ) |  6.173E-04 2.713E-03
     175 8.9465E-02 6.1731E-04  (-1.302E-03,  5.339E-02,   0.00    ) |  6.173E-04 2.713E-03
     176 9.0082E-02 6.1731E-04  ( 1.302E-03,  5.339E-02,   0.00    ) |  6.173E-04 2.713E-03
     177 9.0699E-02 6.1730E-04  (-1.302E-03,  5.339E-02,   0.00    ) |  6.173E-04 2.713E-03
     178 9.1317E-02 6.1730E-04  (-1.302E-03,  5.339E-02,   0.00    ) |  6.173E-04 2.713E-03
     179 9.1934E-02 6.1729E-04  ( 1.302E-03,  5.339E-02,   0.00    ) |  6.173E-04 2.713E-03
     180 9.2551E-02 6.1728E-04  ( 1.302E-03,  5.339E-02,   0.00    ) |  6.173E-04 2.713E-03
     181 9.3169E-02 6.1728E-04  (-1.302E-03,  5.339E-02,   0.00    ) |  6.173E-04 2.713E-03
     182 9.3786E-02 6.1727E-04  (-1.302E-03,  5.339E-02,   0.00    ) |  6.173E-04 2.713E-03
     183 9.4403E-02 6.1727E-04  ( 1.302E-03,  5.339E-02,   0.00    ) |  6.173E-04 2.713E-03
     184 9.5020E-02 6.1726E-04  ( 1.302E-03,  5.339E-02,   0.00    ) |  6.173E-04 2.713E-03
     185 9.5638E-02 6.1726E-04  (-1.302E-03,  5.339E-02,   0.00    ) |  6.173E-04 2.713E-03
     186 9.6255E-02 6.1726E-04  (-1.302E-03,  5.339E-02,   0.00    ) |  6.173E-04 2.713E-03
     187 9.6872E-02 6.1725E-04  (-1.302E-03,  5.339E-02,   0.00    ) |  6.173E-04 2.713E-03
     188 9.7489E-02 6.1725E-04  ( 1.302E-03, -5.339E-02,   0.00    ) |  6.172E-04 2.713E-03
     189 9.8107E-02 6.1724E-04  ( 1.302E-03, -5.339E-02,   0.00    ) |  6.172E-04 2.713E-03
     190 9.8724E-02 6.1724E-04  ( 1.302E-03, -5.339E-02,   0.00    ) |  6.172E-04 2.713E-03
     191 9.9341E-02 6.1723E-04  (-1.302E-03,  5.339E-02,   0.00    ) |  6.172E-04 2.713E-03
     192 9.9958E-02 6.1723E-04  ( 1.302E-03, -5.339E-02,   0.00    ) |  6.172E-04 2.713E-03
 *** Wrote plotfile to flash_run_hdf5_plt_cnt_0004 ****
     193 1.0058E-01 6.1722E-04  (-1.302E-03,  5.339E-02,   0.00    ) |  6.172E-04 2.713E-03
     194 1.0119E-01 6.1722E-04  ( 1.302E-03, -5.339E-02,   0.00    ) |  6.172E-04 2.713E-03
     195 1.0181E-01 6.1722E-04  ( 1.302E-03, -5.339E-02,   0.00    ) |  6.172E-04 2.713E-03
     196 1.0243E-01 6.1721E-04  ( 1.302E-03, -5.339E-02,   0.00    ) |  6.172E-04 2.713E-03
     197 1.0304E-01 6.1721E-04  ( 1.302E-03, -5.339E-02,   0.00    ) |  6.172E-04 2.713E-03
     198 1.0366E-01 6.1721E-04  ( 1.302E-03, -5.339E-02,   0.00    ) |  6.172E-04 2.713E-03
     199 1.0428E-01 6.1720E-04  ( 1.302E-03, -5.339E-02,   0.00    ) |  6.172E-04 2.713E-03
     200 1.0490E-01 6.1720E-04  ( 1.302E-03,  5.339E-02,   0.00    ) |  6.172E-04 2.713E-03
     201 1.0551E-01 6.1720E-04  (-1.302E-03,  5.339E-02,   0.00    ) |  6.172E-04 2.713E-03
     202 1.0613E-01 6.1719E-04  ( 1.302E-03, -5.339E-02,   0.00    ) |  6.172E-04 2.713E-03
     203 1.0675E-01 6.1719E-04  ( 1.302E-03, -5.339E-02,   0.00    ) |  6.172E-04 2.713E-03
     204 1.0736E-01 6.1719E-04  ( 1.302E-03, -5.339E-02,   0.00    ) |  6.172E-04 2.713E-03
     205 1.0798E-01 6.1718E-04  ( 1.302E-03, -5.339E-02,   0.00    ) |  6.172E-04 2.713E-03
     206 1.0860E-01 6.1718E-04  ( 1.302E-03, -5.339E-02,   0.00    ) |  6.172E-04 2.713E-03
     207 1.0922E-01 6.1718E-04  ( 1.302E-03, -5.339E-02,   0.00    ) |  6.172E-04 2.713E-03
     208 1.0983E-01 6.1718E-04  ( 1.302E-03, -5.339E-02,   0.00    ) |  6.172E-04 2.713E-03
     209 1.1045E-01 6.1717E-04  ( 1.302E-03, -5.339E-02,   0.00    ) |  6.172E-04 2.713E-03
     210 1.1107E-01 6.1717E-04  ( 1.302E-03, -5.339E-02,   0.00    ) |  6.172E-04 2.713E-03
     211 1.1169E-01 6.1717E-04  ( 1.302E-03, -5.339E-02,   0.00    ) |  6.172E-04 2.713E-03
     212 1.1230E-01 6.1717E-04  ( 1.302E-03, -5.339E-02,   0.00    ) |  6.172E-04 2.713E-03
     213 1.1292E-01 6.1717E-04  ( 1.302E-03, -5.339E-02,   0.00    ) |  6.172E-04 2.713E-03
     214 1.1354E-01 6.1716E-04  ( 1.302E-03, -5.339E-02,   0.00    ) |  6.172E-04 2.713E-03
     215 1.1415E-01 6.1716E-04  ( 1.302E-03, -5.339E-02,   0.00    ) |  6.172E-04 2.713E-03
     216 1.1477E-01 6.1716E-04  ( 1.302E-03, -5.339E-02,   0.00    ) |  6.172E-04 2.713E-03
     217 1.1539E-01 6.1716E-04  ( 1.302E-03, -5.339E-02,   0.00    ) |  6.172E-04 2.713E-03
     218 1.1601E-01 6.1716E-04  ( 1.302E-03, -5.339E-02,   0.00    ) |  6.172E-04 2.713E-03
     219 1.1662E-01 6.1715E-04  ( 1.302E-03, -5.339E-02,   0.00    ) |  6.172E-04 2.713E-03
     220 1.1724E-01 6.1715E-04  ( 1.302E-03, -5.339E-02,   0.00    ) |  6.172E-04 2.713E-03
     221 1.1786E-01 6.1715E-04  ( 1.302E-03, -5.339E-02,   0.00    ) |  6.172E-04 2.713E-03
     222 1.1847E-01 6.1715E-04  ( 1.302E-03, -5.339E-02,   0.00    ) |  6.172E-04 2.713E-03
     223 1.1909E-01 6.1715E-04  ( 1.302E-03, -5.339E-02,   0.00    ) |  6.171E-04 2.713E-03
     224 1.1971E-01 6.1715E-04  ( 1.302E-03, -5.339E-02,   0.00    ) |  6.171E-04 2.713E-03
     225 1.2033E-01 6.1715E-04  ( 1.302E-03, -5.339E-02,   0.00    ) |  6.171E-04 2.713E-03
     226 1.2094E-01 6.1715E-04  ( 1.302E-03, -5.339E-02,   0.00    ) |  6.171E-04 2.713E-03
     227 1.2156E-01 6.1715E-04  ( 1.302E-03, -5.339E-02,   0.00    ) |  6.171E-04 2.713E-03
     228 1.2218E-01 6.1715E-04  ( 1.302E-03, -5.339E-02,   0.00    ) |  6.171E-04 2.713E-03
     229 1.2279E-01 6.1715E-04  ( 1.302E-03, -5.339E-02,   0.00    ) |  6.171E-04 2.713E-03
     230 1.2341E-01 6.1714E-04  ( 1.302E-03, -5.339E-02,   0.00    ) |  6.171E-04 2.713E-03
     231 1.2403E-01 6.1714E-04  ( 1.302E-03, -5.339E-02,   0.00    ) |  6.171E-04 2.713E-03
     232 1.2465E-01 6.1714E-04  ( 1.302E-03, -5.339E-02,   0.00    ) |  6.171E-04 2.713E-03
 *** Wrote plotfile to flash_run_hdf5_plt_cnt_0005 ****
     233 1.2526E-01 6.1714E-04  ( 1.302E-03, -5.339E-02,   0.00    ) |  6.171E-04 2.713E-03
     234 1.2588E-01 6.1714E-04  ( 1.302E-03, -5.339E-02,   0.00    ) |  6.171E-04 2.713E-03
     235 1.2650E-01 6.1714E-04  ( 1.302E-03, -5.339E-02,   0.00    ) |  6.171E-04 2.713E-03
     236 1.2711E-01 6.1714E-04  ( 1.302E-03, -5.339E-02,   0.00    ) |  6.171E-04 2.713E-03
     237 1.2773E-01 6.1714E-04  ( 1.302E-03, -5.339E-02,   0.00    ) |  6.171E-04 2.713E-03
     238 1.2835E-01 6.1714E-04  ( 1.302E-03, -5.339E-02,   0.00    ) |  6.171E-04 2.713E-03
     239 1.2897E-01 6.1714E-04  ( 1.302E-03, -5.339E-02,   0.00    ) |  6.171E-04 2.713E-03
     240 1.2958E-01 6.1715E-04  ( 1.302E-03, -5.339E-02,   0.00    ) |  6.171E-04 2.713E-03
     241 1.3020E-01 6.1715E-04  ( 1.302E-03, -5.339E-02,   0.00    ) |  6.171E-04 2.713E-03
     242 1.3082E-01 6.1715E-04  ( 1.302E-03, -5.339E-02,   0.00    ) |  6.171E-04 2.713E-03
     243 1.3143E-01 6.1715E-04  ( 1.302E-03, -5.339E-02,   0.00    ) |  6.171E-04 2.713E-03
     244 1.3205E-01 6.1715E-04  ( 1.302E-03, -5.339E-02,   0.00    ) |  6.171E-04 2.713E-03
     245 1.3267E-01 6.1715E-04  ( 1.302E-03, -5.339E-02,   0.00    ) |  6.171E-04 2.713E-03
     246 1.3329E-01 6.1713E-04  ( 0.254    ,  1.302E-03,   0.00    ) |  6.171E-04 2.713E-03
     247 1.3390E-01 6.1695E-04  ( 0.254    ,  1.302E-03,   0.00    ) |  6.169E-04 2.713E-03
     248 1.3452E-01 6.1676E-04  ( 0.254    ,  1.302E-03,   0.00    ) |  6.168E-04 2.713E-03
     249 1.3514E-01 6.1658E-04  ( 0.254    ,  1.302E-03,   0.00    ) |  6.166E-04 2.713E-03
     250 1.3575E-01 6.1639E-04  ( 0.254    ,  1.302E-03,   0.00    ) |  6.164E-04 2.713E-03
     251 1.3637E-01 6.1621E-04  ( 0.254    ,  1.302E-03,   0.00    ) |  6.162E-04 2.713E-03
     252 1.3699E-01 6.1602E-04  ( 0.254    , -1.302E-03,   0.00    ) |  6.160E-04 2.713E-03
     253 1.3760E-01 6.1584E-04  ( 0.254    , -1.302E-03,   0.00    ) |  6.158E-04 2.713E-03
     254 1.3822E-01 6.1566E-04  ( 0.254    ,  1.302E-03,   0.00    ) |  6.157E-04 2.713E-03
     255 1.3883E-01 6.1547E-04  ( 0.254    ,  1.302E-03,   0.00    ) |  6.155E-04 2.713E-03
     256 1.3945E-01 6.1529E-04  ( 0.254    ,  1.302E-03,   0.00    ) |  6.153E-04 2.713E-03
     257 1.4006E-01 6.1511E-04  ( 0.254    , -1.302E-03,   0.00    ) |  6.151E-04 2.713E-03
     258 1.4068E-01 6.1492E-04  ( 0.254    ,  1.302E-03,   0.00    ) |  6.149E-04 2.713E-03
     259 1.4129E-01 6.1474E-04  ( 0.254    ,  1.302E-03,   0.00    ) |  6.147E-04 2.713E-03
     260 1.4191E-01 6.1456E-04  ( 0.254    , -1.302E-03,   0.00    ) |  6.146E-04 2.713E-03
     261 1.4252E-01 6.1437E-04  (-0.254    ,  1.302E-03,   0.00    ) |  6.144E-04 2.713E-03
     262 1.4314E-01 6.1419E-04  ( 0.254    ,  1.302E-03,   0.00    ) |  6.142E-04 2.713E-03
     263 1.4375E-01 6.1401E-04  ( 0.254    ,  1.302E-03,   0.00    ) |  6.140E-04 2.713E-03
     264 1.4437E-01 6.1383E-04  ( 0.254    , -1.302E-03,   0.00    ) |  6.138E-04 2.713E-03
     265 1.4498E-01 6.1365E-04  ( 0.254    ,  1.302E-03,   0.00    ) |  6.136E-04 2.713E-03
     266 1.4559E-01 6.1347E-04  ( 0.254    , -1.302E-03,   0.00    ) |  6.135E-04 2.713E-03
     267 1.4621E-01 6.1329E-04  ( 0.254    , -1.302E-03,   0.00    ) |  6.133E-04 2.713E-03
     268 1.4682E-01 6.1311E-04  ( 0.254    ,  1.302E-03,   0.00    ) |  6.131E-04 2.713E-03
     269 1.4743E-01 6.1292E-04  ( 0.254    , -1.302E-03,   0.00    ) |  6.129E-04 2.713E-03
     270 1.4805E-01 6.1274E-04  ( 0.254    , -1.302E-03,   0.00    ) |  6.127E-04 2.713E-03
     271 1.4866E-01 6.1256E-04  ( 0.254    , -1.302E-03,   0.00    ) |  6.126E-04 2.713E-03
     272 1.4927E-01 6.1239E-04  (-0.254    ,  1.302E-03,   0.00    ) |  6.124E-04 2.713E-03
     273 1.4988E-01 6.1221E-04  ( 0.254    , -1.302E-03,   0.00    ) |  6.122E-04 2.713E-03
 *** Wrote plotfile to flash_run_hdf5_plt_cnt_0006 ****
     274 1.5050E-01 6.1203E-04  ( 0.254    , -1.302E-03,   0.00    ) |  6.120E-04 2.713E-03
     275 1.5111E-01 6.1185E-04  (-0.254    ,  1.302E-03,   0.00    ) |  6.118E-04 2.713E-03
     276 1.5172E-01 6.1167E-04  (-0.254    ,  1.302E-03,   0.00    ) |  6.117E-04 2.713E-03
     277 1.5233E-01 6.1149E-04  ( 0.254    , -1.302E-03,   0.00    ) |  6.115E-04 2.713E-03
     278 1.5294E-01 6.1131E-04  ( 0.254    , -1.302E-03,   0.00    ) |  6.113E-04 2.713E-03
     279 1.5355E-01 6.1113E-04  ( 0.254    , -1.302E-03,   0.00    ) |  6.111E-04 2.713E-03
     280 1.5417E-01 6.1096E-04  ( 0.254    , -1.302E-03,   0.00    ) |  6.110E-04 2.713E-03
     281 1.5478E-01 6.1078E-04  ( 0.254    , -1.302E-03,   0.00    ) |  6.108E-04 2.713E-03
     282 1.5539E-01 6.1060E-04  ( 0.254    , -1.302E-03,   0.00    ) |  6.106E-04 2.713E-03
     283 1.5600E-01 6.1042E-04  ( 0.254    , -1.302E-03,   0.00    ) |  6.104E-04 2.713E-03
     284 1.5661E-01 6.1025E-04  ( 0.254    , -1.302E-03,   0.00    ) |  6.102E-04 2.713E-03
     285 1.5722E-01 6.1007E-04  ( 0.254    , -1.302E-03,   0.00    ) |  6.101E-04 2.713E-03
     286 1.5783E-01 6.0989E-04  ( 0.254    , -1.302E-03,   0.00    ) |  6.099E-04 2.713E-03
     287 1.5844E-01 6.0972E-04  ( 0.254    , -1.302E-03,   0.00    ) |  6.097E-04 2.713E-03
     288 1.5905E-01 6.0954E-04  ( 0.254    , -1.302E-03,   0.00    ) |  6.095E-04 2.713E-03
     289 1.5966E-01 6.0937E-04  ( 0.254    , -1.302E-03,   0.00    ) |  6.094E-04 2.713E-03
     290 1.6027E-01 6.0919E-04  ( 0.254    , -1.302E-03,   0.00    ) |  6.092E-04 2.713E-03
     291 1.6088E-01 6.0902E-04  ( 0.254    , -1.302E-03,   0.00    ) |  6.090E-04 2.713E-03
     292 1.6149E-01 6.0884E-04  (-0.254    ,  1.302E-03,   0.00    ) |  6.088E-04 2.713E-03
     293 1.6209E-01 6.0867E-04  (-0.254    ,  1.302E-03,   0.00    ) |  6.087E-04 2.713E-03
     294 1.6270E-01 6.0849E-04  (-0.254    ,  1.302E-03,   0.00    ) |  6.085E-04 2.713E-03
     295 1.6331E-01 6.0832E-04  (-0.254    ,  1.302E-03,   0.00    ) |  6.083E-04 2.713E-03
     296 1.6392E-01 6.0814E-04  (-0.254    ,  1.302E-03,   0.00    ) |  6.081E-04 2.713E-03
     297 1.6453E-01 6.0797E-04  (-0.254    ,  1.302E-03,   0.00    ) |  6.080E-04 2.713E-03
     298 1.6514E-01 6.0780E-04  (-0.254    ,  1.302E-03,   0.00    ) |  6.078E-04 2.713E-03
     299 1.6574E-01 6.0762E-04  (-0.254    ,  1.302E-03,   0.00    ) |  6.076E-04 2.713E-03
     300 1.6635E-01 6.0745E-04  (-0.254    ,  1.302E-03,   0.00    ) |  6.074E-04 2.713E-03
     301 1.6696E-01 6.0728E-04  (-0.254    , -1.302E-03,   0.00    ) |  6.073E-04 2.713E-03
     302 1.6757E-01 6.0710E-04  (-0.254    ,  1.302E-03,   0.00    ) |  6.071E-04 2.713E-03
     303 1.6817E-01 6.0693E-04  (-0.254    ,  1.302E-03,   0.00    ) |  6.069E-04 2.713E-03
     304 1.6878E-01 6.0676E-04  (-0.257    ,  1.302E-03,   0.00    ) |  6.068E-04 2.713E-03
     305 1.6939E-01 6.0659E-04  (-0.257    ,  1.302E-03,   0.00    ) |  6.066E-04 2.713E-03
     306 1.6999E-01 6.0641E-04  ( 0.257    , -1.302E-03,   0.00    ) |  6.064E-04 2.713E-03
     307 1.7060E-01 6.0624E-04  ( 0.257    , -1.302E-03,   0.00    ) |  6.062E-04 2.713E-03
     308 1.7121E-01 6.0607E-04  ( 0.257    , -1.302E-03,   0.00    ) |  6.061E-04 2.713E-03
     309 1.7181E-01 6.0590E-04  ( 0.257    , -1.302E-03,   0.00    ) |  6.059E-04 2.713E-03
     310 1.7242E-01 6.0573E-04  ( 0.257    , -1.302E-03,   0.00    ) |  6.057E-04 2.713E-03
     311 1.7302E-01 6.0556E-04  ( 0.257    , -1.302E-03,   0.00    ) |  6.056E-04 2.713E-03
     312 1.7363E-01 6.0539E-04  ( 0.257    , -1.302E-03,   0.00    ) |  6.054E-04 2.713E-03
     313 1.7423E-01 6.0522E-04  ( 0.257    , -1.302E-03,   0.00    ) |  6.052E-04 2.713E-03
     314 1.7484E-01 6.0505E-04  ( 0.257    , -1.302E-03,   0.00    ) |  6.050E-04 2.713E-03
 *** Wrote plotfile to flash_run_hdf5_plt_cnt_0007 ****
     315 1.7544E-01 6.0488E-04  ( 0.257    , -1.302E-03,   0.00    ) |  6.049E-04 2.713E-03
     316 1.7605E-01 6.0471E-04  ( 0.257    , -1.302E-03,   0.00    ) |  6.047E-04 2.713E-03
     317 1.7665E-01 6.0454E-04  ( 0.257    , -1.302E-03,   0.00    ) |  6.045E-04 2.713E-03
     318 1.7726E-01 6.0437E-04  ( 0.257    , -1.302E-03,   0.00    ) |  6.044E-04 2.713E-03
     319 1.7786E-01 6.0420E-04  ( 0.257    , -1.302E-03,   0.00    ) |  6.042E-04 2.713E-03
     320 1.7847E-01 6.0403E-04  ( 0.257    , -1.302E-03,   0.00    ) |  6.040E-04 2.713E-03
     321 1.7907E-01 6.0386E-04  ( 0.257    , -1.302E-03,   0.00    ) |  6.039E-04 2.713E-03
     322 1.7968E-01 6.0369E-04  ( 0.257    , -1.302E-03,   0.00    ) |  6.037E-04 2.713E-03
     323 1.8028E-01 6.0352E-04  ( 0.257    , -1.302E-03,   0.00    ) |  6.035E-04 2.713E-03
     324 1.8088E-01 6.0335E-04  ( 0.257    , -1.302E-03,   0.00    ) |  6.034E-04 2.713E-03
     325 1.8149E-01 6.0319E-04  ( 0.257    , -1.302E-03,   0.00    ) |  6.032E-04 2.713E-03
     326 1.8209E-01 6.0302E-04  ( 0.257    , -1.302E-03,   0.00    ) |  6.030E-04 2.713E-03
     327 1.8269E-01 6.0285E-04  ( 0.257    , -1.302E-03,   0.00    ) |  6.029E-04 2.713E-03
     328 1.8329E-01 6.0268E-04  ( 0.257    , -1.302E-03,   0.00    ) |  6.027E-04 2.713E-03
     329 1.8390E-01 6.0252E-04  ( 0.257    , -1.302E-03,   0.00    ) |  6.025E-04 2.713E-03
     330 1.8450E-01 6.0235E-04  ( 0.257    , -1.302E-03,   0.00    ) |  6.023E-04 2.713E-03
     331 1.8510E-01 6.0218E-04  ( 0.257    , -1.302E-03,   0.00    ) |  6.022E-04 2.713E-03
     332 1.8570E-01 6.0202E-04  ( 0.257    , -1.302E-03,   0.00    ) |  6.020E-04 2.713E-03
     333 1.8631E-01 6.0185E-04  ( 0.257    , -1.302E-03,   0.00    ) |  6.019E-04 2.713E-03
     334 1.8691E-01 6.0168E-04  ( 0.257    , -1.302E-03,   0.00    ) |  6.017E-04 2.713E-03
     335 1.8751E-01 6.0152E-04  ( 0.257    , -1.302E-03,   0.00    ) |  6.015E-04 2.713E-03
     336 1.8811E-01 6.0135E-04  ( 0.257    , -1.302E-03,   0.00    ) |  6.014E-04 2.713E-03
     337 1.8871E-01 6.0119E-04  (-0.257    ,  1.302E-03,   0.00    ) |  6.012E-04 2.713E-03
     338 1.8931E-01 6.0102E-04  (-0.257    ,  1.302E-03,   0.00    ) |  6.010E-04 2.713E-03
     339 1.8992E-01 6.0086E-04  (-0.257    ,  1.302E-03,   0.00    ) |  6.009E-04 2.713E-03
     340 1.9052E-01 6.0069E-04  (-0.257    ,  1.302E-03,   0.00    ) |  6.007E-04 2.713E-03
     341 1.9112E-01 6.0053E-04  (-0.257    ,  1.302E-03,   0.00    ) |  6.005E-04 2.713E-03
     342 1.9172E-01 6.0036E-04  (-0.257    ,  1.302E-03,   0.00    ) |  6.004E-04 2.713E-03
     343 1.9232E-01 6.0020E-04  (-0.257    ,  1.302E-03,   0.00    ) |  6.002E-04 2.713E-03
     344 1.9292E-01 6.0003E-04  (-0.257    ,  1.302E-03,   0.00    ) |  6.000E-04 2.713E-03
     345 1.9352E-01 5.9987E-04  (-0.257    ,  1.302E-03,   0.00    ) |  5.999E-04 2.713E-03
     346 1.9412E-01 5.9971E-04  (-0.257    ,  1.302E-03,   0.00    ) |  5.997E-04 2.713E-03
     347 1.9472E-01 5.9954E-04  (-0.257    ,  1.302E-03,   0.00    ) |  5.995E-04 2.713E-03
     348 1.9532E-01 5.9938E-04  (-0.257    ,  1.302E-03,   0.00    ) |  5.994E-04 2.713E-03
     349 1.9592E-01 5.9922E-04  (-0.257    ,  1.302E-03,   0.00    ) |  5.992E-04 2.713E-03
     350 1.9652E-01 5.9905E-04  (-0.257    ,  1.302E-03,   0.00    ) |  5.991E-04 2.713E-03
     351 1.9711E-01 5.9889E-04  (-0.257    ,  1.302E-03,   0.00    ) |  5.989E-04 2.713E-03
     352 1.9771E-01 5.9873E-04  (-0.257    ,  1.302E-03,   0.00    ) |  5.987E-04 2.713E-03
     353 1.9831E-01 5.9856E-04  (-0.257    ,  1.302E-03,   0.00    ) |  5.986E-04 2.713E-03
     354 1.9891E-01 5.9840E-04  ( 0.257    , -1.302E-03,   0.00    ) |  5.984E-04 2.713E-03
     355 1.9951E-01 5.9824E-04  ( 0.257    , -1.302E-03,   0.00    ) |  5.982E-04 2.713E-03
 *** Wrote plotfile to flash_run_hdf5_plt_cnt_0008 ****
     356 2.0011E-01 5.9808E-04  (-0.257    ,  1.302E-03,   0.00    ) |  5.981E-04 2.713E-03
     357 2.0071E-01 5.9792E-04  (-0.257    ,  1.302E-03,   0.00    ) |  5.979E-04 2.713E-03
     358 2.0130E-01 5.9775E-04  (-0.257    ,  1.302E-03,   0.00    ) |  5.978E-04 2.713E-03
     359 2.0190E-01 5.9759E-04  (-0.257    ,  1.302E-03,   0.00    ) |  5.976E-04 2.713E-03
     360 2.0250E-01 5.9743E-04  (-0.257    ,  1.302E-03,   0.00    ) |  5.974E-04 2.713E-03
     361 2.0310E-01 5.9727E-04  (-0.257    ,  1.302E-03,   0.00    ) |  5.973E-04 2.713E-03
     362 2.0369E-01 5.9711E-04  (-0.257    ,  1.302E-03,   0.00    ) |  5.971E-04 2.713E-03
     363 2.0429E-01 5.9695E-04  (-0.257    ,  1.302E-03,   0.00    ) |  5.969E-04 2.713E-03
     364 2.0489E-01 5.9679E-04  (-0.257    ,  1.302E-03,   0.00    ) |  5.968E-04 2.713E-03
     365 2.0548E-01 5.9663E-04  (-0.257    ,  1.302E-03,   0.00    ) |  5.966E-04 2.713E-03
     366 2.0608E-01 5.9647E-04  (-0.257    ,  1.302E-03,   0.00    ) |  5.965E-04 2.713E-03
     367 2.0668E-01 5.9631E-04  ( 0.257    ,  1.302E-03,   0.00    ) |  5.963E-04 2.713E-03
     368 2.0727E-01 5.9615E-04  (-0.257    ,  1.302E-03,   0.00    ) |  5.961E-04 2.713E-03
     369 2.0787E-01 5.9599E-04  (-0.257    ,  1.302E-03,   0.00    ) |  5.960E-04 2.713E-03
     370 2.0847E-01 5.9583E-04  (-0.257    ,  1.302E-03,   0.00    ) |  5.958E-04 2.713E-03
     371 2.0906E-01 5.9567E-04  (-0.257    ,  1.302E-03,   0.00    ) |  5.957E-04 2.713E-03
     372 2.0966E-01 5.9551E-04  (-0.257    ,  1.302E-03,   0.00    ) |  5.955E-04 2.713E-03
     373 2.1025E-01 5.9535E-04  ( 0.257    , -1.302E-03,   0.00    ) |  5.954E-04 2.713E-03
     374 2.1085E-01 5.9519E-04  ( 0.257    , -1.302E-03,   0.00    ) |  5.952E-04 2.713E-03
     375 2.1144E-01 5.9503E-04  ( 0.257    ,  1.302E-03,   0.00    ) |  5.950E-04 2.713E-03
     376 2.1204E-01 5.9488E-04  (-0.257    ,  1.302E-03,   0.00    ) |  5.949E-04 2.713E-03
     377 2.1263E-01 5.9472E-04  (-0.257    ,  1.302E-03,   0.00    ) |  5.947E-04 2.713E-03
     378 2.1323E-01 5.9456E-04  (-0.257    ,  1.302E-03,   0.00    ) |  5.946E-04 2.713E-03
     379 2.1382E-01 5.9440E-04  (-0.259    ,  1.302E-03,   0.00    ) |  5.944E-04 2.713E-03
     380 2.1442E-01 5.9424E-04  (-0.259    ,  1.302E-03,   0.00    ) |  5.942E-04 2.713E-03
     381 2.1501E-01 5.9408E-04  (-0.259    ,  1.302E-03,   0.00    ) |  5.941E-04 2.713E-03
     382 2.1561E-01 5.9393E-04  (-0.259    ,  1.302E-03,   0.00    ) |  5.939E-04 2.713E-03
     383 2.1620E-01 5.9377E-04  ( 0.259    , -1.302E-03,   0.00    ) |  5.938E-04 2.713E-03
     384 2.1679E-01 5.9361E-04  (-0.259    ,  1.302E-03,   0.00    ) |  5.936E-04 2.713E-03
     385 2.1739E-01 5.9345E-04  (-0.259    ,  1.302E-03,   0.00    ) |  5.935E-04 2.713E-03
     386 2.1798E-01 5.9330E-04  (-0.259    ,  1.302E-03,   0.00    ) |  5.933E-04 2.713E-03
     387 2.1857E-01 5.9314E-04  (-0.259    ,  1.302E-03,   0.00    ) |  5.931E-04 2.713E-03
     388 2.1917E-01 5.9298E-04  (-0.259    ,  1.302E-03,   0.00    ) |  5.930E-04 2.713E-03
     389 2.1976E-01 5.9283E-04  (-0.259    ,  1.302E-03,   0.00    ) |  5.928E-04 2.713E-03
     390 2.2035E-01 5.9267E-04  (-0.259    ,  1.302E-03,   0.00    ) |  5.927E-04 2.713E-03
     391 2.2094E-01 5.9251E-04  (-0.259    ,  1.302E-03,   0.00    ) |  5.925E-04 2.713E-03
     392 2.2154E-01 5.9236E-04  (-0.259    ,  1.302E-03,   0.00    ) |  5.924E-04 2.713E-03
     393 2.2213E-01 5.9220E-04  (-0.259    ,  1.302E-03,   0.00    ) |  5.922E-04 2.713E-03
     394 2.2272E-01 5.9204E-04  (-0.259    ,  1.302E-03,   0.00    ) |  5.920E-04 2.713E-03
     395 2.2331E-01 5.9189E-04  (-0.259    ,  1.302E-03,   0.00    ) |  5.919E-04 2.713E-03
     396 2.2391E-01 5.9173E-04  (-0.259    ,  1.302E-03,   0.00    ) |  5.917E-04 2.713E-03
     397 2.2450E-01 5.9158E-04  (-0.259    ,  1.302E-03,   0.00    ) |  5.916E-04 2.713E-03
 *** Wrote plotfile to flash_run_hdf5_plt_cnt_0009 ****
     398 2.2509E-01 5.9142E-04  (-0.259    ,  1.302E-03,   0.00    ) |  5.914E-04 2.713E-03
     399 2.2568E-01 5.9127E-04  (-0.259    ,  1.302E-03,   0.00    ) |  5.913E-04 2.713E-03
     400 2.2627E-01 5.9111E-04  (-0.259    ,  1.302E-03,   0.00    ) |  5.911E-04 2.713E-03
     401 2.2686E-01 5.9096E-04  (-0.259    ,  1.302E-03,   0.00    ) |  5.910E-04 2.713E-03
     402 2.2745E-01 5.9080E-04  (-0.259    ,  1.302E-03,   0.00    ) |  5.908E-04 2.713E-03
     403 2.2804E-01 5.9065E-04  (-0.259    ,  1.302E-03,   0.00    ) |  5.906E-04 2.713E-03
     404 2.2864E-01 5.9049E-04  (-0.259    ,  1.302E-03,   0.00    ) |  5.905E-04 2.713E-03
     405 2.2923E-01 5.9034E-04  (-0.259    ,  1.302E-03,   0.00    ) |  5.903E-04 2.713E-03
     406 2.2982E-01 5.9018E-04  (-0.259    ,  1.302E-03,   0.00    ) |  5.902E-04 2.713E-03
     407 2.3041E-01 5.9003E-04  (-0.259    ,  1.302E-03,   0.00    ) |  5.900E-04 2.713E-03
     408 2.3100E-01 5.8988E-04  (-0.259    ,  1.302E-03,   0.00    ) |  5.899E-04 2.713E-03
     409 2.3159E-01 5.8972E-04  (-0.259    ,  1.302E-03,   0.00    ) |  5.897E-04 2.713E-03
     410 2.3218E-01 5.8957E-04  (-0.259    ,  1.302E-03,   0.00    ) |  5.896E-04 2.713E-03
     411 2.3277E-01 5.8941E-04  (-0.259    ,  1.302E-03,   0.00    ) |  5.894E-04 2.713E-03
     412 2.3336E-01 5.8926E-04  (-0.259    ,  1.302E-03,   0.00    ) |  5.893E-04 2.713E-03
     413 2.3394E-01 5.8911E-04  (-0.259    ,  1.302E-03,   0.00    ) |  5.891E-04 2.713E-03
     414 2.3453E-01 5.8895E-04  (-0.259    ,  1.302E-03,   0.00    ) |  5.890E-04 2.713E-03
     415 2.3512E-01 5.8880E-04  (-0.259    ,  1.302E-03,   0.00    ) |  5.888E-04 2.713E-03
     416 2.3571E-01 5.8865E-04  (-0.259    ,  1.302E-03,   0.00    ) |  5.886E-04 2.713E-03
     417 2.3630E-01 5.8849E-04  (-0.259    ,  1.302E-03,   0.00    ) |  5.885E-04 2.713E-03
     418 2.3689E-01 5.8834E-04  (-0.259    ,  1.302E-03,   0.00    ) |  5.883E-04 2.713E-03
     419 2.3748E-01 5.8819E-04  (-0.259    ,  1.302E-03,   0.00    ) |  5.882E-04 2.713E-03
     420 2.3806E-01 5.8804E-04  (-0.259    ,  1.302E-03,   0.00    ) |  5.880E-04 2.713E-03
     421 2.3865E-01 5.8788E-04  (-0.259    ,  1.302E-03,   0.00    ) |  5.879E-04 2.713E-03
     422 2.3924E-01 5.8773E-04  (-0.259    ,  1.302E-03,   0.00    ) |  5.877E-04 2.713E-03
     423 2.3983E-01 5.8758E-04  (-0.259    ,  1.302E-03,   0.00    ) |  5.876E-04 2.713E-03
     424 2.4042E-01 5.8743E-04  (-0.259    ,  1.302E-03,   0.00    ) |  5.874E-04 2.713E-03
     425 2.4100E-01 5.8727E-04  (-0.259    ,  1.302E-03,   0.00    ) |  5.873E-04 2.713E-03
     426 2.4159E-01 5.8712E-04  (-0.259    ,  1.302E-03,   0.00    ) |  5.871E-04 2.713E-03
     427 2.4218E-01 5.8697E-04  (-0.259    ,  1.302E-03,   0.00    ) |  5.870E-04 2.713E-03
     428 2.4276E-01 5.8682E-04  (-0.259    ,  1.302E-03,   0.00    ) |  5.868E-04 2.713E-03
     429 2.4335E-01 5.8667E-04  (-0.259    ,  1.302E-03,   0.00    ) |  5.867E-04 2.713E-03
     430 2.4394E-01 5.8652E-04  (-0.259    ,  1.302E-03,   0.00    ) |  5.865E-04 2.713E-03
     431 2.4452E-01 5.8636E-04  (-0.259    ,  1.302E-03,   0.00    ) |  5.864E-04 2.713E-03
     432 2.4511E-01 5.8621E-04  (-0.259    ,  1.302E-03,   0.00    ) |  5.862E-04 2.713E-03
     433 2.4570E-01 5.8606E-04  (-0.259    ,  1.302E-03,   0.00    ) |  5.861E-04 2.713E-03
     434 2.4628E-01 5.8591E-04  (-0.259    ,  1.302E-03,   0.00    ) |  5.859E-04 2.713E-03
     435 2.4687E-01 5.8576E-04  (-0.259    ,  1.302E-03,   0.00    ) |  5.858E-04 2.713E-03
     436 2.4746E-01 5.8561E-04  (-0.259    ,  1.302E-03,   0.00    ) |  5.856E-04 2.713E-03
     437 2.4804E-01 5.8546E-04  (-0.259    ,  1.302E-03,   0.00    ) |  5.855E-04 2.713E-03
     438 2.4863E-01 5.8531E-04  (-0.259    ,  1.302E-03,   0.00    ) |  5.853E-04 2.713E-03
     439 2.4921E-01 5.8515E-04  (-0.259    ,  1.302E-03,   0.00    ) |  5.852E-04 2.713E-03
     440 2.4980E-01 5.8500E-04  (-0.259    ,  1.302E-03,   0.00    ) |  5.850E-04 2.713E-03
 *** Wrote plotfile to flash_run_hdf5_plt_cnt_0010 ****
     441 2.5038E-01 5.8485E-04  (-0.259    ,  1.302E-03,   0.00    ) |  5.849E-04 2.713E-03
     442 2.5097E-01 5.8470E-04  (-0.259    ,  1.302E-03,   0.00    ) |  5.847E-04 2.713E-03
     443 2.5155E-01 5.8455E-04  (-0.259    ,  1.302E-03,   0.00    ) |  5.846E-04 2.713E-03
     444 2.5214E-01 5.8440E-04  (-0.259    ,  1.302E-03,   0.00    ) |  5.844E-04 2.713E-03
     445 2.5272E-01 5.8425E-04  (-0.259    ,  1.302E-03,   0.00    ) |  5.843E-04 2.713E-03
     446 2.5330E-01 5.8410E-04  (-0.259    ,  1.302E-03,   0.00    ) |  5.841E-04 2.713E-03
     447 2.5389E-01 5.8395E-04  (-0.259    ,  1.302E-03,   0.00    ) |  5.840E-04 2.713E-03
     448 2.5447E-01 5.8380E-04  (-0.259    ,  1.302E-03,   0.00    ) |  5.838E-04 2.713E-03
     449 2.5506E-01 5.8365E-04  (-0.259    ,  1.302E-03,   0.00    ) |  5.837E-04 2.713E-03
     450 2.5564E-01 5.8350E-04  (-0.259    ,  1.302E-03,   0.00    ) |  5.835E-04 2.713E-03
     451 2.5622E-01 5.8335E-04  (-0.259    ,  1.302E-03,   0.00    ) |  5.834E-04 2.713E-03
     452 2.5681E-01 5.8320E-04  (-0.259    ,  1.302E-03,   0.00    ) |  5.832E-04 2.713E-03
     453 2.5739E-01 5.8305E-04  (-0.259    ,  1.302E-03,   0.00    ) |  5.831E-04 2.713E-03
     454 2.5797E-01 5.8290E-04  (-0.259    ,  1.302E-03,   0.00    ) |  5.829E-04 2.713E-03
     455 2.5856E-01 5.8275E-04  (-0.259    ,  1.302E-03,   0.00    ) |  5.828E-04 2.713E-03
     456 2.5914E-01 5.8260E-04  (-0.259    ,  1.302E-03,   0.00    ) |  5.826E-04 2.713E-03
     457 2.5972E-01 5.8245E-04  (-0.259    ,  1.302E-03,   0.00    ) |  5.825E-04 2.713E-03
     458 2.6030E-01 5.8230E-04  (-0.259    ,  1.302E-03,   0.00    ) |  5.823E-04 2.713E-03
     459 2.6089E-01 5.8215E-04  (-0.259    ,  1.302E-03,   0.00    ) |  5.822E-04 2.713E-03
     460 2.6147E-01 5.8200E-04  (-0.259    ,  1.302E-03,   0.00    ) |  5.820E-04 2.713E-03
     461 2.6205E-01 5.8185E-04  (-0.259    , -1.302E-03,   0.00    ) |  5.819E-04 2.713E-03
     462 2.6263E-01 5.8170E-04  (-0.259    ,  1.302E-03,   0.00    ) |  5.817E-04 2.713E-03
     463 2.6321E-01 5.8155E-04  (-0.259    , -1.302E-03,   0.00    ) |  5.816E-04 2.713E-03
     464 2.6380E-01 5.8140E-04  (-0.259    , -1.302E-03,   0.00    ) |  5.814E-04 2.713E-03
     465 2.6438E-01 5.8125E-04  (-0.259    , -1.302E-03,   0.00    ) |  5.813E-04 2.713E-03
     466 2.6496E-01 5.8110E-04  (-0.259    , -1.302E-03,   0.00    ) |  5.811E-04 2.713E-03
     467 2.6554E-01 5.8095E-04  (-0.259    , -1.302E-03,   0.00    ) |  5.810E-04 2.713E-03
     468 2.6612E-01 5.8080E-04  (-0.259    , -1.302E-03,   0.00    ) |  5.808E-04 2.713E-03
     469 2.6670E-01 5.8066E-04  (-0.259    ,  1.302E-03,   0.00    ) |  5.807E-04 2.713E-03
     470 2.6728E-01 5.8051E-04  (-0.259    ,  1.302E-03,   0.00    ) |  5.805E-04 2.713E-03
     471 2.6786E-01 5.8036E-04  (-0.259    ,  1.302E-03,   0.00    ) |  5.804E-04 2.713E-03
     472 2.6844E-01 5.8021E-04  (-0.259    , -1.302E-03,   0.00    ) |  5.802E-04 2.713E-03
     473 2.6902E-01 5.8006E-04  (-0.259    ,  1.302E-03,   0.00    ) |  5.801E-04 2.713E-03
     474 2.6960E-01 5.7991E-04  (-0.259    ,  1.302E-03,   0.00    ) |  5.799E-04 2.713E-03
     475 2.7018E-01 5.7976E-04  (-0.259    ,  1.302E-03,   0.00    ) |  5.798E-04 2.713E-03
     476 2.7076E-01 5.7961E-04  (-0.259    ,  1.302E-03,   0.00    ) |  5.796E-04 2.713E-03
     477 2.7134E-01 5.7946E-04  (-0.259    ,  1.302E-03,   0.00    ) |  5.795E-04 2.713E-03
     478 2.7192E-01 5.7931E-04  (-0.259    ,  1.302E-03,   0.00    ) |  5.793E-04 2.713E-03
     479 2.7250E-01 5.7916E-04  (-0.259    ,  1.302E-03,   0.00    ) |  5.792E-04 2.713E-03
     480 2.7308E-01 5.7901E-04  (-0.259    , -1.302E-03,   0.00    ) |  5.790E-04 2.713E-03
     481 2.7366E-01 5.7886E-04  (-0.259    ,  1.302E-03,   0.00    ) |  5.789E-04 2.713E-03
     482 2.7424E-01 5.7871E-04  (-0.259    , -1.302E-03,   0.00    ) |  5.787E-04 2.713E-03
     483 2.7482E-01 5.7856E-04  (-0.259    , -1.302E-03,   0.00    ) |  5.786E-04 2.713E-03
 *** Wrote plotfile to flash_run_hdf5_plt_cnt_0011 ****
     484 2.7540E-01 5.7841E-04  (-0.257    , -1.302E-03,   0.00    ) |  5.784E-04 2.713E-03
     485 2.7597E-01 5.7825E-04  (-0.257    , -1.302E-03,   0.00    ) |  5.783E-04 2.713E-03
     486 2.7655E-01 5.7810E-04  (-0.257    , -1.302E-03,   0.00    ) |  5.781E-04 2.713E-03
     487 2.7713E-01 5.7795E-04  (-0.257    , -1.302E-03,   0.00    ) |  5.780E-04 2.713E-03
     488 2.7771E-01 5.7780E-04  (-0.257    , -1.302E-03,   0.00    ) |  5.778E-04 2.713E-03
     489 2.7829E-01 5.7765E-04  (-0.257    , -1.302E-03,   0.00    ) |  5.777E-04 2.713E-03
     490 2.7886E-01 5.7750E-04  (-0.257    , -1.302E-03,   0.00    ) |  5.775E-04 2.713E-03
     491 2.7944E-01 5.7735E-04  (-0.257    , -1.302E-03,   0.00    ) |  5.773E-04 2.713E-03
     492 2.8002E-01 5.7720E-04  (-0.257    , -1.302E-03,   0.00    ) |  5.772E-04 2.713E-03
     493 2.8060E-01 5.7705E-04  (-0.257    , -1.302E-03,   0.00    ) |  5.770E-04 2.713E-03
     494 2.8117E-01 5.7689E-04  (-0.257    , -1.302E-03,   0.00    ) |  5.769E-04 2.713E-03
     495 2.8175E-01 5.7674E-04  (-0.257    , -1.302E-03,   0.00    ) |  5.767E-04 2.713E-03
     496 2.8233E-01 5.7659E-04  (-0.257    , -1.302E-03,   0.00    ) |  5.766E-04 2.713E-03
     497 2.8290E-01 5.7644E-04  (-0.257    , -1.302E-03,   0.00    ) |  5.764E-04 2.713E-03
     498 2.8348E-01 5.7629E-04  (-0.257    , -1.302E-03,   0.00    ) |  5.763E-04 2.713E-03
     499 2.8406E-01 5.7613E-04  (-0.257    , -1.302E-03,   0.00    ) |  5.761E-04 2.713E-03
     500 2.8463E-01 5.7598E-04  (-0.257    , -1.302E-03,   0.00    ) |  5.760E-04 2.713E-03
     501 2.8521E-01 5.7583E-04  (-0.257    , -1.302E-03,   0.00    ) |  5.758E-04 2.713E-03
     502 2.8578E-01 5.7568E-04  (-0.257    , -1.302E-03,   0.00    ) |  5.757E-04 2.713E-03
     503 2.8636E-01 5.7553E-04  (-0.257    , -1.302E-03,   0.00    ) |  5.755E-04 2.713E-03
     504 2.8693E-01 5.7537E-04  (-0.257    , -1.302E-03,   0.00    ) |  5.754E-04 2.713E-03
     505 2.8751E-01 5.7522E-04  (-0.257    , -1.302E-03,   0.00    ) |  5.752E-04 2.713E-03
     506 2.8808E-01 5.7507E-04  (-0.257    , -1.302E-03,   0.00    ) |  5.751E-04 2.713E-03
     507 2.8866E-01 5.7492E-04  (-0.257    , -1.302E-03,   0.00    ) |  5.749E-04 2.713E-03
     508 2.8923E-01 5.7477E-04  (-0.257    , -1.302E-03,   0.00    ) |  5.748E-04 2.713E-03
     509 2.8981E-01 5.7461E-04  (-0.257    , -1.302E-03,   0.00    ) |  5.746E-04 2.713E-03
     510 2.9038E-01 5.7446E-04  (-0.257    , -1.302E-03,   0.00    ) |  5.745E-04 2.713E-03
     511 2.9096E-01 5.7431E-04  (-0.257    , -1.302E-03,   0.00    ) |  5.743E-04 2.713E-03
     512 2.9153E-01 5.7416E-04  (-0.257    , -1.302E-03,   0.00    ) |  5.742E-04 2.713E-03
     513 2.9211E-01 5.7401E-04  (-0.257    , -1.302E-03,   0.00    ) |  5.740E-04 2.713E-03
     514 2.9268E-01 5.7386E-04  (-0.257    , -1.302E-03,   0.00    ) |  5.739E-04 2.713E-03
     515 2.9326E-01 5.7371E-04  (-0.257    , -1.302E-03,   0.00    ) |  5.737E-04 2.713E-03
     516 2.9383E-01 5.7356E-04  (-0.257    , -1.302E-03,   0.00    ) |  5.736E-04 2.713E-03
     517 2.9440E-01 5.7341E-04  (-0.257    , -1.302E-03,   0.00    ) |  5.734E-04 2.713E-03
     518 2.9498E-01 5.7326E-04  (-0.257    , -1.302E-03,   0.00    ) |  5.733E-04 2.713E-03
     519 2.9555E-01 5.7311E-04  (-0.257    , -1.302E-03,   0.00    ) |  5.731E-04 2.713E-03
     520 2.9612E-01 5.7297E-04  ( 0.257    ,  1.302E-03,   0.00    ) |  5.730E-04 2.713E-03
     521 2.9670E-01 5.7282E-04  ( 0.257    ,  1.302E-03,   0.00    ) |  5.728E-04 2.713E-03
     522 2.9727E-01 5.7267E-04  ( 0.257    ,  1.302E-03,   0.00    ) |  5.727E-04 2.713E-03
     523 2.9784E-01 5.7252E-04  ( 0.257    ,  1.302E-03,   0.00    ) |  5.725E-04 2.713E-03
     524 2.9841E-01 5.7238E-04  ( 0.257    ,  1.302E-03,   0.00    ) |  5.724E-04 2.713E-03
     525 2.9899E-01 5.7223E-04  ( 0.257    ,  1.302E-03,   0.00    ) |  5.722E-04 2.713E-03
     526 2.9956E-01 5.7209E-04  ( 0.257    ,  1.302E-03,   0.00    ) |  5.721E-04 2.713E-03
 *** Wrote plotfile to flash_run_hdf5_plt_cnt_0012 ****
     527 3.0013E-01 5.7194E-04  ( 0.257    ,  1.302E-03,   0.00    ) |  5.719E-04 2.713E-03
     528 3.0070E-01 5.7180E-04  ( 0.257    ,  1.302E-03,   0.00    ) |  5.718E-04 2.713E-03
     529 3.0127E-01 5.7165E-04  ( 0.257    ,  1.302E-03,   0.00    ) |  5.717E-04 2.713E-03
     530 3.0185E-01 5.7151E-04  ( 0.257    ,  1.302E-03,   0.00    ) |  5.715E-04 2.713E-03
     531 3.0242E-01 5.7136E-04  ( 0.257    ,  1.302E-03,   0.00    ) |  5.714E-04 2.713E-03
     532 3.0299E-01 5.7122E-04  ( 0.257    ,  1.302E-03,   0.00    ) |  5.712E-04 2.713E-03
     533 3.0356E-01 5.7107E-04  ( 0.257    ,  1.302E-03,   0.00    ) |  5.711E-04 2.713E-03
     534 3.0413E-01 5.7093E-04  ( 0.257    ,  1.302E-03,   0.00    ) |  5.709E-04 2.713E-03
     535 3.0470E-01 5.7078E-04  ( 0.257    ,  1.302E-03,   0.00    ) |  5.708E-04 2.713E-03
     536 3.0527E-01 5.7064E-04  ( 0.257    ,  1.302E-03,   0.00    ) |  5.706E-04 2.713E-03
     537 3.0584E-01 5.7049E-04  ( 0.257    ,  1.302E-03,   0.00    ) |  5.705E-04 2.713E-03
     538 3.0641E-01 5.7034E-04  ( 0.257    ,  1.302E-03,   0.00    ) |  5.703E-04 2.713E-03
     539 3.0698E-01 5.7019E-04  ( 0.257    ,  1.302E-03,   0.00    ) |  5.702E-04 2.713E-03
     540 3.0755E-01 5.7004E-04  ( 0.257    ,  1.302E-03,   0.00    ) |  5.700E-04 2.713E-03
     541 3.0812E-01 5.6989E-04  ( 0.257    ,  1.302E-03,   0.00    ) |  5.699E-04 2.713E-03
     542 3.0869E-01 5.6974E-04  ( 0.257    ,  1.302E-03,   0.00    ) |  5.697E-04 2.713E-03
     543 3.0926E-01 5.6958E-04  ( 0.257    ,  1.302E-03,   0.00    ) |  5.696E-04 2.713E-03
     544 3.0983E-01 5.6943E-04  ( 0.257    ,  1.302E-03,   0.00    ) |  5.694E-04 2.713E-03
     545 3.1040E-01 5.6928E-04  ( 0.257    ,  1.302E-03,   0.00    ) |  5.693E-04 2.713E-03
     546 3.1097E-01 5.6912E-04  ( 0.257    ,  1.302E-03,   0.00    ) |  5.691E-04 2.713E-03
     547 3.1154E-01 5.6897E-04  ( 0.257    ,  1.302E-03,   0.00    ) |  5.690E-04 2.713E-03
     548 3.1211E-01 5.6881E-04  ( 0.257    ,  1.302E-03,   0.00    ) |  5.688E-04 2.713E-03
     549 3.1268E-01 5.6866E-04  ( 0.257    ,  1.302E-03,   0.00    ) |  5.687E-04 2.713E-03
     550 3.1325E-01 5.6850E-04  ( 0.257    ,  1.302E-03,   0.00    ) |  5.685E-04 2.713E-03
     551 3.1382E-01 5.6835E-04  ( 0.257    ,  1.302E-03,   0.00    ) |  5.683E-04 2.713E-03
     552 3.1438E-01 5.6819E-04  ( 0.257    ,  1.302E-03,   0.00    ) |  5.682E-04 2.713E-03
     553 3.1495E-01 5.6804E-04  ( 0.257    , -1.302E-03,   0.00    ) |  5.680E-04 2.713E-03
     554 3.1552E-01 5.6789E-04  ( 0.257    , -1.302E-03,   0.00    ) |  5.679E-04 2.713E-03
     555 3.1609E-01 5.6773E-04  ( 0.257    , -1.302E-03,   0.00    ) |  5.677E-04 2.713E-03
     556 3.1666E-01 5.6758E-04  ( 0.257    , -1.302E-03,   0.00    ) |  5.676E-04 2.713E-03
     557 3.1722E-01 5.6743E-04  ( 0.257    , -1.302E-03,   0.00    ) |  5.674E-04 2.713E-03
     558 3.1779E-01 5.6728E-04  ( 0.257    , -1.302E-03,   0.00    ) |  5.673E-04 2.713E-03
     559 3.1836E-01 5.6713E-04  ( 0.257    , -1.302E-03,   0.00    ) |  5.671E-04 2.713E-03
     560 3.1893E-01 5.6699E-04  ( 0.257    , -1.302E-03,   0.00    ) |  5.670E-04 2.713E-03
     561 3.1949E-01 5.6684E-04  ( 0.257    , -1.302E-03,   0.00    ) |  5.668E-04 2.713E-03
     562 3.2006E-01 5.6669E-04  ( 0.257    , -1.302E-03,   0.00    ) |  5.667E-04 2.713E-03
     563 3.2063E-01 5.6655E-04  ( 0.257    , -1.302E-03,   0.00    ) |  5.665E-04 2.713E-03
     564 3.2119E-01 5.6640E-04  ( 0.257    , -1.302E-03,   0.00    ) |  5.664E-04 2.713E-03
     565 3.2176E-01 5.6626E-04  ( 0.257    , -1.302E-03,   0.00    ) |  5.663E-04 2.713E-03
     566 3.2233E-01 5.6612E-04  ( 0.257    , -1.302E-03,   0.00    ) |  5.661E-04 2.713E-03
     567 3.2289E-01 5.6597E-04  ( 0.257    , -1.302E-03,   0.00    ) |  5.660E-04 2.713E-03
     568 3.2346E-01 5.6583E-04  ( 0.259    , -1.302E-03,   0.00    ) |  5.658E-04 2.713E-03
     569 3.2402E-01 5.6569E-04  ( 0.259    , -1.302E-03,   0.00    ) |  5.657E-04 2.713E-03
     570 3.2459E-01 5.6555E-04  ( 0.259    , -1.302E-03,   0.00    ) |  5.656E-04 2.713E-03
 *** Wrote plotfile to flash_run_hdf5_plt_cnt_0013 ****
     571 3.2515E-01 5.6541E-04  ( 0.259    , -1.302E-03,   0.00    ) |  5.654E-04 2.713E-03
     572 3.2572E-01 5.6527E-04  ( 0.259    , -1.302E-03,   0.00    ) |  5.653E-04 2.713E-03
     573 3.2629E-01 5.6513E-04  ( 0.259    , -1.302E-03,   0.00    ) |  5.651E-04 2.713E-03
     574 3.2685E-01 5.6499E-04  ( 0.259    , -1.302E-03,   0.00    ) |  5.650E-04 2.713E-03
     575 3.2742E-01 5.6485E-04  ( 0.259    , -1.302E-03,   0.00    ) |  5.648E-04 2.713E-03
     576 3.2798E-01 5.6471E-04  ( 0.259    , -1.302E-03,   0.00    ) |  5.647E-04 2.713E-03
     577 3.2854E-01 5.6457E-04  ( 0.259    , -1.302E-03,   0.00    ) |  5.646E-04 2.713E-03
     578 3.2911E-01 5.6443E-04  ( 0.259    , -1.302E-03,   0.00    ) |  5.644E-04 2.713E-03
     579 3.2967E-01 5.6429E-04  ( 0.259    , -1.302E-03,   0.00    ) |  5.643E-04 2.713E-03
     580 3.3024E-01 5.6415E-04  ( 0.259    , -1.302E-03,   0.00    ) |  5.641E-04 2.713E-03
     581 3.3080E-01 5.6401E-04  ( 0.259    , -1.302E-03,   0.00    ) |  5.640E-04 2.713E-03
     582 3.3137E-01 5.6387E-04  ( 0.259    , -1.302E-03,   0.00    ) |  5.639E-04 2.713E-03
     583 3.3193E-01 5.6373E-04  ( 0.259    , -1.302E-03,   0.00    ) |  5.637E-04 2.713E-03
     584 3.3249E-01 5.6359E-04  ( 0.259    , -1.302E-03,   0.00    ) |  5.636E-04 2.713E-03
     585 3.3306E-01 5.6345E-04  ( 0.259    , -1.302E-03,   0.00    ) |  5.634E-04 2.713E-03
     586 3.3362E-01 5.6331E-04  ( 0.259    , -1.302E-03,   0.00    ) |  5.633E-04 2.713E-03
     587 3.3418E-01 5.6317E-04  ( 0.259    , -1.302E-03,   0.00    ) |  5.632E-04 2.713E-03
     588 3.3475E-01 5.6303E-04  ( 0.259    , -1.302E-03,   0.00    ) |  5.630E-04 2.713E-03
     589 3.3531E-01 5.6289E-04  ( 0.259    , -1.302E-03,   0.00    ) |  5.629E-04 2.713E-03
     590 3.3587E-01 5.6275E-04  ( 0.259    , -1.302E-03,   0.00    ) |  5.627E-04 2.713E-03
     591 3.3644E-01 5.6261E-04  ( 0.259    , -1.302E-03,   0.00    ) |  5.626E-04 2.713E-03
     592 3.3700E-01 5.6247E-04  ( 0.259    , -1.302E-03,   0.00    ) |  5.625E-04 2.713E-03
     593 3.3756E-01 5.6233E-04  ( 0.259    , -1.302E-03,   0.00    ) |  5.623E-04 2.713E-03
     594 3.3812E-01 5.6219E-04  ( 0.259    , -1.302E-03,   0.00    ) |  5.622E-04 2.713E-03
     595 3.3869E-01 5.6205E-04  ( 0.259    , -1.302E-03,   0.00    ) |  5.620E-04 2.713E-03
     596 3.3925E-01 5.6190E-04  ( 0.259    , -1.302E-03,   0.00    ) |  5.619E-04 2.713E-03
     597 3.3981E-01 5.6176E-04  ( 0.259    , -1.302E-03,   0.00    ) |  5.618E-04 2.713E-03
     598 3.4037E-01 5.6162E-04  ( 0.259    , -1.302E-03,   0.00    ) |  5.616E-04 2.713E-03
     599 3.4093E-01 5.6148E-04  ( 0.259    , -1.302E-03,   0.00    ) |  5.615E-04 2.713E-03
     600 3.4149E-01 5.6134E-04  ( 0.259    , -1.302E-03,   0.00    ) |  5.613E-04 2.713E-03
     601 3.4206E-01 5.6120E-04  ( 0.259    , -1.302E-03,   0.00    ) |  5.612E-04 2.713E-03
     602 3.4262E-01 5.6106E-04  ( 0.259    , -1.302E-03,   0.00    ) |  5.611E-04 2.713E-03
     603 3.4318E-01 5.6092E-04  ( 0.259    , -1.302E-03,   0.00    ) |  5.609E-04 2.713E-03
     604 3.4374E-01 5.6078E-04  ( 0.259    , -1.302E-03,   0.00    ) |  5.608E-04 2.713E-03
     605 3.4430E-01 5.6064E-04  ( 0.259    , -1.302E-03,   0.00    ) |  5.606E-04 2.713E-03
     606 3.4486E-01 5.6049E-04  ( 0.259    , -1.302E-03,   0.00    ) |  5.605E-04 2.713E-03
     607 3.4542E-01 5.6035E-04  ( 0.259    , -1.302E-03,   0.00    ) |  5.604E-04 2.713E-03
     608 3.4598E-01 5.6021E-04  ( 0.259    , -1.302E-03,   0.00    ) |  5.602E-04 2.713E-03
     609 3.4654E-01 5.6007E-04  ( 0.259    , -1.302E-03,   0.00    ) |  5.601E-04 2.713E-03
     610 3.4710E-01 5.5993E-04  ( 0.259    , -1.302E-03,   0.00    ) |  5.599E-04 2.713E-03
     611 3.4766E-01 5.5979E-04  ( 0.259    , -1.302E-03,   0.00    ) |  5.598E-04 2.713E-03
     612 3.4822E-01 5.5965E-04  ( 0.259    , -1.302E-03,   0.00    ) |  5.596E-04 2.713E-03
     613 3.4878E-01 5.5951E-04  ( 0.259    , -1.302E-03,   0.00    ) |  5.595E-04 2.713E-03
     614 3.4934E-01 5.5936E-04  ( 0.259    , -1.302E-03,   0.00    ) |  5.594E-04 2.713E-03
     615 3.4990E-01 5.5922E-04  ( 0.259    , -1.302E-03,   0.00    ) |  5.592E-04 2.713E-03
 *** Wrote plotfile to flash_run_hdf5_plt_cnt_0014 ****
     616 3.5046E-01 5.5908E-04  ( 0.259    , -1.302E-03,   0.00    ) |  5.591E-04 2.713E-03
     617 3.5102E-01 5.5894E-04  ( 0.259    , -1.302E-03,   0.00    ) |  5.589E-04 2.713E-03
     618 3.5158E-01 5.5880E-04  ( 0.262    , -1.302E-03,   0.00    ) |  5.588E-04 2.713E-03
     619 3.5214E-01 5.5865E-04  ( 0.262    , -1.302E-03,   0.00    ) |  5.587E-04 2.713E-03
     620 3.5269E-01 5.5851E-04  ( 0.262    , -1.302E-03,   0.00    ) |  5.585E-04 2.713E-03
     621 3.5325E-01 5.5837E-04  ( 0.262    , -1.302E-03,   0.00    ) |  5.584E-04 2.713E-03
     622 3.5381E-01 5.5823E-04  ( 0.262    , -1.302E-03,   0.00    ) |  5.582E-04 2.713E-03
     623 3.5437E-01 5.5808E-04  ( 0.262    , -1.302E-03,   0.00    ) |  5.581E-04 2.713E-03
     624 3.5493E-01 5.5794E-04  ( 0.262    , -1.302E-03,   0.00    ) |  5.579E-04 2.713E-03
     625 3.5549E-01 5.5780E-04  ( 0.262    , -1.302E-03,   0.00    ) |  5.578E-04 2.713E-03
     626 3.5604E-01 5.5766E-04  ( 0.262    , -1.302E-03,   0.00    ) |  5.577E-04 2.713E-03
     627 3.5660E-01 5.5751E-04  ( 0.262    , -1.302E-03,   0.00    ) |  5.575E-04 2.713E-03
     628 3.5716E-01 5.5737E-04  ( 0.262    , -1.302E-03,   0.00    ) |  5.574E-04 2.713E-03
     629 3.5772E-01 5.5723E-04  ( 0.262    , -1.302E-03,   0.00    ) |  5.572E-04 2.713E-03
     630 3.5827E-01 5.5709E-04  ( 0.262    , -1.302E-03,   0.00    ) |  5.571E-04 2.713E-03
     631 3.5883E-01 5.5694E-04  ( 0.262    , -1.302E-03,   0.00    ) |  5.569E-04 2.713E-03
     632 3.5939E-01 5.5680E-04  ( 0.262    , -1.302E-03,   0.00    ) |  5.568E-04 2.713E-03
     633 3.5994E-01 5.5666E-04  ( 0.262    , -1.302E-03,   0.00    ) |  5.567E-04 2.713E-03
     634 3.6050E-01 5.5651E-04  ( 0.262    , -1.302E-03,   0.00    ) |  5.565E-04 2.713E-03
     635 3.6106E-01 5.5637E-04  ( 0.262    , -1.302E-03,   0.00    ) |  5.564E-04 2.713E-03
     636 3.6161E-01 5.5623E-04  ( 0.262    , -1.302E-03,   0.00    ) |  5.562E-04 2.713E-03
     637 3.6217E-01 5.5608E-04  ( 0.262    , -1.302E-03,   0.00    ) |  5.561E-04 2.713E-03
     638 3.6273E-01 5.5594E-04  ( 0.262    , -1.302E-03,   0.00    ) |  5.559E-04 2.713E-03
     639 3.6328E-01 5.5580E-04  ( 0.262    , -1.302E-03,   0.00    ) |  5.558E-04 2.713E-03
     640 3.6384E-01 5.5565E-04  ( 0.262    , -1.302E-03,   0.00    ) |  5.557E-04 2.713E-03
     641 3.6439E-01 5.5551E-04  ( 0.262    , -1.302E-03,   0.00    ) |  5.555E-04 2.713E-03
     642 3.6495E-01 5.5537E-04  ( 0.262    , -1.302E-03,   0.00    ) |  5.554E-04 2.713E-03
     643 3.6550E-01 5.5522E-04  ( 0.262    , -1.302E-03,   0.00    ) |  5.552E-04 2.713E-03
     644 3.6606E-01 5.5508E-04  ( 0.262    , -1.302E-03,   0.00    ) |  5.551E-04 2.713E-03
     645 3.6661E-01 5.5494E-04  ( 0.262    , -1.302E-03,   0.00    ) |  5.549E-04 2.713E-03
     646 3.6717E-01 5.5480E-04  ( 0.262    , -1.302E-03,   0.00    ) |  5.548E-04 2.713E-03
     647 3.6772E-01 5.5465E-04  ( 0.262    , -1.302E-03,   0.00    ) |  5.547E-04 2.713E-03
     648 3.6828E-01 5.5451E-04  ( 0.262    , -1.302E-03,   0.00    ) |  5.545E-04 2.713E-03
     649 3.6883E-01 5.5437E-04  ( 0.262    , -1.302E-03,   0.00    ) |  5.544E-04 2.713E-03
     650 3.6939E-01 5.5422E-04  ( 0.262    , -1.302E-03,   0.00    ) |  5.542E-04 2.713E-03
     651 3.6994E-01 5.5408E-04  ( 0.262    , -1.302E-03,   0.00    ) |  5.541E-04 2.713E-03
     652 3.7050E-01 5.5393E-04  ( 0.262    , -1.302E-03,   0.00    ) |  5.539E-04 2.713E-03
     653 3.7105E-01 5.5379E-04  ( 0.262    , -1.302E-03,   0.00    ) |  5.538E-04 2.713E-03
     654 3.7160E-01 5.5365E-04  ( 0.262    , -1.302E-03,   0.00    ) |  5.536E-04 2.713E-03
     655 3.7216E-01 5.5350E-04  ( 0.262    , -1.302E-03,   0.00    ) |  5.535E-04 2.713E-03
     656 3.7271E-01 5.5336E-04  ( 0.262    , -1.302E-03,   0.00    ) |  5.534E-04 2.713E-03
     657 3.7326E-01 5.5322E-04  ( 0.264    , -1.302E-03,   0.00    ) |  5.532E-04 2.713E-03
     658 3.7382E-01 5.5307E-04  ( 0.264    , -1.302E-03,   0.00    ) |  5.531E-04 2.713E-03
     659 3.7437E-01 5.5293E-04  ( 0.264    , -1.302E-03,   0.00    ) |  5.529E-04 2.713E-03
     660 3.7492E-01 5.5279E-04  ( 0.264    , -1.302E-03,   0.00    ) |  5.528E-04 2.713E-03
 *** Wrote plotfile to flash_run_hdf5_plt_cnt_0015 ****
     661 3.7548E-01 5.5264E-04  ( 0.264    , -1.302E-03,   0.00    ) |  5.526E-04 2.713E-03
     662 3.7603E-01 5.5250E-04  ( 0.264    , -1.302E-03,   0.00    ) |  5.525E-04 2.713E-03
     663 3.7658E-01 5.5235E-04  ( 0.264    , -1.302E-03,   0.00    ) |  5.524E-04 2.713E-03
     664 3.7713E-01 5.5221E-04  ( 0.264    , -1.302E-03,   0.00    ) |  5.522E-04 2.713E-03
     665 3.7769E-01 5.5207E-04  ( 0.264    , -1.302E-03,   0.00    ) |  5.521E-04 2.713E-03
     666 3.7824E-01 5.5192E-04  ( 0.264    , -1.302E-03,   0.00    ) |  5.519E-04 2.713E-03
     667 3.7879E-01 5.5178E-04  ( 0.264    , -1.302E-03,   0.00    ) |  5.518E-04 2.713E-03
     668 3.7934E-01 5.5163E-04  ( 0.264    , -1.302E-03,   0.00    ) |  5.516E-04 2.713E-03
     669 3.7989E-01 5.5149E-04  ( 0.264    , -1.302E-03,   0.00    ) |  5.515E-04 2.713E-03
     670 3.8044E-01 5.5135E-04  ( 0.264    , -1.302E-03,   0.00    ) |  5.513E-04 2.713E-03
     671 3.8100E-01 5.5120E-04  ( 0.264    , -1.302E-03,   0.00    ) |  5.512E-04 2.713E-03
     672 3.8155E-01 5.5106E-04  ( 0.264    , -1.302E-03,   0.00    ) |  5.511E-04 2.713E-03
     673 3.8210E-01 5.5092E-04  ( 0.264    , -1.302E-03,   0.00    ) |  5.509E-04 2.713E-03
     674 3.8265E-01 5.5077E-04  ( 0.264    , -1.302E-03,   0.00    ) |  5.508E-04 2.713E-03
     675 3.8320E-01 5.5063E-04  ( 0.264    , -1.302E-03,   0.00    ) |  5.506E-04 2.713E-03
     676 3.8375E-01 5.5049E-04  ( 0.264    , -1.302E-03,   0.00    ) |  5.505E-04 2.713E-03
     677 3.8430E-01 5.5034E-04  ( 0.264    , -1.302E-03,   0.00    ) |  5.503E-04 2.713E-03
     678 3.8485E-01 5.5020E-04  ( 0.264    , -1.302E-03,   0.00    ) |  5.502E-04 2.713E-03
     679 3.8540E-01 5.5005E-04  ( 0.264    , -1.302E-03,   0.00    ) |  5.501E-04 2.713E-03
     680 3.8595E-01 5.4991E-04  ( 0.264    , -1.302E-03,   0.00    ) |  5.499E-04 2.713E-03
     681 3.8650E-01 5.4977E-04  ( 0.264    , -1.302E-03,   0.00    ) |  5.498E-04 2.713E-03
     682 3.8705E-01 5.4962E-04  ( 0.264    , -1.302E-03,   0.00    ) |  5.496E-04 2.713E-03
     683 3.8760E-01 5.4948E-04  ( 0.264    , -1.302E-03,   0.00    ) |  5.495E-04 2.713E-03
     684 3.8815E-01 5.4934E-04  ( 0.264    , -1.302E-03,   0.00    ) |  5.493E-04 2.713E-03
     685 3.8870E-01 5.4919E-04  ( 0.264    , -1.302E-03,   0.00    ) |  5.492E-04 2.713E-03
     686 3.8925E-01 5.4905E-04  ( 0.264    , -1.302E-03,   0.00    ) |  5.491E-04 2.713E-03
     687 3.8980E-01 5.4891E-04  ( 0.264    ,  1.302E-03,   0.00    ) |  5.489E-04 2.713E-03
     688 3.9035E-01 5.4876E-04  ( 0.264    , -1.302E-03,   0.00    ) |  5.488E-04 2.713E-03
     689 3.9090E-01 5.4862E-04  ( 0.264    , -1.302E-03,   0.00    ) |  5.486E-04 2.713E-03
     690 3.9144E-01 5.4848E-04  ( 0.264    , -1.302E-03,   0.00    ) |  5.485E-04 2.713E-03
     691 3.9199E-01 5.4834E-04  ( 0.264    ,  1.302E-03,   0.00    ) |  5.483E-04 2.713E-03
     692 3.9254E-01 5.4819E-04  ( 0.264    , -1.302E-03,   0.00    ) |  5.482E-04 2.713E-03
     693 3.9309E-01 5.4805E-04  ( 0.264    , -1.302E-03,   0.00    ) |  5.481E-04 2.713E-03
     694 3.9364E-01 5.4791E-04  ( 0.264    ,  1.302E-03,   0.00    ) |  5.479E-04 2.713E-03
     695 3.9419E-01 5.4776E-04  ( 0.267    , -1.302E-03,   0.00    ) |  5.478E-04 2.713E-03
     696 3.9473E-01 5.4762E-04  ( 0.267    , -1.302E-03,   0.00    ) |  5.476E-04 2.713E-03
     697 3.9528E-01 5.4748E-04  ( 0.267    , -1.302E-03,   0.00    ) |  5.475E-04 2.713E-03
     698 3.9583E-01 5.4734E-04  ( 0.267    , -1.302E-03,   0.00    ) |  5.473E-04 2.713E-03
     699 3.9638E-01 5.4719E-04  ( 0.267    , -1.302E-03,   0.00    ) |  5.472E-04 2.713E-03
     700 3.9692E-01 5.4705E-04  ( 0.267    , -1.302E-03,   0.00    ) |  5.470E-04 2.713E-03
     701 3.9747E-01 5.4691E-04  ( 0.267    ,  1.302E-03,   0.00    ) |  5.469E-04 2.713E-03
     702 3.9802E-01 5.4676E-04  ( 0.267    ,  1.302E-03,   0.00    ) |  5.468E-04 2.713E-03
     703 3.9856E-01 5.4662E-04  ( 0.267    ,  1.302E-03,   0.00    ) |  5.466E-04 2.713E-03
     704 3.9911E-01 5.4648E-04  ( 0.267    ,  1.302E-03,   0.00    ) |  5.465E-04 2.713E-03
     705 3.9966E-01 5.4634E-04  ( 0.267    ,  1.302E-03,   0.00    ) |  5.463E-04 2.713E-03
 *** Wrote plotfile to flash_run_hdf5_plt_cnt_0016 ****
     706 4.0020E-01 5.4620E-04  ( 0.267    ,  1.302E-03,   0.00    ) |  5.462E-04 2.713E-03
     707 4.0075E-01 5.4605E-04  ( 0.267    ,  1.302E-03,   0.00    ) |  5.461E-04 2.713E-03
     708 4.0130E-01 5.4591E-04  ( 0.267    ,  1.302E-03,   0.00    ) |  5.459E-04 2.713E-03
     709 4.0184E-01 5.4577E-04  ( 0.267    ,  1.302E-03,   0.00    ) |  5.458E-04 2.713E-03
     710 4.0239E-01 5.4563E-04  ( 0.267    ,  1.302E-03,   0.00    ) |  5.456E-04 2.713E-03
     711 4.0293E-01 5.4549E-04  ( 0.267    ,  1.302E-03,   0.00    ) |  5.455E-04 2.713E-03
     712 4.0348E-01 5.4534E-04  ( 0.267    ,  1.302E-03,   0.00    ) |  5.453E-04 2.713E-03
     713 4.0402E-01 5.4520E-04  ( 0.267    ,  1.302E-03,   0.00    ) |  5.452E-04 2.713E-03
     714 4.0457E-01 5.4506E-04  (-0.267    ,  1.302E-03,   0.00    ) |  5.451E-04 2.713E-03
     715 4.0511E-01 5.4492E-04  (-0.267    ,  1.302E-03,   0.00    ) |  5.449E-04 2.713E-03
     716 4.0566E-01 5.4478E-04  (-0.267    ,  1.302E-03,   0.00    ) |  5.448E-04 2.713E-03
     717 4.0620E-01 5.4464E-04  (-0.267    ,  1.302E-03,   0.00    ) |  5.446E-04 2.713E-03
     718 4.0675E-01 5.4450E-04  (-0.267    ,  1.302E-03,   0.00    ) |  5.445E-04 2.713E-03
     719 4.0729E-01 5.4435E-04  (-0.267    , -1.302E-03,   0.00    ) |  5.444E-04 2.713E-03
     720 4.0784E-01 5.4421E-04  (-0.267    , -1.302E-03,   0.00    ) |  5.442E-04 2.713E-03
     721 4.0838E-01 5.4407E-04  (-0.267    , -1.302E-03,   0.00    ) |  5.441E-04 2.713E-03
     722 4.0892E-01 5.4393E-04  (-0.267    , -1.302E-03,   0.00    ) |  5.439E-04 2.713E-03
     723 4.0947E-01 5.4379E-04  (-0.267    ,  1.302E-03,   0.00    ) |  5.438E-04 2.713E-03
     724 4.1001E-01 5.4365E-04  (-0.267    , -1.302E-03,   0.00    ) |  5.437E-04 2.713E-03
     725 4.1056E-01 5.4351E-04  (-0.267    , -1.302E-03,   0.00    ) |  5.435E-04 2.713E-03
     726 4.1110E-01 5.4337E-04  (-0.267    , -1.302E-03,   0.00    ) |  5.434E-04 2.713E-03
     727 4.1164E-01 5.4323E-04  (-0.267    , -1.302E-03,   0.00    ) |  5.432E-04 2.713E-03
     728 4.1219E-01 5.4309E-04  (-0.270    , -1.302E-03,   0.00    ) |  5.431E-04 2.713E-03
     729 4.1273E-01 5.4295E-04  (-0.270    , -1.302E-03,   0.00    ) |  5.430E-04 2.713E-03
     730 4.1327E-01 5.4281E-04  (-0.270    , -1.302E-03,   0.00    ) |  5.428E-04 2.713E-03
     731 4.1382E-01 5.4267E-04  (-0.270    , -1.302E-03,   0.00    ) |  5.427E-04 2.713E-03
     732 4.1436E-01 5.4253E-04  (-0.270    , -1.302E-03,   0.00    ) |  5.425E-04 2.713E-03
     733 4.1490E-01 5.4239E-04  (-0.270    , -1.302E-03,   0.00    ) |  5.424E-04 2.713E-03
     734 4.1544E-01 5.4225E-04  (-0.270    , -1.302E-03,   0.00    ) |  5.422E-04 2.713E-03
     735 4.1599E-01 5.4211E-04  (-0.270    , -1.302E-03,   0.00    ) |  5.421E-04 2.713E-03
     736 4.1653E-01 5.4197E-04  (-0.270    , -1.302E-03,   0.00    ) |  5.420E-04 2.713E-03
     737 4.1707E-01 5.4183E-04  (-0.270    , -1.302E-03,   0.00    ) |  5.418E-04 2.713E-03
     738 4.1761E-01 5.4169E-04  (-0.270    , -1.302E-03,   0.00    ) |  5.417E-04 2.713E-03
     739 4.1815E-01 5.4155E-04  (-0.270    , -1.302E-03,   0.00    ) |  5.416E-04 2.713E-03
     740 4.1869E-01 5.4141E-04  (-0.270    , -1.302E-03,   0.00    ) |  5.414E-04 2.713E-03
     741 4.1924E-01 5.4127E-04  (-0.270    , -1.302E-03,   0.00    ) |  5.413E-04 2.713E-03
     742 4.1978E-01 5.4113E-04  (-0.270    , -1.302E-03,   0.00    ) |  5.411E-04 2.713E-03
     743 4.2032E-01 5.4099E-04  (-0.270    , -1.302E-03,   0.00    ) |  5.410E-04 2.713E-03
     744 4.2086E-01 5.4086E-04  (-0.270    , -1.302E-03,   0.00    ) |  5.409E-04 2.713E-03
     745 4.2140E-01 5.4072E-04  (-0.270    , -1.302E-03,   0.00    ) |  5.407E-04 2.713E-03
     746 4.2194E-01 5.4058E-04  (-0.270    , -1.302E-03,   0.00    ) |  5.406E-04 2.713E-03
     747 4.2248E-01 5.4044E-04  (-0.270    , -1.302E-03,   0.00    ) |  5.404E-04 2.713E-03
     748 4.2302E-01 5.4030E-04  (-0.270    , -1.302E-03,   0.00    ) |  5.403E-04 2.713E-03
     749 4.2356E-01 5.4016E-04  (-0.270    , -1.302E-03,   0.00    ) |  5.402E-04 2.713E-03
     750 4.2410E-01 5.4003E-04  (-0.270    , -1.302E-03,   0.00    ) |  5.400E-04 2.713E-03
     751 4.2464E-01 5.3989E-04  (-0.270    , -1.302E-03,   0.00    ) |  5.399E-04 2.713E-03
 *** Wrote plotfile to flash_run_hdf5_plt_cnt_0017 ****
     752 4.2518E-01 5.3975E-04  (-0.270    , -1.302E-03,   0.00    ) |  5.398E-04 2.713E-03
     753 4.2572E-01 5.3961E-04  (-0.270    , -1.302E-03,   0.00    ) |  5.396E-04 2.713E-03
     754 4.2626E-01 5.3948E-04  (-0.270    , -1.302E-03,   0.00    ) |  5.395E-04 2.713E-03
     755 4.2680E-01 5.3934E-04  (-0.270    , -1.302E-03,   0.00    ) |  5.393E-04 2.713E-03
     756 4.2734E-01 5.3920E-04  (-0.270    , -1.302E-03,   0.00    ) |  5.392E-04 2.713E-03
     757 4.2788E-01 5.3907E-04  (-0.270    , -1.302E-03,   0.00    ) |  5.391E-04 2.713E-03
     758 4.2842E-01 5.3893E-04  (-0.270    , -1.302E-03,   0.00    ) |  5.389E-04 2.713E-03
     759 4.2896E-01 5.3879E-04  (-0.272    , -1.302E-03,   0.00    ) |  5.388E-04 2.713E-03
     760 4.2950E-01 5.3865E-04  (-0.272    , -1.302E-03,   0.00    ) |  5.387E-04 2.713E-03
     761 4.3003E-01 5.3852E-04  (-0.272    , -1.302E-03,   0.00    ) |  5.385E-04 2.713E-03
     762 4.3057E-01 5.3838E-04  (-0.272    , -1.302E-03,   0.00    ) |  5.384E-04 2.713E-03
     763 4.3111E-01 5.3824E-04  (-0.272    , -1.302E-03,   0.00    ) |  5.382E-04 2.713E-03
     764 4.3165E-01 5.3811E-04  (-0.272    , -1.302E-03,   0.00    ) |  5.381E-04 2.713E-03
     765 4.3219E-01 5.3797E-04  (-0.272    , -1.302E-03,   0.00    ) |  5.380E-04 2.713E-03
     766 4.3273E-01 5.3783E-04  (-0.272    , -1.302E-03,   0.00    ) |  5.378E-04 2.713E-03
     767 4.3326E-01 5.3770E-04  (-0.272    , -1.302E-03,   0.00    ) |  5.377E-04 2.713E-03
     768 4.3380E-01 5.3756E-04  (-0.272    , -1.302E-03,   0.00    ) |  5.376E-04 2.713E-03
     769 4.3434E-01 5.3742E-04  (-0.272    , -1.302E-03,   0.00    ) |  5.374E-04 2.713E-03
     770 4.3488E-01 5.3729E-04  (-0.272    , -1.302E-03,   0.00    ) |  5.373E-04 2.713E-03
     771 4.3541E-01 5.3715E-04  (-0.272    , -1.302E-03,   0.00    ) |  5.372E-04 2.713E-03
     772 4.3595E-01 5.3702E-04  (-0.272    , -1.302E-03,   0.00    ) |  5.370E-04 2.713E-03
     773 4.3649E-01 5.3688E-04  (-0.272    , -1.302E-03,   0.00    ) |  5.369E-04 2.713E-03
     774 4.3702E-01 5.3675E-04  (-0.272    , -1.302E-03,   0.00    ) |  5.367E-04 2.713E-03
     775 4.3756E-01 5.3661E-04  (-0.272    , -1.302E-03,   0.00    ) |  5.366E-04 2.713E-03
     776 4.3810E-01 5.3648E-04  (-0.272    , -1.302E-03,   0.00    ) |  5.365E-04 2.713E-03
     777 4.3863E-01 5.3634E-04  (-0.272    , -1.302E-03,   0.00    ) |  5.363E-04 2.713E-03
     778 4.3917E-01 5.3621E-04  (-0.272    , -1.302E-03,   0.00    ) |  5.362E-04 2.713E-03
     779 4.3971E-01 5.3607E-04  (-0.272    , -1.302E-03,   0.00    ) |  5.361E-04 2.713E-03
     780 4.4024E-01 5.3594E-04  (-0.272    , -1.302E-03,   0.00    ) |  5.359E-04 2.713E-03
     781 4.4078E-01 5.3580E-04  (-0.272    , -1.302E-03,   0.00    ) |  5.358E-04 2.713E-03
     782 4.4132E-01 5.3567E-04  (-0.272    , -1.302E-03,   0.00    ) |  5.357E-04 2.713E-03
     783 4.4185E-01 5.3554E-04  (-0.272    , -1.302E-03,   0.00    ) |  5.355E-04 2.713E-03
     784 4.4239E-01 5.3540E-04  (-0.272    , -1.302E-03,   0.00    ) |  5.354E-04 2.713E-03
     785 4.4292E-01 5.3527E-04  (-0.272    , -1.302E-03,   0.00    ) |  5.353E-04 2.713E-03
     786 4.4346E-01 5.3514E-04  (-0.272    , -1.302E-03,   0.00    ) |  5.351E-04 2.713E-03
     787 4.4399E-01 5.3500E-04  (-0.275    , -1.302E-03,   0.00    ) |  5.350E-04 2.713E-03
     788 4.4453E-01 5.3487E-04  (-0.275    , -1.302E-03,   0.00    ) |  5.349E-04 2.713E-03
     789 4.4506E-01 5.3473E-04  (-0.275    , -1.302E-03,   0.00    ) |  5.347E-04 2.713E-03
     790 4.4560E-01 5.3460E-04  (-0.275    , -1.302E-03,   0.00    ) |  5.346E-04 2.713E-03
     791 4.4613E-01 5.3447E-04  (-0.275    , -1.302E-03,   0.00    ) |  5.345E-04 2.713E-03
     792 4.4667E-01 5.3433E-04  (-0.275    , -1.302E-03,   0.00    ) |  5.343E-04 2.713E-03
     793 4.4720E-01 5.3420E-04  (-0.275    , -1.302E-03,   0.00    ) |  5.342E-04 2.713E-03
     794 4.4773E-01 5.3407E-04  (-0.275    , -1.302E-03,   0.00    ) |  5.341E-04 2.713E-03
     795 4.4827E-01 5.3393E-04  (-0.275    , -1.302E-03,   0.00    ) |  5.339E-04 2.713E-03
     796 4.4880E-01 5.3380E-04  ( 0.275    , -1.302E-03,   0.00    ) |  5.338E-04 2.713E-03
     797 4.4934E-01 5.3367E-04  ( 0.275    , -1.302E-03,   0.00    ) |  5.337E-04 2.713E-03
     798 4.4987E-01 5.3354E-04  ( 0.275    , -1.302E-03,   0.00    ) |  5.335E-04 2.713E-03
 *** Wrote plotfile to flash_run_hdf5_plt_cnt_0018 ****
     799 4.5040E-01 5.3340E-04  (-0.275    , -1.302E-03,   0.00    ) |  5.334E-04 2.713E-03
     800 4.5094E-01 5.3327E-04  (-0.275    , -1.302E-03,   0.00    ) |  5.333E-04 2.713E-03
     801 4.5147E-01 5.3314E-04  (-0.275    , -1.302E-03,   0.00    ) |  5.331E-04 2.713E-03
     802 4.5200E-01 5.3301E-04  (-0.275    , -1.302E-03,   0.00    ) |  5.330E-04 2.713E-03
     803 4.5254E-01 5.3288E-04  (-0.275    , -1.302E-03,   0.00    ) |  5.329E-04 2.713E-03
     804 4.5307E-01 5.3275E-04  (-0.275    , -1.302E-03,   0.00    ) |  5.327E-04 2.713E-03
     805 4.5360E-01 5.3261E-04  (-0.275    , -1.302E-03,   0.00    ) |  5.326E-04 2.713E-03
     806 4.5413E-01 5.3248E-04  (-0.275    , -1.302E-03,   0.00    ) |  5.325E-04 2.713E-03
     807 4.5467E-01 5.3235E-04  (-0.275    , -1.302E-03,   0.00    ) |  5.324E-04 2.713E-03
     808 4.5520E-01 5.3222E-04  (-0.275    , -1.302E-03,   0.00    ) |  5.322E-04 2.713E-03
     809 4.5573E-01 5.3209E-04  (-0.275    , -1.302E-03,   0.00    ) |  5.321E-04 2.713E-03
     810 4.5626E-01 5.3196E-04  (-0.275    , -1.302E-03,   0.00    ) |  5.320E-04 2.713E-03
     811 4.5680E-01 5.3183E-04  (-0.275    , -1.302E-03,   0.00    ) |  5.318E-04 2.713E-03
     812 4.5733E-01 5.3170E-04  (-0.275    , -1.302E-03,   0.00    ) |  5.317E-04 2.713E-03
     813 4.5786E-01 5.3157E-04  (-0.277    , -1.302E-03,   0.00    ) |  5.316E-04 2.713E-03
     814 4.5839E-01 5.3144E-04  (-0.277    , -1.302E-03,   0.00    ) |  5.314E-04 2.713E-03
     815 4.5892E-01 5.3131E-04  (-0.277    , -1.302E-03,   0.00    ) |  5.313E-04 2.713E-03
     816 4.5945E-01 5.3118E-04  (-0.277    , -1.302E-03,   0.00    ) |  5.312E-04 2.713E-03
     817 4.5998E-01 5.3105E-04  (-0.277    , -1.302E-03,   0.00    ) |  5.310E-04 2.713E-03
     818 4.6052E-01 5.3092E-04  (-0.277    , -1.302E-03,   0.00    ) |  5.309E-04 2.713E-03
     819 4.6105E-01 5.3079E-04  (-0.277    , -1.302E-03,   0.00    ) |  5.308E-04 2.713E-03
     820 4.6158E-01 5.3066E-04  (-0.277    , -1.302E-03,   0.00    ) |  5.307E-04 2.713E-03
     821 4.6211E-01 5.3053E-04  (-0.277    , -1.302E-03,   0.00    ) |  5.305E-04 2.713E-03
     822 4.6264E-01 5.3040E-04  (-0.277    , -1.302E-03,   0.00    ) |  5.304E-04 2.713E-03
     823 4.6317E-01 5.3027E-04  (-0.277    , -1.302E-03,   0.00    ) |  5.303E-04 2.713E-03
     824 4.6370E-01 5.3014E-04  (-0.277    , -1.302E-03,   0.00    ) |  5.301E-04 2.713E-03
     825 4.6423E-01 5.3001E-04  (-0.277    , -1.302E-03,   0.00    ) |  5.300E-04 2.713E-03
     826 4.6476E-01 5.2988E-04  (-0.277    , -1.302E-03,   0.00    ) |  5.299E-04 2.713E-03
     827 4.6529E-01 5.2975E-04  (-0.277    , -1.302E-03,   0.00    ) |  5.298E-04 2.713E-03
     828 4.6582E-01 5.2963E-04  (-0.277    , -1.302E-03,   0.00    ) |  5.296E-04 2.713E-03
     829 4.6635E-01 5.2950E-04  (-0.277    , -1.302E-03,   0.00    ) |  5.295E-04 2.713E-03
     830 4.6688E-01 5.2937E-04  (-0.277    , -1.302E-03,   0.00    ) |  5.294E-04 2.713E-03
     831 4.6741E-01 5.2924E-04  (-0.277    , -1.302E-03,   0.00    ) |  5.292E-04 2.713E-03
     832 4.6794E-01 5.2912E-04  (-0.277    , -1.302E-03,   0.00    ) |  5.291E-04 2.713E-03
     833 4.6847E-01 5.2899E-04  (-0.277    , -1.302E-03,   0.00    ) |  5.290E-04 2.713E-03
     834 4.6899E-01 5.2886E-04  (-0.277    , -1.302E-03,   0.00    ) |  5.289E-04 2.713E-03
     835 4.6952E-01 5.2873E-04  (-0.277    , -1.302E-03,   0.00    ) |  5.287E-04 2.713E-03
     836 4.7005E-01 5.2861E-04  (-0.277    , -1.302E-03,   0.00    ) |  5.286E-04 2.713E-03
     837 4.7058E-01 5.2848E-04  (-0.280    , -1.302E-03,   0.00    ) |  5.285E-04 2.713E-03
     838 4.7111E-01 5.2835E-04  (-0.280    , -1.302E-03,   0.00    ) |  5.284E-04 2.713E-03
     839 4.7164E-01 5.2823E-04  (-0.280    , -1.302E-03,   0.00    ) |  5.282E-04 2.713E-03
     840 4.7217E-01 5.2810E-04  (-0.280    , -1.302E-03,   0.00    ) |  5.281E-04 2.713E-03
     841 4.7269E-01 5.2797E-04  (-0.280    , -1.302E-03,   0.00    ) |  5.280E-04 2.713E-03
     842 4.7322E-01 5.2784E-04  (-0.280    , -1.302E-03,   0.00    ) |  5.278E-04 2.713E-03
     843 4.7375E-01 5.2772E-04  (-0.280    , -1.302E-03,   0.00    ) |  5.277E-04 2.713E-03
     844 4.7428E-01 5.2759E-04  (-0.280    , -1.302E-03,   0.00    ) |  5.276E-04 2.713E-03
     845 4.7481E-01 5.2746E-04  (-0.280    , -1.302E-03,   0.00    ) |  5.275E-04 2.713E-03
 *** Wrote plotfile to flash_run_hdf5_plt_cnt_0019 ****
     846 4.7533E-01 5.2734E-04  (-0.280    , -1.302E-03,   0.00    ) |  5.273E-04 2.713E-03
     847 4.7586E-01 5.2721E-04  (-0.280    , -1.302E-03,   0.00    ) |  5.272E-04 2.713E-03
     848 4.7639E-01 5.2709E-04  (-0.280    , -1.302E-03,   0.00    ) |  5.271E-04 2.713E-03
     849 4.7691E-01 5.2696E-04  (-0.280    , -1.302E-03,   0.00    ) |  5.270E-04 2.713E-03
     850 4.7744E-01 5.2683E-04  (-0.280    , -1.302E-03,   0.00    ) |  5.268E-04 2.713E-03
     851 4.7797E-01 5.2671E-04  (-0.280    , -1.302E-03,   0.00    ) |  5.267E-04 2.713E-03
     852 4.7849E-01 5.2658E-04  (-0.280    , -1.302E-03,   0.00    ) |  5.266E-04 2.713E-03
     853 4.7902E-01 5.2646E-04  (-0.280    , -1.302E-03,   0.00    ) |  5.265E-04 2.713E-03
     854 4.7955E-01 5.2633E-04  (-0.280    , -1.302E-03,   0.00    ) |  5.263E-04 2.713E-03
     855 4.8007E-01 5.2621E-04  (-0.280    , -1.302E-03,   0.00    ) |  5.262E-04 2.713E-03
     856 4.8060E-01 5.2609E-04  (-0.280    , -1.302E-03,   0.00    ) |  5.261E-04 2.713E-03
     857 4.8113E-01 5.2596E-04  (-0.280    , -1.302E-03,   0.00    ) |  5.260E-04 2.713E-03
     858 4.8165E-01 5.2584E-04  (-0.280    , -1.302E-03,   0.00    ) |  5.258E-04 2.713E-03
     859 4.8218E-01 5.2571E-04  (-0.280    , -1.302E-03,   0.00    ) |  5.257E-04 2.713E-03
     860 4.8270E-01 5.2559E-04  (-0.283    , -1.302E-03,   0.00    ) |  5.256E-04 2.713E-03
     861 4.8323E-01 5.2547E-04  (-0.283    , -1.302E-03,   0.00    ) |  5.255E-04 2.713E-03
     862 4.8376E-01 5.2534E-04  (-0.283    , -1.302E-03,   0.00    ) |  5.253E-04 2.713E-03
     863 4.8428E-01 5.2522E-04  (-0.283    , -1.302E-03,   0.00    ) |  5.252E-04 2.713E-03
     864 4.8481E-01 5.2509E-04  (-0.283    , -1.302E-03,   0.00    ) |  5.251E-04 2.713E-03
     865 4.8533E-01 5.2497E-04  (-0.283    , -1.302E-03,   0.00    ) |  5.250E-04 2.713E-03
     866 4.8586E-01 5.2484E-04  (-0.283    , -1.302E-03,   0.00    ) |  5.248E-04 2.713E-03
     867 4.8638E-01 5.2472E-04  (-0.283    , -1.302E-03,   0.00    ) |  5.247E-04 2.713E-03
     868 4.8691E-01 5.2460E-04  (-0.283    , -1.302E-03,   0.00    ) |  5.246E-04 2.713E-03
     869 4.8743E-01 5.2447E-04  (-0.283    , -1.302E-03,   0.00    ) |  5.245E-04 2.713E-03
     870 4.8795E-01 5.2435E-04  (-0.283    , -1.302E-03,   0.00    ) |  5.244E-04 2.713E-03
     871 4.8848E-01 5.2423E-04  (-0.283    , -1.302E-03,   0.00    ) |  5.242E-04 2.713E-03
     872 4.8900E-01 5.2411E-04  (-0.283    , -1.302E-03,   0.00    ) |  5.241E-04 2.713E-03
     873 4.8953E-01 5.2398E-04  (-0.283    , -1.302E-03,   0.00    ) |  5.240E-04 2.713E-03
     874 4.9005E-01 5.2386E-04  (-0.283    , -1.302E-03,   0.00    ) |  5.239E-04 2.713E-03
     875 4.9057E-01 5.2374E-04  (-0.283    , -1.302E-03,   0.00    ) |  5.237E-04 2.713E-03
     876 4.9110E-01 5.2362E-04  (-0.283    , -1.302E-03,   0.00    ) |  5.236E-04 2.713E-03
     877 4.9162E-01 5.2350E-04  (-0.283    , -1.302E-03,   0.00    ) |  5.235E-04 2.713E-03
     878 4.9215E-01 5.2338E-04  (-0.283    , -1.302E-03,   0.00    ) |  5.234E-04 2.713E-03
     879 4.9267E-01 5.2325E-04  (-0.283    , -1.302E-03,   0.00    ) |  5.233E-04 2.713E-03
     880 4.9319E-01 5.2313E-04  (-0.283    , -1.302E-03,   0.00    ) |  5.231E-04 2.713E-03
     881 4.9372E-01 5.2301E-04  (-0.283    , -1.302E-03,   0.00    ) |  5.230E-04 2.713E-03
     882 4.9424E-01 5.2289E-04  (-0.285    , -1.302E-03,   0.00    ) |  5.229E-04 2.713E-03
     883 4.9476E-01 5.2277E-04  (-0.285    , -1.302E-03,   0.00    ) |  5.228E-04 2.713E-03
     884 4.9528E-01 5.2265E-04  (-0.285    , -1.302E-03,   0.00    ) |  5.226E-04 2.713E-03
     885 4.9581E-01 5.2253E-04  (-0.285    , -1.302E-03,   0.00    ) |  5.225E-04 2.713E-03
     886 4.9633E-01 5.2240E-04  (-0.285    , -1.302E-03,   0.00    ) |  5.224E-04 2.713E-03
     887 4.9685E-01 5.2228E-04  (-0.285    , -1.302E-03,   0.00    ) |  5.223E-04 2.713E-03
     888 4.9737E-01 5.2216E-04  (-0.285    , -1.302E-03,   0.00    ) |  5.222E-04 2.713E-03
     889 4.9790E-01 5.2204E-04  (-0.285    , -1.302E-03,   0.00    ) |  5.220E-04 2.713E-03
     890 4.9842E-01 5.2192E-04  (-0.285    , -1.302E-03,   0.00    ) |  5.219E-04 2.713E-03
     891 4.9894E-01 5.2180E-04  (-0.285    , -1.302E-03,   0.00    ) |  5.218E-04 2.713E-03
     892 4.9946E-01 5.2168E-04  (-0.285    , -1.302E-03,   0.00    ) |  5.217E-04 2.713E-03
     893 4.9998E-01 5.2156E-04  (-0.285    , -1.302E-03,   0.00    ) |  5.216E-04 2.713E-03
 *** Wrote plotfile to flash_run_hdf5_plt_cnt_0020 ****
     894 5.0051E-01 5.2144E-04  (-0.285    , -1.302E-03,   0.00    ) |  5.214E-04 2.713E-03
     895 5.0103E-01 5.2133E-04  (-0.285    , -1.302E-03,   0.00    ) |  5.213E-04 2.713E-03
     896 5.0155E-01 5.2121E-04  (-0.285    , -1.302E-03,   0.00    ) |  5.212E-04 2.713E-03
     897 5.0207E-01 5.2109E-04  (-0.285    , -1.302E-03,   0.00    ) |  5.211E-04 2.713E-03
     898 5.0259E-01 5.2097E-04  (-0.285    , -1.302E-03,   0.00    ) |  5.210E-04 2.713E-03
     899 5.0311E-01 5.2085E-04  (-0.285    , -1.302E-03,   0.00    ) |  5.209E-04 2.713E-03
     900 5.0363E-01 5.2073E-04  (-0.285    ,  1.302E-03,   0.00    ) |  5.207E-04 2.713E-03
     901 5.0415E-01 5.2062E-04  (-0.285    ,  1.302E-03,   0.00    ) |  5.206E-04 2.713E-03
     902 5.0467E-01 5.2050E-04  (-0.285    ,  1.302E-03,   0.00    ) |  5.205E-04 2.713E-03
     903 5.0519E-01 5.2038E-04  (-0.288    , -1.302E-03,   0.00    ) |  5.204E-04 2.713E-03
     904 5.0571E-01 5.2026E-04  (-0.288    ,  1.302E-03,   0.00    ) |  5.203E-04 2.713E-03
     905 5.0623E-01 5.2015E-04  (-0.288    ,  1.302E-03,   0.00    ) |  5.201E-04 2.713E-03
     906 5.0675E-01 5.2003E-04  (-0.288    ,  1.302E-03,   0.00    ) |  5.200E-04 2.713E-03
     907 5.0727E-01 5.1991E-04  (-0.288    ,  1.302E-03,   0.00    ) |  5.199E-04 2.713E-03
     908 5.0779E-01 5.1979E-04  (-0.288    ,  1.302E-03,   0.00    ) |  5.198E-04 2.713E-03
     909 5.0831E-01 5.1968E-04  (-0.288    ,  1.302E-03,   0.00    ) |  5.197E-04 2.713E-03
     910 5.0883E-01 5.1956E-04  (-0.288    ,  1.302E-03,   0.00    ) |  5.196E-04 2.713E-03
     911 5.0935E-01 5.1944E-04  (-0.288    ,  1.302E-03,   0.00    ) |  5.194E-04 2.713E-03
     912 5.0987E-01 5.1933E-04  (-0.288    ,  1.302E-03,   0.00    ) |  5.193E-04 2.713E-03
     913 5.1039E-01 5.1921E-04  (-0.288    ,  1.302E-03,   0.00    ) |  5.192E-04 2.713E-03
     914 5.1091E-01 5.1910E-04  (-0.288    ,  1.302E-03,   0.00    ) |  5.191E-04 2.713E-03
     915 5.1143E-01 5.1898E-04  (-0.288    ,  1.302E-03,   0.00    ) |  5.190E-04 2.713E-03
     916 5.1195E-01 5.1887E-04  (-0.288    ,  1.302E-03,   0.00    ) |  5.189E-04 2.713E-03
     917 5.1247E-01 5.1875E-04  (-0.288    ,  1.302E-03,   0.00    ) |  5.188E-04 2.713E-03
     918 5.1299E-01 5.1864E-04  (-0.288    ,  1.302E-03,   0.00    ) |  5.186E-04 2.713E-03
     919 5.1351E-01 5.1853E-04  (-0.288    ,  1.302E-03,   0.00    ) |  5.185E-04 2.713E-03
     920 5.1402E-01 5.1841E-04  (-0.288    ,  1.302E-03,   0.00    ) |  5.184E-04 2.713E-03
     921 5.1454E-01 5.1830E-04  (-0.288    ,  1.302E-03,   0.00    ) |  5.183E-04 2.713E-03
     922 5.1506E-01 5.1819E-04  (-0.288    , -1.302E-03,   0.00    ) |  5.182E-04 2.713E-03
     923 5.1558E-01 5.1807E-04  (-0.288    , -1.302E-03,   0.00    ) |  5.181E-04 2.713E-03
     924 5.1610E-01 5.1796E-04  (-0.288    , -1.302E-03,   0.00    ) |  5.180E-04 2.713E-03
     925 5.1662E-01 5.1785E-04  (-0.288    ,  1.302E-03,   0.00    ) |  5.178E-04 2.713E-03
     926 5.1713E-01 5.1774E-04  (-0.288    ,  1.302E-03,   0.00    ) |  5.177E-04 2.713E-03
     927 5.1765E-01 5.1763E-04  (-0.290    , -1.302E-03,   0.00    ) |  5.176E-04 2.713E-03
     928 5.1817E-01 5.1751E-04  (-0.290    ,  1.302E-03,   0.00    ) |  5.175E-04 2.713E-03
     929 5.1869E-01 5.1740E-04  (-0.290    , -1.302E-03,   0.00    ) |  5.174E-04 2.713E-03
     930 5.1920E-01 5.1729E-04  (-0.290    , -1.302E-03,   0.00    ) |  5.173E-04 2.713E-03
     931 5.1972E-01 5.1718E-04  (-0.290    ,  1.302E-03,   0.00    ) |  5.172E-04 2.713E-03
     932 5.2024E-01 5.1707E-04  (-0.290    , -1.302E-03,   0.00    ) |  5.171E-04 2.713E-03
     933 5.2076E-01 5.1696E-04  (-0.290    ,  1.302E-03,   0.00    ) |  5.170E-04 2.713E-03
     934 5.2127E-01 5.1685E-04  (-0.290    , -1.302E-03,   0.00    ) |  5.168E-04 2.713E-03
     935 5.2179E-01 5.1674E-04  (-0.290    , -1.302E-03,   0.00    ) |  5.167E-04 2.713E-03
     936 5.2231E-01 5.1663E-04  (-0.290    ,  1.302E-03,   0.00    ) |  5.166E-04 2.713E-03
     937 5.2282E-01 5.1652E-04  (-0.290    ,  1.302E-03,   0.00    ) |  5.165E-04 2.713E-03
     938 5.2334E-01 5.1641E-04  (-0.290    ,  1.302E-03,   0.00    ) |  5.164E-04 2.713E-03
     939 5.2386E-01 5.1630E-04  (-0.290    ,  1.302E-03,   0.00    ) |  5.163E-04 2.713E-03
     940 5.2437E-01 5.1619E-04  (-0.290    , -1.302E-03,   0.00    ) |  5.162E-04 2.713E-03
     941 5.2489E-01 5.1608E-04  (-0.290    , -1.302E-03,   0.00    ) |  5.161E-04 2.713E-03
 *** Wrote plotfile to flash_run_hdf5_plt_cnt_0021 ****
     942 5.2540E-01 5.1597E-04  (-0.290    , -1.302E-03,   0.00    ) |  5.160E-04 2.713E-03
     943 5.2592E-01 5.1587E-04  (-0.290    ,  1.302E-03,   0.00    ) |  5.159E-04 2.713E-03
     944 5.2644E-01 5.1576E-04  (-0.290    ,  1.302E-03,   0.00    ) |  5.158E-04 2.713E-03
     945 5.2695E-01 5.1565E-04  (-0.290    , -1.302E-03,   0.00    ) |  5.157E-04 2.713E-03
     946 5.2747E-01 5.1554E-04  (-0.290    , -1.302E-03,   0.00    ) |  5.155E-04 2.713E-03
     947 5.2798E-01 5.1544E-04  (-0.290    , -1.302E-03,   0.00    ) |  5.154E-04 2.713E-03
     948 5.2850E-01 5.1533E-04  (-0.290    , -1.302E-03,   0.00    ) |  5.153E-04 2.713E-03
     949 5.2901E-01 5.1522E-04  (-0.293    , -1.302E-03,   0.00    ) |  5.152E-04 2.713E-03
     950 5.2953E-01 5.1512E-04  (-0.293    ,  1.302E-03,   0.00    ) |  5.151E-04 2.713E-03
     951 5.3004E-01 5.1501E-04  (-0.293    ,  1.302E-03,   0.00    ) |  5.150E-04 2.713E-03
     952 5.3056E-01 5.1491E-04  (-0.293    ,  1.302E-03,   0.00    ) |  5.149E-04 2.713E-03
     953 5.3107E-01 5.1480E-04  (-0.293    ,  1.302E-03,   0.00    ) |  5.148E-04 2.713E-03
     954 5.3159E-01 5.1469E-04  (-0.293    ,  1.302E-03,   0.00    ) |  5.147E-04 2.713E-03
     955 5.3210E-01 5.1459E-04  (-0.293    , -1.302E-03,   0.00    ) |  5.146E-04 2.713E-03
     956 5.3262E-01 5.1449E-04  (-0.293    , -1.302E-03,   0.00    ) |  5.145E-04 2.713E-03
     957 5.3313E-01 5.1438E-04  (-0.293    , -1.302E-03,   0.00    ) |  5.144E-04 2.713E-03
     958 5.3365E-01 5.1428E-04  (-0.293    , -1.302E-03,   0.00    ) |  5.143E-04 2.713E-03
     959 5.3416E-01 5.1417E-04  (-0.293    ,  1.302E-03,   0.00    ) |  5.142E-04 2.713E-03
     960 5.3468E-01 5.1407E-04  (-0.293    , -1.302E-03,   0.00    ) |  5.141E-04 2.713E-03
     961 5.3519E-01 5.1397E-04  (-0.293    ,  1.302E-03,   0.00    ) |  5.140E-04 2.713E-03
     962 5.3570E-01 5.1386E-04  (-0.293    ,  1.302E-03,   0.00    ) |  5.139E-04 2.713E-03
     963 5.3622E-01 5.1376E-04  (-0.293    , -1.302E-03,   0.00    ) |  5.138E-04 2.713E-03
     964 5.3673E-01 5.1366E-04  (-0.293    ,  1.302E-03,   0.00    ) |  5.137E-04 2.713E-03
     965 5.3724E-01 5.1356E-04  (-0.293    ,  1.302E-03,   0.00    ) |  5.136E-04 2.713E-03
     966 5.3776E-01 5.1346E-04  (-0.293    ,  1.302E-03,   0.00    ) |  5.135E-04 2.713E-03
     967 5.3827E-01 5.1335E-04  (-0.293    ,  1.302E-03,   0.00    ) |  5.134E-04 2.713E-03
     968 5.3878E-01 5.1325E-04  (-0.293    ,  1.302E-03,   0.00    ) |  5.133E-04 2.713E-03
     969 5.3930E-01 5.1315E-04  (-0.293    ,  1.302E-03,   0.00    ) |  5.132E-04 2.713E-03
     970 5.3981E-01 5.1305E-04  (-0.296    ,  1.302E-03,   0.00    ) |  5.131E-04 2.713E-03
     971 5.4032E-01 5.1295E-04  (-0.296    ,  1.302E-03,   0.00    ) |  5.130E-04 2.713E-03
     972 5.4084E-01 5.1285E-04  (-0.296    ,  1.302E-03,   0.00    ) |  5.129E-04 2.713E-03
     973 5.4135E-01 5.1275E-04  (-0.296    ,  1.302E-03,   0.00    ) |  5.128E-04 2.713E-03
     974 5.4186E-01 5.1265E-04  (-0.296    ,  1.302E-03,   0.00    ) |  5.127E-04 2.713E-03
     975 5.4238E-01 5.1255E-04  (-0.296    ,  1.302E-03,   0.00    ) |  5.126E-04 2.713E-03
     976 5.4289E-01 5.1245E-04  (-0.296    ,  1.302E-03,   0.00    ) |  5.125E-04 2.713E-03
     977 5.4340E-01 5.1235E-04  (-0.296    ,  1.302E-03,   0.00    ) |  5.124E-04 2.713E-03
     978 5.4391E-01 5.1225E-04  (-0.296    ,  1.302E-03,   0.00    ) |  5.123E-04 2.713E-03
     979 5.4443E-01 5.1216E-04  (-0.296    ,  1.302E-03,   0.00    ) |  5.122E-04 2.713E-03
     980 5.4494E-01 5.1206E-04  (-0.296    ,  1.302E-03,   0.00    ) |  5.121E-04 2.713E-03
     981 5.4545E-01 5.1196E-04  (-0.296    ,  1.302E-03,   0.00    ) |  5.120E-04 2.713E-03
     982 5.4596E-01 5.1186E-04  (-0.296    ,  1.302E-03,   0.00    ) |  5.119E-04 2.713E-03
     983 5.4647E-01 5.1177E-04  (-0.296    ,  1.302E-03,   0.00    ) |  5.118E-04 2.713E-03
     984 5.4698E-01 5.1167E-04  (-0.296    ,  1.302E-03,   0.00    ) |  5.117E-04 2.713E-03
     985 5.4750E-01 5.1157E-04  (-0.296    ,  1.302E-03,   0.00    ) |  5.116E-04 2.713E-03
     986 5.4801E-01 5.1148E-04  (-0.296    ,  1.302E-03,   0.00    ) |  5.115E-04 2.713E-03
     987 5.4852E-01 5.1138E-04  (-0.296    ,  1.302E-03,   0.00    ) |  5.114E-04 2.713E-03
     988 5.4903E-01 5.1129E-04  (-0.296    ,  1.302E-03,   0.00    ) |  5.113E-04 2.713E-03
     989 5.4954E-01 5.1119E-04  (-0.296    ,  1.302E-03,   0.00    ) |  5.112E-04 2.713E-03
 *** Wrote plotfile to flash_run_hdf5_plt_cnt_0022 ****
     990 5.5005E-01 5.1110E-04  (-0.296    ,  1.302E-03,   0.00    ) |  5.111E-04 2.713E-03
     991 5.5056E-01 5.1100E-04  (-0.298    ,  1.302E-03,   0.00    ) |  5.110E-04 2.713E-03
     992 5.5108E-01 5.1091E-04  (-0.298    ,  1.302E-03,   0.00    ) |  5.109E-04 2.713E-03
     993 5.5159E-01 5.1082E-04  (-0.298    ,  1.302E-03,   0.00    ) |  5.108E-04 2.713E-03
     994 5.5210E-01 5.1072E-04  (-0.298    ,  1.302E-03,   0.00    ) |  5.107E-04 2.713E-03
     995 5.5261E-01 5.1063E-04  (-0.298    ,  1.302E-03,   0.00    ) |  5.106E-04 2.713E-03
     996 5.5312E-01 5.1053E-04  (-0.298    ,  1.302E-03,   0.00    ) |  5.105E-04 2.713E-03
     997 5.5363E-01 5.1044E-04  (-0.298    ,  1.302E-03,   0.00    ) |  5.104E-04 2.713E-03
     998 5.5414E-01 5.1035E-04  (-0.298    ,  1.302E-03,   0.00    ) |  5.103E-04 2.713E-03
     999 5.5465E-01 5.1025E-04  (-0.298    ,  1.302E-03,   0.00    ) |  5.103E-04 2.713E-03
    1000 5.5516E-01 5.1016E-04  (-0.298    ,  1.302E-03,   0.00    ) |  5.102E-04 2.713E-03
    1001 5.5567E-01 5.1007E-04  (-0.298    ,  1.302E-03,   0.00    ) |  5.101E-04 2.713E-03
    1002 5.5618E-01 5.0998E-04  (-0.298    , -1.302E-03,   0.00    ) |  5.100E-04 2.713E-03
    1003 5.5669E-01 5.0989E-04  (-0.298    ,  1.302E-03,   0.00    ) |  5.099E-04 2.713E-03
    1004 5.5720E-01 5.0980E-04  (-0.298    , -1.302E-03,   0.00    ) |  5.098E-04 2.713E-03
    1005 5.5771E-01 5.0971E-04  (-0.298    , -1.302E-03,   0.00    ) |  5.097E-04 2.713E-03
    1006 5.5822E-01 5.0962E-04  (-0.298    , -1.302E-03,   0.00    ) |  5.096E-04 2.713E-03
    1007 5.5873E-01 5.0953E-04  (-0.298    ,  1.302E-03,   0.00    ) |  5.095E-04 2.713E-03
    1008 5.5924E-01 5.0944E-04  (-0.298    ,  1.302E-03,   0.00    ) |  5.094E-04 2.713E-03
    1009 5.5975E-01 5.0935E-04  (-0.298    ,  1.302E-03,   0.00    ) |  5.094E-04 2.713E-03
    1010 5.6026E-01 5.0926E-04  (-0.298    ,  1.302E-03,   0.00    ) |  5.093E-04 2.713E-03
    1011 5.6077E-01 5.0918E-04  (-0.301    ,  1.302E-03,   0.00    ) |  5.092E-04 2.713E-03
    1012 5.6128E-01 5.0909E-04  (-0.301    ,  1.302E-03,   0.00    ) |  5.091E-04 2.713E-03
    1013 5.6179E-01 5.0900E-04  (-0.301    ,  1.302E-03,   0.00    ) |  5.090E-04 2.713E-03
    1014 5.6229E-01 5.0891E-04  (-0.301    ,  1.302E-03,   0.00    ) |  5.089E-04 2.713E-03
    1015 5.6280E-01 5.0882E-04  (-0.301    ,  1.302E-03,   0.00    ) |  5.088E-04 2.713E-03
    1016 5.6331E-01 5.0873E-04  (-0.301    ,  1.302E-03,   0.00    ) |  5.087E-04 2.713E-03
    1017 5.6382E-01 5.0865E-04  (-0.301    ,  1.302E-03,   0.00    ) |  5.086E-04 2.713E-03
    1018 5.6433E-01 5.0856E-04  (-0.301    ,  1.302E-03,   0.00    ) |  5.086E-04 2.713E-03
    1019 5.6484E-01 5.0847E-04  (-0.301    ,  1.302E-03,   0.00    ) |  5.085E-04 2.713E-03
    1020 5.6535E-01 5.0839E-04  (-0.301    ,  1.302E-03,   0.00    ) |  5.084E-04 2.713E-03
    1021 5.6585E-01 5.0830E-04  (-0.301    , -1.302E-03,   0.00    ) |  5.083E-04 2.713E-03
    1022 5.6636E-01 5.0822E-04  (-0.301    , -1.302E-03,   0.00    ) |  5.082E-04 2.713E-03
    1023 5.6687E-01 5.0813E-04  (-0.301    ,  1.302E-03,   0.00    ) |  5.081E-04 2.713E-03
    1024 5.6738E-01 5.0805E-04  (-0.301    ,  1.302E-03,   0.00    ) |  5.080E-04 2.713E-03
    1025 5.6789E-01 5.0796E-04  (-0.301    , -1.302E-03,   0.00    ) |  5.080E-04 2.713E-03
    1026 5.6840E-01 5.0788E-04  (-0.301    ,  1.302E-03,   0.00    ) |  5.079E-04 2.713E-03
    1027 5.6890E-01 5.0779E-04  (-0.301    , -1.302E-03,   0.00    ) |  5.078E-04 2.713E-03
    1028 5.6941E-01 5.0771E-04  (-0.303    , -1.302E-03,   0.00    ) |  5.077E-04 2.713E-03
    1029 5.6992E-01 5.0762E-04  (-0.303    ,  1.302E-03,   0.00    ) |  5.076E-04 2.713E-03
    1030 5.7043E-01 5.0754E-04  (-0.303    ,  1.302E-03,   0.00    ) |  5.075E-04 2.713E-03
    1031 5.7093E-01 5.0746E-04  (-0.303    ,  1.302E-03,   0.00    ) |  5.075E-04 2.713E-03
    1032 5.7144E-01 5.0737E-04  (-0.303    ,  1.302E-03,   0.00    ) |  5.074E-04 2.713E-03
    1033 5.7195E-01 5.0729E-04  (-0.303    ,  1.302E-03,   0.00    ) |  5.073E-04 2.713E-03
    1034 5.7246E-01 5.0721E-04  (-0.303    ,  1.302E-03,   0.00    ) |  5.072E-04 2.713E-03
    1035 5.7296E-01 5.0712E-04  (-0.303    ,  1.302E-03,   0.00    ) |  5.071E-04 2.713E-03
    1036 5.7347E-01 5.0704E-04  (-0.303    ,  1.302E-03,   0.00    ) |  5.070E-04 2.713E-03
    1037 5.7398E-01 5.0696E-04  (-0.303    ,  1.302E-03,   0.00    ) |  5.070E-04 2.713E-03
    1038 5.7448E-01 5.0688E-04  (-0.303    ,  1.302E-03,   0.00    ) |  5.069E-04 2.713E-03
    1039 5.7499E-01 5.0680E-04  (-0.303    ,  1.302E-03,   0.00    ) |  5.068E-04 2.713E-03
 *** Wrote plotfile to flash_run_hdf5_plt_cnt_0023 ****
    1040 5.7550E-01 5.0672E-04  (-0.303    ,  1.302E-03,   0.00    ) |  5.067E-04 2.713E-03
    1041 5.7600E-01 5.0664E-04  (-0.303    ,  1.302E-03,   0.00    ) |  5.066E-04 2.713E-03
    1042 5.7651E-01 5.0656E-04  (-0.303    ,  1.302E-03,   0.00    ) |  5.066E-04 2.713E-03
    1043 5.7702E-01 5.0648E-04  (-0.303    ,  1.302E-03,   0.00    ) |  5.065E-04 2.713E-03
    1044 5.7752E-01 5.0640E-04  (-0.303    ,  1.302E-03,   0.00    ) |  5.064E-04 2.713E-03
    1045 5.7803E-01 5.0632E-04  (-0.306    ,  1.302E-03,   0.00    ) |  5.063E-04 2.713E-03
    1046 5.7854E-01 5.0624E-04  (-0.306    ,  1.302E-03,   0.00    ) |  5.062E-04 2.713E-03
    1047 5.7904E-01 5.0615E-04  (-0.306    ,  1.302E-03,   0.00    ) |  5.062E-04 2.713E-03
    1048 5.7955E-01 5.0607E-04  (-0.306    ,  1.302E-03,   0.00    ) |  5.061E-04 2.713E-03
    1049 5.8006E-01 5.0600E-04  (-0.306    ,  1.302E-03,   0.00    ) |  5.060E-04 2.713E-03
    1050 5.8056E-01 5.0592E-04  (-0.306    ,  1.302E-03,   0.00    ) |  5.059E-04 2.713E-03
    1051 5.8107E-01 5.0584E-04  (-0.306    ,  1.302E-03,   0.00    ) |  5.058E-04 2.713E-03
    1052 5.8157E-01 5.0576E-04  (-0.306    ,  1.302E-03,   0.00    ) |  5.058E-04 2.713E-03
    1053 5.8208E-01 5.0568E-04  (-0.306    ,  1.302E-03,   0.00    ) |  5.057E-04 2.713E-03
    1054 5.8258E-01 5.0560E-04  (-0.306    ,  1.302E-03,   0.00    ) |  5.056E-04 2.713E-03
    1055 5.8309E-01 5.0553E-04  (-0.306    ,  1.302E-03,   0.00    ) |  5.055E-04 2.713E-03
    1056 5.8360E-01 5.0545E-04  (-0.306    ,  1.302E-03,   0.00    ) |  5.054E-04 2.713E-03
    1057 5.8410E-01 5.0537E-04  (-0.306    ,  1.302E-03,   0.00    ) |  5.054E-04 2.713E-03
    1058 5.8461E-01 5.0530E-04  (-0.306    , -1.302E-03,   0.00    ) |  5.053E-04 2.713E-03
    1059 5.8511E-01 5.0522E-04  (-0.306    , -1.302E-03,   0.00    ) |  5.052E-04 2.713E-03
    1060 5.8562E-01 5.0514E-04  (-0.306    , -1.302E-03,   0.00    ) |  5.051E-04 2.713E-03
    1061 5.8612E-01 5.0507E-04  (-0.309    , -1.302E-03,   0.00    ) |  5.051E-04 2.713E-03
    1062 5.8663E-01 5.0499E-04  (-0.309    , -1.302E-03,   0.00    ) |  5.050E-04 2.713E-03
    1063 5.8713E-01 5.0491E-04  (-0.309    , -1.302E-03,   0.00    ) |  5.049E-04 2.713E-03
    1064 5.8764E-01 5.0484E-04  (-0.309    , -1.302E-03,   0.00    ) |  5.048E-04 2.713E-03
    1065 5.8814E-01 5.0476E-04  (-0.309    , -1.302E-03,   0.00    ) |  5.048E-04 2.713E-03
    1066 5.8865E-01 5.0469E-04  (-0.309    , -1.302E-03,   0.00    ) |  5.047E-04 2.713E-03
    1067 5.8915E-01 5.0461E-04  (-0.309    ,  1.302E-03,   0.00    ) |  5.046E-04 2.713E-03
    1068 5.8966E-01 5.0454E-04  (-0.309    ,  1.302E-03,   0.00    ) |  5.045E-04 2.713E-03
    1069 5.9016E-01 5.0446E-04  (-0.309    ,  1.302E-03,   0.00    ) |  5.045E-04 2.713E-03
    1070 5.9067E-01 5.0439E-04  (-0.309    ,  1.302E-03,   0.00    ) |  5.044E-04 2.713E-03
    1071 5.9117E-01 5.0431E-04  (-0.309    ,  1.302E-03,   0.00    ) |  5.043E-04 2.713E-03
    1072 5.9167E-01 5.0424E-04  (-0.309    ,  1.302E-03,   0.00    ) |  5.042E-04 2.713E-03
    1073 5.9218E-01 5.0417E-04  (-0.309    ,  1.302E-03,   0.00    ) |  5.042E-04 2.713E-03
    1074 5.9268E-01 5.0409E-04  (-0.309    ,  1.302E-03,   0.00    ) |  5.041E-04 2.713E-03
    1075 5.9319E-01 5.0402E-04  (-0.309    ,  1.302E-03,   0.00    ) |  5.040E-04 2.713E-03
    1076 5.9369E-01 5.0395E-04  (-0.309    ,  1.302E-03,   0.00    ) |  5.040E-04 2.713E-03
    1077 5.9419E-01 5.0388E-04  (-0.309    ,  1.302E-03,   0.00    ) |  5.039E-04 2.713E-03
    1078 5.9470E-01 5.0381E-04  (-0.311    ,  1.302E-03,   0.00    ) |  5.038E-04 2.713E-03
    1079 5.9520E-01 5.0373E-04  (-0.311    ,  1.302E-03,   0.00    ) |  5.037E-04 2.713E-03
    1080 5.9571E-01 5.0366E-04  (-0.311    ,  1.302E-03,   0.00    ) |  5.037E-04 2.713E-03
    1081 5.9621E-01 5.0359E-04  (-0.311    ,  1.302E-03,   0.00    ) |  5.036E-04 2.713E-03
    1082 5.9671E-01 5.0352E-04  (-0.311    ,  1.302E-03,   0.00    ) |  5.035E-04 2.713E-03
    1083 5.9722E-01 5.0345E-04  (-0.311    ,  1.302E-03,   0.00    ) |  5.034E-04 2.713E-03
    1084 5.9772E-01 5.0337E-04  (-0.311    ,  1.302E-03,   0.00    ) |  5.034E-04 2.713E-03
    1085 5.9822E-01 5.0330E-04  (-0.311    ,  1.302E-03,   0.00    ) |  5.033E-04 2.713E-03
    1086 5.9873E-01 5.0323E-04  (-0.311    ,  1.302E-03,   0.00    ) |  5.032E-04 2.713E-03
    1087 5.9923E-01 5.0316E-04  (-0.311    ,  1.302E-03,   0.00    ) |  5.032E-04 2.713E-03
    1088 5.9973E-01 5.0309E-04  (-0.311    ,  1.302E-03,   0.00    ) |  5.031E-04 2.713E-03
 *** Wrote plotfile to flash_run_hdf5_plt_cnt_0024 ****
    1089 6.0024E-01 5.0303E-04  (-0.311    ,  1.302E-03,   0.00    ) |  5.030E-04 2.713E-03
    1090 6.0074E-01 5.0296E-04  (-0.311    ,  1.302E-03,   0.00    ) |  5.030E-04 2.713E-03
    1091 6.0124E-01 5.0289E-04  (-0.311    ,  1.302E-03,   0.00    ) |  5.029E-04 2.713E-03
    1092 6.0175E-01 5.0282E-04  (-0.311    ,  1.302E-03,   0.00    ) |  5.028E-04 2.713E-03
    1093 6.0225E-01 5.0276E-04  (-0.311    ,  1.302E-03,   0.00    ) |  5.028E-04 2.713E-03
    1094 6.0275E-01 5.0269E-04  (-0.311    ,  1.302E-03,   0.00    ) |  5.027E-04 2.713E-03
    1095 6.0325E-01 5.0263E-04  (-0.311    ,  1.302E-03,   0.00    ) |  5.026E-04 2.713E-03
    1096 6.0376E-01 5.0256E-04  (-0.314    ,  1.302E-03,   0.00    ) |  5.026E-04 2.713E-03
    1097 6.0426E-01 5.0249E-04  (-0.314    ,  1.302E-03,   0.00    ) |  5.025E-04 2.713E-03
    1098 6.0476E-01 5.0243E-04  (-0.314    ,  1.302E-03,   0.00    ) |  5.024E-04 2.713E-03
    1099 6.0526E-01 5.0236E-04  (-0.314    ,  1.302E-03,   0.00    ) |  5.024E-04 2.713E-03
    1100 6.0577E-01 5.0230E-04  (-0.314    ,  1.302E-03,   0.00    ) |  5.023E-04 2.713E-03
    1101 6.0627E-01 5.0224E-04  (-0.314    ,  1.302E-03,   0.00    ) |  5.022E-04 2.713E-03
    1102 6.0677E-01 5.0217E-04  (-0.314    ,  1.302E-03,   0.00    ) |  5.022E-04 2.713E-03
    1103 6.0727E-01 5.0211E-04  (-0.314    ,  1.302E-03,   0.00    ) |  5.021E-04 2.713E-03
    1104 6.0777E-01 5.0205E-04  (-0.314    ,  1.302E-03,   0.00    ) |  5.021E-04 2.713E-03
    1105 6.0828E-01 5.0199E-04  (-0.314    ,  1.302E-03,   0.00    ) |  5.020E-04 2.713E-03
    1106 6.0878E-01 5.0193E-04  (-0.314    ,  1.302E-03,   0.00    ) |  5.019E-04 2.713E-03
    1107 6.0928E-01 5.0187E-04  (-0.314    ,  1.302E-03,   0.00    ) |  5.019E-04 2.713E-03
    1108 6.0978E-01 5.0181E-04  (-0.314    ,  1.302E-03,   0.00    ) |  5.018E-04 2.713E-03
    1109 6.1028E-01 5.0176E-04  (-0.314    ,  1.302E-03,   0.00    ) |  5.018E-04 2.713E-03
    1110 6.1079E-01 5.0170E-04  (-0.314    ,  1.302E-03,   0.00    ) |  5.017E-04 2.713E-03
    1111 6.1129E-01 5.0164E-04  (-0.314    ,  1.302E-03,   0.00    ) |  5.016E-04 2.713E-03
    1112 6.1179E-01 5.0159E-04  (-0.314    ,  1.302E-03,   0.00    ) |  5.016E-04 2.713E-03
    1113 6.1229E-01 5.0153E-04  (-0.314    ,  1.302E-03,   0.00    ) |  5.015E-04 2.713E-03
    1114 6.1279E-01 5.0148E-04  (-0.314    ,  1.302E-03,   0.00    ) |  5.015E-04 2.713E-03
    1115 6.1329E-01 5.0142E-04  (-0.314    ,  1.302E-03,   0.00    ) |  5.014E-04 2.713E-03
    1116 6.1380E-01 5.0137E-04  (-0.316    ,  1.302E-03,   0.00    ) |  5.014E-04 2.713E-03
    1117 6.1430E-01 5.0131E-04  (-0.316    ,  1.302E-03,   0.00    ) |  5.013E-04 2.713E-03
    1118 6.1480E-01 5.0126E-04  (-0.316    ,  1.302E-03,   0.00    ) |  5.013E-04 2.713E-03
    1119 6.1530E-01 5.0120E-04  (-0.316    ,  1.302E-03,   0.00    ) |  5.012E-04 2.713E-03
    1120 6.1580E-01 5.0115E-04  (-0.316    ,  1.302E-03,   0.00    ) |  5.011E-04 2.713E-03
    1121 6.1630E-01 5.0109E-04  (-0.316    ,  1.302E-03,   0.00    ) |  5.011E-04 2.713E-03
    1122 6.1680E-01 5.0104E-04  (-0.316    ,  1.302E-03,   0.00    ) |  5.010E-04 2.713E-03
    1123 6.1730E-01 5.0099E-04  (-0.316    ,  1.302E-03,   0.00    ) |  5.010E-04 2.713E-03
    1124 6.1780E-01 5.0093E-04  (-0.316    ,  1.302E-03,   0.00    ) |  5.009E-04 2.713E-03
    1125 6.1831E-01 5.0088E-04  (-0.316    ,  1.302E-03,   0.00    ) |  5.009E-04 2.713E-03
    1126 6.1881E-01 5.0082E-04  (-0.316    ,  1.302E-03,   0.00    ) |  5.008E-04 2.713E-03
    1127 6.1931E-01 5.0077E-04  (-0.316    ,  1.302E-03,   0.00    ) |  5.008E-04 2.713E-03
    1128 6.1981E-01 5.0072E-04  (-0.316    ,  1.302E-03,   0.00    ) |  5.007E-04 2.713E-03
    1129 6.2031E-01 5.0066E-04  (-0.316    ,  1.302E-03,   0.00    ) |  5.007E-04 2.713E-03
    1130 6.2081E-01 5.0061E-04  (-0.316    ,  1.302E-03,   0.00    ) |  5.006E-04 2.713E-03
    1131 6.2131E-01 5.0055E-04  (-0.316    ,  1.302E-03,   0.00    ) |  5.006E-04 2.713E-03
    1132 6.2181E-01 5.0050E-04  (-0.316    ,  1.302E-03,   0.00    ) |  5.005E-04 2.713E-03
    1133 6.2231E-01 5.0044E-04  (-0.316    ,  1.302E-03,   0.00    ) |  5.004E-04 2.713E-03
    1134 6.2281E-01 5.0039E-04  (-0.316    ,  1.302E-03,   0.00    ) |  5.004E-04 2.713E-03
    1135 6.2331E-01 5.0033E-04  (-0.316    ,  1.302E-03,   0.00    ) |  5.003E-04 2.713E-03
    1136 6.2381E-01 5.0028E-04  (-0.316    ,  1.302E-03,   0.00    ) |  5.003E-04 2.713E-03
    1137 6.2431E-01 5.0022E-04  (-0.316    ,  1.302E-03,   0.00    ) |  5.002E-04 2.713E-03
    1138 6.2481E-01 5.0017E-04  (-0.316    ,  1.302E-03,   0.00    ) |  5.002E-04 2.713E-03
 *** Wrote plotfile to flash_run_hdf5_plt_cnt_0025 ****
    1139 6.2531E-01 5.0011E-04  (-0.319    ,  1.302E-03,   0.00    ) |  5.001E-04 2.713E-03
    1140 6.2581E-01 5.0006E-04  (-0.319    ,  1.302E-03,   0.00    ) |  5.001E-04 2.713E-03
    1141 6.2631E-01 5.0000E-04  (-0.319    ,  1.302E-03,   0.00    ) |  5.000E-04 2.713E-03
    1142 6.2681E-01 4.9995E-04  (-0.319    ,  1.302E-03,   0.00    ) |  4.999E-04 2.713E-03
    1143 6.2731E-01 4.9990E-04  (-0.319    ,  1.302E-03,   0.00    ) |  4.999E-04 2.713E-03
    1144 6.2781E-01 4.9984E-04  (-0.319    ,  1.302E-03,   0.00    ) |  4.998E-04 2.713E-03
    1145 6.2831E-01 4.9979E-04  (-0.319    ,  1.302E-03,   0.00    ) |  4.998E-04 2.713E-03
    1146 6.2881E-01 4.9974E-04  (-0.319    ,  1.302E-03,   0.00    ) |  4.997E-04 2.713E-03
    1147 6.2931E-01 4.9969E-04  (-0.319    ,  1.302E-03,   0.00    ) |  4.997E-04 2.713E-03
    1148 6.2981E-01 4.9964E-04  (-0.319    ,  1.302E-03,   0.00    ) |  4.996E-04 2.713E-03
    1149 6.3031E-01 4.9959E-04  (-0.319    ,  1.302E-03,   0.00    ) |  4.996E-04 2.713E-03
    1150 6.3081E-01 4.9955E-04  (-0.319    ,  1.302E-03,   0.00    ) |  4.995E-04 2.713E-03
    1151 6.3131E-01 4.9950E-04  (-0.319    ,  1.302E-03,   0.00    ) |  4.995E-04 2.713E-03
    1152 6.3181E-01 4.9945E-04  (-0.319    ,  1.302E-03,   0.00    ) |  4.995E-04 2.713E-03
    1153 6.3231E-01 4.9941E-04  (-0.319    ,  1.302E-03,   0.00    ) |  4.994E-04 2.713E-03
    1154 6.3281E-01 4.9936E-04  (-0.319    ,  1.302E-03,   0.00    ) |  4.994E-04 2.713E-03
    1155 6.3331E-01 4.9932E-04  (-0.319    ,  1.302E-03,   0.00    ) |  4.993E-04 2.713E-03
    1156 6.3381E-01 4.9927E-04  (-0.319    ,  1.302E-03,   0.00    ) |  4.993E-04 2.713E-03
    1157 6.3431E-01 4.9923E-04  (-0.319    ,  1.302E-03,   0.00    ) |  4.992E-04 2.713E-03
    1158 6.3481E-01 4.9919E-04  (-0.319    ,  1.302E-03,   0.00    ) |  4.992E-04 2.713E-03
    1159 6.3531E-01 4.9915E-04  (-0.319    ,  1.302E-03,   0.00    ) |  4.991E-04 2.713E-03
    1160 6.3580E-01 4.9911E-04  (-0.319    ,  1.302E-03,   0.00    ) |  4.991E-04 2.713E-03
    1161 6.3630E-01 4.9906E-04  (-0.322    ,  1.302E-03,   0.00    ) |  4.991E-04 2.713E-03
    1162 6.3680E-01 4.9902E-04  (-0.322    ,  1.302E-03,   0.00    ) |  4.990E-04 2.713E-03
    1163 6.3730E-01 4.9898E-04  (-0.322    ,  1.302E-03,   0.00    ) |  4.990E-04 2.713E-03
    1164 6.3780E-01 4.9894E-04  (-0.322    ,  1.302E-03,   0.00    ) |  4.989E-04 2.713E-03
    1165 6.3830E-01 4.9890E-04  (-0.322    ,  1.302E-03,   0.00    ) |  4.989E-04 2.713E-03
    1166 6.3880E-01 4.9886E-04  (-0.322    ,  1.302E-03,   0.00    ) |  4.989E-04 2.713E-03
    1167 6.3930E-01 4.9882E-04  (-0.322    ,  1.302E-03,   0.00    ) |  4.988E-04 2.713E-03
    1168 6.3980E-01 4.9878E-04  (-0.322    ,  1.302E-03,   0.00    ) |  4.988E-04 2.713E-03
    1169 6.4030E-01 4.9874E-04  (-0.322    ,  1.302E-03,   0.00    ) |  4.987E-04 2.713E-03
    1170 6.4079E-01 4.9871E-04  (-0.322    ,  1.302E-03,   0.00    ) |  4.987E-04 2.713E-03
    1171 6.4129E-01 4.9867E-04  (-0.322    ,  1.302E-03,   0.00    ) |  4.987E-04 2.713E-03
    1172 6.4179E-01 4.9863E-04  (-0.322    ,  1.302E-03,   0.00    ) |  4.986E-04 2.713E-03
    1173 6.4229E-01 4.9859E-04  (-0.322    ,  1.302E-03,   0.00    ) |  4.986E-04 2.713E-03
    1174 6.4279E-01 4.9855E-04  (-0.322    ,  1.302E-03,   0.00    ) |  4.986E-04 2.713E-03
    1175 6.4329E-01 4.9851E-04  (-0.322    ,  1.302E-03,   0.00    ) |  4.985E-04 2.713E-03
    1176 6.4379E-01 4.9848E-04  (-0.322    ,  1.302E-03,   0.00    ) |  4.985E-04 2.713E-03
    1177 6.4428E-01 4.9844E-04  (-0.322    ,  1.302E-03,   0.00    ) |  4.984E-04 2.713E-03
    1178 6.4478E-01 4.9840E-04  (-0.322    ,  1.302E-03,   0.00    ) |  4.984E-04 2.713E-03
    1179 6.4528E-01 4.9837E-04  (-0.322    ,  1.302E-03,   0.00    ) |  4.984E-04 2.713E-03
    1180 6.4578E-01 4.9833E-04  (-0.322    ,  1.302E-03,   0.00    ) |  4.983E-04 2.713E-03
    1181 6.4628E-01 4.9829E-04  (-0.322    ,  1.302E-03,   0.00    ) |  4.983E-04 2.713E-03
    1182 6.4678E-01 4.9826E-04  (-0.322    ,  1.302E-03,   0.00    ) |  4.983E-04 2.713E-03
    1183 6.4727E-01 4.9822E-04  (-0.322    ,  1.302E-03,   0.00    ) |  4.982E-04 2.713E-03
    1184 6.4777E-01 4.9819E-04  (-0.322    ,  1.302E-03,   0.00    ) |  4.982E-04 2.713E-03
    1185 6.4827E-01 4.9815E-04  (-0.322    ,  1.302E-03,   0.00    ) |  4.982E-04 2.713E-03
    1186 6.4877E-01 4.9812E-04  (-0.322    ,  1.302E-03,   0.00    ) |  4.981E-04 2.713E-03
    1187 6.4927E-01 4.9808E-04  (-0.322    ,  1.302E-03,   0.00    ) |  4.981E-04 2.713E-03
    1188 6.4977E-01 4.9805E-04  ( 0.322    , -1.302E-03,   0.00    ) |  4.980E-04 2.713E-03
 *** Wrote plotfile to flash_run_hdf5_plt_cnt_0026 ****
    1189 6.5026E-01 4.9801E-04  ( 0.324    , -1.302E-03,   0.00    ) |  4.980E-04 2.713E-03
    1190 6.5076E-01 4.9798E-04  ( 0.324    , -1.302E-03,   0.00    ) |  4.980E-04 2.713E-03
    1191 6.5126E-01 4.9795E-04  ( 0.324    , -1.302E-03,   0.00    ) |  4.979E-04 2.713E-03
    1192 6.5176E-01 4.9791E-04  ( 0.324    , -1.302E-03,   0.00    ) |  4.979E-04 2.713E-03
    1193 6.5226E-01 4.9788E-04  ( 0.324    , -1.302E-03,   0.00    ) |  4.979E-04 2.713E-03
    1194 6.5275E-01 4.9785E-04  ( 0.324    , -1.302E-03,   0.00    ) |  4.978E-04 2.713E-03
    1195 6.5325E-01 4.9781E-04  ( 0.324    , -1.302E-03,   0.00    ) |  4.978E-04 2.713E-03
    1196 6.5375E-01 4.9778E-04  ( 0.324    , -1.302E-03,   0.00    ) |  4.978E-04 2.713E-03
    1197 6.5425E-01 4.9775E-04  (-0.324    , -1.302E-03,   0.00    ) |  4.977E-04 2.713E-03
    1198 6.5474E-01 4.9771E-04  (-0.324    , -1.302E-03,   0.00    ) |  4.977E-04 2.713E-03
    1199 6.5524E-01 4.9768E-04  (-0.324    , -1.302E-03,   0.00    ) |  4.977E-04 2.713E-03
    1200 6.5574E-01 4.9765E-04  (-0.324    , -1.302E-03,   0.00    ) |  4.976E-04 2.713E-03
    1201 6.5624E-01 4.9762E-04  (-0.324    , -1.302E-03,   0.00    ) |  4.976E-04 2.713E-03
    1202 6.5673E-01 4.9759E-04  (-0.324    ,  1.302E-03,   0.00    ) |  4.976E-04 2.713E-03
    1203 6.5723E-01 4.9755E-04  (-0.324    , -1.302E-03,   0.00    ) |  4.976E-04 2.713E-03
    1204 6.5773E-01 4.9752E-04  (-0.324    , -1.302E-03,   0.00    ) |  4.975E-04 2.713E-03
    1205 6.5823E-01 4.9749E-04  (-0.324    , -1.302E-03,   0.00    ) |  4.975E-04 2.713E-03
    1206 6.5872E-01 4.9746E-04  (-0.324    , -1.302E-03,   0.00    ) |  4.975E-04 2.713E-03
    1207 6.5922E-01 4.9743E-04  (-0.324    , -1.302E-03,   0.00    ) |  4.974E-04 2.713E-03
    1208 6.5972E-01 4.9740E-04  ( 0.324    ,  1.302E-03,   0.00    ) |  4.974E-04 2.713E-03
    1209 6.6022E-01 4.9737E-04  ( 0.324    ,  1.302E-03,   0.00    ) |  4.974E-04 2.713E-03
    1210 6.6071E-01 4.9734E-04  ( 0.324    ,  1.302E-03,   0.00    ) |  4.973E-04 2.713E-03
    1211 6.6121E-01 4.9731E-04  ( 0.324    ,  1.302E-03,   0.00    ) |  4.973E-04 2.713E-03
    1212 6.6171E-01 4.9728E-04  ( 0.324    ,  1.302E-03,   0.00    ) |  4.973E-04 2.713E-03
    1213 6.6221E-01 4.9725E-04  ( 0.324    ,  1.302E-03,   0.00    ) |  4.972E-04 2.713E-03
    1214 6.6270E-01 4.9722E-04  ( 0.324    ,  1.302E-03,   0.00    ) |  4.972E-04 2.713E-03
    1215 6.6320E-01 4.9719E-04  ( 0.324    ,  1.302E-03,   0.00    ) |  4.972E-04 2.713E-03
    1216 6.6370E-01 4.9716E-04  ( 0.324    ,  1.302E-03,   0.00    ) |  4.972E-04 2.713E-03
    1217 6.6420E-01 4.9713E-04  ( 0.324    ,  1.302E-03,   0.00    ) |  4.971E-04 2.713E-03
    1218 6.6469E-01 4.9710E-04  ( 0.324    ,  1.302E-03,   0.00    ) |  4.971E-04 2.713E-03
    1219 6.6519E-01 4.9707E-04  ( 0.324    ,  1.302E-03,   0.00    ) |  4.971E-04 2.713E-03
    1220 6.6569E-01 4.9704E-04  ( 0.324    ,  1.302E-03,   0.00    ) |  4.970E-04 2.713E-03
    1221 6.6618E-01 4.9702E-04  ( 0.324    ,  1.302E-03,   0.00    ) |  4.970E-04 2.713E-03
    1222 6.6668E-01 4.9699E-04  ( 0.324    ,  1.302E-03,   0.00    ) |  4.970E-04 2.713E-03
    1223 6.6718E-01 4.9696E-04  ( 0.324    ,  1.302E-03,   0.00    ) |  4.970E-04 2.713E-03
    1224 6.6767E-01 4.9693E-04  ( 0.324    ,  1.302E-03,   0.00    ) |  4.969E-04 2.713E-03
    1225 6.6817E-01 4.9690E-04  ( 0.324    ,  1.302E-03,   0.00    ) |  4.969E-04 2.713E-03
    1226 6.6867E-01 4.9688E-04  ( 0.324    ,  1.302E-03,   0.00    ) |  4.969E-04 2.713E-03
    1227 6.6917E-01 4.9685E-04  ( 0.324    ,  1.302E-03,   0.00    ) |  4.968E-04 2.713E-03
    1228 6.6966E-01 4.9682E-04  ( 0.324    ,  1.302E-03,   0.00    ) |  4.968E-04 2.713E-03
    1229 6.7016E-01 4.9679E-04  ( 0.327    ,  1.302E-03,   0.00    ) |  4.968E-04 2.713E-03
    1230 6.7066E-01 4.9676E-04  ( 0.327    ,  1.302E-03,   0.00    ) |  4.968E-04 2.713E-03
    1231 6.7115E-01 4.9674E-04  ( 0.327    ,  1.302E-03,   0.00    ) |  4.967E-04 2.713E-03
    1232 6.7165E-01 4.9671E-04  (-0.327    ,  1.302E-03,   0.00    ) |  4.967E-04 2.713E-03
    1233 6.7215E-01 4.9668E-04  ( 0.327    ,  1.302E-03,   0.00    ) |  4.967E-04 2.713E-03
    1234 6.7264E-01 4.9665E-04  (-0.327    ,  1.302E-03,   0.00    ) |  4.967E-04 2.713E-03
    1235 6.7314E-01 4.9663E-04  (-0.327    ,  1.302E-03,   0.00    ) |  4.966E-04 2.713E-03
    1236 6.7364E-01 4.9660E-04  ( 0.327    ,  1.302E-03,   0.00    ) |  4.966E-04 2.713E-03
    1237 6.7413E-01 4.9657E-04  ( 0.327    ,  1.302E-03,   0.00    ) |  4.966E-04 2.713E-03
    1238 6.7463E-01 4.9654E-04  ( 0.327    ,  1.302E-03,   0.00    ) |  4.965E-04 2.713E-03
 *** Wrote plotfile to flash_run_hdf5_plt_cnt_0027 ****
    1239 6.7513E-01 4.9652E-04  ( 0.327    ,  1.302E-03,   0.00    ) |  4.965E-04 2.713E-03
    1240 6.7562E-01 4.9649E-04  ( 0.327    ,  1.302E-03,   0.00    ) |  4.965E-04 2.713E-03
    1241 6.7612E-01 4.9646E-04  ( 0.327    ,  1.302E-03,   0.00    ) |  4.965E-04 2.713E-03
    1242 6.7662E-01 4.9644E-04  ( 0.327    ,  1.302E-03,   0.00    ) |  4.964E-04 2.713E-03
    1243 6.7711E-01 4.9641E-04  ( 0.327    ,  1.302E-03,   0.00    ) |  4.964E-04 2.713E-03
    1244 6.7761E-01 4.9639E-04  ( 0.327    ,  1.302E-03,   0.00    ) |  4.964E-04 2.713E-03
    1245 6.7810E-01 4.9636E-04  ( 0.327    ,  1.302E-03,   0.00    ) |  4.964E-04 2.713E-03
    1246 6.7860E-01 4.9633E-04  (-0.327    ,  1.302E-03,   0.00    ) |  4.963E-04 2.713E-03
    1247 6.7910E-01 4.9631E-04  (-0.327    ,  1.302E-03,   0.00    ) |  4.963E-04 2.713E-03
    1248 6.7959E-01 4.9628E-04  (-0.327    ,  1.302E-03,   0.00    ) |  4.963E-04 2.713E-03
    1249 6.8009E-01 4.9626E-04  (-0.327    ,  1.302E-03,   0.00    ) |  4.963E-04 2.713E-03
    1250 6.8059E-01 4.9623E-04  ( 0.327    ,  1.302E-03,   0.00    ) |  4.962E-04 2.713E-03
    1251 6.8108E-01 4.9620E-04  ( 0.327    ,  1.302E-03,   0.00    ) |  4.962E-04 2.713E-03
    1252 6.8158E-01 4.9618E-04  (-0.327    ,  1.302E-03,   0.00    ) |  4.962E-04 2.713E-03
    1253 6.8207E-01 4.9615E-04  (-0.327    ,  1.302E-03,   0.00    ) |  4.962E-04 2.713E-03
    1254 6.8257E-01 4.9613E-04  (-0.327    ,  1.302E-03,   0.00    ) |  4.961E-04 2.713E-03
    1255 6.8307E-01 4.9610E-04  (-0.327    ,  1.302E-03,   0.00    ) |  4.961E-04 2.713E-03
    1256 6.8356E-01 4.9608E-04  (-0.327    ,  1.302E-03,   0.00    ) |  4.961E-04 2.713E-03
    1257 6.8406E-01 4.9605E-04  (-0.327    ,  1.302E-03,   0.00    ) |  4.961E-04 2.713E-03
    1258 6.8456E-01 4.9603E-04  (-0.327    ,  1.302E-03,   0.00    ) |  4.960E-04 2.713E-03
    1259 6.8505E-01 4.9601E-04  (-0.327    ,  1.302E-03,   0.00    ) |  4.960E-04 2.713E-03
    1260 6.8555E-01 4.9598E-04  (-0.327    ,  1.302E-03,   0.00    ) |  4.960E-04 2.713E-03
    1261 6.8604E-01 4.9596E-04  (-0.327    ,  1.302E-03,   0.00    ) |  4.960E-04 2.713E-03
    1262 6.8654E-01 4.9593E-04  (-0.327    ,  1.302E-03,   0.00    ) |  4.959E-04 2.713E-03
    1263 6.8704E-01 4.9591E-04  ( 0.327    , -1.302E-03,   0.00    ) |  4.959E-04 2.713E-03
    1264 6.8753E-01 4.9589E-04  ( 0.327    , -1.302E-03,   0.00    ) |  4.959E-04 2.713E-03
    1265 6.8803E-01 4.9586E-04  ( 0.327    , -1.302E-03,   0.00    ) |  4.959E-04 2.713E-03
    1266 6.8852E-01 4.9584E-04  ( 0.327    , -1.302E-03,   0.00    ) |  4.958E-04 2.713E-03
    1267 6.8902E-01 4.9582E-04  ( 0.327    , -1.302E-03,   0.00    ) |  4.958E-04 2.713E-03
    1268 6.8951E-01 4.9579E-04  ( 0.327    , -1.302E-03,   0.00    ) |  4.958E-04 2.713E-03
    1269 6.9001E-01 4.9577E-04  ( 0.327    , -1.302E-03,   0.00    ) |  4.958E-04 2.713E-03
    1270 6.9051E-01 4.9575E-04  ( 0.327    , -1.302E-03,   0.00    ) |  4.957E-04 2.713E-03
    1271 6.9100E-01 4.9572E-04  ( 0.327    , -1.302E-03,   0.00    ) |  4.957E-04 2.713E-03
    1272 6.9150E-01 4.9570E-04  ( 0.327    , -1.302E-03,   0.00    ) |  4.957E-04 2.713E-03
    1273 6.9199E-01 4.9568E-04  ( 0.327    , -1.302E-03,   0.00    ) |  4.957E-04 2.713E-03
    1274 6.9249E-01 4.9566E-04  ( 0.327    , -1.302E-03,   0.00    ) |  4.957E-04 2.713E-03
    1275 6.9298E-01 4.9563E-04  ( 0.327    , -1.302E-03,   0.00    ) |  4.956E-04 2.713E-03
    1276 6.9348E-01 4.9561E-04  ( 0.327    , -1.302E-03,   0.00    ) |  4.956E-04 2.713E-03
    1277 6.9398E-01 4.9559E-04  ( 0.327    , -1.302E-03,   0.00    ) |  4.956E-04 2.713E-03
    1278 6.9447E-01 4.9557E-04  ( 0.327    , -1.302E-03,   0.00    ) |  4.956E-04 2.713E-03
    1279 6.9497E-01 4.9555E-04  (-0.327    ,  1.302E-03,   0.00    ) |  4.955E-04 2.713E-03
    1280 6.9546E-01 4.9552E-04  (-0.327    ,  1.302E-03,   0.00    ) |  4.955E-04 2.713E-03
    1281 6.9596E-01 4.9550E-04  ( 0.327    , -1.302E-03,   0.00    ) |  4.955E-04 2.713E-03
    1282 6.9645E-01 4.9548E-04  (-0.327    ,  1.302E-03,   0.00    ) |  4.955E-04 2.713E-03
    1283 6.9695E-01 4.9546E-04  ( 0.327    , -1.302E-03,   0.00    ) |  4.955E-04 2.713E-03
    1284 6.9744E-01 4.9544E-04  (-0.327    ,  1.302E-03,   0.00    ) |  4.954E-04 2.713E-03
    1285 6.9794E-01 4.9542E-04  (-0.327    ,  1.302E-03,   0.00    ) |  4.954E-04 2.713E-03
    1286 6.9844E-01 4.9540E-04  (-0.327    ,  1.302E-03,   0.00    ) |  4.954E-04 2.713E-03
    1287 6.9893E-01 4.9538E-04  (-0.327    ,  1.302E-03,   0.00    ) |  4.954E-04 2.713E-03
    1288 6.9943E-01 4.9536E-04  (-0.327    ,  1.302E-03,   0.00    ) |  4.954E-04 2.713E-03
    1289 6.9992E-01 4.9534E-04  (-0.327    ,  1.302E-03,   0.00    ) |  4.953E-04 2.713E-03
 *** Wrote plotfile to flash_run_hdf5_plt_cnt_0028 ****
    1290 7.0042E-01 4.9532E-04  (-0.327    ,  1.302E-03,   0.00    ) |  4.953E-04 2.713E-03
    1291 7.0091E-01 4.9530E-04  (-0.327    ,  1.302E-03,   0.00    ) |  4.953E-04 2.713E-03
    1292 7.0141E-01 4.9528E-04  (-0.327    ,  1.302E-03,   0.00    ) |  4.953E-04 2.713E-03
    1293 7.0190E-01 4.9526E-04  (-0.327    ,  1.302E-03,   0.00    ) |  4.953E-04 2.713E-03
    1294 7.0240E-01 4.9524E-04  (-0.327    ,  1.302E-03,   0.00    ) |  4.952E-04 2.713E-03
    1295 7.0289E-01 4.9522E-04  (-0.327    , -1.302E-03,   0.00    ) |  4.952E-04 2.713E-03
    1296 7.0339E-01 4.9520E-04  (-0.327    , -1.302E-03,   0.00    ) |  4.952E-04 2.713E-03
    1297 7.0388E-01 4.9518E-04  (-0.327    ,  1.302E-03,   0.00    ) |  4.952E-04 2.713E-03
    1298 7.0438E-01 4.9516E-04  (-0.327    , -1.302E-03,   0.00    ) |  4.952E-04 2.713E-03
    1299 7.0487E-01 4.9514E-04  (-0.327    , -1.302E-03,   0.00    ) |  4.951E-04 2.713E-03
    1300 7.0537E-01 4.9512E-04  (-0.327    , -1.302E-03,   0.00    ) |  4.951E-04 2.713E-03
    1301 7.0586E-01 4.9510E-04  (-0.327    , -1.302E-03,   0.00    ) |  4.951E-04 2.713E-03
    1302 7.0636E-01 4.9508E-04  (-0.327    , -1.302E-03,   0.00    ) |  4.951E-04 2.713E-03
    1303 7.0685E-01 4.9507E-04  (-0.327    , -1.302E-03,   0.00    ) |  4.951E-04 2.713E-03
    1304 7.0735E-01 4.9505E-04  (-0.327    , -1.302E-03,   0.00    ) |  4.950E-04 2.713E-03
    1305 7.0784E-01 4.9503E-04  (-0.327    , -1.302E-03,   0.00    ) |  4.950E-04 2.713E-03
    1306 7.0834E-01 4.9501E-04  ( 0.327    ,  1.302E-03,   0.00    ) |  4.950E-04 2.713E-03
    1307 7.0883E-01 4.9499E-04  ( 0.327    ,  1.302E-03,   0.00    ) |  4.950E-04 2.713E-03
    1308 7.0933E-01 4.9498E-04  ( 0.327    ,  1.302E-03,   0.00    ) |  4.950E-04 2.713E-03
    1309 7.0982E-01 4.9496E-04  ( 0.327    ,  1.302E-03,   0.00    ) |  4.950E-04 2.713E-03
    1310 7.1032E-01 4.9494E-04  ( 0.327    ,  1.302E-03,   0.00    ) |  4.949E-04 2.713E-03
    1311 7.1081E-01 4.9492E-04  ( 0.327    ,  1.302E-03,   0.00    ) |  4.949E-04 2.713E-03
    1312 7.1131E-01 4.9491E-04  ( 0.327    ,  1.302E-03,   0.00    ) |  4.949E-04 2.713E-03
    1313 7.1180E-01 4.9489E-04  ( 0.327    ,  1.302E-03,   0.00    ) |  4.949E-04 2.713E-03
    1314 7.1230E-01 4.9487E-04  ( 0.327    ,  1.302E-03,   0.00    ) |  4.949E-04 2.713E-03
    1315 7.1279E-01 4.9485E-04  ( 0.327    ,  1.302E-03,   0.00    ) |  4.949E-04 2.713E-03
    1316 7.1329E-01 4.9484E-04  ( 0.327    ,  1.302E-03,   0.00    ) |  4.948E-04 2.713E-03
    1317 7.1378E-01 4.9482E-04  ( 0.327    ,  1.302E-03,   0.00    ) |  4.948E-04 2.713E-03
    1318 7.1428E-01 4.9480E-04  ( 0.327    ,  1.302E-03,   0.00    ) |  4.948E-04 2.713E-03
    1319 7.1477E-01 4.9479E-04  ( 0.327    ,  1.302E-03,   0.00    ) |  4.948E-04 2.713E-03
    1320 7.1527E-01 4.9477E-04  ( 0.327    ,  1.302E-03,   0.00    ) |  4.948E-04 2.713E-03
    1321 7.1576E-01 4.9476E-04  ( 0.327    ,  1.302E-03,   0.00    ) |  4.948E-04 2.713E-03
    1322 7.1626E-01 4.9474E-04  ( 0.327    ,  1.302E-03,   0.00    ) |  4.947E-04 2.713E-03
    1323 7.1675E-01 4.9472E-04  ( 0.327    ,  1.302E-03,   0.00    ) |  4.947E-04 2.713E-03
    1324 7.1725E-01 4.9471E-04  ( 0.327    ,  1.302E-03,   0.00    ) |  4.947E-04 2.713E-03
    1325 7.1774E-01 4.9469E-04  ( 0.327    ,  1.302E-03,   0.00    ) |  4.947E-04 2.713E-03
    1326 7.1824E-01 4.9468E-04  ( 0.327    ,  1.302E-03,   0.00    ) |  4.947E-04 2.713E-03
    1327 7.1873E-01 4.9466E-04  ( 0.327    ,  1.302E-03,   0.00    ) |  4.947E-04 2.713E-03
    1328 7.1923E-01 4.9465E-04  (-0.327    , -1.302E-03,   0.00    ) |  4.946E-04 2.713E-03
    1329 7.1972E-01 4.9463E-04  (-0.327    , -1.302E-03,   0.00    ) |  4.946E-04 2.713E-03
    1330 7.2021E-01 4.9462E-04  ( 0.327    ,  1.302E-03,   0.00    ) |  4.946E-04 2.713E-03
    1331 7.2071E-01 4.9460E-04  ( 0.327    ,  1.302E-03,   0.00    ) |  4.946E-04 2.713E-03
    1332 7.2120E-01 4.9459E-04  ( 0.327    ,  1.302E-03,   0.00    ) |  4.946E-04 2.713E-03
    1333 7.2170E-01 4.9457E-04  ( 0.327    ,  1.302E-03,   0.00    ) |  4.946E-04 2.713E-03
    1334 7.2219E-01 4.9456E-04  (-0.327    , -1.302E-03,   0.00    ) |  4.946E-04 2.713E-03
    1335 7.2269E-01 4.9454E-04  (-0.327    , -1.302E-03,   0.00    ) |  4.945E-04 2.713E-03
    1336 7.2318E-01 4.9453E-04  (-0.327    , -1.302E-03,   0.00    ) |  4.945E-04 2.713E-03
    1337 7.2368E-01 4.9452E-04  ( 0.327    ,  1.302E-03,   0.00    ) |  4.945E-04 2.713E-03
    1338 7.2417E-01 4.9450E-04  ( 0.327    ,  1.302E-03,   0.00    ) |  4.945E-04 2.713E-03
    1339 7.2467E-01 4.9449E-04  ( 0.327    ,  1.302E-03,   0.00    ) |  4.945E-04 2.713E-03
 *** Wrote plotfile to flash_run_hdf5_plt_cnt_0029 ****
    1340 7.2516E-01 4.9447E-04  ( 0.327    , -1.302E-03,   0.00    ) |  4.945E-04 2.713E-03
    1341 7.2565E-01 4.9446E-04  ( 0.327    ,  1.302E-03,   0.00    ) |  4.945E-04 2.713E-03
    1342 7.2615E-01 4.9445E-04  ( 0.327    ,  1.302E-03,   0.00    ) |  4.944E-04 2.713E-03
    1343 7.2664E-01 4.9443E-04  ( 0.327    ,  1.302E-03,   0.00    ) |  4.944E-04 2.713E-03
    1344 7.2714E-01 4.9442E-04  ( 0.327    ,  1.302E-03,   0.00    ) |  4.944E-04 2.713E-03
    1345 7.2763E-01 4.9441E-04  ( 0.327    ,  1.302E-03,   0.00    ) |  4.944E-04 2.713E-03
    1346 7.2813E-01 4.9440E-04  ( 0.327    ,  1.302E-03,   0.00    ) |  4.944E-04 2.713E-03
    1347 7.2862E-01 4.9438E-04  ( 0.327    ,  1.302E-03,   0.00    ) |  4.944E-04 2.713E-03
    1348 7.2912E-01 4.9437E-04  ( 0.327    , -1.302E-03,   0.00    ) |  4.944E-04 2.713E-03
    1349 7.2961E-01 4.9436E-04  ( 0.327    ,  1.302E-03,   0.00    ) |  4.944E-04 2.713E-03
    1350 7.3010E-01 4.9435E-04  (-0.327    , -1.302E-03,   0.00    ) |  4.943E-04 2.713E-03
    1351 7.3060E-01 4.9434E-04  (-0.327    , -1.302E-03,   0.00    ) |  4.943E-04 2.713E-03
    1352 7.3109E-01 4.9432E-04  (-0.327    , -1.302E-03,   0.00    ) |  4.943E-04 2.713E-03
    1353 7.3159E-01 4.9431E-04  (-0.327    , -1.302E-03,   0.00    ) |  4.943E-04 2.713E-03
    1354 7.3208E-01 4.9430E-04  (-0.327    , -1.302E-03,   0.00    ) |  4.943E-04 2.713E-03
    1355 7.3258E-01 4.9429E-04  (-0.327    , -1.302E-03,   0.00    ) |  4.943E-04 2.713E-03
    1356 7.3307E-01 4.9428E-04  (-0.327    , -1.302E-03,   0.00    ) |  4.943E-04 2.713E-03
    1357 7.3356E-01 4.9427E-04  (-0.327    , -1.302E-03,   0.00    ) |  4.943E-04 2.713E-03
    1358 7.3406E-01 4.9426E-04  (-0.327    ,  1.302E-03,   0.00    ) |  4.943E-04 2.713E-03
    1359 7.3455E-01 4.9425E-04  (-0.327    ,  1.302E-03,   0.00    ) |  4.942E-04 2.713E-03
    1360 7.3505E-01 4.9424E-04  (-0.327    , -1.302E-03,   0.00    ) |  4.942E-04 2.713E-03
    1361 7.3554E-01 4.9423E-04  (-0.327    , -1.302E-03,   0.00    ) |  4.942E-04 2.713E-03
    1362 7.3604E-01 4.9422E-04  (-0.327    , -1.302E-03,   0.00    ) |  4.942E-04 2.713E-03
    1363 7.3653E-01 4.9421E-04  (-0.327    ,  1.302E-03,   0.00    ) |  4.942E-04 2.713E-03
    1364 7.3702E-01 4.9420E-04  (-0.327    ,  1.302E-03,   0.00    ) |  4.942E-04 2.713E-03
    1365 7.3752E-01 4.9419E-04  (-0.327    ,  1.302E-03,   0.00    ) |  4.942E-04 2.713E-03
    1366 7.3801E-01 4.9418E-04  (-0.327    , -1.302E-03,   0.00    ) |  4.942E-04 2.713E-03
    1367 7.3851E-01 4.9417E-04  (-0.327    , -1.302E-03,   0.00    ) |  4.942E-04 2.713E-03
    1368 7.3900E-01 4.9416E-04  (-0.327    , -1.302E-03,   0.00    ) |  4.942E-04 2.713E-03
    1369 7.3950E-01 4.9415E-04  (-0.327    , -1.302E-03,   0.00    ) |  4.941E-04 2.713E-03
    1370 7.3999E-01 4.9414E-04  ( 0.327    ,  1.302E-03,   0.00    ) |  4.941E-04 2.713E-03
    1371 7.4048E-01 4.9413E-04  ( 0.327    ,  1.302E-03,   0.00    ) |  4.941E-04 2.713E-03
    1372 7.4098E-01 4.9412E-04  ( 0.327    ,  1.302E-03,   0.00    ) |  4.941E-04 2.713E-03
    1373 7.4147E-01 4.9411E-04  ( 0.327    ,  1.302E-03,   0.00    ) |  4.941E-04 2.713E-03
    1374 7.4197E-01 4.9410E-04  ( 0.327    ,  1.302E-03,   0.00    ) |  4.941E-04 2.713E-03
    1375 7.4246E-01 4.9409E-04  ( 0.327    ,  1.302E-03,   0.00    ) |  4.941E-04 2.713E-03
    1376 7.4295E-01 4.9408E-04  ( 0.327    ,  1.302E-03,   0.00    ) |  4.941E-04 2.713E-03
    1377 7.4345E-01 4.9408E-04  ( 0.327    ,  1.302E-03,   0.00    ) |  4.941E-04 2.713E-03
    1378 7.4394E-01 4.9407E-04  ( 0.327    ,  1.302E-03,   0.00    ) |  4.941E-04 2.713E-03
    1379 7.4444E-01 4.9406E-04  ( 0.327    ,  1.302E-03,   0.00    ) |  4.941E-04 2.713E-03
    1380 7.4493E-01 4.9405E-04  ( 0.327    , -1.302E-03,   0.00    ) |  4.941E-04 2.713E-03
    1381 7.4542E-01 4.9404E-04  ( 0.327    ,  1.302E-03,   0.00    ) |  4.940E-04 2.713E-03
    1382 7.4592E-01 4.9403E-04  ( 0.327    ,  1.302E-03,   0.00    ) |  4.940E-04 2.713E-03
    1383 7.4641E-01 4.9403E-04  ( 0.327    ,  1.302E-03,   0.00    ) |  4.940E-04 2.713E-03
    1384 7.4691E-01 4.9402E-04  ( 0.327    ,  1.302E-03,   0.00    ) |  4.940E-04 2.713E-03
    1385 7.4740E-01 4.9401E-04  ( 0.327    ,  1.302E-03,   0.00    ) |  4.940E-04 2.713E-03
    1386 7.4789E-01 4.9400E-04  ( 0.327    ,  1.302E-03,   0.00    ) |  4.940E-04 2.713E-03
    1387 7.4839E-01 4.9399E-04  ( 0.327    ,  1.302E-03,   0.00    ) |  4.940E-04 2.713E-03
    1388 7.4888E-01 4.9399E-04  ( 0.327    ,  1.302E-03,   0.00    ) |  4.940E-04 2.713E-03
    1389 7.4938E-01 4.9398E-04  ( 0.327    ,  1.302E-03,   0.00    ) |  4.940E-04 2.713E-03
    1390 7.4987E-01 4.9397E-04  ( 0.324    , -1.302E-03,   0.00    ) |  4.940E-04 2.713E-03
 *** Wrote plotfile to flash_run_hdf5_plt_cnt_0030 ****
    1391 7.5036E-01 4.9396E-04  ( 0.324    ,  1.302E-03,   0.00    ) |  4.940E-04 2.713E-03
    1392 7.5086E-01 4.9395E-04  ( 0.324    ,  1.302E-03,   0.00    ) |  4.940E-04 2.713E-03
    1393 7.5135E-01 4.9395E-04  ( 0.324    , -1.302E-03,   0.00    ) |  4.939E-04 2.713E-03
    1394 7.5185E-01 4.9394E-04  ( 0.324    , -1.302E-03,   0.00    ) |  4.939E-04 2.713E-03
    1395 7.5234E-01 4.9393E-04  ( 0.324    , -1.302E-03,   0.00    ) |  4.939E-04 2.713E-03
    1396 7.5283E-01 4.9392E-04  ( 0.324    , -1.302E-03,   0.00    ) |  4.939E-04 2.713E-03
    1397 7.5333E-01 4.9391E-04  ( 0.324    , -1.302E-03,   0.00    ) |  4.939E-04 2.713E-03
    1398 7.5382E-01 4.9391E-04  ( 0.324    , -1.302E-03,   0.00    ) |  4.939E-04 2.713E-03
    1399 7.5432E-01 4.9390E-04  ( 0.324    , -1.302E-03,   0.00    ) |  4.939E-04 2.713E-03
    1400 7.5481E-01 4.9389E-04  ( 0.324    ,  1.302E-03,   0.00    ) |  4.939E-04 2.713E-03
    1401 7.5530E-01 4.9388E-04  ( 0.324    , -1.302E-03,   0.00    ) |  4.939E-04 2.713E-03
    1402 7.5580E-01 4.9388E-04  ( 0.324    ,  1.302E-03,   0.00    ) |  4.939E-04 2.713E-03
    1403 7.5629E-01 4.9387E-04  ( 0.324    ,  1.302E-03,   0.00    ) |  4.939E-04 2.713E-03
    1404 7.5679E-01 4.9386E-04  ( 0.324    ,  1.302E-03,   0.00    ) |  4.939E-04 2.713E-03
    1405 7.5728E-01 4.9385E-04  ( 0.324    ,  1.302E-03,   0.00    ) |  4.939E-04 2.713E-03
    1406 7.5777E-01 4.9385E-04  ( 0.324    ,  1.302E-03,   0.00    ) |  4.938E-04 2.713E-03
    1407 7.5827E-01 4.9384E-04  ( 0.324    ,  1.302E-03,   0.00    ) |  4.938E-04 2.713E-03
    1408 7.5876E-01 4.9383E-04  ( 0.324    ,  1.302E-03,   0.00    ) |  4.938E-04 2.713E-03
    1409 7.5925E-01 4.9382E-04  ( 0.324    ,  1.302E-03,   0.00    ) |  4.938E-04 2.713E-03
    1410 7.5975E-01 4.9382E-04  ( 0.324    ,  1.302E-03,   0.00    ) |  4.938E-04 2.713E-03
    1411 7.6024E-01 4.9381E-04  ( 0.324    ,  1.302E-03,   0.00    ) |  4.938E-04 2.713E-03
    1412 7.6074E-01 4.9380E-04  ( 0.324    , -1.302E-03,   0.00    ) |  4.938E-04 2.713E-03
    1413 7.6123E-01 4.9379E-04  ( 0.324    , -1.302E-03,   0.00    ) |  4.938E-04 2.713E-03
    1414 7.6172E-01 4.9379E-04  ( 0.324    ,  1.302E-03,   0.00    ) |  4.938E-04 2.713E-03
    1415 7.6222E-01 4.9378E-04  ( 0.324    ,  1.302E-03,   0.00    ) |  4.938E-04 2.713E-03
    1416 7.6271E-01 4.9377E-04  ( 0.324    ,  1.302E-03,   0.00    ) |  4.938E-04 2.713E-03
    1417 7.6321E-01 4.9377E-04  ( 0.324    ,  1.302E-03,   0.00    ) |  4.938E-04 2.713E-03
    1418 7.6370E-01 4.9376E-04  ( 0.324    , -1.302E-03,   0.00    ) |  4.938E-04 2.713E-03
    1419 7.6419E-01 4.9375E-04  ( 0.324    ,  1.302E-03,   0.00    ) |  4.938E-04 2.713E-03
    1420 7.6469E-01 4.9374E-04  ( 0.324    ,  1.302E-03,   0.00    ) |  4.937E-04 2.713E-03
    1421 7.6518E-01 4.9374E-04  ( 0.324    ,  1.302E-03,   0.00    ) |  4.937E-04 2.713E-03
    1422 7.6567E-01 4.9373E-04  ( 0.324    ,  1.302E-03,   0.00    ) |  4.937E-04 2.713E-03
    1423 7.6617E-01 4.9372E-04  ( 0.324    ,  1.302E-03,   0.00    ) |  4.937E-04 2.713E-03
    1424 7.6666E-01 4.9372E-04  ( 0.324    ,  1.302E-03,   0.00    ) |  4.937E-04 2.713E-03
    1425 7.6716E-01 4.9371E-04  ( 0.324    ,  1.302E-03,   0.00    ) |  4.937E-04 2.713E-03
    1426 7.6765E-01 4.9370E-04  ( 0.324    , -1.302E-03,   0.00    ) |  4.937E-04 2.713E-03
    1427 7.6814E-01 4.9369E-04  ( 0.324    , -1.302E-03,   0.00    ) |  4.937E-04 2.713E-03
    1428 7.6864E-01 4.9369E-04  ( 0.324    , -1.302E-03,   0.00    ) |  4.937E-04 2.713E-03
    1429 7.6913E-01 4.9368E-04  ( 0.324    , -1.302E-03,   0.00    ) |  4.937E-04 2.713E-03
    1430 7.6962E-01 4.9367E-04  ( 0.324    , -1.302E-03,   0.00    ) |  4.937E-04 2.713E-03
    1431 7.7012E-01 4.9367E-04  ( 0.324    , -1.302E-03,   0.00    ) |  4.937E-04 2.713E-03
    1432 7.7061E-01 4.9366E-04  ( 0.324    , -1.302E-03,   0.00    ) |  4.937E-04 2.713E-03
    1433 7.7110E-01 4.9365E-04  ( 0.324    , -1.302E-03,   0.00    ) |  4.937E-04 2.713E-03
    1434 7.7160E-01 4.9365E-04  ( 0.324    , -1.302E-03,   0.00    ) |  4.936E-04 2.713E-03
    1435 7.7209E-01 4.9364E-04  ( 0.324    , -1.302E-03,   0.00    ) |  4.936E-04 2.713E-03
    1436 7.7259E-01 4.9363E-04  ( 0.324    , -1.302E-03,   0.00    ) |  4.936E-04 2.713E-03
    1437 7.7308E-01 4.9363E-04  ( 0.324    , -1.302E-03,   0.00    ) |  4.936E-04 2.713E-03
    1438 7.7357E-01 4.9362E-04  ( 0.324    , -1.302E-03,   0.00    ) |  4.936E-04 2.713E-03
    1439 7.7407E-01 4.9361E-04  ( 0.324    , -1.302E-03,   0.00    ) |  4.936E-04 2.713E-03
    1440 7.7456E-01 4.9361E-04  ( 0.324    , -1.302E-03,   0.00    ) |  4.936E-04 2.713E-03
 *** Wrote plotfile to flash_run_hdf5_plt_cnt_0031 ****
    1441 7.7505E-01 4.9360E-04  ( 0.324    , -1.302E-03,   0.00    ) |  4.936E-04 2.713E-03
    1442 7.7555E-01 4.9359E-04  ( 0.324    , -1.302E-03,   0.00    ) |  4.936E-04 2.713E-03
    1443 7.7604E-01 4.9359E-04  ( 0.324    , -1.302E-03,   0.00    ) |  4.936E-04 2.713E-03
    1444 7.7653E-01 4.9358E-04  ( 0.322    , -1.302E-03,   0.00    ) |  4.936E-04 2.713E-03
    1445 7.7703E-01 4.9357E-04  ( 0.322    , -1.302E-03,   0.00    ) |  4.936E-04 2.713E-03
    1446 7.7752E-01 4.9356E-04  ( 0.322    ,  1.302E-03,   0.00    ) |  4.936E-04 2.713E-03
    1447 7.7802E-01 4.9356E-04  ( 0.322    ,  1.302E-03,   0.00    ) |  4.936E-04 2.713E-03
    1448 7.7851E-01 4.9355E-04  ( 0.322    , -1.302E-03,   0.00    ) |  4.936E-04 2.713E-03
    1449 7.7900E-01 4.9354E-04  ( 0.322    , -1.302E-03,   0.00    ) |  4.935E-04 2.713E-03
    1450 7.7950E-01 4.9354E-04  ( 0.322    , -1.302E-03,   0.00    ) |  4.935E-04 2.713E-03
    1451 7.7999E-01 4.9353E-04  ( 0.322    , -1.302E-03,   0.00    ) |  4.935E-04 2.713E-03
    1452 7.8048E-01 4.9352E-04  ( 0.322    , -1.302E-03,   0.00    ) |  4.935E-04 2.713E-03
    1453 7.8098E-01 4.9352E-04  ( 0.322    , -1.302E-03,   0.00    ) |  4.935E-04 2.713E-03
    1454 7.8147E-01 4.9351E-04  ( 0.322    , -1.302E-03,   0.00    ) |  4.935E-04 2.713E-03
    1455 7.8196E-01 4.9350E-04  ( 0.322    , -1.302E-03,   0.00    ) |  4.935E-04 2.713E-03
    1456 7.8246E-01 4.9350E-04  ( 0.322    , -1.302E-03,   0.00    ) |  4.935E-04 2.713E-03
    1457 7.8295E-01 4.9349E-04  ( 0.322    , -1.302E-03,   0.00    ) |  4.935E-04 2.713E-03
    1458 7.8344E-01 4.9349E-04  ( 0.322    , -1.302E-03,   0.00    ) |  4.935E-04 2.713E-03
    1459 7.8394E-01 4.9348E-04  ( 0.322    , -1.302E-03,   0.00    ) |  4.935E-04 2.713E-03
    1460 7.8443E-01 4.9347E-04  ( 0.322    , -1.302E-03,   0.00    ) |  4.935E-04 2.713E-03
    1461 7.8492E-01 4.9347E-04  ( 0.322    , -1.302E-03,   0.00    ) |  4.935E-04 2.713E-03
    1462 7.8542E-01 4.9346E-04  ( 0.322    , -1.302E-03,   0.00    ) |  4.935E-04 2.713E-03
    1463 7.8591E-01 4.9345E-04  ( 0.322    , -1.302E-03,   0.00    ) |  4.935E-04 2.713E-03
    1464 7.8640E-01 4.9345E-04  ( 0.322    , -1.302E-03,   0.00    ) |  4.934E-04 2.713E-03
    1465 7.8690E-01 4.9344E-04  ( 0.322    , -1.302E-03,   0.00    ) |  4.934E-04 2.713E-03
    1466 7.8739E-01 4.9344E-04  ( 0.322    , -1.302E-03,   0.00    ) |  4.934E-04 2.713E-03
    1467 7.8788E-01 4.9343E-04  ( 0.322    , -1.302E-03,   0.00    ) |  4.934E-04 2.713E-03
    1468 7.8838E-01 4.9342E-04  ( 0.322    , -1.302E-03,   0.00    ) |  4.934E-04 2.713E-03
    1469 7.8887E-01 4.9342E-04  ( 0.322    , -1.302E-03,   0.00    ) |  4.934E-04 2.713E-03
    1470 7.8937E-01 4.9341E-04  ( 0.322    , -1.302E-03,   0.00    ) |  4.934E-04 2.713E-03
    1471 7.8986E-01 4.9341E-04  ( 0.322    , -1.302E-03,   0.00    ) |  4.934E-04 2.713E-03
    1472 7.9035E-01 4.9340E-04  ( 0.322    , -1.302E-03,   0.00    ) |  4.934E-04 2.713E-03
    1473 7.9085E-01 4.9339E-04  ( 0.322    , -1.302E-03,   0.00    ) |  4.934E-04 2.713E-03
    1474 7.9134E-01 4.9339E-04  ( 0.322    , -1.302E-03,   0.00    ) |  4.934E-04 2.713E-03
    1475 7.9183E-01 4.9338E-04  ( 0.322    , -1.302E-03,   0.00    ) |  4.934E-04 2.713E-03
    1476 7.9233E-01 4.9338E-04  ( 0.322    , -1.302E-03,   0.00    ) |  4.934E-04 2.713E-03
    1477 7.9282E-01 4.9337E-04  ( 0.322    , -1.302E-03,   0.00    ) |  4.934E-04 2.713E-03
    1478 7.9331E-01 4.9337E-04  ( 0.322    , -1.302E-03,   0.00    ) |  4.934E-04 2.713E-03
    1479 7.9381E-01 4.9336E-04  ( 0.322    , -1.302E-03,   0.00    ) |  4.934E-04 2.713E-03
    1480 7.9430E-01 4.9336E-04  ( 0.322    , -1.302E-03,   0.00    ) |  4.934E-04 2.713E-03
    1481 7.9479E-01 4.9335E-04  ( 0.322    , -1.302E-03,   0.00    ) |  4.934E-04 2.713E-03
    1482 7.9529E-01 4.9335E-04  ( 0.322    , -1.302E-03,   0.00    ) |  4.933E-04 2.713E-03
    1483 7.9578E-01 4.9334E-04  ( 0.322    , -1.302E-03,   0.00    ) |  4.933E-04 2.713E-03
    1484 7.9627E-01 4.9334E-04  ( 0.322    , -1.302E-03,   0.00    ) |  4.933E-04 2.713E-03
    1485 7.9677E-01 4.9333E-04  ( 0.322    , -1.302E-03,   0.00    ) |  4.933E-04 2.713E-03
    1486 7.9726E-01 4.9332E-04  ( 0.322    , -1.302E-03,   0.00    ) |  4.933E-04 2.713E-03
    1487 7.9775E-01 4.9332E-04  ( 0.322    , -1.302E-03,   0.00    ) |  4.933E-04 2.713E-03
    1488 7.9825E-01 4.9332E-04  ( 0.322    , -1.302E-03,   0.00    ) |  4.933E-04 2.713E-03
    1489 7.9874E-01 4.9331E-04  ( 0.322    , -1.302E-03,   0.00    ) |  4.933E-04 2.713E-03
    1490 7.9923E-01 4.9331E-04  (-0.322    ,  1.302E-03,   0.00    ) |  4.933E-04 2.713E-03
    1491 7.9973E-01 4.9330E-04  (-0.322    ,  1.302E-03,   0.00    ) |  4.933E-04 2.713E-03
 *** Wrote plotfile to flash_run_hdf5_plt_cnt_0032 ****
    1492 8.0022E-01 4.9330E-04  (-0.322    ,  1.302E-03,   0.00    ) |  4.933E-04 2.713E-03
    1493 8.0071E-01 4.9329E-04  (-0.322    ,  1.302E-03,   0.00    ) |  4.933E-04 2.713E-03
    1494 8.0121E-01 4.9329E-04  (-0.322    ,  1.302E-03,   0.00    ) |  4.933E-04 2.713E-03
    1495 8.0170E-01 4.9328E-04  (-0.322    ,  1.302E-03,   0.00    ) |  4.933E-04 2.713E-03
    1496 8.0219E-01 4.9328E-04  (-0.322    ,  1.302E-03,   0.00    ) |  4.933E-04 2.713E-03
    1497 8.0269E-01 4.9327E-04  (-0.322    ,  1.302E-03,   0.00    ) |  4.933E-04 2.713E-03
    1498 8.0318E-01 4.9327E-04  (-0.322    ,  1.302E-03,   0.00    ) |  4.933E-04 2.713E-03
    1499 8.0367E-01 4.9326E-04  (-0.322    ,  1.302E-03,   0.00    ) |  4.933E-04 2.713E-03
    1500 8.0417E-01 4.9326E-04  (-0.322    ,  1.302E-03,   0.00    ) |  4.933E-04 2.713E-03
    1501 8.0466E-01 4.9326E-04  ( 0.322    , -1.302E-03,   0.00    ) |  4.933E-04 2.713E-03
    1502 8.0515E-01 4.9325E-04  ( 0.322    , -1.302E-03,   0.00    ) |  4.933E-04 2.713E-03
    1503 8.0565E-01 4.9325E-04  ( 0.322    , -1.302E-03,   0.00    ) |  4.932E-04 2.713E-03
    1504 8.0614E-01 4.9324E-04  ( 0.322    , -1.302E-03,   0.00    ) |  4.932E-04 2.713E-03
    1505 8.0663E-01 4.9324E-04  ( 0.322    , -1.302E-03,   0.00    ) |  4.932E-04 2.713E-03
    1506 8.0712E-01 4.9323E-04  (-0.322    ,  1.302E-03,   0.00    ) |  4.932E-04 2.713E-03
    1507 8.0762E-01 4.9323E-04  (-0.322    ,  1.302E-03,   0.00    ) |  4.932E-04 2.713E-03
    1508 8.0811E-01 4.9323E-04  (-0.322    ,  1.302E-03,   0.00    ) |  4.932E-04 2.713E-03
    1509 8.0860E-01 4.9322E-04  (-0.319    ,  1.302E-03,   0.00    ) |  4.932E-04 2.713E-03
    1510 8.0910E-01 4.9322E-04  (-0.319    ,  1.302E-03,   0.00    ) |  4.932E-04 2.713E-03
    1511 8.0959E-01 4.9322E-04  ( 0.319    , -1.302E-03,   0.00    ) |  4.932E-04 2.713E-03
    1512 8.1008E-01 4.9321E-04  ( 0.319    , -1.302E-03,   0.00    ) |  4.932E-04 2.713E-03
    1513 8.1058E-01 4.9321E-04  (-0.319    ,  1.302E-03,   0.00    ) |  4.932E-04 2.713E-03
    1514 8.1107E-01 4.9320E-04  (-0.319    ,  1.302E-03,   0.00    ) |  4.932E-04 2.713E-03
    1515 8.1156E-01 4.9320E-04  (-0.319    ,  1.302E-03,   0.00    ) |  4.932E-04 2.713E-03
    1516 8.1206E-01 4.9320E-04  (-0.319    ,  1.302E-03,   0.00    ) |  4.932E-04 2.713E-03
    1517 8.1255E-01 4.9319E-04  ( 0.319    , -1.302E-03,   0.00    ) |  4.932E-04 2.713E-03
    1518 8.1304E-01 4.9319E-04  ( 0.319    , -1.302E-03,   0.00    ) |  4.932E-04 2.713E-03
    1519 8.1354E-01 4.9318E-04  (-0.319    ,  1.302E-03,   0.00    ) |  4.932E-04 2.713E-03
    1520 8.1403E-01 4.9318E-04  (-0.319    ,  1.302E-03,   0.00    ) |  4.932E-04 2.713E-03
    1521 8.1452E-01 4.9318E-04  (-0.319    ,  1.302E-03,   0.00    ) |  4.932E-04 2.713E-03
    1522 8.1502E-01 4.9317E-04  (-0.319    ,  1.302E-03,   0.00    ) |  4.932E-04 2.713E-03
    1523 8.1551E-01 4.9317E-04  (-0.319    ,  1.302E-03,   0.00    ) |  4.932E-04 2.713E-03
    1524 8.1600E-01 4.9317E-04  (-0.319    ,  1.302E-03,   0.00    ) |  4.932E-04 2.713E-03
    1525 8.1650E-01 4.9316E-04  (-0.319    ,  1.302E-03,   0.00    ) |  4.932E-04 2.713E-03
    1526 8.1699E-01 4.9316E-04  (-0.319    ,  1.302E-03,   0.00    ) |  4.932E-04 2.713E-03
    1527 8.1748E-01 4.9316E-04  ( 0.319    , -1.302E-03,   0.00    ) |  4.932E-04 2.713E-03
    1528 8.1798E-01 4.9316E-04  ( 0.319    , -1.302E-03,   0.00    ) |  4.932E-04 2.713E-03
    1529 8.1847E-01 4.9315E-04  ( 0.319    , -1.302E-03,   0.00    ) |  4.932E-04 2.713E-03
    1530 8.1896E-01 4.9315E-04  ( 0.319    , -1.302E-03,   0.00    ) |  4.931E-04 2.713E-03
    1531 8.1945E-01 4.9315E-04  ( 0.319    , -1.302E-03,   0.00    ) |  4.931E-04 2.713E-03
    1532 8.1995E-01 4.9314E-04  ( 0.319    , -1.302E-03,   0.00    ) |  4.931E-04 2.713E-03
    1533 8.2044E-01 4.9314E-04  ( 0.319    , -1.302E-03,   0.00    ) |  4.931E-04 2.713E-03
    1534 8.2093E-01 4.9314E-04  ( 0.319    , -1.302E-03,   0.00    ) |  4.931E-04 2.713E-03
    1535 8.2143E-01 4.9314E-04  ( 0.319    , -1.302E-03,   0.00    ) |  4.931E-04 2.713E-03
    1536 8.2192E-01 4.9313E-04  ( 0.319    , -1.302E-03,   0.00    ) |  4.931E-04 2.713E-03
    1537 8.2241E-01 4.9313E-04  ( 0.319    , -1.302E-03,   0.00    ) |  4.931E-04 2.713E-03
    1538 8.2291E-01 4.9313E-04  ( 0.319    , -1.302E-03,   0.00    ) |  4.931E-04 2.713E-03
    1539 8.2340E-01 4.9312E-04  ( 0.319    , -1.302E-03,   0.00    ) |  4.931E-04 2.713E-03
    1540 8.2389E-01 4.9312E-04  ( 0.319    , -1.302E-03,   0.00    ) |  4.931E-04 2.713E-03
    1541 8.2439E-01 4.9312E-04  ( 0.319    , -1.302E-03,   0.00    ) |  4.931E-04 2.713E-03
    1542 8.2488E-01 4.9312E-04  ( 0.319    , -1.302E-03,   0.00    ) |  4.931E-04 2.713E-03
 *** Wrote plotfile to flash_run_hdf5_plt_cnt_0033 ****
    1543 8.2537E-01 4.9312E-04  ( 0.319    , -1.302E-03,   0.00    ) |  4.931E-04 2.713E-03
    1544 8.2587E-01 4.9311E-04  ( 0.319    , -1.302E-03,   0.00    ) |  4.931E-04 2.713E-03
    1545 8.2636E-01 4.9311E-04  ( 0.319    , -1.302E-03,   0.00    ) |  4.931E-04 2.713E-03
    1546 8.2685E-01 4.9311E-04  ( 0.319    , -1.302E-03,   0.00    ) |  4.931E-04 2.713E-03
    1547 8.2734E-01 4.9311E-04  ( 0.319    , -1.302E-03,   0.00    ) |  4.931E-04 2.713E-03
    1548 8.2784E-01 4.9311E-04  ( 0.319    , -1.302E-03,   0.00    ) |  4.931E-04 2.713E-03
    1549 8.2833E-01 4.9310E-04  ( 0.319    , -1.302E-03,   0.00    ) |  4.931E-04 2.713E-03
    1550 8.2882E-01 4.9310E-04  ( 0.319    , -1.302E-03,   0.00    ) |  4.931E-04 2.713E-03
    1551 8.2932E-01 4.9310E-04  ( 0.319    , -1.302E-03,   0.00    ) |  4.931E-04 2.713E-03
    1552 8.2981E-01 4.9310E-04  ( 0.319    , -1.302E-03,   0.00    ) |  4.931E-04 2.713E-03
    1553 8.3030E-01 4.9310E-04  ( 0.319    , -1.302E-03,   0.00    ) |  4.931E-04 2.713E-03
    1554 8.3080E-01 4.9310E-04  ( 0.319    , -1.302E-03,   0.00    ) |  4.931E-04 2.713E-03
    1555 8.3129E-01 4.9309E-04  ( 0.319    , -1.302E-03,   0.00    ) |  4.931E-04 2.713E-03
    1556 8.3178E-01 4.9309E-04  ( 0.319    , -1.302E-03,   0.00    ) |  4.931E-04 2.713E-03
    1557 8.3228E-01 4.9309E-04  ( 0.319    , -1.302E-03,   0.00    ) |  4.931E-04 2.713E-03
    1558 8.3277E-01 4.9309E-04  ( 0.319    , -1.302E-03,   0.00    ) |  4.931E-04 2.713E-03
    1559 8.3326E-01 4.9309E-04  ( 0.319    , -1.302E-03,   0.00    ) |  4.931E-04 2.713E-03
    1560 8.3375E-01 4.9309E-04  ( 0.319    , -1.302E-03,   0.00    ) |  4.931E-04 2.713E-03
    1561 8.3425E-01 4.9309E-04  ( 0.319    , -1.302E-03,   0.00    ) |  4.931E-04 2.713E-03
    1562 8.3474E-01 4.9308E-04  ( 0.319    , -1.302E-03,   0.00    ) |  4.931E-04 2.713E-03
    1563 8.3523E-01 4.9308E-04  ( 0.319    , -1.302E-03,   0.00    ) |  4.931E-04 2.713E-03
    1564 8.3573E-01 4.9308E-04  ( 0.319    , -1.302E-03,   0.00    ) |  4.931E-04 2.713E-03
    1565 8.3622E-01 4.9308E-04  ( 0.319    , -1.302E-03,   0.00    ) |  4.931E-04 2.713E-03
    1566 8.3671E-01 4.9308E-04  ( 0.319    , -1.302E-03,   0.00    ) |  4.931E-04 2.713E-03
    1567 8.3721E-01 4.9308E-04  ( 0.319    , -1.302E-03,   0.00    ) |  4.931E-04 2.713E-03
    1568 8.3770E-01 4.9308E-04  ( 0.319    , -1.302E-03,   0.00    ) |  4.931E-04 2.713E-03
    1569 8.3819E-01 4.9308E-04  ( 0.319    , -1.302E-03,   0.00    ) |  4.931E-04 2.713E-03
    1570 8.3869E-01 4.9308E-04  ( 0.319    , -1.302E-03,   0.00    ) |  4.931E-04 2.713E-03
    1571 8.3918E-01 4.9308E-04  ( 0.319    , -1.302E-03,   0.00    ) |  4.931E-04 2.713E-03
    1572 8.3967E-01 4.9308E-04  ( 0.319    , -1.302E-03,   0.00    ) |  4.931E-04 2.713E-03
    1573 8.4016E-01 4.9308E-04  ( 0.319    , -1.302E-03,   0.00    ) |  4.931E-04 2.713E-03
    1574 8.4066E-01 4.9308E-04  ( 0.319    , -1.302E-03,   0.00    ) |  4.931E-04 2.713E-03
    1575 8.4115E-01 4.9308E-04  ( 0.319    , -1.302E-03,   0.00    ) |  4.931E-04 2.713E-03
    1576 8.4164E-01 4.9308E-04  ( 0.319    , -1.302E-03,   0.00    ) |  4.931E-04 2.713E-03
    1577 8.4214E-01 4.9308E-04  ( 0.319    , -1.302E-03,   0.00    ) |  4.931E-04 2.713E-03
    1578 8.4263E-01 4.9308E-04  ( 0.319    , -1.302E-03,   0.00    ) |  4.931E-04 2.713E-03
    1579 8.4312E-01 4.9308E-04  ( 0.319    , -1.302E-03,   0.00    ) |  4.931E-04 2.713E-03
    1580 8.4362E-01 4.9308E-04  ( 0.319    , -1.302E-03,   0.00    ) |  4.931E-04 2.713E-03
    1581 8.4411E-01 4.9308E-04  ( 0.319    , -1.302E-03,   0.00    ) |  4.931E-04 2.713E-03
    1582 8.4460E-01 4.9308E-04  ( 0.319    , -1.302E-03,   0.00    ) |  4.931E-04 2.713E-03
    1583 8.4510E-01 4.9308E-04  ( 0.319    , -1.302E-03,   0.00    ) |  4.931E-04 2.713E-03
    1584 8.4559E-01 4.9308E-04  ( 0.319    , -1.302E-03,   0.00    ) |  4.931E-04 2.713E-03
    1585 8.4608E-01 4.9308E-04  ( 0.319    , -1.302E-03,   0.00    ) |  4.931E-04 2.713E-03
    1586 8.4657E-01 4.9308E-04  ( 0.319    , -1.302E-03,   0.00    ) |  4.931E-04 2.713E-03
    1587 8.4707E-01 4.9308E-04  ( 0.319    , -1.302E-03,   0.00    ) |  4.931E-04 2.713E-03
    1588 8.4756E-01 4.9308E-04  ( 0.319    , -1.302E-03,   0.00    ) |  4.931E-04 2.713E-03
    1589 8.4805E-01 4.9308E-04  ( 0.319    , -1.302E-03,   0.00    ) |  4.931E-04 2.713E-03
    1590 8.4855E-01 4.9308E-04  ( 0.319    , -1.302E-03,   0.00    ) |  4.931E-04 2.713E-03
    1591 8.4904E-01 4.9308E-04  ( 0.316    , -1.302E-03,   0.00    ) |  4.931E-04 2.713E-03
    1592 8.4953E-01 4.9308E-04  ( 0.316    , -1.302E-03,   0.00    ) |  4.931E-04 2.713E-03
 *** Wrote plotfile to flash_run_hdf5_plt_cnt_0034 ****
    1593 8.5003E-01 4.9308E-04  ( 0.316    , -1.302E-03,   0.00    ) |  4.931E-04 2.713E-03
    1594 8.5052E-01 4.9308E-04  ( 0.316    , -1.302E-03,   0.00    ) |  4.931E-04 2.713E-03
    1595 8.5101E-01 4.9308E-04  ( 0.316    , -1.302E-03,   0.00    ) |  4.931E-04 2.713E-03
    1596 8.5151E-01 4.9308E-04  ( 0.316    , -1.302E-03,   0.00    ) |  4.931E-04 2.713E-03
    1597 8.5200E-01 4.9309E-04  ( 0.316    , -1.302E-03,   0.00    ) |  4.931E-04 2.713E-03
    1598 8.5249E-01 4.9309E-04  ( 0.316    , -1.302E-03,   0.00    ) |  4.931E-04 2.713E-03
    1599 8.5298E-01 4.9309E-04  ( 0.316    , -1.302E-03,   0.00    ) |  4.931E-04 2.713E-03
    1600 8.5348E-01 4.9309E-04  ( 0.316    , -1.302E-03,   0.00    ) |  4.931E-04 2.713E-03
    1601 8.5397E-01 4.9309E-04  ( 0.316    , -1.302E-03,   0.00    ) |  4.931E-04 2.713E-03
    1602 8.5446E-01 4.9309E-04  ( 0.316    , -1.302E-03,   0.00    ) |  4.931E-04 2.713E-03
    1603 8.5496E-01 4.9309E-04  ( 0.316    ,  1.302E-03,   0.00    ) |  4.931E-04 2.713E-03
    1604 8.5545E-01 4.9309E-04  ( 0.316    ,  1.302E-03,   0.00    ) |  4.931E-04 2.713E-03
    1605 8.5594E-01 4.9310E-04  ( 0.316    ,  1.302E-03,   0.00    ) |  4.931E-04 2.713E-03
    1606 8.5644E-01 4.9310E-04  (-0.316    , -1.302E-03,   0.00    ) |  4.931E-04 2.713E-03
    1607 8.5693E-01 4.9310E-04  (-0.316    , -1.302E-03,   0.00    ) |  4.931E-04 2.713E-03
    1608 8.5742E-01 4.9310E-04  ( 0.316    ,  1.302E-03,   0.00    ) |  4.931E-04 2.713E-03
    1609 8.5792E-01 4.9310E-04  ( 0.316    ,  1.302E-03,   0.00    ) |  4.931E-04 2.713E-03
    1610 8.5841E-01 4.9310E-04  (-0.316    , -1.302E-03,   0.00    ) |  4.931E-04 2.713E-03
    1611 8.5890E-01 4.9311E-04  (-0.316    , -1.302E-03,   0.00    ) |  4.931E-04 2.713E-03
    1612 8.5940E-01 4.9311E-04  (-0.316    , -1.302E-03,   0.00    ) |  4.931E-04 2.713E-03
    1613 8.5989E-01 4.9311E-04  ( 0.316    , -1.302E-03,   0.00    ) |  4.931E-04 2.713E-03
    1614 8.6038E-01 4.9311E-04  (-0.316    , -1.302E-03,   0.00    ) |  4.931E-04 2.713E-03
    1615 8.6087E-01 4.9311E-04  ( 0.316    , -1.302E-03,   0.00    ) |  4.931E-04 2.713E-03
    1616 8.6137E-01 4.9312E-04  ( 0.316    , -1.302E-03,   0.00    ) |  4.931E-04 2.713E-03
    1617 8.6186E-01 4.9312E-04  ( 0.316    , -1.302E-03,   0.00    ) |  4.931E-04 2.713E-03
    1618 8.6235E-01 4.9312E-04  ( 0.316    , -1.302E-03,   0.00    ) |  4.931E-04 2.713E-03
    1619 8.6285E-01 4.9312E-04  ( 0.316    ,  1.302E-03,   0.00    ) |  4.931E-04 2.713E-03
    1620 8.6334E-01 4.9313E-04  ( 0.316    , -1.302E-03,   0.00    ) |  4.931E-04 2.713E-03
    1621 8.6383E-01 4.9313E-04  ( 0.316    , -1.302E-03,   0.00    ) |  4.931E-04 2.713E-03
    1622 8.6433E-01 4.9313E-04  ( 0.316    , -1.302E-03,   0.00    ) |  4.931E-04 2.713E-03
    1623 8.6482E-01 4.9313E-04  ( 0.316    , -1.302E-03,   0.00    ) |  4.931E-04 2.713E-03
    1624 8.6531E-01 4.9314E-04  ( 0.316    , -1.302E-03,   0.00    ) |  4.931E-04 2.713E-03
    1625 8.6581E-01 4.9314E-04  ( 0.316    , -1.302E-03,   0.00    ) |  4.931E-04 2.713E-03
    1626 8.6630E-01 4.9314E-04  ( 0.316    ,  1.302E-03,   0.00    ) |  4.931E-04 2.713E-03
    1627 8.6679E-01 4.9315E-04  ( 0.316    ,  1.302E-03,   0.00    ) |  4.931E-04 2.713E-03
    1628 8.6729E-01 4.9315E-04  ( 0.316    ,  1.302E-03,   0.00    ) |  4.931E-04 2.713E-03
    1629 8.6778E-01 4.9315E-04  ( 0.316    , -1.302E-03,   0.00    ) |  4.932E-04 2.713E-03
    1630 8.6827E-01 4.9315E-04  ( 0.316    ,  1.302E-03,   0.00    ) |  4.932E-04 2.713E-03
    1631 8.6876E-01 4.9316E-04  ( 0.316    ,  1.302E-03,   0.00    ) |  4.932E-04 2.713E-03
    1632 8.6926E-01 4.9316E-04  ( 0.316    ,  1.302E-03,   0.00    ) |  4.932E-04 2.713E-03
    1633 8.6975E-01 4.9316E-04  ( 0.316    ,  1.302E-03,   0.00    ) |  4.932E-04 2.713E-03
    1634 8.7024E-01 4.9317E-04  ( 0.316    ,  1.302E-03,   0.00    ) |  4.932E-04 2.713E-03
    1635 8.7074E-01 4.9317E-04  ( 0.316    ,  1.302E-03,   0.00    ) |  4.932E-04 2.713E-03
    1636 8.7123E-01 4.9317E-04  ( 0.316    ,  1.302E-03,   0.00    ) |  4.932E-04 2.713E-03
    1637 8.7172E-01 4.9318E-04  ( 0.316    ,  1.302E-03,   0.00    ) |  4.932E-04 2.713E-03
    1638 8.7222E-01 4.9318E-04  ( 0.316    ,  1.302E-03,   0.00    ) |  4.932E-04 2.713E-03
    1639 8.7271E-01 4.9318E-04  ( 0.316    ,  1.302E-03,   0.00    ) |  4.932E-04 2.713E-03
    1640 8.7320E-01 4.9319E-04  ( 0.316    ,  1.302E-03,   0.00    ) |  4.932E-04 2.713E-03
    1641 8.7370E-01 4.9319E-04  ( 0.316    ,  1.302E-03,   0.00    ) |  4.932E-04 2.713E-03
    1642 8.7419E-01 4.9320E-04  ( 0.316    ,  1.302E-03,   0.00    ) |  4.932E-04 2.713E-03
    1643 8.7468E-01 4.9320E-04  ( 0.316    ,  1.302E-03,   0.00    ) |  4.932E-04 2.713E-03
 *** Wrote plotfile to flash_run_hdf5_plt_cnt_0035 ****
    1644 8.7518E-01 4.9320E-04  ( 0.316    ,  1.302E-03,   0.00    ) |  4.932E-04 2.713E-03
    1645 8.7567E-01 4.9321E-04  ( 0.316    ,  1.302E-03,   0.00    ) |  4.932E-04 2.713E-03
    1646 8.7616E-01 4.9321E-04  ( 0.316    ,  1.302E-03,   0.00    ) |  4.932E-04 2.713E-03
    1647 8.7666E-01 4.9322E-04  ( 0.316    ,  1.302E-03,   0.00    ) |  4.932E-04 2.713E-03
    1648 8.7715E-01 4.9322E-04  ( 0.316    ,  1.302E-03,   0.00    ) |  4.932E-04 2.713E-03
    1649 8.7764E-01 4.9322E-04  ( 0.316    ,  1.302E-03,   0.00    ) |  4.932E-04 2.713E-03
    1650 8.7814E-01 4.9323E-04  ( 0.316    ,  1.302E-03,   0.00    ) |  4.932E-04 2.713E-03
    1651 8.7863E-01 4.9323E-04  ( 0.316    ,  1.302E-03,   0.00    ) |  4.932E-04 2.713E-03
    1652 8.7912E-01 4.9324E-04  ( 0.316    ,  1.302E-03,   0.00    ) |  4.932E-04 2.713E-03
    1653 8.7961E-01 4.9324E-04  ( 0.316    ,  1.302E-03,   0.00    ) |  4.932E-04 2.713E-03
    1654 8.8011E-01 4.9324E-04  ( 0.316    ,  1.302E-03,   0.00    ) |  4.932E-04 2.713E-03
    1655 8.8060E-01 4.9325E-04  ( 0.316    ,  1.302E-03,   0.00    ) |  4.932E-04 2.713E-03
    1656 8.8109E-01 4.9325E-04  ( 0.316    ,  1.302E-03,   0.00    ) |  4.933E-04 2.713E-03
    1657 8.8159E-01 4.9326E-04  ( 0.316    ,  1.302E-03,   0.00    ) |  4.933E-04 2.713E-03
    1658 8.8208E-01 4.9326E-04  ( 0.316    ,  1.302E-03,   0.00    ) |  4.933E-04 2.713E-03
    1659 8.8257E-01 4.9327E-04  ( 0.316    ,  1.302E-03,   0.00    ) |  4.933E-04 2.713E-03
    1660 8.8307E-01 4.9327E-04  (-0.316    , -1.302E-03,   0.00    ) |  4.933E-04 2.713E-03
    1661 8.8356E-01 4.9328E-04  (-0.316    , -1.302E-03,   0.00    ) |  4.933E-04 2.713E-03
    1662 8.8405E-01 4.9328E-04  (-0.316    , -1.302E-03,   0.00    ) |  4.933E-04 2.713E-03
    1663 8.8455E-01 4.9328E-04  (-0.316    , -1.302E-03,   0.00    ) |  4.933E-04 2.713E-03
    1664 8.8504E-01 4.9329E-04  (-0.316    , -1.302E-03,   0.00    ) |  4.933E-04 2.713E-03
    1665 8.8553E-01 4.9329E-04  (-0.316    , -1.302E-03,   0.00    ) |  4.933E-04 2.713E-03
    1666 8.8603E-01 4.9330E-04  (-0.316    , -1.302E-03,   0.00    ) |  4.933E-04 2.713E-03
    1667 8.8652E-01 4.9330E-04  (-0.316    , -1.302E-03,   0.00    ) |  4.933E-04 2.713E-03
    1668 8.8701E-01 4.9331E-04  (-0.316    , -1.302E-03,   0.00    ) |  4.933E-04 2.713E-03
    1669 8.8751E-01 4.9331E-04  (-0.316    , -1.302E-03,   0.00    ) |  4.933E-04 2.713E-03
    1670 8.8800E-01 4.9332E-04  (-0.316    , -1.302E-03,   0.00    ) |  4.933E-04 2.713E-03
    1671 8.8849E-01 4.9332E-04  (-0.316    , -1.302E-03,   0.00    ) |  4.933E-04 2.713E-03
    1672 8.8899E-01 4.9332E-04  ( 0.316    ,  1.302E-03,   0.00    ) |  4.933E-04 2.713E-03
    1673 8.8948E-01 4.9333E-04  ( 0.316    ,  1.302E-03,   0.00    ) |  4.933E-04 2.713E-03
    1674 8.8997E-01 4.9333E-04  ( 0.316    ,  1.302E-03,   0.00    ) |  4.933E-04 2.713E-03
    1675 8.9047E-01 4.9334E-04  ( 0.316    ,  1.302E-03,   0.00    ) |  4.933E-04 2.713E-03
    1676 8.9096E-01 4.9334E-04  ( 0.316    ,  1.302E-03,   0.00    ) |  4.933E-04 2.713E-03
    1677 8.9145E-01 4.9335E-04  ( 0.316    ,  1.302E-03,   0.00    ) |  4.933E-04 2.713E-03
    1678 8.9195E-01 4.9335E-04  ( 0.316    ,  1.302E-03,   0.00    ) |  4.934E-04 2.713E-03
    1679 8.9244E-01 4.9336E-04  ( 0.316    ,  1.302E-03,   0.00    ) |  4.934E-04 2.713E-03
    1680 8.9293E-01 4.9336E-04  ( 0.316    ,  1.302E-03,   0.00    ) |  4.934E-04 2.713E-03
    1681 8.9343E-01 4.9337E-04  ( 0.316    ,  1.302E-03,   0.00    ) |  4.934E-04 2.713E-03
    1682 8.9392E-01 4.9337E-04  ( 0.316    ,  1.302E-03,   0.00    ) |  4.934E-04 2.713E-03
    1683 8.9441E-01 4.9337E-04  ( 0.316    , -1.302E-03,   0.00    ) |  4.934E-04 2.713E-03
    1684 8.9491E-01 4.9338E-04  ( 0.316    , -1.302E-03,   0.00    ) |  4.934E-04 2.713E-03
    1685 8.9540E-01 4.9338E-04  ( 0.316    , -1.302E-03,   0.00    ) |  4.934E-04 2.713E-03
    1686 8.9589E-01 4.9339E-04  ( 0.316    ,  1.302E-03,   0.00    ) |  4.934E-04 2.713E-03
    1687 8.9639E-01 4.9339E-04  ( 0.314    ,  1.302E-03,   0.00    ) |  4.934E-04 2.713E-03
    1688 8.9688E-01 4.9340E-04  ( 0.314    ,  1.302E-03,   0.00    ) |  4.934E-04 2.713E-03
    1689 8.9737E-01 4.9340E-04  ( 0.314    ,  1.302E-03,   0.00    ) |  4.934E-04 2.713E-03
    1690 8.9787E-01 4.9341E-04  ( 0.314    ,  1.302E-03,   0.00    ) |  4.934E-04 2.713E-03
    1691 8.9836E-01 4.9341E-04  ( 0.314    , -1.302E-03,   0.00    ) |  4.934E-04 2.713E-03
    1692 8.9885E-01 4.9341E-04  ( 0.314    ,  1.302E-03,   0.00    ) |  4.934E-04 2.713E-03
    1693 8.9935E-01 4.9342E-04  ( 0.314    ,  1.302E-03,   0.00    ) |  4.934E-04 2.713E-03
    1694 8.9984E-01 4.9342E-04  ( 0.314    ,  1.302E-03,   0.00    ) |  4.934E-04 2.713E-03
 *** Wrote plotfile to flash_run_hdf5_plt_cnt_0036 ****
    1695 9.0033E-01 4.9343E-04  ( 0.314    ,  1.302E-03,   0.00    ) |  4.934E-04 2.713E-03
    1696 9.0083E-01 4.9343E-04  ( 0.314    ,  1.302E-03,   0.00    ) |  4.934E-04 2.713E-03
    1697 9.0132E-01 4.9343E-04  ( 0.314    ,  1.302E-03,   0.00    ) |  4.934E-04 2.713E-03
    1698 9.0182E-01 4.9344E-04  ( 0.314    ,  1.302E-03,   0.00    ) |  4.934E-04 2.713E-03
    1699 9.0231E-01 4.9344E-04  ( 0.314    ,  1.302E-03,   0.00    ) |  4.934E-04 2.713E-03
    1700 9.0280E-01 4.9345E-04  ( 0.314    ,  1.302E-03,   0.00    ) |  4.934E-04 2.713E-03
    1701 9.0330E-01 4.9345E-04  ( 0.314    ,  1.302E-03,   0.00    ) |  4.935E-04 2.713E-03
    1702 9.0379E-01 4.9346E-04  ( 0.314    ,  1.302E-03,   0.00    ) |  4.935E-04 2.713E-03
    1703 9.0428E-01 4.9346E-04  ( 0.314    ,  1.302E-03,   0.00    ) |  4.935E-04 2.713E-03
    1704 9.0478E-01 4.9346E-04  (-0.314    , -1.302E-03,   0.00    ) |  4.935E-04 2.713E-03
    1705 9.0527E-01 4.9347E-04  (-0.314    , -1.302E-03,   0.00    ) |  4.935E-04 2.713E-03
    1706 9.0576E-01 4.9347E-04  (-0.314    , -1.302E-03,   0.00    ) |  4.935E-04 2.713E-03
    1707 9.0626E-01 4.9348E-04  ( 0.314    ,  1.302E-03,   0.00    ) |  4.935E-04 2.713E-03
    1708 9.0675E-01 4.9348E-04  ( 0.314    ,  1.302E-03,   0.00    ) |  4.935E-04 2.713E-03
    1709 9.0724E-01 4.9349E-04  ( 0.314    ,  1.302E-03,   0.00    ) |  4.935E-04 2.713E-03
    1710 9.0774E-01 4.9349E-04  ( 0.314    ,  1.302E-03,   0.00    ) |  4.935E-04 2.713E-03
    1711 9.0823E-01 4.9349E-04  ( 0.314    ,  1.302E-03,   0.00    ) |  4.935E-04 2.713E-03
    1712 9.0872E-01 4.9350E-04  ( 0.314    ,  1.302E-03,   0.00    ) |  4.935E-04 2.713E-03
    1713 9.0922E-01 4.9350E-04  ( 0.314    ,  1.302E-03,   0.00    ) |  4.935E-04 2.713E-03
    1714 9.0971E-01 4.9351E-04  ( 0.314    ,  1.302E-03,   0.00    ) |  4.935E-04 2.713E-03
    1715 9.1020E-01 4.9351E-04  ( 0.314    ,  1.302E-03,   0.00    ) |  4.935E-04 2.713E-03
    1716 9.1070E-01 4.9352E-04  ( 0.314    , -1.302E-03,   0.00    ) |  4.935E-04 2.713E-03
    1717 9.1119E-01 4.9352E-04  ( 0.314    ,  1.302E-03,   0.00    ) |  4.935E-04 2.713E-03
    1718 9.1168E-01 4.9353E-04  ( 0.314    ,  1.302E-03,   0.00    ) |  4.935E-04 2.713E-03
    1719 9.1218E-01 4.9353E-04  ( 0.314    ,  1.302E-03,   0.00    ) |  4.935E-04 2.713E-03
    1720 9.1267E-01 4.9354E-04  ( 0.314    , -1.302E-03,   0.00    ) |  4.935E-04 2.713E-03
    1721 9.1317E-01 4.9354E-04  ( 0.314    ,  1.302E-03,   0.00    ) |  4.935E-04 2.713E-03
    1722 9.1366E-01 4.9355E-04  ( 0.314    ,  1.302E-03,   0.00    ) |  4.936E-04 2.713E-03
    1723 9.1415E-01 4.9356E-04  ( 0.314    ,  1.302E-03,   0.00    ) |  4.936E-04 2.713E-03
    1724 9.1465E-01 4.9356E-04  ( 0.314    ,  1.302E-03,   0.00    ) |  4.936E-04 2.713E-03
    1725 9.1514E-01 4.9357E-04  ( 0.314    ,  1.302E-03,   0.00    ) |  4.936E-04 2.713E-03
    1726 9.1563E-01 4.9358E-04  ( 0.314    ,  1.302E-03,   0.00    ) |  4.936E-04 2.713E-03
    1727 9.1613E-01 4.9358E-04  ( 0.314    ,  1.302E-03,   0.00    ) |  4.936E-04 2.713E-03
    1728 9.1662E-01 4.9359E-04  (-0.314    ,  1.302E-03,   0.00    ) |  4.936E-04 2.713E-03
    1729 9.1711E-01 4.9360E-04  (-0.314    ,  1.302E-03,   0.00    ) |  4.936E-04 2.713E-03
    1730 9.1761E-01 4.9361E-04  ( 0.314    ,  1.302E-03,   0.00    ) |  4.936E-04 2.713E-03
    1731 9.1810E-01 4.9361E-04  ( 0.314    ,  1.302E-03,   0.00    ) |  4.936E-04 2.713E-03
    1732 9.1859E-01 4.9362E-04  ( 0.314    ,  1.302E-03,   0.00    ) |  4.936E-04 2.713E-03
    1733 9.1909E-01 4.9363E-04  ( 0.314    ,  1.302E-03,   0.00    ) |  4.936E-04 2.713E-03
    1734 9.1958E-01 4.9364E-04  ( 0.314    ,  1.302E-03,   0.00    ) |  4.936E-04 2.713E-03
    1735 9.2008E-01 4.9365E-04  ( 0.314    ,  1.302E-03,   0.00    ) |  4.936E-04 2.713E-03
    1736 9.2057E-01 4.9366E-04  ( 0.314    ,  1.302E-03,   0.00    ) |  4.937E-04 2.713E-03
    1737 9.2106E-01 4.9367E-04  ( 0.314    ,  1.302E-03,   0.00    ) |  4.937E-04 2.713E-03
    1738 9.2156E-01 4.9368E-04  ( 0.314    ,  1.302E-03,   0.00    ) |  4.937E-04 2.713E-03
    1739 9.2205E-01 4.9369E-04  ( 0.314    ,  1.302E-03,   0.00    ) |  4.937E-04 2.713E-03
    1740 9.2254E-01 4.9370E-04  ( 0.314    ,  1.302E-03,   0.00    ) |  4.937E-04 2.713E-03
    1741 9.2304E-01 4.9371E-04  ( 0.314    ,  1.302E-03,   0.00    ) |  4.937E-04 2.713E-03
    1742 9.2353E-01 4.9372E-04  ( 0.314    ,  1.302E-03,   0.00    ) |  4.937E-04 2.713E-03
    1743 9.2403E-01 4.9373E-04  ( 0.314    ,  1.302E-03,   0.00    ) |  4.937E-04 2.713E-03
    1744 9.2452E-01 4.9374E-04  ( 0.314    ,  1.302E-03,   0.00    ) |  4.937E-04 2.713E-03
 *** Wrote plotfile to flash_run_hdf5_plt_cnt_0037 ****
    1745 9.2501E-01 4.9375E-04  (-0.314    , -1.302E-03,   0.00    ) |  4.937E-04 2.713E-03
    1746 9.2551E-01 4.9376E-04  ( 0.314    ,  1.302E-03,   0.00    ) |  4.938E-04 2.713E-03
    1747 9.2600E-01 4.9377E-04  ( 0.314    ,  1.302E-03,   0.00    ) |  4.938E-04 2.713E-03
    1748 9.2649E-01 4.9378E-04  ( 0.314    ,  1.302E-03,   0.00    ) |  4.938E-04 2.713E-03
    1749 9.2699E-01 4.9379E-04  ( 0.314    ,  1.302E-03,   0.00    ) |  4.938E-04 2.713E-03
    1750 9.2748E-01 4.9380E-04  ( 0.314    ,  1.302E-03,   0.00    ) |  4.938E-04 2.713E-03
    1751 9.2798E-01 4.9381E-04  ( 0.314    ,  1.302E-03,   0.00    ) |  4.938E-04 2.713E-03
    1752 9.2847E-01 4.9382E-04  ( 0.314    ,  1.302E-03,   0.00    ) |  4.938E-04 2.713E-03
    1753 9.2896E-01 4.9383E-04  ( 0.314    ,  1.302E-03,   0.00    ) |  4.938E-04 2.713E-03
    1754 9.2946E-01 4.9383E-04  ( 0.314    ,  1.302E-03,   0.00    ) |  4.938E-04 2.713E-03
    1755 9.2995E-01 4.9384E-04  ( 0.314    ,  1.302E-03,   0.00    ) |  4.938E-04 2.713E-03
    1756 9.3044E-01 4.9385E-04  ( 0.314    ,  1.302E-03,   0.00    ) |  4.938E-04 2.713E-03
    1757 9.3094E-01 4.9386E-04  ( 0.314    ,  1.302E-03,   0.00    ) |  4.939E-04 2.713E-03
    1758 9.3143E-01 4.9386E-04  ( 0.314    ,  1.302E-03,   0.00    ) |  4.939E-04 2.713E-03
    1759 9.3193E-01 4.9387E-04  (-0.314    , -1.302E-03,   0.00    ) |  4.939E-04 2.713E-03
    1760 9.3242E-01 4.9387E-04  ( 0.314    ,  1.302E-03,   0.00    ) |  4.939E-04 2.713E-03
    1761 9.3291E-01 4.9388E-04  ( 0.314    ,  1.302E-03,   0.00    ) |  4.939E-04 2.713E-03
    1762 9.3341E-01 4.9388E-04  ( 0.314    ,  1.302E-03,   0.00    ) |  4.939E-04 2.713E-03
    1763 9.3390E-01 4.9389E-04  ( 0.314    ,  1.302E-03,   0.00    ) |  4.939E-04 2.713E-03
    1764 9.3440E-01 4.9389E-04  ( 0.314    ,  1.302E-03,   0.00    ) |  4.939E-04 2.713E-03
    1765 9.3489E-01 4.9390E-04  ( 0.314    ,  1.302E-03,   0.00    ) |  4.939E-04 2.713E-03
    1766 9.3538E-01 4.9390E-04  ( 0.314    ,  1.302E-03,   0.00    ) |  4.939E-04 2.713E-03
    1767 9.3588E-01 4.9390E-04  ( 0.314    ,  1.302E-03,   0.00    ) |  4.939E-04 2.713E-03
    1768 9.3637E-01 4.9391E-04  ( 0.314    ,  1.302E-03,   0.00    ) |  4.939E-04 2.713E-03
    1769 9.3686E-01 4.9391E-04  ( 0.314    ,  1.302E-03,   0.00    ) |  4.939E-04 2.713E-03
    1770 9.3736E-01 4.9392E-04  ( 0.314    ,  1.302E-03,   0.00    ) |  4.939E-04 2.713E-03
    1771 9.3785E-01 4.9392E-04  ( 0.314    ,  1.302E-03,   0.00    ) |  4.939E-04 2.713E-03
    1772 9.3835E-01 4.9392E-04  ( 0.314    ,  1.302E-03,   0.00    ) |  4.939E-04 2.713E-03
    1773 9.3884E-01 4.9393E-04  ( 0.314    ,  1.302E-03,   0.00    ) |  4.939E-04 2.713E-03
    1774 9.3933E-01 4.9393E-04  ( 0.314    ,  1.302E-03,   0.00    ) |  4.939E-04 2.713E-03
    1775 9.3983E-01 4.9394E-04  ( 0.314    ,  1.302E-03,   0.00    ) |  4.939E-04 2.713E-03
    1776 9.4032E-01 4.9394E-04  ( 0.314    ,  1.302E-03,   0.00    ) |  4.939E-04 2.713E-03
    1777 9.4082E-01 4.9395E-04  ( 0.314    ,  1.302E-03,   0.00    ) |  4.939E-04 2.713E-03
    1778 9.4131E-01 4.9395E-04  ( 0.314    ,  1.302E-03,   0.00    ) |  4.940E-04 2.713E-03
    1779 9.4180E-01 4.9396E-04  ( 0.314    ,  1.302E-03,   0.00    ) |  4.940E-04 2.713E-03
    1780 9.4230E-01 4.9397E-04  ( 0.314    ,  1.302E-03,   0.00    ) |  4.940E-04 2.713E-03
    1781 9.4279E-01 4.9397E-04  ( 0.311    ,  1.302E-03,   0.00    ) |  4.940E-04 2.713E-03
    1782 9.4329E-01 4.9398E-04  ( 0.311    ,  1.302E-03,   0.00    ) |  4.940E-04 2.713E-03
    1783 9.4378E-01 4.9399E-04  (-0.311    , -1.302E-03,   0.00    ) |  4.940E-04 2.713E-03
    1784 9.4427E-01 4.9399E-04  (-0.311    ,  1.302E-03,   0.00    ) |  4.940E-04 2.713E-03
    1785 9.4477E-01 4.9400E-04  ( 0.311    ,  1.302E-03,   0.00    ) |  4.940E-04 2.713E-03
    1786 9.4526E-01 4.9401E-04  ( 0.311    , -1.302E-03,   0.00    ) |  4.940E-04 2.713E-03
    1787 9.4576E-01 4.9402E-04  ( 0.311    , -1.302E-03,   0.00    ) |  4.940E-04 2.713E-03
    1788 9.4625E-01 4.9402E-04  ( 0.311    , -1.302E-03,   0.00    ) |  4.940E-04 2.713E-03
    1789 9.4674E-01 4.9403E-04  ( 0.311    , -1.302E-03,   0.00    ) |  4.940E-04 2.713E-03
    1790 9.4724E-01 4.9404E-04  ( 0.311    ,  1.302E-03,   0.00    ) |  4.940E-04 2.713E-03
    1791 9.4773E-01 4.9405E-04  ( 0.311    , -1.302E-03,   0.00    ) |  4.940E-04 2.713E-03
    1792 9.4823E-01 4.9405E-04  ( 0.311    , -1.302E-03,   0.00    ) |  4.941E-04 2.713E-03
    1793 9.4872E-01 4.9406E-04  ( 0.311    , -1.302E-03,   0.00    ) |  4.941E-04 2.713E-03
    1794 9.4921E-01 4.9407E-04  ( 0.311    ,  1.302E-03,   0.00    ) |  4.941E-04 2.713E-03
    1795 9.4971E-01 4.9408E-04  ( 0.311    ,  1.302E-03,   0.00    ) |  4.941E-04 2.713E-03
 *** Wrote plotfile to flash_run_hdf5_plt_cnt_0038 ****
    1796 9.5020E-01 4.9408E-04  ( 0.311    ,  1.302E-03,   0.00    ) |  4.941E-04 2.713E-03
    1797 9.5070E-01 4.9409E-04  ( 0.311    ,  1.302E-03,   0.00    ) |  4.941E-04 2.713E-03
    1798 9.5119E-01 4.9409E-04  ( 0.311    ,  1.302E-03,   0.00    ) |  4.941E-04 2.713E-03
    1799 9.5168E-01 4.9410E-04  ( 0.311    ,  1.302E-03,   0.00    ) |  4.941E-04 2.713E-03
    1800 9.5218E-01 4.9411E-04  ( 0.311    , -1.302E-03,   0.00    ) |  4.941E-04 2.713E-03
    1801 9.5267E-01 4.9411E-04  ( 0.311    ,  1.302E-03,   0.00    ) |  4.941E-04 2.713E-03
    1802 9.5317E-01 4.9412E-04  ( 0.311    ,  1.302E-03,   0.00    ) |  4.941E-04 2.713E-03
    1803 9.5366E-01 4.9412E-04  ( 0.311    ,  1.302E-03,   0.00    ) |  4.941E-04 2.713E-03
    1804 9.5416E-01 4.9413E-04  ( 0.311    ,  1.302E-03,   0.00    ) |  4.941E-04 2.713E-03
    1805 9.5465E-01 4.9413E-04  ( 0.311    , -1.302E-03,   0.00    ) |  4.941E-04 2.713E-03
    1806 9.5514E-01 4.9414E-04  ( 0.311    ,  1.302E-03,   0.00    ) |  4.941E-04 2.713E-03
    1807 9.5564E-01 4.9414E-04  ( 0.311    ,  1.302E-03,   0.00    ) |  4.941E-04 2.713E-03
    1808 9.5613E-01 4.9415E-04  ( 0.311    ,  1.302E-03,   0.00    ) |  4.941E-04 2.713E-03
    1809 9.5663E-01 4.9415E-04  ( 0.311    ,  1.302E-03,   0.00    ) |  4.942E-04 2.713E-03
    1810 9.5712E-01 4.9415E-04  ( 0.311    ,  1.302E-03,   0.00    ) |  4.942E-04 2.713E-03
    1811 9.5761E-01 4.9416E-04  ( 0.311    ,  1.302E-03,   0.00    ) |  4.942E-04 2.713E-03
    1812 9.5811E-01 4.9416E-04  ( 0.311    ,  1.302E-03,   0.00    ) |  4.942E-04 2.713E-03
    1813 9.5860E-01 4.9417E-04  (-0.311    ,  1.302E-03,   0.00    ) |  4.942E-04 2.713E-03
    1814 9.5910E-01 4.9417E-04  (-0.311    ,  1.302E-03,   0.00    ) |  4.942E-04 2.713E-03
    1815 9.5959E-01 4.9417E-04  (-0.311    ,  1.302E-03,   0.00    ) |  4.942E-04 2.713E-03
    1816 9.6008E-01 4.9418E-04  ( 0.311    ,  1.302E-03,   0.00    ) |  4.942E-04 2.713E-03
    1817 9.6058E-01 4.9418E-04  ( 0.311    ,  1.302E-03,   0.00    ) |  4.942E-04 2.713E-03
    1818 9.6107E-01 4.9418E-04  ( 0.311    ,  1.302E-03,   0.00    ) |  4.942E-04 2.713E-03
    1819 9.6157E-01 4.9418E-04  (-0.311    ,  1.302E-03,   0.00    ) |  4.942E-04 2.713E-03
    1820 9.6206E-01 4.9419E-04  ( 0.311    ,  1.302E-03,   0.00    ) |  4.942E-04 2.713E-03
    1821 9.6256E-01 4.9419E-04  ( 0.311    ,  1.302E-03,   0.00    ) |  4.942E-04 2.713E-03
    1822 9.6305E-01 4.9419E-04  ( 0.311    ,  1.302E-03,   0.00    ) |  4.942E-04 2.713E-03
    1823 9.6354E-01 4.9420E-04  ( 0.311    ,  1.302E-03,   0.00    ) |  4.942E-04 2.713E-03
    1824 9.6404E-01 4.9420E-04  ( 0.311    ,  1.302E-03,   0.00    ) |  4.942E-04 2.713E-03
    1825 9.6453E-01 4.9420E-04  ( 0.311    ,  1.302E-03,   0.00    ) |  4.942E-04 2.713E-03
    1826 9.6503E-01 4.9420E-04  (-0.311    , -1.302E-03,   0.00    ) |  4.942E-04 2.713E-03
    1827 9.6552E-01 4.9421E-04  (-0.311    , -1.302E-03,   0.00    ) |  4.942E-04 2.713E-03
    1828 9.6602E-01 4.9421E-04  (-0.311    , -1.302E-03,   0.00    ) |  4.942E-04 2.713E-03
    1829 9.6651E-01 4.9421E-04  (-0.311    , -1.302E-03,   0.00    ) |  4.942E-04 2.713E-03
    1830 9.6700E-01 4.9421E-04  (-0.311    ,  1.302E-03,   0.00    ) |  4.942E-04 2.713E-03
    1831 9.6750E-01 4.9421E-04  (-0.311    , -1.302E-03,   0.00    ) |  4.942E-04 2.713E-03
    1832 9.6799E-01 4.9422E-04  (-0.311    ,  1.302E-03,   0.00    ) |  4.942E-04 2.713E-03
    1833 9.6849E-01 4.9422E-04  (-0.311    , -1.302E-03,   0.00    ) |  4.942E-04 2.713E-03
    1834 9.6898E-01 4.9422E-04  (-0.311    ,  1.302E-03,   0.00    ) |  4.942E-04 2.713E-03
    1835 9.6947E-01 4.9422E-04  (-0.311    ,  1.302E-03,   0.00    ) |  4.942E-04 2.713E-03
    1836 9.6997E-01 4.9422E-04  (-0.311    ,  1.302E-03,   0.00    ) |  4.942E-04 2.713E-03
    1837 9.7046E-01 4.9422E-04  (-0.311    ,  1.302E-03,   0.00    ) |  4.942E-04 2.713E-03
    1838 9.7096E-01 4.9422E-04  (-0.311    ,  1.302E-03,   0.00    ) |  4.942E-04 2.713E-03
    1839 9.7145E-01 4.9423E-04  (-0.311    ,  1.302E-03,   0.00    ) |  4.942E-04 2.713E-03
    1840 9.7195E-01 4.9423E-04  (-0.311    ,  1.302E-03,   0.00    ) |  4.942E-04 2.713E-03
    1841 9.7244E-01 4.9423E-04  (-0.311    ,  1.302E-03,   0.00    ) |  4.942E-04 2.713E-03
    1842 9.7293E-01 4.9423E-04  (-0.311    ,  1.302E-03,   0.00    ) |  4.942E-04 2.713E-03
    1843 9.7343E-01 4.9423E-04  (-0.311    ,  1.302E-03,   0.00    ) |  4.942E-04 2.713E-03
    1844 9.7392E-01 4.9423E-04  (-0.311    ,  1.302E-03,   0.00    ) |  4.942E-04 2.713E-03
    1845 9.7442E-01 4.9423E-04  (-0.311    , -1.302E-03,   0.00    ) |  4.942E-04 2.713E-03
    1846 9.7491E-01 4.9423E-04  (-0.311    ,  1.302E-03,   0.00    ) |  4.942E-04 2.713E-03
 *** Wrote plotfile to flash_run_hdf5_plt_cnt_0039 ****
    1847 9.7541E-01 4.9423E-04  (-0.311    ,  1.302E-03,   0.00    ) |  4.942E-04 2.713E-03
    1848 9.7590E-01 4.9423E-04  (-0.311    ,  1.302E-03,   0.00    ) |  4.942E-04 2.713E-03
    1849 9.7639E-01 4.9423E-04  (-0.311    , -1.302E-03,   0.00    ) |  4.942E-04 2.713E-03
    1850 9.7689E-01 4.9423E-04  (-0.309    , -1.302E-03,   0.00    ) |  4.942E-04 2.713E-03
    1851 9.7738E-01 4.9423E-04  (-0.309    ,  1.302E-03,   0.00    ) |  4.942E-04 2.713E-03
    1852 9.7788E-01 4.9423E-04  (-0.309    ,  1.302E-03,   0.00    ) |  4.942E-04 2.713E-03
    1853 9.7837E-01 4.9423E-04  ( 0.309    , -1.302E-03,   0.00    ) |  4.942E-04 2.713E-03
    1854 9.7887E-01 4.9423E-04  ( 0.309    , -1.302E-03,   0.00    ) |  4.942E-04 2.713E-03
    1855 9.7936E-01 4.9423E-04  (-0.309    , -1.302E-03,   0.00    ) |  4.942E-04 2.713E-03
    1856 9.7985E-01 4.9423E-04  (-0.309    , -1.302E-03,   0.00    ) |  4.942E-04 2.713E-03
    1857 9.8035E-01 4.9423E-04  ( 0.309    , -1.302E-03,   0.00    ) |  4.942E-04 2.713E-03
    1858 9.8084E-01 4.9422E-04  ( 0.309    , -1.302E-03,   0.00    ) |  4.942E-04 2.713E-03
    1859 9.8134E-01 4.9422E-04  (-0.309    , -1.302E-03,   0.00    ) |  4.942E-04 2.713E-03
    1860 9.8183E-01 4.9422E-04  (-0.309    , -1.302E-03,   0.00    ) |  4.942E-04 2.713E-03
    1861 9.8232E-01 4.9422E-04  (-0.309    , -1.302E-03,   0.00    ) |  4.942E-04 2.713E-03
    1862 9.8282E-01 4.9422E-04  ( 0.309    , -1.302E-03,   0.00    ) |  4.942E-04 2.713E-03
    1863 9.8331E-01 4.9422E-04  ( 0.309    , -1.302E-03,   0.00    ) |  4.942E-04 2.713E-03
    1864 9.8381E-01 4.9422E-04  ( 0.309    , -1.302E-03,   0.00    ) |  4.942E-04 2.713E-03
    1865 9.8430E-01 4.9422E-04  ( 0.309    , -1.302E-03,   0.00    ) |  4.942E-04 2.713E-03
    1866 9.8480E-01 4.9421E-04  (-0.309    , -1.302E-03,   0.00    ) |  4.942E-04 2.713E-03
    1867 9.8529E-01 4.9421E-04  (-0.309    , -1.302E-03,   0.00    ) |  4.942E-04 2.713E-03
    1868 9.8578E-01 4.9421E-04  (-0.309    , -1.302E-03,   0.00    ) |  4.942E-04 2.713E-03
    1869 9.8628E-01 4.9421E-04  (-0.309    , -1.302E-03,   0.00    ) |  4.942E-04 2.713E-03
    1870 9.8677E-01 4.9421E-04  (-0.309    , -1.302E-03,   0.00    ) |  4.942E-04 2.713E-03
    1871 9.8727E-01 4.9420E-04  (-0.309    , -1.302E-03,   0.00    ) |  4.942E-04 2.713E-03
    1872 9.8776E-01 4.9420E-04  (-0.309    , -1.302E-03,   0.00    ) |  4.942E-04 2.713E-03
    1873 9.8826E-01 4.9420E-04  (-0.309    , -1.302E-03,   0.00    ) |  4.942E-04 2.713E-03
    1874 9.8875E-01 4.9420E-04  (-0.309    , -1.302E-03,   0.00    ) |  4.942E-04 2.713E-03
    1875 9.8924E-01 4.9420E-04  (-0.309    , -1.302E-03,   0.00    ) |  4.942E-04 2.713E-03
    1876 9.8974E-01 4.9419E-04  (-0.309    , -1.302E-03,   0.00    ) |  4.942E-04 2.713E-03
    1877 9.9023E-01 4.9419E-04  (-0.309    , -1.302E-03,   0.00    ) |  4.942E-04 2.713E-03
    1878 9.9073E-01 4.9419E-04  (-0.309    , -1.302E-03,   0.00    ) |  4.942E-04 2.713E-03
    1879 9.9122E-01 4.9419E-04  (-0.309    , -1.302E-03,   0.00    ) |  4.942E-04 2.713E-03
    1880 9.9171E-01 4.9419E-04  (-0.309    , -1.302E-03,   0.00    ) |  4.942E-04 2.713E-03
    1881 9.9221E-01 4.9418E-04  (-0.309    , -1.302E-03,   0.00    ) |  4.942E-04 2.713E-03
    1882 9.9270E-01 4.9418E-04  (-0.309    , -1.302E-03,   0.00    ) |  4.942E-04 2.713E-03
    1883 9.9320E-01 4.9418E-04  (-0.309    , -1.302E-03,   0.00    ) |  4.942E-04 2.713E-03
    1884 9.9369E-01 4.9418E-04  (-0.309    , -1.302E-03,   0.00    ) |  4.942E-04 2.713E-03
    1885 9.9419E-01 4.9417E-04  (-0.309    , -1.302E-03,   0.00    ) |  4.942E-04 2.713E-03
    1886 9.9468E-01 4.9417E-04  (-0.309    , -1.302E-03,   0.00    ) |  4.942E-04 2.713E-03
    1887 9.9517E-01 4.9417E-04  (-0.309    , -1.302E-03,   0.00    ) |  4.942E-04 2.713E-03
    1888 9.9567E-01 4.9417E-04  (-0.309    , -1.302E-03,   0.00    ) |  4.942E-04 2.713E-03
    1889 9.9616E-01 4.9416E-04  (-0.309    , -1.302E-03,   0.00    ) |  4.942E-04 2.713E-03
    1890 9.9666E-01 4.9416E-04  (-0.309    , -1.302E-03,   0.00    ) |  4.942E-04 2.713E-03
    1891 9.9715E-01 4.9416E-04  (-0.309    , -1.302E-03,   0.00    ) |  4.942E-04 2.713E-03
    1892 9.9764E-01 4.9416E-04  (-0.309    , -1.302E-03,   0.00    ) |  4.942E-04 2.713E-03
    1893 9.9814E-01 4.9415E-04  (-0.309    , -1.302E-03,   0.00    ) |  4.942E-04 2.713E-03
    1894 9.9863E-01 4.9415E-04  (-0.309    , -1.302E-03,   0.00    ) |  4.942E-04 2.713E-03
    1895 9.9913E-01 4.9415E-04  (-0.309    , -1.302E-03,   0.00    ) |  4.941E-04 2.713E-03
    1896 9.9962E-01 4.9415E-04  (-0.309    , -1.302E-03,   0.00    ) |  4.941E-04 2.713E-03
 *** Wrote plotfile to flash_run_hdf5_plt_cnt_0040 ****
    1897 1.0001E+00 4.9414E-04  (-0.309    , -1.302E-03,   0.00    ) |  4.941E-04 2.713E-03
    1898 1.0006E+00 4.9414E-04  (-0.309    , -1.302E-03,   0.00    ) |  4.941E-04 2.713E-03
    1899 1.0011E+00 4.9414E-04  (-0.309    , -1.302E-03,   0.00    ) |  4.941E-04 2.713E-03
    1900 1.0016E+00 4.9414E-04  (-0.309    , -1.302E-03,   0.00    ) |  4.941E-04 2.713E-03
    1901 1.0021E+00 4.9414E-04  (-0.309    , -1.302E-03,   0.00    ) |  4.941E-04 2.713E-03
    1902 1.0026E+00 4.9413E-04  (-0.309    , -1.302E-03,   0.00    ) |  4.941E-04 2.713E-03
    1903 1.0031E+00 4.9413E-04  (-0.309    , -1.302E-03,   0.00    ) |  4.941E-04 2.713E-03
    1904 1.0036E+00 4.9413E-04  (-0.309    , -1.302E-03,   0.00    ) |  4.941E-04 2.713E-03
    1905 1.0041E+00 4.9413E-04  (-0.309    , -1.302E-03,   0.00    ) |  4.941E-04 2.713E-03
    1906 1.0046E+00 4.9412E-04  (-0.309    , -1.302E-03,   0.00    ) |  4.941E-04 2.713E-03
    1907 1.0051E+00 4.9412E-04  (-0.309    , -1.302E-03,   0.00    ) |  4.941E-04 2.713E-03
    1908 1.0056E+00 4.9412E-04  (-0.309    , -1.302E-03,   0.00    ) |  4.941E-04 2.713E-03
    1909 1.0060E+00 4.9412E-04  (-0.309    , -1.302E-03,   0.00    ) |  4.941E-04 2.713E-03
    1910 1.0065E+00 4.9412E-04  (-0.309    , -1.302E-03,   0.00    ) |  4.941E-04 2.713E-03
    1911 1.0070E+00 4.9412E-04  (-0.309    , -1.302E-03,   0.00    ) |  4.941E-04 2.713E-03
    1912 1.0075E+00 4.9411E-04  (-0.309    , -1.302E-03,   0.00    ) |  4.941E-04 2.713E-03
    1913 1.0080E+00 4.9411E-04  (-0.309    , -1.302E-03,   0.00    ) |  4.941E-04 2.713E-03
    1914 1.0085E+00 4.9411E-04  (-0.309    , -1.302E-03,   0.00    ) |  4.941E-04 2.713E-03
    1915 1.0090E+00 4.9411E-04  ( 0.309    ,  1.302E-03,   0.00    ) |  4.941E-04 2.713E-03
    1916 1.0095E+00 4.9411E-04  ( 0.309    , -1.302E-03,   0.00    ) |  4.941E-04 2.713E-03
    1917 1.0100E+00 4.9411E-04  ( 0.309    ,  1.302E-03,   0.00    ) |  4.941E-04 2.713E-03
    1918 1.0105E+00 4.9411E-04  (-0.309    , -1.302E-03,   0.00    ) |  4.941E-04 2.713E-03
    1919 1.0110E+00 4.9411E-04  ( 0.309    ,  1.302E-03,   0.00    ) |  4.941E-04 2.713E-03
    1920 1.0115E+00 4.9410E-04  (-0.309    , -1.302E-03,   0.00    ) |  4.941E-04 2.713E-03
    1921 1.0120E+00 4.9410E-04  (-0.309    , -1.302E-03,   0.00    ) |  4.941E-04 2.713E-03
    1922 1.0125E+00 4.9410E-04  ( 0.309    ,  1.302E-03,   0.00    ) |  4.941E-04 2.713E-03
    1923 1.0130E+00 4.9410E-04  ( 0.309    ,  1.302E-03,   0.00    ) |  4.941E-04 2.713E-03
    1924 1.0135E+00 4.9410E-04  (-0.309    , -1.302E-03,   0.00    ) |  4.941E-04 2.713E-03
    1925 1.0140E+00 4.9410E-04  (-0.309    , -1.302E-03,   0.00    ) |  4.941E-04 2.713E-03
    1926 1.0144E+00 4.9410E-04  (-0.309    , -1.302E-03,   0.00    ) |  4.941E-04 2.713E-03
    1927 1.0149E+00 4.9410E-04  (-0.309    , -1.302E-03,   0.00    ) |  4.941E-04 2.713E-03
    1928 1.0154E+00 4.9410E-04  (-0.309    , -1.302E-03,   0.00    ) |  4.941E-04 2.713E-03
    1929 1.0159E+00 4.9410E-04  (-0.309    , -1.302E-03,   0.00    ) |  4.941E-04 2.713E-03
    1930 1.0164E+00 4.9410E-04  (-0.309    , -1.302E-03,   0.00    ) |  4.941E-04 2.713E-03
    1931 1.0169E+00 4.9410E-04  (-0.309    , -1.302E-03,   0.00    ) |  4.941E-04 2.713E-03
    1932 1.0174E+00 4.9410E-04  (-0.309    , -1.302E-03,   0.00    ) |  4.941E-04 2.713E-03
    1933 1.0179E+00 4.9410E-04  (-0.309    , -1.302E-03,   0.00    ) |  4.941E-04 2.713E-03
    1934 1.0184E+00 4.9410E-04  (-0.309    , -1.302E-03,   0.00    ) |  4.941E-04 2.713E-03
    1935 1.0189E+00 4.9410E-04  (-0.309    , -1.302E-03,   0.00    ) |  4.941E-04 2.713E-03
    1936 1.0194E+00 4.9410E-04  (-0.309    , -1.302E-03,   0.00    ) |  4.941E-04 2.713E-03
    1937 1.0199E+00 4.9410E-04  (-0.309    , -1.302E-03,   0.00    ) |  4.941E-04 2.713E-03
    1938 1.0204E+00 4.9410E-04  (-0.309    , -1.302E-03,   0.00    ) |  4.941E-04 2.713E-03
    1939 1.0209E+00 4.9410E-04  (-0.309    , -1.302E-03,   0.00    ) |  4.941E-04 2.713E-03
    1940 1.0214E+00 4.9410E-04  (-0.309    , -1.302E-03,   0.00    ) |  4.941E-04 2.713E-03
    1941 1.0219E+00 4.9410E-04  (-0.306    , -1.302E-03,   0.00    ) |  4.941E-04 2.713E-03
    1942 1.0224E+00 4.9410E-04  (-0.306    , -1.302E-03,   0.00    ) |  4.941E-04 2.713E-03
    1943 1.0228E+00 4.9410E-04  (-0.306    , -1.302E-03,   0.00    ) |  4.941E-04 2.713E-03
    1944 1.0233E+00 4.9410E-04  (-0.306    , -1.302E-03,   0.00    ) |  4.941E-04 2.713E-03
    1945 1.0238E+00 4.9410E-04  (-0.306    , -1.302E-03,   0.00    ) |  4.941E-04 2.713E-03
    1946 1.0243E+00 4.9410E-04  (-0.306    , -1.302E-03,   0.00    ) |  4.941E-04 2.713E-03
    1947 1.0248E+00 4.9410E-04  (-0.306    , -1.302E-03,   0.00    ) |  4.941E-04 2.713E-03
 *** Wrote plotfile to flash_run_hdf5_plt_cnt_0041 ****
    1948 1.0253E+00 4.9410E-04  (-0.306    , -1.302E-03,   0.00    ) |  4.941E-04 2.713E-03
    1949 1.0258E+00 4.9410E-04  (-0.306    , -1.302E-03,   0.00    ) |  4.941E-04 2.713E-03
    1950 1.0263E+00 4.9410E-04  (-0.306    , -1.302E-03,   0.00    ) |  4.941E-04 2.713E-03
    1951 1.0268E+00 4.9410E-04  (-0.306    , -1.302E-03,   0.00    ) |  4.941E-04 2.713E-03
    1952 1.0273E+00 4.9409E-04  (-0.306    , -1.302E-03,   0.00    ) |  4.941E-04 2.713E-03
    1953 1.0278E+00 4.9409E-04  (-0.306    , -1.302E-03,   0.00    ) |  4.941E-04 2.713E-03
    1954 1.0283E+00 4.9409E-04  (-0.306    , -1.302E-03,   0.00    ) |  4.941E-04 2.713E-03
    1955 1.0288E+00 4.9409E-04  (-0.306    , -1.302E-03,   0.00    ) |  4.941E-04 2.713E-03
    1956 1.0293E+00 4.9409E-04  (-0.306    , -1.302E-03,   0.00    ) |  4.941E-04 2.713E-03
    1957 1.0298E+00 4.9408E-04  (-0.306    , -1.302E-03,   0.00    ) |  4.941E-04 2.713E-03
    1958 1.0303E+00 4.9408E-04  (-0.306    , -1.302E-03,   0.00    ) |  4.941E-04 2.713E-03
    1959 1.0308E+00 4.9408E-04  (-0.306    , -1.302E-03,   0.00    ) |  4.941E-04 2.713E-03
    1960 1.0312E+00 4.9408E-04  (-0.306    , -1.302E-03,   0.00    ) |  4.941E-04 2.713E-03
    1961 1.0317E+00 4.9407E-04  ( 0.306    , -1.302E-03,   0.00    ) |  4.941E-04 2.713E-03
    1962 1.0322E+00 4.9407E-04  (-0.306    , -1.302E-03,   0.00    ) |  4.941E-04 2.713E-03
    1963 1.0327E+00 4.9406E-04  (-0.306    , -1.302E-03,   0.00    ) |  4.941E-04 2.713E-03
    1964 1.0332E+00 4.9406E-04  (-0.306    , -1.302E-03,   0.00    ) |  4.941E-04 2.713E-03
    1965 1.0337E+00 4.9406E-04  (-0.306    , -1.302E-03,   0.00    ) |  4.941E-04 2.713E-03
    1966 1.0342E+00 4.9405E-04  (-0.306    , -1.302E-03,   0.00    ) |  4.941E-04 2.713E-03
    1967 1.0347E+00 4.9405E-04  (-0.306    , -1.302E-03,   0.00    ) |  4.940E-04 2.713E-03
    1968 1.0352E+00 4.9405E-04  (-0.306    , -1.302E-03,   0.00    ) |  4.940E-04 2.713E-03
    1969 1.0357E+00 4.9404E-04  (-0.306    , -1.302E-03,   0.00    ) |  4.940E-04 2.713E-03
    1970 1.0362E+00 4.9404E-04  (-0.306    , -1.302E-03,   0.00    ) |  4.940E-04 2.713E-03
    1971 1.0367E+00 4.9404E-04  (-0.306    , -1.302E-03,   0.00    ) |  4.940E-04 2.713E-03
    1972 1.0372E+00 4.9403E-04  (-0.306    , -1.302E-03,   0.00    ) |  4.940E-04 2.713E-03
    1973 1.0377E+00 4.9403E-04  (-0.306    , -1.302E-03,   0.00    ) |  4.940E-04 2.713E-03
    1974 1.0382E+00 4.9403E-04  (-0.306    , -1.302E-03,   0.00    ) |  4.940E-04 2.713E-03
    1975 1.0387E+00 4.9402E-04  (-0.306    , -1.302E-03,   0.00    ) |  4.940E-04 2.713E-03
    1976 1.0391E+00 4.9402E-04  (-0.306    , -1.302E-03,   0.00    ) |  4.940E-04 2.713E-03
    1977 1.0396E+00 4.9402E-04  (-0.306    , -1.302E-03,   0.00    ) |  4.940E-04 2.713E-03
    1978 1.0401E+00 4.9402E-04  (-0.306    , -1.302E-03,   0.00    ) |  4.940E-04 2.713E-03
    1979 1.0406E+00 4.9401E-04  ( 0.306    , -1.302E-03,   0.00    ) |  4.940E-04 2.713E-03
    1980 1.0411E+00 4.9401E-04  (-0.306    , -1.302E-03,   0.00    ) |  4.940E-04 2.713E-03
    1981 1.0416E+00 4.9401E-04  (-0.306    , -1.302E-03,   0.00    ) |  4.940E-04 2.713E-03
    1982 1.0421E+00 4.9401E-04  (-0.306    , -1.302E-03,   0.00    ) |  4.940E-04 2.713E-03
    1983 1.0426E+00 4.9401E-04  (-0.306    , -1.302E-03,   0.00    ) |  4.940E-04 2.713E-03
    1984 1.0431E+00 4.9401E-04  (-0.306    , -1.302E-03,   0.00    ) |  4.940E-04 2.713E-03
    1985 1.0436E+00 4.9401E-04  (-0.306    , -1.302E-03,   0.00    ) |  4.940E-04 2.713E-03
    1986 1.0441E+00 4.9401E-04  (-0.306    , -1.302E-03,   0.00    ) |  4.940E-04 2.713E-03
    1987 1.0446E+00 4.9401E-04  (-0.306    , -1.302E-03,   0.00    ) |  4.940E-04 2.713E-03
    1988 1.0451E+00 4.9401E-04  (-0.306    , -1.302E-03,   0.00    ) |  4.940E-04 2.713E-03
    1989 1.0456E+00 4.9401E-04  (-0.306    , -1.302E-03,   0.00    ) |  4.940E-04 2.713E-03
    1990 1.0461E+00 4.9401E-04  (-0.306    , -1.302E-03,   0.00    ) |  4.940E-04 2.713E-03
    1991 1.0466E+00 4.9401E-04  (-0.306    , -1.302E-03,   0.00    ) |  4.940E-04 2.713E-03
    1992 1.0471E+00 4.9401E-04  (-0.306    , -1.302E-03,   0.00    ) |  4.940E-04 2.713E-03
    1993 1.0475E+00 4.9402E-04  (-0.306    , -1.302E-03,   0.00    ) |  4.940E-04 2.713E-03
    1994 1.0480E+00 4.9402E-04  (-0.306    , -1.302E-03,   0.00    ) |  4.940E-04 2.713E-03
    1995 1.0485E+00 4.9402E-04  (-0.306    , -1.302E-03,   0.00    ) |  4.940E-04 2.713E-03
    1996 1.0490E+00 4.9402E-04  (-0.306    , -1.302E-03,   0.00    ) |  4.940E-04 2.713E-03
    1997 1.0495E+00 4.9402E-04  (-0.306    , -1.302E-03,   0.00    ) |  4.940E-04 2.713E-03
 *** Wrote plotfile to flash_run_hdf5_plt_cnt_0042 ****
    1998 1.0500E+00 4.9402E-04  (-0.306    , -1.302E-03,   0.00    ) |  4.940E-04 2.713E-03
    1999 1.0505E+00 4.9403E-04  (-0.306    , -1.302E-03,   0.00    ) |  4.940E-04 2.713E-03
    2000 1.0510E+00 4.9403E-04  (-0.306    , -1.302E-03,   0.00    ) |  4.940E-04 2.713E-03
    2001 1.0515E+00 4.9403E-04  (-0.306    , -1.302E-03,   0.00    ) |  4.940E-04 2.713E-03
    2002 1.0520E+00 4.9403E-04  (-0.306    , -1.302E-03,   0.00    ) |  4.940E-04 2.713E-03
    2003 1.0525E+00 4.9403E-04  (-0.306    , -1.302E-03,   0.00    ) |  4.940E-04 2.713E-03
    2004 1.0530E+00 4.9403E-04  (-0.306    , -1.302E-03,   0.00    ) |  4.940E-04 2.713E-03
    2005 1.0535E+00 4.9404E-04  (-0.306    , -1.302E-03,   0.00    ) |  4.940E-04 2.713E-03
    2006 1.0540E+00 4.9404E-04  (-0.306    , -1.302E-03,   0.00    ) |  4.940E-04 2.713E-03
    2007 1.0545E+00 4.9404E-04  (-0.306    , -1.302E-03,   0.00    ) |  4.940E-04 2.713E-03
    2008 1.0550E+00 4.9404E-04  (-0.306    , -1.302E-03,   0.00    ) |  4.940E-04 2.713E-03
    2009 1.0555E+00 4.9404E-04  (-0.306    , -1.302E-03,   0.00    ) |  4.940E-04 2.713E-03
    2010 1.0559E+00 4.9404E-04  (-0.306    , -1.302E-03,   0.00    ) |  4.940E-04 2.713E-03
    2011 1.0564E+00 4.9404E-04  (-0.306    , -1.302E-03,   0.00    ) |  4.940E-04 2.713E-03
    2012 1.0569E+00 4.9404E-04  (-0.306    , -1.302E-03,   0.00    ) |  4.940E-04 2.713E-03
    2013 1.0574E+00 4.9404E-04  (-0.306    , -1.302E-03,   0.00    ) |  4.940E-04 2.713E-03
    2014 1.0579E+00 4.9404E-04  (-0.306    , -1.302E-03,   0.00    ) |  4.940E-04 2.713E-03
    2015 1.0584E+00 4.9404E-04  (-0.306    , -1.302E-03,   0.00    ) |  4.940E-04 2.713E-03
    2016 1.0589E+00 4.9404E-04  (-0.306    , -1.302E-03,   0.00    ) |  4.940E-04 2.713E-03
    2017 1.0594E+00 4.9404E-04  (-0.303    , -1.302E-03,   0.00    ) |  4.940E-04 2.713E-03
    2018 1.0599E+00 4.9404E-04  (-0.303    , -1.302E-03,   0.00    ) |  4.940E-04 2.713E-03
    2019 1.0604E+00 4.9404E-04  (-0.303    , -1.302E-03,   0.00    ) |  4.940E-04 2.713E-03
    2020 1.0609E+00 4.9404E-04  (-0.303    , -1.302E-03,   0.00    ) |  4.940E-04 2.713E-03
    2021 1.0614E+00 4.9403E-04  (-0.303    , -1.302E-03,   0.00    ) |  4.940E-04 2.713E-03
    2022 1.0619E+00 4.9403E-04  (-0.303    , -1.302E-03,   0.00    ) |  4.940E-04 2.713E-03
    2023 1.0624E+00 4.9403E-04  (-0.303    , -1.302E-03,   0.00    ) |  4.940E-04 2.713E-03
    2024 1.0629E+00 4.9403E-04  (-0.303    , -1.302E-03,   0.00    ) |  4.940E-04 2.713E-03
    2025 1.0634E+00 4.9403E-04  (-0.303    , -1.302E-03,   0.00    ) |  4.940E-04 2.713E-03
    2026 1.0639E+00 4.9402E-04  (-0.303    , -1.302E-03,   0.00    ) |  4.940E-04 2.713E-03
    2027 1.0643E+00 4.9402E-04  (-0.303    , -1.302E-03,   0.00    ) |  4.940E-04 2.713E-03
    2028 1.0648E+00 4.9402E-04  (-0.303    , -1.302E-03,   0.00    ) |  4.940E-04 2.713E-03
    2029 1.0653E+00 4.9402E-04  (-0.303    , -1.302E-03,   0.00    ) |  4.940E-04 2.713E-03
    2030 1.0658E+00 4.9402E-04  (-0.303    , -1.302E-03,   0.00    ) |  4.940E-04 2.713E-03
    2031 1.0663E+00 4.9401E-04  (-0.303    , -1.302E-03,   0.00    ) |  4.940E-04 2.713E-03
    2032 1.0668E+00 4.9401E-04  (-0.303    , -1.302E-03,   0.00    ) |  4.940E-04 2.713E-03
    2033 1.0673E+00 4.9401E-04  (-0.303    , -1.302E-03,   0.00    ) |  4.940E-04 2.713E-03
    2034 1.0678E+00 4.9400E-04  (-0.303    , -1.302E-03,   0.00    ) |  4.940E-04 2.713E-03
    2035 1.0683E+00 4.9400E-04  (-0.303    , -1.302E-03,   0.00    ) |  4.940E-04 2.713E-03
    2036 1.0688E+00 4.9400E-04  (-0.303    , -1.302E-03,   0.00    ) |  4.940E-04 2.713E-03
    2037 1.0693E+00 4.9399E-04  (-0.303    , -1.302E-03,   0.00    ) |  4.940E-04 2.713E-03
    2038 1.0698E+00 4.9399E-04  (-0.303    , -1.302E-03,   0.00    ) |  4.940E-04 2.713E-03
    2039 1.0703E+00 4.9399E-04  (-0.303    , -1.302E-03,   0.00    ) |  4.940E-04 2.713E-03
    2040 1.0708E+00 4.9398E-04  (-0.303    , -1.302E-03,   0.00    ) |  4.940E-04 2.713E-03
    2041 1.0713E+00 4.9398E-04  (-0.303    , -1.302E-03,   0.00    ) |  4.940E-04 2.713E-03
    2042 1.0718E+00 4.9398E-04  (-0.303    , -1.302E-03,   0.00    ) |  4.940E-04 2.713E-03
    2043 1.0722E+00 4.9397E-04  (-0.303    , -1.302E-03,   0.00    ) |  4.940E-04 2.713E-03
    2044 1.0727E+00 4.9397E-04  (-0.303    , -1.302E-03,   0.00    ) |  4.940E-04 2.713E-03
    2045 1.0732E+00 4.9396E-04  (-0.303    , -1.302E-03,   0.00    ) |  4.940E-04 2.713E-03
    2046 1.0737E+00 4.9396E-04  (-0.303    , -1.302E-03,   0.00    ) |  4.940E-04 2.713E-03
    2047 1.0742E+00 4.9396E-04  (-0.303    , -1.302E-03,   0.00    ) |  4.940E-04 2.713E-03
    2048 1.0747E+00 4.9395E-04  (-0.303    , -1.302E-03,   0.00    ) |  4.940E-04 2.713E-03
 *** Wrote plotfile to flash_run_hdf5_plt_cnt_0043 ****
    2049 1.0752E+00 4.9395E-04  (-0.303    , -1.302E-03,   0.00    ) |  4.939E-04 2.713E-03
    2050 1.0757E+00 4.9394E-04  (-0.303    , -1.302E-03,   0.00    ) |  4.939E-04 2.713E-03
    2051 1.0762E+00 4.9394E-04  (-0.303    , -1.302E-03,   0.00    ) |  4.939E-04 2.713E-03
    2052 1.0767E+00 4.9393E-04  (-0.303    , -1.302E-03,   0.00    ) |  4.939E-04 2.713E-03
    2053 1.0772E+00 4.9393E-04  (-0.303    , -1.302E-03,   0.00    ) |  4.939E-04 2.713E-03
    2054 1.0777E+00 4.9393E-04  (-0.303    , -1.302E-03,   0.00    ) |  4.939E-04 2.713E-03
    2055 1.0782E+00 4.9392E-04  (-0.303    , -1.302E-03,   0.00    ) |  4.939E-04 2.713E-03
    2056 1.0787E+00 4.9392E-04  (-0.303    , -1.302E-03,   0.00    ) |  4.939E-04 2.713E-03
    2057 1.0792E+00 4.9391E-04  (-0.303    , -1.302E-03,   0.00    ) |  4.939E-04 2.713E-03
    2058 1.0797E+00 4.9391E-04  (-0.303    , -1.302E-03,   0.00    ) |  4.939E-04 2.713E-03
    2059 1.0802E+00 4.9390E-04  (-0.303    , -1.302E-03,   0.00    ) |  4.939E-04 2.713E-03
    2060 1.0806E+00 4.9390E-04  (-0.303    , -1.302E-03,   0.00    ) |  4.939E-04 2.713E-03
    2061 1.0811E+00 4.9389E-04  (-0.303    , -1.302E-03,   0.00    ) |  4.939E-04 2.713E-03
    2062 1.0816E+00 4.9389E-04  (-0.303    , -1.302E-03,   0.00    ) |  4.939E-04 2.713E-03
    2063 1.0821E+00 4.9388E-04  (-0.303    , -1.302E-03,   0.00    ) |  4.939E-04 2.713E-03
    2064 1.0826E+00 4.9388E-04  (-0.303    , -1.302E-03,   0.00    ) |  4.939E-04 2.713E-03
    2065 1.0831E+00 4.9387E-04  (-0.303    , -1.302E-03,   0.00    ) |  4.939E-04 2.713E-03
    2066 1.0836E+00 4.9387E-04  (-0.303    , -1.302E-03,   0.00    ) |  4.939E-04 2.713E-03
    2067 1.0841E+00 4.9386E-04  (-0.303    , -1.302E-03,   0.00    ) |  4.939E-04 2.713E-03
    2068 1.0846E+00 4.9386E-04  (-0.303    , -1.302E-03,   0.00    ) |  4.939E-04 2.713E-03
    2069 1.0851E+00 4.9385E-04  (-0.303    , -1.302E-03,   0.00    ) |  4.939E-04 2.713E-03
    2070 1.0856E+00 4.9385E-04  (-0.303    , -1.302E-03,   0.00    ) |  4.938E-04 2.713E-03
    2071 1.0861E+00 4.9384E-04  ( 0.303    ,  1.302E-03,   0.00    ) |  4.938E-04 2.713E-03
    2072 1.0866E+00 4.9384E-04  ( 0.303    ,  1.302E-03,   0.00    ) |  4.938E-04 2.713E-03
    2073 1.0871E+00 4.9383E-04  ( 0.303    ,  1.302E-03,   0.00    ) |  4.938E-04 2.713E-03
    2074 1.0876E+00 4.9383E-04  ( 0.303    ,  1.302E-03,   0.00    ) |  4.938E-04 2.713E-03
    2075 1.0881E+00 4.9382E-04  ( 0.303    ,  1.302E-03,   0.00    ) |  4.938E-04 2.713E-03
    2076 1.0885E+00 4.9382E-04  ( 0.303    ,  1.302E-03,   0.00    ) |  4.938E-04 2.713E-03
    2077 1.0890E+00 4.9381E-04  ( 0.303    ,  1.302E-03,   0.00    ) |  4.938E-04 2.713E-03
    2078 1.0895E+00 4.9381E-04  ( 0.303    ,  1.302E-03,   0.00    ) |  4.938E-04 2.713E-03
    2079 1.0900E+00 4.9380E-04  ( 0.303    ,  1.302E-03,   0.00    ) |  4.938E-04 2.713E-03
    2080 1.0905E+00 4.9380E-04  ( 0.303    ,  1.302E-03,   0.00    ) |  4.938E-04 2.713E-03
    2081 1.0910E+00 4.9379E-04  ( 0.303    ,  1.302E-03,   0.00    ) |  4.938E-04 2.713E-03
    2082 1.0915E+00 4.9378E-04  ( 0.303    ,  1.302E-03,   0.00    ) |  4.938E-04 2.713E-03
    2083 1.0920E+00 4.9378E-04  ( 0.303    ,  1.302E-03,   0.00    ) |  4.938E-04 2.713E-03
    2084 1.0925E+00 4.9377E-04  ( 0.303    ,  1.302E-03,   0.00    ) |  4.938E-04 2.713E-03
    2085 1.0930E+00 4.9377E-04  (-0.303    , -1.302E-03,   0.00    ) |  4.938E-04 2.713E-03
    2086 1.0935E+00 4.9376E-04  ( 0.303    ,  1.302E-03,   0.00    ) |  4.938E-04 2.713E-03
    2087 1.0940E+00 4.9376E-04  ( 0.303    ,  1.302E-03,   0.00    ) |  4.938E-04 2.713E-03
    2088 1.0945E+00 4.9375E-04  (-0.303    , -1.302E-03,   0.00    ) |  4.938E-04 2.713E-03
    2089 1.0950E+00 4.9375E-04  (-0.301    , -1.302E-03,   0.00    ) |  4.937E-04 2.713E-03
    2090 1.0955E+00 4.9374E-04  (-0.301    , -1.302E-03,   0.00    ) |  4.937E-04 2.713E-03
    2091 1.0960E+00 4.9374E-04  (-0.301    , -1.302E-03,   0.00    ) |  4.937E-04 2.713E-03
    2092 1.0964E+00 4.9373E-04  (-0.301    , -1.302E-03,   0.00    ) |  4.937E-04 2.713E-03
    2093 1.0969E+00 4.9373E-04  (-0.301    , -1.302E-03,   0.00    ) |  4.937E-04 2.713E-03
    2094 1.0974E+00 4.9372E-04  (-0.301    , -1.302E-03,   0.00    ) |  4.937E-04 2.713E-03
    2095 1.0979E+00 4.9372E-04  (-0.301    , -1.302E-03,   0.00    ) |  4.937E-04 2.713E-03
    2096 1.0984E+00 4.9371E-04  (-0.301    , -1.302E-03,   0.00    ) |  4.937E-04 2.713E-03
    2097 1.0989E+00 4.9371E-04  (-0.301    , -1.302E-03,   0.00    ) |  4.937E-04 2.713E-03
    2098 1.0994E+00 4.9370E-04  (-0.301    , -1.302E-03,   0.00    ) |  4.937E-04 2.713E-03
    2099 1.0999E+00 4.9370E-04  (-0.301    ,  1.302E-03,   0.00    ) |  4.937E-04 2.713E-03
 *** Wrote plotfile to flash_run_hdf5_plt_cnt_0044 ****
    2100 1.1004E+00 4.9369E-04  (-0.301    , -1.302E-03,   0.00    ) |  4.937E-04 2.713E-03
    2101 1.1009E+00 4.9368E-04  (-0.301    , -1.302E-03,   0.00    ) |  4.937E-04 2.713E-03
    2102 1.1014E+00 4.9368E-04  (-0.301    , -1.302E-03,   0.00    ) |  4.937E-04 2.713E-03
    2103 1.1019E+00 4.9367E-04  (-0.301    , -1.302E-03,   0.00    ) |  4.937E-04 2.713E-03
    2104 1.1024E+00 4.9367E-04  (-0.301    , -1.302E-03,   0.00    ) |  4.937E-04 2.713E-03
    2105 1.1029E+00 4.9366E-04  (-0.301    , -1.302E-03,   0.00    ) |  4.937E-04 2.713E-03
    2106 1.1034E+00 4.9366E-04  (-0.301    , -1.302E-03,   0.00    ) |  4.937E-04 2.713E-03
    2107 1.1039E+00 4.9365E-04  (-0.301    , -1.302E-03,   0.00    ) |  4.937E-04 2.713E-03
    2108 1.1043E+00 4.9365E-04  (-0.301    , -1.302E-03,   0.00    ) |  4.936E-04 2.713E-03
    2109 1.1048E+00 4.9364E-04  (-0.301    , -1.302E-03,   0.00    ) |  4.936E-04 2.713E-03
    2110 1.1053E+00 4.9364E-04  (-0.301    , -1.302E-03,   0.00    ) |  4.936E-04 2.713E-03
    2111 1.1058E+00 4.9363E-04  (-0.301    , -1.302E-03,   0.00    ) |  4.936E-04 2.713E-03
    2112 1.1063E+00 4.9363E-04  (-0.301    , -1.302E-03,   0.00    ) |  4.936E-04 2.713E-03
    2113 1.1068E+00 4.9362E-04  (-0.301    , -1.302E-03,   0.00    ) |  4.936E-04 2.713E-03
    2114 1.1073E+00 4.9362E-04  (-0.301    , -1.302E-03,   0.00    ) |  4.936E-04 2.713E-03
    2115 1.1078E+00 4.9361E-04  (-0.301    , -1.302E-03,   0.00    ) |  4.936E-04 2.713E-03
    2116 1.1083E+00 4.9361E-04  (-0.301    , -1.302E-03,   0.00    ) |  4.936E-04 2.713E-03
    2117 1.1088E+00 4.9360E-04  (-0.301    , -1.302E-03,   0.00    ) |  4.936E-04 2.713E-03
    2118 1.1093E+00 4.9360E-04  (-0.301    , -1.302E-03,   0.00    ) |  4.936E-04 2.713E-03
    2119 1.1098E+00 4.9360E-04  (-0.301    , -1.302E-03,   0.00    ) |  4.936E-04 2.713E-03
    2120 1.1103E+00 4.9359E-04  (-0.301    , -1.302E-03,   0.00    ) |  4.936E-04 2.713E-03
    2121 1.1108E+00 4.9359E-04  (-0.301    , -1.302E-03,   0.00    ) |  4.936E-04 2.713E-03
    2122 1.1113E+00 4.9358E-04  ( 0.301    , -1.302E-03,   0.00    ) |  4.936E-04 2.713E-03
    2123 1.1118E+00 4.9358E-04  ( 0.301    , -1.302E-03,   0.00    ) |  4.936E-04 2.713E-03
    2124 1.1122E+00 4.9357E-04  ( 0.301    , -1.302E-03,   0.00    ) |  4.936E-04 2.713E-03
    2125 1.1127E+00 4.9357E-04  ( 0.301    , -1.302E-03,   0.00    ) |  4.936E-04 2.713E-03
    2126 1.1132E+00 4.9356E-04  ( 0.301    , -1.302E-03,   0.00    ) |  4.936E-04 2.713E-03
    2127 1.1137E+00 4.9356E-04  ( 0.301    , -1.302E-03,   0.00    ) |  4.936E-04 2.713E-03
    2128 1.1142E+00 4.9355E-04  ( 0.301    , -1.302E-03,   0.00    ) |  4.936E-04 2.713E-03
    2129 1.1147E+00 4.9355E-04  (-0.301    ,  1.302E-03,   0.00    ) |  4.935E-04 2.713E-03
    2130 1.1152E+00 4.9354E-04  ( 0.301    , -1.302E-03,   0.00    ) |  4.935E-04 2.713E-03
    2131 1.1157E+00 4.9354E-04  ( 0.301    , -1.302E-03,   0.00    ) |  4.935E-04 2.713E-03
    2132 1.1162E+00 4.9354E-04  ( 0.301    , -1.302E-03,   0.00    ) |  4.935E-04 2.713E-03
    2133 1.1167E+00 4.9353E-04  ( 0.301    , -1.302E-03,   0.00    ) |  4.935E-04 2.713E-03
    2134 1.1172E+00 4.9353E-04  ( 0.301    , -1.302E-03,   0.00    ) |  4.935E-04 2.713E-03
    2135 1.1177E+00 4.9352E-04  (-0.301    , -1.302E-03,   0.00    ) |  4.935E-04 2.713E-03
    2136 1.1182E+00 4.9352E-04  (-0.301    , -1.302E-03,   0.00    ) |  4.935E-04 2.713E-03
    2137 1.1187E+00 4.9351E-04  (-0.301    ,  1.302E-03,   0.00    ) |  4.935E-04 2.713E-03
    2138 1.1192E+00 4.9351E-04  (-0.301    ,  1.302E-03,   0.00    ) |  4.935E-04 2.713E-03
    2139 1.1196E+00 4.9351E-04  (-0.301    ,  1.302E-03,   0.00    ) |  4.935E-04 2.713E-03
    2140 1.1201E+00 4.9350E-04  (-0.301    ,  1.302E-03,   0.00    ) |  4.935E-04 2.713E-03
    2141 1.1206E+00 4.9350E-04  (-0.301    ,  1.302E-03,   0.00    ) |  4.935E-04 2.713E-03
    2142 1.1211E+00 4.9349E-04  (-0.301    ,  1.302E-03,   0.00    ) |  4.935E-04 2.713E-03
    2143 1.1216E+00 4.9349E-04  (-0.301    ,  1.302E-03,   0.00    ) |  4.935E-04 2.713E-03
    2144 1.1221E+00 4.9349E-04  (-0.301    ,  1.302E-03,   0.00    ) |  4.935E-04 2.713E-03
    2145 1.1226E+00 4.9348E-04  (-0.301    ,  1.302E-03,   0.00    ) |  4.935E-04 2.713E-03
    2146 1.1231E+00 4.9348E-04  (-0.301    ,  1.302E-03,   0.00    ) |  4.935E-04 2.713E-03
    2147 1.1236E+00 4.9347E-04  (-0.301    ,  1.302E-03,   0.00    ) |  4.935E-04 2.713E-03
    2148 1.1241E+00 4.9347E-04  (-0.301    ,  1.302E-03,   0.00    ) |  4.935E-04 2.713E-03
    2149 1.1246E+00 4.9347E-04  (-0.301    ,  1.302E-03,   0.00    ) |  4.935E-04 2.713E-03
 *** Wrote plotfile to flash_run_hdf5_plt_cnt_0045 ****
    2150 1.1251E+00 4.9346E-04  (-0.301    ,  1.302E-03,   0.00    ) |  4.935E-04 2.713E-03
    2151 1.1256E+00 4.9346E-04  (-0.301    ,  1.302E-03,   0.00    ) |  4.935E-04 2.713E-03
    2152 1.1261E+00 4.9345E-04  (-0.301    ,  1.302E-03,   0.00    ) |  4.935E-04 2.713E-03
    2153 1.1266E+00 4.9345E-04  (-0.301    ,  1.302E-03,   0.00    ) |  4.935E-04 2.713E-03
    2154 1.1270E+00 4.9345E-04  (-0.301    ,  1.302E-03,   0.00    ) |  4.934E-04 2.713E-03
    2155 1.1275E+00 4.9344E-04  (-0.301    ,  1.302E-03,   0.00    ) |  4.934E-04 2.713E-03
    2156 1.1280E+00 4.9344E-04  (-0.301    ,  1.302E-03,   0.00    ) |  4.934E-04 2.713E-03
    2157 1.1285E+00 4.9344E-04  (-0.301    ,  1.302E-03,   0.00    ) |  4.934E-04 2.713E-03
    2158 1.1290E+00 4.9343E-04  (-0.301    ,  1.302E-03,   0.00    ) |  4.934E-04 2.713E-03
    2159 1.1295E+00 4.9343E-04  (-0.301    ,  1.302E-03,   0.00    ) |  4.934E-04 2.713E-03
    2160 1.1300E+00 4.9343E-04  (-0.301    ,  1.302E-03,   0.00    ) |  4.934E-04 2.713E-03
    2161 1.1305E+00 4.9342E-04  (-0.301    ,  1.302E-03,   0.00    ) |  4.934E-04 2.713E-03
    2162 1.1310E+00 4.9342E-04  (-0.301    ,  1.302E-03,   0.00    ) |  4.934E-04 2.713E-03
    2163 1.1315E+00 4.9342E-04  (-0.301    ,  1.302E-03,   0.00    ) |  4.934E-04 2.713E-03
    2164 1.1320E+00 4.9341E-04  (-0.301    ,  1.302E-03,   0.00    ) |  4.934E-04 2.713E-03
    2165 1.1325E+00 4.9341E-04  (-0.301    ,  1.302E-03,   0.00    ) |  4.934E-04 2.713E-03
    2166 1.1330E+00 4.9341E-04  (-0.301    ,  1.302E-03,   0.00    ) |  4.934E-04 2.713E-03
    2167 1.1335E+00 4.9340E-04  (-0.301    ,  1.302E-03,   0.00    ) |  4.934E-04 2.713E-03
    2168 1.1340E+00 4.9340E-04  (-0.301    ,  1.302E-03,   0.00    ) |  4.934E-04 2.713E-03
    2169 1.1345E+00 4.9340E-04  (-0.301    ,  1.302E-03,   0.00    ) |  4.934E-04 2.713E-03
    2170 1.1349E+00 4.9340E-04  (-0.301    ,  1.302E-03,   0.00    ) |  4.934E-04 2.713E-03
    2171 1.1354E+00 4.9339E-04  (-0.301    ,  1.302E-03,   0.00    ) |  4.934E-04 2.713E-03
    2172 1.1359E+00 4.9339E-04  (-0.301    ,  1.302E-03,   0.00    ) |  4.934E-04 2.713E-03
    2173 1.1364E+00 4.9339E-04  (-0.301    ,  1.302E-03,   0.00    ) |  4.934E-04 2.713E-03
    2174 1.1369E+00 4.9339E-04  (-0.301    ,  1.302E-03,   0.00    ) |  4.934E-04 2.713E-03
    2175 1.1374E+00 4.9338E-04  (-0.301    ,  1.302E-03,   0.00    ) |  4.934E-04 2.713E-03
    2176 1.1379E+00 4.9338E-04  (-0.301    ,  1.302E-03,   0.00    ) |  4.934E-04 2.713E-03
    2177 1.1384E+00 4.9338E-04  (-0.301    ,  1.302E-03,   0.00    ) |  4.934E-04 2.713E-03
    2178 1.1389E+00 4.9338E-04  (-0.301    ,  1.302E-03,   0.00    ) |  4.934E-04 2.713E-03
    2179 1.1394E+00 4.9337E-04  (-0.301    ,  1.302E-03,   0.00    ) |  4.934E-04 2.713E-03
    2180 1.1399E+00 4.9337E-04  (-0.301    ,  1.302E-03,   0.00    ) |  4.934E-04 2.713E-03
    2181 1.1404E+00 4.9337E-04  (-0.301    ,  1.302E-03,   0.00    ) |  4.934E-04 2.713E-03
    2182 1.1409E+00 4.9337E-04  (-0.301    ,  1.302E-03,   0.00    ) |  4.934E-04 2.713E-03
    2183 1.1414E+00 4.9336E-04  (-0.298    ,  1.302E-03,   0.00    ) |  4.934E-04 2.713E-03
    2184 1.1419E+00 4.9336E-04  (-0.298    ,  1.302E-03,   0.00    ) |  4.934E-04 2.713E-03
    2185 1.1423E+00 4.9336E-04  (-0.298    ,  1.302E-03,   0.00    ) |  4.934E-04 2.713E-03
    2186 1.1428E+00 4.9335E-04  (-0.298    ,  1.302E-03,   0.00    ) |  4.934E-04 2.713E-03
    2187 1.1433E+00 4.9335E-04  (-0.298    ,  1.302E-03,   0.00    ) |  4.934E-04 2.713E-03
    2188 1.1438E+00 4.9335E-04  (-0.298    ,  1.302E-03,   0.00    ) |  4.933E-04 2.713E-03
    2189 1.1443E+00 4.9335E-04  (-0.298    ,  1.302E-03,   0.00    ) |  4.933E-04 2.713E-03
    2190 1.1448E+00 4.9334E-04  (-0.298    ,  1.302E-03,   0.00    ) |  4.933E-04 2.713E-03
    2191 1.1453E+00 4.9334E-04  (-0.298    ,  1.302E-03,   0.00    ) |  4.933E-04 2.713E-03
    2192 1.1458E+00 4.9334E-04  (-0.298    ,  1.302E-03,   0.00    ) |  4.933E-04 2.713E-03
    2193 1.1463E+00 4.9333E-04  (-0.298    ,  1.302E-03,   0.00    ) |  4.933E-04 2.713E-03
    2194 1.1468E+00 4.9333E-04  (-0.298    ,  1.302E-03,   0.00    ) |  4.933E-04 2.713E-03
    2195 1.1473E+00 4.9333E-04  (-0.298    ,  1.302E-03,   0.00    ) |  4.933E-04 2.713E-03
    2196 1.1478E+00 4.9332E-04  (-0.298    ,  1.302E-03,   0.00    ) |  4.933E-04 2.713E-03
    2197 1.1483E+00 4.9332E-04  (-0.298    , -1.302E-03,   0.00    ) |  4.933E-04 2.713E-03
    2198 1.1488E+00 4.9332E-04  (-0.298    ,  1.302E-03,   0.00    ) |  4.933E-04 2.713E-03
    2199 1.1493E+00 4.9332E-04  (-0.298    ,  1.302E-03,   0.00    ) |  4.933E-04 2.713E-03
    2200 1.1497E+00 4.9331E-04  (-0.298    , -1.302E-03,   0.00    ) |  4.933E-04 2.713E-03
 *** Wrote plotfile to flash_run_hdf5_plt_cnt_0046 ****
    2201 1.1502E+00 4.9331E-04  (-0.298    , -1.302E-03,   0.00    ) |  4.933E-04 2.713E-03
    2202 1.1507E+00 4.9331E-04  ( 0.298    , -1.302E-03,   0.00    ) |  4.933E-04 2.713E-03
    2203 1.1512E+00 4.9330E-04  ( 0.298    , -1.302E-03,   0.00    ) |  4.933E-04 2.713E-03
    2204 1.1517E+00 4.9330E-04  ( 0.298    , -1.302E-03,   0.00    ) |  4.933E-04 2.713E-03
    2205 1.1522E+00 4.9329E-04  (-0.298    , -1.302E-03,   0.00    ) |  4.933E-04 2.713E-03
    2206 1.1527E+00 4.9329E-04  (-0.298    , -1.302E-03,   0.00    ) |  4.933E-04 2.713E-03
    2207 1.1532E+00 4.9329E-04  (-0.298    ,  1.302E-03,   0.00    ) |  4.933E-04 2.713E-03
    2208 1.1537E+00 4.9328E-04  (-0.298    ,  1.302E-03,   0.00    ) |  4.933E-04 2.713E-03
    2209 1.1542E+00 4.9328E-04  (-0.298    , -1.302E-03,   0.00    ) |  4.933E-04 2.713E-03
    2210 1.1547E+00 4.9328E-04  ( 0.298    , -1.302E-03,   0.00    ) |  4.933E-04 2.713E-03
    2211 1.1552E+00 4.9327E-04  ( 0.298    , -1.302E-03,   0.00    ) |  4.933E-04 2.713E-03
    2212 1.1557E+00 4.9327E-04  ( 0.298    , -1.302E-03,   0.00    ) |  4.933E-04 2.713E-03
    2213 1.1562E+00 4.9327E-04  (-0.298    ,  1.302E-03,   0.00    ) |  4.933E-04 2.713E-03
    2214 1.1567E+00 4.9326E-04  (-0.298    , -1.302E-03,   0.00    ) |  4.933E-04 2.713E-03
    2215 1.1571E+00 4.9326E-04  (-0.298    , -1.302E-03,   0.00    ) |  4.933E-04 2.713E-03
    2216 1.1576E+00 4.9325E-04  (-0.298    , -1.302E-03,   0.00    ) |  4.933E-04 2.713E-03
    2217 1.1581E+00 4.9325E-04  (-0.298    ,  1.302E-03,   0.00    ) |  4.932E-04 2.713E-03
    2218 1.1586E+00 4.9325E-04  (-0.298    ,  1.302E-03,   0.00    ) |  4.932E-04 2.713E-03
    2219 1.1591E+00 4.9324E-04  (-0.298    ,  1.302E-03,   0.00    ) |  4.932E-04 2.713E-03
    2220 1.1596E+00 4.9324E-04  (-0.298    ,  1.302E-03,   0.00    ) |  4.932E-04 2.713E-03
    2221 1.1601E+00 4.9323E-04  (-0.298    ,  1.302E-03,   0.00    ) |  4.932E-04 2.713E-03
    2222 1.1606E+00 4.9323E-04  (-0.298    ,  1.302E-03,   0.00    ) |  4.932E-04 2.713E-03
    2223 1.1611E+00 4.9323E-04  (-0.298    ,  1.302E-03,   0.00    ) |  4.932E-04 2.713E-03
    2224 1.1616E+00 4.9322E-04  (-0.298    ,  1.302E-03,   0.00    ) |  4.932E-04 2.713E-03
    2225 1.1621E+00 4.9322E-04  (-0.298    ,  1.302E-03,   0.00    ) |  4.932E-04 2.713E-03
    2226 1.1626E+00 4.9322E-04  (-0.298    ,  1.302E-03,   0.00    ) |  4.932E-04 2.713E-03
    2227 1.1631E+00 4.9321E-04  (-0.298    ,  1.302E-03,   0.00    ) |  4.932E-04 2.713E-03
    2228 1.1636E+00 4.9321E-04  (-0.298    ,  1.302E-03,   0.00    ) |  4.932E-04 2.713E-03
    2229 1.1640E+00 4.9321E-04  (-0.298    ,  1.302E-03,   0.00    ) |  4.932E-04 2.713E-03
    2230 1.1645E+00 4.9320E-04  (-0.298    ,  1.302E-03,   0.00    ) |  4.932E-04 2.713E-03
    2231 1.1650E+00 4.9320E-04  (-0.298    ,  1.302E-03,   0.00    ) |  4.932E-04 2.713E-03
    2232 1.1655E+00 4.9320E-04  (-0.298    ,  1.302E-03,   0.00    ) |  4.932E-04 2.713E-03
    2233 1.1660E+00 4.9319E-04  (-0.298    ,  1.302E-03,   0.00    ) |  4.932E-04 2.713E-03
    2234 1.1665E+00 4.9319E-04  ( 0.298    , -1.302E-03,   0.00    ) |  4.932E-04 2.713E-03
    2235 1.1670E+00 4.9319E-04  ( 0.298    , -1.302E-03,   0.00    ) |  4.932E-04 2.713E-03
    2236 1.1675E+00 4.9319E-04  ( 0.298    , -1.302E-03,   0.00    ) |  4.932E-04 2.713E-03
    2237 1.1680E+00 4.9318E-04  (-0.298    ,  1.302E-03,   0.00    ) |  4.932E-04 2.713E-03
    2238 1.1685E+00 4.9318E-04  (-0.298    ,  1.302E-03,   0.00    ) |  4.932E-04 2.713E-03
    2239 1.1690E+00 4.9318E-04  ( 0.298    , -1.302E-03,   0.00    ) |  4.932E-04 2.713E-03
    2240 1.1695E+00 4.9318E-04  ( 0.298    , -1.302E-03,   0.00    ) |  4.932E-04 2.713E-03
    2241 1.1700E+00 4.9318E-04  ( 0.298    , -1.302E-03,   0.00    ) |  4.932E-04 2.713E-03
    2242 1.1705E+00 4.9317E-04  (-0.298    ,  1.302E-03,   0.00    ) |  4.932E-04 2.713E-03
    2243 1.1710E+00 4.9317E-04  ( 0.298    , -1.302E-03,   0.00    ) |  4.932E-04 2.713E-03
    2244 1.1714E+00 4.9317E-04  (-0.298    ,  1.302E-03,   0.00    ) |  4.932E-04 2.713E-03
    2245 1.1719E+00 4.9317E-04  (-0.298    ,  1.302E-03,   0.00    ) |  4.932E-04 2.713E-03
    2246 1.1724E+00 4.9317E-04  (-0.298    ,  1.302E-03,   0.00    ) |  4.932E-04 2.713E-03
    2247 1.1729E+00 4.9317E-04  (-0.298    ,  1.302E-03,   0.00    ) |  4.932E-04 2.713E-03
    2248 1.1734E+00 4.9316E-04  (-0.298    ,  1.302E-03,   0.00    ) |  4.932E-04 2.713E-03
    2249 1.1739E+00 4.9316E-04  (-0.298    ,  1.302E-03,   0.00    ) |  4.932E-04 2.713E-03
    2250 1.1744E+00 4.9316E-04  (-0.298    ,  1.302E-03,   0.00    ) |  4.932E-04 2.713E-03
    2251 1.1749E+00 4.9316E-04  (-0.298    ,  1.302E-03,   0.00    ) |  4.932E-04 2.713E-03
 *** Wrote plotfile to flash_run_hdf5_plt_cnt_0047 ****
    2252 1.1754E+00 4.9316E-04  (-0.298    ,  1.302E-03,   0.00    ) |  4.932E-04 2.713E-03
    2253 1.1759E+00 4.9316E-04  (-0.298    ,  1.302E-03,   0.00    ) |  4.932E-04 2.713E-03
    2254 1.1764E+00 4.9316E-04  (-0.298    ,  1.302E-03,   0.00    ) |  4.932E-04 2.713E-03
    2255 1.1769E+00 4.9315E-04  (-0.298    ,  1.302E-03,   0.00    ) |  4.932E-04 2.713E-03
    2256 1.1774E+00 4.9315E-04  (-0.298    ,  1.302E-03,   0.00    ) |  4.932E-04 2.713E-03
    2257 1.1779E+00 4.9315E-04  (-0.298    ,  1.302E-03,   0.00    ) |  4.932E-04 2.713E-03
    2258 1.1784E+00 4.9315E-04  (-0.298    ,  1.302E-03,   0.00    ) |  4.932E-04 2.713E-03
    2259 1.1788E+00 4.9315E-04  ( 0.298    ,  1.302E-03,   0.00    ) |  4.931E-04 2.713E-03
    2260 1.1793E+00 4.9315E-04  ( 0.298    ,  1.302E-03,   0.00    ) |  4.931E-04 2.713E-03
    2261 1.1798E+00 4.9315E-04  ( 0.298    ,  1.302E-03,   0.00    ) |  4.931E-04 2.713E-03
    2262 1.1803E+00 4.9315E-04  ( 0.298    ,  1.302E-03,   0.00    ) |  4.931E-04 2.713E-03
    2263 1.1808E+00 4.9314E-04  ( 0.298    ,  1.302E-03,   0.00    ) |  4.931E-04 2.713E-03
    2264 1.1813E+00 4.9314E-04  ( 0.298    ,  1.302E-03,   0.00    ) |  4.931E-04 2.713E-03
    2265 1.1818E+00 4.9314E-04  ( 0.298    ,  1.302E-03,   0.00    ) |  4.931E-04 2.713E-03
    2266 1.1823E+00 4.9314E-04  ( 0.298    ,  1.302E-03,   0.00    ) |  4.931E-04 2.713E-03
    2267 1.1828E+00 4.9314E-04  ( 0.298    ,  1.302E-03,   0.00    ) |  4.931E-04 2.713E-03
    2268 1.1833E+00 4.9314E-04  ( 0.298    ,  1.302E-03,   0.00    ) |  4.931E-04 2.713E-03
    2269 1.1838E+00 4.9314E-04  ( 0.298    ,  1.302E-03,   0.00    ) |  4.931E-04 2.713E-03
    2270 1.1843E+00 4.9314E-04  ( 0.298    ,  1.302E-03,   0.00    ) |  4.931E-04 2.713E-03
    2271 1.1848E+00 4.9314E-04  ( 0.298    ,  1.302E-03,   0.00    ) |  4.931E-04 2.713E-03
    2272 1.1853E+00 4.9313E-04  ( 0.298    ,  1.302E-03,   0.00    ) |  4.931E-04 2.713E-03
    2273 1.1857E+00 4.9313E-04  ( 0.298    ,  1.302E-03,   0.00    ) |  4.931E-04 2.713E-03
    2274 1.1862E+00 4.9313E-04  ( 0.298    ,  1.302E-03,   0.00    ) |  4.931E-04 2.713E-03
    2275 1.1867E+00 4.9313E-04  (-0.298    ,  1.302E-03,   0.00    ) |  4.931E-04 2.713E-03
    2276 1.1872E+00 4.9313E-04  (-0.298    ,  1.302E-03,   0.00    ) |  4.931E-04 2.713E-03
    2277 1.1877E+00 4.9313E-04  (-0.298    ,  1.302E-03,   0.00    ) |  4.931E-04 2.713E-03
    2278 1.1882E+00 4.9313E-04  (-0.298    ,  1.302E-03,   0.00    ) |  4.931E-04 2.713E-03
    2279 1.1887E+00 4.9313E-04  (-0.298    ,  1.302E-03,   0.00    ) |  4.931E-04 2.713E-03
    2280 1.1892E+00 4.9313E-04  (-0.298    ,  1.302E-03,   0.00    ) |  4.931E-04 2.713E-03
    2281 1.1897E+00 4.9312E-04  (-0.298    ,  1.302E-03,   0.00    ) |  4.931E-04 2.713E-03
    2282 1.1902E+00 4.9312E-04  (-0.298    , -1.302E-03,   0.00    ) |  4.931E-04 2.713E-03
    2283 1.1907E+00 4.9312E-04  (-0.298    ,  1.302E-03,   0.00    ) |  4.931E-04 2.713E-03
    2284 1.1912E+00 4.9312E-04  (-0.298    ,  1.302E-03,   0.00    ) |  4.931E-04 2.713E-03
    2285 1.1917E+00 4.9312E-04  (-0.298    ,  1.302E-03,   0.00    ) |  4.931E-04 2.713E-03
    2286 1.1922E+00 4.9312E-04  (-0.298    ,  1.302E-03,   0.00    ) |  4.931E-04 2.713E-03
    2287 1.1927E+00 4.9312E-04  ( 0.296    ,  1.302E-03,   0.00    ) |  4.931E-04 2.713E-03
    2288 1.1931E+00 4.9312E-04  ( 0.296    ,  1.302E-03,   0.00    ) |  4.931E-04 2.713E-03
    2289 1.1936E+00 4.9311E-04  ( 0.296    ,  1.302E-03,   0.00    ) |  4.931E-04 2.713E-03
    2290 1.1941E+00 4.9311E-04  ( 0.296    ,  1.302E-03,   0.00    ) |  4.931E-04 2.713E-03
    2291 1.1946E+00 4.9311E-04  ( 0.296    , -1.302E-03,   0.00    ) |  4.931E-04 2.713E-03
    2292 1.1951E+00 4.9311E-04  ( 0.296    ,  1.302E-03,   0.00    ) |  4.931E-04 2.713E-03
    2293 1.1956E+00 4.9311E-04  ( 0.296    , -1.302E-03,   0.00    ) |  4.931E-04 2.713E-03
    2294 1.1961E+00 4.9311E-04  ( 0.296    ,  1.302E-03,   0.00    ) |  4.931E-04 2.713E-03
    2295 1.1966E+00 4.9310E-04  ( 0.296    ,  1.302E-03,   0.00    ) |  4.931E-04 2.713E-03
    2296 1.1971E+00 4.9310E-04  ( 0.296    ,  1.302E-03,   0.00    ) |  4.931E-04 2.713E-03
    2297 1.1976E+00 4.9310E-04  ( 0.296    , -1.302E-03,   0.00    ) |  4.931E-04 2.713E-03
    2298 1.1981E+00 4.9310E-04  (-0.296    , -1.302E-03,   0.00    ) |  4.931E-04 2.713E-03
    2299 1.1986E+00 4.9310E-04  ( 0.296    , -1.302E-03,   0.00    ) |  4.931E-04 2.713E-03
    2300 1.1991E+00 4.9310E-04  (-0.296    , -1.302E-03,   0.00    ) |  4.931E-04 2.713E-03
    2301 1.1996E+00 4.9309E-04  (-0.296    , -1.302E-03,   0.00    ) |  4.931E-04 2.713E-03
Shortening dt from 4.9309430984768713203E-04 to 4.4399100804892732697E-04 for reaching tmax=  1.199999999999999956    
 *** Wrote plotfile to flash_run_hdf5_plt_cnt_0048 ****
    2302 1.2000E+00 4.9309E-04  (-0.296    , -1.302E-03,   0.00    ) |  4.931E-04 2.713E-03
 *** Wrote checkpoint file to flash_run_hdf5_chk_0001 ****
 *** Wrote plotfile to flash_run_forced_hdf5_plt_cnt_0000 ****
